atoms,coordinates,total_energy,forces,charge
"['Bi', 'Bi', 'Bi', 'Bi', 'Bi', 'Bi', 'Bi', 'Bi', 'Bi', 'Bi', 'Bi']","[[0.10979702543579828, -0.0064506463434748675, 2.630604914196207], [0.0937302427015606, -0.031258707455200124, -2.6190444499060987], [1.8795820594686001, 3.4197447442509827, 0.09665086728191365], [2.0158551873576807, -3.4791355192023863, 0.10391471605224734], [-4.060964310069117, -0.03791985051778398, -0.030124417825494965], [2.4869451448782147, 0.9283313295268141, 1.158596784179111], [-0.567932007139164, 2.6487788789544573, -1.1433604378779225], [-0.5815119557144756, -2.7213108545834075, 1.2434041509894376], [2.5666180388264848, -0.8403875415150621, -1.225622931913678], [-1.8679352391465012, 1.9123097586555342, 1.2659759026214168], [-2.0232131095365595, -1.8082895193214987, -1.210882417783298]]",[-64251.72265625],"[[-0.6024041464042965, -0.22409834927177402, -0.21604945496546138], [-0.5276030008905948, 0.15698485787105057, 0.30329634072583883], [0.314861477654244, 1.3004847506192339, -0.20750824555438255], [0.04440763491895991, 0.2049959678482557, -0.12967777320373874], [0.5962746330882183, 0.4530177767394283, 0.2990810147687456], [0.815639733096527, -1.0136893477039903, 0.7179932949575392], [-0.24099960806530304, -0.15948685115886185, -1.2945203022171203], [0.05044185795713529, 0.3724287148639998, 0.21264978622497582], [0.1936774512710578, -0.3285286982642597, -0.07167000293543566], [-0.8201900739802499, -0.8504216358397765, 0.5720424866530779], [0.1558312032465018, 0.08699779714877441, -0.17938920606105663]]","tensor(-3, dtype=torch.int32)"
"['Bi', 'Bi', 'Bi', 'Bi', 'Bi', 'Bi', 'Bi', 'Bi', 'Bi', 'Bi', 'Bi']","[[-0.01152029901255915, -0.0589482701033229, 2.886550432326685], [0.2816121203348677, 0.1037259488623433, -2.3694159170478066], [1.8974312601603205, 3.348682915381657, 0.028862654916670206], [2.0154327889883437, -3.557588766264558, -0.050662112320453034], [-4.067109899485235, 0.11111022128886959, 0.17349944801038344], [2.40496178730236, 0.7839630531182101, 1.1795535959948282], [-0.49688533388326567, 2.6298161762007686, -1.3986208940137705], [-0.5715736082648534, -2.7384985746819384, 1.1790425663475446], [2.61318830635881, -0.7861210762624489, -1.2438843611540016], [-2.1004844834201846, 1.916512875269233, 1.2858890942837502], [-2.080383861320972, -1.8699487631639307, -1.3438674447491157]]",[-64250.984375],"[[-0.3827727313837061, 0.04717856060351412, -1.3161360926327803], [-2.07181869539138, -0.8783073218815223, -1.6243889059216237], [0.3717767341648844, 0.7325879129891611, 0.012119719043863015], [-0.13255319372058827, 0.5175767214747479, -0.10347364097867996], [0.2958404974016934, -0.6554738017962882, -0.529488648988754], [0.4688316639844523, -0.14656329683724492, 1.286325677703276], [-0.9308761261015459, 0.6301962442393705, 0.8430070844551681], [-0.07874897375040713, 0.3376388931186473, 0.005888791078774935], [1.4318954483091457, -1.1902080183468975, 0.7090844175916788], [0.7747437436646727, -0.24543147245003058, -0.021861639435493546], [0.24404400157507736, 0.8661850780129626, 0.7381445842050623]]","tensor(-3, dtype=torch.int32)"
"['Bi', 'Bi', 'Bi', 'Bi', 'Bi', 'Bi', 'Bi', 'Bi', 'Bi', 'Bi', 'Bi']","[[-0.02186332895575656, 0.021309031958054604, 2.544820825420035], [-0.03746448444872259, -0.15856707540430268, -2.4314978432458005], [1.9084648722896547, 3.597499392226163, 0.02255960268451302], [1.9757025226679767, -3.449976674453082, -0.08241677453305274], [-3.978258830781822, 0.12118607661680716, -0.12078422923716581], [2.431454369234644, 0.8078804288150427, 1.361346374093529], [-0.731973005127924, 2.6893011706082826, -1.2440511150153097], [-0.5346807695795077, -2.6466722044648496, 1.1612675690659469], [2.4320208868667628, -0.6175268514780556, -1.4841341604604268], [-2.019281914041288, 1.7381891632810438, 1.2463952409812264], [-2.0203418923263805, -1.9336974534555982, -1.3516603865261863]]",[-64251.26953125],"[[-0.5331997813379266, -0.557167104001441, 0.4092938808033422], [-1.7325578466601845, 1.3768923222738272, -1.4386435693869053], [-0.3541845681489156, -0.7507913334077158, 0.031821774614943794], [0.24255651473200526, 0.5871400127403311, -0.36345663974759024], [-0.060716943163081474, -0.6670530283777858, -0.36610040374188163], [0.8615992558860512, 0.5986832438577241, -1.1540068658760996], [0.59650706094215, -0.15087452499513085, 0.18216486772024518], [-0.22283346866314238, -0.19216456191474623, 0.10384603976588665], [2.087676239992154, -0.8273619130926109, 1.819000953707109], [-0.15854186738193593, 0.6367864994959862, -0.026319955344128718], [-0.7392398747556703, -0.055250106341166796, 0.8030474913109461]]","tensor(-3, dtype=torch.int32)"
"['Bi', 'Bi', 'Bi', 'Bi', 'Bi', 'Bi', 'Bi', 'Bi', 'Bi', 'Bi', 'Bi']","[[-0.05947206068799008, -0.04621473983730411, 2.6107602708151036], [0.05127195483685174, -0.0914890064180628, -2.6718346984607604], [2.148392937383762, 3.311154501593847, 0.021126087504954354], [1.9952558222909047, -3.566119541776921, -0.056178513561171775], [-4.089936475746432, -0.07670258540791144, 0.0505397974142817], [2.565926965768259, 0.852126489452615, 1.086929503708791], [-0.6270459976850401, 2.740523630602231, -1.3349996732026914], [-0.36513488433322916, -2.6133352301493242, 1.2415651794862337], [2.5445023940794873, -0.8810630740539251, -1.264027775326062], [-1.910004704945341, 1.766997789233951, 1.3426255000697915], [-2.0426308140236054, -1.9205277015124862, -1.2220057371061541]]",[-64251.4765625],"[[0.8001282591720723, 0.12497887389744751, 0.09487339900646974], [-0.6504884300178169, 0.39557215277625407, 0.39665561624579915], [-0.9289138590869355, 1.5669072350722535, -1.0316567407222028], [0.4607184406415758, 0.12430987248601985, -0.3034745182731561], [0.8009684961484541, 0.09742696865213357, 0.024353425438126623], [0.22745497772160897, -1.451985545267691, 1.3308757209626516], [0.556519699868476, -0.7481400103659623, 0.5003190561644929], [-0.9851999663071209, -0.4560767741232107, -0.0320845106496516], [0.24036552225405672, -0.342178898161963, -0.30132060112323517], [-0.6747683989981246, 0.25464317451319285, -0.918666464677304], [0.1328732962406603, 0.43579245592477567, 0.22939389910664293]]","tensor(-3, dtype=torch.int32)"
"['Bi', 'Bi', 'Bi', 'Bi', 'Bi', 'Bi', 'Bi', 'Bi', 'Bi', 'Bi', 'Bi']","[[0.06641230864804376, -0.00587040304902991, 2.5385232828969935], [-0.005865042450994162, -0.06271335236539541, -2.471187676262333], [1.9561537773030342, 3.3899635049573593, -0.035295976398028346], [1.980049296899557, -3.3756589668523045, -0.09668990091528433], [-3.8843043599695357, 0.07043512281022657, -0.1061320620349313], [2.293546239480875, 0.7768115205737095, 0.9984475180000459], [-0.3393918707524395, 2.6303100333539255, -1.330045811482232], [-0.5591469561918562, -2.5993098445044533, 1.2224757512704152], [2.6052842078002607, -0.8119214121522556, -1.4467288603019635], [-2.025856535676888, 1.744504464117797, 1.1143291458448061], [-1.8927810472027131, -1.7598040945597961, -1.2531152677105148]]",[-64251.2890625],"[[-1.0429824563922214, -0.018881929774715, 0.3216473939693134], [0.2851926277428537, 0.5304091044279974, -1.3608707412009202], [1.2172292990292197, 1.165938848005821, 0.36073718243449626], [0.04487159588243011, -0.07176847624080722, 0.02354406228552809], [-0.9231797816550908, -0.5776459519723148, -0.38109559986689484], [1.8727046434882553, -0.3353180598594647, 0.49523947911425087], [-1.8782921679591031, 0.04275908380064769, -0.335091956922797], [0.11148345449539343, -0.4048972405513455, 0.19254107446927918], [0.2967299967418069, -0.365117984682287, 0.1357151895538011], [0.786336854210896, 0.9089888270423548, 0.37967943546484123], [-0.7914590087529645, -0.8703188999549051, 0.17969599025941002]]","tensor(-3, dtype=torch.int32)"
"['Bi', 'Bi', 'Bi', 'Bi', 'Bi', 'Bi', 'Bi', 'Bi', 'Bi', 'Bi', 'Bi']","[[-0.08442574204027152, -0.044537212771543114, 2.5317366474336365], [-0.23559442118510723, 0.17483742769981114, -2.60337361841125], [2.0082340269718135, 3.3397805324994008, 0.12523521344837038], [2.0192190480542758, -3.487290632144246, 0.1510477465340606], [-4.111760701251892, 0.04140096758305351, 0.1357199265447587], [2.4934924218857693, 0.6864452585448255, 1.1748946397452023], [-0.7194415706291554, 2.75764988280426, -1.1960304246525362], [-0.6839201511088242, -2.5783692208884235, 1.2603771503996544], [2.7297534147238283, -0.8357617529341499, -1.2641922602179212], [-2.0256762356878983, 1.8219125283514885, 1.2204810759280336], [-2.0620864625417354, -1.8334835071101192, -1.2535880308075726]]",[-64251.68359375],"[[0.154059506503279, 0.3911393113717866, 0.20088713704282013], [0.6248905128303692, -0.4894795877924341, 0.22095460828107133], [-0.4771042958112201, 0.3606965075600582, -0.3364182869308642], [-0.22068160839688458, 0.6095682722029209, -0.24064746958217798], [0.4023748841152694, -0.3890352222286046, -0.27782312211046745], [0.2490544159121471, 0.059289774433430156, 0.5406570130585446], [0.6746845809888526, 0.12510264687187536, -0.12303013089292218], [0.2474769918309054, -0.7087110932068237, -0.19401704276383783], [-0.9871072116837429, -0.5452119819305095, -0.28131211102402376], [-0.3771230890262322, 0.06910224079249633, 0.529493276976996], [-0.2964277891096039, 0.5334882592716783, -0.03427333825754469]]","tensor(-3, dtype=torch.int32)"
"['Bi', 'Bi', 'Bi', 'Bi', 'Bi', 'Bi', 'Bi', 'Bi', 'Bi', 'Bi', 'Bi']","[[0.029407354454409448, -0.11482273929646375, 2.539766587730949], [0.09153250204080966, 0.10457909481781463, -2.7172999934298185], [1.9417962564029878, 3.2067162665034967, 0.019261878372302768], [1.8924301938436705, -3.438896790639583, -0.015982346310781877], [-3.8739756120464, -0.11346922324330284, -0.14934911635636774], [2.769489371913499, 0.8824107739792256, 1.1424000205886513], [-0.6244478659407443, 2.6462212029773595, -1.144269739116408], [-0.5810362461953752, -2.680039321314823, 1.2359399267840852], [2.7796799332658044, -0.9695173422949082, -1.2298597406398692], [-2.037852921076741, 1.7202189510664476, 1.25481787973719], [-1.997531658200861, -1.8371587597397674, -1.2168474993538885]]",[-64251.4453125],"[[0.3638318667498337, 0.4668114956947254, -0.05353651656142693], [0.040876685578676096, -0.39121510753477234, 0.8478973253642204], [0.09969026059084053, 2.024634812601388, -0.48485843868860856], [0.507947780560523, -0.5750511932312973, -0.1280712956407555], [-1.042018806396053, 0.7862782330264974, 0.4883650139574845], [-0.09221066026038613, -1.736566198698677, 0.8739750106660894], [-0.1480457443153424, -0.3229278554716931, -0.7392856404171746], [-0.30325828837807123, -0.045083722294607005, 0.2386142400811903], [-0.572550536917867, 0.4403507672326931, -0.3529108429405325], [0.06319317398301226, -0.18485655710388707, 0.42026025889741503], [1.0810137211022746, -0.4663776475080832, -1.1172992058032603]]","tensor(-3, dtype=torch.int32)"
"['Bi', 'Bi', 'Bi', 'Bi', 'Bi', 'Bi', 'Bi', 'Bi', 'Bi', 'Bi', 'Bi']","[[0.11277476014710837, 0.1026406512423534, 2.6248656894230815], [0.08408111736667598, 0.011315536053028067, -2.5028314790711894], [2.0518967003949564, 3.4353824174463115, 0.007013753833219359], [2.0057237141247874, -3.348292007581749, -0.09629426636179035], [-3.9497854828616568, -6.185573013165385e-05, 0.1213669121917739], [2.6885813930674676, 0.8033221605743969, 1.13994426051391], [-0.5723497869088179, 2.609151519897897, -1.2336520142886016], [-0.6466439994279416, -2.6734992441713836, 1.1927765720474026], [2.717642235203992, -0.8903051767223935, -1.289293649874062], [-1.9297474503947833, 1.909242721306494, 1.2331272457583666], [-1.9307717097140584, -1.8124341714715102, -1.1433365022547253]]",[-64251.8515625],"[[-0.1251259925014517, -0.3757072845788196, -0.5397360433983855], [-0.02682804160438186, -0.17672045093025843, -0.15802852064171438], [-0.21362294930808637, 0.05427709752433095, -0.12330873578509091], [-0.36683949346412986, -0.8555489325910027, 0.4704615385991034], [0.20277617899902356, 0.040063337213980275, 0.002064697764149681], [-0.09345404643473826, 0.07025949496345556, 0.44455025518558045], [0.4166632835915453, 0.3404822776724438, -0.2973711788016909], [1.0173598566008164, 0.16749666467557534, 1.124362544302392], [-0.0834886507753196, 0.6356233317844955, -0.4396572889056744], [-0.17043055211054886, -0.3290672932514459, 0.5200192708246952], [-0.5745909655116755, 0.42713045602058053, -0.9959795793645831]]","tensor(-3, dtype=torch.int32)"
"['Bi', 'Bi', 'Bi', 'Bi', 'Bi', 'Bi', 'Bi', 'Bi', 'Bi', 'Bi', 'Bi']","[[0.15012599363903456, -0.0031458246902843798, 2.528801458090979], [-0.003783875959722287, 0.12077976698940558, -2.590979391598027], [2.1853038144787047, 3.38372567215878, -0.019445427347752377], [2.1051300045422163, -3.5721428782106237, 0.029768390535467287], [-3.904754294822097, -0.010055008162057361, -0.021238976685761433], [2.5512331480084844, 0.7140725432888169, 1.1564114831694192], [-0.47050335201280347, 2.5459854991277653, -1.274328397959002], [-0.5845243203058377, -2.669085328010527, 1.2882423187684964], [2.5998310616374196, -0.9243294278455331, -1.3132659441839005], [-2.1389222522148548, 1.7406845188353695, 1.2105493948838635], [-1.9609429313584728, -2.0399605700100594, -1.353877756100804]]",[-64251.60546875],"[[-1.0988988387739624, -0.13645947290729873, 0.1507467925196515], [0.14378984632799424, -1.6120152080252486, -0.3581611927569045], [-0.43288870183546674, -0.07106785024305919, -0.22303941413991163], [-0.49468545749959125, 0.468358117943112, 0.016568527007765444], [-0.4758328845969581, -1.1173701682896375, -0.7114904572566059], [0.938855292051679, 0.1319830769912648, -0.14091941375402778], [-0.16541406996667293, 1.246739923164825, 0.9146956507656634], [0.3498353390653536, -0.052080808570949925, -0.42038326054046926], [-0.08099987296504382, -0.24140301437373118, -0.036610107222907216], [1.1835817676261773, 0.537092433670369, 0.3732537823233662], [0.12223339700601515, 0.850241658519254, 0.44566606315072793]]","tensor(-3, dtype=torch.int32)"
"['Bi', 'Bi', 'Bi', 'Bi', 'Bi', 'Bi', 'Bi', 'Bi', 'Bi', 'Bi', 'Bi']","[[-0.03510508367366185, -0.111912254188804, 2.4240807114742284], [-0.035169561892175745, -0.03825795368638482, -2.603996204126437], [2.0931486621789728, 3.4107749219783803, -0.13852160995247212], [2.0634526139099463, -3.533475243608758, 0.05620310812626436], [-4.00181336418517, 0.08403755745412615, 0.1310581833462033], [2.7049194762024493, 0.706168773679969, 1.3347791175205532], [-0.555287492986179, 2.544429855807616, -1.2903106824531985], [-0.6892859344247388, -2.574671175183598, 1.198618019656011], [2.6089312714577, -0.7937859756569801, -1.490576089614043], [-2.0057040956593615, 1.7239671431057482, 1.1922979372390556], [-1.9571315957639683, -1.8781020511452757, -1.2411748868546635]]",[-64251.4453125],"[[0.740312539585984, 0.8910697707902258, 0.7046924567500157], [0.04475027059956136, -0.2444756900338733, -0.22960282706472368], [-0.1688390383762148, -0.6042327159808044, 0.23765424105352362], [-0.4147704364005651, 0.808922465273714, -0.25398265774687556], [-0.2939594258696845, -1.0667394627011826, -0.7094392300235659], [-0.4813321173365668, 0.15816021261824523, -1.1239095156755912], [0.23028411835603843, 0.5579214660848878, 0.21240727964109474], [0.6763532278605535, -1.4261644562027957, 0.06570365191593387], [0.040142280408970575, -0.41425621548478675, 1.2797421073185655], [0.5655622746724388, 0.9352079230960629, 0.3728505817033044], [-0.935110221122065, 0.4129475232541308, -0.5478802742624835]]","tensor(-3, dtype=torch.int32)"
"['Bi', 'Bi', 'Bi', 'Bi', 'Bi', 'Bi', 'Bi', 'Bi', 'Bi', 'Bi', 'Bi']","[[0.14736207186810146, 0.07032005905858486, 2.6313737796595036], [0.014688982841890018, -0.206459365518848, -2.482314708887654], [1.9974997009259028, 3.3070172617440328, 0.04236178815922173], [2.109921379889366, -3.4177160094637444, -0.16815106780593145], [-3.834477238790976, -0.0942948230575905, 0.008150840405203223], [2.5848936494204233, 0.7279659708022396, 1.2806093800168654], [-0.5016117024229034, 2.658979434564549, -1.2106132568952432], [-0.4317841285092028, -2.6754214280839856, 1.2693196647544367], [2.595885171697317, -0.8013616712607322, -1.3563276271504066], [-2.189693159903931, 1.8571395761357175, 1.4472955458627834], [-2.163152625326886, -1.8469305952539354, -1.2936535183827322]]",[-64251.4609375],"[[-1.0860916526455862, -0.4117205921490836, -0.04598365003489243], [-0.524112469314291, 0.9264877648062932, -0.35620802745250346], [0.3753017185425451, 0.4702610952861331, 0.008622862550295311], [-0.3120090942344214, -0.2694140674747436, 0.36173261128326006], [-1.2528848631083767, 0.8996480041072408, 0.707172030005899], [0.7478669590596841, -0.005140314767930055, -0.3877199479702267], [-0.6169272877286253, -0.6234440093942847, 0.3104451941632646], [0.02387172899527123, 0.19186883346608208, -0.4013888655092644], [0.537305835350417, 0.1175238533267673, 0.35459311666650145], [0.8704705951250598, -0.23148101895960418, -0.6942537721597146], [1.2200564856241691, -1.070283987473643, 0.1459178467437599]]","tensor(-3, dtype=torch.int32)"
"['Bi', 'Bi', 'Bi', 'Bi', 'Bi', 'Bi', 'Bi', 'Bi', 'Bi', 'Bi', 'Bi']","[[0.13598427004284927, -0.03851985488818335, 2.5362269428377435], [0.12255789115925773, 0.00524397027314896, -2.580987382506387], [1.9511678520822788, 3.295038864744068, -0.11056245658551585], [1.9304552622030327, -3.500700657288483, 0.024971458428415576], [-3.9147800094112295, 0.14026276345115354, -0.09344767965673192], [2.6122760953166577, 0.5889798019073976, 1.3067847014391218], [-0.6491772726386779, 2.681823400437188, -1.4376033923092557], [-0.6797306069012922, -2.6464580822229946, 1.207713459336508], [2.411479007826271, -0.7565099401679856, -1.2430438029250177], [-1.92857294655863, 1.7731603034172874, 1.2863365983219022], [-1.953634210622734, -1.8489955350233218, -1.2276771085280709]]",[-64251.53125],"[[-1.0671636949566998, -0.22068366528054773, 0.47077706455302504], [-1.6692994180429601, 0.22453363727698042, -0.6806269178915876], [0.18708776165744948, -0.1986369577374655, 0.1737545275322319], [-0.15435209820435689, 0.31219148839324795, -0.14483654300206114], [-0.078648135028823, -0.4002878156843997, -0.06208831892337083], [0.6057064731254252, 1.0575287376577605, -0.3445504336034413], [0.17298669286079163, -0.29930562646475756, 0.8239793679086208], [0.48196908278494144, -0.25938537122059263, 0.5046042647440404], [1.6734286119966604, -1.0331495240407074, 0.35184357742983446], [0.27354804368296076, 0.3819078632254584, -0.5136794925761551], [-0.4386510614176793, 0.44300219311862965, -0.5886024570248048]]","tensor(-3, dtype=torch.int32)"
"['Bi', 'Bi', 'Bi', 'Bi', 'Bi', 'Bi', 'Bi', 'Bi', 'Bi', 'Bi', 'Bi']","[[0.13323104060296712, -0.0154013690157717, 2.7062975033411343], [0.07306242680661648, 0.05355303421819083, -2.5825270328102876], [1.9817570214111255, 3.250045413846416, -0.0261561605745292], [2.194520935237112, -3.4093119813712347, 0.04613673401245305], [-3.976378997691666, 0.17075721690404624, -0.038010464448362924], [2.590101400442515, 0.7229104026851575, 1.4030380394869977], [-0.5362085111638663, 2.4860719636488477, -1.1802808104726608], [-0.5226332739584015, -2.8312915495165796, 1.3097364635906288], [2.6174319911894295, -0.8787591744007348, -1.1116392803765527], [-2.000237953275491, 1.8246532141938527, 1.1646931781465986], [-1.9626960751285267, -1.9453756143279732, -1.044774955665844]]",[-64251.51953125],"[[-1.052819502511062, -0.3158561865937257, -0.19126657792952245], [-0.03233473568947851, -1.263517923204842, 0.25276565110550286], [0.5320540971375723, 0.32538578002702223, 0.2575763420388843], [-0.6176970764395454, -0.827560916587017, 0.43150452197437456], [-0.0771148825242466, -0.8411995979362071, -0.3187131465796988], [0.4399929723194945, 0.22455677721819045, -0.23376770794997906], [-0.09955826008176022, 0.8365006472078244, -0.6940501406770664], [0.6533259010310819, 0.4146198210943336, 0.42838510363298815], [0.09700206790942591, 0.7947438519629568, -0.6062962845158231], [0.3297987210820491, -0.10368549999598063, 1.343919448712286], [-0.1913692678464034, 0.7448402547494126, -0.6720240019706153]]","tensor(-3, dtype=torch.int32)"
"['Bi', 'Bi', 'Bi', 'Bi', 'Bi', 'Bi', 'Bi', 'Bi', 'Bi', 'Bi', 'Bi']","[[-0.03720735555645462, 0.17959972578062428, 2.531415598487404], [-0.026340240814133997, -0.09862409175491621, -2.4898433063137753], [1.872453770725464, 3.387760351001708, 0.06505548229314866], [1.9745224375313306, -3.2517747349631088, -0.2737365989927349], [-3.9487673605302276, 0.0011377041013454715, 0.002213482101384028], [2.446129296908297, 0.7876934409622277, 1.1941453548278065], [-0.7006686868117664, 2.6440748361482904, -1.1938105758327264], [-0.7058423934306959, -2.634692350681429, 1.1957008460779606], [2.6017696093956673, -0.8746799329370172, -1.1432318767576095], [-1.888472235289448, 1.9085790422082245, 1.2628015698663009], [-1.9397901621971767, -1.850833032284543, -1.0584549307071582]]",[-64250.859375],"[[0.021534661781777552, -1.3303224192572742, 0.6201499102078083], [0.14072915201518976, 0.6367458760436396, -0.09811967564777864], [0.06586542581603776, 0.44636699768102545, -0.14991046362222954], [-1.1441559357925333, -3.2329187245797266, 1.5165902042424235], [0.027416639433418426, 0.3902042006364436, 0.297215009909569], [0.7542057602884842, 0.4252573034906746, 0.6765136647862764], [0.49340808132270625, -0.09682903257126649, -1.1059544639593575], [1.6907496293237392, -0.37256709171243574, 2.0278461222204234], [0.5677040047866557, 2.6661958533003762, -1.9108706340782422], [-1.4730500908616366, 0.11715037467563748, 0.19716885702291825], [-1.165136663377207, 0.35623702951215336, -2.0705393137529233]]","tensor(-3, dtype=torch.int32)"
"['Bi', 'Bi', 'Bi', 'Bi', 'Bi', 'Bi', 'Bi', 'Bi', 'Bi', 'Bi', 'Bi']","[[-0.10978364581874825, 0.0015904965601937137, 2.520723043081262], [0.010212672323203128, -0.1443996279957029, -2.562235037247687], [2.0786960094286964, 3.323306500788349, 0.1155217304343992], [2.0916155716790117, -3.452688484091952, -0.08478296127487332], [-3.7647233878910478, -0.17481521838551944, 0.022085766481255546], [2.526355882042021, 0.7185872116766627, 1.1294400814156893], [-0.6145212153449036, 2.7093670790875457, -1.388324613524687], [-0.44278399604814755, -2.5773898392363743, 1.2972071029169117], [2.6912841931799263, -0.8514245079663266, -1.2051231401481133], [-1.8969155851899733, 1.8559708582321197, 1.282642084868645], [-1.9018021131523652, -2.0044265079403, -1.2787720260926279]]",[-64251.59765625],"[[0.8849747102755047, 0.11729841887729006, 0.5233519365798549], [0.22020369147776014, 0.6424439580113799, -0.05294989334070696], [-0.6099107433328292, 0.647949721356619, -0.6474642968121243], [-0.17361003145489817, -0.21614839106965716, 0.3112428022257284], [-0.33407616492576836, 0.346402297387434, 0.1776868777193723], [0.215523664079078, 0.05668401136481481, 1.3519958024155012], [0.5693880782858299, -0.6389683388416338, 0.6068285031636537], [-0.11386697128420938, -0.9895250784297329, -0.4866557436334372], [-0.15827287842089227, -0.2571767409652329, -1.0930778580073512], [-0.6378046569092274, 0.3283553029714592, -0.9672140613359406], [0.12190990062789898, -0.04512352813569741, 0.2774484607512313]]","tensor(-3, dtype=torch.int32)"
"['Bi', 'Bi', 'Bi', 'Bi', 'Bi', 'Bi', 'Bi', 'Bi', 'Bi', 'Bi', 'Bi']","[[-0.22114226222222957, -0.08450483518800668, 2.49908518967115], [-0.07390668380839631, 0.027180795889066536, -2.546518071226514], [1.9595716009556394, 3.624964273708639, 0.041271090453129926], [2.0398742799096214, -3.4486326910228096, -0.038100488901271524], [-3.98750178502289, 0.014513731724279067, -0.07926702840659118], [2.5790250998248974, 0.7076258853359402, 1.1491313696543088], [-0.5577227967092888, 2.701558056162278, -1.3572409421944283], [-0.49555493285553825, -2.6777312133242477, 1.2955122775980463], [2.808259988371723, -0.6136309573676926, -1.294611766069258], [-1.9272093901775371, 1.884734054023958, 1.3476058651372278], [-2.024321708506143, -1.7620583256521831, -1.2829846515183416]]",[-64251.38671875],"[[1.2319061924073662, 0.32138647827664746, 0.5018619760222859], [0.8056602477840159, 0.046019336966447444, -0.15975136639793824], [-0.08242405921338362, -0.8834742136432634, 0.041335586608335036], [0.1815977334722332, 0.7000577836361052, -0.1483040374813379], [0.15613531349609314, 0.4929734103825988, 0.3455172203471963], [-0.4363349075688303, 1.2316753072161817, 1.0701898850460556], [-0.06389971352129174, 0.1168793288309307, 0.7467989222176125], [-0.28048622081119207, -0.613906754069343, -0.9052535263101408], [-0.8537702424433252, -1.1755784332930026, -0.779793907278532], [-0.7405315976961055, 0.2297582246254719, -1.1201479896766724], [0.0716420807397089, -0.4679307489400086, 0.40921669624388385]]","tensor(-3, dtype=torch.int32)"
"['Bi', 'Bi', 'Bi', 'Bi', 'Bi', 'Bi', 'Bi', 'Bi', 'Bi', 'Bi', 'Bi']","[[-0.11010455283624772, -0.027009240902126988, 2.415250726547954], [-0.0580824442449022, 0.02292606372141878, -2.5791763645949253], [1.7811272409987486, 3.455006884444337, -0.030627971388866106], [1.9869643675498785, -3.575246497618412, 0.103767707560201], [-3.968909414020256, -0.04299852864987956, -0.17464860640304608], [2.6097098809723582, 0.8092307394043412, 1.2107170972439487], [-0.531848461170634, 2.5315522954609824, -1.1818615444101215], [-0.7945663173107042, -2.6657088006511205, 1.1552553499622646], [2.4723066445640867, -1.0016741083525775, -1.279231209335339], [-2.0001936726210414, 1.8327947745029842, 1.2289572487737621], [-2.0695890952565876, -1.8014970906314034, -1.1368492136827262]]",[-64251.4453125],"[[0.6125270993523096, -0.18924029041089777, 0.4756859716813202], [0.14246212792345447, -0.6850810994640599, -0.042787371093224655], [1.5938997193832922, 0.16377231684886728, 0.8650697328466395], [-0.6136079917172758, 0.28884575597272644, 0.12856463918735328], [-0.7885629165553008, 1.0844142640183172, 0.7581740030955458], [-0.4405699281869979, 0.004029682950520776, -0.35850695490067386], [-1.3426446950620716, 0.2736462084557828, -1.0590487746848012], [1.2253478188475286, -0.641956476583222, 1.1651685450739853], [0.18248111358344887, 0.2567962689096485, 0.19648463467238356], [-0.7653777239046852, -0.0941555980301347, 0.03755709131919551], [0.19521636020570773, -0.45591438315800786, -2.150672415942331]]","tensor(-3, dtype=torch.int32)"
"['Bi', 'Bi', 'Bi', 'Bi', 'Bi', 'Bi', 'Bi', 'Bi', 'Bi', 'Bi', 'Bi']","[[-0.11118863911644161, -0.030737180255642205, 2.6288267078013763], [0.0218699716666551, 0.0971513674753488, -2.7606443021962654], [1.8642036667892026, 3.2457471813828493, 0.10478333349937195], [2.113593657115134, -3.2593275516279565, -0.030936855699341993], [-3.9548688743963405, -0.07869145833984337, 0.031079672358065885], [2.6464075409308427, 0.8571538338974404, 1.209475046668719], [-0.6464613511616558, 2.5218008650323545, -1.2633058452186594], [-0.4841093138321514, -2.517398436721257, 1.2175288986251889], [2.3746532751354943, -0.8499877163735742, -1.3721322905109279], [-2.0229643669845583, 1.9014358081302474, 1.3416502626003464], [-2.0875285762982765, -1.8456263389099994, -1.2169927918542365]]",[-64251.42578125],"[[0.6103046365543155, 0.6482140309073291, 0.09007103845192388], [-0.851462418973312, -0.5583313001547633, 0.07462960141619812], [-0.13470880779953123, 1.5943208663133146, -0.4965457030845112], [-0.27524091035979475, -1.2270745726827124, 0.5797583714943325], [-0.19138176341465682, 0.49194712827888826, 0.34289099128613293], [-0.25343305843209163, -1.4254347767233062, 0.2949808228746951], [-0.21098931546583585, 0.46996948060479515, 0.1658099686497307], [-0.2685815438120984, -0.775408631308774, -0.2781647704869106], [1.1056315332242486, 1.1589588132950455, -0.012199217597442353], [-0.08311450363699924, -0.4414247690373879, -0.36105599940227884], [0.5466733977731516, 0.056038561271329786, -0.4088297964268522]]","tensor(-3, dtype=torch.int32)"
"['Bi', 'Bi', 'Bi', 'Bi', 'Bi', 'Bi', 'Bi', 'Bi', 'Bi', 'Bi', 'Bi']","[[-0.09671553778278719, -0.13910335875080834, 2.4847059154538758], [0.005950311234580963, -0.03130043055916795, -2.5635822716364074], [1.9683499293775395, 3.3496402574934017, -0.07264838896829821], [2.0335112834298896, -3.2790698364061424, 0.11955032669275341], [-3.9292339204412063, -0.17321799199312712, -0.11248653529259443], [2.4418897550732765, 0.7700548304868581, 0.8487738973758785], [-0.6708282717799114, 2.694599769770093, -1.0629657215447286], [-0.4733131955283389, -2.8101679549817042, 1.1344193343952966], [2.6566712603262808, -0.8907877413235952, -1.18229051477622], [-1.8279811764129774, 1.9249211466879237, 1.162716945735958], [-2.0345249833445544, -1.9869482517396035, -1.2895483580265457]]",[-64250.3515625],"[[0.4051418554409813, 0.1461164902835251, -0.23150909542160572], [-0.23786337469997068, 0.021211011137386642, 0.15466654429435533], [0.15977250087757675, 1.2232436268601636, -0.22532517753263812], [1.2473497891709382, -1.5251062168286291, -0.014290518066448911], [0.052785394069749456, 0.7422552662057947, 0.41969785548182825], [0.18151936620466858, 0.8499110144704085, 3.719777431208622], [1.0785089510215182, 0.36033161639822187, -3.4801227165264454], [-1.3879146476035369, 0.3309720703676722, 0.7368986269261313], [0.02521100194378854, -0.8385163931976756, -3.3364509353207135], [-2.0890286410006507, -1.558123827609843, 2.6767841761771685], [0.5441336606701221, 0.2374270068308412, -0.4115109957038123]]","tensor(-3, dtype=torch.int32)"
"['Bi', 'Bi', 'Bi', 'Bi', 'Bi', 'Bi', 'Bi', 'Bi', 'Bi', 'Bi', 'Bi']","[[-0.03720735555645462, 0.17959972578062428, 2.531415598487404], [-0.026340240814133997, -0.09862409175491621, -2.4898433063137753], [1.872453770725464, 3.387760351001708, 0.06505548229314866], [1.9745224375313306, -3.2517747349631088, -0.2737365989927349], [-3.9487673605302276, 0.0011377041013454715, 0.002213482101384028], [2.446129296908297, 0.7876934409622277, 1.1941453548278065], [-0.7006686868117664, 2.6440748361482904, -1.1938105758327264], [-0.7058423934306959, -2.634692350681429, 1.1957008460779606], [2.6017696093956673, -0.8746799329370172, -1.1432318767576095], [-1.888472235289448, 1.9085790422082245, 1.2628015698663009], [-1.9397901621971767, -1.850833032284543, -1.0584549307071582]]",[-64250.859375],"[[0.021534661781777552, -1.3303224192572742, 0.6201499102078083], [0.14072915201518976, 0.6367458760436396, -0.09811967564777864], [0.06586542581603776, 0.44636699768102545, -0.14991046362222954], [-1.1441559357925333, -3.2329187245797266, 1.5165902042424235], [0.027416639433418426, 0.3902042006364436, 0.297215009909569], [0.7542057602884842, 0.4252573034906746, 0.6765136647862764], [0.49340808132270625, -0.09682903257126649, -1.1059544639593575], [1.6907496293237392, -0.37256709171243574, 2.0278461222204234], [0.5677040047866557, 2.6661958533003762, -1.9108706340782422], [-1.4730500908616366, 0.11715037467563748, 0.19716885702291825], [-1.165136663377207, 0.35623702951215336, -2.0705393137529233]]","tensor(-3, dtype=torch.int32)"
"['Bi', 'Bi', 'Bi', 'Bi', 'Bi', 'Bi', 'Bi', 'Bi', 'Bi', 'Bi', 'Bi']","[[0.012894427295323736, -0.1076660530280138, 2.5811332975461885], [0.012291884298404207, -0.0017458108080182042, -2.46375549617209], [1.9274336458143915, 3.4586111224033536, -0.2169056318426161], [2.2166118370855847, -3.452038724234235, 0.2020048278667229], [-3.9612703555546567, 0.02978418032085385, 0.08577566850308402], [2.598780226306979, 0.7588013007057226, 1.3194939265577394], [-0.5614247297200099, 2.700467215162666, -1.220590137620052], [-0.41296266252004127, -2.7218821406754077, 1.2023998003325673], [2.6745260584504975, -0.7835674841834527, -1.3871564922087656], [-1.9579744564734738, 1.5898781443822325, 1.1603787117725455], [-2.191538288282512, -1.8628612540942238, -1.1143387454541078]]",[-64251.53125],"[[0.24928920918229153, 0.0868393142625315, -0.05049331604417723], [-0.36989201166437347, -0.41091105416137363, -0.1677422565849511], [1.1044817352565683, -0.24330938557479634, 0.8465505807857969], [0.13659466158605685, 0.46754138086258124, -0.4892382124945678], [-1.2514758977991438, -0.5370883199030426, -0.28320074160349457], [-0.04532585863942873, 0.3837759763903897, -0.7862268109349195], [-0.7908038913062629, -0.4312360986563383, -0.492004772443547], [-0.35426627785243275, -0.26591931928693063, 0.055877558702599577], [-0.18930204834288272, -0.17298206487254963, 0.9257431729202461], [0.6060998521259957, 1.3648862923322336, 0.9399804074154019], [0.9099941289327016, -0.2435072063610963, -0.49451684446130756]]","tensor(-3, dtype=torch.int32)"
"['Bi', 'Bi', 'Bi', 'Bi', 'Bi', 'Bi', 'Bi', 'Bi', 'Bi', 'Bi', 'Bi']","[[-0.22114226222222957, -0.08450483518800668, 2.49908518967115], [-0.07390668380839631, 0.027180795889066536, -2.546518071226514], [1.9595716009556394, 3.624964273708639, 0.041271090453129926], [2.0398742799096214, -3.4486326910228096, -0.038100488901271524], [-3.98750178502289, 0.014513731724279067, -0.07926702840659118], [2.5790250998248974, 0.7076258853359402, 1.1491313696543088], [-0.5577227967092888, 2.701558056162278, -1.3572409421944283], [-0.49555493285553825, -2.6777312133242477, 1.2955122775980463], [2.808259988371723, -0.6136309573676926, -1.294611766069258], [-1.9272093901775371, 1.884734054023958, 1.3476058651372278], [-2.024321708506143, -1.7620583256521831, -1.2829846515183416]]",[-64251.38671875],"[[1.2319061924073662, 0.32138647827664746, 0.5018619760222859], [0.8056602477840159, 0.046019336966447444, -0.15975136639793824], [-0.08242405921338362, -0.8834742136432634, 0.041335586608335036], [0.1815977334722332, 0.7000577836361052, -0.1483040374813379], [0.15613531349609314, 0.4929734103825988, 0.3455172203471963], [-0.4363349075688303, 1.2316753072161817, 1.0701898850460556], [-0.06389971352129174, 0.1168793288309307, 0.7467989222176125], [-0.28048622081119207, -0.613906754069343, -0.9052535263101408], [-0.8537702424433252, -1.1755784332930026, -0.779793907278532], [-0.7405315976961055, 0.2297582246254719, -1.1201479896766724], [0.0716420807397089, -0.4679307489400086, 0.40921669624388385]]","tensor(-3, dtype=torch.int32)"
"['Bi', 'Bi', 'Bi', 'Bi', 'Bi', 'Bi', 'Bi', 'Bi', 'Bi', 'Bi', 'Bi']","[[-0.03802918543017533, -0.11237810990985597, 2.3677131003982117], [0.0795546623497386, 0.015638672171110125, -2.4723141962901063], [1.946452843168538, 3.43862483291007, -0.02833388911045069], [2.1339838783729577, -3.523940951917093, 0.04897823551756522], [-3.8984897224462065, 0.08180264453763429, 0.07635914792553944], [2.73495468889657, 0.6892336398374351, 1.3133614293680356], [-0.5298909858496943, 2.8009105113367214, -1.3035586318515815], [-0.6981223475041217, -2.6912439537472657, 1.279101634102585], [2.722650978454923, -0.8439397318307712, -1.201892232204844], [-2.1548112443130694, 1.88792742349156, 1.15029176624098], [-2.0054766097481913, -1.8504863874303712, -1.4180810677279505]]",[-64251.546875],"[[0.22992956303460926, 0.8790699114996215, 0.3548437993629434], [0.03619083719922731, 0.10474726334287984, -0.08195946061597785], [0.7284504915008083, -0.28452239220122816, 0.46826992905605597], [-0.6471182261358054, 0.42887273932742087, 0.16219674396292233], [-0.9432786203692045, -1.3905531151223955, -0.872216889355043], [-0.620909414500413, 0.5868607907830634, -0.15217452689231017], [-0.37143395450242656, -0.5640808042140812, 0.0674646528641085], [0.42503228041792995, -0.49983342593163177, -0.994627178356086], [-0.2066879089274413, -0.29041397549957576, -0.037241236263887804], [1.4146237961899815, 0.7422310978227531, 0.45384772929749456], [-0.0567499344862176, 0.2814183490652235, 0.6253173161904653]]","tensor(-3, dtype=torch.int32)"
"['Bi', 'Bi', 'Bi', 'Bi', 'Bi', 'Bi', 'Bi', 'Bi', 'Bi', 'Bi', 'Bi']","[[0.07675656465686914, -0.12561695735928208, 2.6191837034210876], [-0.1287315094883311, -0.2505845160225294, -2.614789461879868], [1.9609441084963242, 3.5354611117210317, 0.06550197193097916], [1.9439557282378173, -3.3771601555224655, -0.15768171792366867], [-4.1322358975209355, -0.004602670530750174, 0.05380022444152276], [2.7177628220226806, 0.9510313325997692, 1.4013097136479151], [-0.629594493831194, 2.679052293496644, -1.11669222836222], [-0.2791224276553215, -2.6593187411184256, 1.3031266316830215], [2.521084213943809, -0.9314351847885362, -1.289727694350995], [-1.9955146292063206, 1.8627220719413335, 1.1425897692902431], [-2.1100916709851534, -2.0048699643946937, -1.4164644055539295]]",[-64250.99609375],"[[0.14658998490277383, 0.9952123617582418, -0.14234293151517705], [0.24534929994768917, 0.8336225527422126, 0.14175430283288554], [-0.06381034192612946, -0.3475249444907613, 0.11881578195556891], [0.9764129592983001, -1.648064151104976, -0.11332040587282854], [0.8497901725552007, -0.20108434076402112, -0.28733631189655057], [-0.5841642163007216, -0.29256110493340837, -0.7093908932574827], [0.8295617501703109, -0.03467914083544035, -1.4354672267901423], [-1.8047709183047738, -0.2877555562091847, 0.0298211878576897], [0.39591935473858764, 1.619348512505164, -0.14148911910661863], [-0.7221497426197758, -1.0027662670110262, 1.3052166114862265], [-0.27789295331083014, 0.350787573357192, 1.249874099646494]]","tensor(-3, dtype=torch.int32)"
"['Bi', 'Bi', 'Bi', 'Bi', 'Bi', 'Bi', 'Bi', 'Bi', 'Bi', 'Bi', 'Bi']","[[-0.09235007793828595, -0.046822303977730836, 2.3908392707265165], [-0.08214925607301435, 0.02495887738022671, -2.475867662165417], [1.7223277326176756, 3.4719858760819293, 0.08465412910455629], [1.9804963286283452, -3.2845570431902185, 0.11516333039363302], [-3.9735356994332416, -0.0024947461078244867, 0.22205364982098952], [2.650527068005083, 0.7213888484079543, 1.142242245260199], [-0.5872611719967548, 2.5781116106804447, -1.1275667244250531], [-0.41333568250670705, -2.6673918546704414, 1.0895448212511334], [2.586331489861596, -0.8765845485897963, -1.100481616895608], [-1.947405656309655, 1.8306910889824213, 1.3151702144788269], [-1.9955444505610587, -1.8032196870115063, -1.3943256114495703]]",[-64250.9765625],"[[0.9775303613482865, -0.27406025913716753, 0.7266892848642673], [0.7945489622358768, 0.042271484101679156, -0.5065221030715275], [1.523078643757715, 0.10788349670821218, 0.6914157869255337], [2.0930848155843105, -1.9201600349217784, -0.3443618687936254], [0.18000431712051074, -0.4550930695113266, -0.36803953081528185], [-0.42502307586353755, 1.3340942296745086, 1.380795259024585], [-1.0991585203364305, 0.22078455542422343, -1.026326326709244], [-2.7344139426502827, 0.20417609402013864, 0.8051737947976897], [0.2636643063049677, 0.46781520350023315, -2.2356911310525494], [-0.789922002435703, 0.36231059559259493, 0.1407285863721824], [-0.7955115837902139, -0.08460944668335015, 0.7368975984842997]]","tensor(-3, dtype=torch.int32)"
"['Bi', 'Bi', 'Bi', 'Bi', 'Bi', 'Bi', 'Bi', 'Bi', 'Bi', 'Bi', 'Bi']","[[-0.10237885364240087, 0.2576906368156951, 2.8319109119150614], [0.02140359691775355, 0.050136004443771844, -2.3980808325623375], [1.9861425748542798, 3.312161058917537, -0.03563931320830135], [1.9696045800710513, -3.510051819005209, 0.07699194228197069], [-3.9995208603907875, -0.054499544667868396, -0.031230467297086506], [2.763805798446951, 0.832717307910349, 1.3129889251746691], [-0.3959203548949617, 2.571349104408181, -1.3117110749004193], [-0.5918150701313464, -2.634700868172611, 1.1583319411965796], [2.697764780217218, -1.003761083185232, -1.4200538817362318], [-2.150265839570904, 1.7459004564798462, 1.260328038838115], [-1.8080695060116736, -1.7863669356416267, -1.2530427851113684]]",[-64251.078125],"[[0.5795151450011693, -0.6996458926825667, -0.9150849159989075], [1.0635101553500945, -0.7588815710756569, -1.3339168234585652], [0.9464328514665891, 0.5133363015369646, 0.3906993439562466], [0.1949088046759807, 0.15534850407286063, -0.25095996435974705], [0.1060030422413022, -0.4439296419623275, -0.2547739923141669], [-0.7311660921570339, -0.5047507148608541, -0.3732516740176115], [-1.302813657146794, 1.0332883636879677, 0.7032079009661635], [0.3272967792163294, 0.17144670406221854, 1.3028151998095414], [-0.2444929164345519, 0.2882483341127751, 1.051995720603985], [0.4413297924342436, 0.5922426268875999, -0.1906968725769316], [-1.3723193556698101, -0.3467978875379423, -0.15276454397107428]]","tensor(-3, dtype=torch.int32)"
"['Bi', 'Bi', 'Bi', 'Bi', 'Bi', 'Bi', 'Bi', 'Bi', 'Bi', 'Bi', 'Bi']","[[-0.01685371782434748, 0.11332665514598027, 2.700293723151156], [0.10498498651863263, 0.13940519147015146, -2.5735920713133313], [2.073002247904918, 3.5402359483667953, -0.029792083431093], [2.00414116091027, -3.4630027659976825, -0.19279671307808502], [-3.9871255730131705, -0.07099427036981924, -0.25361128088024754], [2.6420756843991184, 0.9157664285765069, 1.3490573318462882], [-0.645111089068988, 2.528154974355983, -1.4299792935153843], [-0.4407757627980248, -2.666608524342337, 1.2166459188734982], [2.4970443694904967, -0.9345888593732329, -1.1451573129096086], [-1.888452495335784, 1.880327442394997, 1.4366637325825378], [-2.1439712282701877, -1.954818378977259, -1.1367513281212391]]",[-64251.01171875],"[[0.49657902459985354, -0.7207320355549749, -0.18046829865281755], [-0.06990164862816539, -1.7419614045470238, -0.4314016263691273], [-0.5402152972918909, -0.6772798539507862, -0.10250130064903462], [-0.26714172524791896, -1.3115667255751737, 0.5835841751077236], [-0.17492828819458764, 1.1672007461331413, 0.9110169143341849], [-0.2859147481748813, 0.16780524864713398, -0.43920204912893585], [-0.010621412992722925, 1.4336849370960545, 1.5193484852346588], [-0.31477771106706376, 0.18075785645049236, 0.258558503988021], [0.7669090737918732, 1.7230056789286854, -0.32085765348686096], [-0.7226002001419977, -0.061643929207955146, -1.3198919622016256], [1.1082473750228132, -0.16714426908199242, -0.4883463477382417]]","tensor(-3, dtype=torch.int32)"
"['Bi', 'Bi', 'Bi', 'Bi', 'Bi', 'Bi', 'Bi', 'Bi', 'Bi', 'Bi', 'Bi']","[[-0.08194761206663226, 0.02479157762561586, 2.5716068412521578], [-0.06849627110248693, -0.16966276775227118, -2.3929828610685027], [1.878972981393618, 3.45058958636387, -0.00014856717348251953], [1.9565023445894225, -3.4766191145093193, 0.08291454753534055], [-3.8579932571057807, -0.04765115890271288, -0.03885311891556521], [2.676404967860299, 0.7727286371712413, 1.3587063670832118], [-0.6204484222956723, 2.7196898011140314, -1.4472091449265245], [-0.6690338386308721, -2.748942459670303, 1.1035329348866114], [2.638447485492423, -0.6378728508414409, -1.3637752008507253], [-2.053122951781127, 1.9394297350049927, 1.2732553972556475], [-1.985957556494365, -1.9268947265608387, -1.3220980411467125]]",[-64251.453125],"[[0.12857420369638678, -0.19844427916032337, -0.4726920746654753], [0.6883500018256631, 1.2263083835182027, -0.9791969513363242], [0.1867663221629964, -0.3208268516540058, 0.06308359350585988], [0.4213757583300132, 0.5705646157411308, -0.4273724483835458], [-0.3421790010061462, 0.1365047243478872, 0.13662818878976563], [-0.676818597789333, 0.27679910257878637, -0.5477800011839067], [0.04382542371369731, -0.49470314669909404, 0.8740757979655819], [0.3141939674834721, 0.20935738396752157, 0.9010487418818209], [-0.10669693194505356, -0.6955691492622756, 0.9792103210801344], [0.3292715417991931, -0.2707637945344787, -0.6783468623510263], [-0.9916436686027398, -0.4351892747905677, 0.14462288421155522]]","tensor(-3, dtype=torch.int32)"
"['Bi', 'Bi', 'Bi', 'Bi', 'Bi', 'Bi', 'Bi', 'Bi', 'Bi', 'Bi', 'Bi']","[[0.12301101404267241, -0.05548725428018746, 2.6794547444886576], [0.02479270707178832, 0.05414719223813285, -2.377963487119135], [1.9968437779178645, 3.5571323107796626, 0.021664340243035266], [1.9293339120413882, -3.530554586099095, -0.019637349195415144], [-4.051057384775615, 0.012860889969376517, -0.19744213602009472], [2.882008892962467, 0.9217044578105097, 1.332581740781194], [-0.39793141500877294, 2.7214773951156364, -1.2586152528768635], [-0.5199872674171017, -2.4958417872340544, 1.1380046603524838], [2.525079791142164, -0.7038351021524157, -1.240808669179867], [-2.0330522562355076, 1.8764007333512438, 1.2161073188511964], [-1.8748444420822068, -1.8093924244375776, -1.2802627402566202]]",[-64251.47265625],"[[0.06998454103978886, 0.8215023657573164, -0.5792153542072705], [-0.0068402643236579845, 0.2567257692220953, -1.08371595201469], [0.7858097777722233, -0.24314658323286092, 0.49732932433806587], [0.36247977427388606, 0.5645235484225665, -0.39243807913876805], [0.7002614151187534, 0.15927401512182118, 0.23180868052713818], [-0.9383503271123845, 0.0476030088318159, -0.31979409036675654], [-0.9317873255643051, 0.18436362493402192, 0.3105874790906605], [-0.1193007437012395, -0.5869600354198087, 1.0066260092048587], [0.9618147417202676, -0.6137458029227044, 0.7388871192074462], [0.20080054224060306, -0.5783329511157947, -0.16872102467604366], [-1.0947598746228622, -0.021049679467270332, -0.25304081071753587]]","tensor(-3, dtype=torch.int32)"
"['Bi', 'Bi', 'Bi', 'Bi', 'Bi', 'Bi', 'Bi', 'Bi', 'Bi', 'Bi', 'Bi']","[[-0.12851025249032713, 0.03334165183131548, 2.4826104124792905], [-0.08593230931735187, -0.10720093830729899, -2.5589363279044446], [2.041217482883995, 3.40963119892572, -0.013032183235687314], [1.9694443324135054, -3.3571185920993996, -0.08758710155150098], [-3.8683394202331307, 0.23244050406199232, 0.001259001419155274], [2.4706728434843135, 0.8515253915556573, 1.2849370403680358], [-0.45154841509135163, 2.6786384583801848, -1.2295908713968546], [-0.5428284584131245, -2.4483984439433373, 1.0700198722491465], [2.609756889577971, -0.9385148242702139, -1.2026262038982898], [-2.132682448818529, 1.9246639516420854, 1.442625447858686], [-1.97966498076491, -1.8212208917701875, -1.150473291321345]]",[-64251.265625],"[[0.32465455788478537, 0.3801377091449829, 0.6862360396408982], [0.6609739087114538, 0.7174219955201094, 0.0018544179192813445], [0.3829106454333178, 0.39197353196345386, -0.014072637522224457], [-0.11333243864225775, -1.479028937449392, 0.5225502661721563], [-0.6455513950054286, -0.6963975591575947, -0.4195638495111764], [0.400608740957937, -0.3015865047587842, -0.09115229077153107], [-0.7519118207831967, -0.37405792099146046, 0.15383746591184586], [0.41521426047297344, -1.3612132123308287, 1.858667955150253], [0.09632391336569737, 1.6944736171958064, -0.6618069465950147], [0.746396287240558, 0.630260007632927, -0.5330167186919095], [-1.5245004645898423, 0.40759417498832834, -1.5058033920921403]]","tensor(-3, dtype=torch.int32)"
"['Bi', 'Bi', 'Bi', 'Bi', 'Bi', 'Bi', 'Bi', 'Bi', 'Bi', 'Bi', 'Bi']","[[0.03605247248020505, 0.1721643662798526, 2.585915955690424], [0.03610422122425493, 0.03544704243984246, -2.476626777507812], [1.9596928968084928, 3.4109642244982883, -0.011338111002509806], [2.0085326685291625, -3.303570287938737, 0.014380170760694817], [-3.942257790722199, 0.08636610668948048, 0.1749742283533199], [2.5226491512009677, 0.7410998592630048, 1.1973306969875874], [-0.3913911984002235, 2.7172054634213483, -1.402322469538779], [-0.47656561128827274, -2.617420301816611, 1.248733281772361], [2.544413830936861, -0.8573569706754743, -1.0459294978027254], [-1.7376669360828627, 1.8722141161521568, 1.233523504894773], [-1.9939248747660434, -1.9171163930064672, -1.2818835693343975]]",[-64251.26953125],"[[0.13345565142777932, -1.246929670682747, 0.5131901599527005], [-0.07378375943183427, -0.5826678334358065, -0.4239136956598373], [0.9256120465867226, 0.21573212923833454, 0.39386545355678565], [0.138199082265377, -1.899580399651412, 0.5521359665614654], [0.5600925067913042, -0.2845948459282613, -0.18163336898169663], [0.741029363542579, 1.3245163508972204, 1.2615613126203051], [-1.0005869987699574, -0.042550901462894815, 0.10107953123899899], [-0.738233544423492, 0.22721349957955944, 0.2885792866941701], [0.5670853970249743, 0.781717607724459, -2.2703974433211793], [-1.1475996732655012, 0.7604396604504654, -0.864949919373263], [-0.1134278780442262, 0.7500565117190684, 0.6198228657053733]]","tensor(-3, dtype=torch.int32)"
"['Bi', 'Bi', 'Bi', 'Bi', 'Bi', 'Bi', 'Bi', 'Bi', 'Bi', 'Bi', 'Bi']","[[-0.054099149553607506, -0.127429839566631, 2.4457983344958336], [-0.03492754695871849, -0.14922680324134782, -2.37787339399685], [2.0165485385155915, 3.3866391264807074, -0.021810434477950887], [1.7989948939489422, -3.4285205458802297, 0.20125164938851278], [-3.8593575611324358, 0.04704606719970336, 0.10589300090382614], [2.6833106638610986, 0.7908598968768173, 1.3065811313292575], [-0.500430367906656, 2.489422490547924, -1.1551902400208427], [-0.5133182168979217, -2.5968997061118198, 1.2811927514421615], [2.6548800939011223, -0.801487965633295, -1.1393569415395381], [-1.842122932938273, 1.9999344432900805, 1.2780620052308291], [-1.9977359792511804, -1.910613845330079, -1.3332565441231397]]",[-64251.26953125],"[[0.6326218242990972, 1.6047472096016369, 0.9169170851218259], [0.8414243124764023, 0.35300381408210524, -0.7315198761470895], [0.3686362327659511, -0.0042931424940570815, 0.19301801436866362], [2.350427187106516, -0.4945959830602458, -1.0658904839692325], [0.16377817896730715, 0.0014975696867886971, -0.138081171409389], [-0.2802805838669723, 0.15704481602983036, 0.2288651771610396], [0.016520401072257745, 0.650423123961513, -0.9611956197376705], [-2.438100310583982, -0.7617714926223315, 0.019110891779674483], [-0.16307796434629174, -0.6534662833410894, -0.04845278974839463], [-0.6952230785859568, -0.7091055006492257, 0.6528229929754507], [-0.7958309149789123, -0.14585418619438656, 0.926905826410821]]","tensor(-3, dtype=torch.int32)"
"['Bi', 'Bi', 'Bi', 'Bi', 'Bi', 'Bi', 'Bi', 'Bi', 'Bi', 'Bi', 'Bi']","[[-0.010822861752642701, 0.04645994254343844, 2.5315297197704467], [-0.06404972725757767, 0.037738690981891206, -2.7186409968244507], [1.8212778321701708, 3.3535948026707034, -0.08229266527765429], [1.9430726972167647, -3.717663093722875, -0.08935974222032368], [-4.086587288369728, -0.16038940725458137, -0.1795534708074557], [2.5970066927424154, 0.9125541201888278, 1.3188882251166671], [-0.6644154875733475, 2.754620427205351, -1.38966112961737], [-0.7079857579423772, -2.6666318517556262, 1.232981691994302], [2.4406707726660666, -0.8790890003618825, -1.2640059414166969], [-2.100079370953697, 1.808737950048921, 1.1131269057800264], [-2.1425126985341447, -1.9064431848272525, -1.2330518553441552]]",[-64251.7109375],"[[-0.37226642674298016, -0.10280895902294483, -0.2336354503304409], [-0.16310095002122704, -0.2737158853898708, 0.5884584751683868], [0.5276544229821725, 0.4483130667367887, 0.15975974819886546], [-0.5867090956129088, 0.9380582496322224, 0.05232881731862983], [-0.2748354471677035, 0.8401824689647974, 0.5862000169062882], [-0.217353930584608, -0.4492115649429283, -0.5194757393167174], [-0.37644123209191005, -0.5934037377154275, -0.04963400661402914], [0.6751252683136747, -0.0793265466830094, -0.03273641421562964], [0.013360930063741392, -0.19046794142522708, 0.3507954409372034], [-0.06854909335339353, -0.34581145755520465, -0.1682701557770892], [0.8313558669454616, -0.20520278750058174, -0.752417299943407]]","tensor(-3, dtype=torch.int32)"
"['Bi', 'Bi', 'Bi', 'Bi', 'Bi', 'Bi', 'Bi', 'Bi', 'Bi', 'Bi', 'Bi']","[[0.1634755152504044, -0.11001470371381737, 2.412116533700125], [-0.0013181905688232321, 0.03539191985981406, -2.7811936159140007], [1.8197096203408636, 3.550246632662393, -0.1182588828455482], [1.7832809377205636, -3.4995949760417444, -0.1255310200918598], [-3.9795610689263623, -0.1564853649211917, 0.013728706452482801], [2.7287996061788906, 0.639206277482903, 1.2046592978545383], [-0.6893540062820035, 2.766117301032655, -1.4102592641535068], [-0.7365699966354193, -2.737247812332805, 1.2270949190658176], [2.5017000068507484, -0.7015779509764987, -1.1704828804409428], [-2.1604885883467495, 1.9723691687598532, 1.1581071292490526], [-2.0681791645665246, -1.7329264791660786, -1.2213384287329583]]",[-64251.1484375],"[[-0.9746707788356429, 0.46292249433078503, 0.29149322235761144], [-0.23822615755605236, 0.1018931829940351, 0.8613575720556352], [0.36767757071266544, -0.6544381608719105, 0.3512354083527434], [0.2162629594896926, 0.31710250382729777, -0.11111810053473291], [-0.7843848716146014, 1.12550411473542, 0.7246174887945963], [-0.22654763491571803, 1.6633905054997506, 0.954010925102415], [-0.02048224182891805, -0.4788012248332888, 0.16010293923805594], [0.3485132770908874, 0.2927818085504605, -0.007464821621334929], [-0.10173094629510704, -1.3618189645696157, -1.9048557920263824], [0.5488506091305573, -0.8244503942674737, -0.2375715543302665], [0.8665002954343348, -0.6461046967108062, -1.0860489723095765]]","tensor(-3, dtype=torch.int32)"
"['Bi', 'Bi', 'Bi', 'Bi', 'Bi', 'Bi', 'Bi', 'Bi', 'Bi', 'Bi', 'Bi']","[[-0.09724254444455269, 0.1978136604814216, 2.5532728702654146], [-0.1544621651274904, 0.10998796429805058, -2.7956179589253], [1.8875605678519933, 3.405330730786518, 0.07183723291357917], [1.8559301162783894, -3.3802218707552516, 0.019868025220030935], [-3.862681912739662, 0.11076365471899317, -0.13774634887246684], [2.707026560004732, 0.8291327396183508, 1.351833589366296], [-0.7911937240384812, 2.7392746552452043, -1.3112763817894115], [-0.5431932572601402, -2.4911548109486246, 1.294654480898524], [2.573163772839157, -1.0369369353140143, -1.2836975970731215], [-1.931460896897133, 1.763205503692205, 1.1692661309866552], [-1.9630492466206877, -1.7940568133417485, -1.3003875760964316]]",[-64251.328125],"[[1.4273487069718334, -0.931279275299516, 0.5857495593840664], [0.4899324107308686, -0.11045696670331663, 0.6767846592088915], [-0.09686024578085423, -0.04407012087867961, -0.15437456965837637], [0.26629017541138994, -1.1893518405221264, 0.18682257793118257], [-0.7310226245215318, -0.4004929898297953, -0.16809388084716034], [-0.72668774220152, -0.0669980488051312, -0.7945217085273406], [0.9035041467546626, -0.15942164794674116, -0.22405206938935396], [-0.7409589152771173, -0.009596226179563044, 0.08995477310286638], [-0.04985961589861774, 1.598693800981094, -0.18747162757107802], [-0.8970079939256345, 1.3433445497284457, -0.010541194529861497], [0.1559917430164078, -0.030329886040832615, -0.0003609523324656579]]","tensor(-3, dtype=torch.int32)"
"['Bi', 'Bi', 'Bi', 'Bi', 'Bi', 'Bi', 'Bi', 'Bi', 'Bi', 'Bi', 'Bi']","[[-0.12851025249032713, 0.03334165183131548, 2.4826104124792905], [-0.08593230931735187, -0.10720093830729899, -2.5589363279044446], [2.041217482883995, 3.40963119892572, -0.013032183235687314], [1.9694443324135054, -3.3571185920993996, -0.08758710155150098], [-3.8683394202331307, 0.23244050406199232, 0.001259001419155274], [2.4706728434843135, 0.8515253915556573, 1.2849370403680358], [-0.45154841509135163, 2.6786384583801848, -1.2295908713968546], [-0.5428284584131245, -2.4483984439433373, 1.0700198722491465], [2.609756889577971, -0.9385148242702139, -1.2026262038982898], [-2.132682448818529, 1.9246639516420854, 1.442625447858686], [-1.97966498076491, -1.8212208917701875, -1.150473291321345]]",[-64251.265625],"[[0.32465455788478537, 0.3801377091449829, 0.6862360396408982], [0.6609739087114538, 0.7174219955201094, 0.0018544179192813445], [0.3829106454333178, 0.39197353196345386, -0.014072637522224457], [-0.11333243864225775, -1.479028937449392, 0.5225502661721563], [-0.6455513950054286, -0.6963975591575947, -0.4195638495111764], [0.400608740957937, -0.3015865047587842, -0.09115229077153107], [-0.7519118207831967, -0.37405792099146046, 0.15383746591184586], [0.41521426047297344, -1.3612132123308287, 1.858667955150253], [0.09632391336569737, 1.6944736171958064, -0.6618069465950147], [0.746396287240558, 0.630260007632927, -0.5330167186919095], [-1.5245004645898423, 0.40759417498832834, -1.5058033920921403]]","tensor(-3, dtype=torch.int32)"
"['Bi', 'Bi', 'Bi', 'Bi', 'Bi', 'Bi', 'Bi', 'Bi', 'Bi', 'Bi', 'Bi']","[[0.07869285952226329, -0.09714937347629683, 2.548057331236619], [0.06416909446952253, -0.14779340181822315, -2.555759711524365], [2.007865254261641, 3.3729370650611856, -0.09496414098947356], [1.9500892704492339, -3.2095856612259968, 0.03563598621430886], [-4.148591119448922, -0.10364008538740221, -0.09608343223406007], [2.6352307449676973, 0.8692294958737999, 1.3041604572470376], [-0.5447325189227655, 2.980129502370408, -1.309044243684925], [-0.5354553618184071, -2.6820849118112924, 1.4167405694157167], [2.5446363124198452, -0.8462667976625932, -1.212221966973798], [-2.015405387791065, 1.8637794596708785, 1.203084409075222], [-2.049609239686917, -1.9400168933413973, -1.2843167350208795]]",[-64251.3125],"[[-0.34155494250275753, 0.9890694786983534, 0.08967195159918828], [-0.806057226330997, 0.6631187241511654, 0.01779760241403145], [0.46832063123835177, 0.42938927423732026, 0.23618367207858065], [0.11080329449009337, -1.9111539698028361, 0.6081577642309408], [0.8310401353031737, 0.3326303813989659, 0.16953457358689664], [-0.088052567091219, -0.1151124143422246, -0.23399262817854055], [-0.41816506577607604, -1.2277173488274356, 0.13697127698477293], [-0.5877637627111703, -0.2782439605079404, -0.6804119735487922], [0.7135997914531288, 1.3686174792971215, -0.4198458996834808], [-0.09539209364421539, -0.5409300643648229, -0.5257219807806774], [0.19972808309865567, 0.2909981304599, 0.5985418331058852]]","tensor(-3, dtype=torch.int32)"
"['Bi', 'Bi', 'Bi', 'Bi', 'Bi', 'Bi', 'Bi', 'Bi', 'Bi', 'Bi', 'Bi']","[[-0.00473311526895405, -0.012540748167421581, 2.623480376473137], [0.09254393636818074, 0.2298138464794152, -2.5478477346713095], [2.2837274518691615, 3.4124001954429275, -0.043170734842028206], [1.9257600735784395, -3.486778107857847, -0.06865496463171554], [-4.050166528994931, -0.05760682119478592, -0.012624109876159513], [2.483974443429074, 0.8911223191331984, 1.3919511300954766], [-0.7452856642800305, 2.3678999820808007, -1.4348111413992402], [-0.5501588825119297, -2.6695974385032284, 1.1385203279046738], [2.7097611013277607, -0.6253008304707781, -1.278509304127017], [-2.0191997727692654, 1.8618724139369969, 1.3411970757787894], [-2.0780389306465095, -1.7873312803629677, -1.4657593907318194]]",[-64250.59375],"[[-0.6356490428302844, -0.16764841126782154, -0.07949073742141743], [1.2691959505568668, -4.057865342030927, -1.9063110372180354], [-0.9925497258563414, -0.060630862581780166, -0.448461882269815], [0.6324027661889755, 0.551097240311593, -0.49675442535422554], [0.5634025468261696, 0.2372074859218954, 0.0115036361068781], [0.7183002848442589, -0.27236276447209157, -0.542015584718031], [-0.8167319383216403, 4.239954053633545, 2.706633671896272], [-0.5797887105283634, 0.39975379726336385, -0.3202657852128], [-0.3148005938978159, -0.6022246833046898, 0.8645580830354399], [-0.11579653384857616, -0.461527824363011, -0.514592697500486], [0.2746351066989162, 0.2043367366342278, 0.7150210980643401]]","tensor(-3, dtype=torch.int32)"
"['Bi', 'Bi', 'Bi', 'Bi', 'Bi', 'Bi', 'Bi', 'Bi', 'Bi', 'Bi', 'Bi']","[[-0.00473311526895405, -0.012540748167421581, 2.623480376473137], [0.09254393636818074, 0.2298138464794152, -2.5478477346713095], [2.2837274518691615, 3.4124001954429275, -0.043170734842028206], [1.9257600735784395, -3.486778107857847, -0.06865496463171554], [-4.050166528994931, -0.05760682119478592, -0.012624109876159513], [2.483974443429074, 0.8911223191331984, 1.3919511300954766], [-0.7452856642800305, 2.3678999820808007, -1.4348111413992402], [-0.5501588825119297, -2.6695974385032284, 1.1385203279046738], [2.7097611013277607, -0.6253008304707781, -1.278509304127017], [-2.0191997727692654, 1.8618724139369969, 1.3411970757787894], [-2.0780389306465095, -1.7873312803629677, -1.4657593907318194]]",[-64250.59375],"[[-0.6356490428302844, -0.16764841126782154, -0.07949073742141743], [1.2691959505568668, -4.057865342030927, -1.9063110372180354], [-0.9925497258563414, -0.060630862581780166, -0.448461882269815], [0.6324027661889755, 0.551097240311593, -0.49675442535422554], [0.5634025468261696, 0.2372074859218954, 0.0115036361068781], [0.7183002848442589, -0.27236276447209157, -0.542015584718031], [-0.8167319383216403, 4.239954053633545, 2.706633671896272], [-0.5797887105283634, 0.39975379726336385, -0.3202657852128], [-0.3148005938978159, -0.6022246833046898, 0.8645580830354399], [-0.11579653384857616, -0.461527824363011, -0.514592697500486], [0.2746351066989162, 0.2043367366342278, 0.7150210980643401]]","tensor(-3, dtype=torch.int32)"
"['Bi', 'Bi', 'Bi', 'Bi', 'Bi', 'Bi', 'Bi', 'Bi', 'Bi', 'Bi', 'Bi']","[[-0.01780902863546328, 0.14092670232411408, 2.6847481873341503], [0.053157655264996856, -0.12601961235049214, -2.6835181549152183], [1.9036740891747872, 3.5608363382351573, 0.10653832110752148], [2.0120228156350324, -3.549792524949682, -0.06854277491118835], [-4.016578962389599, -0.020647323353473683, -0.011937968066366149], [2.7551912354191495, 0.8995760920233444, 1.190816131912794], [-0.5648891596714246, 2.6306947896484196, -1.3605670156837113], [-0.43422044967828327, -2.651609879997099, 1.2640149232963052], [2.54847440958299, -0.8646875501983644, -1.258664668728029], [-2.0382618072660104, 1.68632591230191, 1.374317680403965], [-2.0843696413376924, -1.8086382262982368, -1.1912837420284537]]",[-64251.72265625],"[[0.9193704331110045, -0.8620857088723776, -0.2713563827178217], [-0.422405280025493, 0.42899486679491816, 0.44487776248683975], [-0.10040883289854924, -0.4085456893708847, -0.221595841763047], [0.031812636909270414, 0.24074686848519794, 0.006348293746905336], [-0.1472209853885255, 0.10588451432021531, 0.16442419470379954], [-0.7348936795755113, 0.064397016568941, 0.04696707182527279], [0.05303823649403768, -0.41201164118741407, 0.6035703994412818], [-0.3701864031386566, 0.3098220612575244, 0.029428775592440903], [0.36134278040700846, 0.007469891839564504, 0.09476335573049316], [-0.14276675239396158, 0.8089702878188815, -0.9041052710052077], [0.5334003274950802, -0.3002835718023849, -0.0008544803815280153]]","tensor(-3, dtype=torch.int32)"
"['Bi', 'Bi', 'Bi', 'Bi', 'Bi', 'Bi', 'Bi', 'Bi', 'Bi', 'Bi', 'Bi']","[[-0.08194761206663226, 0.02479157762561586, 2.5716068412521578], [-0.06849627110248693, -0.16966276775227118, -2.3929828610685027], [1.878972981393618, 3.45058958636387, -0.00014856717348251953], [1.9565023445894225, -3.4766191145093193, 0.08291454753534055], [-3.8579932571057807, -0.04765115890271288, -0.03885311891556521], [2.676404967860299, 0.7727286371712413, 1.3587063670832118], [-0.6204484222956723, 2.7196898011140314, -1.4472091449265245], [-0.6690338386308721, -2.748942459670303, 1.1035329348866114], [2.638447485492423, -0.6378728508414409, -1.3637752008507253], [-2.053122951781127, 1.9394297350049927, 1.2732553972556475], [-1.985957556494365, -1.9268947265608387, -1.3220980411467125]]",[-64251.453125],"[[0.12857420369638678, -0.19844427916032337, -0.4726920746654753], [0.6883500018256631, 1.2263083835182027, -0.9791969513363242], [0.1867663221629964, -0.3208268516540058, 0.06308359350585988], [0.4213757583300132, 0.5705646157411308, -0.4273724483835458], [-0.3421790010061462, 0.1365047243478872, 0.13662818878976563], [-0.676818597789333, 0.27679910257878637, -0.5477800011839067], [0.04382542371369731, -0.49470314669909404, 0.8740757979655819], [0.3141939674834721, 0.20935738396752157, 0.9010487418818209], [-0.10669693194505356, -0.6955691492622756, 0.9792103210801344], [0.3292715417991931, -0.2707637945344787, -0.6783468623510263], [-0.9916436686027398, -0.4351892747905677, 0.14462288421155522]]","tensor(-3, dtype=torch.int32)"
"['Bi', 'Bi', 'Bi', 'Bi', 'Bi', 'Bi', 'Bi', 'Bi', 'Bi', 'Bi', 'Bi']","[[-0.020637688432082253, 0.0007371121684991158, 2.509839243273169], [-0.15479678176653644, -0.111641677408922, -2.4418852309401364], [1.8248455640672958, 3.36759113499136, -0.0038240752013986357], [2.194296654380498, -3.4446846113962493, 0.10673024125055075], [-4.0938769476986465, -0.09556463706614604, 0.13824300566614497], [2.624780600203766, 0.7482807514348763, 0.8987872836451931], [-0.5801660490970798, 2.684687008661455, -1.160167562508627], [-0.5962079555138002, -2.601947094223013, 1.222827142638628], [2.7360817057680538, -0.766426680141367, -1.2354404622479724], [-1.980373916934114, 2.074215457034227, 1.0742691968443312], [-1.9565503749078335, -1.9254413723133046, -1.2399501341560553]]",[-64250.60546875],"[[0.19433380284795734, 0.518574310051358, -0.4690018196854834], [0.981680124138618, 0.8030294935788939, -0.5827567936542363], [1.3119333650881235, 0.9271063725679746, 0.41040392949423304], [-0.4790764358674134, 0.5174193698745198, 0.06903580345017776], [0.8963770448619743, 0.16109338014393668, -0.07407861370494159], [-0.26210200031864983, 1.4533112067885676, 3.5332587064165724], [-0.25745822549453, -0.19562362317100424, -2.7248273221174264], [0.6821382131630602, -0.46713293518917837, 0.4834527129711453], [-0.6104254784695234, -2.199193787334263, -2.8116175282825013], [-1.296785445351124, -1.5167239016805258, 2.0323265290596004], [-1.1744029242795333, -0.004148428901275983, 0.14192404715718396]]","tensor(-3, dtype=torch.int32)"
"['Bi', 'Bi', 'Bi', 'Bi', 'Bi', 'Bi', 'Bi', 'Bi', 'Bi', 'Bi', 'Bi']","[[0.09417674691350308, 0.030359192623098632, 2.3613600773696426], [0.0024245146018826193, 0.17027480748368934, -2.6014110335927065], [2.1409309188266623, 3.4419329731606867, -0.0014861776720192204], [2.0888497280788014, -3.427001684325336, -0.06441416104198351], [-3.8064987658901686, -0.10081325375899174, 0.11171881466568812], [2.6426516790211547, 0.812296927369495, 1.3378445631491087], [-0.6675063568954337, 2.6627337759142202, -1.2815275104785073], [-0.6853245357707995, -2.4088455419930597, 1.130560192600076], [2.5997444966936323, -0.9240865846385424, -1.2052325587069204], [-2.082909738121185, 1.6262748776610692, 1.3843311336127335], [-2.0128431788189776, -2.0284872375514857, -0.9852749697244109]]",[-64250.234375],"[[-0.006842557748942356, 0.18422504239721965, 1.4157098307641054], [0.07039159831671903, -0.8533490955133028, 0.30989883444025007], [-0.6130840006040976, -0.28977567307682006, -0.16351793176183174], [-0.8027893524112254, -0.6603650711471722, 0.5040351764565485], [-1.5301106147809842, -0.42934489697228856, -0.3631063010376704], [0.6425586292755985, 0.3679184832117076, -0.8769137831997628], [0.45697285549104605, 0.2240081035010549, 0.7808393184003095], [3.000111375612055, -2.2071585550987547, 3.7698424937897204], [0.09810682012488417, 1.181688920435197, -0.3909845308761373], [0.5683406102803894, 1.6386127706729694, -0.08767985977146285], [-1.8922738346591172, 0.8502462865074961, -4.911484917745929]]","tensor(-3, dtype=torch.int32)"
"['Bi', 'Bi', 'Bi', 'Bi', 'Bi', 'Bi', 'Bi', 'Bi', 'Bi', 'Bi', 'Bi']","[[0.008766661039960755, -0.16731818853777813, 2.5854248438389105], [0.058058457308090186, -0.09829195891041892, -2.588381972288522], [1.9507108433172995, 3.4429557037493983, 0.02493341642705352], [1.9949799537113015, -3.3849582098192084, -0.057008961352282894], [-3.8988258209672497, -0.07924287169764682, 0.04915629439814251], [2.6134657934819683, 0.844092154696546, 1.301694547909512], [-0.6578448857756519, 2.8972366225966253, -1.1164504039163263], [-0.5481514352250073, -2.701834034783978, 1.2872442658915417], [2.526700697943615, -0.878384734656554, -1.0883342347875593], [-1.9739312800340163, 1.6798335797782313, 1.3740830285248933], [-1.9356732283126024, -1.9219511581193365, -1.3661157618417612]]",[-64251.6640625],"[[0.4004759176953914, 0.4378053736995902, 0.2584033635377307], [-0.30598715593392395, 0.7966423555840105, 0.24789299655177008], [0.22615219903148448, 0.08306678393601502, 0.13517536043641695], [-0.18236911626799232, -1.3318367998542415, 0.574123538699233], [-0.009610845480198624, -0.2537091950638646, -0.22137194997631707], [-0.242256775360198, 0.16580863167534965, 0.21644442805087075], [0.023055701539604203, -1.0742218912466739, -0.031925189583315985], [-0.3012770980337603, -0.40815339023423736, -0.57575001945584], [0.5672581752526759, 1.079191322176756, -0.8670145163501132], [-0.0744064295387503, 0.3748438562391361, -0.34836831821472947], [-0.12483160102716859, 0.1313169552169655, 0.6043180766528236]]","tensor(-3, dtype=torch.int32)"
"['Bi', 'Bi', 'Bi', 'Bi', 'Bi', 'Bi', 'Bi', 'Bi', 'Bi', 'Bi', 'Bi']","[[0.00783154682482183, -0.10914883526058367, 2.6550885043756085], [0.07348891962169023, -0.17719960441030336, -2.4874874358405803], [2.002922093201528, 3.359115329509655, -0.08168465008248682], [1.9945719998338984, -3.4781502748538613, 0.05946900230681859], [-3.921660302846444, 0.07912580967511934, 0.13651688871739434], [2.564667617663063, 0.7583888581644506, 1.211340290061329], [-0.5628716642020001, 2.6918039795589834, -1.3103933029264392], [-0.4866633880747214, -2.688983225852539, 1.1638004778340858], [2.551566002431262, -1.0101496439222348, -1.0045644886281733], [-1.9504243747019971, 1.9286123975458471, 1.215224554253131], [-2.0191608550775366, -1.901678693173341, -1.3808948230250833]]",[-64251.59765625],"[[-0.1363902073499434, 0.36739726889147467, -0.5396789648767342], [-0.06882019062019189, 0.6895573925359106, -0.22946049071523625], [0.17241379933852294, 0.08762802630315239, 0.031772368269355804], [0.344109900544894, -1.5590694798739595, 0.33123391165798655], [0.08867364311329613, -0.5128825015787902, -0.40761916612483523], [-0.012699220304899457, 0.5843524211558965, 1.0236842596439748], [0.05409084670863602, -0.6183532223280787, -0.13062532808524357], [-1.1021718549028918, 0.06933127478838402, 0.44068408523030067], [0.6392902411349112, 0.89219231504937, -1.5785846778486647], [0.33848463225882797, -0.32173388592734736, 0.2774258864530286], [-0.3431776694466794, 0.326161585122657, 0.7595716555446315]]","tensor(-3, dtype=torch.int32)"
"['Bi', 'Bi', 'Bi', 'Bi', 'Bi', 'Bi', 'Bi', 'Bi', 'Bi', 'Bi', 'Bi']","[[0.027101026483994248, -0.008079367539493565, 2.501896038112016], [-0.00483061615399561, 0.04095398358123774, -2.4652199693704064], [1.9497373538129952, 3.5118252093096576, -0.040265247434098914], [2.0903741144990224, -3.3748059952101994, 0.09607419221886644], [-4.009952656903743, 0.1257258166477927, -0.11797006268238386], [2.5482252618669663, 0.8053694606455386, 1.3841976468363382], [-0.619974600585322, 2.722636697568277, -1.3764072248498151], [-0.5522438221847863, -2.60901447889369, 1.0165472067577677], [2.5654595225922923, -0.8423831973376121, -1.1681039231001416], [-1.9788973829845529, 1.761130775503299, 1.3498008515781468], [-2.144107624674882, -1.7714605430229946, -1.2287364771949643]]",[-64251.7578125],"[[-0.47763193789290026, -0.5039010676417135, 0.40661499552050323], [0.050146813422289126, -0.20176048984617814, -0.2948893429737781], [-0.018435334051570634, -0.4907163405169727, 0.15372726836959455], [-0.008260233960488398, -0.5246472590667006, 0.017262447564771733], [-0.11432627340618262, 0.214823398035971, 0.38519214079244335], [0.5217264842650794, 0.7009509853668122, -0.7992180881511445], [0.015178988964730794, -0.1350170318164488, 0.8929446202491537], [-0.05057295857961298, -0.3777540380898923, 0.9985172595839494], [0.24779154076508703, 0.7102491279659169, -0.14649367132524851], [-0.2491227044497625, 0.5765069526438659, -0.8058268553607282], [0.06854086581874107, 0.025154453069680394, -0.8064521479943147]]","tensor(-3, dtype=torch.int32)"
"['Bi', 'Bi', 'Bi', 'Bi', 'Bi', 'Bi', 'Bi', 'Bi', 'Bi', 'Bi', 'Bi']","[[0.1522681762308706, 0.08561999845537603, 2.455604997759498], [-0.06279333934091659, 0.15025662387570315, -2.698053835610772], [1.935909032083305, 3.363205600013421, -0.02610768754912404], [2.0164926963972567, -3.370208670541881, 0.010179772086210945], [-4.011772872857388, 0.16081293024126014, 0.05793385022241071], [2.644019307853397, 0.8179854690597657, 1.242774240501742], [-0.6141392584166885, 2.7619477969548303, -1.380441686754159], [-0.46955420625751204, -2.5560681459088315, 1.231887520480708], [2.786996841580061, -0.8712744142753868, -1.2690650419576714], [-2.0427252911946856, 1.8523863467362842, 1.3091883506440551], [-2.075402475977892, -1.7954627054818282, -1.3322283864746423]]",[-64251.7109375],"[[-0.792413916993565, -0.1006929399545168, 0.4307440920841215], [0.35373585897780735, -0.5594800696806121, 0.4550745575583586], [0.16104859150217238, 0.43675466610238023, -0.10593207975492479], [0.3073601772011438, -0.3186958687569287, -0.17559667254091635], [0.06563196952027436, -0.643619981245765, -0.32121040903508497], [0.6253312001551913, 0.07248278051491497, -0.5774978563485708], [-0.16340932830441932, -0.22741188600886672, 0.664743662245025], [-0.6141150135402332, -0.007668617654676216, -0.23034109403350672], [-0.6625073154823049, 0.41428002391318725, -0.13089143740915887], [0.5168814947966155, 0.3453532352971545, -0.4368203835354167], [0.19813590087713107, 0.5895691923464681, 0.42742063088335425]]","tensor(-3, dtype=torch.int32)"
"['Bi', 'Bi', 'Bi', 'Bi', 'Bi', 'Bi', 'Bi', 'Bi', 'Bi', 'Bi', 'Bi']","[[0.072152925827874, 0.11312387539666834, 2.5228033326978103], [-0.13425894345295256, 0.14740639367701544, -2.5758012740914484], [2.044423754013191, 3.5621522900601508, 0.07703472294603703], [2.082500730472515, -3.5339141825040774, 0.22408440457935785], [-4.012230322238211, -0.09910914710731931, 0.15013197595438155], [2.6213824818520584, 0.7200576335898603, 1.1659025270705405], [-0.6930232713697465, 2.5758712758241162, -1.1394809970687692], [-0.6113457445064141, -2.683243166401567, 1.175802854634005], [2.6798341379020654, -0.6919885024700537, -1.4240260986280822], [-1.9647783303610713, 1.9244676256775601, 1.3063632889854364], [-1.9647716399058068, -1.6823301430941138, -1.500789197928201]]",[-64251.31640625],"[[-0.28007191301934947, -0.7270045022856395, -0.029704752815729995], [1.386392039471917, 0.07398497407617834, -0.6599110140785398], [-0.5575985353497791, -0.727093976724985, -0.10370802287209174], [-0.018523466374325892, 0.925246435515604, -0.4787541221974035], [0.664191388981479, 0.15484117371735368, -0.11775864659691172], [0.24148215297266948, 0.5577574296127545, -0.22715662674627435], [0.7645457144629558, 1.3163330392435235, -0.27698597045958023], [0.12893009599219699, 0.618217982227229, -0.32094753930293907], [-0.6349800414188568, -0.7933210026889981, 0.3953604994473197], [-0.7768186250598383, -0.5576684693943249, 0.5160628550986964], [-0.9231458430746494, -0.8462127376441304, 1.3124619841895437]]","tensor(-3, dtype=torch.int32)"
"['Bi', 'Bi', 'Bi', 'Bi', 'Bi', 'Bi', 'Bi', 'Bi', 'Bi', 'Bi', 'Bi']","[[-0.1771919393241277, -0.01002591808340154, 2.499372980204092], [-0.06184629137342956, -0.13945337162557633, -2.7132469208939893], [2.0366549575689885, 3.6396887956489814, -0.13581472676714199], [2.0162523559086325, -3.500713847298221, 0.06358465686968368], [-3.980789021242848, -0.009461631048941481, -0.09959148233155553], [2.7385617752392193, 0.789317253314819, 1.258786576136221], [-0.5383119285714267, 2.642299527118121, -1.2027153262012789], [-0.6705167530003519, -2.742615395905231, 1.1634891576908837], [2.590313117425063, -0.787897020081181, -1.1105026304996626], [-1.910855236327387, 1.8631192881323697, 1.1163605230111575], [-2.1151574005270186, -1.9526183183022767, -1.3780702463635077]]",[-64251.53125],"[[0.915155878485285, -0.45133637718901615, -0.028397186728879583], [0.2543692490313577, 0.2927970294895675, 0.7437866160929826], [0.08629619413128638, -0.9705971207408466, 0.3740851232779051], [-0.18159063722359545, 0.32179302133266185, 0.06221594855466703], [0.24541275480869623, 0.15509699862295342, 0.06718085434069042], [-0.9316510570216239, 0.9197992933547636, 0.4594804023647478], [0.5774330645131827, 0.011750451862033405, -1.4495296261739337], [0.20223115625039007, 0.254198321998953, -0.0627501212419776], [-0.3025949948188087, -0.5610129622305475, -0.9507291672179173], [-1.075212280730463, -0.28386377805229923, 0.6973159577131749], [0.20082285942834782, 0.3177430688220829, 0.09066141548532904]]","tensor(-3, dtype=torch.int32)"
"['Bi', 'Bi', 'Bi', 'Bi', 'Bi', 'Bi', 'Bi', 'Bi', 'Bi', 'Bi', 'Bi']","[[-0.036776291274698815, 0.014974055668460757, 2.634411134927208], [0.12026201961249113, 0.034305420998307516, -2.572324137545858], [2.0264267512895504, 3.417802591938513, 0.11334970154387419], [2.085869645952203, -3.343894802437224, 0.01027891547173121], [-3.6875125974369807, 0.007170450020465894, 0.020763276877983745], [2.503797251553568, 0.961909928857596, 1.2957314407408274], [-0.7495614153322878, 2.9324690615126476, -1.260050984902047], [-0.6043044441051483, -2.5682771439583187, 1.1098405315064341], [2.6046673836367837, -1.0097600368584692, -1.13055203565169], [-2.0184484112794507, 1.913301359339123, 1.2396501077238267], [-2.1267685727007617, -1.7069828597665946, -1.3369142300704255]]",[-64250.96484375],"[[-0.11203351660900157, 0.0038527323343086157, -0.4298080557511301], [-0.3793444205382116, 0.4894178812825407, 0.2487407411535223], [-0.709060763429553, 1.1564113628782793, -0.726601867308585], [-0.7840372582755352, -2.3269401467783384, 1.1835745685333563], [-2.3517132536168774, 0.7716455626471078, 0.6442750986924667], [0.3347473774871339, -1.1892716220592652, 0.3113553651841923], [1.0068358113384963, -0.9053841384227485, 0.13194121940872044], [0.1484082186388746, -0.12248577663147919, 0.24566307755049716], [0.4800629172722426, 2.721843298143165, -1.0094588522298817], [0.6352968015029763, 0.5236332154207857, 0.4646178292680148], [1.7238669989626143, -1.1112056879512864, -1.0814148134165817]]","tensor(-3, dtype=torch.int32)"
"['Bi', 'Bi', 'Bi', 'Bi', 'Bi', 'Bi', 'Bi', 'Bi', 'Bi', 'Bi', 'Bi']","[[0.1352020496183178, -0.007802262858891996, 2.485611238611038], [0.012096515213285947, -0.1409496659071857, -2.590531545971108], [2.096920168063188, 3.2907370165302687, 0.060387163717898186], [1.9523548287184598, -3.524328051164611, 0.1931887755969431], [-3.9954443328284057, -0.11901300785526824, -0.16449250027916132], [2.560931388739218, 0.6556736082237355, 1.1294394659971037], [-0.5512584476491303, 2.6784266044172207, -1.3013263239484478], [-0.5966255631279564, -2.5675144226302034, 1.250797062543608], [2.78769966856564, -0.8311564668255284, -1.2826280719992575], [-2.114986028012311, 1.9081845918488098, 1.3327861523839732], [-2.023103358906814, -1.8924949999769094, -1.5087641961546467]]",[-64251.45703125],"[[-1.1615664275589574, 0.2741689654387631, 0.30942899078950337], [0.6541476260544958, 0.8025353272788308, -0.040270475683274125], [-0.4134093964806829, 0.5166490669426838, -0.43908079583699533], [0.4248518402985834, 0.49334647765699596, -0.4098020339123144], [0.35802533559095584, 0.4383327586708125, 0.2892390835512053], [0.9806717369227766, 0.2764711324787029, 0.5434024385278854], [0.11852951517175508, -0.5080670798129836, 0.6216833169786594], [-0.4206441248110436, -0.26981726809480544, -0.47308643068578576], [-0.758387404775594, -1.0629105737622968, -0.4257017446281819], [0.29974698227677016, -0.7596477602401667, -0.9272827503420865], [-0.08174734448821927, -0.19836894579616185, 0.9485139035127442]]","tensor(-3, dtype=torch.int32)"
"['Bi', 'Bi', 'Bi', 'Bi', 'Bi', 'Bi', 'Bi', 'Bi', 'Bi', 'Bi', 'Bi']","[[-0.03254692337345684, -0.0273976344730969, 2.5276718095949606], [-0.07915106542896336, -0.031020627875409035, -2.555301241608122], [2.000152159811902, 3.2815224618391063, -0.03549042822571664], [2.071439140630325, -3.500991122993814, 0.03512018683683039], [-3.876858616763445, 0.15190299645295, 0.1517203000819937], [2.5774938850746905, 0.6986061446278987, 1.1840988608592569], [-0.5352262105371245, 2.6977771217949176, -1.2629525587057595], [-0.569018471491781, -2.7269314218275893, 1.471336471105233], [2.644988685087699, -0.9849843972834293, -1.1856384982743515], [-2.100793352175789, 2.134923919365835, 1.039602181668141], [-2.0792168957416077, -2.0422512704596523, -1.1741440090974666]]",[-64251.47265625],"[[-0.08584244559520354, 0.6258341082108225, -0.13044087704275387], [0.02306703496858796, -0.519715880484386, 0.4484993689745752], [0.4830653503552894, 0.4674089175546767, 0.09442597538765096], [-0.5559422297800569, -0.3694856228746338, 0.43368425301426755], [-0.5604812578036327, -1.0957770035942718, -0.56582401311857], [-0.053149102523479506, 0.07332836538882093, 0.5980646360960428], [0.13073999934946215, -0.13468397092929915, -1.0417570679499217], [0.1528470764280567, -0.043750542863941665, -0.7150601788539394], [-0.3619969208339701, 0.3263039728942361, -0.7841611855162378], [0.5043373326666598, -0.3248229138126112, 1.2587639508384707], [0.30930244102213034, 1.0019491699758543, 0.40825016661058683]]","tensor(-3, dtype=torch.int32)"
"['Bi', 'Bi', 'Bi', 'Bi', 'Bi', 'Bi', 'Bi', 'Bi', 'Bi', 'Bi', 'Bi']","[[0.02207202175906417, -0.15913507928625348, 2.4780863098275767], [-0.06843993281257824, 0.09505166655468418, -2.6346396988487846], [2.1296429901154705, 3.436957659171768, -0.1576405490491581], [2.19584773894747, -3.4812372778688845, -0.09076099945251023], [-3.8004343743682187, 0.20555069862515124, -0.21091671947864993], [2.577604973960674, 0.8425413519137893, 1.198899238816085], [-0.7448894196833035, 2.6606141598969164, -1.2259441209585988], [-0.4285085666037516, -2.892182977765899, 1.1177842028242715], [2.6490685954074995, -0.9855161615133702, -1.4007983291357395], [-1.922284138541024, 1.7701735633325044, 1.2443573479443715], [-2.138717313264596, -1.953045006755309, -1.3180058437494806]]",[-64251.68359375],"[[0.1042698092225796, -0.11227412057549428, -0.1389969474382987], [0.11174755835773723, -0.678971640763697, 0.34042165102647354], [-0.6164737448809087, -0.23668987114807288, -0.12831303089326293], [-0.22239108440929825, -0.5074317598715393, 0.15147066130279271], [-0.7703908636126087, -0.5215146252477787, -0.2836433829677966], [0.05169061774005729, -0.27303078886377924, -0.5080794725370538], [0.9802778437012905, 0.2242395029131552, -0.31829637052746046], [-0.2413497925089481, 0.3932193863982017, -0.17960255631901306], [-0.3038715482422285, 1.0799271723072348, 0.10503913513467564], [0.17658773051189602, 0.21524475065435983, 0.8907787217518951], [0.7278380543901163, 0.4114843076382834, 0.0687728308738487]]","tensor(-3, dtype=torch.int32)"
"['Bi', 'Bi', 'Bi', 'Bi', 'Bi', 'Bi', 'Bi', 'Bi', 'Bi', 'Bi', 'Bi']","[[0.02207202175906417, -0.15913507928625348, 2.4780863098275767], [-0.06843993281257824, 0.09505166655468418, -2.6346396988487846], [2.1296429901154705, 3.436957659171768, -0.1576405490491581], [2.19584773894747, -3.4812372778688845, -0.09076099945251023], [-3.8004343743682187, 0.20555069862515124, -0.21091671947864993], [2.577604973960674, 0.8425413519137893, 1.198899238816085], [-0.7448894196833035, 2.6606141598969164, -1.2259441209585988], [-0.4285085666037516, -2.892182977765899, 1.1177842028242715], [2.6490685954074995, -0.9855161615133702, -1.4007983291357395], [-1.922284138541024, 1.7701735633325044, 1.2443573479443715], [-2.138717313264596, -1.953045006755309, -1.3180058437494806]]",[-64251.68359375],"[[0.1042698092225796, -0.11227412057549428, -0.1389969474382987], [0.11174755835773723, -0.678971640763697, 0.34042165102647354], [-0.6164737448809087, -0.23668987114807288, -0.12831303089326293], [-0.22239108440929825, -0.5074317598715393, 0.15147066130279271], [-0.7703908636126087, -0.5215146252477787, -0.2836433829677966], [0.05169061774005729, -0.27303078886377924, -0.5080794725370538], [0.9802778437012905, 0.2242395029131552, -0.31829637052746046], [-0.2413497925089481, 0.3932193863982017, -0.17960255631901306], [-0.3038715482422285, 1.0799271723072348, 0.10503913513467564], [0.17658773051189602, 0.21524475065435983, 0.8907787217518951], [0.7278380543901163, 0.4114843076382834, 0.0687728308738487]]","tensor(-3, dtype=torch.int32)"
"['Bi', 'Bi', 'Bi', 'Bi', 'Bi', 'Bi', 'Bi', 'Bi', 'Bi', 'Bi', 'Bi']","[[-0.058001367805775764, 0.013624731028625568, 2.6763252044548334], [0.259632388871043, 0.05762783901810741, -2.4635444265138915], [1.9931112176579917, 3.5302649851135883, -0.2198990870142671], [1.8866017442224439, -3.4831541334378926, 0.1562962295600796], [-3.968476952661722, -0.033378236838919245, -0.0345261178223227], [2.7237381761201496, 0.8694679344104852, 1.2314097744023946], [-0.48522646867303265, 2.6052948935486935, -1.2400064879857424], [-0.4793464374718126, -2.6235258339222693, 1.1800008500907369], [2.523787038372683, -0.8186003983183506, -1.2808883936770132], [-2.1377453780159557, 1.671603936081878, 1.3340373462847896], [-1.9457967962144227, -1.694690556553735, -1.2285368034938073]]",[-64251.2421875],"[[0.640729031257259, 0.010696160145040469, -0.39993300325251263], [-2.1292859680551084, 0.2188078388018798, -1.1950416949552143], [0.731086902136004, -0.332611972290181, 0.6524290997539645], [1.639678750631378, -0.14099968363898077, -0.8913191679343783], [-0.5718316560776088, -0.14492725157160444, -0.1548455445951378], [-0.6972285401574926, 0.2591582912641849, -0.15383792871067006], [-0.9612059041559861, 0.16437009866345964, 0.29819259529255526], [-1.6222080950178075, 0.46457062378794634, 0.9054005934920535], [2.119326023137397, -0.9000238995966747, 1.4071835337595842], [0.6603696991354142, 0.7846286123286804, -0.07451482730779638], [0.19906993174855092, -0.38347582564184984, -0.39950481149594397]]","tensor(-3, dtype=torch.int32)"
"['Bi', 'Bi', 'Bi', 'Bi', 'Bi', 'Bi', 'Bi', 'Bi', 'Bi', 'Bi', 'Bi']","[[0.07795778273791068, -0.0966434389589097, 2.416697180335132], [-0.03643636897682378, -0.031177879543855022, -2.559160224756002], [1.922751456778394, 3.4378177745178844, 0.021485936782948023], [1.8391634114978792, -3.2666160329785567, 0.05918316237474065], [-4.123900919085201, 0.014221359650250748, -0.06236535050751357], [2.698004903726496, 0.7805701431166917, 1.1675592820814331], [-0.5152587577101567, 2.6806800347656385, -1.0526403782442764], [-0.6749796797878557, -2.6129895145789273, 1.110212834695013], [2.597868920984821, -0.8190885555896925, -1.2887461948035084], [-2.0156014407226603, 1.8906725227028947, 1.3045796683739783], [-2.0761937237857344, -1.9073685637278013, -1.3086817260709012]]",[-64251.66015625],"[[-0.1363124571474777, 0.5689057390668298, 0.2869568682827977], [-0.05855788380400279, 0.25832638466663865, 0.2016187705617896], [1.1912560005732538, 0.2514697629756497, 0.562856444213613], [1.0175192650847078, -0.890556064095363, -0.2468383808756002], [0.7588430045069736, 0.12051091120443233, 0.12268688843164012], [-0.23100618736597447, 0.23978512110641767, 0.23162515508229686], [-0.9461993951708256, -0.35657610678401763, -1.206588011398102], [-0.6573244828721746, -0.19503972532113786, 0.8215213919312001], [-0.0962264170800658, 0.1326016847529462, -0.5203524859781196], [-0.398308425113294, -0.8169551101990882, 0.1711706702746287], [-0.4462486240262133, 0.6846265281745119, -0.4195028114884735]]","tensor(-3, dtype=torch.int32)"
"['Bi', 'Bi', 'Bi', 'Bi', 'Bi', 'Bi', 'Bi', 'Bi', 'Bi', 'Bi', 'Bi']","[[0.1522681762308706, 0.08561999845537603, 2.455604997759498], [-0.06279333934091659, 0.15025662387570315, -2.698053835610772], [1.935909032083305, 3.363205600013421, -0.02610768754912404], [2.0164926963972567, -3.370208670541881, 0.010179772086210945], [-4.011772872857388, 0.16081293024126014, 0.05793385022241071], [2.644019307853397, 0.8179854690597657, 1.242774240501742], [-0.6141392584166885, 2.7619477969548303, -1.380441686754159], [-0.46955420625751204, -2.5560681459088315, 1.231887520480708], [2.786996841580061, -0.8712744142753868, -1.2690650419576714], [-2.0427252911946856, 1.8523863467362842, 1.3091883506440551], [-2.075402475977892, -1.7954627054818282, -1.3322283864746423]]",[-64251.7109375],"[[-0.792413916993565, -0.1006929399545168, 0.4307440920841215], [0.35373585897780735, -0.5594800696806121, 0.4550745575583586], [0.16104859150217238, 0.43675466610238023, -0.10593207975492479], [0.3073601772011438, -0.3186958687569287, -0.17559667254091635], [0.06563196952027436, -0.643619981245765, -0.32121040903508497], [0.6253312001551913, 0.07248278051491497, -0.5774978563485708], [-0.16340932830441932, -0.22741188600886672, 0.664743662245025], [-0.6141150135402332, -0.007668617654676216, -0.23034109403350672], [-0.6625073154823049, 0.41428002391318725, -0.13089143740915887], [0.5168814947966155, 0.3453532352971545, -0.4368203835354167], [0.19813590087713107, 0.5895691923464681, 0.42742063088335425]]","tensor(-3, dtype=torch.int32)"
"['Bi', 'Bi', 'Bi', 'Bi', 'Bi', 'Bi', 'Bi', 'Bi', 'Bi', 'Bi', 'Bi']","[[-0.06042301835118957, -0.03391599341487682, 2.4702397892096517], [0.013721220509486487, 0.07467900569798774, -2.567959430487227], [1.9130662604857798, 3.320070475291524, -0.02357311278480988], [2.0072849761361207, -3.4841125243636375, -0.033864027737304514], [-3.9818351436541963, -0.0957169968113788, 0.13948991184542195], [2.6233389210355345, 0.7453606116123491, 1.37088467721095], [-0.5233420519442267, 2.6241429693858773, -1.1525963691212278], [-0.5564428225932182, -2.730918784907373, 1.3713978794809454], [2.4722906615346067, -0.8186841130621523, -1.4321805955017475], [-2.1791072023926152, 1.9507247644033983, 1.3594982638082087], [-1.9556309568515473, -1.700028472033236, -1.327737487847648]]",[-64251.5546875],"[[0.05516212314247712, 0.4024457951795553, 0.41084960476193816], [-0.5584387723261609, 0.13550204498421098, -0.4424254429394926], [1.1990490185518752, 0.30540737185138384, 0.6734319388380166], [-0.1937598294617655, 0.3330155328648839, -0.008539836441233734], [0.08027271316804162, 0.16799669309407825, -0.039106192112396194], [-0.30651772907482405, -0.13466309356011855, -0.9181301322621471], [-1.2795729286372746, 0.22543218690521155, -0.1277364864024922], [-0.039110408723905574, 0.07510890673179514, -1.0438782292275075], [0.939284152295438, -0.35342588660977614, 1.2162759334513666], [0.38965912646571854, -0.5538092414214082, -0.4854323092306173], [-0.28812306989769154, -0.6084318439790506, 0.7842084938404894]]","tensor(-3, dtype=torch.int32)"
"['Bi', 'Bi', 'Bi', 'Bi', 'Bi', 'Bi', 'Bi', 'Bi', 'Bi', 'Bi', 'Bi']","[[-0.054099149553607506, -0.127429839566631, 2.4457983344958336], [-0.03492754695871849, -0.14922680324134782, -2.37787339399685], [2.0165485385155915, 3.3866391264807074, -0.021810434477950887], [1.7989948939489422, -3.4285205458802297, 0.20125164938851278], [-3.8593575611324358, 0.04704606719970336, 0.10589300090382614], [2.6833106638610986, 0.7908598968768173, 1.3065811313292575], [-0.500430367906656, 2.489422490547924, -1.1551902400208427], [-0.5133182168979217, -2.5968997061118198, 1.2811927514421615], [2.6548800939011223, -0.801487965633295, -1.1393569415395381], [-1.842122932938273, 1.9999344432900805, 1.2780620052308291], [-1.9977359792511804, -1.910613845330079, -1.3332565441231397]]",[-64251.26953125],"[[0.6326218242990972, 1.6047472096016369, 0.9169170851218259], [0.8414243124764023, 0.35300381408210524, -0.7315198761470895], [0.3686362327659511, -0.0042931424940570815, 0.19301801436866362], [2.350427187106516, -0.4945959830602458, -1.0658904839692325], [0.16377817896730715, 0.0014975696867886971, -0.138081171409389], [-0.2802805838669723, 0.15704481602983036, 0.2288651771610396], [0.016520401072257745, 0.650423123961513, -0.9611956197376705], [-2.438100310583982, -0.7617714926223315, 0.019110891779674483], [-0.16307796434629174, -0.6534662833410894, -0.04845278974839463], [-0.6952230785859568, -0.7091055006492257, 0.6528229929754507], [-0.7958309149789123, -0.14585418619438656, 0.926905826410821]]","tensor(-3, dtype=torch.int32)"
"['Bi', 'Bi', 'Bi', 'Bi', 'Bi', 'Bi', 'Bi', 'Bi', 'Bi', 'Bi', 'Bi']","[[0.08508369866040845, -0.01562116288865024, 2.524017502701893], [-0.002372139692064668, -0.07957747207782374, -2.55042984825845], [1.9210220346159477, 3.3129361685890557, -0.06970623644077054], [1.9990635991867722, -3.363228719140668, 0.09770540530175531], [-3.96686000006011, 0.00991763735629026, 0.041449029620176416], [2.5818092347949615, 0.8416943406498261, 1.2399523542063862], [-0.47306209891461903, 2.673296748274361, -1.259794201787207], [-0.6058193253374449, -2.724410908739008, 1.1805598664142098], [2.4117158959927956, -0.9449238925169059, -1.4274155240783715], [-2.1789683943748575, 1.7810934167794408, 1.223643542513349], [-1.935310836852447, -1.7149725295972604, -1.2737121803112572]]",[-64251.4609375],"[[-0.6404292404633601, -0.03338053247694279, -0.044936377433399864], [-0.4729747933249703, 1.0233443596186453, -0.8786261388493047], [1.1356671769148639, 0.9482763334496546, 0.3712067717018356], [0.1894972980246038, -0.5284699773545971, -0.004171787900596131], [-0.7126232859340657, -0.72441848530019, -0.4589635589222989], [0.25276081742889456, -0.6998459246188045, -0.4188766961014218], [-1.4171115969805173, -0.3670639508938671, -0.21176995423807898], [-0.12343687963730289, 0.3492670735313269, 0.3256916900498188], [1.382138918277514, 0.234146534498633, 0.8093353846690841], [1.3116721408629082, 0.6352032132963045, 0.23248549809648572], [-0.9169690214343195, -0.8301998983267918, 0.2711063685085703]]","tensor(-3, dtype=torch.int32)"
"['Bi', 'Bi', 'Bi', 'Bi', 'Bi', 'Bi', 'Bi', 'Bi', 'Bi', 'Bi', 'Bi']","[[-0.04107311756800282, 0.1358374355408555, 2.522464992908853], [0.10129029218052961, 0.12620268584169622, -2.508673928080129], [1.891487885454792, 3.2596620802919736, -0.003948435570921414], [1.8115179640628303, -3.4849948900401837, -0.011017143622563695], [-4.057188769544861, -0.005506563124106287, -0.11024278827078898], [2.525810953450667, 1.0563042698856335, 1.3145792497350186], [-0.5199314977757077, 2.655270453092155, -1.4438745183934873], [-0.48166911650190214, -2.679022619766184, 1.1937990224146078], [2.756416528723515, -0.7275094187226737, -1.166188362422962], [-1.984421815354426, 1.8098220510280545, 1.1985118713339498], [-1.988605218280998, -1.9267090742059865, -1.3222312480743788]]",[-64251.12109375],"[[0.03498777622909053, -0.7486706863510457, 0.20247818797833003], [0.332711731147842, -1.4744698548101007, -0.3797659274228752], [-0.0034364159955689462, 2.829514473035252, -1.1498283067144845], [1.9414786056481188, -0.04130324211273258, -1.0289329125313247], [0.5904325692640601, -0.1316475478437194, -0.059002067831052156], [0.8686713361407511, -2.4374138256614177, 1.0120165870649633], [-0.8859028790284846, 0.6639023968268116, 0.6858976822783159], [-1.678780109067166, 0.7960983098551171, 0.7514839889812692], [-0.6571506762026416, -0.3900619157090477, 0.3527497889497107], [-0.5247053660301836, 0.2477460836361322, -0.7235139707093359], [-0.010233803550827498, 0.6893517041695993, 0.3308324593890384]]","tensor(-3, dtype=torch.int32)"
"['Bi', 'Bi', 'Bi', 'Bi', 'Bi', 'Bi', 'Bi', 'Bi', 'Bi', 'Bi', 'Bi']","[[0.00783154682482183, -0.10914883526058367, 2.6550885043756085], [0.07348891962169023, -0.17719960441030336, -2.4874874358405803], [2.002922093201528, 3.359115329509655, -0.08168465008248682], [1.9945719998338984, -3.4781502748538613, 0.05946900230681859], [-3.921660302846444, 0.07912580967511934, 0.13651688871739434], [2.564667617663063, 0.7583888581644506, 1.211340290061329], [-0.5628716642020001, 2.6918039795589834, -1.3103933029264392], [-0.4866633880747214, -2.688983225852539, 1.1638004778340858], [2.551566002431262, -1.0101496439222348, -1.0045644886281733], [-1.9504243747019971, 1.9286123975458471, 1.215224554253131], [-2.0191608550775366, -1.901678693173341, -1.3808948230250833]]",[-64251.59765625],"[[-0.1363902073499434, 0.36739726889147467, -0.5396789648767342], [-0.06882019062019189, 0.6895573925359106, -0.22946049071523625], [0.17241379933852294, 0.08762802630315239, 0.031772368269355804], [0.344109900544894, -1.5590694798739595, 0.33123391165798655], [0.08867364311329613, -0.5128825015787902, -0.40761916612483523], [-0.012699220304899457, 0.5843524211558965, 1.0236842596439748], [0.05409084670863602, -0.6183532223280787, -0.13062532808524357], [-1.1021718549028918, 0.06933127478838402, 0.44068408523030067], [0.6392902411349112, 0.89219231504937, -1.5785846778486647], [0.33848463225882797, -0.32173388592734736, 0.2774258864530286], [-0.3431776694466794, 0.326161585122657, 0.7595716555446315]]","tensor(-3, dtype=torch.int32)"
"['Bi', 'Bi', 'Bi', 'Bi', 'Bi', 'Bi', 'Bi', 'Bi', 'Bi', 'Bi', 'Bi']","[[0.054608362343333966, 0.06577299960590513, 2.511155676725004], [-0.06250295115086035, 0.07223567446928952, -2.735949437130333], [2.08811111728545, 3.4786483701531155, -0.013108027475374623], [1.920228513178796, -3.4248677407980046, 0.06658461397194687], [-3.8527208894512586, -0.041084675703159095, 0.03416093290622421], [2.678061433689659, 0.9253775030669507, 1.0657857608179995], [-0.532365758174713, 2.713335944673349, -1.339925687225944], [-0.596820534612481, -2.7305546875815168, 1.358337430036738], [2.7247314595845333, -0.9468752520034732, -1.1693831664627083], [-2.077481200692213, 1.9164338435797392, 1.2928376531517234], [-1.8926582356823747, -1.6979582240866296, -1.2568988358387976]]",[-64251.7109375],"[[-0.013136611473651388, -0.06151146590005064, -0.14788494743497851], [0.6961389060369582, 0.11008878452761932, 0.5458660709353796], [-0.45406869002500455, 0.5250555504738286, -0.47720307764914116], [0.2722749869617682, -0.38745949507638494, 0.03145603498859642], [-0.5492424454683804, 0.2464093663655663, 0.14039804516752005], [-0.116640061838819, -0.5439166594436637, 0.7551395854715377], [0.017190533769700127, -0.038649553654766675, 0.4686886591477743], [-0.10693229085820533, 0.8129256751030488, -0.20298233016415912], [-0.4629641462249631, 0.13667703977676457, -0.7598863587450879], [0.6256392184837425, -0.11165684978819392, -0.39777250407486975], [0.08816903812864281, -0.6836973309797003, 0.044036372559977076]]","tensor(-3, dtype=torch.int32)"
"['Bi', 'Bi', 'Bi', 'Bi', 'Bi', 'Bi', 'Bi', 'Bi', 'Bi', 'Bi', 'Bi']","[[-0.09077450162256603, 0.016006020268478718, 2.4231156885539344], [-0.17945485136850808, 0.018548746193282156, -2.594366842621093], [1.9270533679715895, 3.5679879712181912, 0.03653345828178695], [1.9934464551142486, -3.4824628605528143, -0.006383809329929078], [-4.004241580975175, -0.09587015665597698, 0.24345621516926075], [2.6069655992158958, 0.777026141225936, 1.249400305277522], [-0.4817573861106872, 2.808155257355563, -1.2684650145963021], [-0.6392422091341353, -2.6027551056972, 1.2924914303843706], [2.677150472700381, -0.6154446567406653, -1.1571022101299033], [-2.1100607638092423, 1.8252246792240105, 1.3087786583342376], [-2.0218701770614613, -1.949030427119256, -1.381935798955709]]",[-64251.48828125],"[[0.48398626859335686, 0.20570595266667088, 0.5452772879868133], [0.7083028017996956, 0.26374164513070075, 0.3033276567796097], [0.6085074344536701, -0.3845086897732823, 0.33837957692573445], [-0.13076149378374166, 0.8366446290642422, -0.01490066175185659], [0.09852359617712254, -0.5007566581638203, -0.4436973683746704], [-0.2551292161227866, 1.0611971896709234, 0.9001354855353986], [-0.8559582524399624, -0.5358865856228686, 0.13418898187577089], [0.10462153632897202, -0.5280565437383112, -0.7946569486281903], [-0.676639648910642, -1.2784066756002892, -1.1700037643450492], [0.157618686571839, 0.4278578729280406, -0.6143561831497334], [-0.26339732280549555, 0.4273781048136194, 0.8144945631170885]]","tensor(-3, dtype=torch.int32)"
"['Bi', 'Bi', 'Bi', 'Bi', 'Bi', 'Bi', 'Bi', 'Bi', 'Bi', 'Bi', 'Bi']","[[-0.1049329253394507, -0.0017561806170389577, 2.5258666851415845], [-0.035291182892162674, 0.093797956552952, -2.598410127271645], [1.9556847197564393, 3.4181079417419764, 0.05277186262887529], [2.0947262773920428, -3.494707095842277, -0.002026890370971061], [-4.031627385253557, 0.10589139632964471, 0.05380757189291076], [2.6484946710474673, 0.6059120241277514, 1.4889461519327178], [-0.6009666265397776, 2.6469424815321783, -1.2693051500889472], [-0.4063265046833322, -2.7097920692605255, 1.2434633252589984], [2.8209470693393954, -0.8841692556788603, -1.18785926323879], [-2.033629801655584, 1.7267771628726565, 1.292309855708645], [-2.070610787510793, -1.9100917149888845, -1.2826734677311329]]",[-64251.57421875],"[[0.6541856784022634, -0.5474097621245462, 0.4102525428566278], [0.4108361321739447, -0.8322752939428733, 0.3578587794363352], [0.16943311780021356, -0.6351718458204421, 0.27234142430408675], [0.2012869438048378, -0.002723636386476484, -0.14671771737825318], [-0.00037805794265111727, -0.8575076000592026, -0.46475132101775085], [-0.3010432303612643, 0.7004593901713281, -0.8986745839136723], [0.023212986291113336, 0.16471375250147433, 0.5140302940848991], [-0.6267756467076127, -0.021066047119019556, -0.2867448035771307], [-0.7440560678528505, 0.37366551901062994, 0.18357378160738635], [-0.029103196619615825, 0.96482550518215, -0.36000400625277945], [0.22395914966987285, 0.6843431924499179, 0.42023331372142825]]","tensor(-3, dtype=torch.int32)"
"['Bi', 'Bi', 'Bi', 'Bi', 'Bi', 'Bi', 'Bi', 'Bi', 'Bi', 'Bi', 'Bi']","[[-0.05276112644640854, -0.03306933169632437, 2.5194899722197874], [0.026486222655047704, 0.06263160231087357, -2.5163785839785997], [1.824918643951098, 3.5084265361512936, -0.010634867494852663], [1.9591512387337513, -3.464240866831708, 0.19326626193934696], [-3.838787157474287, -0.11982522383025469, 0.12689095412593762], [2.6656412574885255, 0.7482211068319078, 1.3235197232975933], [-0.6002139005827366, 2.745395104806121, -1.0974853841272127], [-0.3824203701725055, -2.5931587843646113, 1.0958066336136165], [2.4852246610663706, -0.8482408065080271, -1.2893680917488053], [-2.0556761480212606, 1.7251736018591282, 1.224449441876387], [-2.034666221238805, -1.8594722720117143, -1.1601321762386694]]",[-64251.21875],"[[0.5920693344389827, 0.3062747082700272, 0.2649532010303662], [-0.6834001112903804, -0.005438765502122331, -0.05912892613097468], [1.385060207300051, -0.22799305848787946, 0.8417899235475207], [2.3327199898716873, -0.475215459543383, -1.1041639467306172], [-1.4464926374453464, -0.256369157017003, -0.10153600514593546], [-0.583001048589231, 0.4471458366800634, -0.5174029148052148], [-0.793555487426593, -0.44302060222741446, -0.9665712851912177], [-2.2889546477297893, 0.001550336980282211, 1.4470711359755972], [0.6738561710935337, -0.06342930422753768, 0.4910372143684184], [0.3721959270554269, 0.8170610397077384, 0.8185718207582954], [0.43455297782938357, -0.1290342771497337, -1.0995035625709177]]","tensor(-3, dtype=torch.int32)"
"['Bi', 'Bi', 'Bi', 'Bi', 'Bi', 'Bi', 'Bi', 'Bi', 'Bi', 'Bi', 'Bi']","[[0.011337397529404401, -0.04508049791423224, 2.738968034289227], [0.025564009798362937, 0.008216607010463223, -2.3853633705995088], [1.7928927638637866, 3.265784985640116, -0.1029932411395615], [1.9053766401849992, -3.387164800969085, 0.055565198771092034], [-4.042605341319509, 0.09806497058797202, 0.04854180400284597], [2.4491131265402593, 0.8728319405461817, 1.2226752065837125], [-0.7017337870721336, 2.650541100973277, -1.3227448497071124], [-0.7109512513872059, -2.614990559969248, 1.2056518776296319], [2.6819942322307275, -0.7718728004877786, -1.3596957831668153], [-2.1270814012955435, 1.7822409158975838, 1.2214751340485057], [-1.9408291495270293, -1.9272333774253585, -1.174895514014446]]",[-64251.4453125],"[[-0.4303134834892487, 0.1994579114295057, -0.7189857413249915], [-0.22602991729771235, -0.34112525950553313, -0.7763907932579107], [0.5450140068779348, 1.3032507449252058, -0.10684122233402096], [0.17831294168433248, 0.18456005732384925, -0.30453679584097104], [-0.23369402009274806, -0.996696917542094, -0.5686229175631518], [0.4362670304079476, -0.8460363598700185, 0.3220919379510038], [-0.5845761072542601, -0.09758498873955228, 0.2250534117786492], [0.7823063906730252, -0.3355766101359181, 1.5044288795842649], [-0.30421026555945174, -0.2993553002052218, 0.8722924798296625], [0.833837497085008, 0.4026576027747643, 0.5535372185569614], [-1.0078997344132417, 0.8410982964157987, -1.0015917864393884]]","tensor(-3, dtype=torch.int32)"
"['Bi', 'Bi', 'Bi', 'Bi', 'Bi', 'Bi', 'Bi', 'Bi', 'Bi', 'Bi', 'Bi']","[[0.033741246160899574, -0.13274278061269892, 2.5862794057993397], [0.09747746946325286, 0.09552286633281021, -2.41309433122103], [1.8770370503758318, 3.5315637958466497, 0.10743949806831857], [1.9600411169416474, -3.483656344941452, -0.06336135944500652], [-3.9302474234114833, 0.12843378989125037, -0.018822343047000242], [2.5176640515047297, 0.8338384741649979, 1.2879603764092753], [-0.5859976570141505, 2.5648098162407096, -1.0818503243079662], [-0.5492484736543999, -2.6970600707958345, 1.2795146789079397], [2.555204936373399, -0.8977590072802039, -1.160360860614119], [-1.9338666809955902, 1.6865789717857465, 1.3764080836081585], [-2.124306605029956, -1.8512523049467722, -1.2416556864207908]]",[-64251.8984375],"[[0.10201783014401979, 0.013712785725362745, 0.39788326726012846], [-0.5652131186706253, -0.7953249215977864, -0.47262759136263666], [0.39422864778959993, -0.2537032301012416, 0.280420451956064], [-0.10100553484921847, -0.4172658476606544, 0.2085054741763515], [-0.3400220499528222, -0.3104184032535525, -0.12582456161553662], [0.396562696526318, 0.3087337126892794, -0.044935991767713034], [-0.4030575123809652, 0.5967595434117973, -0.17924373296398294], [-0.3668995030450012, -0.3149127454795471, -0.463220073974746], [0.5437341110185624, 0.40505798600961784, -0.05555020566761506], [-0.24037272134687762, 0.4740101257167984, 0.29911248508879124], [0.5677981072142432, 0.289327066749895, 0.17069393606361058]]","tensor(-3, dtype=torch.int32)"
"['Bi', 'Bi', 'Bi', 'Bi', 'Bi', 'Bi', 'Bi', 'Bi', 'Bi', 'Bi', 'Bi']","[[0.1718672688336641, 0.05438084829142523, 2.4563940065079297], [0.10149417133568234, -0.10485757066699664, -2.566805242526346], [2.025079975498545, 3.4823258528032563, -0.12646644826242634], [1.9059374417785182, -3.6212146529399982, -0.02901299661524792], [-4.040142141651751, 0.02280420139742486, 0.028046971419699307], [2.5002193539800075, 0.775333416630085, 1.2237156332104735], [-0.469585292260086, 2.719111315187498, -0.9588057128181184], [-0.5736088380257516, -2.736433319369506, 1.2936898648819006], [2.6116997713996017, -0.7145171325293832, -1.2465848939990913], [-1.9880263862556087, 1.8087821994986033, 1.232203232604398], [-1.9742224061712805, -1.8433438124352517, -1.4233656602910227]]",[-64251.1640625],"[[-1.7806930381443669, -0.8773590985128268, 0.9306889496882024], [-0.48287138622585773, 0.7844429785780843, -0.050704084913136466], [1.2953394561359552, 0.006866859829422042, 0.6613174082831937], [0.18756346742663604, 0.768250676161139, -0.21880968999717657], [0.5835085846331042, -0.2054723421046328, -0.30743124253170434], [1.7983914936236272, 0.9254418394635999, -0.2555996768386322], [-0.9091451502007515, -0.266415388204382, -1.9320143696932177], [-0.09686183986569313, 0.49812898928419275, -0.5697953412511264], [0.29909942387753047, -1.2083620735575373, -0.12605981768450525], [-0.6357642283154188, -0.44012908659590105, 0.7985496009606325], [-0.27009659289625626, 0.015100549706237958, 1.0625475337957573]]","tensor(-3, dtype=torch.int32)"
"['Bi', 'Bi', 'Bi', 'Bi', 'Bi', 'Bi', 'Bi', 'Bi', 'Bi', 'Bi', 'Bi']","[[0.09722916097219401, 0.16607943321769159, 2.4270771905281103], [-0.10574444985483228, -0.09100297884293745, -2.475419229082306], [2.1452959083251883, 3.3691898052815663, -0.09931061199355476], [2.039210722558263, -3.414136871824098, 0.1817719087958087], [-4.027333508840135, 0.0034208559633664803, -0.06712601027719763], [2.5685864711194224, 0.9231418366098519, 1.101517011969139], [-0.5289483324721412, 2.7125433637085212, -1.4496382597670348], [-0.8592838564449945, -2.733529280632199, 1.261819377184988], [2.4463452035563913, -0.8959852708163009, -1.1658927478403789], [-1.960452616917276, 1.873432332785764, 1.2379785564401056], [-2.0480084647724834, -1.6660007316768108, -1.253606782180244]]",[-64251.3515625],"[[-0.7577245740151556, -0.960438172328729, 0.4030745330932775], [0.9318181788192518, 0.9884884090635236, -0.8217522771223846], [-0.6971267244161684, 1.2528298414703885, -0.8759419056689417], [-0.8274704137058401, -0.25172517650451687, 0.3932321904990046], [-0.1275079666275203, 0.7180133495732546, 0.5431658969066273], [0.8119342571774281, -0.8818513324330668, 0.7713848526428082], [0.16021128558501044, -0.10642403490504998, 0.7387698768386488], [1.1104909208783544, 0.6101256876756246, -0.02606939091849739], [0.37191356835057304, -0.09343455746203025, -0.6177078750787768], [-0.29106158532090703, 0.2327908424762749, -0.8141860305676215], [-0.7000156175210113, -1.5123411968153466, 0.3057792564176747]]","tensor(-3, dtype=torch.int32)"
"['Bi', 'Bi', 'Bi', 'Bi', 'Bi', 'Bi', 'Bi', 'Bi', 'Bi', 'Bi', 'Bi']","[[0.1053617275953245, -0.20444323683040744, 2.6573718536253157], [0.04410851025547459, -0.09005207393736364, -2.582204207198966], [2.035412555027618, 3.5607663045410445, -0.08313333874946556], [1.9545653885387408, -3.461263901337048, 0.06996557220232429], [-3.822379807671825, -0.1335554792831025, 0.016915485726184225], [2.67181078261064, 0.5057594534665054, 1.1816422644945241], [-0.6073891110179376, 2.7090417716501074, -1.1817026689384316], [-0.7244610115580139, -2.7854184873424415, 1.1739232287615433], [2.6521142826409787, -0.889550391517178, -1.199554267342496], [-2.1170560408430004, 1.9217170744574656, 1.0979135308995651], [-2.003509609123381, -1.9749314236679985, -1.1148491000410758]]",[-64251.0],"[[-0.3976470341714199, 0.4132728194054522, -0.6890632262358476], [-0.24563726366052505, 0.11725897813304986, 0.47895220009416134], [-0.03737872351013947, -0.952623557071645, 0.3162617526300001], [0.028792159814288953, -0.2009916267329063, 0.02811729628442141], [-1.038299446512228, 0.39837517098816205, 0.2414655950591814], [-0.37328849223518124, 1.578665410532442, 1.3040770979368617], [0.7967631974992185, -0.2699062283132351, -0.8861404490915742], [1.133327985968988, -0.15078679890689906, 1.7549948478783424], [-0.3208146131962103, -0.6618141456878356, -1.5650277576250835], [0.33030425166435085, -0.6342349353118939, 1.2504294582355349], [0.1106772589436361, 0.36710082053352844, -2.223758634701912]]","tensor(-3, dtype=torch.int32)"
"['Bi', 'Bi', 'Bi', 'Bi', 'Bi', 'Bi', 'Bi', 'Bi', 'Bi', 'Bi', 'Bi']","[[0.1634755152504044, -0.11001470371381737, 2.412116533700125], [-0.0013181905688232321, 0.03539191985981406, -2.7811936159140007], [1.8197096203408636, 3.550246632662393, -0.1182588828455482], [1.7832809377205636, -3.4995949760417444, -0.1255310200918598], [-3.9795610689263623, -0.1564853649211917, 0.013728706452482801], [2.7287996061788906, 0.639206277482903, 1.2046592978545383], [-0.6893540062820035, 2.766117301032655, -1.4102592641535068], [-0.7365699966354193, -2.737247812332805, 1.2270949190658176], [2.5017000068507484, -0.7015779509764987, -1.1704828804409428], [-2.1604885883467495, 1.9723691687598532, 1.1581071292490526], [-2.0681791645665246, -1.7329264791660786, -1.2213384287329583]]",[-64251.1484375],"[[-0.9746707788356429, 0.46292249433078503, 0.29149322235761144], [-0.23822615755605236, 0.1018931829940351, 0.8613575720556352], [0.36767757071266544, -0.6544381608719105, 0.3512354083527434], [0.2162629594896926, 0.31710250382729777, -0.11111810053473291], [-0.7843848716146014, 1.12550411473542, 0.7246174887945963], [-0.22654763491571803, 1.6633905054997506, 0.954010925102415], [-0.02048224182891805, -0.4788012248332888, 0.16010293923805594], [0.3485132770908874, 0.2927818085504605, -0.007464821621334929], [-0.10173094629510704, -1.3618189645696157, -1.9048557920263824], [0.5488506091305573, -0.8244503942674737, -0.2375715543302665], [0.8665002954343348, -0.6461046967108062, -1.0860489723095765]]","tensor(-3, dtype=torch.int32)"
"['Bi', 'Bi', 'Bi', 'Bi', 'Bi', 'Bi', 'Bi', 'Bi', 'Bi', 'Bi', 'Bi']","[[-0.058001367805775764, 0.013624731028625568, 2.6763252044548334], [0.259632388871043, 0.05762783901810741, -2.4635444265138915], [1.9931112176579917, 3.5302649851135883, -0.2198990870142671], [1.8866017442224439, -3.4831541334378926, 0.1562962295600796], [-3.968476952661722, -0.033378236838919245, -0.0345261178223227], [2.7237381761201496, 0.8694679344104852, 1.2314097744023946], [-0.48522646867303265, 2.6052948935486935, -1.2400064879857424], [-0.4793464374718126, -2.6235258339222693, 1.1800008500907369], [2.523787038372683, -0.8186003983183506, -1.2808883936770132], [-2.1377453780159557, 1.671603936081878, 1.3340373462847896], [-1.9457967962144227, -1.694690556553735, -1.2285368034938073]]",[-64251.2421875],"[[0.640729031257259, 0.010696160145040469, -0.39993300325251263], [-2.1292859680551084, 0.2188078388018798, -1.1950416949552143], [0.731086902136004, -0.332611972290181, 0.6524290997539645], [1.639678750631378, -0.14099968363898077, -0.8913191679343783], [-0.5718316560776088, -0.14492725157160444, -0.1548455445951378], [-0.6972285401574926, 0.2591582912641849, -0.15383792871067006], [-0.9612059041559861, 0.16437009866345964, 0.29819259529255526], [-1.6222080950178075, 0.46457062378794634, 0.9054005934920535], [2.119326023137397, -0.9000238995966747, 1.4071835337595842], [0.6603696991354142, 0.7846286123286804, -0.07451482730779638], [0.19906993174855092, -0.38347582564184984, -0.39950481149594397]]","tensor(-3, dtype=torch.int32)"
"['Bi', 'Bi', 'Bi', 'Bi', 'Bi', 'Bi', 'Bi', 'Bi', 'Bi', 'Bi', 'Bi']","[[-0.015861742799971986, -0.13916165066952524, 2.5160025637486068], [-0.02687373706660004, 0.014160513934724875, -2.6072001960847584], [2.1061155011663253, 3.514166982508827, -0.019041791827638974], [1.9241999279035706, -3.405911637059883, -0.029657118618796316], [-4.039911171905208, -0.0260900533457432, -0.04165344412993759], [2.6903966940513575, 0.8206825198992661, 1.3548391780273217], [-0.603973851867268, 2.6900990901138355, -1.5021355804385395], [-0.5222015973228452, -2.517145244205496, 1.2895140270209873], [2.5590975628950092, -0.7591737981952306, -1.4851984250560728], [-1.9832903416050545, 1.841619458228252, 1.4066690591715767], [-2.1590355994148016, -1.8000933952186429, -1.293131817319364]]",[-64251.17578125],"[[0.6634653090484, 2.0318328769804532, 0.8458065031206656], [-0.38855848801758647, -0.169725400968742, -0.21377778122582725], [-0.568074758066932, -0.6394105688292033, -0.08695737938479423], [0.3397512097964817, 0.27162907406945896, -0.35420781093430875], [0.15103439627784634, 0.6477836280008226, 0.47068795006832065], [-0.40392412889032653, 0.12473724148912325, -1.134248955629147], [0.33595589948339627, 0.10186376955765258, 1.433319326024936], [-0.8580254205213915, -1.8444713441074432, -1.3265444381890505], [0.25510021406313665, -0.1806259587855952, 1.301449429057234], [-0.12679618203589987, -0.17538908155721664, -1.199429542029551], [0.5839826963174518, -0.16377211116050097, 0.25694693563797155]]","tensor(-3, dtype=torch.int32)"
"['Bi', 'Bi', 'Bi', 'Bi', 'Bi', 'Bi', 'Bi', 'Bi', 'Bi', 'Bi', 'Bi']","[[0.011604254970851246, 0.17572096861484365, 2.6953514188797136], [0.042736388663890124, 0.06106441745236903, -2.436114108870256], [2.2211816759770353, 3.41657439500726, -0.1580560356568944], [1.9374375285722742, -3.3739119077384703, -0.028320606942305905], [-3.8581574730966914, -0.012653562136216108, 0.04401671828870666], [2.8078001464127604, 0.9309214434275518, 1.2272838704871487], [-0.5636950271811094, 2.706475541641374, -1.4779169612159846], [-0.7314876299172901, -2.7093054866509476, 1.3707622006586164], [2.5290145480060917, -0.6526850356673585, -1.2556181576073193], [-2.1101954556972733, 1.7424794965848516, 1.299672955217292], [-2.0020900337979746, -1.8556429790876074, -1.5016288640892335]]",[-64251.12890625],"[[0.3213311481061097, -0.6946168121262541, -0.6064582641042933], [-0.5435834442902394, -0.11990294781570757, -0.9780620657752013], [-0.6935390050867827, 0.19230900656998837, -0.41115536051845997], [-0.28800233082666676, 0.22734637426419657, 0.13853579412102868], [-0.7797352860941333, -0.8552506844598512, -0.7253790499708641], [-0.6432492279654888, -0.23678916720690965, 0.3371436983767527], [0.3042056375712098, 0.42940074136374207, 1.3341667348236335], [0.5424716986703265, 0.817338204781343, -0.8754102012420267], [0.8633008128963618, -0.7792292927130073, 0.5951130080394749], [0.9598056806023215, 1.073819770490535, -0.18328602358291676], [-0.058503222120655556, -0.05929774485762472, 1.364790647241899]]","tensor(-3, dtype=torch.int32)"
"['Bi', 'Bi', 'Bi', 'Bi', 'Bi', 'Bi', 'Bi', 'Bi', 'Bi', 'Bi', 'Bi']","[[-0.04570899056563119, -0.14682560682894583, 2.441465257687983], [-0.027736094274324247, -0.035358880889721174, -2.5711990621524206], [1.9211608573575312, 3.639708167491978, -0.09207867559412922], [1.984476785080958, -3.371642646327905, 0.05166269029206371], [-3.9783452383182105, -0.23283817386788175, 0.01132882885705638], [2.741165322424126, 0.8110775792671752, 1.2953443984020878], [-0.5530672246494244, 2.5447898835040146, -1.347812800892255], [-0.5090732442693398, -2.4307932555155825, 1.4337240293944427], [2.629444883404088, -0.9719316262848591, -1.2503098543432472], [-2.1948352582751665, 1.5597780547267797, 1.2761266244826788], [-2.1015931871537314, -1.7659853909909895, -1.3323894547330812]]",[-64250.5390625],"[[1.5198930451844679, 4.3300481291824955, 2.029543565463408], [0.4236907808928474, -0.33045029040443186, -0.16192688082632184], [0.09682013654942352, -0.9902835542805061, 0.3478948750175723], [-0.22788018699686613, -0.864265491334362, 0.5008082345216728], [-1.250793526643906, 0.36160765560072594, 0.23900216834005353], [-0.6570853701463376, 0.47774043850612957, -0.8958648808298592], [-0.37744396287767784, 0.40953952413480954, 0.8536632844928435], [-1.1023142940965622, -4.460289488509927, -2.560529111537993], [0.12745001393031208, 1.147581161312533, 0.01738251300639683], [0.46762365620910573, 1.053262760940463, -0.2801352136140818], [0.9723285025642723, -1.127418559204863, -0.08626096999855556]]","tensor(-3, dtype=torch.int32)"
"['Bi', 'Bi', 'Bi', 'Bi', 'Bi', 'Bi', 'Bi', 'Bi', 'Bi', 'Bi', 'Bi']","[[-0.1831428936456545, 0.02434521978230605, 2.5384238229477103], [-0.015634328202967302, 0.15213122167456533, -2.595506147857239], [1.962959662848655, 3.5370739314148074, 0.02337147544604534], [1.7381665155650101, -3.3990842816605666, -0.017642019237790876], [-4.2466131709535135, 0.057819835882967976, 0.08758083433804487], [2.6916449567922367, 0.8742049468873639, 1.3778267182040789], [-0.6219853050783972, 2.7815391566681935, -1.292795898654049], [-0.5646121871013394, -2.6630413291623474, 1.1272205324627855], [2.447572569102785, -0.8943598075681416, -1.3686115226067133], [-2.1553025575079823, 1.8862908668962304, 1.1040513771344167], [-2.0844959159038248, -2.0448791184936432, -1.1425149871793518]]",[-64251.12109375],"[[0.5214328641221699, 0.3464665750019063, -0.338906447676041], [-0.5911370519186765, -0.6247521874040248, 0.17777851188656402], [-0.05101149131879794, -0.49821311582601413, 0.17425131635896537], [2.1114167912318096, -0.8393602297204678, -1.0625480480166731], [0.7001102341695146, -0.581861535039866, -0.3555475106861861], [-1.0754061420157115, -0.06228845370379177, -0.7447240408224467], [0.2713911440517283, 0.03952049990423884, 0.033350759085919224], [-1.6180603891111394, 0.40784321217783986, 2.068204236574374], [0.3765897390923868, 0.5442966687004239, 0.6637373319128468], [0.1309240904373108, -0.1791690680870119, 0.35548976367734425], [-0.7904074269801977, 1.4407858137220382, -0.9685808605300796]]","tensor(-3, dtype=torch.int32)"
"['Bi', 'Bi', 'Bi', 'Bi', 'Bi', 'Bi', 'Bi', 'Bi', 'Bi', 'Bi', 'Bi']","[[0.05167505864749753, -0.054808894341826765, 2.5448860540584066], [-0.2822858424615128, 0.22300546916673358, -2.516287653283072], [1.8411982572534336, 3.620529096336593, -0.14125377708702114], [1.974244318727593, -3.4413101781864808, -0.19926733597637977], [-3.8507460407951344, 0.03965055468903813, -0.08130356227607433], [2.622174337386013, 0.8724437454461705, 1.2188407654052378], [-0.5324062972689111, 2.75730628502766, -1.3172476879546904], [-0.594834769945996, -2.811591264609003, 1.2659373709342299], [2.633000595841661, -0.9782196888563968, -1.0645958997721916], [-2.139360251966312, 1.7883105600589242, 1.2761094255947574], [-2.0151797013899784, -1.8975776516833904, -1.0585689349869214]]",[-64251.01171875],"[[-0.2898497208886921, 0.07158675056917115, -0.2142909736997741], [0.8217306798439218, -1.5352523097178523, -0.1650402827829936], [1.2837550873453, -0.38523898631787074, 0.7665372920697654], [-0.6522110700856745, -1.7274017535376747, 0.8050123294301353], [-1.3202781421093752, -0.09269726751298721, 0.018064236243280855], [-0.35660572590876644, 0.6832700133986885, -0.000780204769790239], [-1.439502832537171, 0.4270228295829081, 0.4751538558776727], [0.5998710941731722, 0.25392696762169675, 0.6020611610534723], [0.006840017497618411, 1.92399920827898, -1.3746847718823907], [1.0495901951599738, 0.417685040551197, 0.23909035722710947], [0.2897233253875938, -0.03238114926933667, -1.14854378286687]]","tensor(-3, dtype=torch.int32)"
"['Bi', 'Bi', 'Bi', 'Bi', 'Bi', 'Bi', 'Bi', 'Bi', 'Bi', 'Bi', 'Bi']","[[-0.01152029901255915, -0.0589482701033229, 2.886550432326685], [0.2816121203348677, 0.1037259488623433, -2.3694159170478066], [1.8974312601603205, 3.348682915381657, 0.028862654916670206], [2.0154327889883437, -3.557588766264558, -0.050662112320453034], [-4.067109899485235, 0.11111022128886959, 0.17349944801038344], [2.40496178730236, 0.7839630531182101, 1.1795535959948282], [-0.49688533388326567, 2.6298161762007686, -1.3986208940137705], [-0.5715736082648534, -2.7384985746819384, 1.1790425663475446], [2.61318830635881, -0.7861210762624489, -1.2438843611540016], [-2.1004844834201846, 1.916512875269233, 1.2858890942837502], [-2.080383861320972, -1.8699487631639307, -1.3438674447491157]]",[-64250.984375],"[[-0.3827727313837061, 0.04717856060351412, -1.3161360926327803], [-2.07181869539138, -0.8783073218815223, -1.6243889059216237], [0.3717767341648844, 0.7325879129891611, 0.012119719043863015], [-0.13255319372058827, 0.5175767214747479, -0.10347364097867996], [0.2958404974016934, -0.6554738017962882, -0.529488648988754], [0.4688316639844523, -0.14656329683724492, 1.286325677703276], [-0.9308761261015459, 0.6301962442393705, 0.8430070844551681], [-0.07874897375040713, 0.3376388931186473, 0.005888791078774935], [1.4318954483091457, -1.1902080183468975, 0.7090844175916788], [0.7747437436646727, -0.24543147245003058, -0.021861639435493546], [0.24404400157507736, 0.8661850780129626, 0.7381445842050623]]","tensor(-3, dtype=torch.int32)"
"['Bi', 'Bi', 'Bi', 'Bi', 'Bi', 'Bi', 'Bi', 'Bi', 'Bi', 'Bi', 'Bi']","[[0.09417674691350308, 0.030359192623098632, 2.3613600773696426], [0.0024245146018826193, 0.17027480748368934, -2.6014110335927065], [2.1409309188266623, 3.4419329731606867, -0.0014861776720192204], [2.0888497280788014, -3.427001684325336, -0.06441416104198351], [-3.8064987658901686, -0.10081325375899174, 0.11171881466568812], [2.6426516790211547, 0.812296927369495, 1.3378445631491087], [-0.6675063568954337, 2.6627337759142202, -1.2815275104785073], [-0.6853245357707995, -2.4088455419930597, 1.130560192600076], [2.5997444966936323, -0.9240865846385424, -1.2052325587069204], [-2.082909738121185, 1.6262748776610692, 1.3843311336127335], [-2.0128431788189776, -2.0284872375514857, -0.9852749697244109]]",[-64250.234375],"[[-0.006842557748942356, 0.18422504239721965, 1.4157098307641054], [0.07039159831671903, -0.8533490955133028, 0.30989883444025007], [-0.6130840006040976, -0.28977567307682006, -0.16351793176183174], [-0.8027893524112254, -0.6603650711471722, 0.5040351764565485], [-1.5301106147809842, -0.42934489697228856, -0.3631063010376704], [0.6425586292755985, 0.3679184832117076, -0.8769137831997628], [0.45697285549104605, 0.2240081035010549, 0.7808393184003095], [3.000111375612055, -2.2071585550987547, 3.7698424937897204], [0.09810682012488417, 1.181688920435197, -0.3909845308761373], [0.5683406102803894, 1.6386127706729694, -0.08767985977146285], [-1.8922738346591172, 0.8502462865074961, -4.911484917745929]]","tensor(-3, dtype=torch.int32)"
"['Bi', 'Bi', 'Bi', 'Bi', 'Bi', 'Bi', 'Bi', 'Bi', 'Bi', 'Bi', 'Bi']","[[0.1530780879324987, -0.023173589824409827, 2.585517369000569], [0.027509601866740153, -0.1219899267501886, -2.7338379895814398], [2.007903848416433, 3.43171268077123, 0.02805603733845188], [2.173899485847401, -3.6224221911531718, 0.012958333817760695], [-4.0417211063395495, -0.02818063724641927, -0.07376802664532676], [2.520610015951449, 0.7453980378264056, 1.3717756730539827], [-0.39171409932440093, 2.6801940410241842, -1.2494540430526113], [-0.45306238064437676, -2.784062980566304, 1.3242933008028286], [2.690258796409621, -0.8910666283270776, -1.342710243182699], [-2.0580097557190604, 1.8159849380207942, 1.248442871338899], [-2.142937757214528, -1.6440930220892034, -1.3665649963495352]]",[-64251.34765625],"[[-1.7292102684984674, -0.47251975923659795, 0.29249065666794677], [0.34637031284647257, 0.4794389616130371, 0.5617277293034795], [0.6626358707112495, -0.12433913165612762, 0.45624389592083864], [-0.46619684743409545, 0.7396754198713346, -0.0052607422210798555], [-0.23112265840339824, 0.7649606907419889, 0.5430285999221145], [1.4226872943703022, 0.3475914332551715, -1.305396588806749], [-0.9436318901383441, -0.5826560063547437, -0.14594638600458562], [0.1528650227380174, 0.37240788891691073, -0.7773626707887319], [-0.4697740252347078, -0.14850324666411044, 0.5712855534650522], [0.3516113038421774, -0.2321047689304434, -0.4321664785592561], [0.8842774267137091, -1.1391952466180193, 0.23900180838541243]]","tensor(-3, dtype=torch.int32)"
"['Bi', 'Bi', 'Bi', 'Bi', 'Bi', 'Bi', 'Bi', 'Bi', 'Bi', 'Bi', 'Bi']","[[-0.14231070282075847, -0.06334769455123321, 2.521126388195166], [-0.07023039546045438, -0.16023232496316506, -2.463546617276624], [2.0392938991906986, 3.5254208551009616, 0.14776021109335413], [2.0981068572795376, -3.432683875354887, 0.008941938099190468], [-4.028590202436629, -0.05829686000882478, -0.051379421866273006], [2.5462180285499936, 0.9301331632601647, 1.0754958167852688], [-0.47544106918808304, 2.691161781000059, -1.1107427461477404], [-0.7793108516044934, -2.788920217129829, 1.374952258109746], [2.646045810400648, -0.9391950864245194, -1.2615306073349606], [-1.9069462109931972, 1.7948490448925338, 1.2416119046620038], [-1.9785119488383023, -1.8488910512851424, -1.1706024839845002]]",[-64251.5234375],"[[0.9322454964002637, -0.46326080027127564, 0.18884197488953583], [0.6369047703066152, 0.9480531615722066, -0.21369684285368373], [-0.1593452347186565, 0.6771158174786528, -0.27682069985724905], [-0.8040116555280307, -0.3866381300076121, 0.637729066434608], [0.3331290214209962, 0.42876866101406724, 0.23347408780706963], [0.12843412991892875, -1.0870697008273966, 0.8852400482680461], [-0.06004989579113376, -0.2040749981880966, -0.9140641874810875], [0.9644809771685786, 0.13900733470079746, -0.29268014707541107], [-0.2632462961225315, 0.4808137312313706, -0.3108111137669325], [-1.182287473581163, 0.11466005420261437, -0.0200851707221723], [-0.5371577397266728, -0.6487868730075063, 0.09740398297719828]]","tensor(-3, dtype=torch.int32)"
"['Bi', 'Bi', 'Bi', 'Bi', 'Bi', 'Bi', 'Bi', 'Bi', 'Bi', 'Bi', 'Bi']","[[-0.08768655382196261, -0.10552690389377073, 2.4842315280341265], [0.03715822776591922, 0.03596280598076762, -2.4386042394818728], [2.0906336901323765, 3.4888665468492666, -0.13608054146569348], [2.0576207450370934, -3.427556420332125, -0.02402700282894002], [-3.941626430419996, 0.05501685257944622, 0.016032926983092742], [2.477103648934804, 0.7979631336284261, 1.2063514843310517], [-0.5099611405139501, 2.6695733388115563, -1.2214883200692528], [-0.5953890395741305, -2.5265471858516557, 1.3895171432809557], [2.7293793103353883, -0.8761789764311033, -1.2474994282188663], [-1.9489244334324007, 1.8217585429695802, 1.2192714660780515], [-2.024780843657356, -1.8519915471234922, -1.4768113743163112]]",[-64251.49609375],"[[0.6991003042909257, 1.7819667633527498, 0.9795111403158648], [0.25309346693931156, -0.24551817009643082, -0.5286874928019712], [0.0797391061237384, -0.333989724389826, 0.2584195614965777], [-0.5096228037715795, -0.06468498028177691, 0.3901478420240743], [0.11655907204458392, -0.338354174412495, -0.3769387922500172], [0.4848096905457928, 0.33482116818854807, -0.06000299884361477], [-0.18732533172053908, 0.24429417005060353, -0.09151749046591688], [-0.2598439534332838, -2.1465874449873876, -1.8785744752418654], [-0.29240287915762336, 0.237644573700307, 0.07534894505528049], [-0.4097817736082328, 0.28738238609060435, 0.09092130273616342], [0.02415463791650502, 0.25177119927647906, 1.1358199005268501]]","tensor(-3, dtype=torch.int32)"
"['Bi', 'Bi', 'Bi', 'Bi', 'Bi', 'Bi', 'Bi', 'Bi', 'Bi', 'Bi', 'Bi']","[[0.13406483986031492, -0.008324535497613594, 2.7652407877234415], [0.029591058377705266, 0.026854602560415483, -2.640007173319688], [2.105955690749643, 3.5894313882875895, 0.052851319218751115], [2.023540165660554, -3.3484045979271, -0.02715502824567094], [-3.992842231148184, -0.0097465282785658, 0.08774743047238713], [2.6074388678907314, 0.8696258271883232, 1.3707499988577228], [-0.6235866351728249, 2.7198182452554334, -1.2715486427209948], [-0.448887273606953, -2.6414563988675326, 1.1525390941700082], [2.4912113207627558, -1.0176441483909757, -1.2213012094769846], [-2.0449607244812684, 1.7745199261587428, 1.1354739071225093], [-1.926736473701975, -1.7417158012992449, -1.1440331858367163]]",[-64251.31640625],"[[-0.5017428310361001, 0.09784904117980446, -0.7175325530170018], [-0.11606516285497878, 0.15638604761462666, 0.3288979088817885], [-0.6506972037096229, -0.6871066156513109, -0.05949263458470473], [0.15110767275834477, -2.3726327889125733, 0.7272297310467505], [-0.2746875572323256, -0.4072025957609632, -0.24844691532224655], [-0.027410350511618452, 0.13136251519010345, -0.6513852312949343], [0.8036347315967649, -0.09511971082512757, 0.10094963903567336], [-0.5249357370004523, 0.13906940116533187, 1.2724915924060904], [0.789764136614559, 2.6860149558363062, -0.8685412382490593], [0.6778028166221328, 0.3581253001369831, 0.8764869798396667], [-0.3447448605316971, 0.00437882506836957, -0.7596904405761763]]","tensor(-3, dtype=torch.int32)"
"['Bi', 'Bi', 'Bi', 'Bi', 'Bi', 'Bi', 'Bi', 'Bi', 'Bi', 'Bi', 'Bi']","[[-0.13372572849202838, -0.0027462847765916277, 2.644964161002753], [0.2038045809424287, 0.005281174818984909, -2.4787405725967715], [1.9704354233869175, 3.334636077819376, 0.05014143174571865], [2.0112041545554256, -3.4802639046687434, -0.12387654154603152], [-4.081819578256732, 0.00013294440747250492, -0.16830520783989134], [2.5366462672004984, 0.9284641994684, 1.3041657146222025], [-0.5940737896341957, 2.756613336263483, -1.3012707913451451], [-0.6050884990532525, -2.7744320412236907, 1.3431977741777914], [2.658979918229263, -0.6680671534188668, -1.2496104587734274], [-1.9522890466163199, 1.8808080778983445, 1.3319419623410171], [-2.0973409960283362, -1.7914926928784165, -1.3408779453504498]]",[-64251.53125],"[[0.4300347243308052, -0.3935777983764992, -0.23702051519691839], [-1.3586071407296638, 0.31937998826328023, -0.3978450606460861], [-0.17523013587214953, 1.2840327666398204, -0.4898294637035298], [-0.34975764028497947, 0.5190016276323698, 0.15420893910140418], [0.4659299153567149, 0.5103996887311375, 0.343821216922776], [0.08961003940092856, -1.1354892564780044, 0.6531027291536341], [0.010393926801791726, -0.5507599113908425, 0.3390470870965064], [0.2542492812917066, 0.4064360466418123, -0.9092747338715278], [0.5827660496307202, -0.7119337156860068, 0.818869554668531], [-0.5926061810750552, -0.16015600683656428, -0.8707431322104222], [0.6349990675927406, -0.08628889219428233, 0.5874017511864623]]","tensor(-3, dtype=torch.int32)"
"['Bi', 'Bi', 'Bi', 'Bi', 'Bi', 'Bi', 'Bi', 'Bi', 'Bi', 'Bi', 'Bi']","[[-0.1178564154497684, 0.01729926479730402, 2.3679114895696878], [-0.09884898468284094, 0.08788251036584581, -2.6099506041893337], [2.1332359478412597, 3.531164868333961, -0.1519704277006174], [1.9669419507640689, -3.385343572753875, 0.13052947515814511], [-4.013177332631582, -0.1378136733145508, -0.25582671526333406], [2.3574375128926732, 0.6303643677776661, 1.3812584073899097], [-0.35312755275793717, 2.531363247695327, -1.1953164199486415], [-0.5119149869253334, -2.753769163807502, 1.141064833997964], [2.4502608315577987, -0.8415279530269881, -1.20762396035204], [-2.107383665549137, 2.013909782586577, 1.2284559838588462], [-2.109327231727363, -1.8217216391970057, -1.3335338768762401]]",[-64251.0234375],"[[-1.7688510446749066, -0.28466524277163135, 1.0422944288069103], [0.35503123288674465, -1.1310206767198905, -0.2006593885992219], [0.3223716227070957, -0.822876878265192, 0.6328743067687442], [1.1491181676297946, -0.5809282240777283, -0.41968006343814235], [-0.5142990773575765, 1.4003397675914897, 0.9131966967961694], [1.8063989417241282, 1.1296420504446885, -1.0271321108842688], [-0.9977382148965451, 1.2738954155061655, 0.12312017097527497], [-1.5203815550544575, 0.3685726750607609, 0.29473337977002256], [0.27791933284380954, 0.246362263729681, -0.39781785835964145], [-0.1574544444113394, -0.8552203454258204, -0.6201457964404821], [1.0486214029546472, -0.7378741040033628, -0.33334674255673674]]","tensor(-3, dtype=torch.int32)"
"['Bi', 'Bi', 'Bi', 'Bi', 'Bi', 'Bi', 'Bi', 'Bi', 'Bi', 'Bi', 'Bi']","[[-0.12334007039176975, -0.13213320059890904, 2.410452565916141], [0.2317332510882956, -0.18366122629531415, -2.6756351422973084], [1.9971141745484995, 3.4426938428630502, 0.06505105474791432], [2.045480798273334, -3.567729351322773, 0.06503210532146657], [-3.8269240336278765, 0.0028624112018716184, 0.04613119039344964], [2.5217660934871877, 0.8537551742183757, 1.3070989116132385], [-0.6884740211179414, 2.6380297791907665, -1.1071118846590726], [-0.8334838599028975, -2.7616897823060254, 1.147125309083785], [2.4877456286949537, -0.8394265577830602, -1.205929346798316], [-1.8222213877801328, 1.9225698774937297, 1.1587220376530323], [-2.0561246571904284, -1.8141396617438867, -1.1574078598133157]]",[-64250.88671875],"[[0.3800556909089163, -0.007214344613259281, 0.5483656988069783], [-1.7836539221774188, 0.6805929793111462, 0.019960775540436355], [-0.3874972903136947, 0.01744903776627108, -0.13752097914374004], [-0.6613498042008877, 0.4899972025662566, 0.11016509491152082], [-0.7864736369744931, 0.6471681055646359, 0.3302734498314957], [-0.023815236685463818, -0.29736696219018155, 0.0720251238998722], [1.9310604898944486, 0.48244874805517957, -3.0756159753385415], [1.433769783547158, -0.5072580560461896, 0.8418233479070462], [1.3089004901268626, -0.6275649758133325, 0.7245120735068616], [-1.5392781452674813, -0.7920071682491843, 2.576077609368384], [0.1218414064019173, -0.09287899318462328, -2.0045148908297272]]","tensor(-3, dtype=torch.int32)"
"['Bi', 'Bi', 'Bi', 'Bi', 'Bi', 'Bi', 'Bi', 'Bi', 'Bi', 'Bi', 'Bi']","[[-0.02673764201182556, -0.01642608588160431, 2.603413521361495], [-0.13116061901419682, 0.08372899244435765, -2.4007497218787672], [2.0483089664859735, 3.5636310108471068, 0.14707878733488305], [2.239537802480115, -3.650001414074657, 0.07538065697964791], [-3.905476510529823, 0.1137048135627464, 0.036271070349647105], [2.6621917400427586, 0.8075688481550405, 1.1420533258292063], [-0.5942862254449172, 2.5000358496908386, -1.046755035326682], [-0.8479417740850614, -2.7670724096092516, 1.3274955005464915], [2.585689568303462, -0.7158011953658672, -1.0643903068541831], [-2.072418922951393, 1.89497705948079, 1.3799476202629606], [-1.8949802422019597, -1.712527030680696, -1.0636365478049439]]",[-64250.80859375],"[[0.07814059898494972, -0.273235705898717, -0.10374242425135731], [1.169818644815369, -0.5366306632879999, -0.680479850709675], [-0.3806238535987598, -0.5167395698238607, -0.1735382462150555], [-0.9581709723110621, 1.10332679507973, 0.11984129272790574], [-0.4747981692702288, -0.17938509229373042, -0.03506994358922276], [-0.2897032193497869, 1.3145070407715942, 2.325945643527223], [0.2592190721764299, 1.6665282815278304, 0.09065565621107231], [1.5839192056289495, 0.13917944444130848, 0.7500395424288477], [-0.20872988018399724, -2.000561560429223, -2.0846757609485866], [0.30253935611572147, -0.12384049163409733, 0.6699393503780497], [-1.0865107426919456, -0.5987151255545023, -0.8755269293899085]]","tensor(-3, dtype=torch.int32)"
"['Bi', 'Bi', 'Bi', 'Bi', 'Bi', 'Bi', 'Bi', 'Bi', 'Bi', 'Bi', 'Bi']","[[0.1482274452473537, 0.03930257513084291, 2.5885569192233704], [0.05590701975634933, 0.07354406354154176, -2.6781558255715385], [1.9379152144381273, 3.346768203036558, -0.02104253858877815], [2.064284164420834, -3.3933407104626676, -0.03918756911926708], [-3.8449903482950902, 0.08475092265712095, 0.07312047169650882], [2.6430221761140804, 0.7492838998370017, 1.2550064192021553], [-0.5298288473815109, 2.5534293680894504, -1.242360061342394], [-0.5080963213692837, -2.780767386213907, 1.276378744339898], [2.692593923589857, -0.8907118125281052, -1.1541075955709064], [-2.0950549393606157, 1.7880778355341225, 1.2054302301124207], [-2.106174780786164, -1.61824948584293, -1.3789527662973355]]",[-64251.41015625],"[[-0.8042780219624037, -0.5347126192721465, -0.13939937672698688], [0.23289960019996203, -0.5303736231848086, 0.3052517171801777], [0.5461638048456153, 0.23255928879789986, 0.23448288639964363], [-0.26382098941800536, -0.9015089696014426, 0.373414836314188], [-1.921579284649327, -0.9176909876000724, -0.546199286088804], [0.27690400364560513, 0.4009948180215034, 0.10767513439313878], [-0.46903658101938994, 0.4001870798069987, -0.09138317596271557], [-0.08744460370249423, 0.897911480074657, -0.4486264843849556], [-0.09229818066025161, 0.624844747168865, -0.9305830201795522], [1.6812154593242925, 1.1660370642007347, 1.0176735313594414], [0.8740865966048132, -0.8450865938385759, 0.12106220744823833]]","tensor(-3, dtype=torch.int32)"
"['Bi', 'Bi', 'Bi', 'Bi', 'Bi', 'Bi', 'Bi', 'Bi', 'Bi', 'Bi', 'Bi']","[[-0.027765875340061377, 0.07201796415260137, 2.388485529773547], [0.02262927788666936, -0.10608341583365233, -2.311312485178891], [2.0905935034699485, 3.4136178627429103, 0.1677380497999056], [2.1171742867990333, -3.425610845859408, -0.03189662469286577], [-3.9085022610438602, 0.08174512564160712, 0.1306255690100157], [2.810026990470497, 0.8355274580054083, 1.1861248729452587], [-0.5240037402887939, 2.6945411227740874, -1.1961230229763753], [-0.6033552817760749, -2.5546776384220347, 1.1415904413812539], [2.6039373271662063, -0.9886262549388805, -1.247858278458549], [-2.1184128007550416, 1.7864606262471852, 1.0464440351256683], [-2.1220973837902184, -1.7759191075764633, -1.135193392472903]]",[-64251.203125],"[[0.6176209717440102, 0.07470724877448065, 0.166465857427806], [-0.2300895885835995, 0.5840516019201661, -0.728421180908609], [-0.371604058781366, 0.44101997433248713, -0.3642288452968146], [-0.7288161025719267, -1.0359715684264992, 0.7245259574715878], [-2.3279752734818002, -1.586528362555609, -0.8041119286066073], [-0.5469536481722508, -0.5895362822078584, 0.30831287429180637], [0.7008687100202876, -0.032019482272642265, -0.5123091452576973], [0.7177330991741554, -0.7001205185878301, 0.8920802148897302], [0.6264192916129784, 1.2091071796645003, -0.3478431958155366], [1.7162693849319886, 1.9900673399800175, 1.7467626852376463], [-0.18687101754144889, -0.36039404281739734, -1.073451074093922]]","tensor(-3, dtype=torch.int32)"
"['Bi', 'Bi', 'Bi', 'Bi', 'Bi', 'Bi', 'Bi', 'Bi', 'Bi', 'Bi', 'Bi']","[[0.0006493508952082807, -0.01091608962007627, 2.5629236915100173], [-0.12590487970644976, -0.12148703037735753, -2.4936782649120084], [2.102893003458181, 3.417065447741422, 0.010051179267646041], [1.9854472652325332, -3.442420494043891, 0.008630186525310293], [-3.914293011913568, -0.13147824331112906, -0.03559409805977636], [2.633989420288192, 0.8965347055345817, 1.2335822740568674], [-0.49703054209578257, 2.537830902034193, -1.3016359462547786], [-0.5903635812706332, -2.7318539427645847, 1.2959560596439783], [2.79236647957395, -0.7392826429350932, -1.2948542352590888], [-2.0129745742301917, 2.0130603217442524, 1.4448622014352046], [-1.9901605703703495, -1.8857322060183677, -1.0960614077642927]]",[-64251.53125],"[[-0.021046974665253335, 0.18997583200882714, -0.0880850658530962], [1.0746661781179063, 0.05863527405182744, -0.1245591153638976], [-0.4440959410064902, 0.4240728984553622, -0.4277752890489666], [0.24714249112519154, 0.373596561985824, -0.17412445805904286], [-0.3497948698792818, 1.1772686774431662, 0.7359396049182046], [0.03934297541748466, -0.7206723859287446, 0.18283849711991484], [-0.2168798703223519, 0.4887910974082985, 0.7693583080137256], [0.466287658847822, 0.1335290307524609, 0.402182719759043], [-0.9709797011021857, -0.4655228066576932, 0.28945927294734164], [0.14936035008652984, -0.971236811560075, -0.9955959705614125], [0.013276638971227, -0.6832386459228259, -0.5704597146743121]]","tensor(-3, dtype=torch.int32)"
"['Bi', 'Bi', 'Bi', 'Bi', 'Bi', 'Bi', 'Bi', 'Bi', 'Bi', 'Bi', 'Bi']","[[-0.028578710622385387, -0.11493207557038157, 2.4264286143448035], [0.09157144052243538, -0.1215002389266263, -2.5393293059427537], [2.005025257520405, 3.3579730305626296, 0.07559694292871288], [2.025473334829643, -3.392107489648547, -0.13394610112742236], [-4.168641755214532, 0.01603191253412308, 0.025458018108537026], [2.6969814310615035, 0.8880183816968824, 1.1386214218364281], [-0.5815285373736061, 2.8999769262952717, -1.034562064793414], [-0.5696846374281959, -2.6506960593238995, 1.1645210048441474], [2.6137213201859373, -0.8021937139401178, -1.2370248911684636], [-1.9132035257622648, 1.788709765359907, 1.101277945762614], [-1.9538118701419325, -1.8879231293100696, -1.3468675607301743]]",[-64251.265625],"[[0.6499047892784083, 0.6110584844168466, 0.24302841526641505], [-0.4857501491786599, 0.8972481350933029, -0.161463876313755], [0.2544899366802909, 1.3340962865581716, -0.21746237977574562], [-0.20444060925921506, -0.4697319619637971, 0.30139254062935256], [1.0581206059318213, -0.19440908479002728, -0.2788433878294633], [-0.2049047450577966, -0.9812183537562489, 1.1590565152690433], [0.464314387505614, -0.27701019026471335, -1.9543989203779661], [0.028198933997010386, -0.6630714158269138, -0.1571702345111887], [0.3818502704828912, 0.03055243571097234, -0.5480571662575113], [-1.309051156855186, -0.659896615892898, 1.3540105199635208], [-0.6460543030610599, 0.37645311059506453, 0.2456401432976534]]","tensor(-3, dtype=torch.int32)"
"['Bi', 'Bi', 'Bi', 'Bi', 'Bi', 'Bi', 'Bi', 'Bi', 'Bi', 'Bi', 'Bi']","[[-0.0861176413738675, -0.11110986571256197, 2.5045204516448942], [-0.03856569646488957, -0.09650061799119974, -2.4121674957772745], [2.1155415308100896, 3.398514878643367, -0.05910732923937954], [2.054310933409797, -3.3964424958130106, -0.10808026134559684], [-3.9562719372462665, 0.0908726937857553, 0.03538726331862934], [2.6824643799032786, 0.8815285509118864, 1.2068819792126313], [-0.41261313825979085, 2.699116638324974, -1.2337830437481243], [-0.6328565884848425, -2.6177400381955915, 1.2877321767549623], [2.418405867678834, -0.8029782670646118, -1.1499664162013883], [-1.9106618701647526, 1.742104278276061, 1.1793095113787082], [-1.7141665754183075, -1.8468749021515503, -1.1263834393461805]]",[-64251.16015625],"[[0.9749772545014468, 0.8304991748997748, 0.6640432933577348], [0.34910483683239885, 1.516936789139658, -1.2970358709371081], [0.26109201901796947, 0.47543462049768775, 0.03448956815262949], [-0.5941550144733798, -0.6798391314486151, 0.5933692849140704], [0.16165166979219725, -0.6943905549233117, -0.45544345964333804], [-0.33876184875452414, -0.34551382648915213, 0.734646339315022], [-0.45132583566024265, -0.14671242090282066, -0.26981654818552336], [0.8810949134659568, -1.417806309437734, 0.866040581935629], [1.3191129175142213, 0.2822234133309662, -0.4714129501374766], [-0.04156347389158054, 0.7430173416029782, 0.18804956045832136], [-2.5309326125094525, -0.5714341633097121, -0.5817540628684684]]","tensor(-3, dtype=torch.int32)"
"['Bi', 'Bi', 'Bi', 'Bi', 'Bi', 'Bi', 'Bi', 'Bi', 'Bi', 'Bi', 'Bi']","[[0.011147301107945196, 0.09579979054996947, 2.5860370052596116], [0.10074986390586263, 0.016142228523406566, -2.5095695870036847], [1.865376519785114, 3.489673747429575, 0.08628090124179238], [2.15682128589527, -3.482277592858201, -0.020189850984001684], [-3.981413551010771, 0.0457199890152439, -0.02714584351957678], [2.5584937560980263, 0.712668534492942, 1.4946317542529695], [-0.6745716352060807, 2.557182557917645, -1.277854267494495], [-0.4380542008403697, -2.655906684135944, 1.0974937518484913], [2.6002529954663784, -0.6508653383411753, -1.4290378227271914], [-2.0172560504251456, 1.8986358068902311, 1.428352572867067], [-2.050138066758073, -1.7617265169198977, -1.4471089527596541]]",[-64251.390625],"[[-0.6297987514714738, -0.8454676315371676, 0.2814528532886723], [-0.8467480416174559, 0.10640367175678515, -0.8339747940695208], [0.005531705790440115, -0.5997991032449632, 0.15464145031366536], [-0.04949917788991205, 0.73864183583062, -0.3006592616034526], [0.3600396931843345, 0.011464545032860627, 0.08004578747790862], [0.5972269702242398, 0.6937884022309352, -1.4707715779838226], [0.07070573587416804, 0.537426163044709, 0.852367447785082], [-0.2809758105451047, 0.16395980179476008, -0.23153079554425157], [0.9779360816508357, -0.6297113339157915, 1.577848827718186], [-0.21389543497135735, -0.10182880253537964, -0.9840249715145675], [0.003164005408551687, -0.07585606972242113, 0.8747118892383997]]","tensor(-3, dtype=torch.int32)"
"['Bi', 'Bi', 'Bi', 'Bi', 'Bi', 'Bi', 'Bi', 'Bi', 'Bi', 'Bi', 'Bi']","[[-0.1771919393241277, -0.01002591808340154, 2.499372980204092], [-0.06184629137342956, -0.13945337162557633, -2.7132469208939893], [2.0366549575689885, 3.6396887956489814, -0.13581472676714199], [2.0162523559086325, -3.500713847298221, 0.06358465686968368], [-3.980789021242848, -0.009461631048941481, -0.09959148233155553], [2.7385617752392193, 0.789317253314819, 1.258786576136221], [-0.5383119285714267, 2.642299527118121, -1.2027153262012789], [-0.6705167530003519, -2.742615395905231, 1.1634891576908837], [2.590313117425063, -0.787897020081181, -1.1105026304996626], [-1.910855236327387, 1.8631192881323697, 1.1163605230111575], [-2.1151574005270186, -1.9526183183022767, -1.3780702463635077]]",[-64251.53125],"[[0.915155878485285, -0.45133637718901615, -0.028397186728879583], [0.2543692490313577, 0.2927970294895675, 0.7437866160929826], [0.08629619413128638, -0.9705971207408466, 0.3740851232779051], [-0.18159063722359545, 0.32179302133266185, 0.06221594855466703], [0.24541275480869623, 0.15509699862295342, 0.06718085434069042], [-0.9316510570216239, 0.9197992933547636, 0.4594804023647478], [0.5774330645131827, 0.011750451862033405, -1.4495296261739337], [0.20223115625039007, 0.254198321998953, -0.0627501212419776], [-0.3025949948188087, -0.5610129622305475, -0.9507291672179173], [-1.075212280730463, -0.28386377805229923, 0.6973159577131749], [0.20082285942834782, 0.3177430688220829, 0.09066141548532904]]","tensor(-3, dtype=torch.int32)"
"['Bi', 'Bi', 'Bi', 'Bi', 'Bi', 'Bi', 'Bi', 'Bi', 'Bi', 'Bi', 'Bi']","[[-0.1178228678867114, -0.10197213220140187, 2.4572168718047567], [0.01598555189363036, 0.02845272919720337, -2.5689211920628416], [1.987010051335086, 3.3806921920349753, -0.17135756354816], [2.0099817076049793, -3.3817789729295016, 0.1653191235213376], [-3.7620500923422098, 0.002484501995589852, 0.06427831075511231], [2.5836090873844952, 0.8044773561870652, 1.2639904513364637], [-0.5204200102078966, 2.714530454398157, -1.092601117611875], [-0.6307978697248148, -2.6857948261194298, 1.1845360788994945], [2.5174033075517626, -0.82805882322728, -1.3278360489840733], [-1.981054975803018, 1.7869760912128494, 1.2885249684226832], [-1.9654298171462705, -1.8694391033341053, -1.1486901690731914]]",[-64251.59375],"[[0.8924849067504478, 0.27909180795387584, 0.6284823459270812], [-0.547178362712446, 0.023248102437451842, 0.13666377287713746], [1.3356584897003063, 0.25088509379440976, 0.7027132204451847], [0.25520048714171345, -0.03320825304352956, -0.22331925316227821], [-1.348439450561978, -0.29679591986320963, -0.2414953170281134], [-0.286283238883128, -0.09927482151298318, -0.297306849765127], [-1.0607215353238282, -0.3661201498250475, -1.0015640185099364], [0.29957039881429187, -0.6460208787015344, 0.790486102780312], [0.39796235443697514, -0.06009514723172226, 0.5255507452157232], [0.18038463490982043, 0.8296049447272362, 0.4659728528031824], [-0.12645103695722942, 0.1251839966207515, -1.4749851041677107]]","tensor(-3, dtype=torch.int32)"
"['Bi', 'Bi', 'Bi', 'Bi', 'Bi', 'Bi', 'Bi', 'Bi', 'Bi', 'Bi', 'Bi']","[[0.03605247248020505, 0.1721643662798526, 2.585915955690424], [0.03610422122425493, 0.03544704243984246, -2.476626777507812], [1.9596928968084928, 3.4109642244982883, -0.011338111002509806], [2.0085326685291625, -3.303570287938737, 0.014380170760694817], [-3.942257790722199, 0.08636610668948048, 0.1749742283533199], [2.5226491512009677, 0.7410998592630048, 1.1973306969875874], [-0.3913911984002235, 2.7172054634213483, -1.402322469538779], [-0.47656561128827274, -2.617420301816611, 1.248733281772361], [2.544413830936861, -0.8573569706754743, -1.0459294978027254], [-1.7376669360828627, 1.8722141161521568, 1.233523504894773], [-1.9939248747660434, -1.9171163930064672, -1.2818835693343975]]",[-64251.26953125],"[[0.13345565142777932, -1.246929670682747, 0.5131901599527005], [-0.07378375943183427, -0.5826678334358065, -0.4239136956598373], [0.9256120465867226, 0.21573212923833454, 0.39386545355678565], [0.138199082265377, -1.899580399651412, 0.5521359665614654], [0.5600925067913042, -0.2845948459282613, -0.18163336898169663], [0.741029363542579, 1.3245163508972204, 1.2615613126203051], [-1.0005869987699574, -0.042550901462894815, 0.10107953123899899], [-0.738233544423492, 0.22721349957955944, 0.2885792866941701], [0.5670853970249743, 0.781717607724459, -2.2703974433211793], [-1.1475996732655012, 0.7604396604504654, -0.864949919373263], [-0.1134278780442262, 0.7500565117190684, 0.6198228657053733]]","tensor(-3, dtype=torch.int32)"
"['Bi', 'Bi', 'Bi', 'Bi', 'Bi', 'Bi', 'Bi', 'Bi', 'Bi', 'Bi', 'Bi']","[[-0.01574256705126137, 0.1667630079204011, 2.480792171178278], [-0.0021485249847169497, -0.0788795765840554, -2.5237068401753406], [2.076847835576669, 3.47036537267209, -0.08521832696888204], [1.7988531973640252, -3.5395931798408076, 0.01483386900330968], [-3.9864034152382515, -0.08593947472693088, -0.13925015276663988], [2.62937393975422, 0.7791811799575986, 1.3071923062943327], [-0.5563588241118632, 2.5317701616414365, -1.2843010087148876], [-0.8624369301752186, -2.42607999999969, 1.1800112016063409], [2.4525778485395247, -0.865239151869667, -1.2122115245160268], [-2.112548307278579, 1.859109953350515, 1.219395953382724], [-2.0560360959780497, -1.8346989941374934, -1.2649136733397524]]",[-64251.74609375],"[[-0.18431014595878098, -0.31115805861880813, 0.31061020765513786], [-0.22977123441464112, 0.11201407905838515, -0.4936985132959378], [-0.25878908064665607, -0.6044265772660528, 0.08439974739389572], [-0.39827983443037673, 0.42527488984599426, 0.12428071616009519], [-0.46627984268990214, 0.7534693959370895, 0.4738676351010363], [-0.02435487039889996, 0.44650280342488247, -0.4927021588495256], [0.07610330713872737, 0.5766514487211994, 0.24239798042367078], [1.0714980630557958, -0.6800525331286631, 1.0868095050440127], [0.6796637821163346, -0.40189881839144176, 0.35792948481225473], [-0.11909562097793551, -0.02185265085388574, -0.390405620969154], [-0.1666939658260453, -0.299786834397743, -1.3188156978249013]]","tensor(-3, dtype=torch.int32)"
"['Bi', 'Bi', 'Bi', 'Bi', 'Bi', 'Bi', 'Bi', 'Bi', 'Bi', 'Bi', 'Bi']","[[-0.038581549935160254, -0.04548203901010322, 2.358653250838718], [0.08218312793648175, 0.14236306530060466, -2.4932780836101793], [2.13033076897097, 3.6566055721959394, -0.014145271670081897], [1.8051641613020282, -3.466286100754594, -0.10544328501371172], [-3.95070823971294, -0.10594338624004569, 0.23654640784447653], [2.644100774738742, 0.8622415432050865, 1.2603098337691594], [-0.6079057986285638, 2.7922314298808018, -1.1255628822403125], [-0.6113225324136146, -2.655859060062972, 1.3034810751296617], [2.5468721614833205, -0.7730788350126065, -1.2635947350019596], [-1.8870827966088748, 1.8033058070838603, 1.276894226856552], [-2.0417542628429524, -1.7854620566512944, -1.282957527803399]]",[-64251.70703125],"[[1.0574639458223722, 0.09016442097022924, 1.0582964694850174], [-0.843666315669196, 0.059534080790516475, -0.0848016624616681], [-0.479261503975002, -0.8445415196678508, 0.12771463201357164], [0.48532612261150904, 0.12420276026926319, -0.17356735111888857], [0.02534411317004693, 0.23031666854000724, -0.1261993258189559], [-0.1367498534584388, 0.3753488726005221, -0.2860740538145894], [0.6961311927232215, 0.15384260812100364, -0.4876248957934047], [-0.4974396761465919, -0.42878897274024047, -0.7389606527984026], [0.4658027999463345, -0.3664386582602806, 0.3632497686731726], [-1.0906209104717621, 0.5004727053741275, 0.08653875213725903], [0.3226921880259919, 0.11044344269323167, 0.2685237968032565]]","tensor(-3, dtype=torch.int32)"
"['Bi', 'Bi', 'Bi', 'Bi', 'Bi', 'Bi', 'Bi', 'Bi', 'Bi', 'Bi', 'Bi']","[[0.007091257316377166, -0.005235038955647297, 2.4805884736842105], [-0.14882350648693485, -0.05613013661929096, -2.656451933594765], [2.164037908943617, 3.5008869689181976, 0.0008280615705024939], [1.9738013727334358, -3.404721382588974, 0.03375356940928669], [-3.87816181569716, 0.3059641360366249, -0.019779881049770267], [2.4883915770824743, 0.746398731047282, 1.2642803145711843], [-0.6597733603804873, 2.612749786562813, -1.171361383035992], [-0.7319869412887723, -2.656047041693905, 1.2551324797734649], [2.6051143122631104, -0.9195771815703857, -1.3876459098473763], [-2.140649174650746, 1.9385873072071924, 1.2135336974213922], [-2.024507730103618, -1.7803741970377147, -1.3637831158214797]]",[-64251.41015625],"[[-0.8376447887454311, -0.006061600159731418, 0.33080263457592324], [0.8648959261771063, 0.6188494455118049, 0.09800659846839897], [-0.7297329584647596, -0.549733012222033, -0.12452630806947096], [-0.36852269278774724, -0.07572895431204071, 0.10608968846561087], [-1.4239281094400755, -1.7165964294344236, -1.2107521723740753], [0.7154823542257934, 0.210557369896582, -0.9295201255466382], [1.0082730587980968, 0.3782297438590788, -0.3956882124369453], [0.4037558243845923, 0.15259048019108332, -0.398845837392374], [-0.4564383228490944, 0.355939141335643, 0.3677140803976857], [1.527445407774505, 0.8641580191629644, 1.419239957350924], [-0.6985593438875269, -0.21759674570103854, 0.7440792077940606]]","tensor(-3, dtype=torch.int32)"
"['Bi', 'Bi', 'Bi', 'Bi', 'Bi', 'Bi', 'Bi', 'Bi', 'Bi', 'Bi', 'Bi']","[[0.13323104060296712, -0.0154013690157717, 2.7062975033411343], [0.07306242680661648, 0.05355303421819083, -2.5825270328102876], [1.9817570214111255, 3.250045413846416, -0.0261561605745292], [2.194520935237112, -3.4093119813712347, 0.04613673401245305], [-3.976378997691666, 0.17075721690404624, -0.038010464448362924], [2.590101400442515, 0.7229104026851575, 1.4030380394869977], [-0.5362085111638663, 2.4860719636488477, -1.1802808104726608], [-0.5226332739584015, -2.8312915495165796, 1.3097364635906288], [2.6174319911894295, -0.8787591744007348, -1.1116392803765527], [-2.000237953275491, 1.8246532141938527, 1.1646931781465986], [-1.9626960751285267, -1.9453756143279732, -1.044774955665844]]",[-64251.51953125],"[[-1.052819502511062, -0.3158561865937257, -0.19126657792952245], [-0.03233473568947851, -1.263517923204842, 0.25276565110550286], [0.5320540971375723, 0.32538578002702223, 0.2575763420388843], [-0.6176970764395454, -0.827560916587017, 0.43150452197437456], [-0.0771148825242466, -0.8411995979362071, -0.3187131465796988], [0.4399929723194945, 0.22455677721819045, -0.23376770794997906], [-0.09955826008176022, 0.8365006472078244, -0.6940501406770664], [0.6533259010310819, 0.4146198210943336, 0.42838510363298815], [0.09700206790942591, 0.7947438519629568, -0.6062962845158231], [0.3297987210820491, -0.10368549999598063, 1.343919448712286], [-0.1913692678464034, 0.7448402547494126, -0.6720240019706153]]","tensor(-3, dtype=torch.int32)"
"['Bi', 'Bi', 'Bi', 'Bi', 'Bi', 'Bi', 'Bi', 'Bi', 'Bi', 'Bi', 'Bi']","[[0.015583328784797552, -0.07113848147073802, 2.539826851086815], [0.20331194398408506, -0.0023212759482826406, -2.6812081505160346], [2.069221517537746, 3.559021988153688, -0.08778504442610774], [1.999802078339663, -3.4118799922779064, 0.10176645963944325], [-4.073652842882959, -0.1047654180792093, 0.15611502952087986], [2.7867068415671596, 0.7233356243900715, 1.23919766140246], [-0.6082513391530899, 2.770514047011857, -1.423503727027576], [-0.6376550057847425, -2.6491357358572727, 1.2280536953662506], [2.6540089421681747, -0.8640876617266612, -1.2595271870564466], [-2.1026986141966537, 1.975390753053463, 1.252882362076141], [-2.054018997835471, -1.9220598489293024, -1.2501857589902634]]",[-64251.5546875],"[[0.11050453213802613, 0.7875205907590179, -0.3375581090127785], [-0.9252541488293408, 0.09573060527307228, 0.513471335949448], [-0.3424053096311802, -0.8249193637426636, 0.10518836204443453], [0.00918204694294935, -0.07135010610372994, -0.017107955032835277], [0.6308570181161457, 0.10101391665014565, -0.09695609655955532], [-0.836747473247398, 0.6771620973610729, -0.13376243562613271], [0.5175422686733907, -0.5706864860981703, 0.6446211693687856], [0.10355972155998124, -0.1559727682646156, 0.034677737012340275], [0.1741557226907222, -0.0737240583835124, 0.013311220327813096], [0.46251507709921386, -0.7549508663954471, -0.5070814725837112], [0.08495685433405002, 0.7906198002184142, -0.22319080077751677]]","tensor(-3, dtype=torch.int32)"
"['Bi', 'Bi', 'Bi', 'Bi', 'Bi', 'Bi', 'Bi', 'Bi', 'Bi', 'Bi', 'Bi']","[[-0.15070881836496355, -0.07086496956514504, 2.4882505290331136], [0.16432554911066197, -0.025036570904502148, -2.4970422037899858], [1.881531764542346, 3.370770397994666, -0.22097269954482088], [1.8807879434932404, -3.5859154429547373, -0.0905305621615305], [-3.97348209126058, -0.1607179255984356, 0.07958163746704874], [2.6085939396929994, 0.9204599150754621, 1.2180715185449094], [-0.6374710618200014, 2.642334331504643, -1.4609176730572138], [-0.4860781368619076, -2.7384918624976824, 1.1931779905851978], [2.585946399524898, -0.8908797069388078, -1.2926678874062807], [-2.0741280026459044, 1.5743101567492355, 1.3635375620682972], [-1.9017981642848487, -1.6852492686755594, -1.2085094426614003]]",[-64251.41796875],"[[1.592157538920635, -0.4820430277526304, 0.6484284610292087], [-0.7818003972918992, 0.36155422804757653, -0.7562713857071659], [0.27425077798646347, 0.2895211337235098, 0.14619223502441925], [0.8156603019331582, 0.09921892569943808, -0.4482342366703999], [-0.5990437127196848, -0.004550327513979058, -0.10372941446218813], [-0.4056216235554025, -0.37961186683650794, -0.19998570777746064], [-0.3128036683934821, -0.22274240013895802, 0.7386963432476925], [-0.8170353286619496, -0.006520197799050048, 0.21977097457713268], [0.8760041263997509, -0.2657711208190033, 0.931476736131175], [-0.42626887887619386, 1.5812766243427645, -0.9309779418428699], [-0.22743302048850525, -0.9575420801310652, -0.2509901491275032]]","tensor(-3, dtype=torch.int32)"
"['Bi', 'Bi', 'Bi', 'Bi', 'Bi', 'Bi', 'Bi', 'Bi', 'Bi', 'Bi', 'Bi']","[[0.02466496907460608, 0.0001074100172201829, 2.6846083958105105], [0.06359648670582717, 0.03131414150410701, -2.5657702728264415], [2.0560681313178923, 3.3642512752691247, -0.013933142772835964], [2.0245782760124524, -3.6067868101553415, 0.07936165828149042], [-4.069303087990588, 0.07412191594983579, 0.06132814113336713], [2.53218091600275, 0.8093158387548757, 1.3016461573198008], [-0.3948108194626413, 2.9250814947498225, -1.2260971573351511], [-0.5038388771918341, -2.7235206095153575, 1.0296975784272342], [2.5939277392012947, -0.7611399904898607, -1.2241203705182535], [-1.9490115972288233, 1.9204218180915207, 1.2074167478291933], [-1.9515345665461235, -1.6795759467688725, -1.1086410210700206]]",[-64251.5234375],"[[-0.4663583128016499, -0.035681316262619146, -0.6244539392728734], [-0.14140062168701317, 0.42224654002879225, 0.1533246333925401], [1.0566581616473476, 0.5626193883714391, 0.42774762396369775], [0.5400090947046639, 0.6423184881079299, -0.5743929904591009], [0.5447754083730136, 0.1413409206386913, 0.10178031150302176], [0.2760349702979397, -0.22734215765268723, 0.3224351289901943], [-1.109134406102531, -0.9228383389670141, -0.4827741984727757], [0.052915389117258224, -0.02242009363444718, 1.8038201238314993], [-0.013783357403844171, -0.5949011490221742, 0.0752141163311634], [0.0664379593836654, -0.29981820187360547, 0.06804366561527496], [-0.8106769870383498, 0.34141754267406155, -1.2782668075111974]]","tensor(-3, dtype=torch.int32)"
"['Bi', 'Bi', 'Bi', 'Bi', 'Bi', 'Bi', 'Bi', 'Bi', 'Bi', 'Bi', 'Bi']","[[-0.04107311756800282, 0.1358374355408555, 2.522464992908853], [0.10129029218052961, 0.12620268584169622, -2.508673928080129], [1.891487885454792, 3.2596620802919736, -0.003948435570921414], [1.8115179640628303, -3.4849948900401837, -0.011017143622563695], [-4.057188769544861, -0.005506563124106287, -0.11024278827078898], [2.525810953450667, 1.0563042698856335, 1.3145792497350186], [-0.5199314977757077, 2.655270453092155, -1.4438745183934873], [-0.48166911650190214, -2.679022619766184, 1.1937990224146078], [2.756416528723515, -0.7275094187226737, -1.166188362422962], [-1.984421815354426, 1.8098220510280545, 1.1985118713339498], [-1.988605218280998, -1.9267090742059865, -1.3222312480743788]]",[-64251.12109375],"[[0.03498777622909053, -0.7486706863510457, 0.20247818797833003], [0.332711731147842, -1.4744698548101007, -0.3797659274228752], [-0.0034364159955689462, 2.829514473035252, -1.1498283067144845], [1.9414786056481188, -0.04130324211273258, -1.0289329125313247], [0.5904325692640601, -0.1316475478437194, -0.059002067831052156], [0.8686713361407511, -2.4374138256614177, 1.0120165870649633], [-0.8859028790284846, 0.6639023968268116, 0.6858976822783159], [-1.678780109067166, 0.7960983098551171, 0.7514839889812692], [-0.6571506762026416, -0.3900619157090477, 0.3527497889497107], [-0.5247053660301836, 0.2477460836361322, -0.7235139707093359], [-0.010233803550827498, 0.6893517041695993, 0.3308324593890384]]","tensor(-3, dtype=torch.int32)"
"['Bi', 'Bi', 'Bi', 'Bi', 'Bi', 'Bi', 'Bi', 'Bi', 'Bi', 'Bi', 'Bi']","[[0.156008555566951, -0.19525908460540176, 2.5708252884927063], [-0.07553567887748125, -0.16749537599018324, -2.506548455841555], [1.8620357455112941, 3.5772154786912287, 0.19012923299169415], [1.9771014742828152, -3.5201451994447366, 0.1179051242797373], [-4.214982751750977, -0.10431319506546029, 0.0540408021196834], [2.860440833113276, 0.81360575812552, 1.35475517598193], [-0.6498076434787693, 2.8285566648630303, -1.3383608740580866], [-0.7651769597333526, -2.5429164076942015, 1.17238709480009], [2.676692979367252, -0.7949424346702072, -1.2976236376925518], [-2.132070502431159, 1.8246198837852172, 1.3192852223055158], [-2.0450627928422573, -1.730155672555786, -1.3054988253270652]]",[-64251.171875],"[[-0.08215923544175775, 1.1097833528982435, -0.15954007302364492], [1.128376552770958, 1.5715773894293528, -0.40457179013374933], [-0.04444319329528598, -0.6220823524093034, -0.02633585505484459], [-0.26199380823797, 0.7485025361115861, -0.17101558124642996], [0.7944620589011102, 0.33100976276079874, 0.17499184589977784], [-0.9197206175546496, 0.20437046952630286, -0.730184444428813], [0.24399335081487317, -0.8828149824292355, 0.8674798862788926], [0.5609959929403268, -0.8863919031193899, 0.1396540703465719], [-0.44258773106051225, -0.3724753032789693, 0.6791017386553889], [0.369060979242384, -0.5141347323528938, -0.6308163946637991], [-1.3294641845488402, -0.6648300513588759, 0.24248940890249618]]","tensor(-3, dtype=torch.int32)"
"['Bi', 'Bi', 'Bi', 'Bi', 'Bi', 'Bi', 'Bi', 'Bi', 'Bi', 'Bi', 'Bi']","[[0.0024685596052043913, 0.07003430636972588, 2.5825360389059715], [-0.0304711385913173, -0.06221610679259579, -2.5216880655725937], [1.9677194097260842, 3.6138110390945206, -0.1492832565629909], [2.0015300745839797, -3.5899365996613, -0.05296752266873701], [-3.9145821544452333, -0.00485826922694362, -0.00855879421853682], [2.639914653085721, 0.8025515379462637, 1.2141050535296423], [-0.6055032685621843, 2.7233924643181155, -1.392192753682741], [-0.2867364497368483, -2.5713503087415956, 1.21134792839798], [2.6343168427294237, -0.8093044125773002, -1.3691386173169846], [-1.9500078144881146, 1.669009035303708, 1.2683646513795868], [-1.941861953177402, -1.952425823595327, -1.326915110140838]]",[-64251.5859375],"[[0.9348124872118292, -0.4102386074698102, 0.12123154039580415], [0.1936570367007014, 0.3666595161436074, -0.4108123237455442], [-0.013895976926608792, -0.8471969564769303, 0.16997819197093866], [0.9019239458804758, 0.446626370710944, -0.6285065143101227], [-0.04597051683270345, -0.6114508349755855, -0.3553068038755103], [-0.20827345769915231, 0.5987840311572167, -0.47272709310983985], [0.08700000829871225, -0.39242203544619575, 0.6975447860206963], [-1.2744132359683542, -0.23072089760190062, 0.2081702535613556], [-0.052375868532423556, -0.2902963217540457, 0.544493615311167], [-0.3069294657620878, 1.1608701724389936, -0.6641188838323544], [-0.22588490699946284, 0.19662758808696995, 0.795304866982071]]","tensor(-3, dtype=torch.int32)"
"['Bi', 'Bi', 'Bi', 'Bi', 'Bi', 'Bi', 'Bi', 'Bi', 'Bi', 'Bi', 'Bi']","[[-0.09663622571454156, -0.11244307835339709, 2.429642485243686], [-0.12882145571199133, 0.21830847017327432, -2.5528727402700695], [2.0162260939264214, 3.4386735716012504, 0.01646278729945398], [1.9530334668720621, -3.475145306633878, -0.041003560927410754], [-4.008979330561824, 0.06928001535416015, -0.007093452665234943], [2.7952222611863067, 0.9492694215575382, 1.1479485981939472], [-0.5289139141495591, 2.666114856479547, -1.196355042200588], [-0.3333896545537476, -2.625493983176947, 1.3061394698138442], [2.560110957045056, -1.0289327733639273, -1.2719537745383784], [-2.0518876179878536, 1.6948621625822193, 1.1643503962862893], [-2.027247446803515, -1.6052532442828373, -1.1850744081103948]]",[-64251.14453125],"[[1.1216248321467879, 1.497847880304133, 0.8176719341556832], [0.7003529464417619, -1.1713217125521893, -0.3215606449008216], [0.11094506519657348, 0.522465419721053, -0.09902002504921499], [0.771448101815449, -1.0209758580805701, -0.2555306683917347], [-0.9710876874944993, -0.2934429938039683, -0.2071612492804153], [-0.6011494473697973, -1.011094074742057, -0.0014063443252250339], [-0.3372774986590382, 1.0079552702721457, 0.1635211713536011], [-1.6771366590203383, -0.9743627605070916, -0.3440705112227454], [0.1297377313625185, 1.3545298830884571, -0.25782167683780216], [0.3881176464264897, 1.039273895147628, 0.7813432548977723], [0.34402587684725583, -0.9609025138156768, -0.25776701515445494]]","tensor(-3, dtype=torch.int32)"
"['Bi', 'Bi', 'Bi', 'Bi', 'Bi', 'Bi', 'Bi', 'Bi', 'Bi', 'Bi', 'Bi']","[[-0.07954178895783728, 0.14881665820759635, 2.448707721822423], [0.07985790658808202, -0.045416226596220605, -2.563963727845381], [2.156874498322601, 3.34521198103666, 0.02056250203966301], [2.0786152581404624, -3.6722615161597685, 0.2734794316114561], [-3.975536592630472, -0.07619131536027621, 0.21024489333407909], [2.5229558137146153, 0.8726711171529926, 1.120488051251737], [-0.4732421467514201, 2.7788394238875873, -1.2750247749733323], [-0.7200881434528577, -2.7926111166622833, 1.1587103925368911], [2.5776969556594684, -0.92502415141105, -1.133863741271557], [-1.9209983193575308, 1.5701264835377462, 1.313575029938713], [-2.008646103487508, -1.830019431844358, -1.3704326123774584]]",[-64250.8671875],"[[2.437670421898391, -2.9518553422126645, 1.5761863514974743], [-0.13574367739253523, 0.47946256435307133, 0.10932552642232947], [-0.5691258256187829, 1.5056480973755753, -0.8824267456378228], [-0.45820811697492886, 0.8053964524542216, -0.1984525581170674], [-0.11810086061636223, -0.6382072918862818, -0.5561093515776849], [0.5958524577163642, -1.2057868552113193, 1.371052829554248], [0.08818035098878993, -0.6474565834983875, 0.22467263119051534], [0.5539578512660681, 0.40304666231964226, 0.03928947073119793], [0.027031164008323477, -0.8593731935416465, -0.3074598846367132], [-2.1432671205342064, 3.0653464694295316, -1.7849934676630215], [-0.2821011315971941, 0.045572365862034565, 0.416308985380574]]","tensor(-3, dtype=torch.int32)"
"['Bi', 'Bi', 'Bi', 'Bi', 'Bi', 'Bi', 'Bi', 'Bi', 'Bi', 'Bi', 'Bi']","[[-0.1625392837300468, 0.07520923199824314, 2.3575073576117753], [-0.04900830041769913, -0.21214688446937455, -2.7470809220915826], [1.9473935090985477, 3.3252972929845552, 0.14359497837265447], [2.1756167822196755, -3.4108684411865022, 0.1028526985838342], [-3.882876941165364, -0.12996040834710912, -0.10541779491742241], [2.465858270381784, 0.8110664745897812, 1.2503645434948616], [-0.547233627655912, 2.6310046109378282, -1.1268783595946767], [-0.5734512326057497, -2.4596506463664256, 1.2452319591101038], [2.4698919168519975, -0.9975074528067862, -1.2720851291204993], [-1.8367362425911988, 1.8202767329115481, 1.3403526168590743], [-1.9619620854193212, -1.7670431301700262, -1.161950211952611]]",[-64250.59375],"[[2.2200613863174654, -1.2644486630624008, 2.461420743335447], [0.2582731628018556, 0.8634838755423789, 0.39556320533231953], [0.2135382057011661, 1.0742409174205576, -0.30075778633091577], [-0.7551493556689375, -0.6939601520168052, 0.7226649919773858], [-0.8262398830543826, 1.3680055564073452, 0.9165859268520646], [0.7079047948108833, -0.9479472320635564, -0.0579518230326664], [-0.13698654934597157, -0.25462857063918476, -1.037317798784007], [0.444437640805025, -1.8462387213949738, -0.030651875751665565], [0.39142727508462244, 1.1968157571146496, -0.4198176175331131], [-2.8688256336046773, 1.7943394328072937, -1.4384790186938563], [0.34798270394998726, -1.2885594533614175, -1.204341894437982]]","tensor(-3, dtype=torch.int32)"
"['Bi', 'Bi', 'Bi', 'Bi', 'Bi', 'Bi', 'Bi', 'Bi', 'Bi', 'Bi', 'Bi']","[[-0.10949346540945666, 0.04366428257576757, 2.399520716953184], [0.04857184646499141, 0.05003192536092006, -2.6545076867369732], [1.9807258543932047, 3.4922528036792913, -0.03528937190054298], [2.2504495228658445, -3.5072655089426705, -0.09562005958979944], [-3.8845362372207717, 0.05319375366287034, -0.08132914811114376], [2.78534148426995, 1.1274559694764827, 1.2814400388731697], [-0.6069681059985773, 2.6334774653278514, -1.3593581999344488], [-0.49237025405175344, -2.6678668893630113, 1.2477799143299877], [2.5800111345478642, -0.7219274474591988, -1.236740426218019], [-2.020428706968591, 1.896441914996268, 1.200507818416236], [-1.9874948930178231, -1.6390800607207259, -1.293937727370451]]",[-64251.625],"[[0.9082442351563078, -0.0037765757024609222, 0.452763597340759], [0.14368052296129977, -0.019000714806259804, 0.11590750272220114], [-0.3533321955589213, 0.6271587412898676, -0.4245002160363741], [-0.6897594813558117, 0.6645143197165879, 0.16166241700933703], [-0.7812434960401112, 0.31496565881178074, 0.20745492084541634], [-0.6606761748012181, -1.1176097952363901, -0.08344535337421105], [0.20584885465916572, 0.3942068962448625, 0.217229077746257], [0.3405816251533722, -0.004418150627124636, -0.7784044823640989], [0.383142661910517, -0.12337687005643154, 0.4080176873345634], [0.07938583635459864, 0.34385381852883634, -0.20423486947081212], [0.4131656043445123, -1.075940931768121, -0.07598251664561104]]","tensor(-3, dtype=torch.int32)"
"['Bi', 'Bi', 'Bi', 'Bi', 'Bi', 'Bi', 'Bi', 'Bi', 'Bi', 'Bi', 'Bi']","[[0.02466496907460608, 0.0001074100172201829, 2.6846083958105105], [0.06359648670582717, 0.03131414150410701, -2.5657702728264415], [2.0560681313178923, 3.3642512752691247, -0.013933142772835964], [2.0245782760124524, -3.6067868101553415, 0.07936165828149042], [-4.069303087990588, 0.07412191594983579, 0.06132814113336713], [2.53218091600275, 0.8093158387548757, 1.3016461573198008], [-0.3948108194626413, 2.9250814947498225, -1.2260971573351511], [-0.5038388771918341, -2.7235206095153575, 1.0296975784272342], [2.5939277392012947, -0.7611399904898607, -1.2241203705182535], [-1.9490115972288233, 1.9204218180915207, 1.2074167478291933], [-1.9515345665461235, -1.6795759467688725, -1.1086410210700206]]",[-64251.5234375],"[[-0.4663583128016499, -0.035681316262619146, -0.6244539392728734], [-0.14140062168701317, 0.42224654002879225, 0.1533246333925401], [1.0566581616473476, 0.5626193883714391, 0.42774762396369775], [0.5400090947046639, 0.6423184881079299, -0.5743929904591009], [0.5447754083730136, 0.1413409206386913, 0.10178031150302176], [0.2760349702979397, -0.22734215765268723, 0.3224351289901943], [-1.109134406102531, -0.9228383389670141, -0.4827741984727757], [0.052915389117258224, -0.02242009363444718, 1.8038201238314993], [-0.013783357403844171, -0.5949011490221742, 0.0752141163311634], [0.0664379593836654, -0.29981820187360547, 0.06804366561527496], [-0.8106769870383498, 0.34141754267406155, -1.2782668075111974]]","tensor(-3, dtype=torch.int32)"
"['Bi', 'Bi', 'Bi', 'Bi', 'Bi', 'Bi', 'Bi', 'Bi', 'Bi', 'Bi', 'Bi']","[[-0.10641022783141119, -0.11329083564954681, 2.5916424620389407], [0.07536540287283039, -0.021311562790535504, -2.63795166567771], [2.0040674566118435, 3.542223536260784, -0.07469736404683884], [1.9769532650016302, -3.43157987364493, -0.06531991678986242], [-3.9855798598586847, -0.04530105268854508, -0.15213341460246899], [2.688512084839252, 0.8426413591946093, 1.1949690888654145], [-0.7847998410093164, 2.673096241567653, -1.1768988063364003], [-0.7312531157848221, -2.649444008352736, 1.0951992022908847], [2.6180320250889104, -0.6955591848213784, -1.2701877681481952], [-2.1007220231242485, 1.948994859362199, 1.1865207666258901], [-1.7745705786024848, -1.9650901543420507, -1.0633843202543027]]",[-64250.48046875],"[[0.3341085094213708, 0.7447219839387835, -0.3936876359641095], [-0.4889659839417547, 0.30134677496784823, 0.5097486850517621], [-0.4293698366867038, -0.5844454951416523, 0.05787813517543535], [-0.15702738394078544, 0.38482760958524803, -0.05659916491371137], [0.4646980991529678, 0.029661738236125137, 0.04754942187018264], [-0.8605070506609378, 0.43663829790913955, 0.47213455634858836], [1.2890433352431647, 0.024513281294214647, -1.1418979917513503], [2.8679190621301602, -1.5527209084477596, 5.123496658658607], [0.039440374001142246, -0.6337284277098522, -0.20421198664006], [-0.297476285556876, -1.1301475296048986, 1.0954021365466693], [-2.7624559518504253, 1.9895335786694397, -5.51549754717478]]","tensor(-3, dtype=torch.int32)"
"['Bi', 'Bi', 'Bi', 'Bi', 'Bi', 'Bi', 'Bi', 'Bi', 'Bi', 'Bi', 'Bi']","[[-0.0795410363281107, -0.014682456754404456, 2.465586178547095], [0.041104235266509866, 0.02981993371960409, -2.3964396492452535], [1.7681768488995888, 3.38101518375338, 0.013878600472003219], [2.032032525240151, -3.536923669430542, 0.10179670156527564], [-4.036489278480003, 0.0462756429822604, 0.03863182287849484], [2.6308073349302648, 0.7631722661395137, 1.0540784395677947], [-0.7820802489799829, 2.724727989827641, -1.1934427379849484], [-0.4736951428198667, -2.684147174330877, 1.064168022363905], [2.6729843821028014, -0.9349774363206932, -1.3153697339357462], [-2.04639126017452, 2.0740932678070885, 1.236875538181672], [-1.9699928378412455, -1.8823604150058428, -1.1786919388755879]]",[-64251.5390625],"[[0.3174289312646339, 0.322967090527567, -0.305302470784565], [-0.2855100563141637, 0.009192825013344064, -0.36556288861861846], [0.5705605019738047, 0.385289020012976, 0.11526004716714457], [0.7763748524095216, 0.10665425160904395, -0.48061333934049183], [0.5168485846580058, -0.10767755123144293, -0.017853986737446547], [-0.4385014231311878, 0.1866524222301515, 0.7969220917621941], [0.37657693499158396, -0.17824691571874654, -1.1090619009534062], [-0.38786346702782043, -0.15292652355954447, 1.5914222030110718], [-0.16907820252414335, -0.31166621172778036, -0.2077506492940805], [-0.44489735430373084, -1.08437004101956, 0.8988134235609323], [-0.8419313342993597, 0.8132002690720744, -0.9227082410753221]]","tensor(-3, dtype=torch.int32)"
"['Bi', 'Bi', 'Bi', 'Bi', 'Bi', 'Bi', 'Bi', 'Bi', 'Bi', 'Bi', 'Bi']","[[0.13870188271734443, -0.16664614636298744, 2.699578574204678], [0.13118369674888383, 0.10652761264639601, -2.547285048424787], [2.068538393515273, 3.401708825588378, -0.1302826545380958], [1.817120921456904, -3.3909873224148974, 0.07832577022123563], [-3.912142855991212, 0.018229044359337608, 0.1293055408848683], [2.3844036076318424, 0.9433697611811082, 1.395706849143341], [-0.3913865398096704, 2.745006889074332, -1.3416239223879731], [-0.4981782700275367, -2.509978893579764, 1.221585411463598], [2.840325167818936, -0.7958839977477851, -1.3551468649113554], [-2.158192394184416, 2.0113064335273636, 1.1531090213218353], [-1.8531435237756586, -2.116193643211208, -1.2995971445792847]]",[-64250.6015625],"[[-1.046333634100349, 1.2613849348461932, 0.3689440968282276], [0.05801430087393347, -0.9461700845786264, -0.02270380474030959], [0.5871179012409526, 0.5145911548377387, 0.22191388739945592], [1.9668703202483393, -0.23892904612582982, -1.2006837268431345], [0.07861229383099323, -0.7149485929152155, -0.5692749496843587], [1.4441076808379663, -0.3304789839315323, -0.8374447568091934], [-1.1110519358974686, -0.039503093526239735, 0.26890313757282625], [-1.557947964056647, -0.5792549492177855, 0.7742074112495158], [-0.9974492227418778, -0.07349322461441947, 1.0743941552534595], [0.8020324192231996, -0.3331470191530484, 0.04761541698251364], [-0.23390639333096452, 1.474413290509365, -0.12938307319690615]]","tensor(-3, dtype=torch.int32)"
"['Bi', 'Bi', 'Bi', 'Bi', 'Bi', 'Bi', 'Bi', 'Bi', 'Bi', 'Bi', 'Bi']","[[0.09722916097219401, 0.16607943321769159, 2.4270771905281103], [-0.10574444985483228, -0.09100297884293745, -2.475419229082306], [2.1452959083251883, 3.3691898052815663, -0.09931061199355476], [2.039210722558263, -3.414136871824098, 0.1817719087958087], [-4.027333508840135, 0.0034208559633664803, -0.06712601027719763], [2.5685864711194224, 0.9231418366098519, 1.101517011969139], [-0.5289483324721412, 2.7125433637085212, -1.4496382597670348], [-0.8592838564449945, -2.733529280632199, 1.261819377184988], [2.4463452035563913, -0.8959852708163009, -1.1658927478403789], [-1.960452616917276, 1.873432332785764, 1.2379785564401056], [-2.0480084647724834, -1.6660007316768108, -1.253606782180244]]",[-64251.3515625],"[[-0.7577245740151556, -0.960438172328729, 0.4030745330932775], [0.9318181788192518, 0.9884884090635236, -0.8217522771223846], [-0.6971267244161684, 1.2528298414703885, -0.8759419056689417], [-0.8274704137058401, -0.25172517650451687, 0.3932321904990046], [-0.1275079666275203, 0.7180133495732546, 0.5431658969066273], [0.8119342571774281, -0.8818513324330668, 0.7713848526428082], [0.16021128558501044, -0.10642403490504998, 0.7387698768386488], [1.1104909208783544, 0.6101256876756246, -0.02606939091849739], [0.37191356835057304, -0.09343455746203025, -0.6177078750787768], [-0.29106158532090703, 0.2327908424762749, -0.8141860305676215], [-0.7000156175210113, -1.5123411968153466, 0.3057792564176747]]","tensor(-3, dtype=torch.int32)"
"['Bi', 'Bi', 'Bi', 'Bi', 'Bi', 'Bi', 'Bi', 'Bi', 'Bi', 'Bi', 'Bi']","[[-0.12334007039176975, -0.13213320059890904, 2.410452565916141], [0.2317332510882956, -0.18366122629531415, -2.6756351422973084], [1.9971141745484995, 3.4426938428630502, 0.06505105474791432], [2.045480798273334, -3.567729351322773, 0.06503210532146657], [-3.8269240336278765, 0.0028624112018716184, 0.04613119039344964], [2.5217660934871877, 0.8537551742183757, 1.3070989116132385], [-0.6884740211179414, 2.6380297791907665, -1.1071118846590726], [-0.8334838599028975, -2.7616897823060254, 1.147125309083785], [2.4877456286949537, -0.8394265577830602, -1.205929346798316], [-1.8222213877801328, 1.9225698774937297, 1.1587220376530323], [-2.0561246571904284, -1.8141396617438867, -1.1574078598133157]]",[-64250.88671875],"[[0.3800556909089163, -0.007214344613259281, 0.5483656988069783], [-1.7836539221774188, 0.6805929793111462, 0.019960775540436355], [-0.3874972903136947, 0.01744903776627108, -0.13752097914374004], [-0.6613498042008877, 0.4899972025662566, 0.11016509491152082], [-0.7864736369744931, 0.6471681055646359, 0.3302734498314957], [-0.023815236685463818, -0.29736696219018155, 0.0720251238998722], [1.9310604898944486, 0.48244874805517957, -3.0756159753385415], [1.433769783547158, -0.5072580560461896, 0.8418233479070462], [1.3089004901268626, -0.6275649758133325, 0.7245120735068616], [-1.5392781452674813, -0.7920071682491843, 2.576077609368384], [0.1218414064019173, -0.09287899318462328, -2.0045148908297272]]","tensor(-3, dtype=torch.int32)"
"['Bi', 'Bi', 'Bi', 'Bi', 'Bi', 'Bi', 'Bi', 'Bi', 'Bi', 'Bi', 'Bi']","[[-0.1178564154497684, 0.01729926479730402, 2.3679114895696878], [-0.09884898468284094, 0.08788251036584581, -2.6099506041893337], [2.1332359478412597, 3.531164868333961, -0.1519704277006174], [1.9669419507640689, -3.385343572753875, 0.13052947515814511], [-4.013177332631582, -0.1378136733145508, -0.25582671526333406], [2.3574375128926732, 0.6303643677776661, 1.3812584073899097], [-0.35312755275793717, 2.531363247695327, -1.1953164199486415], [-0.5119149869253334, -2.753769163807502, 1.141064833997964], [2.4502608315577987, -0.8415279530269881, -1.20762396035204], [-2.107383665549137, 2.013909782586577, 1.2284559838588462], [-2.109327231727363, -1.8217216391970057, -1.3335338768762401]]",[-64251.0234375],"[[-1.7688510446749066, -0.28466524277163135, 1.0422944288069103], [0.35503123288674465, -1.1310206767198905, -0.2006593885992219], [0.3223716227070957, -0.822876878265192, 0.6328743067687442], [1.1491181676297946, -0.5809282240777283, -0.41968006343814235], [-0.5142990773575765, 1.4003397675914897, 0.9131966967961694], [1.8063989417241282, 1.1296420504446885, -1.0271321108842688], [-0.9977382148965451, 1.2738954155061655, 0.12312017097527497], [-1.5203815550544575, 0.3685726750607609, 0.29473337977002256], [0.27791933284380954, 0.246362263729681, -0.39781785835964145], [-0.1574544444113394, -0.8552203454258204, -0.6201457964404821], [1.0486214029546472, -0.7378741040033628, -0.33334674255673674]]","tensor(-3, dtype=torch.int32)"
"['Bi', 'Bi', 'Bi', 'Bi', 'Bi', 'Bi', 'Bi', 'Bi', 'Bi', 'Bi', 'Bi']","[[-0.04666035573696524, -0.12722626285696406, 2.4340539492010533], [-0.0853211534978609, -0.10196172270483406, -2.4837291294194057], [2.0092594424339403, 3.4268524669635876, -0.028391836674556904], [1.9100316085683184, -3.525042448156347, 0.15119709983977675], [-3.89745780606523, -0.050376785267202955, 0.21258877915660315], [2.5153882616036634, 0.7132460811345989, 1.3536940388411298], [-0.6376603009134638, 2.6931396307220306, -1.298916533863494], [-0.40519753504021105, -2.5664310393424046, 1.2682033594307722], [2.7748011816138245, -0.8509203096748245, -1.2313721787789251], [-1.9419222510707408, 1.809216357395107, 1.2897374581942456], [-1.9980150714226166, -1.8657520582158744, -1.1296239051561663]]",[-64251.38671875],"[[0.22382108135398632, 1.6594788269934246, 1.3987210001486194], [0.7370071275393605, 0.3603988250719141, -0.03174472375292356], [-0.2144348012899173, -0.45025918721464353, 0.0433964349147092], [1.6384081107484896, 0.015604085111386463, -0.9764582107388885], [-0.3736887617960231, -0.14003217698594372, -0.1405913922318527], [0.6254859806508405, 0.5256726155727627, -0.7080888858987319], [0.35254080956953837, -0.3439584110631057, 0.3332461095235189], [-1.691260250693107, -1.6730655720301206, 0.024242281729390285], [-0.9106579881349716, -0.27702345716434046, 0.39371252425643316], [-0.07039617488286945, 0.47004450543640725, -0.21744700457036387], [-0.3269844928541772, -0.15414373588928348, -0.1271010121947733]]","tensor(-3, dtype=torch.int32)"
"['Bi', 'Bi', 'Bi', 'Bi', 'Bi', 'Bi', 'Bi', 'Bi', 'Bi', 'Bi', 'Bi']","[[0.1145162123121212, 0.11271562718234213, 2.4957431701982786], [0.05423354379910501, 0.0634416649278877, -2.6620913709503187], [2.0495536533883763, 3.6229649830280692, 0.009587401047902667], [2.031870859651591, -3.673350891053125, -0.15107818712580667], [-3.979605060351329, 0.046986553392246964, -0.06444208054120243], [2.5524915072147465, 0.9042456469816286, 1.1703798721693588], [-0.4865899797113628, 2.7203791763360154, -1.3984493393211836], [-0.6462287840384757, -2.6942910293253837, 1.2316960881239936], [2.723234663960211, -0.9104055061696417, -1.2865830603154174], [-2.0085652690825095, 1.9107410090056312, 1.2488991022834202], [-2.107207246296373, -1.7929470143519444, -1.2543817178151802]]",[-64251.7578125],"[[-0.8505008258608064, -0.5346591402969056, -0.014232102570416488], [0.14943151826127357, -0.40717518778615214, 0.43534996882674837], [-0.2988612367493419, -0.45918966185896665, -0.13940986683366874], [-0.5699573208395966, 0.8719757197455429, 0.18124842320414494], [-0.06769193850888255, 0.419073745556348, 0.3326967158971013], [0.7265478741124284, 0.1573284088648821, -0.39390612843122375], [-0.06730416451629408, -0.02147874025718665, 0.6113423343623563], [0.6824380039569591, 0.3050209348331763, -0.3304724533259019], [-0.6013433086550457, -0.12736100228979083, 0.0957980710572224], [0.19601365973562213, -0.15795380434265177, -0.5717344683245267], [0.6774377197719301, -0.03629585139464757, -0.20748083757957153]]","tensor(-3, dtype=torch.int32)"
"['Bi', 'Bi', 'Bi', 'Bi', 'Bi', 'Bi', 'Bi', 'Bi', 'Bi', 'Bi', 'Bi']","[[0.11848712484083135, -0.13821857611726704, 2.5176516604684824], [-0.0322982205369865, -0.1321885824311156, -2.555273834823998], [2.0907069672406013, 3.559516062342039, 0.10019869640507001], [1.8028014459160584, -3.4714220359421866, 0.07188669357077154], [-3.9149164578140527, -0.14969081531851078, 0.020661329950522965], [2.422826895777536, 0.899432928995221, 1.3922805965015608], [-0.7384606111293638, 2.5669634905100396, -1.2433057594526933], [-0.5706227857256148, -2.5913790803180126, 1.180900731796728], [2.7292988696596727, -0.6663486907455081, -1.3598610726962999], [-2.137762119947729, 1.8062116378991016, 1.143415123929944], [-2.0272003549854603, -1.65705114493875, -1.3798215404584384]]",[-64250.80859375],"[[-1.6545140240515843, 0.5447198725141096, 0.7627551972342155], [1.2899108259280831, 1.317967233313867, -0.5738602575903544], [-0.9780378973921597, -0.39411371941492346, -0.33514348185855797], [1.6174957745456147, 0.22260407471261365, -1.000181792688324], [-1.1141449747058756, 0.471394026807776, 0.2428695210034395], [1.6943558606060931, 0.2183360411116531, -1.2916365513214352], [1.076031434649298, 0.41376024941151845, -0.1925807209018857], [-1.300621019161915, -0.215218782498113, 0.034087339410098484], [-0.7392352467674282, -0.6146523743972216, 1.0316875939771495], [0.3636378511983105, -0.10387010530474507, 0.9208735008478248], [-0.24566487732370237, -1.8429271386973611, 0.3861258631313137]]","tensor(-3, dtype=torch.int32)"
"['Bi', 'Bi', 'Bi', 'Bi', 'Bi', 'Bi', 'Bi', 'Bi', 'Bi', 'Bi', 'Bi']","[[0.024164248186501883, 0.15982020760320162, 2.4743183144603074], [0.10024601156784818, 0.21530498134975085, -2.544550218248576], [1.9950615828361786, 3.6967970364292335, -0.006335926578633744], [2.0335511871695178, -3.4205255931453786, 0.005035931788208152], [-4.0738546715864885, 0.0028610670598677008, -0.06072848606090281], [2.567953281964863, 0.9912676065447164, 1.3331452734678628], [-0.6236889797294164, 2.8356301041583563, -1.1728628265562322], [-0.47651377209831186, -2.6390351724673695, 1.0625523842542663], [2.655588056862051, -0.7776654767779706, -1.2007686071109755], [-1.961833035886516, 1.9039231249154027, 1.3368222489178074], [-2.0849393164635086, -1.772589914561094, -1.2418220045828778]]",[-64251.8046875],"[[-0.05601285022554087, -0.8769585204194354, 0.3750539669053231], [-0.23801830946189473, -0.3188857191190341, 0.33516837015088163], [-0.11647283719700788, -0.5715082111215842, 0.1583034231432895], [0.5313115621351884, 0.003827798276323438, -0.3159473579620932], [0.45735260763734836, 0.457446812909119, 0.37468845867838785], [0.3679897542306345, 0.3508726254966617, -0.6139972569505201], [0.19897438950239932, -0.1282005707789822, -0.08867287178192247], [-0.5307788292664419, 0.31846760609241465, 0.7619956929416108], [-0.12435558672543252, 0.3360426999739796, 0.0727824684646306], [-0.8790709399414531, 0.03927639923551884, -0.531340358506472], [0.3809201476904313, 0.38800240951926374, -0.5296634841001187]]","tensor(-3, dtype=torch.int32)"
"['Bi', 'Bi', 'Bi', 'Bi', 'Bi', 'Bi', 'Bi', 'Bi', 'Bi', 'Bi', 'Bi']","[[-0.1594773465305182, 0.08579684508616137, 2.5468245469387107], [-0.011618915900305253, -0.12619831385342736, -2.639205521528574], [1.8523568378907338, 3.2362603743058074, 0.08565536071049334], [2.0949413583565155, -3.4200895520761967, -0.03798904679172849], [-3.988572511382689, 0.08605110958634903, -0.05431019631845886], [2.5172184853205875, 0.8833339304268332, 1.0915949177260968], [-0.5677144589316271, 2.652029827636567, -1.130376518887584], [-0.5203166505015588, -2.6867785082236924, 1.2306621429911888], [2.4888120013068584, -0.6751033602610778, -1.3704128228133363], [-2.181787430795871, 1.8561425560604152, 1.0069081409180738], [-2.269547335724452, -1.8627378882736916, -1.0858793794438473]]",[-64250.92578125],"[[0.281931952915903, -0.16875835711452916, -0.4072328319508109], [-1.1245353225300936, 0.2916552019460816, 0.2094300433829211], [0.4915959668155032, 3.042565968639634, -0.5649266976205367], [-0.24484443785257798, 0.447169028043365, -0.06338035039635558], [-1.7444682315114435, -0.4327915140823847, -0.3174933117232893], [0.3255490965898734, -2.3964730990098904, 1.8995294917807501], [-0.3728306299317722, -0.17513222820978533, -2.118196794006348], [0.12312824424365269, 0.21751297911385825, 0.10043454394433815], [0.5273875423268836, -0.8691475047087619, 0.015421742374651451], [0.6108862204100608, 0.5278338860817792, 1.9979472612934055], [1.1056695855720164, -0.4830525976765781, -0.7528127358276405]]","tensor(-3, dtype=torch.int32)"
"['Bi', 'Bi', 'Bi', 'Bi', 'Bi', 'Bi', 'Bi', 'Bi', 'Bi', 'Bi', 'Bi']","[[-0.11118863911644161, -0.030737180255642205, 2.6288267078013763], [0.0218699716666551, 0.0971513674753488, -2.7606443021962654], [1.8642036667892026, 3.2457471813828493, 0.10478333349937195], [2.113593657115134, -3.2593275516279565, -0.030936855699341993], [-3.9548688743963405, -0.07869145833984337, 0.031079672358065885], [2.6464075409308427, 0.8571538338974404, 1.209475046668719], [-0.6464613511616558, 2.5218008650323545, -1.2633058452186594], [-0.4841093138321514, -2.517398436721257, 1.2175288986251889], [2.3746532751354943, -0.8499877163735742, -1.3721322905109279], [-2.0229643669845583, 1.9014358081302474, 1.3416502626003464], [-2.0875285762982765, -1.8456263389099994, -1.2169927918542365]]",[-64251.42578125],"[[0.6103046365543155, 0.6482140309073291, 0.09007103845192388], [-0.851462418973312, -0.5583313001547633, 0.07462960141619812], [-0.13470880779953123, 1.5943208663133146, -0.4965457030845112], [-0.27524091035979475, -1.2270745726827124, 0.5797583714943325], [-0.19138176341465682, 0.49194712827888826, 0.34289099128613293], [-0.25343305843209163, -1.4254347767233062, 0.2949808228746951], [-0.21098931546583585, 0.46996948060479515, 0.1658099686497307], [-0.2685815438120984, -0.775408631308774, -0.2781647704869106], [1.1056315332242486, 1.1589588132950455, -0.012199217597442353], [-0.08311450363699924, -0.4414247690373879, -0.36105599940227884], [0.5466733977731516, 0.056038561271329786, -0.4088297964268522]]","tensor(-3, dtype=torch.int32)"
"['Bi', 'Bi', 'Bi', 'Bi', 'Bi', 'Bi', 'Bi', 'Bi', 'Bi', 'Bi', 'Bi']","[[0.10200057536678409, -0.11954694158151578, 2.5659907165173426], [0.10389637989719153, -0.1422800761004198, -2.5516366533257475], [1.9776442112156851, 3.3678359944143272, 0.012555673779121077], [1.914035080171064, -3.4344429165384835, -0.001242212931237829], [-4.197159805407587, 0.16081745592908225, -0.034956950438491216], [2.634669817913691, 0.8938746767294219, 1.2604768552375203], [-0.5872667502624964, 2.4922968561659937, -1.0906346071201471], [-0.5544590683319602, -2.5495487687472878, 1.178784601519352], [2.351717231768641, -0.8138113529540038, -1.2467610676344838], [-1.9107456953319435, 1.967041493156504, 1.3923797014922608], [-2.018555436976121, -1.908819906182955, -1.4386650143012876]]",[-64251.109375],"[[-0.14482702991511923, 0.8800428174722742, 0.2855413723679346], [-2.1480524603764404, 0.9486455440671834, -1.0698602694390418], [-0.004119327596989337, 0.618431383907277, -0.1644743312430879], [0.3783865812383912, -0.3001673064533274, -0.13484656758286828], [1.3093889999968522, -0.15246315909233657, -0.03466565796302864], [0.09123076088327885, -0.6883170916870532, 0.12077079845526671], [0.017407848670917228, 0.3044507666817613, -0.8336091829984025], [-0.9310211363997952, -0.6375706863925482, -0.2550247264327004], [2.6090628242319034, -0.4928158016719127, 1.0413719164840036], [-0.5822055488325217, -1.0251703580905744, 0.12484275962104097], [-0.6076785103374354, 0.5359765742831298, 0.9216875125575019]]","tensor(-3, dtype=torch.int32)"
"['Bi', 'Bi', 'Bi', 'Bi', 'Bi', 'Bi', 'Bi', 'Bi', 'Bi', 'Bi', 'Bi']","[[-0.20763510671436297, 0.18601779633902038, 2.621840796503198], [0.16723958139947326, -0.07802157437189215, -2.625305205342334], [2.0638640475944907, 3.322695601261475, 0.03316826823023436], [1.9951402441064705, -3.391831001635423, -0.045363241923241766], [-3.9207628857134074, -0.05916775384834301, 0.10687327296489964], [2.722175977895102, 0.8276663940273522, 1.240437812348783], [-0.6620092532521299, 2.807357221023623, -1.3283842724432606], [-0.7489115615636118, -2.818708783436896, 1.3067900928437144], [2.5689530941909364, -0.760152176503866, -1.1529332589399461], [-2.1660739262839583, 1.783177087500149, 1.4247476692990104], [-2.1232704176485715, -1.7823665793538068, -1.2946828282760805]]",[-64251.06640625],"[[1.2572891652520184, -1.4433970275323607, 0.09836634742107753], [-1.1698422989774948, 0.7249671590173257, 0.32609036552582177], [-0.5961399072082842, 0.6869240672262096, -0.5037336373115361], [-0.5799445194658444, -0.3147040746319243, 0.444285739946504], [-0.9140287062378988, -0.019010901522601376, -0.12001576788462934], [-0.6599305544733395, -0.14597595370724287, 0.9428965542287812], [0.6770967913047691, -0.9198609998646571, 0.5830812670520923], [0.6287949922438745, 0.9146092616518126, -0.6299458186533864], [0.5090496531388529, -0.3352743510816236, -0.3773951118906789], [0.008438838311165701, 1.2158933530900273, -0.9732870103512833], [0.8204831799022436, -0.3733558037530566, 0.19628501411287838]]","tensor(-3, dtype=torch.int32)"
"['Bi', 'Bi', 'Bi', 'Bi', 'Bi', 'Bi', 'Bi', 'Bi', 'Bi', 'Bi', 'Bi']","[[0.06773648528713366, 0.16745651690470414, 2.632043720636793], [-0.1990542059595043, -0.024530067568780022, -2.6006392326207215], [2.0187667101280677, 3.4454056516347285, -0.15449328707170584], [1.9860186251831897, -3.5394978729962503, -0.00872356048081722], [-4.03774997157345, 0.060722540882867854, -0.08017806438567113], [2.5833086201948325, 0.7038930451377371, 1.1699365223486982], [-0.6029020393822118, 2.6816817026287656, -1.2293292496898527], [-0.5540326772775771, -2.509424034126163, 1.2654380912486474], [2.7938230771551593, -0.9691926523442003, -1.2585670259725565], [-2.0307321959119253, 1.7094483221440309, 1.3176451397073299], [-2.0198497129770008, -1.9590602233425527, -1.2697195817465696]]",[-64251.71484375],"[[0.053815532830328285, -0.7221199178066607, -0.08516372540846766], [0.773241704369684, 0.06001163775499985, 0.1789667221566531], [0.17104154940267677, -0.46846286474365606, 0.1907905636277864], [-0.22721977307473193, 0.2748437261244475, 0.08226429077485127], [0.3691377524251097, -0.39074469824101826, -0.0660950254549328], [0.29724591458660726, 0.7052010212357206, -0.1989010615998093], [-0.1831854419717905, -0.3714221274213636, 0.18168186001405454], [0.21930210794612595, -0.27133807645322, 0.2007907206211117], [-0.9343861980726489, 0.08985815099279162, -0.23963892810006185], [-0.3410322369418688, 0.6285317111349958, -0.4737582603122502], [-0.2056302593478683, 0.46424162524603135, 0.23550356349537216]]","tensor(-3, dtype=torch.int32)"
"['Bi', 'Bi', 'Bi', 'Bi', 'Bi', 'Bi', 'Bi', 'Bi', 'Bi', 'Bi', 'Bi']","[[-0.09663622571454156, -0.11244307835339709, 2.429642485243686], [-0.12882145571199133, 0.21830847017327432, -2.5528727402700695], [2.0162260939264214, 3.4386735716012504, 0.01646278729945398], [1.9530334668720621, -3.475145306633878, -0.041003560927410754], [-4.008979330561824, 0.06928001535416015, -0.007093452665234943], [2.7952222611863067, 0.9492694215575382, 1.1479485981939472], [-0.5289139141495591, 2.666114856479547, -1.196355042200588], [-0.3333896545537476, -2.625493983176947, 1.3061394698138442], [2.560110957045056, -1.0289327733639273, -1.2719537745383784], [-2.0518876179878536, 1.6948621625822193, 1.1643503962862893], [-2.027247446803515, -1.6052532442828373, -1.1850744081103948]]",[-64251.14453125],"[[1.1216248321467879, 1.497847880304133, 0.8176719341556832], [0.7003529464417619, -1.1713217125521893, -0.3215606449008216], [0.11094506519657348, 0.522465419721053, -0.09902002504921499], [0.771448101815449, -1.0209758580805701, -0.2555306683917347], [-0.9710876874944993, -0.2934429938039683, -0.2071612492804153], [-0.6011494473697973, -1.011094074742057, -0.0014063443252250339], [-0.3372774986590382, 1.0079552702721457, 0.1635211713536011], [-1.6771366590203383, -0.9743627605070916, -0.3440705112227454], [0.1297377313625185, 1.3545298830884571, -0.25782167683780216], [0.3881176464264897, 1.039273895147628, 0.7813432548977723], [0.34402587684725583, -0.9609025138156768, -0.25776701515445494]]","tensor(-3, dtype=torch.int32)"
"['Bi', 'Bi', 'Bi', 'Bi', 'Bi', 'Bi', 'Bi', 'Bi', 'Bi', 'Bi', 'Bi']","[[0.031168912998295842, 0.016171432091287498, 2.4237327089661753], [-0.09307568477712252, -0.032782298318762025, -2.56378477702407], [2.0773944119946552, 3.3846331860550802, -0.19687508431784054], [1.9987631832798494, -3.2861295075820958, -0.050090306427582415], [-3.827206062062807, 0.11548588853989383, 0.014419851939301563], [2.5606164266825884, 0.8960232220509703, 1.2149932598218969], [-0.571670501148247, 2.5552728498483366, -1.3910132181144617], [-0.5004300556646522, -2.520152882102652, 1.3067378931923912], [2.6320608833703885, -0.9936045753665343, -1.2005942957391496], [-1.9336083879662742, 1.813063763759171, 1.1398432372328482], [-2.017988754549481, -1.886870863253682, -1.1831122345583143]]",[-64251.4296875],"[[0.13910215703766698, 0.7678768375553681, 0.8645555119308609], [0.5620203210045573, -0.7166856311687148, -0.22051505224226398], [-0.24074712559565584, 0.2073417408218535, -0.17150949043603508], [-0.46407013257061924, -2.59817985277037, 1.0842476564416048], [-1.0343949670987227, -0.723854899176497, -0.4224132504496875], [0.5028220778941357, -0.20888805453769063, -0.3404624287450948], [0.13251956367269638, 0.7017398002516162, 0.22522840115628862], [-0.38888059599923, -1.088899298845736, -0.25991363036737175], [0.32524946006224936, 2.6369335978670914, -1.1242920960369303], [0.4372387022504024, 0.964697978395037, 0.47429397566230813], [0.021236053695985045, 0.060538611349489534, -0.1040948712670318]]","tensor(-3, dtype=torch.int32)"
"['Bi', 'Bi', 'Bi', 'Bi', 'Bi', 'Bi', 'Bi', 'Bi', 'Bi', 'Bi', 'Bi']","[[0.1362939284107638, 0.0562569463728676, 2.747579713029939], [-0.053236975266992836, -0.08817357200306472, -2.4507902668328807], [1.955986704804805, 3.4524634881396605, 0.10923874508301304], [1.837994110746459, -3.540934946112755, 0.06981230513346345], [-3.9744332537364233, 0.01561360239973108, 0.14845447175592877], [2.789678569348495, 0.9568271380342167, 1.1354155605618756], [-0.4740203959885004, 2.8544665963789058, -1.0279472070458355], [-0.473026248796865, -2.5644092655718986, 1.4411673092822064], [2.6255225116623637, -0.8664419995319841, -1.1433187314864357], [-1.9811460049627336, 1.7667934926373072, 1.1441550238355684], [-2.095579580126757, -1.8381680685681128, -1.2359233891701054]]",[-64251.421875],"[[0.23347239087804755, 0.22394377446449104, -0.7220468984366202], [0.26134588988408924, 0.5557067166006304, 0.07746712385155478], [1.1039942538284104, 1.089270566346928, 0.19683271081027395], [0.6394887304084016, 0.21879493185689372, -0.2953321386043549], [-0.37408450621280614, -0.4203278275257483, -0.35685229483788217], [-0.25033914544812785, -0.7608561793922459, 1.094217371556716], [-0.860302390736458, -0.7526558984483281, -1.515684146988822], [-0.7867811410821287, 0.1627042800067956, -0.10596252163313888], [-0.40394084107008926, -0.4621742000541444, -0.39528999975976653], [0.16059504865445584, 0.19073410217123396, 1.3689548082178722], [0.27152993227689687, -0.050187179764177726, 0.6524733227527214]]","tensor(-3, dtype=torch.int32)"
"['Bi', 'Bi', 'Bi', 'Bi', 'Bi', 'Bi', 'Bi', 'Bi', 'Bi', 'Bi', 'Bi']","[[-0.06274609132294465, -0.12069579875123669, 2.4151658518807433], [-0.07426582745720602, -0.1090855986860424, -2.5803501127785884], [1.9807842100929447, 3.6541153075696258, -0.0673104309329353], [1.9126032269748492, -3.3521913764558358, 0.04235984093705292], [-4.095807584774713, -0.06656028720311286, 0.05513425387185969], [2.6342067848113038, 0.8481775247596467, 1.4205303327260057], [-0.5009411345482079, 2.6552018228609993, -1.2609044199875319], [-0.6196671461837863, -2.6355193280285887, 1.2764292718383803], [2.6769647241901624, -0.9247966201052631, -1.256818376117535], [-2.0516174409137915, 1.9920431385964676, 1.1757887714531479], [-1.9768856833961184, -1.8631308268311961, -1.1575168718737137]]",[-64251.51171875],"[[0.1959501534525235, 1.614994089790353, 0.6494723294882387], [0.6013489650851193, 0.29652929631837854, 0.3035216723311329], [0.19271894348404692, -0.840939916373739, 0.5072737397841207], [0.2949778918154752, -0.7217949301878888, 0.08629295453951698], [0.6442817835643718, 0.30693291104222353, 0.07747350019091044], [-0.4014200272967606, 0.2561132292672201, -1.080286612727364], [-0.15148192274084826, -0.04790240367560955, -0.3320321367855493], [-0.19304264555052938, -0.9986021060350528, 0.07857892089355921], [-0.38104258369047816, 0.8871781468996149, 0.1988430574805095], [-0.10959024734977217, -0.8644644948287683, -0.01219330919912006], [-0.6980780331103584, 0.1185060666979956, -0.4701784085628759]]","tensor(-3, dtype=torch.int32)"
"['Bi', 'Bi', 'Bi', 'Bi', 'Bi', 'Bi', 'Bi', 'Bi', 'Bi', 'Bi', 'Bi']","[[-0.019088189764578514, -0.005995865096684657, 2.442377594187633], [-0.08097952925610238, -0.1145384009636562, -2.5567592643104837], [1.927567411213969, 3.2852740724505627, 0.03913233274794584], [1.9076770894036486, -3.472998237457974, -0.011673509172747724], [-3.91743609834165, 0.1617504280949138, -0.009929984924614527], [2.6695607782281177, 0.8343761721888318, 1.1889068265835963], [-0.6053907711441713, 2.6874143307807774, -1.1863617797266737], [-0.613299227341164, -2.5818214013116867, 1.2335481828708597], [2.734734571671212, -0.9593088628658479, -1.2583046509544409], [-1.9725715648270874, 1.7327313184715838, 1.3634702298291759], [-2.0274780121748286, -1.8685229885260457, -1.1831880220064204]]",[-64251.6953125],"[[1.0308920942204403, -0.25655597347570525, 0.7522717754242416], [0.5696601011502768, 0.5105079836560004, 0.25607198874977466], [0.3342007092315699, 1.151822455425873, -0.2701073915354876], [0.10807787221437638, -0.2105133525861914, 0.004879642815978184], [-0.42825480005292993, -0.617517099119023, -0.3533125523199386], [-0.012216495420212506, -0.8869143515698207, 0.25138321959552423], [-0.2745703148635282, -0.6610371578840945, -0.19821097713083471], [0.08839848350126313, -0.6694343854387553, 0.37416729578024643], [-0.6643055460247819, 0.31767380326472755, -0.0845097906698723], [-0.22221568365492625, 1.1297793474292013, -0.3472278790677162], [-0.5277675515836437, 0.19252091700938065, -0.3862583264392182]]","tensor(-3, dtype=torch.int32)"
"['Bi', 'Bi', 'Bi', 'Bi', 'Bi', 'Bi', 'Bi', 'Bi', 'Bi', 'Bi', 'Bi']","[[0.008766661039960755, -0.16731818853777813, 2.5854248438389105], [0.058058457308090186, -0.09829195891041892, -2.588381972288522], [1.9507108433172995, 3.4429557037493983, 0.02493341642705352], [1.9949799537113015, -3.3849582098192084, -0.057008961352282894], [-3.8988258209672497, -0.07924287169764682, 0.04915629439814251], [2.6134657934819683, 0.844092154696546, 1.301694547909512], [-0.6578448857756519, 2.8972366225966253, -1.1164504039163263], [-0.5481514352250073, -2.701834034783978, 1.2872442658915417], [2.526700697943615, -0.878384734656554, -1.0883342347875593], [-1.9739312800340163, 1.6798335797782313, 1.3740830285248933], [-1.9356732283126024, -1.9219511581193365, -1.3661157618417612]]",[-64251.6640625],"[[0.4004759176953914, 0.4378053736995902, 0.2584033635377307], [-0.30598715593392395, 0.7966423555840105, 0.24789299655177008], [0.22615219903148448, 0.08306678393601502, 0.13517536043641695], [-0.18236911626799232, -1.3318367998542415, 0.574123538699233], [-0.009610845480198624, -0.2537091950638646, -0.22137194997631707], [-0.242256775360198, 0.16580863167534965, 0.21644442805087075], [0.023055701539604203, -1.0742218912466739, -0.031925189583315985], [-0.3012770980337603, -0.40815339023423736, -0.57575001945584], [0.5672581752526759, 1.079191322176756, -0.8670145163501132], [-0.0744064295387503, 0.3748438562391361, -0.34836831821472947], [-0.12483160102716859, 0.1313169552169655, 0.6043180766528236]]","tensor(-3, dtype=torch.int32)"
"['Bi', 'Bi', 'Bi', 'Bi', 'Bi', 'Bi', 'Bi', 'Bi', 'Bi', 'Bi', 'Bi']","[[-0.003008616464400376, -0.11561472770120834, 2.586443180418852], [0.09364757230153563, 0.11975324360374454, -2.4302671176351613], [1.9790492640228443, 3.4518237696293044, -0.18495404299453322], [2.0478610297188005, -3.6132132616560573, 0.046777657630936845], [-3.855046990642757, -0.06543994328936738, -0.18098402556080934], [2.5028687009510353, 0.8426670317300912, 1.0937281632956986], [-0.7123780534536159, 2.74005939321474, -1.1750579469228415], [-0.7405416938435996, -2.5959804872013486, 1.156515801918347], [2.464647034935966, -0.7904643175887142, -1.37656402926406], [-2.121767041121551, 1.8859138890252458, 1.2227939444713343], [-1.8762730304377224, -1.8911981135150242, -1.3535957359404913]]",[-64251.49609375],"[[-0.130306871072102, 0.7109638950388487, -0.4226829078979218], [-1.6663961267524754, 0.36178099947143477, -1.091599987095404], [-0.0032102878620763205, 0.0386749715946336, 0.10901493698919934], [-0.6072954157551804, 0.9518013178273154, -0.10200924265472629], [-0.3265565582080664, 0.1257617238196285, 0.10132718003203785], [0.11821671458868709, 0.0027153975389638827, 0.4423412135534881], [0.23128031853617592, 0.043432152699519166, -0.28049264857263934], [0.915037607674656, -0.7114287507467124, 0.5264264634352938], [1.5651439715520494, -1.1753598894037969, 0.9373517100939429], [0.15062955015085402, -0.6216606912583652, 0.5366774573913358], [-0.2381441393199857, 0.274773020748528, -0.748403291474841]]","tensor(-3, dtype=torch.int32)"
"['Bi', 'Bi', 'Bi', 'Bi', 'Bi', 'Bi', 'Bi', 'Bi', 'Bi', 'Bi', 'Bi']","[[0.02207202175906417, -0.15913507928625348, 2.4780863098275767], [-0.06843993281257824, 0.09505166655468418, -2.6346396988487846], [2.1296429901154705, 3.436957659171768, -0.1576405490491581], [2.19584773894747, -3.4812372778688845, -0.09076099945251023], [-3.8004343743682187, 0.20555069862515124, -0.21091671947864993], [2.577604973960674, 0.8425413519137893, 1.198899238816085], [-0.7448894196833035, 2.6606141598969164, -1.2259441209585988], [-0.4285085666037516, -2.892182977765899, 1.1177842028242715], [2.6490685954074995, -0.9855161615133702, -1.4007983291357395], [-1.922284138541024, 1.7701735633325044, 1.2443573479443715], [-2.138717313264596, -1.953045006755309, -1.3180058437494806]]",[-64251.68359375],"[[0.1042698092225796, -0.11227412057549428, -0.1389969474382987], [0.11174755835773723, -0.678971640763697, 0.34042165102647354], [-0.6164737448809087, -0.23668987114807288, -0.12831303089326293], [-0.22239108440929825, -0.5074317598715393, 0.15147066130279271], [-0.7703908636126087, -0.5215146252477787, -0.2836433829677966], [0.05169061774005729, -0.27303078886377924, -0.5080794725370538], [0.9802778437012905, 0.2242395029131552, -0.31829637052746046], [-0.2413497925089481, 0.3932193863982017, -0.17960255631901306], [-0.3038715482422285, 1.0799271723072348, 0.10503913513467564], [0.17658773051189602, 0.21524475065435983, 0.8907787217518951], [0.7278380543901163, 0.4114843076382834, 0.0687728308738487]]","tensor(-3, dtype=torch.int32)"
"['Bi', 'Bi', 'Bi', 'Bi', 'Bi', 'Bi', 'Bi', 'Bi', 'Bi', 'Bi', 'Bi']","[[0.028993418385611532, -0.06812962050189289, 2.4635415901584277], [-0.12784007952431606, -0.14850465999451165, -2.7018191302095347], [1.968075628854975, 3.4033950081466204, 0.03763996126675927], [1.9765170683917492, -3.523708943335209, 0.06391374694787319], [-4.052728421524632, 0.012291732688716564, 0.025764355346425863], [2.370206920209429, 0.7543176846122097, 1.0464406026067234], [-0.5185767006978077, 2.406989088587851, -1.2641413986011751], [-0.5881913746450301, -2.6340196489053618, 1.2280952235160811], [2.4927292050231733, -0.8493980241169053, -1.23649088311557], [-2.0047064966732906, 1.7489359337388348, 1.350767282908163], [-2.0264925275315275, -1.844497741711547, -1.4102935292769287]]",[-64251.58203125],"[[-0.5299673886613436, -0.13145466357821092, 0.879593388391884], [0.7598189958051209, 0.34970688668059213, -0.20412708876686497], [-0.24280411210295255, 0.36199404119684175, -0.3763859019213723], [0.04619874864396253, 0.34024609600582684, -0.13947116196682954], [0.4880591553567796, -0.23479152179329385, -0.16180084527986455], [1.2889332919671883, 0.3122865678405754, 1.0249641555033473], [-0.5071000359587707, 0.6646233345507329, 0.2732204849596099], [-0.41845786316552025, -0.42523755740750874, -0.48797487454868343], [0.08986509297515465, -1.0178236838668486, -1.1046293166593968], [-0.2100132727455969, 0.12358163282509449, -0.7015839913141354], [-0.7744943465205201, -0.34052290112479033, 1.0216474305965766]]","tensor(-3, dtype=torch.int32)"
"['Bi', 'Bi', 'Bi', 'Bi', 'Bi', 'Bi', 'Bi', 'Bi', 'Bi', 'Bi', 'Bi']","[[0.004363406006218789, -0.0996853845123508, 2.5325029022380527], [0.14584869152008598, 0.20923098731077508, -2.5844055931450325], [1.9753232769198534, 3.3665583095145446, -0.1458401245082483], [1.832712547280136, -3.557925480783157, -0.09051266377256477], [-3.8911312899408426, 0.13771482266995355, -0.05963877001390782], [2.6986637597692473, 0.8533755090884186, 1.4110794165155078], [-0.5402490187377819, 2.6407039121424716, -1.3285505302408296], [-0.5897775007287926, -2.600005377730246, 1.2017219063580689], [2.588547004097225, -0.8391965081477822, -1.21280216571463], [-2.0869866667784676, 1.812414896784547, 1.303522058502482], [-2.107695937506421, -1.9187825129020972, -1.3921100416692735]]",[-64251.56640625],"[[0.1582797689811637, 0.7840742821814713, 0.17572646190005883], [-0.3028146699940293, -1.4810930202053263, -0.2401012641254382], [0.6842372629412676, -0.0012841386961484707, 0.438287507230224], [0.38032935928029354, 0.25788991395332594, -0.2838958654374438], [-0.5620192925627258, -0.7977751842614704, -0.5395797202399889], [-0.48412896489748536, -0.02556132008487172, -0.7468148630660015], [-0.8081840440386562, 0.6308493048024091, 0.7614393059107386], [-0.6376725021338724, -0.4572323313651478, -0.5130294659165198], [0.1772680962055624, -0.08905853746875625, 0.5849057228612741], [0.9340642957793718, 0.3104400005320152, -0.03469832641780804], [0.4600765386724096, 0.8707693574771269, 0.4016679846223489]]","tensor(-3, dtype=torch.int32)"
"['Bi', 'Bi', 'Bi', 'Bi', 'Bi', 'Bi', 'Bi', 'Bi', 'Bi', 'Bi', 'Bi']","[[0.012894427295323736, -0.1076660530280138, 2.5811332975461885], [0.012291884298404207, -0.0017458108080182042, -2.46375549617209], [1.9274336458143915, 3.4586111224033536, -0.2169056318426161], [2.2166118370855847, -3.452038724234235, 0.2020048278667229], [-3.9612703555546567, 0.02978418032085385, 0.08577566850308402], [2.598780226306979, 0.7588013007057226, 1.3194939265577394], [-0.5614247297200099, 2.700467215162666, -1.220590137620052], [-0.41296266252004127, -2.7218821406754077, 1.2023998003325673], [2.6745260584504975, -0.7835674841834527, -1.3871564922087656], [-1.9579744564734738, 1.5898781443822325, 1.1603787117725455], [-2.191538288282512, -1.8628612540942238, -1.1143387454541078]]",[-64251.53125],"[[0.24928920918229153, 0.0868393142625315, -0.05049331604417723], [-0.36989201166437347, -0.41091105416137363, -0.1677422565849511], [1.1044817352565683, -0.24330938557479634, 0.8465505807857969], [0.13659466158605685, 0.46754138086258124, -0.4892382124945678], [-1.2514758977991438, -0.5370883199030426, -0.28320074160349457], [-0.04532585863942873, 0.3837759763903897, -0.7862268109349195], [-0.7908038913062629, -0.4312360986563383, -0.492004772443547], [-0.35426627785243275, -0.26591931928693063, 0.055877558702599577], [-0.18930204834288272, -0.17298206487254963, 0.9257431729202461], [0.6060998521259957, 1.3648862923322336, 0.9399804074154019], [0.9099941289327016, -0.2435072063610963, -0.49451684446130756]]","tensor(-3, dtype=torch.int32)"
"['Bi', 'Bi', 'Bi', 'Bi', 'Bi', 'Bi', 'Bi', 'Bi', 'Bi', 'Bi', 'Bi']","[[-0.04107311756800282, 0.1358374355408555, 2.522464992908853], [0.10129029218052961, 0.12620268584169622, -2.508673928080129], [1.891487885454792, 3.2596620802919736, -0.003948435570921414], [1.8115179640628303, -3.4849948900401837, -0.011017143622563695], [-4.057188769544861, -0.005506563124106287, -0.11024278827078898], [2.525810953450667, 1.0563042698856335, 1.3145792497350186], [-0.5199314977757077, 2.655270453092155, -1.4438745183934873], [-0.48166911650190214, -2.679022619766184, 1.1937990224146078], [2.756416528723515, -0.7275094187226737, -1.166188362422962], [-1.984421815354426, 1.8098220510280545, 1.1985118713339498], [-1.988605218280998, -1.9267090742059865, -1.3222312480743788]]",[-64251.12109375],"[[0.03498777622909053, -0.7486706863510457, 0.20247818797833003], [0.332711731147842, -1.4744698548101007, -0.3797659274228752], [-0.0034364159955689462, 2.829514473035252, -1.1498283067144845], [1.9414786056481188, -0.04130324211273258, -1.0289329125313247], [0.5904325692640601, -0.1316475478437194, -0.059002067831052156], [0.8686713361407511, -2.4374138256614177, 1.0120165870649633], [-0.8859028790284846, 0.6639023968268116, 0.6858976822783159], [-1.678780109067166, 0.7960983098551171, 0.7514839889812692], [-0.6571506762026416, -0.3900619157090477, 0.3527497889497107], [-0.5247053660301836, 0.2477460836361322, -0.7235139707093359], [-0.010233803550827498, 0.6893517041695993, 0.3308324593890384]]","tensor(-3, dtype=torch.int32)"
"['Bi', 'Bi', 'Bi', 'Bi', 'Bi', 'Bi', 'Bi', 'Bi', 'Bi', 'Bi', 'Bi']","[[-0.031961333363064975, -0.03908392578814643, 2.5889937752781336], [0.13836538188880732, 0.1287050947599216, -2.612419082749735], [2.018886887132729, 3.451218963316518, -0.13997094786811198], [2.0971922783535746, -3.4509802164769625, -0.11502161888403101], [-4.132702062774255, 0.05620341749169169, -0.019177580644979708], [2.489654880078336, 0.8288704343445337, 1.498470639297009], [-0.6289822160131445, 2.933643994660198, -1.328285387664119], [-0.5686036276292998, -2.7968269668681556, 1.3109464712304557], [2.647902395241236, -0.8017359407992054, -1.3286271550147795], [-2.0151735706524136, 1.9597318485070017, 1.1349535745320098], [-2.1338651969377573, -1.9702542164127557, -1.183200848242775]]",[-64251.4375],"[[-0.7949006893422692, 0.12451895471037532, -0.20457996312739096], [-0.7993137332414793, -0.2556607148613351, 0.4348991513498855], [0.10156845248572105, -0.3408472716784633, 0.4397498486705146], [-0.5556573513927158, 0.1117369139847806, 0.19551126590090664], [0.7300497185488791, -0.03297129490332973, -0.013572804507669557], [0.43121295871512816, 0.3563592598238339, -1.237396014904216], [0.29948838057822524, -0.7633830609723808, -0.025567531873534322], [0.3921434819761186, 0.22801162186293908, -0.5773703295614577], [-0.10215127047166427, 0.3401107016387024, 0.7821912051878909], [-0.14162153099243155, -0.6109247869787442, 0.08190937549878104], [0.42618156416469466, 0.846594289563638, 0.12872065381320044]]","tensor(-3, dtype=torch.int32)"
"['Bi', 'Bi', 'Bi', 'Bi', 'Bi', 'Bi', 'Bi', 'Bi', 'Bi', 'Bi', 'Bi']","[[-0.11632934078809543, -0.0002768210940327145, 2.5657837491838698], [0.005932181700700003, 0.15730073145395895, -2.603410696946516], [1.9831940901873695, 3.517271701171218, -0.07778551858654376], [1.961168572159391, -3.501222817747171, -0.06386280334036147], [-3.9990567344597863, -0.19315080735229867, 0.08914636027890299], [2.458507699278075, 0.636323790062048, 1.0825891368587977], [-0.5398705482636109, 2.561244462470747, -1.1475617011727082], [-0.3645913195136088, -2.8306760952260244, 1.4186527452207165], [2.6019993293737858, -0.8196702399072456, -1.15410987789843], [-2.051959089144294, 1.7022762004975178, 1.4664141211660588], [-2.0870155594574884, -1.7138021926586344, -1.271276756648341]]",[-64251.06640625],"[[0.9859491861814101, -0.9130378025331939, 0.5224325095824431], [-0.01525565930327335, -0.9316268886385823, 0.026399901269904782], [0.28411656905449584, -0.6670329737620704, 0.3476039802455165], [0.5745421145246766, -0.10318017510204522, -0.13943717196429659], [-0.424634222007026, 0.823466175434674, 0.4979244836259877], [0.13873911707112743, 1.9428217506801317, 2.166636404272671], [-0.7867250910023088, 0.7062479750202453, 0.3655815548378612], [-0.9955656315273814, 0.5623566214834764, -0.5055787648015321], [-0.021768092366495146, -1.2343348577925874, -2.3161019125364777], [-0.8440694648671662, 0.562176644162954, -0.9929600741471325], [1.0987707977659336, -0.7318309798011354, 0.04510367920834837]]","tensor(-3, dtype=torch.int32)"
"['Bi', 'Bi', 'Bi', 'Bi', 'Bi', 'Bi', 'Bi', 'Bi', 'Bi', 'Bi', 'Bi']","[[0.0654211722894442, 0.08880932220542868, 2.3758170304176045], [-0.014924176823578703, 0.03581537979113492, -2.358464603642748], [1.9814489456549937, 3.524852376016824, 0.062205364688874026], [2.1266384437907266, -3.451359816504216, 0.2112621499487983], [-4.06937724209457, 0.1568563167822845, 0.12473537519998093], [2.645986343174594, 0.8459740527918608, 1.2261589652566434], [-0.5110145801963794, 2.5991917517697214, -1.165034925125613], [-0.678203212913099, -2.739427076474426, 1.2421096452331928], [2.6385998582551107, -0.8557882540994458, -1.2976404691551224], [-1.8906372687318396, 1.768822445432153, 1.3830064020922053], [-1.9483624963888657, -1.6759556754911564, -1.0446250929851408]]",[-64251.5546875],"[[0.6555190532368768, -1.478032891535529, 1.1457150536091734], [0.5170650716635484, -0.31494493570887483, -0.749157139337372], [0.1694490072265111, -0.13796218068947788, 0.10234523460109586], [-0.47643231191848096, 0.4191815262602952, -0.12840996153588716], [0.5026405579108659, -0.2560932774956879, 0.00439093137138974], [0.3504796578728239, 0.10204230705961084, -0.40457184155584097], [-0.3561172674608686, 0.8571358183370948, 0.1817510741493183], [1.0814302400440552, 0.025638448080029318, 0.7862170407375197], [-0.0024985495503383093, -0.20165373758406255, 0.4633017836782632], [-1.173893331351997, 1.1906841869149083, -0.6381635831084407], [-1.2721974580422653, -0.20805162279608552, -0.7379095852465516]]","tensor(-3, dtype=torch.int32)"
"['Bi', 'Bi', 'Bi', 'Bi', 'Bi', 'Bi', 'Bi', 'Bi', 'Bi', 'Bi', 'Bi']","[[-0.13498080292903678, 0.041056917103175855, 2.460041539375036], [-0.017646568190502285, 0.03687165387170333, -2.6542535221426142], [1.873150848877768, 3.423283409469759, -0.002418975704088714], [2.0073291206268427, -3.506054591287581, 0.09763551006915416], [-3.999086261971957, -0.08458157109328067, -0.06940553859068815], [2.4606509682781588, 0.9752842869786036, 1.2926603073746596], [-0.5645512242064341, 2.626494868731015, -1.2146901352612292], [-0.5476528829049478, -2.545033355184389, 1.0666339237587386], [2.591535820201369, -0.7109872851706929, -1.4009410980181074], [-1.882966686069355, 1.7121483350873106, 1.26587423451771], [-1.994806557140897, -1.8244731415138005, -1.2014848127216524]]",[-64251.3203125],"[[1.5142278733553376, -1.2021281733955562, 1.2708188317670635], [0.048655140820962575, -0.15956295585439706, 0.09960346010025714], [0.48211501868083934, 0.8998382658460786, -0.017097629476846447], [0.3691378038472013, 0.6861712478055101, -0.5544864703674883], [0.08757387884072092, 0.4302013319075174, 0.32970677838230794], [0.4981406106768894, -0.9656971096343945, -0.25244775973536865], [-0.6681066670342156, 0.04781995863618281, -0.5808505767194457], [0.26770279168912475, -0.8176266827150946, 1.1824422540768125], [-0.18869706743546946, -0.3703608782953802, 0.9407609947655535], [-2.027839951569434, 1.3315395801649217, -0.973751866059147], [-0.38519820859924947, 0.10267639287085716, -1.4462288421155522]]","tensor(-3, dtype=torch.int32)"
"['Bi', 'Bi', 'Bi', 'Bi', 'Bi', 'Bi', 'Bi', 'Bi', 'Bi', 'Bi', 'Bi']","[[-0.02375084525425427, 0.07528827831884438, 2.5669616247679], [0.1558845456828942, 0.06113478621410804, -2.518651053492917], [2.141605063114345, 3.4915191827420067, -0.19335574606109895], [2.0483639414031467, -3.7295294369736984, -0.005747138099137055], [-4.106753668862571, 0.08487570167474096, 0.02998796096699304], [2.6715966980265256, 0.7286217172805673, 1.2589427045439434], [-0.4589239723870417, 2.6297598087290437, -1.2047455148138004], [-0.5391079288994879, -2.815491801005203, 1.3818541941896654], [2.5192332219142104, -0.8841658330690192, -1.1552029041583403], [-2.025601847762256, 1.8836685493795584, 1.1972447320415271], [-2.0076997996798265, -1.832036436538692, -1.3616328663941841]]",[-64251.578125],"[[0.16097901741226756, -0.45265550810426236, -0.20823633094903313], [-0.8733183505566404, -0.3972037757420189, -0.2192193698007772], [0.20181448304233485, -0.7126767649093065, 0.44346308932544176], [-0.49995349651546606, 0.8404694042358019, 0.11884308708619673], [0.7522069835888536, -0.3325102593930401, -0.31586297430981397], [-0.3317258668081117, 0.7326779016494224, 0.20362772883555258], [-0.2115701794122991, 0.4071369297500182, -0.26974466010149756], [0.09408422416702465, 0.6088730455247885, -0.8410314476967475], [0.7695341715669218, -0.8623114518544043, 0.005503490488791355], [-0.10935067182511103, -0.21559262110388389, 0.1620845409590995], [0.03966679061256862, 0.38189773307341757, 0.913589561575824]]","tensor(-3, dtype=torch.int32)"
"['Bi', 'Bi', 'Bi', 'Bi', 'Bi', 'Bi', 'Bi', 'Bi', 'Bi', 'Bi', 'Bi']","[[0.1362939284107638, 0.0562569463728676, 2.747579713029939], [-0.053236975266992836, -0.08817357200306472, -2.4507902668328807], [1.955986704804805, 3.4524634881396605, 0.10923874508301304], [1.837994110746459, -3.540934946112755, 0.06981230513346345], [-3.9744332537364233, 0.01561360239973108, 0.14845447175592877], [2.789678569348495, 0.9568271380342167, 1.1354155605618756], [-0.4740203959885004, 2.8544665963789058, -1.0279472070458355], [-0.473026248796865, -2.5644092655718986, 1.4411673092822064], [2.6255225116623637, -0.8664419995319841, -1.1433187314864357], [-1.9811460049627336, 1.7667934926373072, 1.1441550238355684], [-2.095579580126757, -1.8381680685681128, -1.2359233891701054]]",[-64251.421875],"[[0.23347239087804755, 0.22394377446449104, -0.7220468984366202], [0.26134588988408924, 0.5557067166006304, 0.07746712385155478], [1.1039942538284104, 1.089270566346928, 0.19683271081027395], [0.6394887304084016, 0.21879493185689372, -0.2953321386043549], [-0.37408450621280614, -0.4203278275257483, -0.35685229483788217], [-0.25033914544812785, -0.7608561793922459, 1.094217371556716], [-0.860302390736458, -0.7526558984483281, -1.515684146988822], [-0.7867811410821287, 0.1627042800067956, -0.10596252163313888], [-0.40394084107008926, -0.4621742000541444, -0.39528999975976653], [0.16059504865445584, 0.19073410217123396, 1.3689548082178722], [0.27152993227689687, -0.050187179764177726, 0.6524733227527214]]","tensor(-3, dtype=torch.int32)"
"['Bi', 'Bi', 'Bi', 'Bi', 'Bi', 'Bi', 'Bi', 'Bi', 'Bi', 'Bi', 'Bi']","[[-0.12167255367805858, 0.04328579109688338, 2.451778399982786], [-0.03505231934259491, 0.09699900019913112, -2.504520864388794], [2.1044682417853777, 3.533452716272115, 0.01269532568049105], [1.87033934860109, -3.3735409484084404, 0.02050430636725746], [-3.882026295392108, -0.12270467513028636, 0.02554879107920784], [2.6515243468783054, 0.8561627804983485, 1.1061935078112681], [-0.7214836735893635, 2.6246778880198676, -1.2787195435442076], [-0.6381672325730394, -2.585111460607492, 1.2099310008250534], [2.572533686727722, -0.78115772386842, -1.3667137462361851], [-1.9429875209648704, 1.7210080439599398, 1.3100284330215162], [-1.971456417836462, -1.857628590870004, -1.336886377837907]]",[-64251.609375],"[[1.8782669711342297, -0.9069206305190942, 0.8579282327683093], [0.05268707503065263, -0.33080901091527887, -0.5968145650497856], [-0.7798715546368146, -0.26536812588730774, -0.33430355341472556], [0.5950029647634982, -0.0012446742977461434, -0.3044175994326936], [-0.3592892906019391, 0.17594449156834888, -0.00390690036557671], [-0.3100462101547121, -0.02909791557081078, 0.255901781626652], [0.6165781317268116, 0.6807780988408265, 0.5704108636873132], [-0.3085112607211137, -0.25074373446466225, 0.023923171655685697], [0.05684773930439864, -0.3273630622923732, 0.2951864083968233], [-1.3991364906485684, 1.3560740884985396, -0.8115593901298256], [-0.04630353658217984, -0.09523885581131342, 0.039299652305330335]]","tensor(-3, dtype=torch.int32)"
"['Bi', 'Bi', 'Bi', 'Bi', 'Bi', 'Bi', 'Bi', 'Bi', 'Bi', 'Bi', 'Bi']","[[-0.01574256705126137, 0.1667630079204011, 2.480792171178278], [-0.0021485249847169497, -0.0788795765840554, -2.5237068401753406], [2.076847835576669, 3.47036537267209, -0.08521832696888204], [1.7988531973640252, -3.5395931798408076, 0.01483386900330968], [-3.9864034152382515, -0.08593947472693088, -0.13925015276663988], [2.62937393975422, 0.7791811799575986, 1.3071923062943327], [-0.5563588241118632, 2.5317701616414365, -1.2843010087148876], [-0.8624369301752186, -2.42607999999969, 1.1800112016063409], [2.4525778485395247, -0.865239151869667, -1.2122115245160268], [-2.112548307278579, 1.859109953350515, 1.219395953382724], [-2.0560360959780497, -1.8346989941374934, -1.2649136733397524]]",[-64251.74609375],"[[-0.18431014595878098, -0.31115805861880813, 0.31061020765513786], [-0.22977123441464112, 0.11201407905838515, -0.4936985132959378], [-0.25878908064665607, -0.6044265772660528, 0.08439974739389572], [-0.39827983443037673, 0.42527488984599426, 0.12428071616009519], [-0.46627984268990214, 0.7534693959370895, 0.4738676351010363], [-0.02435487039889996, 0.44650280342488247, -0.4927021588495256], [0.07610330713872737, 0.5766514487211994, 0.24239798042367078], [1.0714980630557958, -0.6800525331286631, 1.0868095050440127], [0.6796637821163346, -0.40189881839144176, 0.35792948481225473], [-0.11909562097793551, -0.02185265085388574, -0.390405620969154], [-0.1666939658260453, -0.299786834397743, -1.3188156978249013]]","tensor(-3, dtype=torch.int32)"
"['Bi', 'Bi', 'Bi', 'Bi', 'Bi', 'Bi', 'Bi', 'Bi', 'Bi', 'Bi', 'Bi']","[[0.08077216350276853, -0.017522792271421967, 2.5416097601252936], [0.01660909327133288, 0.05096126823247395, -2.5971518293474776], [2.0223045517821503, 3.250285180268887, -0.014439589068835808], [2.1911265456944213, -3.4415198954826085, -0.2568995306631404], [-3.981765110533352, 0.00472283027828723, -0.03247866792918201], [2.6546149978390368, 0.7325263155545125, 1.224257973755081], [-0.5492799987756559, 2.6977046610072626, -1.2838573458087597], [-0.5623866689543847, -2.6523020260902377, 1.3278554336400965], [2.739526043902899, -0.7350683258714917, -1.2445426317326267], [-1.9909685894706641, 1.8049175159209696, 1.2962962683434451], [-1.915859200743084, -1.887963413849783, -1.2590253625644925]]",[-64251.82421875],"[[-0.173727839466703, 0.00919223365929092, 0.11590765698847588], [0.20950275422041215, -0.1829299770208318, 0.2472020379072387], [0.20144768926311013, 0.7422259556135953, -0.0999845492209405], [-0.7568298296217012, 0.07048940313490008, 0.47307599200119543], [0.4127376696984016, -0.14689183258033572, -0.01429458041168356], [0.15362175023767682, 0.03860124774193846, 0.6032726655310462], [-0.26693948216174335, -0.28082313835521006, 0.29475060617070115], [0.6508324438104726, -0.23785463294440246, -0.6897132014733915], [-0.38242028436803155, -0.24807672768497768, -0.717283670093765], [0.01894757007461411, -0.0719293245432627, -0.44725120054570633], [-0.08259899716893143, 0.3080155003362118, 0.23603094846659445]]","tensor(-3, dtype=torch.int32)"
"['Bi', 'Bi', 'Bi', 'Bi', 'Bi', 'Bi', 'Bi', 'Bi', 'Bi', 'Bi', 'Bi']","[[-0.025214899005191978, -0.0994173164199845, 2.5883250120749004], [-0.023776542844347288, -0.015998910240181897, -2.6167015009046657], [2.015702450303984, 3.3471942593880484, -0.06940434867154129], [2.1048093872093627, -3.5838809206887663, 0.10900535795974492], [-3.93433097344121, -0.01755392190557954, 0.2099332113789419], [2.445230976692446, 0.7674734199508815, 1.187792308811012], [-0.5182045950323072, 2.614542386383724, -1.4107193896216659], [-0.7050280324051738, -2.7349725201702273, 1.3212322927248665], [2.5052452809522454, -0.980783476629564, -1.321876856261321], [-2.19558499069343, 2.0469380202414214, 1.2438534856681114], [-2.0436820458780103, -1.831347633843915, -1.3361108377191184]]",[-64251.671875],"[[-0.5350036683104772, 0.4864971064809196, -0.23621431964516104], [-0.07042538263088567, -0.3814947381417221, -0.11582687288260708], [-0.09703538942476835, 0.2836673456624718, -0.1562641772575872], [-0.7006506803519976, 0.47454944061326687, 0.10341286006643494], [-0.16588915867076057, -0.36610647154868775, -0.3407538377380664], [0.4310393063118699, -0.426297726669569, -0.10356836047136632], [-0.39836946313599686, 0.33348110848202966, 0.7391128621894729], [0.45819495291948503, 0.08562899249306394, -0.6926535166698122], [0.16709726929029028, -0.07146128066572122, 0.45184730709093346], [1.0039854848023368, -0.5084093452545257, -0.32132852557943925], [-0.09805982033318203, 0.09074302234466307, 0.6683869174333149]]","tensor(-3, dtype=torch.int32)"
"['Bi', 'Bi', 'Bi', 'Bi', 'Bi', 'Bi', 'Bi', 'Bi', 'Bi', 'Bi', 'Bi']","[[0.0214107467251672, -0.09677712222489271, 2.4971066555139503], [0.07680437357911288, -0.10702768733896362, -2.524212687613374], [2.1424236254523232, 3.3201665658733632, 0.17199596632079023], [2.20665543587838, -3.5747073666718663, -0.039506244971972596], [-3.951355299498233, -0.07306583546918076, 0.057163811178926244], [2.6797265187471973, 0.7334736552283972, 1.2623585943305213], [-0.6678877988395092, 2.683447710224411, -1.2850952467824956], [-0.3097977707212545, -2.6191648500228424, 1.1390419412298391], [2.6758009818988775, -0.8306117986423063, -1.1898264019107156], [-2.007786189330828, 2.0482927025920574, 1.3840282139705158], [-2.0111534424228594, -1.6505438219644408, -1.3110893852459187]]",[-64251.5078125],"[[-0.009327982838847254, 0.8525150291879102, 0.24022904802300912], [0.3345680172317104, 1.0961554701882847, -0.19332618696348958], [-0.7666859019144254, 0.4815311722530646, -0.6043227046410656], [0.010457679910929931, 0.3956727343873803, -0.12258532980077388], [0.051973799198376434, 0.8200856871343468, 0.5059674643917689], [-0.0021028858662390463, -0.21466486372763652, 0.5893845870377037], [0.7793943576269723, -0.3245429205239699, 0.6040445111256295], [-0.6760076714051504, -0.6699480921336181, -0.32356482092006783], [0.15457691558873518, -0.4212632982157324, -0.38990523259601], [0.16048603382031082, -0.9552234580218204, -0.688145856122099], [-0.041745240700889884, -1.0569276134072154, 0.3648540865083096]]","tensor(-3, dtype=torch.int32)"
"['Bi', 'Bi', 'Bi', 'Bi', 'Bi', 'Bi', 'Bi', 'Bi', 'Bi', 'Bi', 'Bi']","[[-0.02317536585330063, 0.19717225332079327, 2.617795677000363], [-0.1999773110460144, -0.051243648895646136, -2.6318665855582717], [1.911762363147598, 3.263175749274023, 0.07585811954537308], [1.9243119447341703, -3.329971952522516, -0.09709479881094203], [-3.9746361086699573, 0.03164904268072193, -0.0013807884321922334], [2.5178740953020324, 1.007551336691148, 1.2862445214803122], [-0.5705377321793126, 2.6845854280296995, -1.4029133053431062], [-0.544727665021212, -2.5528339036925134, 1.0878646245128105], [2.450930605646299, -0.8405043538314401, -1.4409894151664042], [-2.156329777292351, 1.801456004702677, 1.1069321649664272], [-2.098530975006367, -1.749857608612115, -1.3175584146157941]]",[-64251.22265625],"[[-0.35539977501708303, -0.5062665352763857, -0.4297412070320789], [0.7113526460511772, 0.5785124142154014, -0.45356321086479434], [-0.5236085328168283, 2.89184061913217, -1.4340541477135833], [0.4595235969216731, -0.5495988005630148, -0.1305256720717657], [-1.1193596890127842, -0.6483029911257587, -0.34834199010384165], [0.6789803825192652, -2.864622391839105, 0.6422891775157306], [-0.22711806017759098, -0.08476813525795936, 0.40849704407225207], [-0.5121612039002279, 0.2604643609681704, 0.760136784331072], [0.11611941316159341, 0.6190813591448209, 0.4090458720556623], [1.0961477568745481, 1.025630585810196, 0.358213386179856], [-0.3411100385664261, -0.7183882166208571, 0.21525884030745215]]","tensor(-3, dtype=torch.int32)"
"['Bi', 'Bi', 'Bi', 'Bi', 'Bi', 'Bi', 'Bi', 'Bi', 'Bi', 'Bi', 'Bi']","[[0.1829041975436752, -0.21185161301247224, 2.736208101358513], [-0.17724322276353238, 0.25842194486702846, -2.358050965158718], [1.9569593466636226, 3.4714277811227072, -0.06901234665419974], [1.9595759655033729, -3.3515606301201846, 0.0564652374794406], [-4.001446383030486, 0.1130076783146843, 0.09613472765022396], [2.676382766060803, 0.7443793270289776, 1.2327118883894757], [-0.5739865251750519, 2.674684407242928, -1.3190116544485742], [-0.6938496142408661, -2.6815883442406934, 1.2145669364490335], [2.691838532901537, -0.9523917349668986, -1.210893984773231], [-1.97382040624692, 1.7836438352597679, 1.2415098006033027], [-2.040770081726986, -1.7721911499802154, -1.1358289101693824]]",[-64251.15625],"[[-0.43848373393168505, 0.5822178901345004, -0.74644719511122], [1.1413256638720892, -2.965962478816129, -1.3890644455712173], [0.3745473564590983, -0.4029496802549265, 0.37860296539975075], [-0.1910954452087514, -0.9548449914278074, 0.22712633913433503], [-0.2034432263709713, -0.3345182406470631, -0.058670652450832986], [-0.2383444283666814, 0.5398836248012139, -0.09716445887462873], [-0.6303124581663364, 2.228628820995249, 1.4052109823266583], [0.5038115417802765, -0.14623717793245827, 0.8220680087646726], [-0.4884911009260333, 0.97199991539909, -0.4533101113300483], [0.547294576639412, 0.14429198305225183, 0.6544175920352795], [-0.38085833833635474, 0.33651526899558, -0.7340812105285816]]","tensor(-3, dtype=torch.int32)"
"['Bi', 'Bi', 'Bi', 'Bi', 'Bi', 'Bi', 'Bi', 'Bi', 'Bi', 'Bi', 'Bi']","[[-0.1178228678867114, -0.10197213220140187, 2.4572168718047567], [0.01598555189363036, 0.02845272919720337, -2.5689211920628416], [1.987010051335086, 3.3806921920349753, -0.17135756354816], [2.0099817076049793, -3.3817789729295016, 0.1653191235213376], [-3.7620500923422098, 0.002484501995589852, 0.06427831075511231], [2.5836090873844952, 0.8044773561870652, 1.2639904513364637], [-0.5204200102078966, 2.714530454398157, -1.092601117611875], [-0.6307978697248148, -2.6857948261194298, 1.1845360788994945], [2.5174033075517626, -0.82805882322728, -1.3278360489840733], [-1.981054975803018, 1.7869760912128494, 1.2885249684226832], [-1.9654298171462705, -1.8694391033341053, -1.1486901690731914]]",[-64251.59375],"[[0.8924849067504478, 0.27909180795387584, 0.6284823459270812], [-0.547178362712446, 0.023248102437451842, 0.13666377287713746], [1.3356584897003063, 0.25088509379440976, 0.7027132204451847], [0.25520048714171345, -0.03320825304352956, -0.22331925316227821], [-1.348439450561978, -0.29679591986320963, -0.2414953170281134], [-0.286283238883128, -0.09927482151298318, -0.297306849765127], [-1.0607215353238282, -0.3661201498250475, -1.0015640185099364], [0.29957039881429187, -0.6460208787015344, 0.790486102780312], [0.39796235443697514, -0.06009514723172226, 0.5255507452157232], [0.18038463490982043, 0.8296049447272362, 0.4659728528031824], [-0.12645103695722942, 0.1251839966207515, -1.4749851041677107]]","tensor(-3, dtype=torch.int32)"
"['Bi', 'Bi', 'Bi', 'Bi', 'Bi', 'Bi', 'Bi', 'Bi', 'Bi', 'Bi', 'Bi']","[[-0.02317536585330063, 0.19717225332079327, 2.617795677000363], [-0.1999773110460144, -0.051243648895646136, -2.6318665855582717], [1.911762363147598, 3.263175749274023, 0.07585811954537308], [1.9243119447341703, -3.329971952522516, -0.09709479881094203], [-3.9746361086699573, 0.03164904268072193, -0.0013807884321922334], [2.5178740953020324, 1.007551336691148, 1.2862445214803122], [-0.5705377321793126, 2.6845854280296995, -1.4029133053431062], [-0.544727665021212, -2.5528339036925134, 1.0878646245128105], [2.450930605646299, -0.8405043538314401, -1.4409894151664042], [-2.156329777292351, 1.801456004702677, 1.1069321649664272], [-2.098530975006367, -1.749857608612115, -1.3175584146157941]]",[-64251.22265625],"[[-0.35539977501708303, -0.5062665352763857, -0.4297412070320789], [0.7113526460511772, 0.5785124142154014, -0.45356321086479434], [-0.5236085328168283, 2.89184061913217, -1.4340541477135833], [0.4595235969216731, -0.5495988005630148, -0.1305256720717657], [-1.1193596890127842, -0.6483029911257587, -0.34834199010384165], [0.6789803825192652, -2.864622391839105, 0.6422891775157306], [-0.22711806017759098, -0.08476813525795936, 0.40849704407225207], [-0.5121612039002279, 0.2604643609681704, 0.760136784331072], [0.11611941316159341, 0.6190813591448209, 0.4090458720556623], [1.0961477568745481, 1.025630585810196, 0.358213386179856], [-0.3411100385664261, -0.7183882166208571, 0.21525884030745215]]","tensor(-3, dtype=torch.int32)"
"['Bi', 'Bi', 'Bi', 'Bi', 'Bi', 'Bi', 'Bi', 'Bi', 'Bi', 'Bi', 'Bi']","[[0.020516432514368608, -0.025306406601245973, 2.6076529350703264], [0.003549457227438087, -0.04234944314744525, -2.470565675246959], [1.961429310588367, 3.503175456125841, 0.01878866960179569], [2.0351934473577904, -3.5684751714859297, -0.1231321039178436], [-3.7431748433257708, -0.2169524520755907, 0.12097705898226363], [2.6487731568365462, 0.756051303515684, 1.3289973835705124], [-0.6936035476074415, 2.6491612743247948, -1.3601414561981975], [-0.4679649987537915, -2.6312333975717106, 1.3231038540062876], [2.788276484622735, -0.7527746066413767, -1.3393889974321085], [-2.059000613545251, 1.891397214469913, 1.3462419976205668], [-2.004843415667482, -1.708356495509531, -1.0353790598413277]]",[-64251.12890625],"[[0.09161586092710527, 0.5332856562308615, -0.012914426900361868], [0.4840642244841889, 0.16732573764317063, -0.15505565526132484], [-0.2885546040902127, -0.6475352592985015, 0.005827120564345635], [-0.03810114733250735, 0.7723433604298191, -0.027168440423999674], [-3.0433748381401533, 2.5120092828088083, 1.834465119307312], [-0.15220306615313586, 0.43697320999158606, -0.6159842065690877], [0.4081787413253853, -0.019246887785270388, 0.8667635765432133], [0.35866893448914405, -0.5231735019220798, -0.18917493293250232], [-0.7123353222212297, -0.3902313000787051, 0.6310431660876574], [0.4393789411239636, -0.20218317943894795, -0.40963018128226125], [2.438955974187837, -2.643741882791997, -1.93473768366318]]","tensor(-3, dtype=torch.int32)"
"['Bi', 'Bi', 'Bi', 'Bi', 'Bi', 'Bi', 'Bi', 'Bi', 'Bi', 'Bi', 'Bi']","[[-0.08768655382196261, -0.10552690389377073, 2.4842315280341265], [0.03715822776591922, 0.03596280598076762, -2.4386042394818728], [2.0906336901323765, 3.4888665468492666, -0.13608054146569348], [2.0576207450370934, -3.427556420332125, -0.02402700282894002], [-3.941626430419996, 0.05501685257944622, 0.016032926983092742], [2.477103648934804, 0.7979631336284261, 1.2063514843310517], [-0.5099611405139501, 2.6695733388115563, -1.2214883200692528], [-0.5953890395741305, -2.5265471858516557, 1.3895171432809557], [2.7293793103353883, -0.8761789764311033, -1.2474994282188663], [-1.9489244334324007, 1.8217585429695802, 1.2192714660780515], [-2.024780843657356, -1.8519915471234922, -1.4768113743163112]]",[-64251.49609375],"[[0.6991003042909257, 1.7819667633527498, 0.9795111403158648], [0.25309346693931156, -0.24551817009643082, -0.5286874928019712], [0.0797391061237384, -0.333989724389826, 0.2584195614965777], [-0.5096228037715795, -0.06468498028177691, 0.3901478420240743], [0.11655907204458392, -0.338354174412495, -0.3769387922500172], [0.4848096905457928, 0.33482116818854807, -0.06000299884361477], [-0.18732533172053908, 0.24429417005060353, -0.09151749046591688], [-0.2598439534332838, -2.1465874449873876, -1.8785744752418654], [-0.29240287915762336, 0.237644573700307, 0.07534894505528049], [-0.4097817736082328, 0.28738238609060435, 0.09092130273616342], [0.02415463791650502, 0.25177119927647906, 1.1358199005268501]]","tensor(-3, dtype=torch.int32)"
"['Bi', 'Bi', 'Bi', 'Bi', 'Bi', 'Bi', 'Bi', 'Bi', 'Bi', 'Bi', 'Bi']","[[0.06641230864804376, -0.00587040304902991, 2.5385232828969935], [-0.005865042450994162, -0.06271335236539541, -2.471187676262333], [1.9561537773030342, 3.3899635049573593, -0.035295976398028346], [1.980049296899557, -3.3756589668523045, -0.09668990091528433], [-3.8843043599695357, 0.07043512281022657, -0.1061320620349313], [2.293546239480875, 0.7768115205737095, 0.9984475180000459], [-0.3393918707524395, 2.6303100333539255, -1.330045811482232], [-0.5591469561918562, -2.5993098445044533, 1.2224757512704152], [2.6052842078002607, -0.8119214121522556, -1.4467288603019635], [-2.025856535676888, 1.744504464117797, 1.1143291458448061], [-1.8927810472027131, -1.7598040945597961, -1.2531152677105148]]",[-64251.2890625],"[[-1.0429824563922214, -0.018881929774715, 0.3216473939693134], [0.2851926277428537, 0.5304091044279974, -1.3608707412009202], [1.2172292990292197, 1.165938848005821, 0.36073718243449626], [0.04487159588243011, -0.07176847624080722, 0.02354406228552809], [-0.9231797816550908, -0.5776459519723148, -0.38109559986689484], [1.8727046434882553, -0.3353180598594647, 0.49523947911425087], [-1.8782921679591031, 0.04275908380064769, -0.335091956922797], [0.11148345449539343, -0.4048972405513455, 0.19254107446927918], [0.2967299967418069, -0.365117984682287, 0.1357151895538011], [0.786336854210896, 0.9089888270423548, 0.37967943546484123], [-0.7914590087529645, -0.8703188999549051, 0.17969599025941002]]","tensor(-3, dtype=torch.int32)"
"['Bi', 'Bi', 'Bi', 'Bi', 'Bi', 'Bi', 'Bi', 'Bi', 'Bi', 'Bi', 'Bi']","[[0.08074131622036738, 0.24047497843191434, 2.7722575351697727], [-0.07001785337258395, 0.0035035298096792174, -2.5133029934259326], [2.1001272990545097, 3.375953033811742, 0.044999846152536334], [1.7925236866819687, -3.3584483471109072, -0.13253437368617935], [-3.9137915207662464, -0.22503834874673748, -0.020517737157192316], [2.471541275454838, 0.7086967181266848, 1.1340745405580082], [-0.47824466151174627, 2.6777714800773578, -1.0632838039374801], [-0.4612506310136672, -2.7361151802878485, 1.2814448783252472], [2.5941561564355773, -1.1377753221741538, -1.4407730953894498], [-2.004207841135553, 1.766562878879875, 1.1715365461698228], [-2.006307651809002, -1.7414429388076997, -1.0199141436561112]]",[-64250.828125],"[[-0.3082664915652032, -0.7130459755268355, -0.5935960563379286], [0.2292788678877833, 0.07176209990145156, -0.043136845912005964], [0.21895367185359454, 0.2556790725480284, 0.05681981710867187], [0.9132537753178208, -2.3358443961559567, 0.31874435978928656], [-2.0145370564782477, 1.9441607819448186, 1.1949383365511428], [0.6465932065807957, -0.3640544215621826, -0.0001520057595877517], [-0.055765561387143045, 0.059054466942369974, -1.0271614214764682], [-1.0582316776496294, 0.7563927418432896, 1.2527249404035694], [0.056022157624116456, 2.1920651427788274, -0.6297622417864536], [-0.571146713817792, -0.028398852804646706, 0.9345980570899496], [1.9452380747633744, -1.8440368274336105, -1.4580374112254868]]","tensor(-3, dtype=torch.int32)"
"['Bi', 'Bi', 'Bi', 'Bi', 'Bi', 'Bi', 'Bi', 'Bi', 'Bi', 'Bi', 'Bi']","[[0.11848712484083135, -0.13821857611726704, 2.5176516604684824], [-0.0322982205369865, -0.1321885824311156, -2.555273834823998], [2.0907069672406013, 3.559516062342039, 0.10019869640507001], [1.8028014459160584, -3.4714220359421866, 0.07188669357077154], [-3.9149164578140527, -0.14969081531851078, 0.020661329950522965], [2.422826895777536, 0.899432928995221, 1.3922805965015608], [-0.7384606111293638, 2.5669634905100396, -1.2433057594526933], [-0.5706227857256148, -2.5913790803180126, 1.180900731796728], [2.7292988696596727, -0.6663486907455081, -1.3598610726962999], [-2.137762119947729, 1.8062116378991016, 1.143415123929944], [-2.0272003549854603, -1.65705114493875, -1.3798215404584384]]",[-64250.80859375],"[[-1.6545140240515843, 0.5447198725141096, 0.7627551972342155], [1.2899108259280831, 1.317967233313867, -0.5738602575903544], [-0.9780378973921597, -0.39411371941492346, -0.33514348185855797], [1.6174957745456147, 0.22260407471261365, -1.000181792688324], [-1.1141449747058756, 0.471394026807776, 0.2428695210034395], [1.6943558606060931, 0.2183360411116531, -1.2916365513214352], [1.076031434649298, 0.41376024941151845, -0.1925807209018857], [-1.300621019161915, -0.215218782498113, 0.034087339410098484], [-0.7392352467674282, -0.6146523743972216, 1.0316875939771495], [0.3636378511983105, -0.10387010530474507, 0.9208735008478248], [-0.24566487732370237, -1.8429271386973611, 0.3861258631313137]]","tensor(-3, dtype=torch.int32)"
"['Bi', 'Bi', 'Bi', 'Bi', 'Bi', 'Bi', 'Bi', 'Bi', 'Bi', 'Bi', 'Bi']","[[-0.06731463366174498, 0.0027314122513531006, 2.4895021588498607], [-0.005256725327880355, 0.22293739137116408, -2.7201194106256454], [1.9714716693094128, 3.6224538998049534, 0.032958784893683916], [2.178653689398016, -3.5295164457187393, -0.040321674053026293], [-3.9850255207374423, -0.05394964369501718, 0.017712396960928682], [2.7130209359497583, 0.8218799162317666, 1.2428023941278563], [-0.5998097181581299, 2.6143332774103003, -1.3022780043486963], [-0.5682210816669402, -2.702286582939921, 1.3021802369433582], [2.6225103614316727, -0.8198377908159373, -1.2926273532653192], [-1.8757127989217706, 1.7722543999963978, 1.0616522095917027], [-1.9862285631785856, -1.8753347199558557, -1.2126702482670015]]",[-64251.55078125],"[[0.8483410980145373, -0.16178809260115326, 0.15124157588481346], [0.2675802528448948, -1.517074086124171, 0.2279922871565058], [-0.1724538057257705, -0.8744141553281641, 0.12242257888093004], [-0.6498353694547784, 0.5858616595437061, 0.14483582309277904], [0.20450056741799477, -0.06300373499763949, -0.03735222056414025], [-0.6930782631462453, 0.38163290930179167, -0.3254138564890237], [0.6161672692151048, 1.2630952336120722, -0.46162470358354357], [0.5271108914741948, -0.1050670573304024, -0.5205072664737688], [-0.2404407527740351, 0.00695227192353283, 0.06358002237795232], [-0.9704608521981652, 0.12538294869306615, 0.9469475866032833], [0.25707091430076573, 0.3426593861856664, -0.30107588338941627]]","tensor(-3, dtype=torch.int32)"
"['Bi', 'Bi', 'Bi', 'Bi', 'Bi', 'Bi', 'Bi', 'Bi', 'Bi', 'Bi', 'Bi']","[[-0.0867540684897664, 0.04026673880199983, 2.604534783007999], [-0.07890303543285142, 0.12503398625495774, -2.6606676717962694], [1.8354860526718821, 3.4581579304790124, -0.16648397939872853], [1.951478191449533, -3.518096401115345, 0.03100755963819543], [-3.9216673738701697, -0.09026692004607426, -0.09877843584282531], [2.740655847132463, 0.8723243864736366, 1.2541893260220418], [-0.607659842518115, 2.686310271515156, -1.2736599268194129], [-0.5816349870936737, -2.717829940516376, 1.2622879727195568], [2.663858043162082, -0.8431053946382772, -1.2556709160718538], [-1.9634383234978907, 1.8070889292566965, 1.4857537230972437], [-1.9429120011654175, -1.954233781728885, -1.3832417050159211]]",[-64251.5078125],"[[1.1800449561674535, -0.8251533342593428, 0.10171557108972526], [0.4611546542444306, -0.610252186020906, 0.36844113735050477], [1.2657995214081508, -0.05949556564392467, 0.6675878181301952], [0.24036464807849992, 0.338345895455751, -0.18093932501167057], [0.33320270927822726, 0.18943338036477253, 0.25713606609079487], [-0.8191678027996825, 0.1770979919266229, -0.4545949437102121], [-1.151372512124567, -0.2927355286680404, 0.2289995430863325], [-0.15160631278037506, 0.376057057645732, -0.27130197814493234], [-0.5538431800018496, -0.01850332948326401, 0.2344483821761949], [-0.8896505210626775, 0.2570931286443273, -1.3879542426140516], [0.07858262328415282, 0.4643954287219406, 0.44725860532689354]]","tensor(-3, dtype=torch.int32)"
"['Bi', 'Bi', 'Bi', 'Bi', 'Bi', 'Bi', 'Bi', 'Bi', 'Bi', 'Bi', 'Bi']","[[-0.1270199844259071, 0.008177535857453774, 2.40138833152383], [0.06650207604530245, -0.05926478960841817, -2.5350769221315232], [1.9233464132431088, 3.497549485549345, 0.08390647316318348], [2.0778688932671767, -3.4152577381505993, -0.03701054598041253], [-4.003528101945246, 0.013522085542322843, -0.06385451872523609], [2.5259880446970775, 0.7263845118718981, 1.1986338783115242], [-0.7376099369245188, 2.7002098685381024, -1.2283943964817585], [-0.4930878469354314, -2.6238372980342617, 1.3219193255295765], [2.559633067855352, -1.0728112008417043, -1.2290496865281861], [-2.103277077114966, 1.8071439784284204, 1.3351466584376726], [-2.172572775574634, -1.9400039588666058, -1.5706468905645516]]",[-64251.26171875],"[[0.7396815905223239, -0.01488933346508199, 0.702104382880903], [-0.699199548927671, 0.29397135579493056, -0.00912763722785084], [-0.28274390774191704, -0.49988927032308533, -0.07995245638169483], [-0.7148411207438178, -2.045366657262824, 1.259250918045713], [0.11994639948309083, -0.35528664641561175, -0.27455709938599265], [0.040654537000850685, 0.5262547136494238, -0.19864914477316947], [0.5343686054794908, -0.44374303119199154, 0.2650201525936005], [-0.4789689122739241, -0.7530487632279828, -1.0921172933366772], [0.6939724933187839, 2.2212564357257345, -0.9246406832768171], [-0.46718147764362794, 0.44097292311869346, -0.7658425796125489], [0.5092254138478659, 0.632891276058965, 1.1355823304637604]]","tensor(-3, dtype=torch.int32)"
"['Bi', 'Bi', 'Bi', 'Bi', 'Bi', 'Bi', 'Bi', 'Bi', 'Bi', 'Bi', 'Bi']","[[-0.06989414489064188, -0.04518235571039398, 2.6927451399566507], [0.0483029253073421, -0.027516758530280253, -2.5441058457159405], [2.0060678110039794, 3.3851121131764668, -0.05489218093417269], [1.9842987754224093, -3.257053591791953, 0.06328891932660226], [-4.146185073036425, 0.12985989100303127, 0.05497116336357552], [2.6712206718924945, 0.8513067858508198, 1.3597118083961486], [-0.5052550639598038, 2.7898564681187326, -1.3615576893459855], [-0.6099915211496485, -2.7066223159426994, 1.1735250535852315], [2.5511941600085857, -0.8731153939653141, -1.2572555543401054], [-1.8803448353630925, 2.0374717687399078, 1.2533901469090194], [-1.9327859541280725, -1.87072355914025, -1.2125384194677247]]",[-64251.51171875],"[[0.1989149969866269, 0.35048233182158595, -0.7125230128554888], [-0.37883364490256893, 0.28274987270454005, -0.07334960271264258], [0.4067987780758024, 0.18557204408610112, 0.2697326787541599], [0.20269832595237475, -1.3721481201048558, 0.3292731873061236], [1.1852391016377308, -0.04857892813903506, -0.008732134494898215], [-0.6692050429103182, -0.22868437708705192, -0.343213767754967], [-0.24792215287769473, -0.5730051082074151, 0.16592715959643659], [-0.03537509770727312, 0.15355721551274665, 0.9933724793215868], [0.52275081232931, 1.2148628543748077, 0.04861263532006434], [-0.26632113151051984, -0.7587869544271537, -0.32426894362004316], [-0.931954961582849, 0.798399962674141, -0.3423362497621912]]","tensor(-3, dtype=torch.int32)"
"['Bi', 'Bi', 'Bi', 'Bi', 'Bi', 'Bi', 'Bi', 'Bi', 'Bi', 'Bi', 'Bi']","[[0.06773648528713366, 0.16745651690470414, 2.632043720636793], [-0.1990542059595043, -0.024530067568780022, -2.6006392326207215], [2.0187667101280677, 3.4454056516347285, -0.15449328707170584], [1.9860186251831897, -3.5394978729962503, -0.00872356048081722], [-4.03774997157345, 0.060722540882867854, -0.08017806438567113], [2.5833086201948325, 0.7038930451377371, 1.1699365223486982], [-0.6029020393822118, 2.6816817026287656, -1.2293292496898527], [-0.5540326772775771, -2.509424034126163, 1.2654380912486474], [2.7938230771551593, -0.9691926523442003, -1.2585670259725565], [-2.0307321959119253, 1.7094483221440309, 1.3176451397073299], [-2.0198497129770008, -1.9590602233425527, -1.2697195817465696]]",[-64251.71484375],"[[0.053815532830328285, -0.7221199178066607, -0.08516372540846766], [0.773241704369684, 0.06001163775499985, 0.1789667221566531], [0.17104154940267677, -0.46846286474365606, 0.1907905636277864], [-0.22721977307473193, 0.2748437261244475, 0.08226429077485127], [0.3691377524251097, -0.39074469824101826, -0.0660950254549328], [0.29724591458660726, 0.7052010212357206, -0.1989010615998093], [-0.1831854419717905, -0.3714221274213636, 0.18168186001405454], [0.21930210794612595, -0.27133807645322, 0.2007907206211117], [-0.9343861980726489, 0.08985815099279162, -0.23963892810006185], [-0.3410322369418688, 0.6285317111349958, -0.4737582603122502], [-0.2056302593478683, 0.46424162524603135, 0.23550356349537216]]","tensor(-3, dtype=torch.int32)"
"['Bi', 'Bi', 'Bi', 'Bi', 'Bi', 'Bi', 'Bi', 'Bi', 'Bi', 'Bi', 'Bi']","[[-0.13829405273917048, -0.06706495448936808, 2.612334160888272], [0.05221581322637166, -0.09084436473635914, -2.3516382202757504], [1.87696895278277, 3.3891309642092167, 0.07561718342337999], [2.0267976956576907, -3.4618541750676806, 0.07456130473528687], [-3.967791184298852, 0.16637910834034994, 0.017258225658098467], [2.6888114215145484, 0.7522170034412581, 1.2463708036738017], [-0.48034688366937583, 2.7970737079422445, -1.235842716545235], [-0.5143216918426942, -2.500483085363194, 1.219200268159774], [2.722212573126074, -0.7689794406790788, -1.178771674080927], [-1.9748661785058552, 1.8328245845278175, 1.2358918281481464], [-2.0111384569016404, -1.8134028786577328, -1.2770870900533853]]",[-64251.5625],"[[0.8861414775334058, 0.9310653593985523, 0.13106832940418664], [0.22982512476661468, 0.7772901656396071, -0.6599171847295292], [1.412512919330711, 0.33890145973315794, 0.6233288239091502], [0.11693841281415362, 0.3427173903049661, -0.1360277330264112], [-0.11531146925872242, -0.6128037502049984, -0.36704297068050334], [-0.540860130320277, 0.5015309205967078, 0.8244339391981689], [-1.0415467515953685, -0.9282643980703074, -0.42126021289023774], [-0.37538574224018334, -1.275339862058587, -0.19482375253651096], [-0.18101203584916162, -0.645743199407014, -0.2847183103701397], [0.15100873665414902, 0.47606238139166995, 0.08784482184124455], [-0.5390140772326327, 0.09046847979772898, 0.3885347824333691]]","tensor(-3, dtype=torch.int32)"
"['Bi', 'Bi', 'Bi', 'Bi', 'Bi', 'Bi', 'Bi', 'Bi', 'Bi', 'Bi', 'Bi']","[[-0.002910438851728296, -0.0205548039330688, 2.7198139187433092], [-0.14704026068985573, -0.19943378733371012, -2.6230025531100343], [2.0182761752239307, 3.280088073716903, 0.13465298940142537], [2.0949952961454867, -3.3829333175601897, -0.22483515750463937], [-4.130336698023319, 0.08215206495142263, -0.21463555548481086], [2.646303201083099, 0.7220030798745325, 1.185944728051468], [-0.3400108956026864, 2.7553382023269113, -1.1958279267950909], [-0.661480871099295, -2.6733776296199494, 1.3238349121682893], [2.5859891308519773, -0.8603414741217541, -1.1763148826668974], [-2.1716360048055887, 1.9202229224451868, 1.168672475862952], [-1.9163422564986468, -1.7713249735766086, -1.2804112784282868]]",[-64250.9921875],"[[-0.23145129699067224, 0.07795044009029488, -0.8229622389372111], [1.5773191801749342, 1.8026405010507038, -0.4149151895883567], [1.0437368184756683, 1.0407522802804907, 0.28026027214079907], [-0.9864232978657578, -1.3101911846254664, 1.0477595686998027], [0.6742665193843248, 0.039029881728494684, 0.13954680386354051], [-0.21872273524031843, -0.2940879810986291, 1.309324208161464], [-1.4721404340616246, -0.8184134407162355, -0.5739949834702884], [0.7439336832748953, 0.2110017081899061, -0.2415971841915291], [-0.05237082916744892, 0.8956987874740627, -1.5549181744208806], [0.4480042770768638, -0.5627088628107846, -0.23285239471989355], [-1.5237111354841224, -1.0764464109283312, 1.0601497216654827]]","tensor(-3, dtype=torch.int32)"
"['Bi', 'Bi', 'Bi', 'Bi', 'Bi', 'Bi', 'Bi', 'Bi', 'Bi', 'Bi', 'Bi']","[[-0.031961333363064975, -0.03908392578814643, 2.5889937752781336], [0.13836538188880732, 0.1287050947599216, -2.612419082749735], [2.018886887132729, 3.451218963316518, -0.13997094786811198], [2.0971922783535746, -3.4509802164769625, -0.11502161888403101], [-4.132702062774255, 0.05620341749169169, -0.019177580644979708], [2.489654880078336, 0.8288704343445337, 1.498470639297009], [-0.6289822160131445, 2.933643994660198, -1.328285387664119], [-0.5686036276292998, -2.7968269668681556, 1.3109464712304557], [2.647902395241236, -0.8017359407992054, -1.3286271550147795], [-2.0151735706524136, 1.9597318485070017, 1.1349535745320098], [-2.1338651969377573, -1.9702542164127557, -1.183200848242775]]",[-64251.4375],"[[-0.7949006893422692, 0.12451895471037532, -0.20457996312739096], [-0.7993137332414793, -0.2556607148613351, 0.4348991513498855], [0.10156845248572105, -0.3408472716784633, 0.4397498486705146], [-0.5556573513927158, 0.1117369139847806, 0.19551126590090664], [0.7300497185488791, -0.03297129490332973, -0.013572804507669557], [0.43121295871512816, 0.3563592598238339, -1.237396014904216], [0.29948838057822524, -0.7633830609723808, -0.025567531873534322], [0.3921434819761186, 0.22801162186293908, -0.5773703295614577], [-0.10215127047166427, 0.3401107016387024, 0.7821912051878909], [-0.14162153099243155, -0.6109247869787442, 0.08190937549878104], [0.42618156416469466, 0.846594289563638, 0.12872065381320044]]","tensor(-3, dtype=torch.int32)"
"['Bi', 'Bi', 'Bi', 'Bi', 'Bi', 'Bi', 'Bi', 'Bi', 'Bi', 'Bi', 'Bi']","[[-0.08396441692271613, 0.07915475568092484, 2.5529740511434156], [0.0802991736047401, -0.13061450616606435, -2.4977245792037777], [1.956727868935706, 3.533514940604023, -0.13330855579525314], [1.9815847453806679, -3.5148206380943883, -0.035594527754109616], [-4.066133914299108, -0.1485182544951808, -0.2396613869790507], [2.6187783823127333, 0.7121785568108258, 1.182070040577278], [-0.4831661481728694, 2.691967332696673, -1.26336734849135], [-0.5108274546870726, -2.5818683424239115, 1.333508699594161], [2.5556934081216878, -0.6879946972370331, -1.2995218266760595], [-1.8391282034757799, 1.7949096996218545, 1.2350253295232643], [-2.0706391465008065, -1.887629883698626, -1.1900404701561604]]",[-64251.3203125],"[[1.2207002902107238, -0.5462121416116984, 0.5120746605201024], [-1.2313071250404843, 0.5161358744687369, -0.5295976638228991], [0.9045711551549027, -0.5106660551655107, 0.6823696125751606], [-0.10626092403056507, 0.6588692025031728, 0.014431795120849864], [0.048472222156801886, 1.0634006262950337, 0.6838243435458975], [-0.2348161529751596, 1.056088919093581, 0.5759222834626259], [-0.7350674862450445, -0.5503032832176312, -0.5574278140057406], [-0.04879512203865576, -0.573761527174525, -0.4302823217017525], [0.9160922747729173, -1.1224352443100547, 0.05877730186876543], [-1.5947466412315792, 0.4847212959703705, -0.8908964783416085], [0.8529392614434275, -0.4857880472601528, -0.11952288713685574]]","tensor(-3, dtype=torch.int32)"
"['Bi', 'Bi', 'Bi', 'Bi', 'Bi', 'Bi', 'Bi', 'Bi', 'Bi', 'Bi', 'Bi']","[[0.07665342725763252, 0.034031057026121976, 2.662705550958458], [0.082955849106657, 0.09592590721434219, -2.6361752919867993], [2.1598977883830313, 3.405445488966919, -0.0665504823743777], [1.9202422565055175, -3.2778692394961113, -0.061576599236565256], [-4.115870573500133, 0.002381827263030823, 0.06633857192654534], [2.537206129484757, 0.7861310410128258, 1.1565462731799572], [-0.5059191181290382, 2.6151319657951255, -1.1744094414318267], [-0.4831451765364963, -2.613413516075559, 1.3334746658468843], [2.7604665722751536, -0.7599261169227521, -1.2528822542581555], [-1.9906882302398459, 1.935011561206389, 1.2628049523210805], [-1.992868407072855, -1.790895119363485, -1.255120616597888]]",[-64251.77734375],"[[-0.38526582864967435, 0.20918398867472113, -0.28822899940634183], [-0.06818425361364876, -0.46871185051107594, 0.3514056668979576], [-0.2790982871374147, 0.18633653632158884, -0.10210396214741267], [0.5865723128493118, -0.6177063324160295, -0.14089879349530504], [0.8883464568202634, 0.15269851800548834, -0.06035770843131869], [0.4408521326255771, 0.19108757762874, 0.7608124706144048], [0.08619340137022229, 0.4244430346705396, -0.292965179729027], [-0.6743523942772598, 0.30785604043022885, -0.16287397290900246], [-0.46517077101875126, -0.08368333481403328, -0.6700653345024155], [-0.2688820545152793, -0.7128078912428301, 0.21323661513406209], [0.13178011399580705, 0.4137995358894839, 0.3989273928296165]]","tensor(-3, dtype=torch.int32)"
"['Bi', 'Bi', 'Bi', 'Bi', 'Bi', 'Bi', 'Bi', 'Bi', 'Bi', 'Bi', 'Bi']","[[-0.15311843740931472, -0.09977854111662945, 2.585151529588749], [0.10045352008649962, 0.13660051428082623, -2.5033342545766955], [1.9019988139394781, 3.4599380082352624, -0.08974384279333504], [1.9430239482118012, -3.5201765825041855, 0.13996528411836978], [-3.8262451947336285, -0.05990826796367752, -0.029752233771478648], [2.4687974424487575, 0.6319474263950323, 1.308988868539947], [-0.48765981829212957, 2.7840530595777047, -1.224478338033254], [-0.3797304140505029, -2.802146530531214, 1.154409148973451], [2.4696396590618637, -0.6590455359029688, -1.2572442552580079], [-1.9619181964128067, 1.8304809730136236, 1.3058524650085361], [-2.1029172240340435, -1.7209204605336645, -1.2880104564481674]]",[-64250.90234375],"[[0.2803921698056962, -0.06967210041136192, 0.06706237784169508], [-1.3266138580126805, -0.08538180649884927, -0.6777565367397126], [1.6537864014557577, -0.17914803645155658, 1.0953846530355331], [2.5217841081968393, -0.056443664508779995, -1.3050114373408308], [-1.3931273050267823, 1.1400714790585056, 0.7872269706161086], [0.08073294088766327, 0.9778306663631011, 0.28168939490993034], [-1.6104890003472185, -0.4589866474414174, -0.31242000816821985], [-2.837117743495951, 0.7509476565661124, 0.674853245449228], [1.169477716348208, -1.1247559233029623, 0.25979186285451544], [-0.1047452578813083, 0.19755200302726475, -0.32956099675268474], [1.5512553788377912, -1.0883161723272432, -0.5475084925403757]]","tensor(-3, dtype=torch.int32)"
"['Bi', 'Bi', 'Bi', 'Bi', 'Bi', 'Bi', 'Bi', 'Bi', 'Bi', 'Bi', 'Bi']","[[-0.04289751381315002, 0.031120429492031337, 2.4490270533055734], [-0.03848800550501413, 0.096262981775875, -2.4469891668221426], [2.0506132378789115, 3.5152046361823754, 0.030879579798769177], [1.8206392370443867, -3.2866811338194544, 0.2187095802886951], [-4.0291753428579815, -0.09726599227144563, 0.18394611519623347], [2.5963000864744745, 0.737745229132653, 1.341366489511655], [-0.4737255682868516, 2.72655601546268, -1.223795561924233], [-0.7308866017120916, -2.75894604735286, 1.2323144609380199], [2.478778797084129, -0.7709961648105239, -1.385358352364291], [-2.1029860082856855, 1.7438681602815105, 1.2565225504828692], [-2.1006530218204023, -1.7990637888417302, -1.1485505337308743]]",[-64251.6953125],"[[-0.07356547265308634, -0.4262951555649901, 0.4242257249115316], [-0.6649220969028001, -0.3545942993746078, -0.47232908612102736], [0.06430723359704611, -0.4889152817594589, 0.2963825376690154], [1.1944806799361, -0.25829090342344996, -0.6389919930037596], [-0.5495401793786161, -0.041421847166956856, -0.09147388453225887], [-0.004567496836135982, 0.31073043250524685, -0.8314844221744062], [-0.37623009298389143, 0.3335753651758918, 0.4000695289056518], [-0.5004467886399723, 0.49827070856858124, 0.6494383909077974], [0.5286293858384883, -0.3144037696171097, 0.9962238342995778], [0.2930990828554957, 0.7931924474600535, -0.1371006035450912], [0.07157847161242711, -0.04962509002334954, -0.5959275339700678]]","tensor(-3, dtype=torch.int32)"
"['Bi', 'Bi', 'Bi', 'Bi', 'Bi', 'Bi', 'Bi', 'Bi', 'Bi', 'Bi', 'Bi']","[[-0.09235007793828595, -0.046822303977730836, 2.3908392707265165], [-0.08214925607301435, 0.02495887738022671, -2.475867662165417], [1.7223277326176756, 3.4719858760819293, 0.08465412910455629], [1.9804963286283452, -3.2845570431902185, 0.11516333039363302], [-3.9735356994332416, -0.0024947461078244867, 0.22205364982098952], [2.650527068005083, 0.7213888484079543, 1.142242245260199], [-0.5872611719967548, 2.5781116106804447, -1.1275667244250531], [-0.41333568250670705, -2.6673918546704414, 1.0895448212511334], [2.586331489861596, -0.8765845485897963, -1.100481616895608], [-1.947405656309655, 1.8306910889824213, 1.3151702144788269], [-1.9955444505610587, -1.8032196870115063, -1.3943256114495703]]",[-64250.9765625],"[[0.9775303613482865, -0.27406025913716753, 0.7266892848642673], [0.7945489622358768, 0.042271484101679156, -0.5065221030715275], [1.523078643757715, 0.10788349670821218, 0.6914157869255337], [2.0930848155843105, -1.9201600349217784, -0.3443618687936254], [0.18000431712051074, -0.4550930695113266, -0.36803953081528185], [-0.42502307586353755, 1.3340942296745086, 1.380795259024585], [-1.0991585203364305, 0.22078455542422343, -1.026326326709244], [-2.7344139426502827, 0.20417609402013864, 0.8051737947976897], [0.2636643063049677, 0.46781520350023315, -2.2356911310525494], [-0.789922002435703, 0.36231059559259493, 0.1407285863721824], [-0.7955115837902139, -0.08460944668335015, 0.7368975984842997]]","tensor(-3, dtype=torch.int32)"
"['Bi', 'Bi', 'Bi', 'Bi', 'Bi', 'Bi', 'Bi', 'Bi', 'Bi', 'Bi', 'Bi']","[[-0.02186332895575656, 0.021309031958054604, 2.544820825420035], [-0.03746448444872259, -0.15856707540430268, -2.4314978432458005], [1.9084648722896547, 3.597499392226163, 0.02255960268451302], [1.9757025226679767, -3.449976674453082, -0.08241677453305274], [-3.978258830781822, 0.12118607661680716, -0.12078422923716581], [2.431454369234644, 0.8078804288150427, 1.361346374093529], [-0.731973005127924, 2.6893011706082826, -1.2440511150153097], [-0.5346807695795077, -2.6466722044648496, 1.1612675690659469], [2.4320208868667628, -0.6175268514780556, -1.4841341604604268], [-2.019281914041288, 1.7381891632810438, 1.2463952409812264], [-2.0203418923263805, -1.9336974534555982, -1.3516603865261863]]",[-64251.26953125],"[[-0.5331997813379266, -0.557167104001441, 0.4092938808033422], [-1.7325578466601845, 1.3768923222738272, -1.4386435693869053], [-0.3541845681489156, -0.7507913334077158, 0.031821774614943794], [0.24255651473200526, 0.5871400127403311, -0.36345663974759024], [-0.060716943163081474, -0.6670530283777858, -0.36610040374188163], [0.8615992558860512, 0.5986832438577241, -1.1540068658760996], [0.59650706094215, -0.15087452499513085, 0.18216486772024518], [-0.22283346866314238, -0.19216456191474623, 0.10384603976588665], [2.087676239992154, -0.8273619130926109, 1.819000953707109], [-0.15854186738193593, 0.6367864994959862, -0.026319955344128718], [-0.7392398747556703, -0.055250106341166796, 0.8030474913109461]]","tensor(-3, dtype=torch.int32)"
"['Bi', 'Bi', 'Bi', 'Bi', 'Bi', 'Bi', 'Bi', 'Bi', 'Bi', 'Bi', 'Bi']","[[-0.01287323364682967, 0.2140721054756293, 2.55855023384249], [0.0032324440125643637, 0.04739768183041704, -2.483664395004673], [1.9507335958531207, 3.41815620756369, 0.02585755479180717], [1.8425496553896008, -3.4484807611202073, 0.049540619402692866], [-3.870382829168462, -0.12213038370963865, -0.07073970906650154], [2.7476416746079657, 1.0383494445536456, 1.1005937254483773], [-0.521778240105403, 2.7243947443011556, -1.148803444387642], [-0.47771232817417, -2.773385006928963, 1.3708456215595597], [2.3716215321646525, -0.8806550707520842, -1.2805460959694681], [-1.9185475779077035, 1.8305228715306974, 1.324752683482683], [-2.09496861213184, -1.757494721831262, -1.10632601891795]]",[-64250.92578125],"[[1.2017821027192372, -1.2164343134934263, 0.3409249190367459], [-1.0416670792896605, 0.2128145940284828, -0.34231588661392637], [0.3704057183592361, 1.6415428014510747, -0.35755286941353864], [1.1601559195869775, -0.5013166447411029, -0.42749987232647574], [-1.8815513001233064, 2.0847924890964684, 1.286240317031257], [-0.15643464149116773, -1.7226344114274932, 0.7397726076244167], [-0.7179017636345306, -0.12967077979928415, -0.6139391499870371], [-1.2347014973055375, 1.0058392512037178, 0.3590400477240613], [1.28265516880645, 0.0019449825069682326, 0.4070057005723116], [-1.1134368925048488, 0.4844534382953416, -0.4907643687505064], [2.118556748647393, -1.8740632151477417, -0.8896602912600773]]","tensor(-3, dtype=torch.int32)"
"['Bi', 'Bi', 'Bi', 'Bi', 'Bi', 'Bi', 'Bi', 'Bi', 'Bi', 'Bi', 'Bi']","[[-0.004269527725979899, -0.01508185290438855, 2.5920426583145586], [-0.092291497127169, 0.07873567985514136, -2.8008330820653127], [1.9407641558525999, 3.523121884384176, 0.01725041059692665], [1.832873555486781, -3.3642184993214097, 0.06673318315598098], [-4.012189054986604, -0.022881694398706198, 0.03493988915341585], [2.764775792131815, 0.9145749894519749, 1.2903040512157389], [-0.5775322591270025, 2.5251855062736563, -1.36534853087029], [-0.47759999048151436, -2.5261694027663344, 1.376179637495688], [2.597470687229777, -0.7913217065815413, -1.329779066266067], [-2.0262373594447824, 1.9755890459502095, 1.2059030229875365], [-1.9162714758436787, -1.7857210760785602, -1.4344040091103365]]",[-64251.40234375],"[[0.44806613785303195, 1.3563620522113755, 0.11155518831314452], [0.7026345446450707, -0.6344236543879845, 0.14229793718504644], [-0.12594751183649924, -0.3644389045409101, -0.040262279001876615], [1.2889656878848823, -0.1392833684883873, -0.7471753319279621], [0.6008918226909923, -0.009792242050448605, -0.19070926530100185], [-0.7988329366852265, -0.19042536393340062, -0.6340040501207094], [-0.020499529936106518, 1.0415015001547798, 0.6128582576220709], [-1.5222198948283652, -0.3431759210955657, -0.5933610573794179], [-0.2538124506237529, -0.03410452981531296, 0.5258880741364739], [0.1117048780217276, -0.7406205579145352, -0.20274141766511697], [-0.4452182281551766, 0.05783746030099728, 1.0168682614053324]]","tensor(-3, dtype=torch.int32)"
"['Bi', 'Bi', 'Bi', 'Bi', 'Bi', 'Bi', 'Bi', 'Bi', 'Bi', 'Bi', 'Bi']","[[-0.07922379098924129, 0.17689490421773907, 2.6405431355468645], [0.043216888960204675, -0.19555441941298232, -2.337833069392725], [2.1585496368775696, 3.580290466788191, -0.06461645730901244], [2.0154427940230906, -3.448611418953244, -0.07860012808759458], [-3.888870328981486, 0.11510489387324843, -0.1342668738520797], [2.514009726318954, 0.7840715746231722, 1.2321582970498186], [-0.642384086118462, 2.601730454876906, -1.3864360667478268], [-0.6799910787367547, -2.6685279013616965, 1.202658623250991], [2.7153210716966214, -0.9000519942886258, -1.2991727962066935], [-1.9293244483944014, 1.7390038108556911, 1.20837906156801], [-2.056408067740003, -1.8330670243440244, -1.2652306825061672]]",[-64251.43359375],"[[0.6981592800150515, -1.3259196597763796, -0.052402042377036676], [0.3064835333839248, 0.8481693482286672, -1.048111295806195], [-0.7378571347131422, -0.8864685220358408, -0.1331800804390137], [-0.5061386485346315, -0.17912458797779707, 0.389487685212398], [-0.6141119282147386, -0.07222803547323836, -0.06095081083557748], [0.2626684146573797, 0.5246714274497422, -0.17675125276311354], [0.7930623495683615, -0.04989593017969001, 0.5790765145600104], [0.7131899573832533, 0.11913614158609884, 0.2964195615749514], [-0.05486130390674676, 0.32127556082511405, 0.40081139542084526], [-0.5799362919311918, 1.3460642641519975, -0.39716325513385553], [-0.2807098554874641, -0.6273618585516, 0.20978809540657756]]","tensor(-3, dtype=torch.int32)"
"['Bi', 'Bi', 'Bi', 'Bi', 'Bi', 'Bi', 'Bi', 'Bi', 'Bi', 'Bi', 'Bi']","[[-0.08442574204027152, -0.044537212771543114, 2.5317366474336365], [-0.23559442118510723, 0.17483742769981114, -2.60337361841125], [2.0082340269718135, 3.3397805324994008, 0.12523521344837038], [2.0192190480542758, -3.487290632144246, 0.1510477465340606], [-4.111760701251892, 0.04140096758305351, 0.1357199265447587], [2.4934924218857693, 0.6864452585448255, 1.1748946397452023], [-0.7194415706291554, 2.75764988280426, -1.1960304246525362], [-0.6839201511088242, -2.5783692208884235, 1.2603771503996544], [2.7297534147238283, -0.8357617529341499, -1.2641922602179212], [-2.0256762356878983, 1.8219125283514885, 1.2204810759280336], [-2.0620864625417354, -1.8334835071101192, -1.2535880308075726]]",[-64251.68359375],"[[0.154059506503279, 0.3911393113717866, 0.20088713704282013], [0.6248905128303692, -0.4894795877924341, 0.22095460828107133], [-0.4771042958112201, 0.3606965075600582, -0.3364182869308642], [-0.22068160839688458, 0.6095682722029209, -0.24064746958217798], [0.4023748841152694, -0.3890352222286046, -0.27782312211046745], [0.2490544159121471, 0.059289774433430156, 0.5406570130585446], [0.6746845809888526, 0.12510264687187536, -0.12303013089292218], [0.2474769918309054, -0.7087110932068237, -0.19401704276383783], [-0.9871072116837429, -0.5452119819305095, -0.28131211102402376], [-0.3771230890262322, 0.06910224079249633, 0.529493276976996], [-0.2964277891096039, 0.5334882592716783, -0.03427333825754469]]","tensor(-3, dtype=torch.int32)"
"['Bi', 'Bi', 'Bi', 'Bi', 'Bi', 'Bi', 'Bi', 'Bi', 'Bi', 'Bi', 'Bi']","[[-0.015861742799971986, -0.13916165066952524, 2.5160025637486068], [-0.02687373706660004, 0.014160513934724875, -2.6072001960847584], [2.1061155011663253, 3.514166982508827, -0.019041791827638974], [1.9241999279035706, -3.405911637059883, -0.029657118618796316], [-4.039911171905208, -0.0260900533457432, -0.04165344412993759], [2.6903966940513575, 0.8206825198992661, 1.3548391780273217], [-0.603973851867268, 2.6900990901138355, -1.5021355804385395], [-0.5222015973228452, -2.517145244205496, 1.2895140270209873], [2.5590975628950092, -0.7591737981952306, -1.4851984250560728], [-1.9832903416050545, 1.841619458228252, 1.4066690591715767], [-2.1590355994148016, -1.8000933952186429, -1.293131817319364]]",[-64251.17578125],"[[0.6634653090484, 2.0318328769804532, 0.8458065031206656], [-0.38855848801758647, -0.169725400968742, -0.21377778122582725], [-0.568074758066932, -0.6394105688292033, -0.08695737938479423], [0.3397512097964817, 0.27162907406945896, -0.35420781093430875], [0.15103439627784634, 0.6477836280008226, 0.47068795006832065], [-0.40392412889032653, 0.12473724148912325, -1.134248955629147], [0.33595589948339627, 0.10186376955765258, 1.433319326024936], [-0.8580254205213915, -1.8444713441074432, -1.3265444381890505], [0.25510021406313665, -0.1806259587855952, 1.301449429057234], [-0.12679618203589987, -0.17538908155721664, -1.199429542029551], [0.5839826963174518, -0.16377211116050097, 0.25694693563797155]]","tensor(-3, dtype=torch.int32)"
"['Bi', 'Bi', 'Bi', 'Bi', 'Bi', 'Bi', 'Bi', 'Bi', 'Bi', 'Bi', 'Bi']","[[-0.15185629653484398, 0.13391161062142193, 2.5963055595367694], [-0.07207561198367685, -0.05766544739545065, -2.5568192577989097], [2.170193923004037, 3.4392978277804436, 0.0860630343120374], [2.0788383018411514, -3.470456133524517, 0.08983465460668753], [-4.037978685549682, 0.07075806187169265, -0.005580681570326804], [2.6024613765227707, 0.9255926159485379, 1.2340988225811], [-0.6043757890516451, 2.7182965085922923, -1.343561245141637], [-0.6726956378003739, -2.7146304425692307, 1.3347663930232627], [2.4574611200307457, -0.9642350434024827, -1.3233277369513308], [-1.8948147859025941, 1.653250834585287, 1.0972208734922821], [-1.9682763990270367, -1.7446394883338305, -1.297838311777009]]",[-64251.32421875],"[[1.4054269551112852, -1.3789733743199823, 0.36880746833090533], [0.3997509176262355, 0.8195287858825588, -0.5461694612756889], [-0.9199998395119173, 0.6552886822666081, -0.7556090691676434], [-0.6822996785306147, -0.0256723609494249, 0.2994276510880718], [0.06294711927481231, -0.49209522390263244, -0.35116943380924903], [-0.20581069946721497, -1.256749233290451, 0.10828011530055202], [0.863341950569624, -0.08259220945284314, 0.20407057588822092], [0.4960157984308015, 0.3942962164179332, -0.437195507693477], [0.46990402028221656, 0.4744837746023219, 0.538948256955413], [-1.0472283784938037, 1.7099069295410627, -0.3042012666934256], [-0.836473393499288, -0.8062557156044874, 0.8931883609632327]]","tensor(-3, dtype=torch.int32)"
"['Bi', 'Bi', 'Bi', 'Bi', 'Bi', 'Bi', 'Bi', 'Bi', 'Bi', 'Bi', 'Bi']","[[-0.00906711322493331, -0.18624751321809055, 2.4867100565096822], [0.2154946383934239, 0.14806004582218865, -2.5736243365989835], [2.0724380980669412, 3.4708723656465557, 0.033742686842485665], [1.8814033836175903, -3.5273869939458655, 0.17685765295642888], [-3.8370726171018044, -0.10390645030453266, 0.08653417501402075], [2.621975886874064, 0.5897461560295991, 1.2709978683593817], [-0.5815395273744491, 2.62914306261735, -1.2700509722594946], [-0.7716481000178037, -2.7720569121918754, 1.2167947045206344], [2.401466150149404, -0.97609265451911, -1.2315024001297143], [-1.7449337679515013, 1.826898338774948, 1.2441343110205763], [-2.2008870919122896, -1.7499984020917747, -1.13300454183645]]",[-64251.1484375],"[[0.16790860705120542, 0.10401208169959149, 0.3979690393088803], [-1.4649799078094108, -0.4542098436663857, -0.54031042816131], [-0.2901897237582048, -0.8288320706908213, 0.2149024852128177], [-0.015514389557047243, -0.11906343074860777, -0.011168384638627227], [-1.7937624769397902, 2.1863454635326245, 1.435744391863747], [-0.0321419542681532, 0.7280067188504916, -0.23692954951691717], [0.6127029629055059, 0.5437500518669516, -0.13922495299235485], [0.2471924219761136, -0.18338768505796615, 0.05932237603949051], [1.2891950304133195, -0.3889842115137594, 0.3828145889662504], [-0.7190536184858742, -0.0630686810993023, 0.4188209545541514], [2.0000396261997078, -1.5179405483672574, -1.9763109020411145]]","tensor(-3, dtype=torch.int32)"
"['Bi', 'Bi', 'Bi', 'Bi', 'Bi', 'Bi', 'Bi', 'Bi', 'Bi', 'Bi', 'Bi']","[[0.1535944858347561, 0.15872696756181914, 2.5237229391636564], [0.04328259820281015, 0.05026921126001924, -2.7101573240353094], [2.198700339061027, 3.39189524507617, 0.11422675538106758], [1.813754334979552, -3.2933339781890885, 0.059458820779837745], [-4.06001100827961, -0.02308677850036368, -0.04127711249028218], [2.624387902708005, 0.9113639507497882, 1.285586548519699], [-0.49923528014769103, 2.6405490367816844, -1.243840714777575], [-0.45907718333904496, -2.620621437534692, 1.2290505018760856], [2.528118566783018, -0.9775799167359728, -1.1802987330153838], [-1.8755483562380446, 1.9994023030610417, 1.2382878435167946], [-2.1154564542504275, -1.9369496505179227, -1.2541047676901886]]",[-64251.015625],"[[-0.9229920910208317, -0.4304074316505614, 0.32908184570336246], [-0.18223840131120148, -0.4537719331345088, 0.7055033831341982], [-0.7205165769912637, 1.0045202745547464, -0.8011957817932281], [2.085716544082122, -2.384483009916686, -0.455438471700455], [0.7008712811248665, 0.3609197822816892, 0.2054714165069844], [0.8296635659116349, -1.11062667520012, -0.07372837783920494], [0.5200701786953572, 0.286967666922029, -0.2649848770387781], [-2.6108142606710447, 0.9611755651219552, 1.1808800509346777], [0.4604519713630194, 1.7613737583385731, -0.9164625138322778], [-0.5913396549594931, -0.7112667711582422, -0.027393638331855655], [0.4087972976649751, 0.7206523313130292, 0.11387926116409647]]","tensor(-3, dtype=torch.int32)"
"['Bi', 'Bi', 'Bi', 'Bi', 'Bi', 'Bi', 'Bi', 'Bi', 'Bi', 'Bi', 'Bi']","[[0.05851614960612464, -0.03936486901713584, 2.6992065273515347], [-0.0010286378440560642, 0.022957604046364825, -2.4494839749311104], [2.0528825651139755, 3.4285741306614756, 0.021885806782705002], [2.071239222667121, -3.3359349001900487, 0.014275849920749798], [-3.909313986967499, 0.09860376394154474, 0.1050262851844539], [2.658703021132173, 0.9643765463187203, 1.2923668401081603], [-0.5319483669839009, 2.783435514704469, -1.4017165947605055], [-0.7040848081613535, -2.635803559153766, 1.083442223644522], [2.612947295501852, -0.9443225854247459, -1.2513659065192035], [-1.993356260952418, 1.687820520485717, 1.4129722036292274], [-2.0134594850792285, -1.8773192414023012, -1.2678908143522525]]",[-64251.40625],"[[0.12193417185512373, -0.26171489481325183, -0.592261138840568], [0.14640208858014842, 0.1155883257997775, -0.35815990720461505], [-0.3565865454686079, 0.6073473520676741, -0.41616916871357384], [-0.6378509367916475, -1.197590173813812, 0.6132644921455358], [-0.41623576032216714, -0.8070527580239439, -0.4613447617169938], [-0.12615911374334202, -0.861882591610645, -0.05222509895991733], [0.1041531324967895, -0.47452444947676, 1.0068882618719057], [1.0075078980754186, -0.2784255833353934, 1.283130823153545], [0.1746654698845333, 1.5216815055295452, -0.061816964546114586], [0.6927923563170724, 0.9640145787979676, -0.283017730379569], [-0.720529946735074, 0.6682141392056133, -0.6781745983442404]]","tensor(-3, dtype=torch.int32)"
"['Bi', 'Bi', 'Bi', 'Bi', 'Bi', 'Bi', 'Bi', 'Bi', 'Bi', 'Bi', 'Bi']","[[-0.031961333363064975, -0.03908392578814643, 2.5889937752781336], [0.13836538188880732, 0.1287050947599216, -2.612419082749735], [2.018886887132729, 3.451218963316518, -0.13997094786811198], [2.0971922783535746, -3.4509802164769625, -0.11502161888403101], [-4.132702062774255, 0.05620341749169169, -0.019177580644979708], [2.489654880078336, 0.8288704343445337, 1.498470639297009], [-0.6289822160131445, 2.933643994660198, -1.328285387664119], [-0.5686036276292998, -2.7968269668681556, 1.3109464712304557], [2.647902395241236, -0.8017359407992054, -1.3286271550147795], [-2.0151735706524136, 1.9597318485070017, 1.1349535745320098], [-2.1338651969377573, -1.9702542164127557, -1.183200848242775]]",[-64251.4375],"[[-0.7949006893422692, 0.12451895471037532, -0.20457996312739096], [-0.7993137332414793, -0.2556607148613351, 0.4348991513498855], [0.10156845248572105, -0.3408472716784633, 0.4397498486705146], [-0.5556573513927158, 0.1117369139847806, 0.19551126590090664], [0.7300497185488791, -0.03297129490332973, -0.013572804507669557], [0.43121295871512816, 0.3563592598238339, -1.237396014904216], [0.29948838057822524, -0.7633830609723808, -0.025567531873534322], [0.3921434819761186, 0.22801162186293908, -0.5773703295614577], [-0.10215127047166427, 0.3401107016387024, 0.7821912051878909], [-0.14162153099243155, -0.6109247869787442, 0.08190937549878104], [0.42618156416469466, 0.846594289563638, 0.12872065381320044]]","tensor(-3, dtype=torch.int32)"
"['Bi', 'Bi', 'Bi', 'Bi', 'Bi', 'Bi', 'Bi', 'Bi', 'Bi', 'Bi', 'Bi']","[[0.07665342725763252, 0.034031057026121976, 2.662705550958458], [0.082955849106657, 0.09592590721434219, -2.6361752919867993], [2.1598977883830313, 3.405445488966919, -0.0665504823743777], [1.9202422565055175, -3.2778692394961113, -0.061576599236565256], [-4.115870573500133, 0.002381827263030823, 0.06633857192654534], [2.537206129484757, 0.7861310410128258, 1.1565462731799572], [-0.5059191181290382, 2.6151319657951255, -1.1744094414318267], [-0.4831451765364963, -2.613413516075559, 1.3334746658468843], [2.7604665722751536, -0.7599261169227521, -1.2528822542581555], [-1.9906882302398459, 1.935011561206389, 1.2628049523210805], [-1.992868407072855, -1.790895119363485, -1.255120616597888]]",[-64251.77734375],"[[-0.38526582864967435, 0.20918398867472113, -0.28822899940634183], [-0.06818425361364876, -0.46871185051107594, 0.3514056668979576], [-0.2790982871374147, 0.18633653632158884, -0.10210396214741267], [0.5865723128493118, -0.6177063324160295, -0.14089879349530504], [0.8883464568202634, 0.15269851800548834, -0.06035770843131869], [0.4408521326255771, 0.19108757762874, 0.7608124706144048], [0.08619340137022229, 0.4244430346705396, -0.292965179729027], [-0.6743523942772598, 0.30785604043022885, -0.16287397290900246], [-0.46517077101875126, -0.08368333481403328, -0.6700653345024155], [-0.2688820545152793, -0.7128078912428301, 0.21323661513406209], [0.13178011399580705, 0.4137995358894839, 0.3989273928296165]]","tensor(-3, dtype=torch.int32)"
"['Bi', 'Bi', 'Bi', 'Bi', 'Bi', 'Bi', 'Bi', 'Bi', 'Bi', 'Bi', 'Bi']","[[-0.10161787492433275, 0.004932361908382707, 2.484013613722533], [0.019833053883008742, -0.06749156611930754, -2.438988236836382], [1.9966583608252528, 3.447178119440505, 0.16792516810468067], [2.229524661707098, -3.313041264641932, 0.04915928578970932], [-3.902983653102088, -0.011898188409914641, -0.09003127284598826], [2.504757121357964, 0.732760685690588, 1.382811764452918], [-0.6417813653328183, 2.759147462104618, -1.129805963117845], [-0.6689520173745701, -2.7852598486853366, 1.199538733298191], [2.715504259684097, -0.8122977635526738, -1.3192557366458622], [-2.00673256415221, 1.6553382735169422, 1.0753826808704332], [-2.1058668652424686, -1.761830205324793, -1.1595120586702667]]",[-64251.359375],"[[0.09968306149801964, -0.8585488974136538, 0.3609108862598462], [0.03694598089846617, 0.4608079665030128, -0.15854423279814853], [-0.28654451453043506, -0.1995335533262167, 0.01821650219865199], [-0.7761779057987785, -0.4109141394868683, 0.40202814495176004], [-2.0515146825318706, 0.3781848009510398, 0.18764373731158904], [0.3627398157909951, 0.19227033715712186, -0.6132166696003685], [1.0321102835699194, -0.1116006968641909, -0.9351410743770118], [0.996167784219758, 0.17157891025966515, 0.09837359793598999], [-0.32871510334622933, 0.5577137208349133, 0.34686370781516196], [-0.2554115748276405, 1.1854134225281798, 1.3826557102978714], [1.151242414232875, -1.3647279122901739, -1.0885578561576592]]","tensor(-3, dtype=torch.int32)"
"['Bi', 'Bi', 'Bi', 'Bi', 'Bi', 'Bi', 'Bi', 'Bi', 'Bi', 'Bi', 'Bi']","[[0.024164248186501883, 0.15982020760320162, 2.4743183144603074], [0.10024601156784818, 0.21530498134975085, -2.544550218248576], [1.9950615828361786, 3.6967970364292335, -0.006335926578633744], [2.0335511871695178, -3.4205255931453786, 0.005035931788208152], [-4.0738546715864885, 0.0028610670598677008, -0.06072848606090281], [2.567953281964863, 0.9912676065447164, 1.3331452734678628], [-0.6236889797294164, 2.8356301041583563, -1.1728628265562322], [-0.47651377209831186, -2.6390351724673695, 1.0625523842542663], [2.655588056862051, -0.7776654767779706, -1.2007686071109755], [-1.961833035886516, 1.9039231249154027, 1.3368222489178074], [-2.0849393164635086, -1.772589914561094, -1.2418220045828778]]",[-64251.8046875],"[[-0.05601285022554087, -0.8769585204194354, 0.3750539669053231], [-0.23801830946189473, -0.3188857191190341, 0.33516837015088163], [-0.11647283719700788, -0.5715082111215842, 0.1583034231432895], [0.5313115621351884, 0.003827798276323438, -0.3159473579620932], [0.45735260763734836, 0.457446812909119, 0.37468845867838785], [0.3679897542306345, 0.3508726254966617, -0.6139972569505201], [0.19897438950239932, -0.1282005707789822, -0.08867287178192247], [-0.5307788292664419, 0.31846760609241465, 0.7619956929416108], [-0.12435558672543252, 0.3360426999739796, 0.0727824684646306], [-0.8790709399414531, 0.03927639923551884, -0.531340358506472], [0.3809201476904313, 0.38800240951926374, -0.5296634841001187]]","tensor(-3, dtype=torch.int32)"
"['Bi', 'Bi', 'Bi', 'Bi', 'Bi', 'Bi', 'Bi', 'Bi', 'Bi', 'Bi', 'Bi']","[[-0.07719111892723912, -0.12144809994816669, 2.5775423417136087], [0.044756995364514905, 0.023860157647563163, -2.567864771929177], [1.8629017320449217, 3.7048108474734462, -0.11620854331831823], [1.9422555682421032, -3.468137409277635, 0.13350445442357045], [-3.9222907628668287, 0.016591282397080354, 0.05590261235680455], [2.453298309182388, 0.7147167087408988, 1.336187352434267], [-0.4508414260735331, 2.7020677117921506, -1.3819183353756304], [-0.5335582955914326, -2.5630812586948637, 1.2855936423078735], [2.5785534155157976, -0.959127406959672, -1.1615889501422014], [-1.9610238325528915, 1.745554362537731, 1.0979359448431047], [-1.8962867019614793, -1.5734829408515156, -1.5502005304565623]]",[-64251.09765625],"[[0.07374827818864556, 1.1253174525429923, 0.5223867439209389], [1.5132400549761273, 0.878915645224888, -0.9806465400979034], [0.785824175957865, -0.7168748644657212, 0.7401078796615042], [0.31840265999075185, -0.3067110247170652, -0.057211602024403424], [-0.3844329450323881, -0.5468765150348841, -0.5187877117314059], [0.42587102615365613, 0.8448109714277187, -0.6212822246643523], [-0.8552625115409141, -0.0321839404059265, 0.10896634311265828], [-1.0509153424599347, -1.0419735549554645, -0.9943680110145336], [0.23700318595205663, 0.45202018816281814, 0.04976955524742832], [0.3644321682469134, 0.8341979659469687, 0.25152452750318016], [-1.4388034920917123, -1.4855004076744627, 1.5011445505951881]]","tensor(-3, dtype=torch.int32)"
"['Bi', 'Bi', 'Bi', 'Bi', 'Bi', 'Bi', 'Bi', 'Bi', 'Bi', 'Bi', 'Bi']","[[0.09040044287423984, -0.014406108901943075, 2.641879949098334], [0.08982826751921513, -0.10704342376169806, -2.458047527875932], [2.0469056055452763, 3.483209986192168, -0.008657566655506524], [2.1417526913066673, -3.4168114161554297, 0.12222201804099889], [-4.001964544119646, -0.22248477610761053, -0.15924664906886177], [2.5318926478128576, 0.8732366527958731, 1.2400768739255597], [-0.4707396105258814, 2.7659807293253245, -1.3052215744998714], [-0.40201972310366996, -2.7561359579228792, 1.151928453108445], [2.7129272196201444, -0.7451935131552205, -0.974538825825531], [-2.0890504870554287, 1.6475762336950595, 1.1696842224640336], [-2.061270073914613, -1.8424315046709616, -1.3344057623728118]]",[-64251.5546875],"[[-0.7941890075948319, -0.3101590816457255, -0.48522050163540814], [0.21513383320282642, 0.5412205991822376, -0.07554141794405633], [-0.03360080414842562, 0.12819671412211386, -0.05217203136140901], [0.6057702365189818, -0.24277464724447842, -0.21705126015358084], [-0.5460666170925331, 0.817611770308537, 0.5759423380783412], [0.3887888075657636, 0.9130126057083207, 1.58136609878211], [-0.34718026221091514, -0.8183039116611748, 0.23841066002063363], [-0.8371269682832423, 0.5045094424071709, 0.4503145173851813], [-0.038921658794559964, -0.8156505317357584, -1.7662999947117302], [0.30634309965182577, 0.14855965669857132, -0.1245649260602459], [1.0571199320297167, -0.8576572383456941, -0.14462998046019296]]","tensor(-3, dtype=torch.int32)"
"['Bi', 'Bi', 'Bi', 'Bi', 'Bi', 'Bi', 'Bi', 'Bi', 'Bi', 'Bi', 'Bi']","[[0.1482274452473537, 0.03930257513084291, 2.5885569192233704], [0.05590701975634933, 0.07354406354154176, -2.6781558255715385], [1.9379152144381273, 3.346768203036558, -0.02104253858877815], [2.064284164420834, -3.3933407104626676, -0.03918756911926708], [-3.8449903482950902, 0.08475092265712095, 0.07312047169650882], [2.6430221761140804, 0.7492838998370017, 1.2550064192021553], [-0.5298288473815109, 2.5534293680894504, -1.242360061342394], [-0.5080963213692837, -2.780767386213907, 1.276378744339898], [2.692593923589857, -0.8907118125281052, -1.1541075955709064], [-2.0950549393606157, 1.7880778355341225, 1.2054302301124207], [-2.106174780786164, -1.61824948584293, -1.3789527662973355]]",[-64251.41015625],"[[-0.8042780219624037, -0.5347126192721465, -0.13939937672698688], [0.23289960019996203, -0.5303736231848086, 0.3052517171801777], [0.5461638048456153, 0.23255928879789986, 0.23448288639964363], [-0.26382098941800536, -0.9015089696014426, 0.373414836314188], [-1.921579284649327, -0.9176909876000724, -0.546199286088804], [0.27690400364560513, 0.4009948180215034, 0.10767513439313878], [-0.46903658101938994, 0.4001870798069987, -0.09138317596271557], [-0.08744460370249423, 0.897911480074657, -0.4486264843849556], [-0.09229818066025161, 0.624844747168865, -0.9305830201795522], [1.6812154593242925, 1.1660370642007347, 1.0176735313594414], [0.8740865966048132, -0.8450865938385759, 0.12106220744823833]]","tensor(-3, dtype=torch.int32)"
"['Bi', 'Bi', 'Bi', 'Bi', 'Bi', 'Bi', 'Bi', 'Bi', 'Bi', 'Bi', 'Bi']","[[0.1718672688336641, 0.05438084829142523, 2.4563940065079297], [0.10149417133568234, -0.10485757066699664, -2.566805242526346], [2.025079975498545, 3.4823258528032563, -0.12646644826242634], [1.9059374417785182, -3.6212146529399982, -0.02901299661524792], [-4.040142141651751, 0.02280420139742486, 0.028046971419699307], [2.5002193539800075, 0.775333416630085, 1.2237156332104735], [-0.469585292260086, 2.719111315187498, -0.9588057128181184], [-0.5736088380257516, -2.736433319369506, 1.2936898648819006], [2.6116997713996017, -0.7145171325293832, -1.2465848939990913], [-1.9880263862556087, 1.8087821994986033, 1.232203232604398], [-1.9742224061712805, -1.8433438124352517, -1.4233656602910227]]",[-64251.1640625],"[[-1.7806930381443669, -0.8773590985128268, 0.9306889496882024], [-0.48287138622585773, 0.7844429785780843, -0.050704084913136466], [1.2953394561359552, 0.006866859829422042, 0.6613174082831937], [0.18756346742663604, 0.768250676161139, -0.21880968999717657], [0.5835085846331042, -0.2054723421046328, -0.30743124253170434], [1.7983914936236272, 0.9254418394635999, -0.2555996768386322], [-0.9091451502007515, -0.266415388204382, -1.9320143696932177], [-0.09686183986569313, 0.49812898928419275, -0.5697953412511264], [0.29909942387753047, -1.2083620735575373, -0.12605981768450525], [-0.6357642283154188, -0.44012908659590105, 0.7985496009606325], [-0.27009659289625626, 0.015100549706237958, 1.0625475337957573]]","tensor(-3, dtype=torch.int32)"
"['Bi', 'Bi', 'Bi', 'Bi', 'Bi', 'Bi', 'Bi', 'Bi', 'Bi', 'Bi', 'Bi']","[[0.13115442674397956, -0.08798889809003022, 2.4976502031964998], [0.12242527594771235, -0.03768578191938579, -2.4947335989056927], [1.9381973685618343, 3.4665899456197624, 0.09458191300795095], [1.9553350178666125, -3.4824209416124283, 0.059820744076033806], [-3.9306885617285086, 0.06449757331634808, 0.10784431615520812], [2.6242277139314023, 0.7557283881493984, 1.1502078881946576], [-0.6845341432288674, 2.690791388431715, -1.1793122461048031], [-0.6933488666306917, -2.6211040743629024, 1.2309551258931082], [2.6380648596259144, -0.6811859080940091, -1.2405773240242743], [-1.8849456722284432, 1.753840491953872, 1.2028796691786554], [-1.9967311632413536, -2.074239982376474, -1.1782684559502967]]",[-64251.44140625],"[[-0.23867239846676483, 0.24191471560702227, 0.23089964079222516], [-1.0778224660989542, 0.08636031747948394, -0.10867179737210043], [-0.17285063000647669, -0.13045990321663767, -0.1125415668737906], [0.00027440231889034336, 0.5794560095958547, -0.2194297889995137], [-0.05448088327325393, -0.8000696379876735, -0.482583165402564], [0.24002351392297253, 0.8767168365890197, 1.1637040439058484], [0.9046102359445021, -0.13062604799452565, -0.8604011211522876], [0.8058654219294117, -0.6584835368163391, 0.8867626563996661], [0.2698730610641674, -1.4340490055044255, -0.6757839853067868], [-0.1844449232608065, 0.07343069535106082, 1.1520163167111215], [-0.4992807412913532, 1.304449908100801, -0.9774779108148771]]","tensor(-3, dtype=torch.int32)"
"['Bi', 'Bi', 'Bi', 'Bi', 'Bi', 'Bi', 'Bi', 'Bi', 'Bi', 'Bi', 'Bi']","[[-0.03720331258332549, 0.004130610912759244, 2.718434498894758], [0.13839298111786352, -0.2836982475467271, -2.4997057545012575], [1.9639005385404913, 3.424510575784253, 0.012688772785282399], [2.1021885727799745, -3.47522100933895, 0.20820021555944748], [-4.03880909770108, -0.04889932383895726, -0.03776342338530218], [2.4790663724724618, 0.9368949444518727, 1.3911647903979687], [-0.6207204905501771, 2.689008285914333, -1.080923301088031], [-0.5286361036971291, -2.6484563943681083, 1.213017134338777], [2.611486950074338, -0.9087050806794512, -1.1621170465931119], [-2.1044059962853154, 1.6902415197759744, 1.3442149508530947], [-2.1082435476254613, -1.8734975543504773, -1.1978321804178125]]",[-64251.81640625],"[[-0.06958298592665754, -0.28074374264581387, -0.3086174987623135], [-0.7789814382316023, 0.8673893833977157, -0.028079321069791177], [0.0150437951437635, 0.33205476250584354, -0.044183002654111285], [-0.06694991772741435, 0.0013489341310829568, -0.005381162475136836], [-0.13869988201525354, 0.12828541723008563, 0.12124408738614914], [0.2870589925566713, -0.5310986746760562, -0.10729322251899018], [-0.05902860163030632, -0.7061034789429116, -0.31477565418340064], [-0.09249271043269057, -0.099480818411844, 0.451815939615071], [0.4289198933853977, 0.21142717457562113, 0.5456207875585533], [0.06022786765008466, 0.30054078510445725, -0.09871036121373325], [0.4047367007814395, -0.23238959589569302, -0.21078758660057598]]","tensor(-3, dtype=torch.int32)"
"['Bi', 'Bi', 'Bi', 'Bi', 'Bi', 'Bi', 'Bi', 'Bi', 'Bi', 'Bi', 'Bi']","[[-0.15070881836496355, -0.07086496956514504, 2.4882505290331136], [0.16432554911066197, -0.025036570904502148, -2.4970422037899858], [1.881531764542346, 3.370770397994666, -0.22097269954482088], [1.8807879434932404, -3.5859154429547373, -0.0905305621615305], [-3.97348209126058, -0.1607179255984356, 0.07958163746704874], [2.6085939396929994, 0.9204599150754621, 1.2180715185449094], [-0.6374710618200014, 2.642334331504643, -1.4609176730572138], [-0.4860781368619076, -2.7384918624976824, 1.1931779905851978], [2.585946399524898, -0.8908797069388078, -1.2926678874062807], [-2.0741280026459044, 1.5743101567492355, 1.3635375620682972], [-1.9017981642848487, -1.6852492686755594, -1.2085094426614003]]",[-64251.41796875],"[[1.592157538920635, -0.4820430277526304, 0.6484284610292087], [-0.7818003972918992, 0.36155422804757653, -0.7562713857071659], [0.27425077798646347, 0.2895211337235098, 0.14619223502441925], [0.8156603019331582, 0.09921892569943808, -0.4482342366703999], [-0.5990437127196848, -0.004550327513979058, -0.10372941446218813], [-0.4056216235554025, -0.37961186683650794, -0.19998570777746064], [-0.3128036683934821, -0.22274240013895802, 0.7386963432476925], [-0.8170353286619496, -0.006520197799050048, 0.21977097457713268], [0.8760041263997509, -0.2657711208190033, 0.931476736131175], [-0.42626887887619386, 1.5812766243427645, -0.9309779418428699], [-0.22743302048850525, -0.9575420801310652, -0.2509901491275032]]","tensor(-3, dtype=torch.int32)"
"['Bi', 'Bi', 'Bi', 'Bi', 'Bi', 'Bi', 'Bi', 'Bi', 'Bi', 'Bi', 'Bi']","[[-0.04657714172453781, 0.24218677324761925, 2.5042639475464084], [0.025335344066766127, 0.050977527840328454, -2.5094370948092966], [2.0618893248757493, 3.3602785431985076, -0.07916958404730769], [1.9048858978518277, -3.3149921001631055, 0.04091302256987479], [-3.8866322435384886, 0.028305280598222588, -0.07542717247848929], [2.4647461396733696, 0.7713491343599114, 1.2726868994033396], [-0.6092123356768203, 2.6726462298581812, -1.1821042791337182], [-0.7939385352737057, -2.71281059728902, 1.2260672461091588], [2.4802984756865665, -0.935627996362731, -1.2578563768833377], [-2.0155962989051317, 1.9398826529464395, 1.1305149375477348], [-1.8733389127579896, -1.7910730614592976, -1.2249109914737604]]",[-64251.55859375],"[[-0.6219234581463279, -1.0244921007026626, 0.4615692705688227], [-0.18465709081065665, 0.18696568561204369, -0.3991560668708631], [-0.07279830646883657, 0.18146748131426652, -0.026137288648216767], [-0.4570770880706743, -1.309693418778993, 0.6983222880453531], [-0.3544758228756124, -0.010787634903748285, -0.03154701095301593], [0.7672777701884863, 0.07676927464675196, -0.3721564863111867], [0.6868793300065369, 0.49209599523400616, -1.0827990961218572], [0.9193760895410782, 0.41709327512131916, 0.7970994979781376], [0.6780840954630635, 1.0587613251928811, -0.24078774904800235], [-0.7142363969468624, -0.0021135009286034597, 0.9121204324194452], [-0.6685432405917114, -0.07437084545137843, -0.7110564548036888]]","tensor(-3, dtype=torch.int32)"
"['Bi', 'Bi', 'Bi', 'Bi', 'Bi', 'Bi', 'Bi', 'Bi', 'Bi', 'Bi', 'Bi']","[[0.08570517364048225, -0.004003898100777318, 2.6993613162009438], [0.01855010749520566, -0.058403509001177904, -2.6262118721353978], [2.0108565840581103, 3.5779987417719865, 0.07274695199518197], [2.201679573668535, -3.2666125184079986, 0.16521492178518837], [-4.121425374338242, 0.045475127199700344, 0.030637089906055976], [2.6660815375568414, 0.8425222070818552, 1.2844366082686136], [-0.5548254869435669, 2.459668912779577, -1.3230237261830284], [-0.561349309545124, -2.742396827286122, 1.210138173182731], [2.552312865838926, -0.9799192146497776, -1.134819736253773], [-2.076208383046251, 1.714008023512805, 1.2694899931146568], [-1.9025775975519919, -1.890615258104586, -1.3741823836714677]]",[-64251.359375],"[[-0.27249687328692657, -0.2884248147310703, -0.6102002497084125], [0.45213367671893046, -0.326335288948007, -0.13602377352535971], [-0.4665461577021837, -0.7398497407617833, -0.11920155048658584], [-0.6174409944234879, -2.3098644128280856, 1.2365069269408353], [0.6618779090813921, -0.6696760692691712, -0.3653853281364002], [-0.36942777302160873, 0.31397917740695147, -0.19980238802098566], [0.08370611480060226, 0.8262455394844561, 0.8453545029356964], [0.12170873740564649, 0.5120197931483889, 0.11063113332749078], [0.5781030943664419, 2.3659119215433497, -1.3019903894606328], [0.5385358517809589, 0.16595328201895812, -0.1485560571521609], [-0.7321251141649606, 0.14385859766443382, 0.7035904813275026]]","tensor(-3, dtype=torch.int32)"
"['Bi', 'Bi', 'Bi', 'Bi', 'Bi', 'Bi', 'Bi', 'Bi', 'Bi', 'Bi', 'Bi']","[[0.0046727413917466475, -0.02353129075671075, 2.5870764647314854], [0.06750988961778942, 0.06726973801242313, -2.6221922812729117], [2.034552446425371, 3.4975684974870442, 0.09958530824356089], [1.9634441953316388, -3.4061798998922574, 0.09934230286498093], [-3.899696495512319, 0.17131389237922603, -0.23290471002892643], [2.625722611244188, 0.8857175621369461, 1.0651971375378277], [-0.5399674380404612, 2.630669580359063, -1.1939130280055832], [-0.6703099400265001, -2.645900821863208, 1.2942588961576698], [2.5959527824948054, -0.7815374901411883, -1.0796358311810397], [-2.0033525238967136, 1.781581491624695, 1.1593894275232892], [-2.0571846330001753, -1.8556828019670732, -1.2404949518251414]]",[-64251.671875],"[[0.07862298962604143, 0.13873957986995164, -0.276664428120944], [-0.16189088536221735, -0.4183477684674522, 0.4031510491655453], [-0.31323031748730346, 0.418063250034752, -0.36084018088392666], [-0.11531450316212552, -0.018345797905715305, 0.06294886762592594], [-0.5970644764148538, -0.31669308113415506, -0.1994162081132361], [-0.052159947169888206, 0.5217480815435421, 2.28875358735172], [0.3179186238427297, 0.30394245930651437, -0.5181603622141563], [0.16888490688190222, 0.09045007068894412, -0.027894093553718646], [-0.0770907655632966, -1.1866187563547643, -1.9530377776139007], [0.26483472453137086, 0.22558460198464828, 0.933522821155057], [0.4694965516285537, 0.24310405716312602, -0.354387685410648]]","tensor(-3, dtype=torch.int32)"
"['Bi', 'Bi', 'Bi', 'Bi', 'Bi', 'Bi', 'Bi', 'Bi', 'Bi', 'Bi', 'Bi']","[[0.08174418633335533, 0.053498955914566985, 2.500595581220301], [0.10414678737084522, 0.06174503693010339, -2.529600653190321], [1.8820268821162105, 3.3605881273661105, 0.001866781408630653], [2.0323641884199555, -3.4260255849843646, 0.07628237835000022], [-3.844945006889737, 0.14489157729303623, -0.08626162384373122], [2.578213496292249, 0.8299404470817813, 1.1363282113728517], [-0.5418806335788886, 2.7438204698261086, -1.1396894389358807], [-0.46521320990361664, -2.57983769198218, 1.1566902966864014], [2.560534182678239, -0.8834030817872104, -1.3063976350865114], [-1.9834441347802385, 1.8530011736645617, 1.3208200668183576], [-1.9494728178949359, -1.7547861123583917, -1.2686150176493625]]",[-64251.81640625],"[[-0.13829935534395377, -0.1730475251951282, 0.2666223621229828], [-0.6081680486492563, 0.2522463394026583, -0.25299108555498007], [1.3778755126647955, 1.0632612724268575, 0.35619578899470794], [0.4503348805334461, -0.22799151582513213, -0.22372893296587887], [-0.4847352827792797, -0.2608445759132969, -0.06043155055482447], [0.49291730888068735, -0.3146080695869485, 0.30582774745003266], [-1.1923538622284406, -0.5141922736733694, -0.7211752939843759], [-0.6387179132556497, -0.10326543292988127, 0.5014475653862601], [0.6049896491688301, 0.0006626734088381013, 0.028743226551943484], [0.1321818747973047, 0.25923886968168736, 0.03741956293527059], [-0.010430991845401033, 0.015713249069597056, -0.2282533056933549]]","tensor(-3, dtype=torch.int32)"
"['Bi', 'Bi', 'Bi', 'Bi', 'Bi', 'Bi', 'Bi', 'Bi', 'Bi', 'Bi', 'Bi']","[[0.18480509142061152, 0.14303072004521197, 2.581531153847062], [-0.11108145587344143, -0.06256938434875658, -2.607160514868478], [1.9352734036388144, 3.6004281982680446, -0.007366987979419557], [1.9505795322500987, -3.4889361236873615, -0.11387450777701649], [-4.1026596292796285, -0.08032173768357517, -0.05042310836338353], [2.569098845139073, 0.9618469059704199, 1.3974957607837246], [-0.40437863104596194, 2.5422549322172325, -1.2320000562104072], [-0.4279757139397769, -2.445973761716076, 1.1858194632401484], [2.533617606217322, -0.7484526437455615, -1.2598778571273495], [-1.9800959301105698, 1.971341054597145, 1.3956315653441729], [-2.116576244170705, -1.8631102156017183, -1.2024217988532235]]",[-64251.45703125],"[[-1.4491964110205093, -0.20911929968351617, 0.5638015822568136], [0.3892882703412591, -0.18123561910334207, 0.13206154710301257], [0.6342488192766199, -0.27486563193545965, 0.4163702805137348], [0.25771286769202345, 0.38429600800251634, -0.17488607065740222], [0.476828056335264, 0.7495057811182698, 0.5796555273111768], [1.2279549188905252, 0.38537648899074983, -1.2708553414520836], [-1.21816106732861, 0.33849054579935944, 0.1256645360665464], [-0.4579692099374583, -0.42845730024956347, 0.3317732779765465], [0.0017406516838745362, -0.02497939684332196, 0.26441383471180624], [-0.13559784434082048, -0.7476936666110668, -0.9207490593862063], [0.2561094754545349, 0.002422115753417011, -0.05043379497317588]]","tensor(-3, dtype=torch.int32)"
"['Bi', 'Bi', 'Bi', 'Bi', 'Bi', 'Bi', 'Bi', 'Bi', 'Bi', 'Bi', 'Bi']","[[-0.0539884471872523, 0.12009969958002349, 2.3836947373762705], [-0.044946994062640556, -0.1246210768097284, -2.500553356176491], [1.9655037720218373, 3.444134569258523, 0.21829664156922696], [1.9112303611454486, -3.463077599979024, 0.11003752010541026], [-4.091332081255074, -0.14285050360306836, -0.19954416748979276], [2.796195372400282, 0.917590306378939, 1.2521809240159385], [-0.5282336887378366, 2.7260385888383407, -1.398963308150155], [-0.6935334656071079, -2.658713785719975, 0.9878632302529867], [2.541201887017555, -0.6961080313500855, -1.3430034764861738], [-2.1063245315909462, 1.8815059165628425, 1.2715233584044718], [-2.0719631106555907, -1.9883834539690093, -1.0859286561799255]]",[-64250.828125],"[[0.36622114281290635, -0.48535137085847374, 0.10251148222316701], [-0.36331708019104797, 0.5069475694572424, -0.14861354705054491], [-0.4174709189618669, 0.5592815804071217, -0.5585652706714423], [0.599251972190575, 0.44415574489899523, -0.5578227356690585], [0.16640013999476952, 0.6946389236256326, 0.5300656048562574], [-0.6509517430629331, -0.7445939429307546, -0.03582687677724853], [0.1071082058334931, -0.41190504319157323, 0.7098999719641033], [1.8143194864898626, -0.6581909451152612, 3.983997507479362], [0.3333975990053072, -0.6649956304937564, 0.6714408754521226], [-0.13999160495568883, -0.22390273963541193, -1.0442304705548155], [-1.8117689507476016, 0.9751541464964746, -3.661929120846301]]","tensor(-3, dtype=torch.int32)"
"['Bi', 'Bi', 'Bi', 'Bi', 'Bi', 'Bi', 'Bi', 'Bi', 'Bi', 'Bi', 'Bi']","[[0.007543505330891376, -0.1797836987724016, 2.5745926051838333], [0.11307339803738525, -0.16220625583638357, -2.584596984320778], [2.0198970889421655, 3.3532285899412915, -0.13678812183449796], [2.0506365734081724, -3.418467180463027, -0.022919401616068563], [-4.025374394399977, -0.0312137959913899, -0.09893322099052305], [2.534063283231918, 0.8655007234828307, 1.2696943131223142], [-0.5109176465581331, 2.6676694272989394, -1.160332388498356], [-0.6682662444813303, -2.551426943227317, 1.2611065721170258], [2.6394608605386476, -0.6056541068401551, -1.097329053602098], [-1.9129758179035596, 1.7809848017558987, 1.2592445045167082], [-1.7840586254012623, -1.827342229486198, -1.2493097872183074]]",[-64251.41015625],"[[0.20661442675857658, 1.3714940310999857, 0.6081618779982669], [0.18612760836350806, 1.1180864780253168, -0.14518934997237667], [0.6704890525370168, 0.5888256289022527, 0.24564826798812273], [-0.3988541677712096, 0.47304601292180554, 0.13127036680199597], [0.8372025587578616, 0.11773787207191426, 0.07870140831569762], [0.1586646633366238, 0.2811464290449599, 1.2943300404782825], [-0.6274374490262195, -0.5388387279003523, -0.8449061022971376], [0.6063765029786844, -1.5619835698036755, -0.06835569486696928], [0.23428537414589315, -1.2298919890802622, -0.9539589887899214], [-0.542665559955575, -0.4055956039770642, 0.025189481798463215], [-1.3258214435814661, -0.2118516125195046, -0.37160061350123025]]","tensor(-3, dtype=torch.int32)"
"['Bi', 'Bi', 'Bi', 'Bi', 'Bi', 'Bi', 'Bi', 'Bi', 'Bi', 'Bi', 'Bi']","[[-0.03446663251076124, -0.03031947326646804, 2.5853633645933414], [-0.04767162794505675, 0.037317038401437, -2.610806295404403], [1.989568554824777, 3.4463649470328583, -0.16445878179015652], [2.138525908670818, -3.307584208244479, 0.03267257878799019], [-4.098975583601805, 0.07057357718952911, 0.03740220179338709], [2.5218910977507423, 0.7707408865734843, 1.428500579244308], [-0.4335724685759774, 2.5870506309075494, -1.3525139736354903], [-0.5009129624563096, -2.6160972941501237, 1.280328168184047], [2.5265424127763123, -0.705707483823621, -1.2783827037918563], [-2.093112235364975, 1.8084958965390923, 1.283901330927119], [-2.154727251799555, -1.7319733279210605, -1.235189891941319]]",[-64251.7421875],"[[-0.3962990554627984, 0.3907069544258001, 0.29651104147586843], [-0.04632003793136717, -0.8344334791263952, -0.1574233854680264], [0.7098490640934413, -0.30036106489439274, 0.7002722137579848], [-0.3205977662360266, -0.1387369059211896, 0.11001231987744306], [0.07798607559975833, -0.020530023236412176, 0.04153708921639195], [0.2853729135959256, 0.49700073717288346, -1.0334205184633227], [-1.1622241161102382, 0.5781046370291892, 0.541257108867258], [-0.1822594329466568, -0.3835899826851526, -0.6777555082978811], [0.24156314276690458, 0.213994628186011, 0.41142805187009723], [0.3896372206547064, 0.18168828777550175, -0.4457863908450201], [0.3900654638333666, -0.19248733838358034, 0.22950193692104798]]","tensor(-3, dtype=torch.int32)"
"['Bi', 'Bi', 'Bi', 'Bi', 'Bi', 'Bi', 'Bi', 'Bi', 'Bi', 'Bi', 'Bi']","[[-0.052660230890203934, 0.05073174671235045, 2.5443316766659976], [-0.047154350799673346, 0.12688895705996686, -2.7246268487364085], [1.9716225455936958, 3.6412393794722835, -0.05544139714097679], [1.947323450574527, -3.541839470047634, 0.1005660636777568], [-4.156603742760363, -0.1439904671694913, -0.10804129332069988], [2.609220970943078, 0.9072934996781538, 1.2137255282392585], [-0.6531075189174391, 2.774709158702208, -1.3515892128928821], [-0.4184061914321279, -2.6001404255909693, 1.1420863366824021], [2.844613850866952, -0.8904904885756897, -1.283255858866803], [-2.0058702293726243, 1.8577478737620758, 1.2372119618225013], [-2.192534626474038, -1.7655000628327653, -1.1474577374302537]]",[-64251.27734375],"[[0.37112367360184584, 0.10630427285376519, -0.22688280410862238], [0.34351690098481835, -0.393277699050051, 0.7585344719575066], [-0.28888699649017185, -0.6943648438775227, 0.05617899500342886], [1.3609494170010343, 0.2089739808527172, -0.8357180029740094], [-0.22684516313758737, 1.27698022677992, 0.8478998964687994], [-0.22205869200933911, 0.1734364304737314, -0.4185320652436671], [0.27225529230069384, -0.30263063032827214, 0.2907361349033109], [-1.3631343416721768, 0.24820528291392227, 0.6768473941606166], [-1.0996984522979978, 0.09799811382328862, 0.29216212092485594], [-0.49022567091913694, -0.20461508441593865, -0.4503019189727448], [1.3396560430995674, -0.5264897126079345, -0.9963143371807548]]","tensor(-3, dtype=torch.int32)"
"['Bi', 'Bi', 'Bi', 'Bi', 'Bi', 'Bi', 'Bi', 'Bi', 'Bi', 'Bi', 'Bi']","[[-0.05276112644640854, -0.03306933169632437, 2.5194899722197874], [0.026486222655047704, 0.06263160231087357, -2.5163785839785997], [1.824918643951098, 3.5084265361512936, -0.010634867494852663], [1.9591512387337513, -3.464240866831708, 0.19326626193934696], [-3.838787157474287, -0.11982522383025469, 0.12689095412593762], [2.6656412574885255, 0.7482211068319078, 1.3235197232975933], [-0.6002139005827366, 2.745395104806121, -1.0974853841272127], [-0.3824203701725055, -2.5931587843646113, 1.0958066336136165], [2.4852246610663706, -0.8482408065080271, -1.2893680917488053], [-2.0556761480212606, 1.7251736018591282, 1.224449441876387], [-2.034666221238805, -1.8594722720117143, -1.1601321762386694]]",[-64251.21875],"[[0.5920693344389827, 0.3062747082700272, 0.2649532010303662], [-0.6834001112903804, -0.005438765502122331, -0.05912892613097468], [1.385060207300051, -0.22799305848787946, 0.8417899235475207], [2.3327199898716873, -0.475215459543383, -1.1041639467306172], [-1.4464926374453464, -0.256369157017003, -0.10153600514593546], [-0.583001048589231, 0.4471458366800634, -0.5174029148052148], [-0.793555487426593, -0.44302060222741446, -0.9665712851912177], [-2.2889546477297893, 0.001550336980282211, 1.4470711359755972], [0.6738561710935337, -0.06342930422753768, 0.4910372143684184], [0.3721959270554269, 0.8170610397077384, 0.8185718207582954], [0.43455297782938357, -0.1290342771497337, -1.0995035625709177]]","tensor(-3, dtype=torch.int32)"
"['Bi', 'Bi', 'Bi', 'Bi', 'Bi', 'Bi', 'Bi', 'Bi', 'Bi', 'Bi', 'Bi']","[[0.08437264496483335, -0.013767823330896748, 2.434490105491713], [0.17816170932983827, 0.01701589988661686, -2.5834990545317096], [1.8426926296248187, 3.2909798852067955, 0.06611062483267757], [1.948569654149124, -3.704886972431027, -0.03310177475829566], [-3.941159690104405, 0.034776755673976555, -0.0021079082323604554], [2.780295217068159, 0.6582511378279583, 1.268391475265222], [-0.48256655992188724, 2.748295753579498, -1.42914103302868], [-0.7002792388401752, -2.832496523685138, 1.2460896671431616], [2.549483016786749, -0.9793639818170962, -1.342929049783459], [-2.0759944134889015, 1.7917291120794885, 1.0986619835781302], [-1.994256741176491, -1.6559276040170592, -1.3243927621912976]]",[-64251.57421875],"[[-0.2858057333407362, -0.28212658553252506, -0.1105373394324528], [-0.8481760331005724, 0.22784012918752697, -0.32272113866355023], [1.0849259138295164, 0.20271118147526918, 0.5507707100300737], [-0.41582361225817077, 0.6309392934626703, -0.003700425241264218], [-0.9607045387631021, -0.5329385571127111, -0.2876933354783755], [-0.5617971491271094, 0.09076194567436371, -0.5459365192008412], [-0.6656384066384795, -0.5045477004433049, 0.13688061983732122], [0.4801514661139396, 0.6326850734717379, -0.5426028250038499], [0.7938809892662807, -0.495094520238093, 0.8342951537000509], [1.1742208900753477, 0.7198774003929512, 0.20652608360524582], [0.20684855154153048, -0.6882307025732025, 0.08712876921602315]]","tensor(-3, dtype=torch.int32)"
"['Bi', 'Bi', 'Bi', 'Bi', 'Bi', 'Bi', 'Bi', 'Bi', 'Bi', 'Bi', 'Bi']","[[0.14208159119413194, -0.057967918051298445, 2.5330425151771396], [0.09797349783397286, 0.034755340345955364, -2.5507888256391618], [2.176392407337574, 3.3070573541865556, 0.011317308483676874], [2.010510481884893, -3.3997333565514385, -0.1539919576506869], [-3.9521414174344125, -0.10723639317306562, 0.032767696056699935], [2.7640186597744805, 0.894429644579505, 1.2232296031650525], [-0.6300057858722014, 2.679324502422981, -1.2905873939623451], [-0.6426212935193995, -2.895265234164919, 1.261533752472976], [2.5714388992089763, -0.7087495347867586, -1.2275128215460056], [-2.0463905848831496, 1.8401576475741435, 1.2504395223063314], [-1.9764286739312522, -1.9655170079068143, -1.0825075152461223]]",[-64251.56640625],"[[-0.4303220709785422, -0.03944517168228646, -0.24120951304312377], [-0.8440478675887034, -0.15528443214675464, 0.19452966959477733], [-0.8845041981375673, 1.2498905547157992, -0.7965909334924328], [-0.24181783638648957, -0.17853955884191602, 0.11757188156030102], [-0.056052496658147384, 0.18515603936523642, 0.09937334624044632], [-0.14140535251943834, -1.095523492682793, 0.8666406777443423], [0.6290593017945845, -0.07688512861907681, 0.3430515310560389], [1.0073320345222223, 0.5646778146972999, 0.5230202640891778], [0.4942602996464257, -0.4392544482402536, -0.17410260367012229], [0.48683001310179447, -0.4761554553774258, 0.04701040522184543], [-0.04267525036474834, 0.4553654523304145, -0.9915104853855533]]","tensor(-3, dtype=torch.int32)"
"['Bi', 'Bi', 'Bi', 'Bi', 'Bi', 'Bi', 'Bi', 'Bi', 'Bi', 'Bi', 'Bi']","[[0.03605247248020505, 0.1721643662798526, 2.585915955690424], [0.03610422122425493, 0.03544704243984246, -2.476626777507812], [1.9596928968084928, 3.4109642244982883, -0.011338111002509806], [2.0085326685291625, -3.303570287938737, 0.014380170760694817], [-3.942257790722199, 0.08636610668948048, 0.1749742283533199], [2.5226491512009677, 0.7410998592630048, 1.1973306969875874], [-0.3913911984002235, 2.7172054634213483, -1.402322469538779], [-0.47656561128827274, -2.617420301816611, 1.248733281772361], [2.544413830936861, -0.8573569706754743, -1.0459294978027254], [-1.7376669360828627, 1.8722141161521568, 1.233523504894773], [-1.9939248747660434, -1.9171163930064672, -1.2818835693343975]]",[-64251.26953125],"[[0.13345565142777932, -1.246929670682747, 0.5131901599527005], [-0.07378375943183427, -0.5826678334358065, -0.4239136956598373], [0.9256120465867226, 0.21573212923833454, 0.39386545355678565], [0.138199082265377, -1.899580399651412, 0.5521359665614654], [0.5600925067913042, -0.2845948459282613, -0.18163336898169663], [0.741029363542579, 1.3245163508972204, 1.2615613126203051], [-1.0005869987699574, -0.042550901462894815, 0.10107953123899899], [-0.738233544423492, 0.22721349957955944, 0.2885792866941701], [0.5670853970249743, 0.781717607724459, -2.2703974433211793], [-1.1475996732655012, 0.7604396604504654, -0.864949919373263], [-0.1134278780442262, 0.7500565117190684, 0.6198228657053733]]","tensor(-3, dtype=torch.int32)"
"['Bi', 'Bi', 'Bi', 'Bi', 'Bi', 'Bi', 'Bi', 'Bi', 'Bi', 'Bi', 'Bi']","[[0.09340409723797032, 0.11063889847166786, 2.6144587348359263], [-0.004788474794809055, -0.022360557846111812, -2.4370060539559493], [1.976742258961263, 3.406454183317246, 0.0712036039678578], [1.8845573253485068, -3.515532556069363, 0.11060686607246611], [-3.9940853367958082, -0.20045323603874365, 0.061975330028182896], [2.603212416452247, 0.7851153310198613, 1.2370791457929173], [-0.5296845056152355, 2.5193343608192946, -1.3631508620275001], [-0.5946423687322621, -2.69349774021022, 1.1392781198864455], [2.6515343433694856, -0.7676746057250654, -1.1389752123165229], [-2.0273216087983434, 1.7519363785940634, 1.3668700880924483], [-1.8859392289553316, -1.6641624972403115, -1.3097898183771932]]",[-64251.3515625],"[[-0.49427942866449265, -0.7856894500779311, -0.029264600280660337], [1.707223724802531, 0.21596358007252642, -1.3495918196342374], [-0.2481544778874434, 0.0778592172998358, -0.3068257988254669], [1.0353971836635747, 0.2402950225665035, -0.5551806686037891], [0.12268920242576113, 0.522465419721053, 0.31374171018804503], [0.3806606203942379, 0.4394850763209802, 0.6732879569815986], [-0.33423053404468506, 1.1788267668179746, 1.2541477896775284], [-0.5427000127569321, 0.6143356143131021, 0.8179100184396885], [-0.18035229041421796, -1.025405357049085, -0.563740389967836], [-0.09319307931998072, 0.08187785375664382, -0.8106821292475077], [-1.3695487333755962, -1.5448157903094986, 0.5450674858531758]]","tensor(-3, dtype=torch.int32)"
"['Bi', 'Bi', 'Bi', 'Bi', 'Bi', 'Bi', 'Bi', 'Bi', 'Bi', 'Bi', 'Bi']","[[-0.09663622571454156, -0.11244307835339709, 2.429642485243686], [-0.12882145571199133, 0.21830847017327432, -2.5528727402700695], [2.0162260939264214, 3.4386735716012504, 0.01646278729945398], [1.9530334668720621, -3.475145306633878, -0.041003560927410754], [-4.008979330561824, 0.06928001535416015, -0.007093452665234943], [2.7952222611863067, 0.9492694215575382, 1.1479485981939472], [-0.5289139141495591, 2.666114856479547, -1.196355042200588], [-0.3333896545537476, -2.625493983176947, 1.3061394698138442], [2.560110957045056, -1.0289327733639273, -1.2719537745383784], [-2.0518876179878536, 1.6948621625822193, 1.1643503962862893], [-2.027247446803515, -1.6052532442828373, -1.1850744081103948]]",[-64251.14453125],"[[1.1216248321467879, 1.497847880304133, 0.8176719341556832], [0.7003529464417619, -1.1713217125521893, -0.3215606449008216], [0.11094506519657348, 0.522465419721053, -0.09902002504921499], [0.771448101815449, -1.0209758580805701, -0.2555306683917347], [-0.9710876874944993, -0.2934429938039683, -0.2071612492804153], [-0.6011494473697973, -1.011094074742057, -0.0014063443252250339], [-0.3372774986590382, 1.0079552702721457, 0.1635211713536011], [-1.6771366590203383, -0.9743627605070916, -0.3440705112227454], [0.1297377313625185, 1.3545298830884571, -0.25782167683780216], [0.3881176464264897, 1.039273895147628, 0.7813432548977723], [0.34402587684725583, -0.9609025138156768, -0.25776701515445494]]","tensor(-3, dtype=torch.int32)"
"['Bi', 'Bi', 'Bi', 'Bi', 'Bi', 'Bi', 'Bi', 'Bi', 'Bi', 'Bi', 'Bi']","[[0.008766661039960755, -0.16731818853777813, 2.5854248438389105], [0.058058457308090186, -0.09829195891041892, -2.588381972288522], [1.9507108433172995, 3.4429557037493983, 0.02493341642705352], [1.9949799537113015, -3.3849582098192084, -0.057008961352282894], [-3.8988258209672497, -0.07924287169764682, 0.04915629439814251], [2.6134657934819683, 0.844092154696546, 1.301694547909512], [-0.6578448857756519, 2.8972366225966253, -1.1164504039163263], [-0.5481514352250073, -2.701834034783978, 1.2872442658915417], [2.526700697943615, -0.878384734656554, -1.0883342347875593], [-1.9739312800340163, 1.6798335797782313, 1.3740830285248933], [-1.9356732283126024, -1.9219511581193365, -1.3661157618417612]]",[-64251.6640625],"[[0.4004759176953914, 0.4378053736995902, 0.2584033635377307], [-0.30598715593392395, 0.7966423555840105, 0.24789299655177008], [0.22615219903148448, 0.08306678393601502, 0.13517536043641695], [-0.18236911626799232, -1.3318367998542415, 0.574123538699233], [-0.009610845480198624, -0.2537091950638646, -0.22137194997631707], [-0.242256775360198, 0.16580863167534965, 0.21644442805087075], [0.023055701539604203, -1.0742218912466739, -0.031925189583315985], [-0.3012770980337603, -0.40815339023423736, -0.57575001945584], [0.5672581752526759, 1.079191322176756, -0.8670145163501132], [-0.0744064295387503, 0.3748438562391361, -0.34836831821472947], [-0.12483160102716859, 0.1313169552169655, 0.6043180766528236]]","tensor(-3, dtype=torch.int32)"
"['Bi', 'Bi', 'Bi', 'Bi', 'Bi', 'Bi', 'Bi', 'Bi', 'Bi', 'Bi', 'Bi']","[[0.031168912998295842, 0.016171432091287498, 2.4237327089661753], [-0.09307568477712252, -0.032782298318762025, -2.56378477702407], [2.0773944119946552, 3.3846331860550802, -0.19687508431784054], [1.9987631832798494, -3.2861295075820958, -0.050090306427582415], [-3.827206062062807, 0.11548588853989383, 0.014419851939301563], [2.5606164266825884, 0.8960232220509703, 1.2149932598218969], [-0.571670501148247, 2.5552728498483366, -1.3910132181144617], [-0.5004300556646522, -2.520152882102652, 1.3067378931923912], [2.6320608833703885, -0.9936045753665343, -1.2005942957391496], [-1.9336083879662742, 1.813063763759171, 1.1398432372328482], [-2.017988754549481, -1.886870863253682, -1.1831122345583143]]",[-64251.4296875],"[[0.13910215703766698, 0.7678768375553681, 0.8645555119308609], [0.5620203210045573, -0.7166856311687148, -0.22051505224226398], [-0.24074712559565584, 0.2073417408218535, -0.17150949043603508], [-0.46407013257061924, -2.59817985277037, 1.0842476564416048], [-1.0343949670987227, -0.723854899176497, -0.4224132504496875], [0.5028220778941357, -0.20888805453769063, -0.3404624287450948], [0.13251956367269638, 0.7017398002516162, 0.22522840115628862], [-0.38888059599923, -1.088899298845736, -0.25991363036737175], [0.32524946006224936, 2.6369335978670914, -1.1242920960369303], [0.4372387022504024, 0.964697978395037, 0.47429397566230813], [0.021236053695985045, 0.060538611349489534, -0.1040948712670318]]","tensor(-3, dtype=torch.int32)"
"['Bi', 'Bi', 'Bi', 'Bi', 'Bi', 'Bi', 'Bi', 'Bi', 'Bi', 'Bi', 'Bi']","[[-0.060924442419656256, 0.011545906971402418, 2.5543234238171157], [-0.1129012846547613, 0.0872250214360556, -2.566453717148176], [1.8183214658800815, 3.614326807153042, 0.07671318834981712], [1.799163370296789, -3.5166396524797223, -0.03422969485754399], [-3.8767116520761764, -0.10094473476521704, 0.005121568287265399], [2.466172750887551, 0.7426642887492297, 1.0421542194303697], [-0.46039315416674204, 2.6390135776912937, -1.5585516529063934], [-0.48289105620571743, -2.649190719044953, 1.1895046249665373], [2.4968396254923935, -0.920097457004333, -1.0809845794967288], [-2.061850418589983, 2.1068893257021895, 1.3101011711572443], [-2.1444987619126676, -1.7923722134423292, -1.2955052801816156]]",[-64250.76953125],"[[-0.2844916417904646, 0.4481656910223266, -0.2831234027777615], [0.6184067013033197, -1.4956403299126966, -0.5214107526227915], [0.2336599272460319, -0.7122731014904206, 0.021455528325048417], [1.4236679136566917, -0.7181732722780616, -0.44740711232737035], [-0.8963235658867333, 1.3554400541093847, 0.9580403601984544], [0.11798181847435953, 1.9035985218873046, 1.9491584950252687], [-0.804442058434537, 1.2910688514304158, 1.3425968725169042], [-1.8859921119519685, 0.4297857899854769, 0.566227676537456], [0.05219141748993385, -0.7788132879921427, -2.4293179315634026], [0.3754867866501338, -1.070330781576979, -0.9479616302491981], [1.0356116137854543, -0.6557530237535559, -0.22676453329799334]]","tensor(-3, dtype=torch.int32)"
"['Bi', 'Bi', 'Bi', 'Bi', 'Bi', 'Bi', 'Bi', 'Bi', 'Bi', 'Bi', 'Bi']","[[0.08811212518548837, 0.03337355198883945, 2.4623721618073007], [0.059226616864101383, 0.023265328271241295, -2.596431212454101], [1.9531935733017158, 3.3526614627628804, -0.06792914749006464], [1.9799681610882303, -3.378857008020423, 0.12547407349076387], [-3.8353816191381824, 0.05700607503747255, 0.021478198748065024], [2.5303690346591186, 0.7666635416672714, 1.2435270012456463], [-0.6015075949136222, 2.8530947202948727, -1.1270154999383304], [-0.5576856659526924, -2.8214282080772035, 1.3272203526711017], [2.75332096109883, -0.8360319452813723, -1.351558222708331], [-1.9914310154045345, 1.825182135416728, 1.2966784759301424], [-1.968239137963878, -1.6036758448296646, -1.0770537357842165]]",[-64251.46875],"[[-0.8267438195518454, -0.5716151690720661, 0.6315208773184156], [0.09417467562611007, 0.34808683368543236, 0.48374067668398113], [0.866154224758016, 0.47914343885273925, 0.34636280522110224], [0.5650660514887127, -0.09143012433232613, -0.3843109718311655], [-1.6587116093870833, 0.6190633614127686, 0.38603253203509996], [0.9397099272137025, 0.110298329550799, -0.5803841783488348], [-0.4729705252913693, -0.7126258570386446, -0.6135236594870881], [-0.1461048174687369, 0.7709318240160075, -0.005767599493344287], [-0.695492016124909, -0.059252801949585696, 0.3162664834624253], [0.28513837743623904, 0.5801949450518283, 0.2998986774469248], [1.031567780503773, -1.4729410760274917, -0.8838274834124031]]","tensor(-3, dtype=torch.int32)"
"['Bi', 'Bi', 'Bi', 'Bi', 'Bi', 'Bi', 'Bi', 'Bi', 'Bi', 'Bi', 'Bi']","[[-0.029997228646133217, 0.031036850629782543, 2.5692714886061094], [-0.1464142248635916, 0.020041645326813975, -2.5591648095746753], [2.01648000621023, 3.412361635313788, -0.04839875620308732], [2.069792979905042, -3.39173931637585, 0.002889009087180484], [-4.03814698177077, 0.09272315206229437, -0.13768718183995474], [2.677674579448396, 0.9263229256988994, 1.3621158656091343], [-0.45286535260624433, 2.46503735515058, -1.2217661091015226], [-0.7320636437504334, -2.571932775398273, 1.1499194136953539], [2.607013073416793, -0.7637424965024587, -1.2582388191423508], [-2.124949590679065, 1.9549775205946491, 1.2387384901542728], [-2.09568111091109, -1.7585199292661753, -1.377224664711113]]",[-64251.70703125],"[[-0.13196790747424933, 0.12928789090539558, -0.2940346049675713], [1.136986667784751, -0.7578022213734382, -0.6220946937112821], [0.30247775245001124, 0.24777899377474205, 0.15485505768207972], [-0.5992401451095121, 0.19518730672396628, 0.14569179522918374], [0.11238076999342671, 0.18668435534902134, 0.21273252437032453], [-0.36732836328876034, -0.5103019867571397, -0.43685524771350653], [-0.7612197335797012, 1.4030224581091055, 0.3606784069838228], [0.661789977304794, -0.02631355329372728, -0.020494583130896728], [-0.2599942087848742, 0.09520538002969625, 0.35727328750162995], [0.2924237051047124, -0.5527000669060742, -0.11949049121916172], [-0.3951312597630657, -0.40298238470517, 0.2704041484259833]]","tensor(-3, dtype=torch.int32)"
"['Bi', 'Bi', 'Bi', 'Bi', 'Bi', 'Bi', 'Bi', 'Bi', 'Bi', 'Bi', 'Bi']","[[-0.003008616464400376, -0.11561472770120834, 2.586443180418852], [0.09364757230153563, 0.11975324360374454, -2.4302671176351613], [1.9790492640228443, 3.4518237696293044, -0.18495404299453322], [2.0478610297188005, -3.6132132616560573, 0.046777657630936845], [-3.855046990642757, -0.06543994328936738, -0.18098402556080934], [2.5028687009510353, 0.8426670317300912, 1.0937281632956986], [-0.7123780534536159, 2.74005939321474, -1.1750579469228415], [-0.7405416938435996, -2.5959804872013486, 1.156515801918347], [2.464647034935966, -0.7904643175887142, -1.37656402926406], [-2.121767041121551, 1.8859138890252458, 1.2227939444713343], [-1.8762730304377224, -1.8911981135150242, -1.3535957359404913]]",[-64251.49609375],"[[-0.130306871072102, 0.7109638950388487, -0.4226829078979218], [-1.6663961267524754, 0.36178099947143477, -1.091599987095404], [-0.0032102878620763205, 0.0386749715946336, 0.10901493698919934], [-0.6072954157551804, 0.9518013178273154, -0.10200924265472629], [-0.3265565582080664, 0.1257617238196285, 0.10132718003203785], [0.11821671458868709, 0.0027153975389638827, 0.4423412135534881], [0.23128031853617592, 0.043432152699519166, -0.28049264857263934], [0.915037607674656, -0.7114287507467124, 0.5264264634352938], [1.5651439715520494, -1.1753598894037969, 0.9373517100939429], [0.15062955015085402, -0.6216606912583652, 0.5366774573913358], [-0.2381441393199857, 0.274773020748528, -0.748403291474841]]","tensor(-3, dtype=torch.int32)"
"['Bi', 'Bi', 'Bi', 'Bi', 'Bi', 'Bi', 'Bi', 'Bi', 'Bi', 'Bi', 'Bi']","[[-0.02375084525425427, 0.07528827831884438, 2.5669616247679], [0.1558845456828942, 0.06113478621410804, -2.518651053492917], [2.141605063114345, 3.4915191827420067, -0.19335574606109895], [2.0483639414031467, -3.7295294369736984, -0.005747138099137055], [-4.106753668862571, 0.08487570167474096, 0.02998796096699304], [2.6715966980265256, 0.7286217172805673, 1.2589427045439434], [-0.4589239723870417, 2.6297598087290437, -1.2047455148138004], [-0.5391079288994879, -2.815491801005203, 1.3818541941896654], [2.5192332219142104, -0.8841658330690192, -1.1552029041583403], [-2.025601847762256, 1.8836685493795584, 1.1972447320415271], [-2.0076997996798265, -1.832036436538692, -1.3616328663941841]]",[-64251.578125],"[[0.16097901741226756, -0.45265550810426236, -0.20823633094903313], [-0.8733183505566404, -0.3972037757420189, -0.2192193698007772], [0.20181448304233485, -0.7126767649093065, 0.44346308932544176], [-0.49995349651546606, 0.8404694042358019, 0.11884308708619673], [0.7522069835888536, -0.3325102593930401, -0.31586297430981397], [-0.3317258668081117, 0.7326779016494224, 0.20362772883555258], [-0.2115701794122991, 0.4071369297500182, -0.26974466010149756], [0.09408422416702465, 0.6088730455247885, -0.8410314476967475], [0.7695341715669218, -0.8623114518544043, 0.005503490488791355], [-0.10935067182511103, -0.21559262110388389, 0.1620845409590995], [0.03966679061256862, 0.38189773307341757, 0.913589561575824]]","tensor(-3, dtype=torch.int32)"
"['Bi', 'Bi', 'Bi', 'Bi', 'Bi', 'Bi', 'Bi', 'Bi', 'Bi', 'Bi', 'Bi']","[[-0.12664414257925302, 0.043212943612604644, 2.639627129390468], [-0.08431559687564406, 0.10018103051865501, -2.5151997493818095], [2.012096488284536, 3.6375457054766667, 0.11220067587423109], [1.9331957324076885, -3.417709800480601, 0.06808197805358045], [-3.9903710303532165, -0.08815449780443536, 0.028827131500016256], [2.76778894651047, 0.7738897053133961, 1.1798423796621962], [-0.8298876729262447, 2.7079960191973464, -1.2145334430292907], [-0.4761851241666054, -2.576982730771096, 1.2835431135254256], [2.8372385504196824, -0.8588569613333917, -1.3680864891828057], [-2.04302457525925, 1.6737941421582254, 1.218912056226532], [-1.9851278060775492, -1.8105640797103557, -1.3092802508508932]]",[-64251.375],"[[1.2329521177500593, -0.15249339528218434, -0.20665983246543976], [0.6627793383467516, 0.00023116009368606694, -0.1128376552770958], [-0.5858554888927167, -0.9503203615898735, -0.14757908883427354], [0.9327242360728533, 0.11104955488665964, -0.561793549580699], [-0.25499243335918953, -0.28509621132114527, -0.27072193695193436], [-0.8188196752397006, 0.49729204332167193, -0.1468155736185258], [1.125422867830727, 0.15315144378810594, 0.06618038612695201], [-0.8771426115072841, -0.006084416141764504, -0.012558606595479863], [-1.0003262887656579, -0.0029952607297135175, 0.4906661011335011], [-0.4715868596511928, 0.7950873515346968, 0.4971851882153731], [0.05926457760855702, -0.16448353579748037, 0.3944450319509595]]","tensor(-3, dtype=torch.int32)"
"['Bi', 'Bi', 'Bi', 'Bi', 'Bi', 'Bi', 'Bi', 'Bi', 'Bi', 'Bi', 'Bi']","[[-0.03720331258332549, 0.004130610912759244, 2.718434498894758], [0.13839298111786352, -0.2836982475467271, -2.4997057545012575], [1.9639005385404913, 3.424510575784253, 0.012688772785282399], [2.1021885727799745, -3.47522100933895, 0.20820021555944748], [-4.03880909770108, -0.04889932383895726, -0.03776342338530218], [2.4790663724724618, 0.9368949444518727, 1.3911647903979687], [-0.6207204905501771, 2.689008285914333, -1.080923301088031], [-0.5286361036971291, -2.6484563943681083, 1.213017134338777], [2.611486950074338, -0.9087050806794512, -1.1621170465931119], [-2.1044059962853154, 1.6902415197759744, 1.3442149508530947], [-2.1082435476254613, -1.8734975543504773, -1.1978321804178125]]",[-64251.81640625],"[[-0.06958298592665754, -0.28074374264581387, -0.3086174987623135], [-0.7789814382316023, 0.8673893833977157, -0.028079321069791177], [0.0150437951437635, 0.33205476250584354, -0.044183002654111285], [-0.06694991772741435, 0.0013489341310829568, -0.005381162475136836], [-0.13869988201525354, 0.12828541723008563, 0.12124408738614914], [0.2870589925566713, -0.5310986746760562, -0.10729322251899018], [-0.05902860163030632, -0.7061034789429116, -0.31477565418340064], [-0.09249271043269057, -0.099480818411844, 0.451815939615071], [0.4289198933853977, 0.21142717457562113, 0.5456207875585533], [0.06022786765008466, 0.30054078510445725, -0.09871036121373325], [0.4047367007814395, -0.23238959589569302, -0.21078758660057598]]","tensor(-3, dtype=torch.int32)"
"['Bi', 'Bi', 'Bi', 'Bi', 'Bi', 'Bi', 'Bi', 'Bi', 'Bi', 'Bi', 'Bi']","[[0.1362939284107638, 0.0562569463728676, 2.747579713029939], [-0.053236975266992836, -0.08817357200306472, -2.4507902668328807], [1.955986704804805, 3.4524634881396605, 0.10923874508301304], [1.837994110746459, -3.540934946112755, 0.06981230513346345], [-3.9744332537364233, 0.01561360239973108, 0.14845447175592877], [2.789678569348495, 0.9568271380342167, 1.1354155605618756], [-0.4740203959885004, 2.8544665963789058, -1.0279472070458355], [-0.473026248796865, -2.5644092655718986, 1.4411673092822064], [2.6255225116623637, -0.8664419995319841, -1.1433187314864357], [-1.9811460049627336, 1.7667934926373072, 1.1441550238355684], [-2.095579580126757, -1.8381680685681128, -1.2359233891701054]]",[-64251.421875],"[[0.23347239087804755, 0.22394377446449104, -0.7220468984366202], [0.26134588988408924, 0.5557067166006304, 0.07746712385155478], [1.1039942538284104, 1.089270566346928, 0.19683271081027395], [0.6394887304084016, 0.21879493185689372, -0.2953321386043549], [-0.37408450621280614, -0.4203278275257483, -0.35685229483788217], [-0.25033914544812785, -0.7608561793922459, 1.094217371556716], [-0.860302390736458, -0.7526558984483281, -1.515684146988822], [-0.7867811410821287, 0.1627042800067956, -0.10596252163313888], [-0.40394084107008926, -0.4621742000541444, -0.39528999975976653], [0.16059504865445584, 0.19073410217123396, 1.3689548082178722], [0.27152993227689687, -0.050187179764177726, 0.6524733227527214]]","tensor(-3, dtype=torch.int32)"
"['Bi', 'Bi', 'Bi', 'Bi', 'Bi', 'Bi', 'Bi', 'Bi', 'Bi', 'Bi', 'Bi']","[[0.0176419956609462, 0.023747655845459986, 2.590847689573327], [0.1371047114599668, -0.17582994172955113, -2.5497501873376085], [2.0106440257634253, 3.4896996235810582, -0.06645312337524675], [1.8350415378695446, -3.3587231579003807, -0.2692112825704449], [-4.084921080264175, -0.011914610120820946, 0.17368605539212773], [2.6727322660319497, 0.8168483601030775, 1.140417019787039], [-0.6115615362542189, 2.687423309146896, -1.0073556805018404], [-0.6350658552183521, -2.661809944491089, 1.4145261407988374], [2.401306435473076, -0.9206480848789006, -1.310527037050896], [-1.9249612372247398, 1.9539576962451024, 1.1179036377919747], [-2.057471578375118, -1.8013780260573056, -1.2773114132432957]]",[-64250.625],"[[0.35757354109435296, 0.1161978832733412, -0.2908289517786089], [-2.535473697416691, 1.3248963601539807, -0.8544598126913842], [0.29238462431511325, -0.24407362069982616, 0.32585135564416795], [-0.602249880129563, -1.892368965528536, 1.1365871181331912], [0.6825989551035977, 0.15334941884068062, -0.24441213232868308], [-0.45676490455270524, 0.14428005312700576, 0.24179803888123214], [1.5497893350069072, 0.5390094492443906, -3.5991813135984443], [0.1123111959035219, 0.22436214460156836, -0.863082269007156], [2.5939375302151984, 1.0712805476084215, 0.2834398543293315], [-1.950663105424836, -1.440254623516039, 3.0402735717970937], [-0.04809230545980651, 0.001928658563996848, 0.8280339998295332]]","tensor(-3, dtype=torch.int32)"
"['Bi', 'Bi', 'Bi', 'Bi', 'Bi', 'Bi', 'Bi', 'Bi', 'Bi', 'Bi', 'Bi']","[[0.1471769719541072, 0.0008646051568118067, 2.4959013499087015], [-0.01702762580724768, -0.1275990363958467, -2.590424639731661], [2.222637182148952, 3.408158909351157, 0.06063718647448129], [1.9268939933644775, -3.406829509855292, 0.09193635039871224], [-3.897619306268835, -0.05579758339689766, -0.023249100122259503], [2.7001317738055786, 0.8037256990844769, 1.3854977348628437], [-0.46323725467638044, 2.656972530842826, -1.1127335536055467], [-0.5805025419641869, -2.745019399889613, 1.2143756737180327], [2.6345202319261514, -0.7205238450845894, -1.1378796792101737], [-1.9446826506673627, 1.747153238147758, 1.1965203788653043], [-2.17666933059688, -1.8717614305009758, -1.241391265562354]]",[-64251.74609375],"[[-0.782982076956358, -0.4470995053755517, 0.3367282592988954], [0.14658947068185804, 0.3382054617236519, 0.5779657973819291], [-0.43951814072586476, -0.07299185922153556, -0.1593044055779437], [0.8446284230026173, -0.09007170693911438, -0.4408776894050913], [-0.9086880078066246, 0.7141335527637067, 0.4034031202584598], [0.3693447263437105, 0.11853347467280659, -0.1173512807874321], [0.5370101583238444, -0.07180904827106213, -0.6895867031281101], [-0.512699078978132, 0.5644654414590835, 0.2761927332749005], [-0.316566891321423, -0.4810324293868511, -0.37000421466819633], [-0.05958344599843119, 0.05222705299939729, 0.6226870762062588], [1.1018746352135718, -0.61553323482595, -0.4390185236840945]]","tensor(-3, dtype=torch.int32)"
"['Bi', 'Bi', 'Bi', 'Bi', 'Bi', 'Bi', 'Bi', 'Bi', 'Bi', 'Bi', 'Bi']","[[0.072152925827874, 0.11312387539666834, 2.5228033326978103], [-0.13425894345295256, 0.14740639367701544, -2.5758012740914484], [2.044423754013191, 3.5621522900601508, 0.07703472294603703], [2.082500730472515, -3.5339141825040774, 0.22408440457935785], [-4.012230322238211, -0.09910914710731931, 0.15013197595438155], [2.6213824818520584, 0.7200576335898603, 1.1659025270705405], [-0.6930232713697465, 2.5758712758241162, -1.1394809970687692], [-0.6113457445064141, -2.683243166401567, 1.175802854634005], [2.6798341379020654, -0.6919885024700537, -1.4240260986280822], [-1.9647783303610713, 1.9244676256775601, 1.3063632889854364], [-1.9647716399058068, -1.6823301430941138, -1.500789197928201]]",[-64251.31640625],"[[-0.28007191301934947, -0.7270045022856395, -0.029704752815729995], [1.386392039471917, 0.07398497407617834, -0.6599110140785398], [-0.5575985353497791, -0.727093976724985, -0.10370802287209174], [-0.018523466374325892, 0.925246435515604, -0.4787541221974035], [0.664191388981479, 0.15484117371735368, -0.11775864659691172], [0.24148215297266948, 0.5577574296127545, -0.22715662674627435], [0.7645457144629558, 1.3163330392435235, -0.27698597045958023], [0.12893009599219699, 0.618217982227229, -0.32094753930293907], [-0.6349800414188568, -0.7933210026889981, 0.3953604994473197], [-0.7768186250598383, -0.5576684693943249, 0.5160628550986964], [-0.9231458430746494, -0.8462127376441304, 1.3124619841895437]]","tensor(-3, dtype=torch.int32)"
"['Bi', 'Bi', 'Bi', 'Bi', 'Bi', 'Bi', 'Bi', 'Bi', 'Bi', 'Bi', 'Bi']","[[-0.0512425748003345, 0.015539094326516515, 2.4891613826012815], [0.009477150369190961, 0.04511871906501673, -2.3844746849050984], [2.15451987470198, 3.476873364982737, -0.01662913726922947], [1.9131988087988876, -3.4439367895112687, 0.10671007278040752], [-4.041912480002291, 0.12970912141593358, -0.004563953914538359], [2.505000069381253, 0.9058933788919167, 1.2848597707209028], [-0.572016312640459, 2.6231925221099246, -1.1354994352587702], [-0.5739695595284976, -2.652619231681993, 1.4223492766400627], [2.6774339918967187, -0.8686287481314154, -1.2926058221417678], [-2.0101616258067714, 1.905636074466042, 1.0885959445516904], [-1.980299612314438, -1.9917542409438524, -1.1177773423919621]]",[-64251.6328125],"[[-0.06986220788392519, 0.5503099680895364, 0.3483653871555095], [-0.07312303697715061, -0.8488002972923272, -0.30120639265784077], [-0.5367005973325457, 0.05571861301753248, -0.20066545640602806], [0.3523066333644929, 0.12116654287204977, -0.3107246732309901], [0.2895187168852056, -0.6131539346486434, -0.40393857849805986], [0.46236122220121295, -0.5383188505545003, -0.23849272967879187], [1.08302895287121, 1.0680826077331957, -1.3371091069037173], [-0.2249167318592353, -0.2811774365661814, -0.11742414589119789], [-0.37736035055677236, 0.008246314000298278, 0.7043232461324868], [-0.7254829225958513, -0.3518718595802023, 1.8262437553058473], [-0.18198987834260577, 0.8486300901692045, 0.024936099442213422]]","tensor(-3, dtype=torch.int32)"
"['Bi', 'Bi', 'Bi', 'Bi', 'Bi', 'Bi', 'Bi', 'Bi', 'Bi', 'Bi', 'Bi']","[[-0.06274609132294465, -0.12069579875123669, 2.4151658518807433], [-0.07426582745720602, -0.1090855986860424, -2.5803501127785884], [1.9807842100929447, 3.6541153075696258, -0.0673104309329353], [1.9126032269748492, -3.3521913764558358, 0.04235984093705292], [-4.095807584774713, -0.06656028720311286, 0.05513425387185969], [2.6342067848113038, 0.8481775247596467, 1.4205303327260057], [-0.5009411345482079, 2.6552018228609993, -1.2609044199875319], [-0.6196671461837863, -2.6355193280285887, 1.2764292718383803], [2.6769647241901624, -0.9247966201052631, -1.256818376117535], [-2.0516174409137915, 1.9920431385964676, 1.1757887714531479], [-1.9768856833961184, -1.8631308268311961, -1.1575168718737137]]",[-64251.51171875],"[[0.1959501534525235, 1.614994089790353, 0.6494723294882387], [0.6013489650851193, 0.29652929631837854, 0.3035216723311329], [0.19271894348404692, -0.840939916373739, 0.5072737397841207], [0.2949778918154752, -0.7217949301878888, 0.08629295453951698], [0.6442817835643718, 0.30693291104222353, 0.07747350019091044], [-0.4014200272967606, 0.2561132292672201, -1.080286612727364], [-0.15148192274084826, -0.04790240367560955, -0.3320321367855493], [-0.19304264555052938, -0.9986021060350528, 0.07857892089355921], [-0.38104258369047816, 0.8871781468996149, 0.1988430574805095], [-0.10959024734977217, -0.8644644948287683, -0.01219330919912006], [-0.6980780331103584, 0.1185060666979956, -0.4701784085628759]]","tensor(-3, dtype=torch.int32)"
"['Bi', 'Bi', 'Bi', 'Bi', 'Bi', 'Bi', 'Bi', 'Bi', 'Bi', 'Bi', 'Bi']","[[0.012894427295323736, -0.1076660530280138, 2.5811332975461885], [0.012291884298404207, -0.0017458108080182042, -2.46375549617209], [1.9274336458143915, 3.4586111224033536, -0.2169056318426161], [2.2166118370855847, -3.452038724234235, 0.2020048278667229], [-3.9612703555546567, 0.02978418032085385, 0.08577566850308402], [2.598780226306979, 0.7588013007057226, 1.3194939265577394], [-0.5614247297200099, 2.700467215162666, -1.220590137620052], [-0.41296266252004127, -2.7218821406754077, 1.2023998003325673], [2.6745260584504975, -0.7835674841834527, -1.3871564922087656], [-1.9579744564734738, 1.5898781443822325, 1.1603787117725455], [-2.191538288282512, -1.8628612540942238, -1.1143387454541078]]",[-64251.53125],"[[0.24928920918229153, 0.0868393142625315, -0.05049331604417723], [-0.36989201166437347, -0.41091105416137363, -0.1677422565849511], [1.1044817352565683, -0.24330938557479634, 0.8465505807857969], [0.13659466158605685, 0.46754138086258124, -0.4892382124945678], [-1.2514758977991438, -0.5370883199030426, -0.28320074160349457], [-0.04532585863942873, 0.3837759763903897, -0.7862268109349195], [-0.7908038913062629, -0.4312360986563383, -0.492004772443547], [-0.35426627785243275, -0.26591931928693063, 0.055877558702599577], [-0.18930204834288272, -0.17298206487254963, 0.9257431729202461], [0.6060998521259957, 1.3648862923322336, 0.9399804074154019], [0.9099941289327016, -0.2435072063610963, -0.49451684446130756]]","tensor(-3, dtype=torch.int32)"
"['Bi', 'Bi', 'Bi', 'Bi', 'Bi', 'Bi', 'Bi', 'Bi', 'Bi', 'Bi', 'Bi']","[[-0.1178564154497684, 0.01729926479730402, 2.3679114895696878], [-0.09884898468284094, 0.08788251036584581, -2.6099506041893337], [2.1332359478412597, 3.531164868333961, -0.1519704277006174], [1.9669419507640689, -3.385343572753875, 0.13052947515814511], [-4.013177332631582, -0.1378136733145508, -0.25582671526333406], [2.3574375128926732, 0.6303643677776661, 1.3812584073899097], [-0.35312755275793717, 2.531363247695327, -1.1953164199486415], [-0.5119149869253334, -2.753769163807502, 1.141064833997964], [2.4502608315577987, -0.8415279530269881, -1.20762396035204], [-2.107383665549137, 2.013909782586577, 1.2284559838588462], [-2.109327231727363, -1.8217216391970057, -1.3335338768762401]]",[-64251.0234375],"[[-1.7688510446749066, -0.28466524277163135, 1.0422944288069103], [0.35503123288674465, -1.1310206767198905, -0.2006593885992219], [0.3223716227070957, -0.822876878265192, 0.6328743067687442], [1.1491181676297946, -0.5809282240777283, -0.41968006343814235], [-0.5142990773575765, 1.4003397675914897, 0.9131966967961694], [1.8063989417241282, 1.1296420504446885, -1.0271321108842688], [-0.9977382148965451, 1.2738954155061655, 0.12312017097527497], [-1.5203815550544575, 0.3685726750607609, 0.29473337977002256], [0.27791933284380954, 0.246362263729681, -0.39781785835964145], [-0.1574544444113394, -0.8552203454258204, -0.6201457964404821], [1.0486214029546472, -0.7378741040033628, -0.33334674255673674]]","tensor(-3, dtype=torch.int32)"
"['Bi', 'Bi', 'Bi', 'Bi', 'Bi', 'Bi', 'Bi', 'Bi', 'Bi', 'Bi', 'Bi']","[[-0.019710349705934913, 0.08430711502715572, 2.507363852771448], [-0.09623891411830589, -0.16995104916436754, -2.4997278912435346], [2.1123899222614524, 3.481828702462557, 0.002769103458234709], [1.9698513254487018, -3.2272304158782905, 0.17748979170189272], [-3.9623720125197894, 0.03243229015801968, 0.13638268913819201], [2.6204656984763934, 0.6991028327617824, 1.2743286996278538], [-0.44216060102840643, 2.563984272550742, -1.1780980769341385], [-0.723912887088255, -2.5665168510040304, 1.0738359293869846], [2.6868041543083505, -0.8551760772474802, -1.1609813709580614], [-2.0406901092452743, 1.772994397348888, 1.1319448432748065], [-2.0425557359354207, -1.8584409808525884, -1.3550437104485864]]",[-64251.546875],"[[-0.05823330756196348, -0.52108936455043, 0.03736225815641624], [1.200311945121027, 0.8793902711301514, -0.4747334288569323], [-0.09833168893135406, -0.5162058085132827, 0.14831987548554387], [0.11141655435425067, -1.142210123847228, 0.3163272129525787], [-0.5940156606052037, -0.9351009651455809, -0.6219018608678653], [0.02931671657047448, 0.7834906414420628, 0.24081731675065962], [0.16802420391307238, 0.23309305010847786, -0.5574956911666233], [0.2619903115357427, -0.07476849248554986, 1.1715227729302586], [-0.2879154789139918, 0.503786859176319, -0.9848019593183085], [0.4317135013545469, 0.9242483327180782, 0.7622409763184371], [-1.1716143042532672, -0.12114921362718803, -0.03661311027305536]]","tensor(-3, dtype=torch.int32)"
"['Bi', 'Bi', 'Bi', 'Bi', 'Bi', 'Bi', 'Bi', 'Bi', 'Bi', 'Bi', 'Bi']","[[-0.0539884471872523, 0.12009969958002349, 2.3836947373762705], [-0.044946994062640556, -0.1246210768097284, -2.500553356176491], [1.9655037720218373, 3.444134569258523, 0.21829664156922696], [1.9112303611454486, -3.463077599979024, 0.11003752010541026], [-4.091332081255074, -0.14285050360306836, -0.19954416748979276], [2.796195372400282, 0.917590306378939, 1.2521809240159385], [-0.5282336887378366, 2.7260385888383407, -1.398963308150155], [-0.6935334656071079, -2.658713785719975, 0.9878632302529867], [2.541201887017555, -0.6961080313500855, -1.3430034764861738], [-2.1063245315909462, 1.8815059165628425, 1.2715233584044718], [-2.0719631106555907, -1.9883834539690093, -1.0859286561799255]]",[-64250.828125],"[[0.36622114281290635, -0.48535137085847374, 0.10251148222316701], [-0.36331708019104797, 0.5069475694572424, -0.14861354705054491], [-0.4174709189618669, 0.5592815804071217, -0.5585652706714423], [0.599251972190575, 0.44415574489899523, -0.5578227356690585], [0.16640013999476952, 0.6946389236256326, 0.5300656048562574], [-0.6509517430629331, -0.7445939429307546, -0.03582687677724853], [0.1071082058334931, -0.41190504319157323, 0.7098999719641033], [1.8143194864898626, -0.6581909451152612, 3.983997507479362], [0.3333975990053072, -0.6649956304937564, 0.6714408754521226], [-0.13999160495568883, -0.22390273963541193, -1.0442304705548155], [-1.8117689507476016, 0.9751541464964746, -3.661929120846301]]","tensor(-3, dtype=torch.int32)"
"['Bi', 'Bi', 'Bi', 'Bi', 'Bi', 'Bi', 'Bi', 'Bi', 'Bi', 'Bi', 'Bi']","[[0.03644038571179461, -0.118360009357033, 2.600958475081397], [0.0712014191368021, 0.17975224437281695, -2.728160328008506], [2.125806529867884, 3.3396052228330046, -0.16433079342842874], [2.1337390650365746, -3.421848793078624, -0.05548558142090503], [-4.155870489200654, 0.07258193641609838, 0.14123628872717142], [2.5655095991956047, 0.7427404608921616, 1.450741334720468], [-0.6115519709507516, 2.4518812768030176, -1.3108119362252377], [-0.48891069829516787, -2.8248526911208685, 1.2268801542336818], [2.7180647610551336, -0.8979157342989437, -1.400550378203264], [-2.1201758954679994, 1.8644279411395246, 1.219014797924653], [-2.121234485954019, -1.7432616329372712, -1.2277120641554713]]",[-64251.30859375],"[[-0.7063117384138018, 0.19473026717402245, -0.13713932438004933], [0.2299360422181481, -1.9715877829296902, -0.020607732301204607], [-0.46662822736034193, -0.46995240847039127, 0.19956718337410861], [-0.245942762306589, -0.22952775081102003, -0.012276957515489727], [0.43050693339776447, -0.366381116939805, -0.3156585714957921], [0.29586353449872027, 0.16029011565139928, -1.2939700858372376], [0.08366343446459266, 1.7199892590367292, 0.8927708135796207], [-0.08003545163750148, 0.49663260641927776, -0.5025461469507291], [-0.40724558462952215, 0.583789863474035, 0.6880985477978474], [0.5879586524382503, -0.3099609009047845, 0.33475241685210855], [0.2747685470265607, 0.18290040931817456, 0.1742800613081574]]","tensor(-3, dtype=torch.int32)"
"['Bi', 'Bi', 'Bi', 'Bi', 'Bi', 'Bi', 'Bi', 'Bi', 'Bi', 'Bi', 'Bi']","[[0.025378499483744626, -0.028758752912216214, 2.6236092467422694], [-0.0630598242507258, -0.027362462803337026, -2.4322495676285447], [1.9741492665141105, 3.484625105945097, -0.0035472899668511806], [1.8830092770793216, -3.5823084525445363, -0.052968739558793165], [-4.011915614304626, 0.12204382914657928, -0.07053740927585293], [2.4987633331178847, 0.7479569901923341, 1.1661755553745372], [-0.5977981357520912, 2.6455135953646236, -1.4370916380210679], [-0.5564623256341491, -2.6588306431594804, 1.3403955710150326], [2.489011770198528, -0.8863968618077258, -1.2635255173014648], [-1.8452325065230606, 1.901166112752599, 1.2462169543219204], [-2.1583260881451487, -1.7244073431378701, -1.2370156529697782]]",[-64251.8515625],"[[-0.20139909538656908, 0.11052294124681099, -0.12774183430001632], [0.010844728852027157, -0.2433210583895845, -0.8304261555297343], [-0.24101308065329644, -0.4541332247499347, -0.10944117470628803], [-0.010971165490798747, 0.3534042893313134, -0.01152783534317463], [0.0029100471248762194, 0.5910774022924462, 0.4731415551679572], [0.4424749624136821, 0.5427195531517317, 0.19759668882484585], [0.11436710254689543, 0.4180895781456398, 0.8665542886304914], [-0.3815376755881895, -0.12584286788013832, -0.49416182634105416], [0.29547864014326014, -0.4215615977689754, 0.0074872982175636016], [-0.4075739146842467, -0.11910863076710469, -0.4251376957056645], [0.3526595431789916, -0.6500971079009095, 0.4585998504685689]]","tensor(-3, dtype=torch.int32)"
"['Bi', 'Bi', 'Bi', 'Bi', 'Bi', 'Bi', 'Bi', 'Bi', 'Bi', 'Bi', 'Bi']","[[-0.009228808664610863, -0.0067017505411905934, 2.4516000040523784], [-0.02180490721293555, -0.051558582204597116, -2.400505495578679], [1.831780541197473, 3.2575174242326304, 0.09367872273859301], [1.9659961818139438, -3.548894926089849, 0.12444357306921897], [-4.085731037360759, -0.3306448278656559, 0.08090211471734399], [2.601556677069828, 0.7838798957329911, 1.16309635173721], [-0.5189632570959789, 2.714289326403821, -1.3537988196998256], [-0.42514370770371046, -2.7497115385257787, 1.3140604799819888], [2.60161608385838, -0.936184486439312, -1.2602524537625623], [-2.0397300969512298, 1.6802506860077966, 1.2212285203444928], [-2.151503104245172, -1.7882197968853513, -1.1231125910801818]]",[-64251.484375],"[[0.2548061825434946, -0.18481932750958474, 0.3508188894109629], [-0.08576017024867899, -0.08356131019071908, -0.39498460395788576], [0.6444591897803154, 1.3109887412658388, 0.04511319743749942], [0.979605756964368, -0.04632673308769061, -0.5483883245272726], [-0.945952569131252, 1.4504886481818602, 0.9678131287028225], [0.2969952833122569, -0.7708809161453454, 0.4880198688788141], [-0.9488620310727262, -0.505182043365009, 0.09172240750085457], [-1.228468111364472, 0.19753421098357882, 0.12736542458966651], [-0.08497531486492646, -0.2371382717866316, 0.04133098433113882], [-0.4454554382636251, 0.2955251257140465, -0.5382612578119331], [1.5612405205803759, -1.4217750664657114, -0.6389117745408982]]","tensor(-3, dtype=torch.int32)"
"['Bi', 'Bi', 'Bi', 'Bi', 'Bi', 'Bi', 'Bi', 'Bi', 'Bi', 'Bi', 'Bi']","[[0.006761450978429401, -0.05488491794892917, 2.31189723571625], [0.0808744584017363, 0.34530556008644125, -2.539960629477299], [1.9881663422753624, 3.368534859223544, 0.026952130263112585], [1.9716904099512353, -3.484134629666487, 0.03267871286020336], [-3.9210321432911464, -0.1808568057774289, -0.04415226294819574], [2.4035731219960934, 0.8534849948150763, 1.4534932062624601], [-0.5169164650990553, 2.6846263093745097, -1.284245389371737], [-0.589384658427284, -2.501358930038222, 1.2816043698259136], [2.5655261557696742, -0.8612498851352679, -1.1665209440418365], [-2.069297172422694, 1.7760824206654262, 1.2089884822333263], [-1.9123937466276713, -1.8856919058569341, -1.3571294167007193]]",[-64251.04296875],"[[-1.5569981980252043, 1.1617895994364054, 2.050337116634738], [0.3078851967561535, -2.482674522226399, -0.7164727437095826], [0.2640991829334415, 0.38276028723754424, 0.10454018658009588], [-0.1662744644029533, 0.10204282128052662, -0.02269044013870851], [-0.09010034904412324, 0.1819766114429787, 0.015818679783959098], [2.286447306544454, 0.3228341644208383, -1.2589799236230979], [-0.9088751842199679, 1.6270757102065658, 1.0395469464539062], [-0.41913452646859306, -2.1083792882823067, -1.1455119363474409], [0.12762016963134315, 0.33275415437339373, 0.3042339711436691], [-0.1953262492154096, 0.06425529728455248, -0.35404490574819014], [0.33541334499515846, 0.40731814120073856, -0.03504168714990074]]","tensor(-3, dtype=torch.int32)"
"['Bi', 'Bi', 'Bi', 'Bi', 'Bi', 'Bi', 'Bi', 'Bi', 'Bi', 'Bi', 'Bi']","[[0.24016585362132653, 0.06718924409306365, 2.4737001029799166], [0.011772882374078952, 0.13180694800488507, -2.7018663125909628], [1.838766410488197, 3.346863772142391, -0.00984189286320055], [1.9524872084363916, -3.3683965305166006, 0.22128037582904594], [-4.202883654841005, -0.034203347208102315, 0.021782872301279572], [2.6229554552187118, 0.7797601508043357, 1.2472246951115689], [-0.5501833268572786, 2.5395538875311754, -1.2748700352513358], [-0.2721090242061122, -2.7176148288689226, 1.1830082695138224], [2.6354738001883145, -0.8474169196744966, -1.3078547719457312], [-1.9735804314483343, 1.6883227468609967, 1.1706102729406698], [-1.9371813254563133, -1.6638488038345463, -1.236003684057518]]",[-64250.6796875],"[[-1.530329672891106, -0.5221743706827223, 0.726395664721358], [0.440419364302858, -1.1106019925961625, 0.025377768928984627], [0.7810383218947158, 0.48381637000278366, 0.3152446750806821], [4.663060165345152, -1.2393649667907316, -2.328249867450826], [0.9340987485807288, -0.09334467164595218, -0.08755274436108243], [1.1951717928469061, 0.24997312300027677, -0.8604186046634239], [-0.8497978858689375, 0.8182334633957131, -0.07005534925989156], [-4.842799401583579, 1.5982613411909243, 1.8862425375379528], [-0.17225325956861692, 0.01829328566579602, 0.023270573891471358], [-0.29136343299846895, 0.07019789129774531, 0.2146183781568502], [-0.32602845332756203, -0.26777678807890526, 0.1564945482278559]]","tensor(-3, dtype=torch.int32)"
"['Bi', 'Bi', 'Bi', 'Bi', 'Bi', 'Bi', 'Bi', 'Bi', 'Bi', 'Bi', 'Bi']","[[0.01582974133563991, 0.008229045705085807, 2.4517392024167144], [-0.06858438181249933, -0.00678047663093134, -2.5724932455803646], [1.8946925549758655, 3.547453303313685, 0.1795114213853225], [1.9980949063092575, -3.5144472862188403, 0.021784504067144425], [-3.9108210133147527, -0.02556919296773453, 0.06980036264344484], [2.5763680375323452, 1.011149594700038, 1.248205431403755], [-0.4839678631283583, 2.5570966146155225, -1.246931495445186], [-0.5418169736517116, -2.6737072094948, 1.201810413142307], [2.4110617915214205, -0.828681026953378, -1.25275614716279], [-2.252179125729433, 1.7354675052083335, 1.2989224035398566], [-2.0947266647459584, -1.6267333535058732, -1.1667524888618335]]",[-64251.40234375],"[[-0.2279793287894282, 0.052797221150812354, 0.3420217522501012], [0.08191786014389138, 0.03299363265991114, -0.2616231063797854], [-0.14019832176383173, 0.5243279278780022, -0.36770256184917227], [0.09609169120013186, 0.3137909725517766, -0.1924554052647105], [-2.4106856509010894, -0.14746657729790122, -0.023334964634545124], [0.1748190676720763, -0.9969236889659522, -0.03717229466570939], [-0.6567470127837555, 0.6648351935680336, 0.4858068677456703], [-0.255836372726165, 0.12000697470696951, 0.09639261328004536], [0.7688523146325997, -0.13259520556940738, 0.3317248383662802], [1.7862898185916987, 1.2939412894659539, 0.4339474827010545], [0.7741935272847897, -1.7265064949233044, -0.8143115004710714]]","tensor(-3, dtype=torch.int32)"
"['Bi', 'Bi', 'Bi', 'Bi', 'Bi', 'Bi', 'Bi', 'Bi', 'Bi', 'Bi', 'Bi']","[[0.007543505330891376, -0.1797836987724016, 2.5745926051838333], [0.11307339803738525, -0.16220625583638357, -2.584596984320778], [2.0198970889421655, 3.3532285899412915, -0.13678812183449796], [2.0506365734081724, -3.418467180463027, -0.022919401616068563], [-4.025374394399977, -0.0312137959913899, -0.09893322099052305], [2.534063283231918, 0.8655007234828307, 1.2696943131223142], [-0.5109176465581331, 2.6676694272989394, -1.160332388498356], [-0.6682662444813303, -2.551426943227317, 1.2611065721170258], [2.6394608605386476, -0.6056541068401551, -1.097329053602098], [-1.9129758179035596, 1.7809848017558987, 1.2592445045167082], [-1.7840586254012623, -1.827342229486198, -1.2493097872183074]]",[-64251.41015625],"[[0.20661442675857658, 1.3714940310999857, 0.6081618779982669], [0.18612760836350806, 1.1180864780253168, -0.14518934997237667], [0.6704890525370168, 0.5888256289022527, 0.24564826798812273], [-0.3988541677712096, 0.47304601292180554, 0.13127036680199597], [0.8372025587578616, 0.11773787207191426, 0.07870140831569762], [0.1586646633366238, 0.2811464290449599, 1.2943300404782825], [-0.6274374490262195, -0.5388387279003523, -0.8449061022971376], [0.6063765029786844, -1.5619835698036755, -0.06835569486696928], [0.23428537414589315, -1.2298919890802622, -0.9539589887899214], [-0.542665559955575, -0.4055956039770642, 0.025189481798463215], [-1.3258214435814661, -0.2118516125195046, -0.37160061350123025]]","tensor(-3, dtype=torch.int32)"
"['Bi', 'Bi', 'Bi', 'Bi', 'Bi', 'Bi', 'Bi', 'Bi', 'Bi', 'Bi', 'Bi']","[[-0.00906711322493331, -0.18624751321809055, 2.4867100565096822], [0.2154946383934239, 0.14806004582218865, -2.5736243365989835], [2.0724380980669412, 3.4708723656465557, 0.033742686842485665], [1.8814033836175903, -3.5273869939458655, 0.17685765295642888], [-3.8370726171018044, -0.10390645030453266, 0.08653417501402075], [2.621975886874064, 0.5897461560295991, 1.2709978683593817], [-0.5815395273744491, 2.62914306261735, -1.2700509722594946], [-0.7716481000178037, -2.7720569121918754, 1.2167947045206344], [2.401466150149404, -0.97609265451911, -1.2315024001297143], [-1.7449337679515013, 1.826898338774948, 1.2441343110205763], [-2.2008870919122896, -1.7499984020917747, -1.13300454183645]]",[-64251.1484375],"[[0.16790860705120542, 0.10401208169959149, 0.3979690393088803], [-1.4649799078094108, -0.4542098436663857, -0.54031042816131], [-0.2901897237582048, -0.8288320706908213, 0.2149024852128177], [-0.015514389557047243, -0.11906343074860777, -0.011168384638627227], [-1.7937624769397902, 2.1863454635326245, 1.435744391863747], [-0.0321419542681532, 0.7280067188504916, -0.23692954951691717], [0.6127029629055059, 0.5437500518669516, -0.13922495299235485], [0.2471924219761136, -0.18338768505796615, 0.05932237603949051], [1.2891950304133195, -0.3889842115137594, 0.3828145889662504], [-0.7190536184858742, -0.0630686810993023, 0.4188209545541514], [2.0000396261997078, -1.5179405483672574, -1.9763109020411145]]","tensor(-3, dtype=torch.int32)"
"['Bi', 'Bi', 'Bi', 'Bi', 'Bi', 'Bi', 'Bi', 'Bi', 'Bi', 'Bi', 'Bi']","[[-0.08194761206663226, 0.02479157762561586, 2.5716068412521578], [-0.06849627110248693, -0.16966276775227118, -2.3929828610685027], [1.878972981393618, 3.45058958636387, -0.00014856717348251953], [1.9565023445894225, -3.4766191145093193, 0.08291454753534055], [-3.8579932571057807, -0.04765115890271288, -0.03885311891556521], [2.676404967860299, 0.7727286371712413, 1.3587063670832118], [-0.6204484222956723, 2.7196898011140314, -1.4472091449265245], [-0.6690338386308721, -2.748942459670303, 1.1035329348866114], [2.638447485492423, -0.6378728508414409, -1.3637752008507253], [-2.053122951781127, 1.9394297350049927, 1.2732553972556475], [-1.985957556494365, -1.9268947265608387, -1.3220980411467125]]",[-64251.453125],"[[0.12857420369638678, -0.19844427916032337, -0.4726920746654753], [0.6883500018256631, 1.2263083835182027, -0.9791969513363242], [0.1867663221629964, -0.3208268516540058, 0.06308359350585988], [0.4213757583300132, 0.5705646157411308, -0.4273724483835458], [-0.3421790010061462, 0.1365047243478872, 0.13662818878976563], [-0.676818597789333, 0.27679910257878637, -0.5477800011839067], [0.04382542371369731, -0.49470314669909404, 0.8740757979655819], [0.3141939674834721, 0.20935738396752157, 0.9010487418818209], [-0.10669693194505356, -0.6955691492622756, 0.9792103210801344], [0.3292715417991931, -0.2707637945344787, -0.6783468623510263], [-0.9916436686027398, -0.4351892747905677, 0.14462288421155522]]","tensor(-3, dtype=torch.int32)"
"['Bi', 'Bi', 'Bi', 'Bi', 'Bi', 'Bi', 'Bi', 'Bi', 'Bi', 'Bi', 'Bi']","[[0.0176419956609462, 0.023747655845459986, 2.590847689573327], [0.1371047114599668, -0.17582994172955113, -2.5497501873376085], [2.0106440257634253, 3.4896996235810582, -0.06645312337524675], [1.8350415378695446, -3.3587231579003807, -0.2692112825704449], [-4.084921080264175, -0.011914610120820946, 0.17368605539212773], [2.6727322660319497, 0.8168483601030775, 1.140417019787039], [-0.6115615362542189, 2.687423309146896, -1.0073556805018404], [-0.6350658552183521, -2.661809944491089, 1.4145261407988374], [2.401306435473076, -0.9206480848789006, -1.310527037050896], [-1.9249612372247398, 1.9539576962451024, 1.1179036377919747], [-2.057471578375118, -1.8013780260573056, -1.2773114132432957]]",[-64250.625],"[[0.35757354109435296, 0.1161978832733412, -0.2908289517786089], [-2.535473697416691, 1.3248963601539807, -0.8544598126913842], [0.29238462431511325, -0.24407362069982616, 0.32585135564416795], [-0.602249880129563, -1.892368965528536, 1.1365871181331912], [0.6825989551035977, 0.15334941884068062, -0.24441213232868308], [-0.45676490455270524, 0.14428005312700576, 0.24179803888123214], [1.5497893350069072, 0.5390094492443906, -3.5991813135984443], [0.1123111959035219, 0.22436214460156836, -0.863082269007156], [2.5939375302151984, 1.0712805476084215, 0.2834398543293315], [-1.950663105424836, -1.440254623516039, 3.0402735717970937], [-0.04809230545980651, 0.001928658563996848, 0.8280339998295332]]","tensor(-3, dtype=torch.int32)"
"['Bi', 'Bi', 'Bi', 'Bi', 'Bi', 'Bi', 'Bi', 'Bi', 'Bi', 'Bi', 'Bi']","[[-0.09449053894345533, 0.03030671025471883, 2.6281856155523298], [0.26419457083440684, -0.08205148563885417, -2.625434450472313], [1.9138079561462593, 3.429800684599442, -0.05477026088695236], [1.919314201699111, -3.4462263771456922, -0.05435211932913764], [-3.9839572450567617, -0.14904005764074008, -0.014964613597206813], [2.7433978556919447, 0.8528821305094114, 1.1793590911398044], [-0.6197132701612591, 2.5890449048370763, -1.2444093193145187], [-0.4940584102518901, -2.612619509128149, 1.150543371962805], [2.7418279850486638, -0.8797195752142173, -1.3367821648777292], [-1.9916907088755822, 1.9368399118197472, 1.177942343719522], [-2.01938934547412, -1.9913393793281893, -1.182201378251293]]",[-64251.58203125],"[[0.6012733746104999, 0.20024600640502765, -0.6162428596897241], [-1.062065708797673, 0.10176925575333252, 0.19090898870469017], [0.31318527173508126, -0.01226700219856026, 0.19383804246305542], [0.8232111218604479, -0.25503881608579276, -0.3162511596791351], [0.2523119539915116, 0.39975102047041866, 0.147979409817207], [-0.7492923794382218, -0.055315001020738025, 0.13161962564799265], [0.36577865571487905, -0.2405360379097288, -0.9923111273514202], [-0.3584482822941836, 0.036199995473737326, 1.0955985689364969], [0.16067233605809733, 0.01696432284664006, 0.47042379478388535], [-0.47107068469593455, -0.8592595507192595, 0.5692389542202542], [0.1189343612987474, 0.6525771953777086, -0.8735240389229516]]","tensor(-3, dtype=torch.int32)"
"['Bi', 'Bi', 'Bi', 'Bi', 'Bi', 'Bi', 'Bi', 'Bi', 'Bi', 'Bi', 'Bi']","[[0.024059519319645076, 0.11054351960036052, 2.6655177942595762], [0.008862773638442996, -0.1637666305348232, -2.681712552672483], [2.0782520746376045, 3.371301345752701, -0.08805790399621022], [2.147090394198127, -3.6158935890192643, 0.03367952176674366], [-3.880789036466146, 0.016750327587374502, 0.03722488303909562], [2.5485097194198545, 0.7453546791458612, 1.2336443582892422], [-0.522500462047011, 2.5926459131758244, -1.2381487642869178], [-0.6565577459945154, -2.5301346065667625, 1.1568181322162516], [2.554546580774848, -0.9568340005166456, -1.2319541110217467], [-1.8764721892080944, 1.6238555751665351, 1.2598935541294622], [-2.0965175996656678, -1.8684359263716797, -1.219731371629372]]",[-64251.62109375],"[[0.5671532741858571, -1.1838723024435922, 0.2183548615971706], [-0.09991991165182715, 0.3274244088476256, 0.3958389305873599], [-0.027603342763519237, -0.14092435027481923, 0.026077155654325643], [-0.8340827804618344, 0.46702464026431545, 0.2278581783416708], [-0.7571630447751256, -0.1690383504031705, -0.045430965394613824], [0.368462426096418, 0.17430916621199047, -0.060181690611847756], [0.06890190032370908, -0.41688840950847306, -0.23962324436213062], [0.9782836949899018, -0.585701736838899, 0.7266897990851832], [0.01808191001615616, 0.04082792715144199, -0.10693691884644732], [-0.5038013602061441, 1.5341487916325918, -0.26821726971536103], [0.21865012724701052, -0.05381764113608297, -0.8582835594211121]]","tensor(-3, dtype=torch.int32)"
"['Bi', 'Bi', 'Bi', 'Bi', 'Bi', 'Bi', 'Bi', 'Bi', 'Bi', 'Bi', 'Bi']","[[-0.027765875340061377, 0.07201796415260137, 2.388485529773547], [0.02262927788666936, -0.10608341583365233, -2.311312485178891], [2.0905935034699485, 3.4136178627429103, 0.1677380497999056], [2.1171742867990333, -3.425610845859408, -0.03189662469286577], [-3.9085022610438602, 0.08174512564160712, 0.1306255690100157], [2.810026990470497, 0.8355274580054083, 1.1861248729452587], [-0.5240037402887939, 2.6945411227740874, -1.1961230229763753], [-0.6033552817760749, -2.5546776384220347, 1.1415904413812539], [2.6039373271662063, -0.9886262549388805, -1.247858278458549], [-2.1184128007550416, 1.7864606262471852, 1.0464440351256683], [-2.1220973837902184, -1.7759191075764633, -1.135193392472903]]",[-64251.203125],"[[0.6176209717440102, 0.07470724877448065, 0.166465857427806], [-0.2300895885835995, 0.5840516019201661, -0.728421180908609], [-0.371604058781366, 0.44101997433248713, -0.3642288452968146], [-0.7288161025719267, -1.0359715684264992, 0.7245259574715878], [-2.3279752734818002, -1.586528362555609, -0.8041119286066073], [-0.5469536481722508, -0.5895362822078584, 0.30831287429180637], [0.7008687100202876, -0.032019482272642265, -0.5123091452576973], [0.7177330991741554, -0.7001205185878301, 0.8920802148897302], [0.6264192916129784, 1.2091071796645003, -0.3478431958155366], [1.7162693849319886, 1.9900673399800175, 1.7467626852376463], [-0.18687101754144889, -0.36039404281739734, -1.073451074093922]]","tensor(-3, dtype=torch.int32)"
"['Bi', 'Bi', 'Bi', 'Bi', 'Bi', 'Bi', 'Bi', 'Bi', 'Bi', 'Bi', 'Bi']","[[-0.039341165156060426, -0.07873996160248957, 2.552180702239953], [-0.04482251761302056, 0.05157256491565113, -2.5527840733595166], [1.9076066623625383, 3.5916975702465104, 0.030450880077949067], [2.060987204169329, -3.371542501668825, -0.08973931665762182], [-4.083823708795754, -0.058907694167917614, 0.08842479970109576], [2.6186848244791117, 1.0662053802680842, 1.151379898867304], [-0.6631958494020941, 2.739124826132005, -1.4028739851957257], [-0.46515400472934154, -2.685395569461205, 1.301952373438061], [2.4214089349608483, -0.8742313000646034, -1.3046717016566554], [-2.1067543306683336, 1.870614543016261, 1.3322941009501785], [-2.1976358285211757, -2.0219470219066595, -1.1975016699698346]]",[-64251.62890625],"[[0.2895015419066186, 0.841352835769109, -0.17255279325205783], [-0.8270549232058914, -0.35089489126231493, -0.009959806078064147], [-0.4532675338382218, 0.22011581112325362, -0.3804931900640605], [-0.16444208959166862, -0.8293848581752831, 0.4261561616514552], [0.3631154027478797, -0.02361909740155847, -0.001168243071929424], [-0.34584745301930914, -0.8347656658379881, 0.06714917833227847], [0.042045180618854254, -0.15270216897399036, 0.8388290395144687], [-0.46059029678936386, -0.3174052771025081, -0.5024848518175683], [0.7803862897735088, 1.101027713365285, 0.030849043477402464], [0.2996260889394707, -0.4080331653841284, -0.6319548797713326], [0.47118885266238036, 0.7463716046366006, 0.34815651061952035]]","tensor(-3, dtype=torch.int32)"
"['Bi', 'Bi', 'Bi', 'Bi', 'Bi', 'Bi', 'Bi', 'Bi', 'Bi', 'Bi', 'Bi']","[[-0.08880394946566843, 0.21383186386857034, 2.5879011670828223], [-0.04204462825935586, 0.024399390372847437, -2.563258291929188], [2.016134590107756, 3.2688752432894015, -0.11724312871310419], [2.126739905498285, -3.503553998104115, -0.010261671925377263], [-3.940645896798905, 0.1040224984043709, -0.10159891014277274], [2.614631511931231, 0.895298782620865, 1.253230743114624], [-0.7102279672407372, 2.6582576264001982, -1.2429787035065039], [-0.5010935170714392, -2.576567968358635, 1.2711073488960294], [2.7584194483880946, -0.8605607820042515, -1.3386573951814706], [-1.9048379635308146, 1.807458984713984, 1.1385223195074246], [-1.8732509675094866, -1.8332018885566463, -1.193892802727775]]",[-64251.58984375],"[[1.0553942066363642, -1.0580511861081912, 0.21079992790255467], [0.6449065619770425, -0.01955735380538074, -0.04525043271550235], [-0.24740932035838895, 1.0571806100977785, -0.5132117058090715], [-0.3850510899952453, 0.4789500917884066, -0.011115625572668365], [0.09696463262675724, -0.3963233781121147, -0.1788217118584036], [-0.045913613146163414, -1.0123179205216095, 0.08110174012845951], [0.8981500785795782, 0.25193873245083964, -1.000462557308339], [0.5209325271711176, -0.07490866910719103, 0.29908204321057713], [-0.7163611577708587, 0.11684266487963568, 0.5426017965620183], [-1.2835442567698307, 0.6328830485243125, 0.7384068368721093], [-0.5412925901104466, 0.02078001687682699, -0.12798644918965207]]","tensor(-3, dtype=torch.int32)"
"['Bi', 'Bi', 'Bi', 'Bi', 'Bi', 'Bi', 'Bi', 'Bi', 'Bi', 'Bi', 'Bi']","[[-0.03254692337345684, -0.0273976344730969, 2.5276718095949606], [-0.07915106542896336, -0.031020627875409035, -2.555301241608122], [2.000152159811902, 3.2815224618391063, -0.03549042822571664], [2.071439140630325, -3.500991122993814, 0.03512018683683039], [-3.876858616763445, 0.15190299645295, 0.1517203000819937], [2.5774938850746905, 0.6986061446278987, 1.1840988608592569], [-0.5352262105371245, 2.6977771217949176, -1.2629525587057595], [-0.569018471491781, -2.7269314218275893, 1.471336471105233], [2.644988685087699, -0.9849843972834293, -1.1856384982743515], [-2.100793352175789, 2.134923919365835, 1.039602181668141], [-2.0792168957416077, -2.0422512704596523, -1.1741440090974666]]",[-64251.47265625],"[[-0.08584244559520354, 0.6258341082108225, -0.13044087704275387], [0.02306703496858796, -0.519715880484386, 0.4484993689745752], [0.4830653503552894, 0.4674089175546767, 0.09442597538765096], [-0.5559422297800569, -0.3694856228746338, 0.43368425301426755], [-0.5604812578036327, -1.0957770035942718, -0.56582401311857], [-0.053149102523479506, 0.07332836538882093, 0.5980646360960428], [0.13073999934946215, -0.13468397092929915, -1.0417570679499217], [0.1528470764280567, -0.043750542863941665, -0.7150601788539394], [-0.3619969208339701, 0.3263039728942361, -0.7841611855162378], [0.5043373326666598, -0.3248229138126112, 1.2587639508384707], [0.30930244102213034, 1.0019491699758543, 0.40825016661058683]]","tensor(-3, dtype=torch.int32)"
"['Bi', 'Bi', 'Bi', 'Bi', 'Bi', 'Bi', 'Bi', 'Bi', 'Bi', 'Bi', 'Bi']","[[-0.22114226222222957, -0.08450483518800668, 2.49908518967115], [-0.07390668380839631, 0.027180795889066536, -2.546518071226514], [1.9595716009556394, 3.624964273708639, 0.041271090453129926], [2.0398742799096214, -3.4486326910228096, -0.038100488901271524], [-3.98750178502289, 0.014513731724279067, -0.07926702840659118], [2.5790250998248974, 0.7076258853359402, 1.1491313696543088], [-0.5577227967092888, 2.701558056162278, -1.3572409421944283], [-0.49555493285553825, -2.6777312133242477, 1.2955122775980463], [2.808259988371723, -0.6136309573676926, -1.294611766069258], [-1.9272093901775371, 1.884734054023958, 1.3476058651372278], [-2.024321708506143, -1.7620583256521831, -1.2829846515183416]]",[-64251.38671875],"[[1.2319061924073662, 0.32138647827664746, 0.5018619760222859], [0.8056602477840159, 0.046019336966447444, -0.15975136639793824], [-0.08242405921338362, -0.8834742136432634, 0.041335586608335036], [0.1815977334722332, 0.7000577836361052, -0.1483040374813379], [0.15613531349609314, 0.4929734103825988, 0.3455172203471963], [-0.4363349075688303, 1.2316753072161817, 1.0701898850460556], [-0.06389971352129174, 0.1168793288309307, 0.7467989222176125], [-0.28048622081119207, -0.613906754069343, -0.9052535263101408], [-0.8537702424433252, -1.1755784332930026, -0.779793907278532], [-0.7405315976961055, 0.2297582246254719, -1.1201479896766724], [0.0716420807397089, -0.4679307489400086, 0.40921669624388385]]","tensor(-3, dtype=torch.int32)"
"['Bi', 'Bi', 'Bi', 'Bi', 'Bi', 'Bi', 'Bi', 'Bi', 'Bi', 'Bi', 'Bi']","[[0.18226072472221805, 0.08276403353614552, 2.574173766271937], [-0.061654063887695836, -0.06903494453137345, -2.454564091984459], [2.0326793770119416, 3.5138931582399753, -0.04560984506141229], [2.001931753036704, -3.36744818528486, -0.1782097218578857], [-3.8454126029209705, -0.10922908195449565, 0.027748321178689195], [2.4304978331874136, 0.6764031999844052, 1.0255781959089254], [-0.5010304923413005, 2.642614151594352, -1.4297323854143926], [-0.45479984848933713, -2.8161721718065413, 1.2538841148571251], [2.5980747405295896, -1.036349292685448, -1.4535774648763808], [-2.0199535713261105, 1.92002409787783, 1.1617211911036216], [-1.8638754463421487, -2.0657704309123166, -1.1285946301973597]]",[-64251.43359375],"[[-1.4553783748699969, -0.39778304560364325, -0.0485720530053911], [0.00228352447485917, -0.33686154536026514, -0.6284633197531974], [-0.16704831545910817, -0.533486716608931, -0.022663433256211826], [0.06523149427106617, -1.7856084758782924, 0.6975715255083167], [-0.0725857275422538, -0.07838480249785287, 0.00038031120728196653], [1.394271960785305, 0.7168933764186892, -0.41907554532955327], [-0.11981938691689356, 0.2810759807794983, 0.7055105822270191], [0.15581845056779048, 0.4077508066792745, 0.9208061379078578], [0.24146245831159513, 1.5603252073502902, -0.6997297106918385], [0.4035240135957594, -0.3435377269319074, -0.1494861799446208], [-0.4591273897060659, 0.5039624656190574, -0.3420893208784344]]","tensor(-3, dtype=torch.int32)"
"['Bi', 'Bi', 'Bi', 'Bi', 'Bi', 'Bi', 'Bi', 'Bi', 'Bi', 'Bi', 'Bi']","[[-0.0387355432166985, 0.03649140628091503, 2.4692511685790812], [-0.1265239086718318, 0.020986873895846057, -2.4389166353285043], [2.0629857039396926, 3.4877626127013976, 0.07593846971840126], [2.0501727219796098, -3.5676727729778963, -0.022245101865611808], [-3.9777733052756665, 0.05815868405060636, -0.13102312853319503], [2.492438234853747, 0.9250752608902789, 1.1819461130680526], [-0.8322725262196828, 2.551354222874522, -1.3675569306832782], [-0.49789916423487063, -2.6275809638245455, 1.201540906808854], [2.493349448564625, -0.716727026519006, -1.206268783917394], [-2.1403682033215574, 1.8632305619692224, 1.2400748722037331], [-2.210785949444066, -1.8230671898416313, -1.0361075697052242]]",[-64251.453125],"[[-0.2956054984431827, 0.14483294345565068, 0.24407161523825466], [0.07744552657309209, -0.9107006684709811, -0.4615610944562618], [-0.9701512912068667, 0.4078918574764725, -0.7419724447021165], [-0.14152830274040093, 0.776009755559319, -0.22099425471367784], [-1.2590755687134325, 0.8628848081754971, 0.5011553850619148], [0.4115531103968146, -0.37122014144564586, 0.7136743534859167], [0.5950096496354034, 1.0598766703592044, 0.772345931534398], [0.10123929967753133, -0.3485072607061728, 0.4304035749936931], [0.1599939758260025, -0.77388653739807, -0.3381334707954429], [0.3477709991989613, 0.09049429368770105, 0.16836271554192928], [0.9640130361352203, -0.9360080508410139, -1.0848405531574974]]","tensor(-3, dtype=torch.int32)"
"['Bi', 'Bi', 'Bi', 'Bi', 'Bi', 'Bi', 'Bi', 'Bi', 'Bi', 'Bi', 'Bi']","[[-0.023360568680535775, 0.016542259511131568, 2.5219572017563006], [0.027214176482310944, -0.01617691468929241, -2.4991796465926375], [1.8642996074621851, 3.2666232487013085, 0.040384406647087125], [1.8002239746930508, -3.457495661863516, -0.06277807387704923], [-4.028052589574045, 0.013272126285376629, -0.027322702107116632], [2.7768717311335562, 0.7481997640424682, 1.0506043096330098], [-0.43129857671631244, 2.5679393961807193, -1.1424608754016292], [-0.6673772655196, -2.586339797280814, 1.1076382835715906], [2.6555068795789967, -0.8472989433759401, -1.0931262190099436], [-1.9636368010892147, 1.9571465090332973, 1.2368666682995257], [-1.8587962734589265, -1.909553029326366, -1.2142504697444485]]",[-64250.8125],"[[0.3529837594663899, 0.05475614572947008, -0.15566341296168332], [0.38989623372998394, -0.10381534077721469, -0.19347366552213482], [2.1193573906132595, 1.3470741940305864, 0.758289702801596], [0.602744046429626, -0.4031502778341717, -0.10910070903795116], [0.7091358396832567, -0.002739624028968949, 0.00857871154246658], [-0.3333394920418243, 0.8740948241394656, 2.7248535473841313], [-1.9023895885143094, -0.1532473459888986, -1.6162462177202732], [0.4796988488638715, -0.3661349079653303, 2.4819844377574243], [-0.2845030574947949, -1.3591337029474209, -2.470272542179656], [-0.522193911077522, -0.7966958345592515, 0.3505614704205242], [-1.6163218081948925, 0.9161616945965474, -1.7941311733364034]]","tensor(-3, dtype=torch.int32)"
"['Bi', 'Bi', 'Bi', 'Bi', 'Bi', 'Bi', 'Bi', 'Bi', 'Bi', 'Bi', 'Bi']","[[-0.07424862372901897, 0.0740751945284061, 2.6721350786815825], [-0.03399696828435015, 0.13440444468964827, -2.625712696017852], [2.126085979709848, 3.4300703810598097, 0.16316013512575117], [1.9439842257860704, -3.686112279181691, 0.025888110157710777], [-3.9087233064697244, 0.0857341332986469, -0.1901338814823028], [2.7744324075601794, 0.6623924500950124, 1.433423534638267], [-0.5416032735115734, 2.6110033916554096, -1.150094726612379], [-0.4317916947305267, -2.6734113359858256, 1.3469027410358982], [2.670672043362643, -0.8313102003065612, -1.1130493023067902], [-2.033528603975364, 1.7959982631836384, 1.4563183727390079], [-1.999154872280846, -1.8160872199051745, -1.1464882032534556]]",[-64251.609375],"[[0.8549406092476368, -0.6171406894086733, 0.12979779236548142], [0.47392805605864025, -0.7519699277466797, 0.6514268831891125], [-0.226093423580811, -0.6986894417792189, -0.032363917726448935], [0.3230924575868338, 0.7550542247995186, -0.28223364632719017], [-0.2553133586327268, 0.38391239919934567, 0.3975332370827581], [-0.7385127663807596, 0.5833568894629496, -0.20955767301421727], [0.18439087864255818, 0.446257417203873, 0.668071185791027], [-0.5187316616515861, 0.20935650979196477, -0.060900931406746975], [-0.4753848953351319, -0.4461797698455905, -0.19120656834865113], [-0.2567176959537176, 0.2822514383708761, -0.8535696962861717], [0.6083619099345048, -0.14332061974234647, -0.22154020305995975]]","tensor(-3, dtype=torch.int32)"
"['Bi', 'Bi', 'Bi', 'Bi', 'Bi', 'Bi', 'Bi', 'Bi', 'Bi', 'Bi', 'Bi']","[[0.10200057536678409, -0.11954694158151578, 2.5659907165173426], [0.10389637989719153, -0.1422800761004198, -2.5516366533257475], [1.9776442112156851, 3.3678359944143272, 0.012555673779121077], [1.914035080171064, -3.4344429165384835, -0.001242212931237829], [-4.197159805407587, 0.16081745592908225, -0.034956950438491216], [2.634669817913691, 0.8938746767294219, 1.2604768552375203], [-0.5872667502624964, 2.4922968561659937, -1.0906346071201471], [-0.5544590683319602, -2.5495487687472878, 1.178784601519352], [2.351717231768641, -0.8138113529540038, -1.2467610676344838], [-1.9107456953319435, 1.967041493156504, 1.3923797014922608], [-2.018555436976121, -1.908819906182955, -1.4386650143012876]]",[-64251.109375],"[[-0.14482702991511923, 0.8800428174722742, 0.2855413723679346], [-2.1480524603764404, 0.9486455440671834, -1.0698602694390418], [-0.004119327596989337, 0.618431383907277, -0.1644743312430879], [0.3783865812383912, -0.3001673064533274, -0.13484656758286828], [1.3093889999968522, -0.15246315909233657, -0.03466565796302864], [0.09123076088327885, -0.6883170916870532, 0.12077079845526671], [0.017407848670917228, 0.3044507666817613, -0.8336091829984025], [-0.9310211363997952, -0.6375706863925482, -0.2550247264327004], [2.6090628242319034, -0.4928158016719127, 1.0413719164840036], [-0.5822055488325217, -1.0251703580905744, 0.12484275962104097], [-0.6076785103374354, 0.5359765742831298, 0.9216875125575019]]","tensor(-3, dtype=torch.int32)"
"['Bi', 'Bi', 'Bi', 'Bi', 'Bi', 'Bi', 'Bi', 'Bi', 'Bi', 'Bi', 'Bi']","[[-0.038581549935160254, -0.04548203901010322, 2.358653250838718], [0.08218312793648175, 0.14236306530060466, -2.4932780836101793], [2.13033076897097, 3.6566055721959394, -0.014145271670081897], [1.8051641613020282, -3.466286100754594, -0.10544328501371172], [-3.95070823971294, -0.10594338624004569, 0.23654640784447653], [2.644100774738742, 0.8622415432050865, 1.2603098337691594], [-0.6079057986285638, 2.7922314298808018, -1.1255628822403125], [-0.6113225324136146, -2.655859060062972, 1.3034810751296617], [2.5468721614833205, -0.7730788350126065, -1.2635947350019596], [-1.8870827966088748, 1.8033058070838603, 1.276894226856552], [-2.0417542628429524, -1.7854620566512944, -1.282957527803399]]",[-64251.70703125],"[[1.0574639458223722, 0.09016442097022924, 1.0582964694850174], [-0.843666315669196, 0.059534080790516475, -0.0848016624616681], [-0.479261503975002, -0.8445415196678508, 0.12771463201357164], [0.48532612261150904, 0.12420276026926319, -0.17356735111888857], [0.02534411317004693, 0.23031666854000724, -0.1261993258189559], [-0.1367498534584388, 0.3753488726005221, -0.2860740538145894], [0.6961311927232215, 0.15384260812100364, -0.4876248957934047], [-0.4974396761465919, -0.42878897274024047, -0.7389606527984026], [0.4658027999463345, -0.3664386582602806, 0.3632497686731726], [-1.0906209104717621, 0.5004727053741275, 0.08653875213725903], [0.3226921880259919, 0.11044344269323167, 0.2685237968032565]]","tensor(-3, dtype=torch.int32)"
"['Bi', 'Bi', 'Bi', 'Bi', 'Bi', 'Bi', 'Bi', 'Bi', 'Bi', 'Bi', 'Bi']","[[-0.03254692337345684, -0.0273976344730969, 2.5276718095949606], [-0.07915106542896336, -0.031020627875409035, -2.555301241608122], [2.000152159811902, 3.2815224618391063, -0.03549042822571664], [2.071439140630325, -3.500991122993814, 0.03512018683683039], [-3.876858616763445, 0.15190299645295, 0.1517203000819937], [2.5774938850746905, 0.6986061446278987, 1.1840988608592569], [-0.5352262105371245, 2.6977771217949176, -1.2629525587057595], [-0.569018471491781, -2.7269314218275893, 1.471336471105233], [2.644988685087699, -0.9849843972834293, -1.1856384982743515], [-2.100793352175789, 2.134923919365835, 1.039602181668141], [-2.0792168957416077, -2.0422512704596523, -1.1741440090974666]]",[-64251.47265625],"[[-0.08584244559520354, 0.6258341082108225, -0.13044087704275387], [0.02306703496858796, -0.519715880484386, 0.4484993689745752], [0.4830653503552894, 0.4674089175546767, 0.09442597538765096], [-0.5559422297800569, -0.3694856228746338, 0.43368425301426755], [-0.5604812578036327, -1.0957770035942718, -0.56582401311857], [-0.053149102523479506, 0.07332836538882093, 0.5980646360960428], [0.13073999934946215, -0.13468397092929915, -1.0417570679499217], [0.1528470764280567, -0.043750542863941665, -0.7150601788539394], [-0.3619969208339701, 0.3263039728942361, -0.7841611855162378], [0.5043373326666598, -0.3248229138126112, 1.2587639508384707], [0.30930244102213034, 1.0019491699758543, 0.40825016661058683]]","tensor(-3, dtype=torch.int32)"
"['Bi', 'Bi', 'Bi', 'Bi', 'Bi', 'Bi', 'Bi', 'Bi', 'Bi', 'Bi', 'Bi']","[[0.03605247248020505, 0.1721643662798526, 2.585915955690424], [0.03610422122425493, 0.03544704243984246, -2.476626777507812], [1.9596928968084928, 3.4109642244982883, -0.011338111002509806], [2.0085326685291625, -3.303570287938737, 0.014380170760694817], [-3.942257790722199, 0.08636610668948048, 0.1749742283533199], [2.5226491512009677, 0.7410998592630048, 1.1973306969875874], [-0.3913911984002235, 2.7172054634213483, -1.402322469538779], [-0.47656561128827274, -2.617420301816611, 1.248733281772361], [2.544413830936861, -0.8573569706754743, -1.0459294978027254], [-1.7376669360828627, 1.8722141161521568, 1.233523504894773], [-1.9939248747660434, -1.9171163930064672, -1.2818835693343975]]",[-64251.26953125],"[[0.13345565142777932, -1.246929670682747, 0.5131901599527005], [-0.07378375943183427, -0.5826678334358065, -0.4239136956598373], [0.9256120465867226, 0.21573212923833454, 0.39386545355678565], [0.138199082265377, -1.899580399651412, 0.5521359665614654], [0.5600925067913042, -0.2845948459282613, -0.18163336898169663], [0.741029363542579, 1.3245163508972204, 1.2615613126203051], [-1.0005869987699574, -0.042550901462894815, 0.10107953123899899], [-0.738233544423492, 0.22721349957955944, 0.2885792866941701], [0.5670853970249743, 0.781717607724459, -2.2703974433211793], [-1.1475996732655012, 0.7604396604504654, -0.864949919373263], [-0.1134278780442262, 0.7500565117190684, 0.6198228657053733]]","tensor(-3, dtype=torch.int32)"
"['Bi', 'Bi', 'Bi', 'Bi', 'Bi', 'Bi', 'Bi', 'Bi', 'Bi', 'Bi', 'Bi']","[[-0.12277737660734488, 0.019695591118233054, 2.6002950520208605], [0.05694654943689392, 0.28649926484586563, -2.457593692760388], [2.1277443325602134, 3.5555467815195647, -0.17487717744571052], [1.957625245029501, -3.4309577220348744, 0.1220286059155674], [-4.106039813463975, 0.049921246049091234, -0.037886476940722086], [2.3932963845212796, 0.7301295575681898, 1.199684694902695], [-0.6465670117094866, 2.7420570800759396, -1.182453669371858], [-0.6093361487074823, -2.551666358272598, 1.2426200805727663], [2.618403746219987, -0.9583432279446469, -1.2922486128197728], [-1.8289807909917617, 1.8789791204446769, 1.2400185333156433], [-2.014590115416997, -1.7725369039190229, -1.1624713367702297]]",[-64251.47265625],"[[0.45526399654373134, -0.09183641027788263, 0.3012444450056084], [-0.09647319169754784, -1.3701190043711944, -0.45198635242656], [-0.3797939010406935, -0.8015295111675683, 0.29604921967140785], [-0.008570771971526961, -0.1688323535043097, -0.05130603191714664], [0.7931281698455811, 0.29047259668397446, 0.21781117582291812], [0.6907544988278428, 0.6418454048654139, -0.2549889366569622], [0.5824384909073694, 0.9359226901689949, -0.3999314605897653], [-0.06071632609798254, -0.6439351986671372, 0.35824799324748785], [-0.26203412315776703, 0.5378961609617305, 0.16611330756794834], [-1.6710853072834582, 0.07239510584877475, 0.4820805658794822], [-0.030159298394232294, 0.5908593726241561, -0.6734067420131434]]","tensor(-3, dtype=torch.int32)"
"['Bi', 'Bi', 'Bi', 'Bi', 'Bi', 'Bi', 'Bi', 'Bi', 'Bi', 'Bi', 'Bi']","[[-0.019088189764578514, -0.005995865096684657, 2.442377594187633], [-0.08097952925610238, -0.1145384009636562, -2.5567592643104837], [1.927567411213969, 3.2852740724505627, 0.03913233274794584], [1.9076770894036486, -3.472998237457974, -0.011673509172747724], [-3.91743609834165, 0.1617504280949138, -0.009929984924614527], [2.6695607782281177, 0.8343761721888318, 1.1889068265835963], [-0.6053907711441713, 2.6874143307807774, -1.1863617797266737], [-0.613299227341164, -2.5818214013116867, 1.2335481828708597], [2.734734571671212, -0.9593088628658479, -1.2583046509544409], [-1.9725715648270874, 1.7327313184715838, 1.3634702298291759], [-2.0274780121748286, -1.8685229885260457, -1.1831880220064204]]",[-64251.6953125],"[[1.0308920942204403, -0.25655597347570525, 0.7522717754242416], [0.5696601011502768, 0.5105079836560004, 0.25607198874977466], [0.3342007092315699, 1.151822455425873, -0.2701073915354876], [0.10807787221437638, -0.2105133525861914, 0.004879642815978184], [-0.42825480005292993, -0.617517099119023, -0.3533125523199386], [-0.012216495420212506, -0.8869143515698207, 0.25138321959552423], [-0.2745703148635282, -0.6610371578840945, -0.19821097713083471], [0.08839848350126313, -0.6694343854387553, 0.37416729578024643], [-0.6643055460247819, 0.31767380326472755, -0.0845097906698723], [-0.22221568365492625, 1.1297793474292013, -0.3472278790677162], [-0.5277675515836437, 0.19252091700938065, -0.3862583264392182]]","tensor(-3, dtype=torch.int32)"
"['Bi', 'Bi', 'Bi', 'Bi', 'Bi', 'Bi', 'Bi', 'Bi', 'Bi', 'Bi', 'Bi']","[[0.03161812023768948, 0.0035159881788722996, 2.291110421924843], [0.058556221549116466, 0.10458616418347289, -2.6200199555434436], [2.171744818276583, 3.5706580894148203, 0.18577120667246236], [2.221437221063994, -3.413903636283387, -0.004396544817857009], [-3.992452194602495, 0.1436685428427777, 0.16538120214175195], [2.4615374048846954, 0.8885023915083335, 1.1658862008086912], [-0.6395767052469795, 2.807030182819141, -1.107199754387822], [-0.6469664496957175, -2.5490414894401097, 1.2931669042133784], [2.519925990927634, -1.00219629680376, -1.4763139437649377], [-1.9310329237778585, 1.6501176808683655, 1.2380567345534734], [-1.9744180805728833, -1.7616637522667236, -1.1553821251885923]]",[-64250.92578125],"[[0.5441249189145541, -0.3016448174106334, 1.8486288202115115], [-0.8341527145063801, 0.153897012693893, 0.2865100617290779], [-0.9324074759887339, 0.1295312716648335, -0.435807162642967], [-0.9941170712076339, -0.27831785405353776, 0.5179490174177714], [-0.5418592615596345, -1.1000028710801386, -0.7668483957238114], [1.3892624206237918, -0.4801766629388128, -0.7582789041623647], [0.979046798828917, -0.05785098431108226, -0.3623566697866487], [0.7006393674918505, -1.3745587877580248, -0.42924961183659477], [0.557143964060231, 0.8894638588702498, 0.39455553802576027], [-0.502631404778565, 2.083688971011208, 0.35757354109435296], [-0.36552951568118447, 0.3301623781136876, -0.6483302448342949]]","tensor(-3, dtype=torch.int32)"
"['Bi', 'Bi', 'Bi', 'Bi', 'Bi', 'Bi', 'Bi', 'Bi', 'Bi', 'Bi', 'Bi']","[[0.14208159119413194, -0.057967918051298445, 2.5330425151771396], [0.09797349783397286, 0.034755340345955364, -2.5507888256391618], [2.176392407337574, 3.3070573541865556, 0.011317308483676874], [2.010510481884893, -3.3997333565514385, -0.1539919576506869], [-3.9521414174344125, -0.10723639317306562, 0.032767696056699935], [2.7640186597744805, 0.894429644579505, 1.2232296031650525], [-0.6300057858722014, 2.679324502422981, -1.2905873939623451], [-0.6426212935193995, -2.895265234164919, 1.261533752472976], [2.5714388992089763, -0.7087495347867586, -1.2275128215460056], [-2.0463905848831496, 1.8401576475741435, 1.2504395223063314], [-1.9764286739312522, -1.9655170079068143, -1.0825075152461223]]",[-64251.56640625],"[[-0.4303220709785422, -0.03944517168228646, -0.24120951304312377], [-0.8440478675887034, -0.15528443214675464, 0.19452966959477733], [-0.8845041981375673, 1.2498905547157992, -0.7965909334924328], [-0.24181783638648957, -0.17853955884191602, 0.11757188156030102], [-0.056052496658147384, 0.18515603936523642, 0.09937334624044632], [-0.14140535251943834, -1.095523492682793, 0.8666406777443423], [0.6290593017945845, -0.07688512861907681, 0.3430515310560389], [1.0073320345222223, 0.5646778146972999, 0.5230202640891778], [0.4942602996464257, -0.4392544482402536, -0.17410260367012229], [0.48683001310179447, -0.4761554553774258, 0.04701040522184543], [-0.04267525036474834, 0.4553654523304145, -0.9915104853855533]]","tensor(-3, dtype=torch.int32)"
"['Bi', 'Bi', 'Bi', 'Bi', 'Bi', 'Bi', 'Bi', 'Bi', 'Bi', 'Bi', 'Bi']","[[-0.04657714172453781, 0.24218677324761925, 2.5042639475464084], [0.025335344066766127, 0.050977527840328454, -2.5094370948092966], [2.0618893248757493, 3.3602785431985076, -0.07916958404730769], [1.9048858978518277, -3.3149921001631055, 0.04091302256987479], [-3.8866322435384886, 0.028305280598222588, -0.07542717247848929], [2.4647461396733696, 0.7713491343599114, 1.2726868994033396], [-0.6092123356768203, 2.6726462298581812, -1.1821042791337182], [-0.7939385352737057, -2.71281059728902, 1.2260672461091588], [2.4802984756865665, -0.935627996362731, -1.2578563768833377], [-2.0155962989051317, 1.9398826529464395, 1.1305149375477348], [-1.8733389127579896, -1.7910730614592976, -1.2249109914737604]]",[-64251.55859375],"[[-0.6219234581463279, -1.0244921007026626, 0.4615692705688227], [-0.18465709081065665, 0.18696568561204369, -0.3991560668708631], [-0.07279830646883657, 0.18146748131426652, -0.026137288648216767], [-0.4570770880706743, -1.309693418778993, 0.6983222880453531], [-0.3544758228756124, -0.010787634903748285, -0.03154701095301593], [0.7672777701884863, 0.07676927464675196, -0.3721564863111867], [0.6868793300065369, 0.49209599523400616, -1.0827990961218572], [0.9193760895410782, 0.41709327512131916, 0.7970994979781376], [0.6780840954630635, 1.0587613251928811, -0.24078774904800235], [-0.7142363969468624, -0.0021135009286034597, 0.9121204324194452], [-0.6685432405917114, -0.07437084545137843, -0.7110564548036888]]","tensor(-3, dtype=torch.int32)"
"['Bi', 'Bi', 'Bi', 'Bi', 'Bi', 'Bi', 'Bi', 'Bi', 'Bi', 'Bi', 'Bi']","[[-0.04666035573696524, -0.12722626285696406, 2.4340539492010533], [-0.0853211534978609, -0.10196172270483406, -2.4837291294194057], [2.0092594424339403, 3.4268524669635876, -0.028391836674556904], [1.9100316085683184, -3.525042448156347, 0.15119709983977675], [-3.89745780606523, -0.050376785267202955, 0.21258877915660315], [2.5153882616036634, 0.7132460811345989, 1.3536940388411298], [-0.6376603009134638, 2.6931396307220306, -1.298916533863494], [-0.40519753504021105, -2.5664310393424046, 1.2682033594307722], [2.7748011816138245, -0.8509203096748245, -1.2313721787789251], [-1.9419222510707408, 1.809216357395107, 1.2897374581942456], [-1.9980150714226166, -1.8657520582158744, -1.1296239051561663]]",[-64251.38671875],"[[0.22382108135398632, 1.6594788269934246, 1.3987210001486194], [0.7370071275393605, 0.3603988250719141, -0.03174472375292356], [-0.2144348012899173, -0.45025918721464353, 0.0433964349147092], [1.6384081107484896, 0.015604085111386463, -0.9764582107388885], [-0.3736887617960231, -0.14003217698594372, -0.1405913922318527], [0.6254859806508405, 0.5256726155727627, -0.7080888858987319], [0.35254080956953837, -0.3439584110631057, 0.3332461095235189], [-1.691260250693107, -1.6730655720301206, 0.024242281729390285], [-0.9106579881349716, -0.27702345716434046, 0.39371252425643316], [-0.07039617488286945, 0.47004450543640725, -0.21744700457036387], [-0.3269844928541772, -0.15414373588928348, -0.1271010121947733]]","tensor(-3, dtype=torch.int32)"
"['Bi', 'Bi', 'Bi', 'Bi', 'Bi', 'Bi', 'Bi', 'Bi', 'Bi', 'Bi', 'Bi']","[[-0.05276112644640854, -0.03306933169632437, 2.5194899722197874], [0.026486222655047704, 0.06263160231087357, -2.5163785839785997], [1.824918643951098, 3.5084265361512936, -0.010634867494852663], [1.9591512387337513, -3.464240866831708, 0.19326626193934696], [-3.838787157474287, -0.11982522383025469, 0.12689095412593762], [2.6656412574885255, 0.7482211068319078, 1.3235197232975933], [-0.6002139005827366, 2.745395104806121, -1.0974853841272127], [-0.3824203701725055, -2.5931587843646113, 1.0958066336136165], [2.4852246610663706, -0.8482408065080271, -1.2893680917488053], [-2.0556761480212606, 1.7251736018591282, 1.224449441876387], [-2.034666221238805, -1.8594722720117143, -1.1601321762386694]]",[-64251.21875],"[[0.5920693344389827, 0.3062747082700272, 0.2649532010303662], [-0.6834001112903804, -0.005438765502122331, -0.05912892613097468], [1.385060207300051, -0.22799305848787946, 0.8417899235475207], [2.3327199898716873, -0.475215459543383, -1.1041639467306172], [-1.4464926374453464, -0.256369157017003, -0.10153600514593546], [-0.583001048589231, 0.4471458366800634, -0.5174029148052148], [-0.793555487426593, -0.44302060222741446, -0.9665712851912177], [-2.2889546477297893, 0.001550336980282211, 1.4470711359755972], [0.6738561710935337, -0.06342930422753768, 0.4910372143684184], [0.3721959270554269, 0.8170610397077384, 0.8185718207582954], [0.43455297782938357, -0.1290342771497337, -1.0995035625709177]]","tensor(-3, dtype=torch.int32)"
"['Bi', 'Bi', 'Bi', 'Bi', 'Bi', 'Bi', 'Bi', 'Bi', 'Bi', 'Bi', 'Bi']","[[-0.1666925573950321, 0.10021505175134185, 2.7502117325218016], [0.009132129568836361, -0.04376185327353784, -2.7188465608896006], [1.9587483348961514, 3.289707812232821, -0.020197262104762748], [2.091357899435316, -3.48460362547676, 0.02896105905377889], [-4.1417729746291565, 0.03117417143546715, 0.027624974057449736], [2.6307499394601277, 0.8047694171501298, 1.1465475870789825], [-0.4477106293235293, 2.754085584083877, -1.2133465765479081], [-0.8493724032629044, -2.7380328951129798, 1.2221178638698154], [2.709493342911073, -0.7723017872765453, -1.1825991320475246], [-1.9200901273091076, 1.833661600134969, 1.4296571051577571], [-2.123416484715129, -1.726896376771633, -1.3080484952361653]]",[-64251.0390625],"[[0.9673657565060954, -1.3083471884214852, -0.3051571519537661], [0.14549587706027217, 0.3895241948974183, 0.7738896227235648], [1.2204580921593922, 1.1683371743570115, 0.3331563779737156], [-0.820440499566234, 0.4559199881659899, 0.23735517016890695], [0.7469866128518715, 0.28826427496116425, 0.23352520136609797], [-0.26446463973828516, -0.21170110005745627, 1.5285962341840171], [-1.4311919940963609, -0.9925949772969298, -0.6309665471712065], [1.04758936157668, 0.5330290599938882, -0.19872303831876684], [-0.6768299106494801, -0.8246236867160911, -0.9377183496068928], [-1.0358527833949545, 0.4625483986145563, -1.182909680889255], [0.09066316383644268, 0.03716758440212087, 0.14461558227455118]]","tensor(-3, dtype=torch.int32)"
"['Bi', 'Bi', 'Bi', 'Bi', 'Bi', 'Bi', 'Bi', 'Bi', 'Bi', 'Bi', 'Bi']","[[0.08097464357684481, 0.06647120234004195, 2.419062170543168], [0.18386509992662306, -0.05083554937343135, -2.5180838496160627], [2.062426241046861, 3.7349545421489947, -0.08051677580966256], [1.894652865308986, -3.4733070030658357, 0.024363190635159883], [-3.9860332746413083, -0.08484596899595548, 0.10824169441790565], [2.474495846017271, 1.0884811630589644, 1.4590097923911856], [-0.6957416225154953, 2.5696444404898977, -1.3670510368083801], [-0.5627902466201883, -2.740603773846051, 1.1133063041258944], [2.5848197882400052, -0.9576121758771602, -1.128707293058489], [-1.9114163541470703, 1.8384612444031914, 1.2164638019987275], [-2.05484693061881, -1.8092989251325946, -1.2915692690284262]]",[-64251.4140625],"[[-1.1558097244068186, -0.9198599714228255, 0.7688086058547585], [-0.5658970324886105, -0.00020816737392422726, -0.14604115691936356], [-0.824164487438301, -0.9486362880906994, -0.05737111335247787], [0.9227195539354691, -0.7533557531147026, -0.21665602995771355], [0.2050832311376633, 0.3040912748395406, 0.03871719941623733], [1.3290255541076812, 0.46905714985602115, -1.2872209363176463], [0.8164316333068257, 0.44045638820879407, 0.18036900259398075], [-0.94853755767487, 0.525495209356819, 0.5601105045233564], [0.6325596035682879, 0.7965971041434221, 0.31220172138947194], [-0.599748709595217, 0.077345047806149, -0.09510181593725849], [0.18127932788118323, 0.02393794008038685, -0.062381887644188706]]","tensor(-3, dtype=torch.int32)"
"['Bi', 'Bi', 'Bi', 'Bi', 'Bi', 'Bi', 'Bi', 'Bi', 'Bi', 'Bi', 'Bi']","[[0.13323104060296712, -0.0154013690157717, 2.7062975033411343], [0.07306242680661648, 0.05355303421819083, -2.5825270328102876], [1.9817570214111255, 3.250045413846416, -0.0261561605745292], [2.194520935237112, -3.4093119813712347, 0.04613673401245305], [-3.976378997691666, 0.17075721690404624, -0.038010464448362924], [2.590101400442515, 0.7229104026851575, 1.4030380394869977], [-0.5362085111638663, 2.4860719636488477, -1.1802808104726608], [-0.5226332739584015, -2.8312915495165796, 1.3097364635906288], [2.6174319911894295, -0.8787591744007348, -1.1116392803765527], [-2.000237953275491, 1.8246532141938527, 1.1646931781465986], [-1.9626960751285267, -1.9453756143279732, -1.044774955665844]]",[-64251.51953125],"[[-1.052819502511062, -0.3158561865937257, -0.19126657792952245], [-0.03233473568947851, -1.263517923204842, 0.25276565110550286], [0.5320540971375723, 0.32538578002702223, 0.2575763420388843], [-0.6176970764395454, -0.827560916587017, 0.43150452197437456], [-0.0771148825242466, -0.8411995979362071, -0.3187131465796988], [0.4399929723194945, 0.22455677721819045, -0.23376770794997906], [-0.09955826008176022, 0.8365006472078244, -0.6940501406770664], [0.6533259010310819, 0.4146198210943336, 0.42838510363298815], [0.09700206790942591, 0.7947438519629568, -0.6062962845158231], [0.3297987210820491, -0.10368549999598063, 1.343919448712286], [-0.1913692678464034, 0.7448402547494126, -0.6720240019706153]]","tensor(-3, dtype=torch.int32)"
"['Bi', 'Bi', 'Bi', 'Bi', 'Bi', 'Bi', 'Bi', 'Bi', 'Bi', 'Bi', 'Bi']","[[0.010719779212835324, 0.043623944741024746, 2.626498119939885], [0.06949434711249028, -0.1300783175051326, -2.556856187334058], [2.151883929051672, 3.4334980998250515, 0.10297488625275655], [2.200247856453771, -3.5928882222974043, 0.052715714441952735], [-3.9536941456493087, 0.010611703579235188, -0.09564598922641476], [2.6247078002844875, 0.8319023804001853, 1.1618475443906715], [-0.6095823417042936, 2.5787778822282563, -1.309592237277176], [-0.5604350802280053, -2.6413223317977192, 1.2224031457197937], [2.496907742214936, -1.0187757898141017, -1.160079233117115], [-2.0718899740045487, 1.9500317920132182, 1.315233929328412], [-1.8528336493065014, -1.9488654272214725, -1.3128886954020447]]",[-64251.64453125],"[[-0.08192274524259127, -0.04148262293699271, -0.4675913631355948], [-0.14116932511909605, 0.6077026787204769, -0.22088241166449604], [-0.8062819408711922, 0.2451546159089755, -0.6310066564026372], [-0.7875334462819125, -0.07280617404884798, 0.4457412422486148], [0.5578520462612578, -0.16257551908948467, -0.012000671759651162], [-0.06518655136302713, -0.4835910898195812, 0.5972207995732505], [0.525539432355576, 0.007912327515500221, 0.5950564437387392], [0.49278448561814175, -0.11288578635481265, 0.3522862702162281], [0.8106085956565514, 0.3825343899892428, -0.3734644586325606], [0.32329454640673466, -0.5937174124740523, -0.546187459007741], [-0.8399736952729914, 0.22824734073073188, 0.25995384244298564]]","tensor(-3, dtype=torch.int32)"
"['Bi', 'Bi', 'Bi', 'Bi', 'Bi', 'Bi', 'Bi', 'Bi', 'Bi', 'Bi', 'Bi']","[[-0.09235007793828595, -0.046822303977730836, 2.3908392707265165], [-0.08214925607301435, 0.02495887738022671, -2.475867662165417], [1.7223277326176756, 3.4719858760819293, 0.08465412910455629], [1.9804963286283452, -3.2845570431902185, 0.11516333039363302], [-3.9735356994332416, -0.0024947461078244867, 0.22205364982098952], [2.650527068005083, 0.7213888484079543, 1.142242245260199], [-0.5872611719967548, 2.5781116106804447, -1.1275667244250531], [-0.41333568250670705, -2.6673918546704414, 1.0895448212511334], [2.586331489861596, -0.8765845485897963, -1.100481616895608], [-1.947405656309655, 1.8306910889824213, 1.3151702144788269], [-1.9955444505610587, -1.8032196870115063, -1.3943256114495703]]",[-64250.9765625],"[[0.9775303613482865, -0.27406025913716753, 0.7266892848642673], [0.7945489622358768, 0.042271484101679156, -0.5065221030715275], [1.523078643757715, 0.10788349670821218, 0.6914157869255337], [2.0930848155843105, -1.9201600349217784, -0.3443618687936254], [0.18000431712051074, -0.4550930695113266, -0.36803953081528185], [-0.42502307586353755, 1.3340942296745086, 1.380795259024585], [-1.0991585203364305, 0.22078455542422343, -1.026326326709244], [-2.7344139426502827, 0.20417609402013864, 0.8051737947976897], [0.2636643063049677, 0.46781520350023315, -2.2356911310525494], [-0.789922002435703, 0.36231059559259493, 0.1407285863721824], [-0.7955115837902139, -0.08460944668335015, 0.7368975984842997]]","tensor(-3, dtype=torch.int32)"
"['Bi', 'Bi', 'Bi', 'Bi', 'Bi', 'Bi', 'Bi', 'Bi', 'Bi', 'Bi', 'Bi']","[[0.06641230864804376, -0.00587040304902991, 2.5385232828969935], [-0.005865042450994162, -0.06271335236539541, -2.471187676262333], [1.9561537773030342, 3.3899635049573593, -0.035295976398028346], [1.980049296899557, -3.3756589668523045, -0.09668990091528433], [-3.8843043599695357, 0.07043512281022657, -0.1061320620349313], [2.293546239480875, 0.7768115205737095, 0.9984475180000459], [-0.3393918707524395, 2.6303100333539255, -1.330045811482232], [-0.5591469561918562, -2.5993098445044533, 1.2224757512704152], [2.6052842078002607, -0.8119214121522556, -1.4467288603019635], [-2.025856535676888, 1.744504464117797, 1.1143291458448061], [-1.8927810472027131, -1.7598040945597961, -1.2531152677105148]]",[-64251.2890625],"[[-1.0429824563922214, -0.018881929774715, 0.3216473939693134], [0.2851926277428537, 0.5304091044279974, -1.3608707412009202], [1.2172292990292197, 1.165938848005821, 0.36073718243449626], [0.04487159588243011, -0.07176847624080722, 0.02354406228552809], [-0.9231797816550908, -0.5776459519723148, -0.38109559986689484], [1.8727046434882553, -0.3353180598594647, 0.49523947911425087], [-1.8782921679591031, 0.04275908380064769, -0.335091956922797], [0.11148345449539343, -0.4048972405513455, 0.19254107446927918], [0.2967299967418069, -0.365117984682287, 0.1357151895538011], [0.786336854210896, 0.9089888270423548, 0.37967943546484123], [-0.7914590087529645, -0.8703188999549051, 0.17969599025941002]]","tensor(-3, dtype=torch.int32)"
"['Bi', 'Bi', 'Bi', 'Bi', 'Bi', 'Bi', 'Bi', 'Bi', 'Bi', 'Bi', 'Bi']","[[0.11277476014710837, 0.1026406512423534, 2.6248656894230815], [0.08408111736667598, 0.011315536053028067, -2.5028314790711894], [2.0518967003949564, 3.4353824174463115, 0.007013753833219359], [2.0057237141247874, -3.348292007581749, -0.09629426636179035], [-3.9497854828616568, -6.185573013165385e-05, 0.1213669121917739], [2.6885813930674676, 0.8033221605743969, 1.13994426051391], [-0.5723497869088179, 2.609151519897897, -1.2336520142886016], [-0.6466439994279416, -2.6734992441713836, 1.1927765720474026], [2.717642235203992, -0.8903051767223935, -1.289293649874062], [-1.9297474503947833, 1.909242721306494, 1.2331272457583666], [-1.9307717097140584, -1.8124341714715102, -1.1433365022547253]]",[-64251.8515625],"[[-0.1251259925014517, -0.3757072845788196, -0.5397360433983855], [-0.02682804160438186, -0.17672045093025843, -0.15802852064171438], [-0.21362294930808637, 0.05427709752433095, -0.12330873578509091], [-0.36683949346412986, -0.8555489325910027, 0.4704615385991034], [0.20277617899902356, 0.040063337213980275, 0.002064697764149681], [-0.09345404643473826, 0.07025949496345556, 0.44455025518558045], [0.4166632835915453, 0.3404822776724438, -0.2973711788016909], [1.0173598566008164, 0.16749666467557534, 1.124362544302392], [-0.0834886507753196, 0.6356233317844955, -0.4396572889056744], [-0.17043055211054886, -0.3290672932514459, 0.5200192708246952], [-0.5745909655116755, 0.42713045602058053, -0.9959795793645831]]","tensor(-3, dtype=torch.int32)"
"['Bi', 'Bi', 'Bi', 'Bi', 'Bi', 'Bi', 'Bi', 'Bi', 'Bi', 'Bi', 'Bi']","[[-0.05276112644640854, -0.03306933169632437, 2.5194899722197874], [0.026486222655047704, 0.06263160231087357, -2.5163785839785997], [1.824918643951098, 3.5084265361512936, -0.010634867494852663], [1.9591512387337513, -3.464240866831708, 0.19326626193934696], [-3.838787157474287, -0.11982522383025469, 0.12689095412593762], [2.6656412574885255, 0.7482211068319078, 1.3235197232975933], [-0.6002139005827366, 2.745395104806121, -1.0974853841272127], [-0.3824203701725055, -2.5931587843646113, 1.0958066336136165], [2.4852246610663706, -0.8482408065080271, -1.2893680917488053], [-2.0556761480212606, 1.7251736018591282, 1.224449441876387], [-2.034666221238805, -1.8594722720117143, -1.1601321762386694]]",[-64251.21875],"[[0.5920693344389827, 0.3062747082700272, 0.2649532010303662], [-0.6834001112903804, -0.005438765502122331, -0.05912892613097468], [1.385060207300051, -0.22799305848787946, 0.8417899235475207], [2.3327199898716873, -0.475215459543383, -1.1041639467306172], [-1.4464926374453464, -0.256369157017003, -0.10153600514593546], [-0.583001048589231, 0.4471458366800634, -0.5174029148052148], [-0.793555487426593, -0.44302060222741446, -0.9665712851912177], [-2.2889546477297893, 0.001550336980282211, 1.4470711359755972], [0.6738561710935337, -0.06342930422753768, 0.4910372143684184], [0.3721959270554269, 0.8170610397077384, 0.8185718207582954], [0.43455297782938357, -0.1290342771497337, -1.0995035625709177]]","tensor(-3, dtype=torch.int32)"
"['Bi', 'Bi', 'Bi', 'Bi', 'Bi', 'Bi', 'Bi', 'Bi', 'Bi', 'Bi', 'Bi']","[[0.125366145122679, 0.13357973785638397, 2.349564355106487], [-0.2026288371068048, 0.07511175648594186, -2.399648457534312], [2.147369404683899, 3.311923257298067, -0.06893292606774852], [1.7916396823149423, -3.460874360437719, -0.033818896456914715], [-3.799266621718301, 0.0938927225619249, -0.08456009146753082], [2.635257716731011, 0.7466784878636161, 1.221120441926897], [-0.5920171169991243, 2.4990899836439278, -1.234738293040052], [-0.5304662675698864, -2.552934526512678, 1.3351909488190559], [2.5832959344307547, -0.9970873014239341, -1.263326203122353], [-2.1292288595268305, 1.8482710732342014, 1.24699964355789], [-2.1519697587858078, -1.8604547987548368, -1.253148857450313]]",[-64251.2578125],"[[-0.9931081697708767, -0.15885667342657545, 0.9705796372297102], [1.0376828956342097, -1.9457204139823745, -1.1018828627482244], [-0.39943842557571696, 0.19221495556449253, -0.3194149038634616], [0.5597803746954267, -0.7371655075814203, -0.13376253847031588], [-1.801247990810776, -0.2116882959566534, -0.1285792430613614], [0.9948626915355125, -0.02593323550441759, -0.6184555522903186], [0.08662663249176557, 2.1889155396696847, 0.9138034774767879], [-0.87150469338669, 0.002124446635016718, -0.10476006744368273], [-0.20939898443960805, 0.579641129125535, -0.21882712208622146], [0.8639934684699152, 0.7281121341382262, 0.5633392976535289], [0.7300528038743738, -0.6019593453121481, 0.1679327240121554]]","tensor(-3, dtype=torch.int32)"
"['Bi', 'Bi', 'Bi', 'Bi', 'Bi', 'Bi', 'Bi', 'Bi', 'Bi', 'Bi', 'Bi']","[[0.0654211722894442, 0.08880932220542868, 2.3758170304176045], [-0.014924176823578703, 0.03581537979113492, -2.358464603642748], [1.9814489456549937, 3.524852376016824, 0.062205364688874026], [2.1266384437907266, -3.451359816504216, 0.2112621499487983], [-4.06937724209457, 0.1568563167822845, 0.12473537519998093], [2.645986343174594, 0.8459740527918608, 1.2261589652566434], [-0.5110145801963794, 2.5991917517697214, -1.165034925125613], [-0.678203212913099, -2.739427076474426, 1.2421096452331928], [2.6385998582551107, -0.8557882540994458, -1.2976404691551224], [-1.8906372687318396, 1.768822445432153, 1.3830064020922053], [-1.9483624963888657, -1.6759556754911564, -1.0446250929851408]]",[-64251.5546875],"[[0.6555190532368768, -1.478032891535529, 1.1457150536091734], [0.5170650716635484, -0.31494493570887483, -0.749157139337372], [0.1694490072265111, -0.13796218068947788, 0.10234523460109586], [-0.47643231191848096, 0.4191815262602952, -0.12840996153588716], [0.5026405579108659, -0.2560932774956879, 0.00439093137138974], [0.3504796578728239, 0.10204230705961084, -0.40457184155584097], [-0.3561172674608686, 0.8571358183370948, 0.1817510741493183], [1.0814302400440552, 0.025638448080029318, 0.7862170407375197], [-0.0024985495503383093, -0.20165373758406255, 0.4633017836782632], [-1.173893331351997, 1.1906841869149083, -0.6381635831084407], [-1.2721974580422653, -0.20805162279608552, -0.7379095852465516]]","tensor(-3, dtype=torch.int32)"
"['Bi', 'Bi', 'Bi', 'Bi', 'Bi', 'Bi', 'Bi', 'Bi', 'Bi', 'Bi', 'Bi']","[[-0.019710349705934913, 0.08430711502715572, 2.507363852771448], [-0.09623891411830589, -0.16995104916436754, -2.4997278912435346], [2.1123899222614524, 3.481828702462557, 0.002769103458234709], [1.9698513254487018, -3.2272304158782905, 0.17748979170189272], [-3.9623720125197894, 0.03243229015801968, 0.13638268913819201], [2.6204656984763934, 0.6991028327617824, 1.2743286996278538], [-0.44216060102840643, 2.563984272550742, -1.1780980769341385], [-0.723912887088255, -2.5665168510040304, 1.0738359293869846], [2.6868041543083505, -0.8551760772474802, -1.1609813709580614], [-2.0406901092452743, 1.772994397348888, 1.1319448432748065], [-2.0425557359354207, -1.8584409808525884, -1.3550437104485864]]",[-64251.546875],"[[-0.05823330756196348, -0.52108936455043, 0.03736225815641624], [1.200311945121027, 0.8793902711301514, -0.4747334288569323], [-0.09833168893135406, -0.5162058085132827, 0.14831987548554387], [0.11141655435425067, -1.142210123847228, 0.3163272129525787], [-0.5940156606052037, -0.9351009651455809, -0.6219018608678653], [0.02931671657047448, 0.7834906414420628, 0.24081731675065962], [0.16802420391307238, 0.23309305010847786, -0.5574956911666233], [0.2619903115357427, -0.07476849248554986, 1.1715227729302586], [-0.2879154789139918, 0.503786859176319, -0.9848019593183085], [0.4317135013545469, 0.9242483327180782, 0.7622409763184371], [-1.1716143042532672, -0.12114921362718803, -0.03661311027305536]]","tensor(-3, dtype=torch.int32)"
"['Bi', 'Bi', 'Bi', 'Bi', 'Bi', 'Bi', 'Bi', 'Bi', 'Bi', 'Bi', 'Bi']","[[-0.05868528590031089, -0.06729956151993331, 2.537105541920164], [-0.05300897784761859, -0.13050283633939927, -2.5683834986550336], [1.8681320148361038, 3.480789422169915, -0.12683237646392884], [1.9771112202410486, -3.436800452881907, -0.0025247260891132425], [-3.9939880891872597, 0.08585894224250329, -0.09457298593417818], [2.678377483868581, 0.596483881540224, 1.4533656879981858], [-0.5102268224858072, 2.5870446081191805, -1.2194659314691192], [-0.4925420518269837, -2.516760790006128, 1.3322728435864652], [2.6428794656929586, -0.8626162214192483, -1.182389975136556], [-2.1500193968478887, 1.7005475456366437, 1.4567525224415014], [-2.2642898707194825, -1.784461613778497, -1.3293801990949838]]",[-64251.17578125],"[[0.5966623556587152, 1.0629995339807266, 0.9000629803862739], [0.2293058130637701, 0.19499046295740632, 0.28250968011477995], [1.3747937867165356, -0.41469818836189826, 0.9132954272119989], [-0.10141932842014534, -0.28974188876265344, 0.1927388952555791], [-0.6868654460418109, 0.28114447500547995, 0.3110914155881233], [-0.3537844528543484, 0.8884950666649234, -0.8645817371975657], [-1.3291957612308039, -0.5877154259450871, 0.03581289511054852], [-0.7482881059897066, -1.5980391977553081, -1.2034008701621075], [-0.16554812735941635, 0.41409269323356923, -0.016661045634932287], [0.21511902364045202, 0.5801512362739871, -0.7886739882731089], [0.9573106807189649, -0.5248359781427913, 0.2542348831060648]]","tensor(-3, dtype=torch.int32)"
"['Bi', 'Bi', 'Bi', 'Bi', 'Bi', 'Bi', 'Bi', 'Bi', 'Bi', 'Bi', 'Bi']","[[-0.01424679890463643, -0.021908631876836893, 2.4028760597683307], [-0.1310337482478409, 0.278148453279416, -2.368739750809247], [1.870408886864035, 3.4138687581675353, -0.19184975345209151], [2.0613617519546183, -3.5227030474506207, -0.07994751060872086], [-3.9540794964491246, -0.019936199051440947, -0.04608397365368977], [2.7127140479285248, 0.7889999313800784, 1.1111188838696866], [-0.6732062214952446, 2.5933210330466396, -1.3420624863175838], [-0.5789393547570485, -2.5980847936645746, 1.0519721186808688], [2.617625887209629, -0.6101370168070706, -1.2767198055854838], [-2.024416387251714, 1.7214444049368762, 1.2016578702397367], [-1.9809619675085113, -1.9265213212827896, -1.2725681754398595]]",[-64250.93359375],"[[0.5714511325999327, 0.014043249796887723, 0.22955094217432165], [1.1119960454988378, -3.872903163950938, -1.9956584639972759], [0.5521318527941391, -0.054574934278749786, 0.28685536107402304], [-0.11588729384021104, 0.8230445142837357, -0.2408411766011517], [-0.23524784143395558, -0.4555080457903598, -0.19141138253940565], [-0.4632837345241194, 1.0081131360932898, 1.1413045808145421], [-1.0522893407468945, 3.3091787148314915, 1.5225063158784535], [0.7011520457448815, -0.7406827786453444, 1.0071582278526892], [-0.30232060653814935, -1.316345894766418, -1.0154716373980783], [-0.13400057133222967, 0.5676186441146366, 0.29020119088462665], [-0.6299663874900175, 0.7138461032717865, -1.0390795196414635]]","tensor(-3, dtype=torch.int32)"
"['Bi', 'Bi', 'Bi', 'Bi', 'Bi', 'Bi', 'Bi', 'Bi', 'Bi', 'Bi', 'Bi']","[[-0.16960631748713262, -0.02907166905175236, 2.695548684346398], [0.04677225547585822, 0.16759325885197499, -2.565128998786708], [2.0701798392469115, 3.530662358349841, -0.07997912674108508], [2.129316522999389, -3.320430413325432, 0.060567673915283615], [-4.016454407056299, -0.0015129471042941778, -0.034402447498407436], [2.4602813485585604, 0.8455308142010302, 1.3010651514929945], [-0.5490111533163589, 2.5865714971588187, -1.421844469164105], [-0.4773647078243416, -2.554248154932469, 1.3970147347789226], [2.610565399859959, -0.8138511062282887, -1.3244468742394793], [-2.1123608275379926, 1.837672890343309, 1.1503183971243403], [-2.0895737705115067, -2.0180409973404725, -1.254505023170108]]",[-64251.42578125],"[[0.30391140036320136, 1.1158203064494816, -0.2368469142157516], [-0.08092345973695916, -2.182128337802326, -0.654302406550145], [-0.4106947214221057, -0.5599115010289503, 0.07284340364315034], [-0.3030853044620034, -0.1951378386718684, 0.1994275723954748], [0.08153044610594395, -0.46747010984365434, -0.3115930380914651], [0.005472518963034023, 0.14808168835735533, -0.4341389271479988], [-0.22359610970333327, 1.6049888934320529, 1.2473492749500223], [-0.28642722073954596, -0.9393869964785937, -1.006947911498136], [0.029738681111753054, 0.5309495506104804, 0.5515564395893832], [0.3734915580748221, 0.05694405288192393, 0.05041450140441587], [0.5022424480778703, 0.8887778881686015, 0.5333082819511559]]","tensor(-3, dtype=torch.int32)"
"['Bi', 'Bi', 'Bi', 'Bi', 'Bi', 'Bi', 'Bi', 'Bi', 'Bi', 'Bi', 'Bi']","[[-0.06042301835118957, -0.03391599341487682, 2.4702397892096517], [0.013721220509486487, 0.07467900569798774, -2.567959430487227], [1.9130662604857798, 3.320070475291524, -0.02357311278480988], [2.0072849761361207, -3.4841125243636375, -0.033864027737304514], [-3.9818351436541963, -0.0957169968113788, 0.13948991184542195], [2.6233389210355345, 0.7453606116123491, 1.37088467721095], [-0.5233420519442267, 2.6241429693858773, -1.1525963691212278], [-0.5564428225932182, -2.730918784907373, 1.3713978794809454], [2.4722906615346067, -0.8186841130621523, -1.4321805955017475], [-2.1791072023926152, 1.9507247644033983, 1.3594982638082087], [-1.9556309568515473, -1.700028472033236, -1.327737487847648]]",[-64251.5546875],"[[0.05516212314247712, 0.4024457951795553, 0.41084960476193816], [-0.5584387723261609, 0.13550204498421098, -0.4424254429394926], [1.1990490185518752, 0.30540737185138384, 0.6734319388380166], [-0.1937598294617655, 0.3330155328648839, -0.008539836441233734], [0.08027271316804162, 0.16799669309407825, -0.039106192112396194], [-0.30651772907482405, -0.13466309356011855, -0.9181301322621471], [-1.2795729286372746, 0.22543218690521155, -0.1277364864024922], [-0.039110408723905574, 0.07510890673179514, -1.0438782292275075], [0.939284152295438, -0.35342588660977614, 1.2162759334513666], [0.38965912646571854, -0.5538092414214082, -0.4854323092306173], [-0.28812306989769154, -0.6084318439790506, 0.7842084938404894]]","tensor(-3, dtype=torch.int32)"
"['Bi', 'Bi', 'Bi', 'Bi', 'Bi', 'Bi', 'Bi', 'Bi', 'Bi', 'Bi', 'Bi']","[[-0.018653420321334477, 0.14205912473551296, 2.657254364497211], [0.0729802794597862, 0.24152612526769235, -2.534705068976718], [2.0518909262069234, 3.615275526143533, 0.014167716447400931], [1.9775953579973353, -3.416028825738453, 0.03143234427211373], [-4.118692265371342, 0.19011771811755998, -0.011764079117282583], [2.7497644238968615, 0.8727269731366376, 1.2864149156252], [-0.6645467355216921, 2.6224036343836135, -1.3230117661185221], [-0.5417950691832065, -2.7090447811527123, 1.2606651174600132], [2.696253494318678, -0.7927989671697557, -1.142646094791644], [-2.0573657612005922, 1.8227296798688946, 1.2232809846133275], [-1.8845663863227702, -1.7955579914396993, -1.2822930693945411]]",[-64251.51953125],"[[0.32358826939382734, -0.4851612119638189, -0.5296655409837817], [0.483387458336933, -1.6906724961863724, -0.33075722886906], [-0.471465040716245, -0.7838927621982016, -0.0888579398895111], [0.3203132478033264, -0.017483243741588654, -0.19313998756988626], [0.5700221126749847, -0.7762946339466602, -0.4276380949086369], [-0.7452315768663199, 0.5403767626594453, 0.10964948559926986], [0.2731353813980486, 1.5089961897582083, 1.0221045729907037], [-0.29477256340380487, 0.7640032113968096, 0.21311983556408884], [-0.2550365020916718, 0.00010735307783358676, -0.26415852402712225], [0.21229029438275512, 0.3401660832313317, 0.2024552023033947], [-0.41729176439480964, 0.5919068406295966, 0.30322974911724554]]","tensor(-3, dtype=torch.int32)"
"['Bi', 'Bi', 'Bi', 'Bi', 'Bi', 'Bi', 'Bi', 'Bi', 'Bi', 'Bi', 'Bi']","[[-0.056690388904266864, 0.09156317494309603, 2.5199939321115097], [-0.041467780539480845, 0.04275254211273903, -2.4318908185111283], [1.9942565533802596, 3.314918023350131, -0.062306663540827416], [1.9172105889721207, -3.4768903701884675, 0.06694999995514032], [-4.015339750273637, 0.16812743075371447, -0.07853785900920683], [2.6559193544308743, 0.741180927291914, 1.322550341644627], [-0.5575686838144867, 2.6287028350362363, -0.9839339513459442], [-0.5428476353999182, -2.6741030249316573, 1.2147007135897196], [2.5601154974433844, -0.8263879298853002, -1.1725963821536685], [-1.8661865495735155, 1.8301972672217046, 1.313837556248304], [-2.276833715813065, -1.6451416146516464, -1.2436254922032082]]",[-64251.484375],"[[0.9876188614949425, -1.2666505570237638, 0.6766622746309363], [-0.014644348336386856, -0.11897760727776435, -0.10464642462129568], [1.0971191201844535, 0.23677641452819836, 0.4924045277834731], [0.50693738788311, -0.08212282860092064, -0.2808852562418361], [-0.5237103485581525, 0.9149959557804779, 0.6725690761413404], [-0.20372687062811468, 0.25183249440963984, 0.06440071895953461], [-0.24270265631626944, 0.3924008495444657, -1.9258534889012768], [-0.8615185232022738, 0.396362201791256, 0.05232264666764049], [-0.034687502067530906, -0.15261454572994174, -0.19168541086542396], [-1.8967300731152528, 0.39433622280518077, 0.7413265832318989], [1.1755501511426347, -0.9718487344498512, -0.18855169718257891]]","tensor(-3, dtype=torch.int32)"
"['Bi', 'Bi', 'Bi', 'Bi', 'Bi', 'Bi', 'Bi', 'Bi', 'Bi', 'Bi', 'Bi']","[[0.08492036558202538, -0.01755138730207377, 2.6099163639572094], [0.21709146994697043, -0.04596962700954472, -2.5887466624518214], [2.1149004204123765, 3.4591176079499344, 0.019398828566122406], [1.9558916343458017, -3.1932668710015646, -0.0530098160193786], [-3.91434078810356, -0.034416045673076844, -0.12431292142445922], [2.5047550155038674, 0.8849650806545035, 1.1623658770967933], [-0.6388027203434118, 2.50989838154603, -1.1466113565094924], [-0.5586124283994007, -2.769823875973353, 1.2368653303178312], [2.6413902823935143, -0.925514700384192, -1.3451887911599778], [-2.1552455767389125, 1.837468996100222, 1.1475141404292606], [-2.033135011396022, -1.8873184469086641, -1.2232391129487505]]",[-64251.28515625],"[[-0.6445121545346405, -0.04659597915919216, -0.3955197536649363], [-1.2813840147026458, 0.10229880045240108, -0.055986933491385636], [-0.7720029461835738, 0.3869892914709972, -0.4012240577057574], [0.18743511788605777, -2.3110013552728716, 0.7085815095360476], [-0.76145010454997, 0.007842501457346674, -0.07842902549660981], [0.4968660627150411, -0.6696544719907086, 0.21975899322979503], [0.9884004772869256, 0.5090058929389202, -0.8749582010570577], [-0.3041658368723285, 0.6664714445220404, 0.32754041708622517], [0.9946513467391276, 1.6536830430516865, -0.3038075277382141], [0.3577992326542881, -0.24656574094605452, 1.2665050325045986], [0.7371588227095152, -0.05140868583856348, -0.41258139796209653]]","tensor(-3, dtype=torch.int32)"
"['Bi', 'Bi', 'Bi', 'Bi', 'Bi', 'Bi', 'Bi', 'Bi', 'Bi', 'Bi', 'Bi']","[[-0.0861176413738675, -0.11110986571256197, 2.5045204516448942], [-0.03856569646488957, -0.09650061799119974, -2.4121674957772745], [2.1155415308100896, 3.398514878643367, -0.05910732923937954], [2.054310933409797, -3.3964424958130106, -0.10808026134559684], [-3.9562719372462665, 0.0908726937857553, 0.03538726331862934], [2.6824643799032786, 0.8815285509118864, 1.2068819792126313], [-0.41261313825979085, 2.699116638324974, -1.2337830437481243], [-0.6328565884848425, -2.6177400381955915, 1.2877321767549623], [2.418405867678834, -0.8029782670646118, -1.1499664162013883], [-1.9106618701647526, 1.742104278276061, 1.1793095113787082], [-1.7141665754183075, -1.8468749021515503, -1.1263834393461805]]",[-64251.16015625],"[[0.9749772545014468, 0.8304991748997748, 0.6640432933577348], [0.34910483683239885, 1.516936789139658, -1.2970358709371081], [0.26109201901796947, 0.47543462049768775, 0.03448956815262949], [-0.5941550144733798, -0.6798391314486151, 0.5933692849140704], [0.16165166979219725, -0.6943905549233117, -0.45544345964333804], [-0.33876184875452414, -0.34551382648915213, 0.734646339315022], [-0.45132583566024265, -0.14671242090282066, -0.26981654818552336], [0.8810949134659568, -1.417806309437734, 0.866040581935629], [1.3191129175142213, 0.2822234133309662, -0.4714129501374766], [-0.04156347389158054, 0.7430173416029782, 0.18804956045832136], [-2.5309326125094525, -0.5714341633097121, -0.5817540628684684]]","tensor(-3, dtype=torch.int32)"
"['Bi', 'Bi', 'Bi', 'Bi', 'Bi', 'Bi', 'Bi', 'Bi', 'Bi', 'Bi', 'Bi']","[[0.005065490465424354, 0.049407092664305735, 2.7690722220403448], [0.034144211389303604, 0.00030511464905142675, -2.462061506969585], [2.1383145782763817, 3.5397423803126578, -0.08480421533374594], [1.9205548008048965, -3.4461364347675723, 0.09107809535975483], [-4.110642458454593, -0.057363592402123076, -0.10310421775683239], [2.7073153293355574, 0.7868110114995518, 1.164157194826539], [-0.4249667771919286, 2.599315949295358, -1.0917357166495014], [-0.5149978524772324, -2.624496006377931, 1.4081684399328067], [2.4448140552279063, -0.739287802587295, -1.256180126232253], [-2.098364983436425, 1.7866335011835321, 1.194895484021641], [-1.8406071446982863, -1.8785742416342965, -1.2917898224438513]]",[-64251.57421875],"[[0.2338746144783694, 0.16183848625089955, -0.7587478736375546], [-0.8601815488212502, 0.4509615101414137, -0.9207444313979645], [0.15792048282730936, -0.5442704434337192, 0.3261018326522436], [0.4116745693771214, 0.25243726962868673, -0.28023219567879754], [0.8599902586405805, -0.11357155136809469, -0.13215924907701046], [-0.4842651305959835, 0.5427493779648468, 0.7540237260842986], [-0.3983374785950355, 0.5026119158058571, -0.3640975132749248], [-0.5203622561755193, 0.2997026564338301, -0.13456965961972162], [1.3504084024484935, -1.0849835065720836, 0.22263749907213926], [-0.06456177295035641, -0.38633247709527346, 0.39557102149023937], [-0.7053470599758015, -0.0782193262071554, 0.8957029012413888]]","tensor(-3, dtype=torch.int32)"
"['Bi', 'Bi', 'Bi', 'Bi', 'Bi', 'Bi', 'Bi', 'Bi', 'Bi', 'Bi', 'Bi']","[[-0.08880394946566843, 0.21383186386857034, 2.5879011670828223], [-0.04204462825935586, 0.024399390372847437, -2.563258291929188], [2.016134590107756, 3.2688752432894015, -0.11724312871310419], [2.126739905498285, -3.503553998104115, -0.010261671925377263], [-3.940645896798905, 0.1040224984043709, -0.10159891014277274], [2.614631511931231, 0.895298782620865, 1.253230743114624], [-0.7102279672407372, 2.6582576264001982, -1.2429787035065039], [-0.5010935170714392, -2.576567968358635, 1.2711073488960294], [2.7584194483880946, -0.8605607820042515, -1.3386573951814706], [-1.9048379635308146, 1.807458984713984, 1.1385223195074246], [-1.8732509675094866, -1.8332018885566463, -1.193892802727775]]",[-64251.58984375],"[[1.0553942066363642, -1.0580511861081912, 0.21079992790255467], [0.6449065619770425, -0.01955735380538074, -0.04525043271550235], [-0.24740932035838895, 1.0571806100977785, -0.5132117058090715], [-0.3850510899952453, 0.4789500917884066, -0.011115625572668365], [0.09696463262675724, -0.3963233781121147, -0.1788217118584036], [-0.045913613146163414, -1.0123179205216095, 0.08110174012845951], [0.8981500785795782, 0.25193873245083964, -1.000462557308339], [0.5209325271711176, -0.07490866910719103, 0.29908204321057713], [-0.7163611577708587, 0.11684266487963568, 0.5426017965620183], [-1.2835442567698307, 0.6328830485243125, 0.7384068368721093], [-0.5412925901104466, 0.02078001687682699, -0.12798644918965207]]","tensor(-3, dtype=torch.int32)"
"['Bi', 'Bi', 'Bi', 'Bi', 'Bi', 'Bi', 'Bi', 'Bi', 'Bi', 'Bi', 'Bi']","[[0.07992089514831888, -0.034822713047472684, 2.630302506483076], [0.004073291406106956, 0.18558510217215313, -2.3948623538197635], [2.0690163270696518, 3.305697914314415, -0.06667491035055836], [2.025842303280991, -3.650142055979998, 0.025936105674436896], [-3.9696897531934394, 0.10434085947118217, -0.017024026236539782], [2.551174527719731, 0.8613953194936622, 1.216711086808276], [-0.6969349097962081, 2.5551825931695764, -1.3448183195539014], [-0.5094868546549084, -2.5970645991157943, 1.2320980305543037], [2.6416093970160675, -0.9632082792648547, -1.2249002372298299], [-2.1004232555827063, 1.8941007288542289, 1.229587870332904], [-1.9543297605964238, -1.8784457583996126, -1.431210349982095]]",[-64251.359375],"[[-0.4918751887727709, 0.3812060545196041, -0.32868219320761954], [0.8300410040638162, -2.4060741177283886, -1.3103948161081147], [-0.6230321184407461, 0.8059379270785364, -0.6721345594675077], [-0.15109306888433666, 0.5755217053692344, -0.18043831957342768], [0.07533002172557984, -0.7729845939117947, -0.47699245276203833], [0.49910868297293376, -0.8899112310669771, 0.24270101080933895], [-0.07436169231907758, 2.215021507121922, 1.4239985577055372], [-0.3001067312294487, -0.25225209867691495, -0.3276957632248818], [-0.18085607264540604, -0.055971506863912286, 0.36655317525822445], [0.6003688600196456, -0.13172750919612294, 0.37360226983798916], [-0.1995505226164374, 0.5284715200173444, 0.8704623675904073]]","tensor(-3, dtype=torch.int32)"
"['Bi', 'Bi', 'Bi', 'Bi', 'Bi', 'Bi', 'Bi', 'Bi', 'Bi', 'Bi', 'Bi']","[[0.1981649037881289, -0.0882730244418391, 2.572190529823467], [-0.031202135594868383, -0.144591464814414, -2.5319640031163626], [2.013498516276094, 3.3469365595962524, 0.09413956602843504], [1.9968958097510303, -3.4015692555118986, 0.17041255454583482], [-4.004588761348113, -0.027718019745336428, -0.10583218573240194], [2.5286575206561785, 0.616778334864108, 1.1798194082150246], [-0.6956845529059714, 2.5974904997028236, -1.3576320364118282], [-0.5283715332385253, -2.5187100552998367, 1.1720438749679978], [2.649567539197143, -0.9628763052270856, -1.2050632229098266], [-1.9397415937020392, 1.8034110732857331, 1.26478578695734], [-2.0174761375971553, -1.594612389066846, -1.1970302690924681]]",[-64251.30859375],"[[-1.3874744744996306, 0.4657572399731965, 0.5684316273824821], [1.1057343774074044, 1.015182645243411, -0.6312457691284742], [-0.5494537902647654, -0.13720540176772683, -0.3113296027163118], [0.38382513590993805, -0.6918333343091458, -0.08481390091946363], [-0.6071838298164565, 1.1213584657124147, 0.8684800459600815], [1.2920659257861102, 0.9806506538652298, -0.010223560270185193], [0.6932741813151568, -0.10955507463913293, 0.6251285971143746], [-0.6362121147330617, -0.749939269350271, 0.5273453762117898], [-0.13436104019419032, 0.14001052828538946, -0.951008389175185], [-0.0750797504058705, -0.16720268457802484, -0.21734349190001767], [-0.08597125793460603, -1.8557548936623685, -0.3937906858356315]]","tensor(-3, dtype=torch.int32)"
"['Bi', 'Bi', 'Bi', 'Bi', 'Bi', 'Bi', 'Bi', 'Bi', 'Bi', 'Bi', 'Bi']","[[-0.03720331258332549, 0.004130610912759244, 2.718434498894758], [0.13839298111786352, -0.2836982475467271, -2.4997057545012575], [1.9639005385404913, 3.424510575784253, 0.012688772785282399], [2.1021885727799745, -3.47522100933895, 0.20820021555944748], [-4.03880909770108, -0.04889932383895726, -0.03776342338530218], [2.4790663724724618, 0.9368949444518727, 1.3911647903979687], [-0.6207204905501771, 2.689008285914333, -1.080923301088031], [-0.5286361036971291, -2.6484563943681083, 1.213017134338777], [2.611486950074338, -0.9087050806794512, -1.1621170465931119], [-2.1044059962853154, 1.6902415197759744, 1.3442149508530947], [-2.1082435476254613, -1.8734975543504773, -1.1978321804178125]]",[-64251.81640625],"[[-0.06958298592665754, -0.28074374264581387, -0.3086174987623135], [-0.7789814382316023, 0.8673893833977157, -0.028079321069791177], [0.0150437951437635, 0.33205476250584354, -0.044183002654111285], [-0.06694991772741435, 0.0013489341310829568, -0.005381162475136836], [-0.13869988201525354, 0.12828541723008563, 0.12124408738614914], [0.2870589925566713, -0.5310986746760562, -0.10729322251899018], [-0.05902860163030632, -0.7061034789429116, -0.31477565418340064], [-0.09249271043269057, -0.099480818411844, 0.451815939615071], [0.4289198933853977, 0.21142717457562113, 0.5456207875585533], [0.06022786765008466, 0.30054078510445725, -0.09871036121373325], [0.4047367007814395, -0.23238959589569302, -0.21078758660057598]]","tensor(-3, dtype=torch.int32)"
"['Bi', 'Bi', 'Bi', 'Bi', 'Bi', 'Bi', 'Bi', 'Bi', 'Bi', 'Bi', 'Bi']","[[0.1053617275953245, -0.20444323683040744, 2.6573718536253157], [0.04410851025547459, -0.09005207393736364, -2.582204207198966], [2.035412555027618, 3.5607663045410445, -0.08313333874946556], [1.9545653885387408, -3.461263901337048, 0.06996557220232429], [-3.822379807671825, -0.1335554792831025, 0.016915485726184225], [2.67181078261064, 0.5057594534665054, 1.1816422644945241], [-0.6073891110179376, 2.7090417716501074, -1.1817026689384316], [-0.7244610115580139, -2.7854184873424415, 1.1739232287615433], [2.6521142826409787, -0.889550391517178, -1.199554267342496], [-2.1170560408430004, 1.9217170744574656, 1.0979135308995651], [-2.003509609123381, -1.9749314236679985, -1.1148491000410758]]",[-64251.0],"[[-0.3976470341714199, 0.4132728194054522, -0.6890632262358476], [-0.24563726366052505, 0.11725897813304986, 0.47895220009416134], [-0.03737872351013947, -0.952623557071645, 0.3162617526300001], [0.028792159814288953, -0.2009916267329063, 0.02811729628442141], [-1.038299446512228, 0.39837517098816205, 0.2414655950591814], [-0.37328849223518124, 1.578665410532442, 1.3040770979368617], [0.7967631974992185, -0.2699062283132351, -0.8861404490915742], [1.133327985968988, -0.15078679890689906, 1.7549948478783424], [-0.3208146131962103, -0.6618141456878356, -1.5650277576250835], [0.33030425166435085, -0.6342349353118939, 1.2504294582355349], [0.1106772589436361, 0.36710082053352844, -2.223758634701912]]","tensor(-3, dtype=torch.int32)"
"['Bi', 'Bi', 'Bi', 'Bi', 'Bi', 'Bi', 'Bi', 'Bi', 'Bi', 'Bi', 'Bi']","[[-0.027765875340061377, 0.07201796415260137, 2.388485529773547], [0.02262927788666936, -0.10608341583365233, -2.311312485178891], [2.0905935034699485, 3.4136178627429103, 0.1677380497999056], [2.1171742867990333, -3.425610845859408, -0.03189662469286577], [-3.9085022610438602, 0.08174512564160712, 0.1306255690100157], [2.810026990470497, 0.8355274580054083, 1.1861248729452587], [-0.5240037402887939, 2.6945411227740874, -1.1961230229763753], [-0.6033552817760749, -2.5546776384220347, 1.1415904413812539], [2.6039373271662063, -0.9886262549388805, -1.247858278458549], [-2.1184128007550416, 1.7864606262471852, 1.0464440351256683], [-2.1220973837902184, -1.7759191075764633, -1.135193392472903]]",[-64251.203125],"[[0.6176209717440102, 0.07470724877448065, 0.166465857427806], [-0.2300895885835995, 0.5840516019201661, -0.728421180908609], [-0.371604058781366, 0.44101997433248713, -0.3642288452968146], [-0.7288161025719267, -1.0359715684264992, 0.7245259574715878], [-2.3279752734818002, -1.586528362555609, -0.8041119286066073], [-0.5469536481722508, -0.5895362822078584, 0.30831287429180637], [0.7008687100202876, -0.032019482272642265, -0.5123091452576973], [0.7177330991741554, -0.7001205185878301, 0.8920802148897302], [0.6264192916129784, 1.2091071796645003, -0.3478431958155366], [1.7162693849319886, 1.9900673399800175, 1.7467626852376463], [-0.18687101754144889, -0.36039404281739734, -1.073451074093922]]","tensor(-3, dtype=torch.int32)"
"['Bi', 'Bi', 'Bi', 'Bi', 'Bi', 'Bi', 'Bi', 'Bi', 'Bi', 'Bi', 'Bi']","[[-0.09671553778278719, -0.13910335875080834, 2.4847059154538758], [0.005950311234580963, -0.03130043055916795, -2.5635822716364074], [1.9683499293775395, 3.3496402574934017, -0.07264838896829821], [2.0335112834298896, -3.2790698364061424, 0.11955032669275341], [-3.9292339204412063, -0.17321799199312712, -0.11248653529259443], [2.4418897550732765, 0.7700548304868581, 0.8487738973758785], [-0.6708282717799114, 2.694599769770093, -1.0629657215447286], [-0.4733131955283389, -2.8101679549817042, 1.1344193343952966], [2.6566712603262808, -0.8907877413235952, -1.18229051477622], [-1.8279811764129774, 1.9249211466879237, 1.162716945735958], [-2.0345249833445544, -1.9869482517396035, -1.2895483580265457]]",[-64250.3515625],"[[0.4051418554409813, 0.1461164902835251, -0.23150909542160572], [-0.23786337469997068, 0.021211011137386642, 0.15466654429435533], [0.15977250087757675, 1.2232436268601636, -0.22532517753263812], [1.2473497891709382, -1.5251062168286291, -0.014290518066448911], [0.052785394069749456, 0.7422552662057947, 0.41969785548182825], [0.18151936620466858, 0.8499110144704085, 3.719777431208622], [1.0785089510215182, 0.36033161639822187, -3.4801227165264454], [-1.3879146476035369, 0.3309720703676722, 0.7368986269261313], [0.02521100194378854, -0.8385163931976756, -3.3364509353207135], [-2.0890286410006507, -1.558123827609843, 2.6767841761771685], [0.5441336606701221, 0.2374270068308412, -0.4115109957038123]]","tensor(-3, dtype=torch.int32)"
"['Bi', 'Bi', 'Bi', 'Bi', 'Bi', 'Bi', 'Bi', 'Bi', 'Bi', 'Bi', 'Bi']","[[-0.027907637598420323, 0.044320119919174616, 2.484526427610575], [0.05614471712376761, -0.0162698403701705, -2.3730438444741697], [1.9571744793421988, 3.476009069155669, -0.062099641931198046], [1.8391213523158045, -3.47395319397413, 0.021637576778583373], [-4.026485874776448, -0.047820795464051415, -0.08643585774732389], [2.577505216656702, 0.951496845889913, 1.1759093914945742], [-0.7030535432216525, 2.577620276069831, -1.1605543780597107], [-0.5695342024805041, -2.4858690930994807, 1.252565382343326], [2.382140244440337, -0.7813295926350896, -1.2280950335099439], [-2.0226308409878486, 1.9397879168501408, 1.3148561090482247], [-1.9373244725855787, -1.8685123604849525, -1.2694306090369514]]",[-64251.52734375],"[[0.36592562005260854, 0.6809411068711282, 0.5374811846826973], [-1.7406321434797367, 0.6780614697427693, -1.457394120859848], [-0.2889768308841583, 0.2669891559022075, -0.21781683225299167], [0.4711172216888124, 0.10615098359877166, -0.2568006912095242], [0.5099127215238953, 0.2808566141368272, 0.14565955357776442], [0.055410183312248604, -0.31646456135918316, 0.40679147613879835], [0.308342030617731, 0.6115922457274245, -0.4140860597837557], [-0.6153954236205215, -0.8146220899042016, 0.20513316198858536], [2.26837295557576, -0.9126989309496959, 0.8089399487848506], [-0.6801116685339776, -0.6172656450912074, 0.09289411127954718], [-0.672191637989159, 0.02361964761793835, 0.14033536163788668]]","tensor(-3, dtype=torch.int32)"
"['Bi', 'Bi', 'Bi', 'Bi', 'Bi', 'Bi', 'Bi', 'Bi', 'Bi', 'Bi', 'Bi']","[[-0.06585614367116802, 0.050127939368792264, 2.4804100950425156], [0.0207637450123259, -0.07390161401738506, -2.6551338576290657], [2.1346630172242596, 3.4583682729628773, -0.022119680232106084], [1.9711091450099618, -3.4300011149434853, -0.1389851243349388], [-4.067705076993904, 0.007383034572196291, -0.05993606881934649], [2.6224531185817033, 0.7901854466934773, 1.0546536120694194], [-0.4929851422363779, 2.4933424593387237, -1.2174628211460423], [-0.6096205736778322, -2.759140720052037, 1.23341125371059], [2.5896799995338315, -0.7841887390346911, -1.327673886407444], [-1.9591336342461088, 1.860686268088115, 1.2026465388305563], [-2.019883530892282, -1.8712851171952491, -1.0814986633395194]]",[-64251.796875],"[[0.6088277940842, -0.5189234660531714, 0.10564668714666779], [-0.34431399482636643, -0.1803531131676832, 0.3273722668467657], [-0.43431684758485806, -0.08954761298175307, -0.20569556540417216], [-0.12928573117754932, -0.020510302864292073, 0.13109866843821757], [0.45020421699874685, 0.2427224538215269, 0.15863895229083488], [-0.16382867546123658, 0.11136760052306857, 1.0856201120658173], [0.27640171265507285, 0.6625129719123785, -0.6347594406459878], [0.6377254668881974, 0.23470374428297047, 0.5952487623612404], [0.08614778997499274, -0.560215919811091, -0.647972861297829], [-0.707299556793012, -0.16504383090731248, 0.10901092606605627], [-0.29819280098092155, 0.29448279991776377, -1.0198589702514995]]","tensor(-3, dtype=torch.int32)"
"['Bi', 'Bi', 'Bi', 'Bi', 'Bi', 'Bi', 'Bi', 'Bi', 'Bi', 'Bi', 'Bi']","[[0.015439738618640234, -0.012755492743522018, 2.551893940698055], [-0.026782171058418514, 0.14479368447835403, -2.487580488467792], [2.098376380518075, 3.382412897419309, 0.022991009522736423], [2.0071493239449785, -3.643217054472006, -0.042940110913707516], [-3.903163374226376, -0.031799621037961634, -0.1759585084237647], [2.611454996010483, 0.8590553891649588, 1.3801902051163806], [-0.6813376688373619, 2.6061787203135816, -1.377956062027262], [-0.6136129593729064, -2.588754399612962, 1.1973918292671444], [2.5008882552316027, -0.6802230091276921, -1.2202993863098073], [-2.1904757622142093, 1.805194770537185, 1.1823333416435238], [-1.8849853470521931, -2.0468778975289736, -1.1860933623953132]]",[-64251.35546875],"[[-0.49289262627673, 0.4209648443962146, 0.011794397181495823], [0.03765872194098995, -1.572936475309755, -0.6243192133929394], [-0.6522295820386425, 0.1066091544347302, -0.4495071391253177], [-0.3235747453837423, 1.0400812219854, -0.20748824236075877], [-0.3355358838393885, -0.574912353584037, -0.2664957095114266], [0.005127773434015136, -0.2516075227589868, -0.24526517340586781], [0.22352314175538432, 1.3267177306376678, 1.2627995565854997], [1.001483285826159, -0.7425663698598406, 1.2362405605064621], [0.4034667293857417, -0.7420300374446838, 0.4938631154110785], [0.8599316374561817, 0.07330301429767305, 0.176664349428347], [-0.7367042514199671, 0.9169546232486778, -1.414587800725877]]","tensor(-3, dtype=torch.int32)"
"['Bi', 'Bi', 'Bi', 'Bi', 'Bi', 'Bi', 'Bi', 'Bi', 'Bi', 'Bi', 'Bi']","[[-0.07719111892723912, -0.12144809994816669, 2.5775423417136087], [0.044756995364514905, 0.023860157647563163, -2.567864771929177], [1.8629017320449217, 3.7048108474734462, -0.11620854331831823], [1.9422555682421032, -3.468137409277635, 0.13350445442357045], [-3.9222907628668287, 0.016591282397080354, 0.05590261235680455], [2.453298309182388, 0.7147167087408988, 1.336187352434267], [-0.4508414260735331, 2.7020677117921506, -1.3819183353756304], [-0.5335582955914326, -2.5630812586948637, 1.2855936423078735], [2.5785534155157976, -0.959127406959672, -1.1615889501422014], [-1.9610238325528915, 1.745554362537731, 1.0979359448431047], [-1.8962867019614793, -1.5734829408515156, -1.5502005304565623]]",[-64251.09765625],"[[0.07374827818864556, 1.1253174525429923, 0.5223867439209389], [1.5132400549761273, 0.878915645224888, -0.9806465400979034], [0.785824175957865, -0.7168748644657212, 0.7401078796615042], [0.31840265999075185, -0.3067110247170652, -0.057211602024403424], [-0.3844329450323881, -0.5468765150348841, -0.5187877117314059], [0.42587102615365613, 0.8448109714277187, -0.6212822246643523], [-0.8552625115409141, -0.0321839404059265, 0.10896634311265828], [-1.0509153424599347, -1.0419735549554645, -0.9943680110145336], [0.23700318595205663, 0.45202018816281814, 0.04976955524742832], [0.3644321682469134, 0.8341979659469687, 0.25152452750318016], [-1.4388034920917123, -1.4855004076744627, 1.5011445505951881]]","tensor(-3, dtype=torch.int32)"
"['Bi', 'Bi', 'Bi', 'Bi', 'Bi', 'Bi', 'Bi', 'Bi', 'Bi', 'Bi', 'Bi']","[[0.11159065660027268, 0.09042456489827819, 2.45634537022483], [-0.15848901699513288, -0.03153527517119619, -2.7885557074912857], [1.923508163904362, 3.419471041007641, -0.15508506368136937], [2.186033175297558, -3.3579817289937064, 0.07882379484905039], [-4.058096122741005, 0.05842711536655899, -0.19630202498562205], [2.5898045452654235, 0.7487127847473888, 1.1730774428067086], [-0.6949361479095696, 2.722349682151488, -1.1313884420345193], [-0.6882719905565386, -2.7122316488876397, 1.2450053721492884], [2.608833186730849, -0.8503766995143129, -1.2968569610812757], [-1.956102081822978, 1.900059260587897, 1.1149314782501838], [-1.9367247398678025, -1.9785292461983037, -1.2206919694244598]]",[-64251.29296875],"[[-0.9098938558541249, -0.5500564571780576, 0.2523256322678713], [0.35153103395722435, 0.01974440166349513, 0.9988967546197938], [0.457044846419255, -0.10610141270249061, 0.3388143507100251], [-0.7770407684954546, -0.22699860665885566, 0.3507854650514373], [0.7322999492763252, -0.10674963958892085, 0.120238836917894], [0.40035929239169293, 0.63119023326957, -0.30330693367670386], [0.7938331667211133, 0.10025569790983044, -2.3856220092451355], [1.2049327342702114, 0.2794445635020998, 0.5049693615942431], [-0.4704548023051068, 0.27960695446730266, -0.765522219982019], [-1.2507626733889592, -1.0415354387352211, 1.6596212661870953], [-0.5437665069362565, 0.7230629989661983, -0.7588460898324683]]","tensor(-3, dtype=torch.int32)"
"['Bi', 'Bi', 'Bi', 'Bi', 'Bi', 'Bi', 'Bi', 'Bi', 'Bi', 'Bi', 'Bi']","[[-0.09663622571454156, -0.11244307835339709, 2.429642485243686], [-0.12882145571199133, 0.21830847017327432, -2.5528727402700695], [2.0162260939264214, 3.4386735716012504, 0.01646278729945398], [1.9530334668720621, -3.475145306633878, -0.041003560927410754], [-4.008979330561824, 0.06928001535416015, -0.007093452665234943], [2.7952222611863067, 0.9492694215575382, 1.1479485981939472], [-0.5289139141495591, 2.666114856479547, -1.196355042200588], [-0.3333896545537476, -2.625493983176947, 1.3061394698138442], [2.560110957045056, -1.0289327733639273, -1.2719537745383784], [-2.0518876179878536, 1.6948621625822193, 1.1643503962862893], [-2.027247446803515, -1.6052532442828373, -1.1850744081103948]]",[-64251.14453125],"[[1.1216248321467879, 1.497847880304133, 0.8176719341556832], [0.7003529464417619, -1.1713217125521893, -0.3215606449008216], [0.11094506519657348, 0.522465419721053, -0.09902002504921499], [0.771448101815449, -1.0209758580805701, -0.2555306683917347], [-0.9710876874944993, -0.2934429938039683, -0.2071612492804153], [-0.6011494473697973, -1.011094074742057, -0.0014063443252250339], [-0.3372774986590382, 1.0079552702721457, 0.1635211713536011], [-1.6771366590203383, -0.9743627605070916, -0.3440705112227454], [0.1297377313625185, 1.3545298830884571, -0.25782167683780216], [0.3881176464264897, 1.039273895147628, 0.7813432548977723], [0.34402587684725583, -0.9609025138156768, -0.25776701515445494]]","tensor(-3, dtype=torch.int32)"
"['Bi', 'Bi', 'Bi', 'Bi', 'Bi', 'Bi', 'Bi', 'Bi', 'Bi', 'Bi', 'Bi']","[[-0.01287323364682967, 0.2140721054756293, 2.55855023384249], [0.0032324440125643637, 0.04739768183041704, -2.483664395004673], [1.9507335958531207, 3.41815620756369, 0.02585755479180717], [1.8425496553896008, -3.4484807611202073, 0.049540619402692866], [-3.870382829168462, -0.12213038370963865, -0.07073970906650154], [2.7476416746079657, 1.0383494445536456, 1.1005937254483773], [-0.521778240105403, 2.7243947443011556, -1.148803444387642], [-0.47771232817417, -2.773385006928963, 1.3708456215595597], [2.3716215321646525, -0.8806550707520842, -1.2805460959694681], [-1.9185475779077035, 1.8305228715306974, 1.324752683482683], [-2.09496861213184, -1.757494721831262, -1.10632601891795]]",[-64250.92578125],"[[1.2017821027192372, -1.2164343134934263, 0.3409249190367459], [-1.0416670792896605, 0.2128145940284828, -0.34231588661392637], [0.3704057183592361, 1.6415428014510747, -0.35755286941353864], [1.1601559195869775, -0.5013166447411029, -0.42749987232647574], [-1.8815513001233064, 2.0847924890964684, 1.286240317031257], [-0.15643464149116773, -1.7226344114274932, 0.7397726076244167], [-0.7179017636345306, -0.12967077979928415, -0.6139391499870371], [-1.2347014973055375, 1.0058392512037178, 0.3590400477240613], [1.28265516880645, 0.0019449825069682326, 0.4070057005723116], [-1.1134368925048488, 0.4844534382953416, -0.4907643687505064], [2.118556748647393, -1.8740632151477417, -0.8896602912600773]]","tensor(-3, dtype=torch.int32)"
"['Bi', 'Bi', 'Bi', 'Bi', 'Bi', 'Bi', 'Bi', 'Bi', 'Bi', 'Bi', 'Bi']","[[0.006761450978429401, -0.05488491794892917, 2.31189723571625], [0.0808744584017363, 0.34530556008644125, -2.539960629477299], [1.9881663422753624, 3.368534859223544, 0.026952130263112585], [1.9716904099512353, -3.484134629666487, 0.03267871286020336], [-3.9210321432911464, -0.1808568057774289, -0.04415226294819574], [2.4035731219960934, 0.8534849948150763, 1.4534932062624601], [-0.5169164650990553, 2.6846263093745097, -1.284245389371737], [-0.589384658427284, -2.501358930038222, 1.2816043698259136], [2.5655261557696742, -0.8612498851352679, -1.1665209440418365], [-2.069297172422694, 1.7760824206654262, 1.2089884822333263], [-1.9123937466276713, -1.8856919058569341, -1.3571294167007193]]",[-64251.04296875],"[[-1.5569981980252043, 1.1617895994364054, 2.050337116634738], [0.3078851967561535, -2.482674522226399, -0.7164727437095826], [0.2640991829334415, 0.38276028723754424, 0.10454018658009588], [-0.1662744644029533, 0.10204282128052662, -0.02269044013870851], [-0.09010034904412324, 0.1819766114429787, 0.015818679783959098], [2.286447306544454, 0.3228341644208383, -1.2589799236230979], [-0.9088751842199679, 1.6270757102065658, 1.0395469464539062], [-0.41913452646859306, -2.1083792882823067, -1.1455119363474409], [0.12762016963134315, 0.33275415437339373, 0.3042339711436691], [-0.1953262492154096, 0.06425529728455248, -0.35404490574819014], [0.33541334499515846, 0.40731814120073856, -0.03504168714990074]]","tensor(-3, dtype=torch.int32)"
"['Bi', 'Bi', 'Bi', 'Bi', 'Bi', 'Bi', 'Bi', 'Bi', 'Bi', 'Bi', 'Bi']","[[0.05101749384102753, 0.008268378500929366, 2.558665369288383], [-0.027248518052436634, 0.09643203979203639, -2.560480174572299], [1.8447174751103275, 3.3600972925523913, -0.019939991090487632], [1.9387920015029145, -3.4481214842932513, -0.03777270591361508], [-4.127849910848125, 0.06262906783591697, 0.04595671971582127], [2.6153224244687125, 0.7157732827275005, 1.3356814746143584], [-0.6571907527937761, 2.672058262197201, -1.2453637948754648], [-0.5555577931763036, -2.7520209067303076, 1.3696992928367453], [2.320328889321186, -0.742439875496066, -1.2512864637841938], [-2.022997709090324, 1.7695852128800558, 1.3045130971521433], [-1.920587657793786, -1.6542395625871031, -1.2905601893958216]]",[-64251.65234375],"[[-0.3569228973696186, -0.3508462459636823, 0.35510363519168625], [-0.6101349436521086, 0.40428243802444086, -0.754542574988319], [0.6458861528216004, -0.009142565061035886, 0.3913873201194665], [-0.04498873026483526, 0.0666572231821533, -0.02371250563090961], [0.6061826416934359, -0.23876300419212496, -0.15535246357391214], [-0.06405500823785681, 0.47554157844816963, -0.5284874608657335], [-0.44678593346111006, 0.20300007078575352, 0.24026272949299263], [-0.20958868053543872, 0.496561438244534, -0.6275063546289338], [1.5187082801945146, -0.5086084515931151, 0.44310287757393907], [-0.1333883913319955, 0.16266350228817436, -0.3061612197139149], [-0.9112400862116327, -0.7071483758437732, 0.9797687649946698]]","tensor(-3, dtype=torch.int32)"
"['Bi', 'Bi', 'Bi', 'Bi', 'Bi', 'Bi', 'Bi', 'Bi', 'Bi', 'Bi', 'Bi']","[[0.012894427295323736, -0.1076660530280138, 2.5811332975461885], [0.012291884298404207, -0.0017458108080182042, -2.46375549617209], [1.9274336458143915, 3.4586111224033536, -0.2169056318426161], [2.2166118370855847, -3.452038724234235, 0.2020048278667229], [-3.9612703555546567, 0.02978418032085385, 0.08577566850308402], [2.598780226306979, 0.7588013007057226, 1.3194939265577394], [-0.5614247297200099, 2.700467215162666, -1.220590137620052], [-0.41296266252004127, -2.7218821406754077, 1.2023998003325673], [2.6745260584504975, -0.7835674841834527, -1.3871564922087656], [-1.9579744564734738, 1.5898781443822325, 1.1603787117725455], [-2.191538288282512, -1.8628612540942238, -1.1143387454541078]]",[-64251.53125],"[[0.24928920918229153, 0.0868393142625315, -0.05049331604417723], [-0.36989201166437347, -0.41091105416137363, -0.1677422565849511], [1.1044817352565683, -0.24330938557479634, 0.8465505807857969], [0.13659466158605685, 0.46754138086258124, -0.4892382124945678], [-1.2514758977991438, -0.5370883199030426, -0.28320074160349457], [-0.04532585863942873, 0.3837759763903897, -0.7862268109349195], [-0.7908038913062629, -0.4312360986563383, -0.492004772443547], [-0.35426627785243275, -0.26591931928693063, 0.055877558702599577], [-0.18930204834288272, -0.17298206487254963, 0.9257431729202461], [0.6060998521259957, 1.3648862923322336, 0.9399804074154019], [0.9099941289327016, -0.2435072063610963, -0.49451684446130756]]","tensor(-3, dtype=torch.int32)"
"['Bi', 'Bi', 'Bi', 'Bi', 'Bi', 'Bi', 'Bi', 'Bi', 'Bi', 'Bi', 'Bi']","[[0.156008555566951, -0.19525908460540176, 2.5708252884927063], [-0.07553567887748125, -0.16749537599018324, -2.506548455841555], [1.8620357455112941, 3.5772154786912287, 0.19012923299169415], [1.9771014742828152, -3.5201451994447366, 0.1179051242797373], [-4.214982751750977, -0.10431319506546029, 0.0540408021196834], [2.860440833113276, 0.81360575812552, 1.35475517598193], [-0.6498076434787693, 2.8285566648630303, -1.3383608740580866], [-0.7651769597333526, -2.5429164076942015, 1.17238709480009], [2.676692979367252, -0.7949424346702072, -1.2976236376925518], [-2.132070502431159, 1.8246198837852172, 1.3192852223055158], [-2.0450627928422573, -1.730155672555786, -1.3054988253270652]]",[-64251.171875],"[[-0.08215923544175775, 1.1097833528982435, -0.15954007302364492], [1.128376552770958, 1.5715773894293528, -0.40457179013374933], [-0.04444319329528598, -0.6220823524093034, -0.02633585505484459], [-0.26199380823797, 0.7485025361115861, -0.17101558124642996], [0.7944620589011102, 0.33100976276079874, 0.17499184589977784], [-0.9197206175546496, 0.20437046952630286, -0.730184444428813], [0.24399335081487317, -0.8828149824292355, 0.8674798862788926], [0.5609959929403268, -0.8863919031193899, 0.1396540703465719], [-0.44258773106051225, -0.3724753032789693, 0.6791017386553889], [0.369060979242384, -0.5141347323528938, -0.6308163946637991], [-1.3294641845488402, -0.6648300513588759, 0.24248940890249618]]","tensor(-3, dtype=torch.int32)"
"['Bi', 'Bi', 'Bi', 'Bi', 'Bi', 'Bi', 'Bi', 'Bi', 'Bi', 'Bi', 'Bi']","[[-0.1547249431143196, 0.11744210363658261, 2.7181828785075304], [0.13241122965537355, -0.04102094115118935, -2.4175937326993258], [1.7405183344180915, 3.3660904054800054, 0.05975630439728746], [2.0815502750553554, -3.449065878533281, -0.005577487484614859], [-3.871566679401227, -0.15525589652718952, -0.07267280996502702], [2.489170342848504, 1.0878513381148156, 1.2497105030878566], [-0.5080899732476707, 2.5678396129646055, -1.379892550218998], [-0.6215478365868783, -2.4623460252785137, 1.0858762950803134], [2.685848667308143, -0.9830910374633703, -1.1092084524492634], [-1.9970595953902364, 1.888590453149939, 1.2447083868701265], [-2.1252836625204043, -1.8533579362911727, -1.2689566161912442]]",[-64251.03125],"[[0.4162577689773625, -0.26465485005503153, -0.6468492885968533], [0.032506038103151766, -0.5638843718242539, -0.633747453883736], [0.6300898005098043, 2.3928514411000634, -0.3191865383547644], [-0.6953984279182372, -0.9160753054826967, 0.6941756105805164], [-1.190387481446504, 1.4881579013672053, 1.018131187974484], [0.5905528969583522, -2.1481013113634395, 1.040670519154882], [-1.3876919899470048, -0.03337735459168328, -0.14755183512573727], [0.6026597141994383, -0.6093666976039357, 0.9715216899474161], [0.14833489073628459, 1.5091900510434568, -0.17832420312238803], [-0.3548496100592917, -0.16269049888625273, -0.4768775758094534], [1.2076102825786694, -0.6997615923886168, -1.326134604119175]]","tensor(-3, dtype=torch.int32)"
"['Bi', 'Bi', 'Bi', 'Bi', 'Bi', 'Bi', 'Bi', 'Bi', 'Bi', 'Bi', 'Bi']","[[0.12682518555296485, -0.10026363347978039, 2.723467371861374], [-0.21487035914026, -0.2686817997922319, -2.4362617062857903], [1.9269901870678021, 3.3953284616967987, 0.16988817734772632], [2.0417690347083752, -3.546835838044918, -0.0842606868825263], [-4.103876349806316, 0.02512949377134349, 0.1665912727350715], [2.7571164483544703, 0.9175030871737935, 1.4563955334881364], [-0.6980155816900891, 2.760665903189929, -1.2070660218290303], [-0.6057653050052935, -2.5984344756499476, 1.2822261572883797], [2.5973534391070094, -0.7388214158280029, -1.4363263802625479], [-2.053400457350397, 1.9340139172652053, 1.25519486201596], [-2.07811735629279, -1.7028886983258906, -1.3249267842155827]]",[-64250.76171875],"[[-0.16988084995158179, 0.5446293696329325, -0.5680109946733755], [2.7033462575817007, 2.9211856641328953, -1.6021668490462613], [-0.2832955639403641, 0.3136546011649122, -0.27133463117308426], [-0.40899193028159714, 0.8712383269523168, -0.04518247842148224], [0.47682497100976934, 0.06721160475145396, -0.08239901665478522], [-0.49384743167314726, -0.684166814675806, -0.7573882735362365], [0.6139175527085743, -0.524010653572967, 0.04468910402162952], [0.3837602926524584, -0.30587299889062114, -0.4524658634305233], [-0.3305412560844331, -0.4406559059241161, 1.1968908333683532], [0.08586825948517562, -0.6206019103927775, 0.30654775957630553], [-2.582434408329236, -2.130908849265305, 2.226608447017156]]","tensor(-3, dtype=torch.int32)"
"['Bi', 'Bi', 'Bi', 'Bi', 'Bi', 'Bi', 'Bi', 'Bi', 'Bi', 'Bi', 'Bi']","[[0.1352020496183178, -0.007802262858891996, 2.485611238611038], [0.012096515213285947, -0.1409496659071857, -2.590531545971108], [2.096920168063188, 3.2907370165302687, 0.060387163717898186], [1.9523548287184598, -3.524328051164611, 0.1931887755969431], [-3.9954443328284057, -0.11901300785526824, -0.16449250027916132], [2.560931388739218, 0.6556736082237355, 1.1294394659971037], [-0.5512584476491303, 2.6784266044172207, -1.3013263239484478], [-0.5966255631279564, -2.5675144226302034, 1.250797062543608], [2.78769966856564, -0.8311564668255284, -1.2826280719992575], [-2.114986028012311, 1.9081845918488098, 1.3327861523839732], [-2.023103358906814, -1.8924949999769094, -1.5087641961546467]]",[-64251.45703125],"[[-1.1615664275589574, 0.2741689654387631, 0.30942899078950337], [0.6541476260544958, 0.8025353272788308, -0.040270475683274125], [-0.4134093964806829, 0.5166490669426838, -0.43908079583699533], [0.4248518402985834, 0.49334647765699596, -0.4098020339123144], [0.35802533559095584, 0.4383327586708125, 0.2892390835512053], [0.9806717369227766, 0.2764711324787029, 0.5434024385278854], [0.11852951517175508, -0.5080670798129836, 0.6216833169786594], [-0.4206441248110436, -0.26981726809480544, -0.47308643068578576], [-0.758387404775594, -1.0629105737622968, -0.4257017446281819], [0.29974698227677016, -0.7596477602401667, -0.9272827503420865], [-0.08174734448821927, -0.19836894579616185, 0.9485139035127442]]","tensor(-3, dtype=torch.int32)"
"['Bi', 'Bi', 'Bi', 'Bi', 'Bi', 'Bi', 'Bi', 'Bi', 'Bi', 'Bi', 'Bi']","[[-0.04666035573696524, -0.12722626285696406, 2.4340539492010533], [-0.0853211534978609, -0.10196172270483406, -2.4837291294194057], [2.0092594424339403, 3.4268524669635876, -0.028391836674556904], [1.9100316085683184, -3.525042448156347, 0.15119709983977675], [-3.89745780606523, -0.050376785267202955, 0.21258877915660315], [2.5153882616036634, 0.7132460811345989, 1.3536940388411298], [-0.6376603009134638, 2.6931396307220306, -1.298916533863494], [-0.40519753504021105, -2.5664310393424046, 1.2682033594307722], [2.7748011816138245, -0.8509203096748245, -1.2313721787789251], [-1.9419222510707408, 1.809216357395107, 1.2897374581942456], [-1.9980150714226166, -1.8657520582158744, -1.1296239051561663]]",[-64251.38671875],"[[0.22382108135398632, 1.6594788269934246, 1.3987210001486194], [0.7370071275393605, 0.3603988250719141, -0.03174472375292356], [-0.2144348012899173, -0.45025918721464353, 0.0433964349147092], [1.6384081107484896, 0.015604085111386463, -0.9764582107388885], [-0.3736887617960231, -0.14003217698594372, -0.1405913922318527], [0.6254859806508405, 0.5256726155727627, -0.7080888858987319], [0.35254080956953837, -0.3439584110631057, 0.3332461095235189], [-1.691260250693107, -1.6730655720301206, 0.024242281729390285], [-0.9106579881349716, -0.27702345716434046, 0.39371252425643316], [-0.07039617488286945, 0.47004450543640725, -0.21744700457036387], [-0.3269844928541772, -0.15414373588928348, -0.1271010121947733]]","tensor(-3, dtype=torch.int32)"
"['Bi', 'Bi', 'Bi', 'Bi', 'Bi', 'Bi', 'Bi', 'Bi', 'Bi', 'Bi', 'Bi']","[[0.08508369866040845, -0.01562116288865024, 2.524017502701893], [-0.002372139692064668, -0.07957747207782374, -2.55042984825845], [1.9210220346159477, 3.3129361685890557, -0.06970623644077054], [1.9990635991867722, -3.363228719140668, 0.09770540530175531], [-3.96686000006011, 0.00991763735629026, 0.041449029620176416], [2.5818092347949615, 0.8416943406498261, 1.2399523542063862], [-0.47306209891461903, 2.673296748274361, -1.259794201787207], [-0.6058193253374449, -2.724410908739008, 1.1805598664142098], [2.4117158959927956, -0.9449238925169059, -1.4274155240783715], [-2.1789683943748575, 1.7810934167794408, 1.223643542513349], [-1.935310836852447, -1.7149725295972604, -1.2737121803112572]]",[-64251.4609375],"[[-0.6404292404633601, -0.03338053247694279, -0.044936377433399864], [-0.4729747933249703, 1.0233443596186453, -0.8786261388493047], [1.1356671769148639, 0.9482763334496546, 0.3712067717018356], [0.1894972980246038, -0.5284699773545971, -0.004171787900596131], [-0.7126232859340657, -0.72441848530019, -0.4589635589222989], [0.25276081742889456, -0.6998459246188045, -0.4188766961014218], [-1.4171115969805173, -0.3670639508938671, -0.21176995423807898], [-0.12343687963730289, 0.3492670735313269, 0.3256916900498188], [1.382138918277514, 0.234146534498633, 0.8093353846690841], [1.3116721408629082, 0.6352032132963045, 0.23248549809648572], [-0.9169690214343195, -0.8301998983267918, 0.2711063685085703]]","tensor(-3, dtype=torch.int32)"
"['Bi', 'Bi', 'Bi', 'Bi', 'Bi', 'Bi', 'Bi', 'Bi', 'Bi', 'Bi', 'Bi']","[[0.1154554460572611, -0.062018777950996355, 2.7974864271747615], [-0.0012344547679935215, -0.10927013612782979, -2.643355931079792], [2.06535166495233, 3.501428157597493, -0.11280531720704051], [1.7578680785489074, -3.475005318629155, -0.14566381580600993], [-4.03946242775832, 0.22640799728464858, -0.025613524263266258], [2.7751696584434273, 0.8046600851505415, 1.289279955375491], [-0.5917841347303171, 2.7112739718937733, -1.1684740210133062], [-0.5594903707388224, -2.5046114375245883, 1.2481404469354822], [2.544418930347158, -0.7011649796955993, -1.0761915687421213], [-2.000020341955055, 1.8578480786353564, 1.2806641379153645], [-2.025249509519858, -1.7145534034950887, -1.228968509090144]]",[-64251.66015625],"[[0.04044955311719394, 0.5957748103580816, -0.641132694676145], [0.130031711460069, 0.8031261671110602, 0.4404327854687598], [0.028752991607134116, -0.5546952440592944, 0.23106424290736582], [0.5024476736453575, 0.13705890022882158, -0.20733731852197781], [0.23021685826025465, -0.28521525346314797, -0.14299501505847562], [-0.6657031984738675, 0.8876265475381736, 0.8109716356230909], [0.30386455483777397, -0.4101024931934037, -0.3270287672750257], [-0.4947130711627686, -0.17250404510924203, 0.3885433699226626], [-0.037865593015407595, -0.8357647970773455, -1.1212864747842057], [0.3607069976667401, -0.16744040890738918, 0.4508935815584394], [-0.41456521083307796, -0.004258969428878113, 0.12938183906670828]]","tensor(-3, dtype=torch.int32)"
"['Bi', 'Bi', 'Bi', 'Bi', 'Bi', 'Bi', 'Bi', 'Bi', 'Bi', 'Bi', 'Bi']","[[-0.08396441692271613, 0.07915475568092484, 2.5529740511434156], [0.0802991736047401, -0.13061450616606435, -2.4977245792037777], [1.956727868935706, 3.533514940604023, -0.13330855579525314], [1.9815847453806679, -3.5148206380943883, -0.035594527754109616], [-4.066133914299108, -0.1485182544951808, -0.2396613869790507], [2.6187783823127333, 0.7121785568108258, 1.182070040577278], [-0.4831661481728694, 2.691967332696673, -1.26336734849135], [-0.5108274546870726, -2.5818683424239115, 1.333508699594161], [2.5556934081216878, -0.6879946972370331, -1.2995218266760595], [-1.8391282034757799, 1.7949096996218545, 1.2350253295232643], [-2.0706391465008065, -1.887629883698626, -1.1900404701561604]]",[-64251.3203125],"[[1.2207002902107238, -0.5462121416116984, 0.5120746605201024], [-1.2313071250404843, 0.5161358744687369, -0.5295976638228991], [0.9045711551549027, -0.5106660551655107, 0.6823696125751606], [-0.10626092403056507, 0.6588692025031728, 0.014431795120849864], [0.048472222156801886, 1.0634006262950337, 0.6838243435458975], [-0.2348161529751596, 1.056088919093581, 0.5759222834626259], [-0.7350674862450445, -0.5503032832176312, -0.5574278140057406], [-0.04879512203865576, -0.573761527174525, -0.4302823217017525], [0.9160922747729173, -1.1224352443100547, 0.05877730186876543], [-1.5947466412315792, 0.4847212959703705, -0.8908964783416085], [0.8529392614434275, -0.4857880472601528, -0.11952288713685574]]","tensor(-3, dtype=torch.int32)"
"['Bi', 'Bi', 'Bi', 'Bi', 'Bi', 'Bi', 'Bi', 'Bi', 'Bi', 'Bi', 'Bi']","[[0.10028099657350074, 0.20080907385981914, 2.664824736283583], [0.2007233206991098, 0.15294170091498716, -2.646938384225316], [1.8793031436642356, 3.3798352019297733, -0.0007170319090254009], [1.9493406645015752, -3.5431936545774203, -0.07374526620292203], [-4.018881398592173, 0.0592590102521649, 0.04174198534462521], [2.6259557615506246, 0.7498731247906324, 1.243745904298828], [-0.6056121264796037, 2.456018187651179, -1.291174869841446], [-0.6311140625942931, -2.6734460158194366, 1.3090725943009909], [2.578368839028095, -0.8211872695561598, -1.3631296059540852], [-2.011101289211039, 1.7844612627591745, 1.3218870561137965], [-1.9487625103228239, -1.9209533419358746, -1.2269533488173985]]",[-64251.53515625],"[[-0.22414735452504772, -0.9434549981433165, -0.1050434031682766], [-0.7887516356313914, -1.436347572997955, -0.5350180664961188], [0.2436686717286507, -0.022603433959758806, 0.10549905432174783], [-0.3011091020605755, 0.5307649453017159, 0.005105517438559332], [0.3918109353098847, -0.5729166622099012, -0.2682410781437616], [0.10019872223236219, 0.2172044465643912, -0.3872962299356253], [-0.46800376831004914, 1.2727250487018538, 0.7091224699394465], [0.5386083569300836, 0.41683734737153627, -0.09323833076056923], [0.6173191240664484, -0.5434605454913684, 0.8150776896355812], [0.006920102263041735, 0.26263236777118365, -0.31662664379183647], [-0.13018942301493824, 0.8137072908950319, 0.08824683975320008]]","tensor(-3, dtype=torch.int32)"
"['Bi', 'Bi', 'Bi', 'Bi', 'Bi', 'Bi', 'Bi', 'Bi', 'Bi', 'Bi', 'Bi']","[[-0.13845436870719194, -0.06173286633672236, 2.72939555477893], [0.08252313461455058, -0.019655038927967147, -2.60131666547945], [1.915616226597691, 3.2871450032622724, -0.1497995547564594], [1.968248429786508, -3.487962868203748, 0.1680535093632629], [-3.952474088682936, 0.04247574699367257, -0.017970364127802587], [2.5314576480503184, 0.8933028630095946, 1.1923969041225908], [-0.35791518085058915, 2.460396892035192, -1.2733988332872686], [-0.5620772853153889, -2.7562166801371295, 1.1983738516072469], [2.6901080352774884, -0.7824566547023397, -1.151356141864801], [-2.0178427846711267, 1.6926054549515668, 1.2132582047289662], [-1.9670963846130378, -1.8492118570449356, -1.3061118277216535]]",[-64251.36328125],"[[0.4354030364252568, -0.15605730618316954, -0.6289178910427454], [0.28289411167141587, -0.9835878837361557, -0.22890240675534199], [1.9456885322855961, 1.6166699357548746, 0.6555298518761081], [0.8239228036078852, 0.23358814200618927, -0.5129367004633133], [-0.3249071946207073, -0.7037740581944355, -0.5073160087433977], [0.035307436519175, -0.7692400372030966, 1.2512599250145169], [-2.6422028195910725, 0.2539508788942804, -0.6155481472325076], [-0.6801322373706088, 0.49720447149971486, 0.3874494163464357], [-0.29109686087572945, -0.7672104072485194, -0.21852347463545435], [0.544800090976971, 0.6225302388269465, 0.2802254079627093], [-0.13825456670218947, 0.1592607996442857, 0.14541355029165606]]","tensor(-3, dtype=torch.int32)"
"['Bi', 'Bi', 'Bi', 'Bi', 'Bi', 'Bi', 'Bi', 'Bi', 'Bi', 'Bi', 'Bi']","[[-0.01574256705126137, 0.1667630079204011, 2.480792171178278], [-0.0021485249847169497, -0.0788795765840554, -2.5237068401753406], [2.076847835576669, 3.47036537267209, -0.08521832696888204], [1.7988531973640252, -3.5395931798408076, 0.01483386900330968], [-3.9864034152382515, -0.08593947472693088, -0.13925015276663988], [2.62937393975422, 0.7791811799575986, 1.3071923062943327], [-0.5563588241118632, 2.5317701616414365, -1.2843010087148876], [-0.8624369301752186, -2.42607999999969, 1.1800112016063409], [2.4525778485395247, -0.865239151869667, -1.2122115245160268], [-2.112548307278579, 1.859109953350515, 1.219395953382724], [-2.0560360959780497, -1.8346989941374934, -1.2649136733397524]]",[-64251.74609375],"[[-0.18431014595878098, -0.31115805861880813, 0.31061020765513786], [-0.22977123441464112, 0.11201407905838515, -0.4936985132959378], [-0.25878908064665607, -0.6044265772660528, 0.08439974739389572], [-0.39827983443037673, 0.42527488984599426, 0.12428071616009519], [-0.46627984268990214, 0.7534693959370895, 0.4738676351010363], [-0.02435487039889996, 0.44650280342488247, -0.4927021588495256], [0.07610330713872737, 0.5766514487211994, 0.24239798042367078], [1.0714980630557958, -0.6800525331286631, 1.0868095050440127], [0.6796637821163346, -0.40189881839144176, 0.35792948481225473], [-0.11909562097793551, -0.02185265085388574, -0.390405620969154], [-0.1666939658260453, -0.299786834397743, -1.3188156978249013]]","tensor(-3, dtype=torch.int32)"
"['Bi', 'Bi', 'Bi', 'Bi', 'Bi', 'Bi', 'Bi', 'Bi', 'Bi', 'Bi', 'Bi']","[[0.18480509142061152, 0.14303072004521197, 2.581531153847062], [-0.11108145587344143, -0.06256938434875658, -2.607160514868478], [1.9352734036388144, 3.6004281982680446, -0.007366987979419557], [1.9505795322500987, -3.4889361236873615, -0.11387450777701649], [-4.1026596292796285, -0.08032173768357517, -0.05042310836338353], [2.569098845139073, 0.9618469059704199, 1.3974957607837246], [-0.40437863104596194, 2.5422549322172325, -1.2320000562104072], [-0.4279757139397769, -2.445973761716076, 1.1858194632401484], [2.533617606217322, -0.7484526437455615, -1.2598778571273495], [-1.9800959301105698, 1.971341054597145, 1.3956315653441729], [-2.116576244170705, -1.8631102156017183, -1.2024217988532235]]",[-64251.45703125],"[[-1.4491964110205093, -0.20911929968351617, 0.5638015822568136], [0.3892882703412591, -0.18123561910334207, 0.13206154710301257], [0.6342488192766199, -0.27486563193545965, 0.4163702805137348], [0.25771286769202345, 0.38429600800251634, -0.17488607065740222], [0.476828056335264, 0.7495057811182698, 0.5796555273111768], [1.2279549188905252, 0.38537648899074983, -1.2708553414520836], [-1.21816106732861, 0.33849054579935944, 0.1256645360665464], [-0.4579692099374583, -0.42845730024956347, 0.3317732779765465], [0.0017406516838745362, -0.02497939684332196, 0.26441383471180624], [-0.13559784434082048, -0.7476936666110668, -0.9207490593862063], [0.2561094754545349, 0.002422115753417011, -0.05043379497317588]]","tensor(-3, dtype=torch.int32)"
"['Bi', 'Bi', 'Bi', 'Bi', 'Bi', 'Bi', 'Bi', 'Bi', 'Bi', 'Bi', 'Bi']","[[0.10601110244950065, -0.004389957298311373, 2.6194651928207358], [-0.07444238011998834, -0.03862279383749326, -2.5626868221873047], [1.8946267518448352, 3.582235861982576, 0.0282409534549114], [2.188621662111539, -3.4167134800163037, -0.03523203067346399], [-3.9132077472246145, -0.13593557219530816, 0.11132879646183265], [2.6248912755831144, 0.9048037936696485, 1.2076371921809506], [-0.6160953646971851, 2.7398444983565073, -1.216730594895552], [-0.566483807772169, -2.6088606185311862, 1.2529187872078134], [2.6657800925100306, -0.7688784750598372, -1.1488117288505404], [-1.8465128613191997, 1.6698940523510541, 1.1448879403047474], [-2.0911978882660853, -1.7601233944590897, -1.3256690771320234]]",[-64251.75390625],"[[0.08947953013250401, -0.2747855163167814, -0.22219285224626567], [0.6169679111809717, 0.5139272442133771, 0.013493660766522107], [0.18492201742646566, -0.26430106606497605, 0.15005783933669165], [-0.6640540919969662, 0.03083848137979238, 0.4049535991637148], [-0.5859835299007455, 0.45335469428344627, 0.33538064054491495], [0.022396819995799053, 0.5063806408975968, 0.428305707923592], [0.23117135512412249, -0.3225181756680925, -0.7457082596552465], [0.4779116226489922, -0.1601457224182487, -0.4823388076233861], [-0.34307492810770684, -0.02023804860043321, -0.7999369689914027], [-0.6594934666949278, 0.40077288027425345, 0.807040930942881], [0.6243258982648445, -0.8661459972233636, 0.11131520141175076]]","tensor(-3, dtype=torch.int32)"
"['Bi', 'Bi', 'Bi', 'Bi', 'Bi', 'Bi', 'Bi', 'Bi', 'Bi', 'Bi', 'Bi']","[[-0.13698662458787428, -0.32176890361313976, 2.6025615030472267], [-0.061825770712362754, 0.01206528798348487, -2.449549750972436], [1.8716214498391985, 3.5011726462003545, -0.019597607889386942], [2.0800362292897647, -3.5354268725702576, -0.0003926901071297541], [-3.960996697205275, -0.005309896187559719, -0.047480437106153475], [2.715897347661378, 0.8822473543484087, 1.2169618687201162], [-0.5349017146338813, 2.709297360349234, -1.1641462140370873], [-0.6197778925067978, -2.7519436525741923, 1.2949096475265292], [2.540945758777382, -0.7488448492125299, -1.1410162678763411], [-2.0081164408262158, 1.8875432920536295, 1.1422202797158632], [-2.1348236458404632, -1.8161918636880452, -1.2957538077228394]]",[-64251.44140625],"[[0.5754733686031512, 1.719472981237288, 0.007013453928092142], [0.0786538943030797, -0.06685967195669525, -0.1756223321646137], [1.2447118358729952, 0.04414070798378851, 0.7060016632015874], [-0.41877621733447873, 0.5462903031908968, 0.09497917424884535], [-0.3929221152867902, 0.42226762308633914, 0.24471032903774295], [-0.7320042722497527, 0.2785973845433549, 0.6763650549416164], [-0.7689201917934825, -0.2036873784617829, -1.1631342871311658], [0.052073043835121666, -0.9104219607346292, -1.025558594881987], [0.020767295051370635, -0.7009036770425606, -0.4390048454077349], [-0.20792245050204203, -0.7686656524401722, 1.0182540867733552], [0.5331565867810012, -0.3717053603017743, 0.05897409421323381]]","tensor(-3, dtype=torch.int32)"
"['Bi', 'Bi', 'Bi', 'Bi', 'Bi', 'Bi', 'Bi', 'Bi', 'Bi', 'Bi', 'Bi']","[[0.029407354454409448, -0.11482273929646375, 2.539766587730949], [0.09153250204080966, 0.10457909481781463, -2.7172999934298185], [1.9417962564029878, 3.2067162665034967, 0.019261878372302768], [1.8924301938436705, -3.438896790639583, -0.015982346310781877], [-3.8739756120464, -0.11346922324330284, -0.14934911635636774], [2.769489371913499, 0.8824107739792256, 1.1424000205886513], [-0.6244478659407443, 2.6462212029773595, -1.144269739116408], [-0.5810362461953752, -2.680039321314823, 1.2359399267840852], [2.7796799332658044, -0.9695173422949082, -1.2298597406398692], [-2.037852921076741, 1.7202189510664476, 1.25481787973719], [-1.997531658200861, -1.8371587597397674, -1.2168474993538885]]",[-64251.4453125],"[[0.3638318667498337, 0.4668114956947254, -0.05353651656142693], [0.040876685578676096, -0.39121510753477234, 0.8478973253642204], [0.09969026059084053, 2.024634812601388, -0.48485843868860856], [0.507947780560523, -0.5750511932312973, -0.1280712956407555], [-1.042018806396053, 0.7862782330264974, 0.4883650139574845], [-0.09221066026038613, -1.736566198698677, 0.8739750106660894], [-0.1480457443153424, -0.3229278554716931, -0.7392856404171746], [-0.30325828837807123, -0.045083722294607005, 0.2386142400811903], [-0.572550536917867, 0.4403507672326931, -0.3529108429405325], [0.06319317398301226, -0.18485655710388707, 0.42026025889741503], [1.0810137211022746, -0.4663776475080832, -1.1172992058032603]]","tensor(-3, dtype=torch.int32)"
"['Bi', 'Bi', 'Bi', 'Bi', 'Bi', 'Bi', 'Bi', 'Bi', 'Bi', 'Bi', 'Bi']","[[-0.06274609132294465, -0.12069579875123669, 2.4151658518807433], [-0.07426582745720602, -0.1090855986860424, -2.5803501127785884], [1.9807842100929447, 3.6541153075696258, -0.0673104309329353], [1.9126032269748492, -3.3521913764558358, 0.04235984093705292], [-4.095807584774713, -0.06656028720311286, 0.05513425387185969], [2.6342067848113038, 0.8481775247596467, 1.4205303327260057], [-0.5009411345482079, 2.6552018228609993, -1.2609044199875319], [-0.6196671461837863, -2.6355193280285887, 1.2764292718383803], [2.6769647241901624, -0.9247966201052631, -1.256818376117535], [-2.0516174409137915, 1.9920431385964676, 1.1757887714531479], [-1.9768856833961184, -1.8631308268311961, -1.1575168718737137]]",[-64251.51171875],"[[0.1959501534525235, 1.614994089790353, 0.6494723294882387], [0.6013489650851193, 0.29652929631837854, 0.3035216723311329], [0.19271894348404692, -0.840939916373739, 0.5072737397841207], [0.2949778918154752, -0.7217949301878888, 0.08629295453951698], [0.6442817835643718, 0.30693291104222353, 0.07747350019091044], [-0.4014200272967606, 0.2561132292672201, -1.080286612727364], [-0.15148192274084826, -0.04790240367560955, -0.3320321367855493], [-0.19304264555052938, -0.9986021060350528, 0.07857892089355921], [-0.38104258369047816, 0.8871781468996149, 0.1988430574805095], [-0.10959024734977217, -0.8644644948287683, -0.01219330919912006], [-0.6980780331103584, 0.1185060666979956, -0.4701784085628759]]","tensor(-3, dtype=torch.int32)"
"['Bi', 'Bi', 'Bi', 'Bi', 'Bi', 'Bi', 'Bi', 'Bi', 'Bi', 'Bi', 'Bi']","[[0.03161812023768948, 0.0035159881788722996, 2.291110421924843], [0.058556221549116466, 0.10458616418347289, -2.6200199555434436], [2.171744818276583, 3.5706580894148203, 0.18577120667246236], [2.221437221063994, -3.413903636283387, -0.004396544817857009], [-3.992452194602495, 0.1436685428427777, 0.16538120214175195], [2.4615374048846954, 0.8885023915083335, 1.1658862008086912], [-0.6395767052469795, 2.807030182819141, -1.107199754387822], [-0.6469664496957175, -2.5490414894401097, 1.2931669042133784], [2.519925990927634, -1.00219629680376, -1.4763139437649377], [-1.9310329237778585, 1.6501176808683655, 1.2380567345534734], [-1.9744180805728833, -1.7616637522667236, -1.1553821251885923]]",[-64250.92578125],"[[0.5441249189145541, -0.3016448174106334, 1.8486288202115115], [-0.8341527145063801, 0.153897012693893, 0.2865100617290779], [-0.9324074759887339, 0.1295312716648335, -0.435807162642967], [-0.9941170712076339, -0.27831785405353776, 0.5179490174177714], [-0.5418592615596345, -1.1000028710801386, -0.7668483957238114], [1.3892624206237918, -0.4801766629388128, -0.7582789041623647], [0.979046798828917, -0.05785098431108226, -0.3623566697866487], [0.7006393674918505, -1.3745587877580248, -0.42924961183659477], [0.557143964060231, 0.8894638588702498, 0.39455553802576027], [-0.502631404778565, 2.083688971011208, 0.35757354109435296], [-0.36552951568118447, 0.3301623781136876, -0.6483302448342949]]","tensor(-3, dtype=torch.int32)"
"['Bi', 'Bi', 'Bi', 'Bi', 'Bi', 'Bi', 'Bi', 'Bi', 'Bi', 'Bi', 'Bi']","[[-0.1666925573950321, 0.10021505175134185, 2.7502117325218016], [0.009132129568836361, -0.04376185327353784, -2.7188465608896006], [1.9587483348961514, 3.289707812232821, -0.020197262104762748], [2.091357899435316, -3.48460362547676, 0.02896105905377889], [-4.1417729746291565, 0.03117417143546715, 0.027624974057449736], [2.6307499394601277, 0.8047694171501298, 1.1465475870789825], [-0.4477106293235293, 2.754085584083877, -1.2133465765479081], [-0.8493724032629044, -2.7380328951129798, 1.2221178638698154], [2.709493342911073, -0.7723017872765453, -1.1825991320475246], [-1.9200901273091076, 1.833661600134969, 1.4296571051577571], [-2.123416484715129, -1.726896376771633, -1.3080484952361653]]",[-64251.0390625],"[[0.9673657565060954, -1.3083471884214852, -0.3051571519537661], [0.14549587706027217, 0.3895241948974183, 0.7738896227235648], [1.2204580921593922, 1.1683371743570115, 0.3331563779737156], [-0.820440499566234, 0.4559199881659899, 0.23735517016890695], [0.7469866128518715, 0.28826427496116425, 0.23352520136609797], [-0.26446463973828516, -0.21170110005745627, 1.5285962341840171], [-1.4311919940963609, -0.9925949772969298, -0.6309665471712065], [1.04758936157668, 0.5330290599938882, -0.19872303831876684], [-0.6768299106494801, -0.8246236867160911, -0.9377183496068928], [-1.0358527833949545, 0.4625483986145563, -1.182909680889255], [0.09066316383644268, 0.03716758440212087, 0.14461558227455118]]","tensor(-3, dtype=torch.int32)"
"['Bi', 'Bi', 'Bi', 'Bi', 'Bi', 'Bi', 'Bi', 'Bi', 'Bi', 'Bi', 'Bi']","[[0.05101749384102753, 0.008268378500929366, 2.558665369288383], [-0.027248518052436634, 0.09643203979203639, -2.560480174572299], [1.8447174751103275, 3.3600972925523913, -0.019939991090487632], [1.9387920015029145, -3.4481214842932513, -0.03777270591361508], [-4.127849910848125, 0.06262906783591697, 0.04595671971582127], [2.6153224244687125, 0.7157732827275005, 1.3356814746143584], [-0.6571907527937761, 2.672058262197201, -1.2453637948754648], [-0.5555577931763036, -2.7520209067303076, 1.3696992928367453], [2.320328889321186, -0.742439875496066, -1.2512864637841938], [-2.022997709090324, 1.7695852128800558, 1.3045130971521433], [-1.920587657793786, -1.6542395625871031, -1.2905601893958216]]",[-64251.65234375],"[[-0.3569228973696186, -0.3508462459636823, 0.35510363519168625], [-0.6101349436521086, 0.40428243802444086, -0.754542574988319], [0.6458861528216004, -0.009142565061035886, 0.3913873201194665], [-0.04498873026483526, 0.0666572231821533, -0.02371250563090961], [0.6061826416934359, -0.23876300419212496, -0.15535246357391214], [-0.06405500823785681, 0.47554157844816963, -0.5284874608657335], [-0.44678593346111006, 0.20300007078575352, 0.24026272949299263], [-0.20958868053543872, 0.496561438244534, -0.6275063546289338], [1.5187082801945146, -0.5086084515931151, 0.44310287757393907], [-0.1333883913319955, 0.16266350228817436, -0.3061612197139149], [-0.9112400862116327, -0.7071483758437732, 0.9797687649946698]]","tensor(-3, dtype=torch.int32)"
"['Bi', 'Bi', 'Bi', 'Bi', 'Bi', 'Bi', 'Bi', 'Bi', 'Bi', 'Bi', 'Bi']","[[0.026183584018496145, 0.002499614418714352, 2.535964180351603], [-0.137110235457242, -0.05904440777219553, -2.6584572806139737], [1.883918852128894, 3.468347732188823, 0.17382084595272548], [1.9909823923476093, -3.3016577349054352, 0.17009551745328713], [-4.035504080919399, 0.0012519893165787463, 0.11249085528804602], [2.5401888646042536, 0.7255644186404244, 1.0991574740340828], [-0.46475957238594473, 2.6193972339105525, -1.2956061515063013], [-0.4457794046704513, -2.5018821177214345, 1.2673106522897368], [2.477575796188864, -0.7947452875784218, -1.421482951539129], [-2.1002081070834606, 1.9204188934790631, 1.4784832952871294], [-2.1418335841609877, -1.7573568572863811, -1.321709376535315]]",[-64251.609375],"[[-0.08248957095805377, 0.8819372073260018, 0.4286245763134661], [0.13702886972734013, 0.3514511240269124, -0.05407032929409646], [0.3101413924462227, 0.0425473584807851, -0.03692123658799892], [1.02705034975866, -0.1857831831941197, -0.5825783589964612], [0.21366619528710337, 0.21486602694988902, 0.14782385799018405], [0.33025658338545816, 0.24563597810823562, 0.12959266964217742], [-0.8169736221520563, 0.03594392374209801, 0.5681446921114778], [-1.5915672133093215, -0.656504814732424, -0.3376831161174042], [0.171566260425137, -0.3043286392142639, 0.05665048416110606], [0.2892773930094308, -0.40042804372813245, -1.0673827530668214], [0.009615874560754935, -0.21023721595441838, 0.731258651921874]]","tensor(-3, dtype=torch.int32)"
"['Bi', 'Bi', 'Bi', 'Bi', 'Bi', 'Bi', 'Bi', 'Bi', 'Bi', 'Bi', 'Bi']","[[-0.03720735555645462, 0.17959972578062428, 2.531415598487404], [-0.026340240814133997, -0.09862409175491621, -2.4898433063137753], [1.872453770725464, 3.387760351001708, 0.06505548229314866], [1.9745224375313306, -3.2517747349631088, -0.2737365989927349], [-3.9487673605302276, 0.0011377041013454715, 0.002213482101384028], [2.446129296908297, 0.7876934409622277, 1.1941453548278065], [-0.7006686868117664, 2.6440748361482904, -1.1938105758327264], [-0.7058423934306959, -2.634692350681429, 1.1957008460779606], [2.6017696093956673, -0.8746799329370172, -1.1432318767576095], [-1.888472235289448, 1.9085790422082245, 1.2628015698663009], [-1.9397901621971767, -1.850833032284543, -1.0584549307071582]]",[-64250.859375],"[[0.021534661781777552, -1.3303224192572742, 0.6201499102078083], [0.14072915201518976, 0.6367458760436396, -0.09811967564777864], [0.06586542581603776, 0.44636699768102545, -0.14991046362222954], [-1.1441559357925333, -3.2329187245797266, 1.5165902042424235], [0.027416639433418426, 0.3902042006364436, 0.297215009909569], [0.7542057602884842, 0.4252573034906746, 0.6765136647862764], [0.49340808132270625, -0.09682903257126649, -1.1059544639593575], [1.6907496293237392, -0.37256709171243574, 2.0278461222204234], [0.5677040047866557, 2.6661958533003762, -1.9108706340782422], [-1.4730500908616366, 0.11715037467563748, 0.19716885702291825], [-1.165136663377207, 0.35623702951215336, -2.0705393137529233]]","tensor(-3, dtype=torch.int32)"
"['Bi', 'Bi', 'Bi', 'Bi', 'Bi', 'Bi', 'Bi', 'Bi', 'Bi', 'Bi', 'Bi']","[[0.0584727376434397, -0.10946849260758128, 2.4750629791659753], [0.03748100316094665, -0.004540586474630569, -2.597148482966948], [2.1112238872896905, 3.491071121266683, -0.0012379460309212057], [2.0668843556159078, -3.347767765571418, 0.02280834905422992], [-3.9934544385132407, -0.027566159534936553, -0.008989319587364295], [2.6261732366311032, 0.7710786225186544, 1.1828771255047081], [-0.6430324526749593, 2.646973811771283, -0.8674906156424457], [-0.5866896505695605, -2.8619719563120745, 1.0986232810929164], [2.6509828142708063, -0.7509312691531485, -1.2403081669045157], [-2.041217984516556, 1.8790880430309402, 1.2683587179145075], [-1.8512961817118003, -1.655704226446741, -1.0675438353162061]]",[-64251.17578125],"[[-0.22847133536164493, -0.024683411284199926, 0.16558869938967125], [0.1398559534781065, 0.607994756200639, 0.5262881380089494], [-0.3280346348083798, -0.30123616604886433, 0.13410778639316948], [0.2310691794281573, -0.28365418160702793, -0.10884766092529662], [0.015183005030083024, 0.3617259778334465, 0.18785791032301075], [-0.10519489265006492, 0.4602163039173182, 0.71966194182924], [1.6055936172290084, 0.7911211656112982, -2.8013361952924285], [0.6584249156319403, 0.18641886309020494, 1.427660324846795], [-0.10543503381773342, -0.35190538678391103, -0.9172739544373761], [-1.0373717919801637, -1.192394485680787, 2.3236707301958193], [-0.8584825629155183, -0.2584769485507785, -1.6500464727353015]]","tensor(-3, dtype=torch.int32)"
"['Bi', 'Bi', 'Bi', 'Bi', 'Bi', 'Bi', 'Bi', 'Bi', 'Bi', 'Bi', 'Bi']","[[-0.00473311526895405, -0.012540748167421581, 2.623480376473137], [0.09254393636818074, 0.2298138464794152, -2.5478477346713095], [2.2837274518691615, 3.4124001954429275, -0.043170734842028206], [1.9257600735784395, -3.486778107857847, -0.06865496463171554], [-4.050166528994931, -0.05760682119478592, -0.012624109876159513], [2.483974443429074, 0.8911223191331984, 1.3919511300954766], [-0.7452856642800305, 2.3678999820808007, -1.4348111413992402], [-0.5501588825119297, -2.6695974385032284, 1.1385203279046738], [2.7097611013277607, -0.6253008304707781, -1.278509304127017], [-2.0191997727692654, 1.8618724139369969, 1.3411970757787894], [-2.0780389306465095, -1.7873312803629677, -1.4657593907318194]]",[-64250.59375],"[[-0.6356490428302844, -0.16764841126782154, -0.07949073742141743], [1.2691959505568668, -4.057865342030927, -1.9063110372180354], [-0.9925497258563414, -0.060630862581780166, -0.448461882269815], [0.6324027661889755, 0.551097240311593, -0.49675442535422554], [0.5634025468261696, 0.2372074859218954, 0.0115036361068781], [0.7183002848442589, -0.27236276447209157, -0.542015584718031], [-0.8167319383216403, 4.239954053633545, 2.706633671896272], [-0.5797887105283634, 0.39975379726336385, -0.3202657852128], [-0.3148005938978159, -0.6022246833046898, 0.8645580830354399], [-0.11579653384857616, -0.461527824363011, -0.514592697500486], [0.2746351066989162, 0.2043367366342278, 0.7150210980643401]]","tensor(-3, dtype=torch.int32)"
"['Bi', 'Bi', 'Bi', 'Bi', 'Bi', 'Bi', 'Bi', 'Bi', 'Bi', 'Bi', 'Bi']","[[-0.01685371782434748, 0.11332665514598027, 2.700293723151156], [0.10498498651863263, 0.13940519147015146, -2.5735920713133313], [2.073002247904918, 3.5402359483667953, -0.029792083431093], [2.00414116091027, -3.4630027659976825, -0.19279671307808502], [-3.9871255730131705, -0.07099427036981924, -0.25361128088024754], [2.6420756843991184, 0.9157664285765069, 1.3490573318462882], [-0.645111089068988, 2.528154974355983, -1.4299792935153843], [-0.4407757627980248, -2.666608524342337, 1.2166459188734982], [2.4970443694904967, -0.9345888593732329, -1.1451573129096086], [-1.888452495335784, 1.880327442394997, 1.4366637325825378], [-2.1439712282701877, -1.954818378977259, -1.1367513281212391]]",[-64251.01171875],"[[0.49657902459985354, -0.7207320355549749, -0.18046829865281755], [-0.06990164862816539, -1.7419614045470238, -0.4314016263691273], [-0.5402152972918909, -0.6772798539507862, -0.10250130064903462], [-0.26714172524791896, -1.3115667255751737, 0.5835841751077236], [-0.17492828819458764, 1.1672007461331413, 0.9110169143341849], [-0.2859147481748813, 0.16780524864713398, -0.43920204912893585], [-0.010621412992722925, 1.4336849370960545, 1.5193484852346588], [-0.31477771106706376, 0.18075785645049236, 0.258558503988021], [0.7669090737918732, 1.7230056789286854, -0.32085765348686096], [-0.7226002001419977, -0.061643929207955146, -1.3198919622016256], [1.1082473750228132, -0.16714426908199242, -0.4883463477382417]]","tensor(-3, dtype=torch.int32)"
"['Bi', 'Bi', 'Bi', 'Bi', 'Bi', 'Bi', 'Bi', 'Bi', 'Bi', 'Bi', 'Bi']","[[-0.03720735555645462, 0.17959972578062428, 2.531415598487404], [-0.026340240814133997, -0.09862409175491621, -2.4898433063137753], [1.872453770725464, 3.387760351001708, 0.06505548229314866], [1.9745224375313306, -3.2517747349631088, -0.2737365989927349], [-3.9487673605302276, 0.0011377041013454715, 0.002213482101384028], [2.446129296908297, 0.7876934409622277, 1.1941453548278065], [-0.7006686868117664, 2.6440748361482904, -1.1938105758327264], [-0.7058423934306959, -2.634692350681429, 1.1957008460779606], [2.6017696093956673, -0.8746799329370172, -1.1432318767576095], [-1.888472235289448, 1.9085790422082245, 1.2628015698663009], [-1.9397901621971767, -1.850833032284543, -1.0584549307071582]]",[-64250.859375],"[[0.021534661781777552, -1.3303224192572742, 0.6201499102078083], [0.14072915201518976, 0.6367458760436396, -0.09811967564777864], [0.06586542581603776, 0.44636699768102545, -0.14991046362222954], [-1.1441559357925333, -3.2329187245797266, 1.5165902042424235], [0.027416639433418426, 0.3902042006364436, 0.297215009909569], [0.7542057602884842, 0.4252573034906746, 0.6765136647862764], [0.49340808132270625, -0.09682903257126649, -1.1059544639593575], [1.6907496293237392, -0.37256709171243574, 2.0278461222204234], [0.5677040047866557, 2.6661958533003762, -1.9108706340782422], [-1.4730500908616366, 0.11715037467563748, 0.19716885702291825], [-1.165136663377207, 0.35623702951215336, -2.0705393137529233]]","tensor(-3, dtype=torch.int32)"
"['Bi', 'Bi', 'Bi', 'Bi', 'Bi', 'Bi', 'Bi', 'Bi', 'Bi', 'Bi', 'Bi']","[[0.1535944858347561, 0.15872696756181914, 2.5237229391636564], [0.04328259820281015, 0.05026921126001924, -2.7101573240353094], [2.198700339061027, 3.39189524507617, 0.11422675538106758], [1.813754334979552, -3.2933339781890885, 0.059458820779837745], [-4.06001100827961, -0.02308677850036368, -0.04127711249028218], [2.624387902708005, 0.9113639507497882, 1.285586548519699], [-0.49923528014769103, 2.6405490367816844, -1.243840714777575], [-0.45907718333904496, -2.620621437534692, 1.2290505018760856], [2.528118566783018, -0.9775799167359728, -1.1802987330153838], [-1.8755483562380446, 1.9994023030610417, 1.2382878435167946], [-2.1154564542504275, -1.9369496505179227, -1.2541047676901886]]",[-64251.015625],"[[-0.9229920910208317, -0.4304074316505614, 0.32908184570336246], [-0.18223840131120148, -0.4537719331345088, 0.7055033831341982], [-0.7205165769912637, 1.0045202745547464, -0.8011957817932281], [2.085716544082122, -2.384483009916686, -0.455438471700455], [0.7008712811248665, 0.3609197822816892, 0.2054714165069844], [0.8296635659116349, -1.11062667520012, -0.07372837783920494], [0.5200701786953572, 0.286967666922029, -0.2649848770387781], [-2.6108142606710447, 0.9611755651219552, 1.1808800509346777], [0.4604519713630194, 1.7613737583385731, -0.9164625138322778], [-0.5913396549594931, -0.7112667711582422, -0.027393638331855655], [0.4087972976649751, 0.7206523313130292, 0.11387926116409647]]","tensor(-3, dtype=torch.int32)"
"['Bi', 'Bi', 'Bi', 'Bi', 'Bi', 'Bi', 'Bi', 'Bi', 'Bi', 'Bi', 'Bi']","[[-0.11010455283624772, -0.027009240902126988, 2.415250726547954], [-0.0580824442449022, 0.02292606372141878, -2.5791763645949253], [1.7811272409987486, 3.455006884444337, -0.030627971388866106], [1.9869643675498785, -3.575246497618412, 0.103767707560201], [-3.968909414020256, -0.04299852864987956, -0.17464860640304608], [2.6097098809723582, 0.8092307394043412, 1.2107170972439487], [-0.531848461170634, 2.5315522954609824, -1.1818615444101215], [-0.7945663173107042, -2.6657088006511205, 1.1552553499622646], [2.4723066445640867, -1.0016741083525775, -1.279231209335339], [-2.0001936726210414, 1.8327947745029842, 1.2289572487737621], [-2.0695890952565876, -1.8014970906314034, -1.1368492136827262]]",[-64251.4453125],"[[0.6125270993523096, -0.18924029041089777, 0.4756859716813202], [0.14246212792345447, -0.6850810994640599, -0.042787371093224655], [1.5938997193832922, 0.16377231684886728, 0.8650697328466395], [-0.6136079917172758, 0.28884575597272644, 0.12856463918735328], [-0.7885629165553008, 1.0844142640183172, 0.7581740030955458], [-0.4405699281869979, 0.004029682950520776, -0.35850695490067386], [-1.3426446950620716, 0.2736462084557828, -1.0590487746848012], [1.2253478188475286, -0.641956476583222, 1.1651685450739853], [0.18248111358344887, 0.2567962689096485, 0.19648463467238356], [-0.7653777239046852, -0.0941555980301347, 0.03755709131919551], [0.19521636020570773, -0.45591438315800786, -2.150672415942331]]","tensor(-3, dtype=torch.int32)"
"['Bi', 'Bi', 'Bi', 'Bi', 'Bi', 'Bi', 'Bi', 'Bi', 'Bi', 'Bi', 'Bi']","[[0.018479148265917154, -0.012581604956602764, 2.654159055491188], [0.14276999762197062, 0.10509425918523073, -2.4381934110665946], [2.061664962919094, 3.5367999549802027, 0.09864590952912067], [2.13053565639299, -3.4716559174057053, 0.01185297801643487], [-4.151432374995851, 0.08004850522678793, 0.027205129098084136], [2.6115556727796787, 0.7491552902112912, 1.219177648728073], [-0.5069511054189281, 2.73496188429091, -1.1680590892520035], [-0.641392400152308, -2.5786201817687644, 1.3996279925222546], [2.7770345521230873, -0.8402741446533661, -1.3625667099615018], [-2.0871062201275903, 1.8524037859182698, 1.1879422896260874], [-1.9985161063422336, -1.739131367339771, -1.2044347353962088]]",[-64251.8046875],"[[0.0073907018185346346, 0.5711981359093699, -0.3967048271874391], [-0.38780402308995643, -0.29530467920745235, -0.21468543256426767], [-0.06885808870168475, -0.45251497152798015, 0.16690561915497967], [-0.6684733065471656, 0.5364604561648773, 0.16282805298122346], [0.6190448494598007, -0.23891228252397545, -0.20109020288246104], [-0.012161442928969273, 0.2818059173694457, -0.05252283287015302], [0.11073305191299807, 0.08685864896896477, -0.027059775260077384], [0.5242878186465715, -0.4289923985345225, -0.7357904808526289], [-0.3138626035253445, -0.16808724739734682, 0.6130474909190773], [0.123069983013895, -0.12191324306385155, 0.4576654082204164], [0.04950756997525755, 0.2317232684330274, 0.23429005355622678]]","tensor(-3, dtype=torch.int32)"
"['Bi', 'Bi', 'Bi', 'Bi', 'Bi', 'Bi', 'Bi', 'Bi', 'Bi', 'Bi', 'Bi']","[[0.04405991840773117, -0.10018625478940815, 2.578659193609345], [-0.1258431901532851, -0.026393870008537237, -2.554423902379566], [2.0306487796283914, 3.3563866997007503, -0.13564865780048707], [1.9162909134796062, -3.2398178291436373, -0.09782760511552466], [-4.0602339179614155, -0.025557555241410557, -0.04700344049557283], [2.4817896935386625, 0.875919718384022, 1.2234080084083065], [-0.3815893172737682, 2.8705086923989644, -1.1976399728479534], [-0.607523388324021, -2.6984669976074795, 1.3315486519281015], [2.570210467960387, -0.7585600599240576, -1.3590735117365402], [-2.1709729980011603, 1.917570660811209, 1.1455394991821937], [-2.010849223363659, -1.9903676736358702, -1.2302227820452192]]",[-64251.4921875],"[[-0.6277902045744435, 0.7336225254717073, -0.1441205932210229], [0.051175728337088396, 0.2357731180994232, 0.17103748705744212], [1.800832500310827, 1.0457931879178661, 0.6404873474268431], [0.11023004101318364, -0.8568601959262376, 0.20152518235511796], [0.335832537885701, -0.07387806754778801, -0.09760864290167807], [0.47119769726213173, -0.67527079283284, 0.06757654733538189], [-2.293278217189654, -0.9371156826936006, -0.817201422017746], [-0.009268616034120639, -0.050781110064110915, -0.21111694509713202], [-0.24480941940821346, 0.5566513404229153, -0.003972533980603915], [0.47756879156444276, -0.5048354070456827, 0.005726904050069586], [-0.09471327061329635, 0.5228649693726127, 0.17424283171385505]]","tensor(-3, dtype=torch.int32)"
"['Bi', 'Bi', 'Bi', 'Bi', 'Bi', 'Bi', 'Bi', 'Bi', 'Bi', 'Bi', 'Bi']","[[0.0780053634155542, 0.03422819974033826, 2.48567491173492], [0.10462221476541318, 0.07480565444450338, -2.5063747839255885], [2.025122594333793, 3.4157465486505654, -0.017943460177654896], [2.0040062368863163, -3.497489241487381, -0.10547263359016362], [-3.858358249924892, 0.1424245603127642, -0.07415979396763904], [2.5041011847177432, 0.8944107581972638, 1.1825055252079364], [-0.4704057440744051, 2.7001878844100773, -1.2291003524776627], [-0.5827081678854398, -2.5708587835469183, 1.2176637826692873], [2.5321686315964205, -0.8001359146649712, -1.1679193871766178], [-1.9380915949343342, 1.8332682326102294, 1.4465870665485758], [-2.0540117514175535, -1.7888349236220735, -1.2249859476685714]]",[-64251.77734375],"[[-0.2714551131336511, -0.4259466166282756, 0.7388526664060892], [-0.6746455001992535, -0.1425706799587753, -0.24834859628314976], [0.3797723037622308, 0.8228362548128454, -0.12090896961533637], [-0.4099627793705868, 0.15654797578100527, 0.2236949429633459], [-0.3565265358877366, 0.26407388326438513, 0.2883868138053942], [1.0481894573853934, -0.15943249800806408, 0.5980589796659692], [-0.8261720058934998, -0.11607380176636387, 0.2512533788142902], [0.24658764675706665, -0.4633071829978789, -0.10269279651807049], [0.6769934329006976, -0.3752663915656312, -0.40641182683667915], [-0.22510627368879121, 0.4087474182361445, -0.8832998927528144], [0.39520196513898526, 0.03835592322743891, -0.3398477804844649]]","tensor(-3, dtype=torch.int32)"
"['Bi', 'Bi', 'Bi', 'Bi', 'Bi', 'Bi', 'Bi', 'Bi', 'Bi', 'Bi', 'Bi']","[[-0.04570899056563119, -0.14682560682894583, 2.441465257687983], [-0.027736094274324247, -0.035358880889721174, -2.5711990621524206], [1.9211608573575312, 3.639708167491978, -0.09207867559412922], [1.984476785080958, -3.371642646327905, 0.05166269029206371], [-3.9783452383182105, -0.23283817386788175, 0.01132882885705638], [2.741165322424126, 0.8110775792671752, 1.2953443984020878], [-0.5530672246494244, 2.5447898835040146, -1.347812800892255], [-0.5090732442693398, -2.4307932555155825, 1.4337240293944427], [2.629444883404088, -0.9719316262848591, -1.2503098543432472], [-2.1948352582751665, 1.5597780547267797, 1.2761266244826788], [-2.1015931871537314, -1.7659853909909895, -1.3323894547330812]]",[-64250.5390625],"[[1.5198930451844679, 4.3300481291824955, 2.029543565463408], [0.4236907808928474, -0.33045029040443186, -0.16192688082632184], [0.09682013654942352, -0.9902835542805061, 0.3478948750175723], [-0.22788018699686613, -0.864265491334362, 0.5008082345216728], [-1.250793526643906, 0.36160765560072594, 0.23900216834005353], [-0.6570853701463376, 0.47774043850612957, -0.8958648808298592], [-0.37744396287767784, 0.40953952413480954, 0.8536632844928435], [-1.1023142940965622, -4.460289488509927, -2.560529111537993], [0.12745001393031208, 1.147581161312533, 0.01738251300639683], [0.46762365620910573, 1.053262760940463, -0.2801352136140818], [0.9723285025642723, -1.127418559204863, -0.08626096999855556]]","tensor(-3, dtype=torch.int32)"
"['Bi', 'Bi', 'Bi', 'Bi', 'Bi', 'Bi', 'Bi', 'Bi', 'Bi', 'Bi', 'Bi']","[[-0.255943408795232, 0.04442417601778488, 2.6162438537844723], [0.014120815524688218, 0.0321749769044304, -2.4600957404538466], [2.0468684044082504, 3.4812536404260146, -0.11561713670827674], [2.1336511610212967, -3.4284994387218055, 0.16206403253280044], [-3.9131861459205224, -0.07097181072964849, -0.011385829883767849], [2.665969869129657, 1.1118507670827356, 1.372977017165208], [-0.5937194519370511, 2.741256143893872, -1.2279430745314004], [-0.612534027919252, -2.5962621150146283, 1.140342417684343], [2.6204604934656053, -0.9399225115204177, -1.3163617115223323], [-2.123894541061416, 1.7943042595712608, 1.1660181058213808], [-2.055960116373559, -1.6558578943884823, -1.2124898421124672]]",[-64251.3984375],"[[0.9757506427587775, -0.022028540118127736, -0.28044626584603605], [0.264423244954565, 0.2451712766666467, -0.30471445916737244], [-0.1549919947119515, 0.4093347613661466, -0.047990813677659325], [-0.43084179405811934, 0.07852554476250143, 0.03863782941788693], [-1.7176058450920964, 0.6171406894086733, 0.4229991023390338], [-0.6327246684822527, -1.055415803914827, -0.32390667498487724], [0.13568747304644066, -0.13375328249383187, -0.11909397547100502], [0.4731642837324346, -0.2387715916814185, 0.5051079441310453], [-0.001496945422596942, 0.6329390986041323, 0.791167959714634], [0.26842563203043446, 0.8458193586435601, 0.471372583795588], [0.8235119410961783, -1.3811207608642728, -1.163152799084134]]","tensor(-3, dtype=torch.int32)"
"['Bi', 'Bi', 'Bi', 'Bi', 'Bi', 'Bi', 'Bi', 'Bi', 'Bi', 'Bi', 'Bi']","[[0.11452501076923945, -0.08043054733013572, 2.5455893871377304], [-0.024629813323827413, -0.05625175424823815, -2.788910552014542], [2.0589244206274295, 3.4468515102082633, -0.20744569820171127], [1.9854166483476454, -3.604621939173355, 0.0718709832170895], [-3.8684420918951274, 0.0878294490620703, 0.06884476719464648], [2.5505526033977177, 1.1177563665309684, 1.0748177943467052], [-0.5813416591371892, 2.614451202539534, -1.3173065333564926], [-0.6169113219504128, -2.7017210276397936, 1.3903647637874004], [2.515015905160903, -0.8196925733716922, -1.3314491694352513], [-2.084957402045848, 1.8234991931643183, 1.0650469274578844], [-1.9943930155607514, -1.8668407458105494, -1.3639280405561307]]",[-64251.2421875],"[[-0.22282909778535828, 0.6113526187806718, -0.21088045489796556], [-0.08917680827938528, 0.047657212858548105, 0.5773878130725941], [-0.6203905655963926, 1.5971382827108644, -0.9504355470750079], [-0.20214893232595713, 0.8526266151266342, -0.2219705031222831], [-1.3555711804429083, -1.7061304911355861, -1.1284814538377768], [0.4092831850082941, -2.2405417769510865, 0.8229570967280534], [0.18450693830324935, 0.10595218579273173, -0.5045920262862449], [0.15551336329845916, 0.1408485541118335, -0.8659171689158423], [0.02863118809881369, -0.5526861829413482, 0.45881314930443373], [1.7012068258670083, 0.988385564880368, 1.378535258099739], [-0.004820563460743491, 0.14967711017064933, 0.6551128187134118]]","tensor(-3, dtype=torch.int32)"
"['Bi', 'Bi', 'Bi', 'Bi', 'Bi', 'Bi', 'Bi', 'Bi', 'Bi', 'Bi', 'Bi']","[[-0.01780902863546328, 0.14092670232411408, 2.6847481873341503], [0.053157655264996856, -0.12601961235049214, -2.6835181549152183], [1.9036740891747872, 3.5608363382351573, 0.10653832110752148], [2.0120228156350324, -3.549792524949682, -0.06854277491118835], [-4.016578962389599, -0.020647323353473683, -0.011937968066366149], [2.7551912354191495, 0.8995760920233444, 1.190816131912794], [-0.5648891596714246, 2.6306947896484196, -1.3605670156837113], [-0.43422044967828327, -2.651609879997099, 1.2640149232963052], [2.54847440958299, -0.8646875501983644, -1.258664668728029], [-2.0382618072660104, 1.68632591230191, 1.374317680403965], [-2.0843696413376924, -1.8086382262982368, -1.1912837420284537]]",[-64251.72265625],"[[0.9193704331110045, -0.8620857088723776, -0.2713563827178217], [-0.422405280025493, 0.42899486679491816, 0.44487776248683975], [-0.10040883289854924, -0.4085456893708847, -0.221595841763047], [0.031812636909270414, 0.24074686848519794, 0.006348293746905336], [-0.1472209853885255, 0.10588451432021531, 0.16442419470379954], [-0.7348936795755113, 0.064397016568941, 0.04696707182527279], [0.05303823649403768, -0.41201164118741407, 0.6035703994412818], [-0.3701864031386566, 0.3098220612575244, 0.029428775592440903], [0.36134278040700846, 0.007469891839564504, 0.09476335573049316], [-0.14276675239396158, 0.8089702878188815, -0.9041052710052077], [0.5334003274950802, -0.3002835718023849, -0.0008544803815280153]]","tensor(-3, dtype=torch.int32)"
"['Bi', 'Bi', 'Bi', 'Bi', 'Bi', 'Bi', 'Bi', 'Bi', 'Bi', 'Bi', 'Bi']","[[0.11848712484083135, -0.13821857611726704, 2.5176516604684824], [-0.0322982205369865, -0.1321885824311156, -2.555273834823998], [2.0907069672406013, 3.559516062342039, 0.10019869640507001], [1.8028014459160584, -3.4714220359421866, 0.07188669357077154], [-3.9149164578140527, -0.14969081531851078, 0.020661329950522965], [2.422826895777536, 0.899432928995221, 1.3922805965015608], [-0.7384606111293638, 2.5669634905100396, -1.2433057594526933], [-0.5706227857256148, -2.5913790803180126, 1.180900731796728], [2.7292988696596727, -0.6663486907455081, -1.3598610726962999], [-2.137762119947729, 1.8062116378991016, 1.143415123929944], [-2.0272003549854603, -1.65705114493875, -1.3798215404584384]]",[-64250.80859375],"[[-1.6545140240515843, 0.5447198725141096, 0.7627551972342155], [1.2899108259280831, 1.317967233313867, -0.5738602575903544], [-0.9780378973921597, -0.39411371941492346, -0.33514348185855797], [1.6174957745456147, 0.22260407471261365, -1.000181792688324], [-1.1141449747058756, 0.471394026807776, 0.2428695210034395], [1.6943558606060931, 0.2183360411116531, -1.2916365513214352], [1.076031434649298, 0.41376024941151845, -0.1925807209018857], [-1.300621019161915, -0.215218782498113, 0.034087339410098484], [-0.7392352467674282, -0.6146523743972216, 1.0316875939771495], [0.3636378511983105, -0.10387010530474507, 0.9208735008478248], [-0.24566487732370237, -1.8429271386973611, 0.3861258631313137]]","tensor(-3, dtype=torch.int32)"
"['Bi', 'Bi', 'Bi', 'Bi', 'Bi', 'Bi', 'Bi', 'Bi', 'Bi', 'Bi', 'Bi']","[[-0.006505174961968923, -0.015145464129284667, 2.418542781806337], [0.07366423073171836, -0.04616389668788771, -2.4047081888840163], [2.0831379549278126, 3.2309880959956665, -0.029890766364368094], [2.004473858042712, -3.453160496875437, 0.012896301818211196], [-3.956943643638327, -0.12487095216382507, 0.04757592526645369], [2.396018835488316, 0.7764251122349181, 1.2684317378828756], [-0.47103445708016856, 2.6542683294516505, -1.3951436351100843], [-0.6743998427596961, -2.635140531136947, 1.0935224186245227], [2.5670891556654474, -0.7038855712895312, -1.2537825355515815], [-2.037210487032538, 1.7515155740773807, 1.263382820828554], [-2.09370904140068, -1.8251854524860758, -1.2682929167316035]]",[-64251.48828125],"[[-1.172635546992003, -0.5557175152398618, 0.8813941900389398], [-0.8549478083404579, 0.03384267824058029, -1.031895339227124], [-0.1662095183012905, 1.237869612367648, -0.5380051757958755], [-0.1259920947898972, 0.36098246581132254, -0.15522380550078438], [-0.5525632841424772, 0.45420027915735217, 0.27196856271805586], [1.7502141360243508, -0.40591313539255724, 0.26706747174768053], [-0.3647846152625879, 0.07864119304645997, 0.7328789620274917], [0.5112533982955128, -0.511543984535019, 0.5189563761917813], [0.8048462360743389, -0.8986015645436316, 0.41675738601913276], [-0.011756900192317265, 0.49656668329787496, -0.6522254682713162], [0.17726007435927627, -0.29013737606897855, -0.7280170032688071]]","tensor(-3, dtype=torch.int32)"
"['Bi', 'Bi', 'Bi', 'Bi', 'Bi', 'Bi', 'Bi', 'Bi', 'Bi', 'Bi', 'Bi']","[[-0.00181631826458444, 0.03157947478657776, 2.5278917428810166], [-0.15549730320497326, -0.042968962011066675, -2.4497356421063263], [2.038298947692259, 3.496320598096191, -0.09014095542603573], [1.8362573728602165, -3.4682125884101076, 0.017294722103407392], [-3.8850813677659044, -0.19780096972273767, -0.04552729880972459], [2.843407590144056, 0.8668620104972852, 1.3280572780707667], [-0.555271356885015, 2.7419050876920505, -1.2878309241865762], [-0.7868074007217805, -2.613675657500454, 1.2503453262780788], [2.583041934605364, -0.901198769307608, -1.2393052102155504], [-2.0585814856134976, 1.8041850787938265, 1.2307615330498025], [-2.06654153995884, -1.9186758120131882, -1.272619730233351]]",[-64251.71875],"[[0.3649581133995715, 0.013021163735849986, -0.19639022371224665], [0.8112266891973169, 0.31349611827866924, -0.2557107999785319], [0.15431651411698502, -0.4570826930786564, 0.26427838892259026], [-0.06747282897666938, -0.04072353002112067, 0.1080692847250829], [-0.96562820403168, 1.0058186823670865, 0.6551683545723159], [-0.9939931439669313, 0.05529643764567843, -0.6811246837380611], [-0.0804609180232165, -0.33572105479116027, 0.3170775641128825], [0.6399232470822344, -0.08357138892066834, 0.31220748066372866], [-0.328113413452677, 0.29369341938995236, 0.31620950778495704], [0.04070715722716228, -0.054324611536948876, -0.273603065320949], [0.4190612499880947, -0.72285936748355, -0.5754193754069945]]","tensor(-3, dtype=torch.int32)"
"['Bi', 'Bi', 'Bi', 'Bi', 'Bi', 'Bi', 'Bi', 'Bi', 'Bi', 'Bi', 'Bi']","[[-0.1831428936456545, 0.02434521978230605, 2.5384238229477103], [-0.015634328202967302, 0.15213122167456533, -2.595506147857239], [1.962959662848655, 3.5370739314148074, 0.02337147544604534], [1.7381665155650101, -3.3990842816605666, -0.017642019237790876], [-4.2466131709535135, 0.057819835882967976, 0.08758083433804487], [2.6916449567922367, 0.8742049468873639, 1.3778267182040789], [-0.6219853050783972, 2.7815391566681935, -1.292795898654049], [-0.5646121871013394, -2.6630413291623474, 1.1272205324627855], [2.447572569102785, -0.8943598075681416, -1.3686115226067133], [-2.1553025575079823, 1.8862908668962304, 1.1040513771344167], [-2.0844959159038248, -2.0448791184936432, -1.1425149871793518]]",[-64251.12109375],"[[0.5214328641221699, 0.3464665750019063, -0.338906447676041], [-0.5911370519186765, -0.6247521874040248, 0.17777851188656402], [-0.05101149131879794, -0.49821311582601413, 0.17425131635896537], [2.1114167912318096, -0.8393602297204678, -1.0625480480166731], [0.7001102341695146, -0.581861535039866, -0.3555475106861861], [-1.0754061420157115, -0.06228845370379177, -0.7447240408224467], [0.2713911440517283, 0.03952049990423884, 0.033350759085919224], [-1.6180603891111394, 0.40784321217783986, 2.068204236574374], [0.3765897390923868, 0.5442966687004239, 0.6637373319128468], [0.1309240904373108, -0.1791690680870119, 0.35548976367734425], [-0.7904074269801977, 1.4407858137220382, -0.9685808605300796]]","tensor(-3, dtype=torch.int32)"
"['Bi', 'Bi', 'Bi', 'Bi', 'Bi', 'Bi', 'Bi', 'Bi', 'Bi', 'Bi', 'Bi']","[[-0.09476331081365842, -0.0690538017722705, 2.6752380778120743], [0.10907069885771246, -0.07444677530546609, -2.596626605691078], [1.9491975628604126, 3.382744924437989, 0.08451622820228871], [1.7471314998611014, -3.3739131856595517, 0.012606159722557478], [-3.967292496620129, -0.0007441845041999627, -0.011379733249691345], [2.6242319272137684, 0.9040427487777135, 1.1158734248939695], [-0.6944956514153234, 2.6896238351592947, -1.3893916843335146], [-0.5207608675528301, -2.4872053575548434, 1.0943053478611278], [2.607610867911075, -0.6992172935890009, -1.227572664378612], [-2.1098155971408943, 1.659230060863572, 1.2692387604565363], [-1.845956363309918, -1.8069611070522453, -1.21580030903783]]",[-64250.95703125],"[[0.5422079033405321, 0.5885026981671437, -0.21785683864023925], [-0.3756496918362524, 0.8320042995202581, -0.2750777480632182], [-0.7474144446537991, 1.1432102835284168, -0.8361962284256834], [2.4851165573554304, -0.5851381507152058, -1.2191905376019985], [-0.4759815458637096, -0.8163457584138907, -0.6427416919216156], [-0.15669082635140852, -0.694438377468479, 1.5448893239004549], [0.5201498829373029, -0.5420166131598626, 0.7706325474430245], [-1.5748504055582822, -0.2718309572009936, 2.4551549614766874], [0.2807387032808393, -0.9661434533892902, -0.3927815272884164], [0.8729820500777212, 1.0032311227188897, 0.06427437488052787], [-1.3678255790868228, 0.29730217035479345, -1.2664063020887693]]","tensor(-3, dtype=torch.int32)"
"['Bi', 'Bi', 'Bi', 'Bi', 'Bi', 'Bi', 'Bi', 'Bi', 'Bi', 'Bi', 'Bi']","[[-0.12334007039176975, -0.13213320059890904, 2.410452565916141], [0.2317332510882956, -0.18366122629531415, -2.6756351422973084], [1.9971141745484995, 3.4426938428630502, 0.06505105474791432], [2.045480798273334, -3.567729351322773, 0.06503210532146657], [-3.8269240336278765, 0.0028624112018716184, 0.04613119039344964], [2.5217660934871877, 0.8537551742183757, 1.3070989116132385], [-0.6884740211179414, 2.6380297791907665, -1.1071118846590726], [-0.8334838599028975, -2.7616897823060254, 1.147125309083785], [2.4877456286949537, -0.8394265577830602, -1.205929346798316], [-1.8222213877801328, 1.9225698774937297, 1.1587220376530323], [-2.0561246571904284, -1.8141396617438867, -1.1574078598133157]]",[-64250.88671875],"[[0.3800556909089163, -0.007214344613259281, 0.5483656988069783], [-1.7836539221774188, 0.6805929793111462, 0.019960775540436355], [-0.3874972903136947, 0.01744903776627108, -0.13752097914374004], [-0.6613498042008877, 0.4899972025662566, 0.11016509491152082], [-0.7864736369744931, 0.6471681055646359, 0.3302734498314957], [-0.023815236685463818, -0.29736696219018155, 0.0720251238998722], [1.9310604898944486, 0.48244874805517957, -3.0756159753385415], [1.433769783547158, -0.5072580560461896, 0.8418233479070462], [1.3089004901268626, -0.6275649758133325, 0.7245120735068616], [-1.5392781452674813, -0.7920071682491843, 2.576077609368384], [0.1218414064019173, -0.09287899318462328, -2.0045148908297272]]","tensor(-3, dtype=torch.int32)"
"['Bi', 'Bi', 'Bi', 'Bi', 'Bi', 'Bi', 'Bi', 'Bi', 'Bi', 'Bi', 'Bi']","[[-0.01287323364682967, 0.2140721054756293, 2.55855023384249], [0.0032324440125643637, 0.04739768183041704, -2.483664395004673], [1.9507335958531207, 3.41815620756369, 0.02585755479180717], [1.8425496553896008, -3.4484807611202073, 0.049540619402692866], [-3.870382829168462, -0.12213038370963865, -0.07073970906650154], [2.7476416746079657, 1.0383494445536456, 1.1005937254483773], [-0.521778240105403, 2.7243947443011556, -1.148803444387642], [-0.47771232817417, -2.773385006928963, 1.3708456215595597], [2.3716215321646525, -0.8806550707520842, -1.2805460959694681], [-1.9185475779077035, 1.8305228715306974, 1.324752683482683], [-2.09496861213184, -1.757494721831262, -1.10632601891795]]",[-64250.92578125],"[[1.2017821027192372, -1.2164343134934263, 0.3409249190367459], [-1.0416670792896605, 0.2128145940284828, -0.34231588661392637], [0.3704057183592361, 1.6415428014510747, -0.35755286941353864], [1.1601559195869775, -0.5013166447411029, -0.42749987232647574], [-1.8815513001233064, 2.0847924890964684, 1.286240317031257], [-0.15643464149116773, -1.7226344114274932, 0.7397726076244167], [-0.7179017636345306, -0.12967077979928415, -0.6139391499870371], [-1.2347014973055375, 1.0058392512037178, 0.3590400477240613], [1.28265516880645, 0.0019449825069682326, 0.4070057005723116], [-1.1134368925048488, 0.4844534382953416, -0.4907643687505064], [2.118556748647393, -1.8740632151477417, -0.8896602912600773]]","tensor(-3, dtype=torch.int32)"
"['Bi', 'Bi', 'Bi', 'Bi', 'Bi', 'Bi', 'Bi', 'Bi', 'Bi', 'Bi', 'Bi']","[[-0.13162082767322972, -0.1894729567058964, 2.5328056265480274], [-0.0739017606751365, 0.029542566258148318, -2.6958109451661083], [1.9852626347879592, 3.52009519126286, 0.04459224961747785], [2.288956693160097, -3.2567184066215296, 0.14029301233810995], [-4.054248872618255, 0.18156836877456234, -0.01303487438386459], [2.681924909561859, 0.7029602272481293, 1.1557157005765206], [-0.4803970563359573, 2.6931948589425145, -1.2557886134815732], [-0.6128998707869691, -2.732906096139202, 1.2940805700825189], [2.686663669475696, -0.6558587379316441, -1.1418540827050223], [-1.8886144763044557, 1.8336838774407012, 1.3889846442048315], [-2.154725602883723, -1.786241017859501, -1.1186654142252426]]",[-64251.29296875],"[[0.8806058893750515, 0.5857043079434778, 0.4319938031757377], [0.19244614928822648, -0.1803593352407641, 0.8528009360170832], [0.36090980639592307, -0.4581088723381837, 0.27911746757757316], [-0.7031683059556485, -0.1746459809118253, 0.31087626555696163], [0.40447131136680625, 0.11577781620724183, 0.2577184212779139], [-0.6099976466675958, 1.7052758559735628, 2.1887196215007734], [-0.4303350293456198, -0.3254236781085151, 0.11155873643746339], [0.4593495845637738, -0.5327889188262196, -0.679679208743808], [-0.4614926516523717, -1.0703472366462836, -2.563408748666352], [-0.37427759616668094, 0.1283611105488882, -0.7139988268837727], [0.26791459928433387, 0.1971135782744721, -0.45552717480842675]]","tensor(-3, dtype=torch.int32)"
"['Bi', 'Bi', 'Bi', 'Bi', 'Bi', 'Bi', 'Bi', 'Bi', 'Bi', 'Bi', 'Bi']","[[0.024059519319645076, 0.11054351960036052, 2.6655177942595762], [0.008862773638442996, -0.1637666305348232, -2.681712552672483], [2.0782520746376045, 3.371301345752701, -0.08805790399621022], [2.147090394198127, -3.6158935890192643, 0.03367952176674366], [-3.880789036466146, 0.016750327587374502, 0.03722488303909562], [2.5485097194198545, 0.7453546791458612, 1.2336443582892422], [-0.522500462047011, 2.5926459131758244, -1.2381487642869178], [-0.6565577459945154, -2.5301346065667625, 1.1568181322162516], [2.554546580774848, -0.9568340005166456, -1.2319541110217467], [-1.8764721892080944, 1.6238555751665351, 1.2598935541294622], [-2.0965175996656678, -1.8684359263716797, -1.219731371629372]]",[-64251.62109375],"[[0.5671532741858571, -1.1838723024435922, 0.2183548615971706], [-0.09991991165182715, 0.3274244088476256, 0.3958389305873599], [-0.027603342763519237, -0.14092435027481923, 0.026077155654325643], [-0.8340827804618344, 0.46702464026431545, 0.2278581783416708], [-0.7571630447751256, -0.1690383504031705, -0.045430965394613824], [0.368462426096418, 0.17430916621199047, -0.060181690611847756], [0.06890190032370908, -0.41688840950847306, -0.23962324436213062], [0.9782836949899018, -0.585701736838899, 0.7266897990851832], [0.01808191001615616, 0.04082792715144199, -0.10693691884644732], [-0.5038013602061441, 1.5341487916325918, -0.26821726971536103], [0.21865012724701052, -0.05381764113608297, -0.8582835594211121]]","tensor(-3, dtype=torch.int32)"
"['Bi', 'Bi', 'Bi', 'Bi', 'Bi', 'Bi', 'Bi', 'Bi', 'Bi', 'Bi', 'Bi']","[[-0.04107240170224802, 0.04367406747852113, 2.672034959190448], [0.014554666942810879, -0.1494156596521363, -2.6035884175434862], [2.11438500358814, 3.498686167831372, -0.08009584279556842], [2.0174080775245775, -3.5805098105796906, 0.1466599007059901], [-4.045044155524186, -0.025972069708448498, 0.04739711209832443], [2.5962374969884583, 0.809810936122154, 1.5306281724797741], [-0.6525025690069937, 2.5810485196454893, -1.320918130633495], [-0.6689462067185468, -2.7093865556163648, 1.2312933492097982], [2.525429318262707, -0.8030413500048089, -1.2991836969270867], [-2.12528952711737, 1.7107556987732428, 0.9721087199622462], [-2.028329446544207, -1.553526216062064, -1.155089845965736]]",[-64251.09375],"[[-0.33750678976538384, -0.14292461821510555, -0.45428229739341885], [0.11924263673775655, 0.7697110635619495, -0.32968903776071357], [-0.6912959734521574, -0.8560837223434122, 0.13752771543773673], [-0.32735745728439125, 0.8081531907837095, -0.26768664515236934], [-1.5511674470611931, -0.29471635905771026, -0.1515872351843997], [-0.2505545011676558, 0.1638794804877155, -1.185169681814101], [1.1517108694871492, 0.38032190307701474, -0.36628871144123964], [0.5210194305058841, 0.2968823089770604, 0.17875568589281768], [0.39039363962181634, -0.3978145159236889, 1.2114571692496074], [0.9620075745636845, 1.1236272083928287, 1.6726397971118563], [0.014906678136571197, -1.849300392727518, -0.44073159924291866]]","tensor(-3, dtype=torch.int32)"
"['Bi', 'Bi', 'Bi', 'Bi', 'Bi', 'Bi', 'Bi', 'Bi', 'Bi', 'Bi', 'Bi']","[[0.008955803412273231, 0.01480250765600663, 2.5426560091147272], [0.05833818763314768, 0.08957615799480166, -2.4737001148710234], [1.8251844414011456, 3.47489461581048, 0.03623299644367455], [1.9023914986814092, -3.4889393403544293, -0.12682221799618332], [-3.9315754631045987, 0.03961518490941229, 0.08615106510692522], [2.518850805872993, 0.9418817239415678, 1.0549528256654082], [-0.6135285648863581, 2.6522273056625805, -1.3408102798765247], [-0.6413554976387184, -2.7437397336082885, 1.1385525909097423], [2.7424037061541733, -0.6892774057736808, -1.3375725788131325], [-1.9612214504930945, 1.8097484783410405, 1.139302059782911], [-2.1354257761958024, -1.7525909492822644, -1.329677776848706]]",[-64251.73828125],"[[-0.017225660200456946, -0.3879917651463071, -0.4979342538233875], [-0.03170120523682124, -0.7194012318249404, -0.6167853627558704], [0.06985248910861698, 0.8972558484070396, -0.2615427850727408], [0.3366043320581928, 0.5484705998737971, -0.2453343875411316], [-0.7287502822947071, -0.24893419106203812, -0.21143380802543468], [0.3704073638661665, -0.5746855821601787, 1.0777453329615871], [-0.22686223527199126, 0.48356908116438585, -0.05102326183556011], [0.03406830295179637, 0.5489837923477439, -0.023006696286330525], [-0.5294711654776175, -0.8628159025727827, 0.005926802288869274], [0.20851982093990176, 0.4188244512563787, 0.699329646819363], [0.5085246850059347, -0.09365094162338979, 0.12231279271541134]]","tensor(-3, dtype=torch.int32)"
"['Bi', 'Bi', 'Bi', 'Bi', 'Bi', 'Bi', 'Bi', 'Bi', 'Bi', 'Bi', 'Bi']","[[-0.038581549935160254, -0.04548203901010322, 2.358653250838718], [0.08218312793648175, 0.14236306530060466, -2.4932780836101793], [2.13033076897097, 3.6566055721959394, -0.014145271670081897], [1.8051641613020282, -3.466286100754594, -0.10544328501371172], [-3.95070823971294, -0.10594338624004569, 0.23654640784447653], [2.644100774738742, 0.8622415432050865, 1.2603098337691594], [-0.6079057986285638, 2.7922314298808018, -1.1255628822403125], [-0.6113225324136146, -2.655859060062972, 1.3034810751296617], [2.5468721614833205, -0.7730788350126065, -1.2635947350019596], [-1.8870827966088748, 1.8033058070838603, 1.276894226856552], [-2.0417542628429524, -1.7854620566512944, -1.282957527803399]]",[-64251.70703125],"[[1.0574639458223722, 0.09016442097022924, 1.0582964694850174], [-0.843666315669196, 0.059534080790516475, -0.0848016624616681], [-0.479261503975002, -0.8445415196678508, 0.12771463201357164], [0.48532612261150904, 0.12420276026926319, -0.17356735111888857], [0.02534411317004693, 0.23031666854000724, -0.1261993258189559], [-0.1367498534584388, 0.3753488726005221, -0.2860740538145894], [0.6961311927232215, 0.15384260812100364, -0.4876248957934047], [-0.4974396761465919, -0.42878897274024047, -0.7389606527984026], [0.4658027999463345, -0.3664386582602806, 0.3632497686731726], [-1.0906209104717621, 0.5004727053741275, 0.08653875213725903], [0.3226921880259919, 0.11044344269323167, 0.2685237968032565]]","tensor(-3, dtype=torch.int32)"
"['Bi', 'Bi', 'Bi', 'Bi', 'Bi', 'Bi', 'Bi', 'Bi', 'Bi', 'Bi', 'Bi']","[[0.03161812023768948, 0.0035159881788722996, 2.291110421924843], [0.058556221549116466, 0.10458616418347289, -2.6200199555434436], [2.171744818276583, 3.5706580894148203, 0.18577120667246236], [2.221437221063994, -3.413903636283387, -0.004396544817857009], [-3.992452194602495, 0.1436685428427777, 0.16538120214175195], [2.4615374048846954, 0.8885023915083335, 1.1658862008086912], [-0.6395767052469795, 2.807030182819141, -1.107199754387822], [-0.6469664496957175, -2.5490414894401097, 1.2931669042133784], [2.519925990927634, -1.00219629680376, -1.4763139437649377], [-1.9310329237778585, 1.6501176808683655, 1.2380567345534734], [-1.9744180805728833, -1.7616637522667236, -1.1553821251885923]]",[-64250.92578125],"[[0.5441249189145541, -0.3016448174106334, 1.8486288202115115], [-0.8341527145063801, 0.153897012693893, 0.2865100617290779], [-0.9324074759887339, 0.1295312716648335, -0.435807162642967], [-0.9941170712076339, -0.27831785405353776, 0.5179490174177714], [-0.5418592615596345, -1.1000028710801386, -0.7668483957238114], [1.3892624206237918, -0.4801766629388128, -0.7582789041623647], [0.979046798828917, -0.05785098431108226, -0.3623566697866487], [0.7006393674918505, -1.3745587877580248, -0.42924961183659477], [0.557143964060231, 0.8894638588702498, 0.39455553802576027], [-0.502631404778565, 2.083688971011208, 0.35757354109435296], [-0.36552951568118447, 0.3301623781136876, -0.6483302448342949]]","tensor(-3, dtype=torch.int32)"
"['Bi', 'Bi', 'Bi', 'Bi', 'Bi', 'Bi', 'Bi', 'Bi', 'Bi', 'Bi', 'Bi']","[[0.1482274452473537, 0.03930257513084291, 2.5885569192233704], [0.05590701975634933, 0.07354406354154176, -2.6781558255715385], [1.9379152144381273, 3.346768203036558, -0.02104253858877815], [2.064284164420834, -3.3933407104626676, -0.03918756911926708], [-3.8449903482950902, 0.08475092265712095, 0.07312047169650882], [2.6430221761140804, 0.7492838998370017, 1.2550064192021553], [-0.5298288473815109, 2.5534293680894504, -1.242360061342394], [-0.5080963213692837, -2.780767386213907, 1.276378744339898], [2.692593923589857, -0.8907118125281052, -1.1541075955709064], [-2.0950549393606157, 1.7880778355341225, 1.2054302301124207], [-2.106174780786164, -1.61824948584293, -1.3789527662973355]]",[-64251.41015625],"[[-0.8042780219624037, -0.5347126192721465, -0.13939937672698688], [0.23289960019996203, -0.5303736231848086, 0.3052517171801777], [0.5461638048456153, 0.23255928879789986, 0.23448288639964363], [-0.26382098941800536, -0.9015089696014426, 0.373414836314188], [-1.921579284649327, -0.9176909876000724, -0.546199286088804], [0.27690400364560513, 0.4009948180215034, 0.10767513439313878], [-0.46903658101938994, 0.4001870798069987, -0.09138317596271557], [-0.08744460370249423, 0.897911480074657, -0.4486264843849556], [-0.09229818066025161, 0.624844747168865, -0.9305830201795522], [1.6812154593242925, 1.1660370642007347, 1.0176735313594414], [0.8740865966048132, -0.8450865938385759, 0.12106220744823833]]","tensor(-3, dtype=torch.int32)"
"['Bi', 'Bi', 'Bi', 'Bi', 'Bi', 'Bi', 'Bi', 'Bi', 'Bi', 'Bi', 'Bi']","[[-0.06989414489064188, -0.04518235571039398, 2.6927451399566507], [0.0483029253073421, -0.027516758530280253, -2.5441058457159405], [2.0060678110039794, 3.3851121131764668, -0.05489218093417269], [1.9842987754224093, -3.257053591791953, 0.06328891932660226], [-4.146185073036425, 0.12985989100303127, 0.05497116336357552], [2.6712206718924945, 0.8513067858508198, 1.3597118083961486], [-0.5052550639598038, 2.7898564681187326, -1.3615576893459855], [-0.6099915211496485, -2.7066223159426994, 1.1735250535852315], [2.5511941600085857, -0.8731153939653141, -1.2572555543401054], [-1.8803448353630925, 2.0374717687399078, 1.2533901469090194], [-1.9327859541280725, -1.87072355914025, -1.2125384194677247]]",[-64251.51171875],"[[0.1989149969866269, 0.35048233182158595, -0.7125230128554888], [-0.37883364490256893, 0.28274987270454005, -0.07334960271264258], [0.4067987780758024, 0.18557204408610112, 0.2697326787541599], [0.20269832595237475, -1.3721481201048558, 0.3292731873061236], [1.1852391016377308, -0.04857892813903506, -0.008732134494898215], [-0.6692050429103182, -0.22868437708705192, -0.343213767754967], [-0.24792215287769473, -0.5730051082074151, 0.16592715959643659], [-0.03537509770727312, 0.15355721551274665, 0.9933724793215868], [0.52275081232931, 1.2148628543748077, 0.04861263532006434], [-0.26632113151051984, -0.7587869544271537, -0.32426894362004316], [-0.931954961582849, 0.798399962674141, -0.3423362497621912]]","tensor(-3, dtype=torch.int32)"
"['Bi', 'Bi', 'Bi', 'Bi', 'Bi', 'Bi', 'Bi', 'Bi', 'Bi', 'Bi', 'Bi']","[[-0.03484889994465801, 0.03011182481324027, 2.5776186781427897], [0.02044443074984298, 0.01989520875158548, -2.6139569729128556], [2.000570589718729, 3.361411574895734, -0.021646701074767113], [2.0153272229948946, -3.568687993397376, -0.08887550711456152], [-3.959090038662678, -0.032238473920216636, 0.08666208607704226], [2.64682571338761, 0.7115621247912798, 1.0629839119307056], [-0.5800179763521537, 2.5663263214974834, -1.1780742792784034], [-0.6636274937174516, -2.809026840416711, 1.445993647196362], [2.6777955305025145, -0.9196789142729376, -1.4727247566549584], [-2.0852702429087504, 1.8785751685450602, 1.27320272279136], [-1.907311748653051, -1.799118357846783, -1.3044548906455151]]",[-64251.76171875],"[[0.3573068661274303, -0.3348063586261737, -0.3664328475639323], [0.07717010985060119, -0.07048482656874965, 0.012161545773152429], [0.09219662202938539, 0.12820339899401897, 0.02113877338313809], [-0.4746324872911651, 0.5054839424646624, 0.18301518342657627], [0.07394723026096021, -0.2765412722116151, -0.30541482805466263], [-0.3030738373355815, -0.22202948426132288, 0.23878239032064982], [-0.038622634189825686, 0.3500186588218286, -0.2651647515151174], [0.6026936527798797, 0.7168949190814365, -1.0014478045829704], [-0.3266475238880676, -0.33216922808169586, 0.49941171335860196], [0.19113509164135792, -0.21015617473809173, 0.1887778001192467], [-0.2636272309769401, -0.2599180012451559, 0.8032722058511412]]","tensor(-3, dtype=torch.int32)"
"['Bi', 'Bi', 'Bi', 'Bi', 'Bi', 'Bi', 'Bi', 'Bi', 'Bi', 'Bi', 'Bi']","[[0.11159065660027268, 0.09042456489827819, 2.45634537022483], [-0.15848901699513288, -0.03153527517119619, -2.7885557074912857], [1.923508163904362, 3.419471041007641, -0.15508506368136937], [2.186033175297558, -3.3579817289937064, 0.07882379484905039], [-4.058096122741005, 0.05842711536655899, -0.19630202498562205], [2.5898045452654235, 0.7487127847473888, 1.1730774428067086], [-0.6949361479095696, 2.722349682151488, -1.1313884420345193], [-0.6882719905565386, -2.7122316488876397, 1.2450053721492884], [2.608833186730849, -0.8503766995143129, -1.2968569610812757], [-1.956102081822978, 1.900059260587897, 1.1149314782501838], [-1.9367247398678025, -1.9785292461983037, -1.2206919694244598]]",[-64251.29296875],"[[-0.9098938558541249, -0.5500564571780576, 0.2523256322678713], [0.35153103395722435, 0.01974440166349513, 0.9988967546197938], [0.457044846419255, -0.10610141270249061, 0.3388143507100251], [-0.7770407684954546, -0.22699860665885566, 0.3507854650514373], [0.7322999492763252, -0.10674963958892085, 0.120238836917894], [0.40035929239169293, 0.63119023326957, -0.30330693367670386], [0.7938331667211133, 0.10025569790983044, -2.3856220092451355], [1.2049327342702114, 0.2794445635020998, 0.5049693615942431], [-0.4704548023051068, 0.27960695446730266, -0.765522219982019], [-1.2507626733889592, -1.0415354387352211, 1.6596212661870953], [-0.5437665069362565, 0.7230629989661983, -0.7588460898324683]]","tensor(-3, dtype=torch.int32)"
"['Bi', 'Bi', 'Bi', 'Bi', 'Bi', 'Bi', 'Bi', 'Bi', 'Bi', 'Bi', 'Bi']","[[-0.12475458825687316, -0.0168887883207518, 2.5441967563542605], [-0.06717116982196968, 0.06994455113801878, -2.353220802413492], [1.7728945350096255, 3.5956624170182523, -0.08847558127297357], [2.062045803584292, -3.527289035011235, 0.0010255704353257964], [-4.063746340937471, 0.02748049149326633, 0.02963336373796341], [2.5680476303651187, 0.8451102610573429, 1.283304177400234], [-0.41777856493507604, 2.5489957969104196, -1.15439761791305], [-0.6250117601158577, -2.5026697652532057, 1.3642709920916392], [2.5294281680270876, -1.0147553713995527, -1.2485838659063564], [-2.0607410423304855, 1.7659850860896025, 1.1833716864211654], [-2.167060164143549, -1.8619620232538923, -1.2952597584404406]]",[-64251.046875],"[[0.8291873973436241, 0.9912796001943687, 0.4866080753545445], [0.1766042370032925, -1.6365286333013196, -1.03217353274256], [2.531161440816974, 0.2358345674988587, 1.4824989001890643], [-0.7985388023214013, -0.20997666021639347, 0.6094957670537962], [-0.0896967370473288, -0.29556754893959825, -0.16425105652145694], [-0.2507001799530958, 0.2672170586120805, -0.5364301171308463], [-2.6384325518365856, 0.5585390454047376, -0.768705247450687], [-0.06976018645423476, -1.5280408755949764, -1.1741360436242443], [0.24408570489134698, 0.9517493815148216, 0.23283429414365817], [-0.30304838340025053, 0.4488390118894469, 0.3483538171849045], [0.3580004987207237, 0.21617065683531034, 0.5207227250374801]]","tensor(-3, dtype=torch.int32)"
"['Bi', 'Bi', 'Bi', 'Bi', 'Bi', 'Bi', 'Bi', 'Bi', 'Bi', 'Bi', 'Bi']","[[0.006391659115816331, 0.0770615771474778, 2.626080105499324], [-0.11914185519667915, 0.03156141458502473, -2.578453478823425], [1.9555632478891305, 3.569455824039883, -0.011357430298007877], [2.082562276674489, -3.449354760578147, 0.15066115273649414], [-3.978760947775938, -0.00543646608706368, 0.036131477255418404], [2.5310978307778917, 0.8679777285501159, 1.1481552398716859], [-0.5723408663990753, 2.667229148893189, -1.309269163675009], [-0.5001717000955993, -2.5874780488657927, 1.3319137299027688], [2.5874449847354875, -0.8388698109940653, -1.1072199197575863], [-2.0443197434881153, 1.8133999215612457, 1.1640983239041456], [-2.0798373382750244, -1.8331869649988481, -1.347495963667335]]",[-64251.91015625],"[[-0.10166276060167481, 0.0037730928841983556, -0.3021263338761683], [0.5787263301163652, -0.3040249917634968, -0.01277550497775518], [-0.10042482516902995, -0.32891739785449653, -0.04475723829297016], [-0.13946699677741173, 0.12448681590313918, 0.05693243148922734], [-0.2171014481149608, -0.31406001293491187, -0.19989998715080037], [0.1266801223752087, 0.7079294774148406, 0.8653103882352238], [-0.08787258977069658, 0.21986548838145273, 0.18050316283090734], [-0.33869700549704446, -0.015473940939812116, -0.3905654922518695], [-0.22977992474811773, -0.35142901252753395, -1.100378252348657], [0.25740171261588596, 0.2702020081839908, 0.2895273043744991], [0.22815904899949274, -0.015929967474551852, 0.6684907900583021]]","tensor(-3, dtype=torch.int32)"
"['Bi', 'Bi', 'Bi', 'Bi', 'Bi', 'Bi', 'Bi', 'Bi', 'Bi', 'Bi', 'Bi']","[[-0.06671733667352502, 0.1486405112850974, 2.5364913176719104], [-0.05906706921711933, 0.004572753234039253, -2.482253454321144], [2.0103559051956608, 3.378941881861078, 0.07259455135546126], [2.039874740108707, -3.489553597180543, 0.06247983014754142], [-3.923266940868601, -0.0010503650985383096, 0.323069162065744], [2.3995337834688497, 0.8139338761451708, 1.2269298962247794], [-0.7212256932677881, 2.5514973047177376, -1.3518499327213136], [-0.5117613540405139, -2.711499745817005, 1.486818657697921], [2.654348165938707, -0.964122316870566, -1.1292770898784137], [-1.9161355376997682, 1.9277073343810662, 1.2429822800079606], [-1.8989421195081306, -1.8884416159624298, -1.1376818453200188]]",[-64251.63671875],"[[-0.09700777576159104, -0.8923933754274392, 0.6888734787179255], [0.545537997991113, -0.7297314158020123, -0.25700288287360823], [-0.6863167723246754, 0.4813523262185569, -0.6282612309332964], [-0.3029388543451897, -0.30466128872468096, 0.34205435385616145], [0.13545591936806564, -0.5133099734260768, -0.3801887198598281], [1.0580115910976762, -0.28280504860880307, 0.20335694010130367], [0.605549121525197, 0.9211429526076927, 0.3240090049471172], [0.03060939081960395, 0.3306654404355936, -0.5299632748940175], [-0.26079881025179263, 0.4289016899649791, -0.4365197185659611], [-0.6059733537807142, 0.4436987053490514, -0.04732996266774674], [-0.43493123873503015, 0.1241182737728008, 0.7317533324428528]]","tensor(-3, dtype=torch.int32)"
"['Bi', 'Bi', 'Bi', 'Bi', 'Bi', 'Bi', 'Bi', 'Bi', 'Bi', 'Bi', 'Bi']","[[-0.007361499605696673, -0.02209568533814789, 2.4080673908315187], [0.06860861177579318, -0.08500798556424619, -2.546871155712026], [1.9837120690595302, 3.3990783897053096, 0.24917963843921087], [1.9749362478714474, -3.475750210651896, -0.2850650048580186], [-4.014407655864413, 0.029854135025695734, -0.07728600935377321], [2.72169394881209, 0.8703400584248487, 1.329700181798806], [-0.5175747703829104, 2.5461119115782997, -1.066314959341385], [-0.43509704843167546, -2.49023829447408, 1.302469045824399], [2.471473331119981, -0.7784534301946751, -1.3835262836868494], [-1.9994726081288994, 2.002302805896862, 1.3232537106319227], [-1.9755179804030998, -1.8009736971180847, -1.3478487098894478]]",[-64251.29296875],"[[0.606839301802885, 1.5412085305853134, 1.0860957664129125], [-1.2141671134757595, 0.9185265965882123, -0.6528188792081244], [0.011240411562300304, 0.5853762349992112, -0.22473042962144882], [-0.2185049626824863, 0.14062502227974463, 0.24087429242812783], [0.5891058793013518, 0.25184175038612383, 0.11153096850801135], [-0.24714110272871895, -0.8042816215088142, -0.290123440682161], [0.1333135207666582, 0.4431926605458339, -0.8041972892786265], [-0.5092015539973738, -1.7792902434861235, -1.3398463048384055], [1.7751985876592749, -0.25989537552486164, 1.0552491963381148], [-0.5769085591790887, -0.8293324076418737, -0.00836803009106302], [-0.36922126190183213, -0.2162452702901898, 0.8323071756396515]]","tensor(-3, dtype=torch.int32)"
"['Bi', 'Bi', 'Bi', 'Bi', 'Bi', 'Bi', 'Bi', 'Bi', 'Bi', 'Bi', 'Bi']","[[-0.06274609132294465, -0.12069579875123669, 2.4151658518807433], [-0.07426582745720602, -0.1090855986860424, -2.5803501127785884], [1.9807842100929447, 3.6541153075696258, -0.0673104309329353], [1.9126032269748492, -3.3521913764558358, 0.04235984093705292], [-4.095807584774713, -0.06656028720311286, 0.05513425387185969], [2.6342067848113038, 0.8481775247596467, 1.4205303327260057], [-0.5009411345482079, 2.6552018228609993, -1.2609044199875319], [-0.6196671461837863, -2.6355193280285887, 1.2764292718383803], [2.6769647241901624, -0.9247966201052631, -1.256818376117535], [-2.0516174409137915, 1.9920431385964676, 1.1757887714531479], [-1.9768856833961184, -1.8631308268311961, -1.1575168718737137]]",[-64251.51171875],"[[0.1959501534525235, 1.614994089790353, 0.6494723294882387], [0.6013489650851193, 0.29652929631837854, 0.3035216723311329], [0.19271894348404692, -0.840939916373739, 0.5072737397841207], [0.2949778918154752, -0.7217949301878888, 0.08629295453951698], [0.6442817835643718, 0.30693291104222353, 0.07747350019091044], [-0.4014200272967606, 0.2561132292672201, -1.080286612727364], [-0.15148192274084826, -0.04790240367560955, -0.3320321367855493], [-0.19304264555052938, -0.9986021060350528, 0.07857892089355921], [-0.38104258369047816, 0.8871781468996149, 0.1988430574805095], [-0.10959024734977217, -0.8644644948287683, -0.01219330919912006], [-0.6980780331103584, 0.1185060666979956, -0.4701784085628759]]","tensor(-3, dtype=torch.int32)"
"['Bi', 'Bi', 'Bi', 'Bi', 'Bi', 'Bi', 'Bi', 'Bi', 'Bi', 'Bi', 'Bi']","[[-0.12334007039176975, -0.13213320059890904, 2.410452565916141], [0.2317332510882956, -0.18366122629531415, -2.6756351422973084], [1.9971141745484995, 3.4426938428630502, 0.06505105474791432], [2.045480798273334, -3.567729351322773, 0.06503210532146657], [-3.8269240336278765, 0.0028624112018716184, 0.04613119039344964], [2.5217660934871877, 0.8537551742183757, 1.3070989116132385], [-0.6884740211179414, 2.6380297791907665, -1.1071118846590726], [-0.8334838599028975, -2.7616897823060254, 1.147125309083785], [2.4877456286949537, -0.8394265577830602, -1.205929346798316], [-1.8222213877801328, 1.9225698774937297, 1.1587220376530323], [-2.0561246571904284, -1.8141396617438867, -1.1574078598133157]]",[-64250.88671875],"[[0.3800556909089163, -0.007214344613259281, 0.5483656988069783], [-1.7836539221774188, 0.6805929793111462, 0.019960775540436355], [-0.3874972903136947, 0.01744903776627108, -0.13752097914374004], [-0.6613498042008877, 0.4899972025662566, 0.11016509491152082], [-0.7864736369744931, 0.6471681055646359, 0.3302734498314957], [-0.023815236685463818, -0.29736696219018155, 0.0720251238998722], [1.9310604898944486, 0.48244874805517957, -3.0756159753385415], [1.433769783547158, -0.5072580560461896, 0.8418233479070462], [1.3089004901268626, -0.6275649758133325, 0.7245120735068616], [-1.5392781452674813, -0.7920071682491843, 2.576077609368384], [0.1218414064019173, -0.09287899318462328, -2.0045148908297272]]","tensor(-3, dtype=torch.int32)"
"['Bi', 'Bi', 'Bi', 'Bi', 'Bi', 'Bi', 'Bi', 'Bi', 'Bi', 'Bi', 'Bi']","[[-0.07719111892723912, -0.12144809994816669, 2.5775423417136087], [0.044756995364514905, 0.023860157647563163, -2.567864771929177], [1.8629017320449217, 3.7048108474734462, -0.11620854331831823], [1.9422555682421032, -3.468137409277635, 0.13350445442357045], [-3.9222907628668287, 0.016591282397080354, 0.05590261235680455], [2.453298309182388, 0.7147167087408988, 1.336187352434267], [-0.4508414260735331, 2.7020677117921506, -1.3819183353756304], [-0.5335582955914326, -2.5630812586948637, 1.2855936423078735], [2.5785534155157976, -0.959127406959672, -1.1615889501422014], [-1.9610238325528915, 1.745554362537731, 1.0979359448431047], [-1.8962867019614793, -1.5734829408515156, -1.5502005304565623]]",[-64251.09765625],"[[0.07374827818864556, 1.1253174525429923, 0.5223867439209389], [1.5132400549761273, 0.878915645224888, -0.9806465400979034], [0.785824175957865, -0.7168748644657212, 0.7401078796615042], [0.31840265999075185, -0.3067110247170652, -0.057211602024403424], [-0.3844329450323881, -0.5468765150348841, -0.5187877117314059], [0.42587102615365613, 0.8448109714277187, -0.6212822246643523], [-0.8552625115409141, -0.0321839404059265, 0.10896634311265828], [-1.0509153424599347, -1.0419735549554645, -0.9943680110145336], [0.23700318595205663, 0.45202018816281814, 0.04976955524742832], [0.3644321682469134, 0.8341979659469687, 0.25152452750318016], [-1.4388034920917123, -1.4855004076744627, 1.5011445505951881]]","tensor(-3, dtype=torch.int32)"
"['Bi', 'Bi', 'Bi', 'Bi', 'Bi', 'Bi', 'Bi', 'Bi', 'Bi', 'Bi', 'Bi']","[[-0.03254692337345684, -0.0273976344730969, 2.5276718095949606], [-0.07915106542896336, -0.031020627875409035, -2.555301241608122], [2.000152159811902, 3.2815224618391063, -0.03549042822571664], [2.071439140630325, -3.500991122993814, 0.03512018683683039], [-3.876858616763445, 0.15190299645295, 0.1517203000819937], [2.5774938850746905, 0.6986061446278987, 1.1840988608592569], [-0.5352262105371245, 2.6977771217949176, -1.2629525587057595], [-0.569018471491781, -2.7269314218275893, 1.471336471105233], [2.644988685087699, -0.9849843972834293, -1.1856384982743515], [-2.100793352175789, 2.134923919365835, 1.039602181668141], [-2.0792168957416077, -2.0422512704596523, -1.1741440090974666]]",[-64251.47265625],"[[-0.08584244559520354, 0.6258341082108225, -0.13044087704275387], [0.02306703496858796, -0.519715880484386, 0.4484993689745752], [0.4830653503552894, 0.4674089175546767, 0.09442597538765096], [-0.5559422297800569, -0.3694856228746338, 0.43368425301426755], [-0.5604812578036327, -1.0957770035942718, -0.56582401311857], [-0.053149102523479506, 0.07332836538882093, 0.5980646360960428], [0.13073999934946215, -0.13468397092929915, -1.0417570679499217], [0.1528470764280567, -0.043750542863941665, -0.7150601788539394], [-0.3619969208339701, 0.3263039728942361, -0.7841611855162378], [0.5043373326666598, -0.3248229138126112, 1.2587639508384707], [0.30930244102213034, 1.0019491699758543, 0.40825016661058683]]","tensor(-3, dtype=torch.int32)"
"['Bi', 'Bi', 'Bi', 'Bi', 'Bi', 'Bi', 'Bi', 'Bi', 'Bi', 'Bi', 'Bi']","[[-0.09881862192958646, -0.19685998352170334, 2.6268676025799644], [-0.085678265196455, -0.07337896448055656, -2.578883439478134], [2.066312119935015, 3.0752823143100922, 0.014573209879484392], [2.0861437593729506, -3.5571019349902375, -0.014534074502882237], [-3.996672841829061, 0.0892472188805751, -0.11671273296539611], [2.716949385278091, 0.8666967553522417, 1.2773444188666914], [-0.6925892926301795, 2.6075431250821763, -1.16541060922863], [-0.49192620942140797, -2.760695647480634, 1.3622911422413455], [2.4504096411481133, -0.8352348851118888, -1.2660336776040269], [-1.8470038869360406, 1.9828283594938414, 1.3884571927432323], [-1.9541454702796104, -1.7311909201239728, -1.1573732473673806]]",[-64251.16796875],"[[0.5628420460279712, 0.9114858838093747, 0.18759864013727529], [0.2011716040534287, 0.6561998817293673, -0.059028293097756854], [-0.7703517828230094, 2.877794674817684, -1.3926696484117393], [-0.3198179502172487, 0.34359454834310094, -0.0201563543235435], [0.44874372675375307, 0.4828125593530927, 0.38608616527661566], [-0.031614939535990254, -2.8118278446370546, 1.1409112018139718], [0.5908460028803458, 0.014642219461795534, -0.45835338438363626], [-0.04976260298064699, -0.39408692850521143, -0.6916045060016244], [0.48301917331705246, -0.30614059945519223, 0.40965789778962175], [-0.5732668466535462, -0.9477610840920446, 0.10236158682621763], [-0.545512286945324, -0.8374576123320878, 0.3997601736027195]]","tensor(-3, dtype=torch.int32)"
"['Bi', 'Bi', 'Bi', 'Bi', 'Bi', 'Bi', 'Bi', 'Bi', 'Bi', 'Bi', 'Bi']","[[0.031739038494914926, 0.016256457237503595, 2.4422563347133748], [0.10118202554570788, -0.07662609049138117, -2.431670338481678], [1.9655957596114786, 3.4579193851352037, -0.04728826324277334], [1.9596977771472646, -3.4271094815091927, 0.1940730805231034], [-4.02541890464002, -0.01718928194848347, 0.020525968953649904], [2.4429574459911585, 0.8222761216496959, 1.1611555453565077], [-0.5875582102541705, 2.6157490899721463, -1.309171944001892], [-0.7701006248168716, -2.738058012319074, 1.1543174802554748], [2.512064910724494, -0.7432102858984851, -1.319080685226183], [-1.9129156882541773, 1.8759337890069314, 1.2441583804001934], [-2.082900776655897, -1.9251283371793855, -1.3251827615556087]]",[-64251.6328125],"[[-0.8413888312332135, -0.7133966741913963, 0.4137417374585505], [-1.78957723290627, 0.27455823067200735, -1.1057570031276986], [-0.15692073452285302, 0.09395967986122312, -0.08868999533841788], [0.022376945357404216, 0.38661586424195893, -0.28575755084092785], [0.4898059123855871, 0.07378015988542382, 0.01093052661182478], [1.119896021427941, 0.27355087189799754, 0.13402268283160815], [0.03586361271947174, 0.1573143192117898, 0.01340998673910665], [0.4796149794325081, 0.24714783902271564, 0.3510011293035148], [1.4542049227401905, -1.145455886267621, 0.821090474803778], [-0.618763056397954, -0.14165444113104136, -0.2840610331955918], [-0.20640801848298312, 0.5024607348566182, 0.023483903580591173]]","tensor(-3, dtype=torch.int32)"
"['Bi', 'Bi', 'Bi', 'Bi', 'Bi', 'Bi', 'Bi', 'Bi', 'Bi', 'Bi', 'Bi']","[[-0.11010455283624772, -0.027009240902126988, 2.415250726547954], [-0.0580824442449022, 0.02292606372141878, -2.5791763645949253], [1.7811272409987486, 3.455006884444337, -0.030627971388866106], [1.9869643675498785, -3.575246497618412, 0.103767707560201], [-3.968909414020256, -0.04299852864987956, -0.17464860640304608], [2.6097098809723582, 0.8092307394043412, 1.2107170972439487], [-0.531848461170634, 2.5315522954609824, -1.1818615444101215], [-0.7945663173107042, -2.6657088006511205, 1.1552553499622646], [2.4723066445640867, -1.0016741083525775, -1.279231209335339], [-2.0001936726210414, 1.8327947745029842, 1.2289572487737621], [-2.0695890952565876, -1.8014970906314034, -1.1368492136827262]]",[-64251.4453125],"[[0.6125270993523096, -0.18924029041089777, 0.4756859716813202], [0.14246212792345447, -0.6850810994640599, -0.042787371093224655], [1.5938997193832922, 0.16377231684886728, 0.8650697328466395], [-0.6136079917172758, 0.28884575597272644, 0.12856463918735328], [-0.7885629165553008, 1.0844142640183172, 0.7581740030955458], [-0.4405699281869979, 0.004029682950520776, -0.35850695490067386], [-1.3426446950620716, 0.2736462084557828, -1.0590487746848012], [1.2253478188475286, -0.641956476583222, 1.1651685450739853], [0.18248111358344887, 0.2567962689096485, 0.19648463467238356], [-0.7653777239046852, -0.0941555980301347, 0.03755709131919551], [0.19521636020570773, -0.45591438315800786, -2.150672415942331]]","tensor(-3, dtype=torch.int32)"
"['Bi', 'Bi', 'Bi', 'Bi', 'Bi', 'Bi', 'Bi', 'Bi', 'Bi', 'Bi', 'Bi']","[[-0.08372904472208305, -0.0740012761110255, 2.6639607465774886], [0.0409526581759366, -0.06363930076404414, -2.543416825343246], [2.172256077492008, 3.5716301801614594, 0.0617584097556291], [1.894699288786519, -3.5005095577387317, 0.03470833080065309], [-3.7206511941338776, 0.13529497699332083, -0.046913513662245554], [2.5745318543017124, 0.8519234430578844, 1.2487767109022465], [-0.6304118771512295, 2.528366391071826, -1.22188860631819], [-0.5427375118772941, -2.589497346335666, 1.1538372668836385], [2.5592009003278524, -0.7913893898622146, -1.2702658257231654], [-2.0415504212917375, 1.924361185176184, 1.324003475516541], [-1.9020194511680149, -1.7972696437331226, -1.3149567275540792]]",[-64251.6015625],"[[0.34422806851133986, 0.5584259168032665, -0.29722925382893606], [0.1368692555550825, 0.5872207454241083, -0.5439403136057895], [-0.7604556012988546, -0.5850831290772176, -0.27118231893783074], [0.8503038792500633, 0.24389400333394481, -0.5228953084066437], [-1.071001325651154, -0.5566210013888844, -0.480972265539705], [-0.197242339191783, -0.013868872342138116, 0.11699235458821877], [0.6604910552715378, 0.6120463027960569, 0.3074755169525529], [-0.6896278408013723, -0.17084264875245367, 0.6313948931940498], [0.46162778890903833, -0.49746780403068497, 0.5064978832663943], [0.9014457204288018, 0.17034678552336857, 0.45590492149315753], [-0.6479348089500614, -0.33849198561792365, 0.09880405226458808]]","tensor(-3, dtype=torch.int32)"
"['Bi', 'Bi', 'Bi', 'Bi', 'Bi', 'Bi', 'Bi', 'Bi', 'Bi', 'Bi', 'Bi']","[[-0.07719111892723912, -0.12144809994816669, 2.5775423417136087], [0.044756995364514905, 0.023860157647563163, -2.567864771929177], [1.8629017320449217, 3.7048108474734462, -0.11620854331831823], [1.9422555682421032, -3.468137409277635, 0.13350445442357045], [-3.9222907628668287, 0.016591282397080354, 0.05590261235680455], [2.453298309182388, 0.7147167087408988, 1.336187352434267], [-0.4508414260735331, 2.7020677117921506, -1.3819183353756304], [-0.5335582955914326, -2.5630812586948637, 1.2855936423078735], [2.5785534155157976, -0.959127406959672, -1.1615889501422014], [-1.9610238325528915, 1.745554362537731, 1.0979359448431047], [-1.8962867019614793, -1.5734829408515156, -1.5502005304565623]]",[-64251.09765625],"[[0.07374827818864556, 1.1253174525429923, 0.5223867439209389], [1.5132400549761273, 0.878915645224888, -0.9806465400979034], [0.785824175957865, -0.7168748644657212, 0.7401078796615042], [0.31840265999075185, -0.3067110247170652, -0.057211602024403424], [-0.3844329450323881, -0.5468765150348841, -0.5187877117314059], [0.42587102615365613, 0.8448109714277187, -0.6212822246643523], [-0.8552625115409141, -0.0321839404059265, 0.10896634311265828], [-1.0509153424599347, -1.0419735549554645, -0.9943680110145336], [0.23700318595205663, 0.45202018816281814, 0.04976955524742832], [0.3644321682469134, 0.8341979659469687, 0.25152452750318016], [-1.4388034920917123, -1.4855004076744627, 1.5011445505951881]]","tensor(-3, dtype=torch.int32)"
"['Bi', 'Bi', 'Bi', 'Bi', 'Bi', 'Bi', 'Bi', 'Bi', 'Bi', 'Bi', 'Bi']","[[-0.06883435917255908, -0.05306926804019252, 2.739357397631189], [-0.04130766206736229, -0.08473710874087673, -2.5447700994741784], [1.983373007113482, 3.5238209053948326, -0.09311155242936005], [1.8815200420019618, -3.3119803977024818, 0.03889074612384613], [-3.8536359100308464, 0.08476518671778213, -0.10345140849294927], [2.5872864386890053, 0.7969332546108585, 1.1926388065886935], [-0.45172557423719517, 2.7023162068906044, -1.2866043544838885], [-0.5998741956008488, -2.578943714076731, 1.44863175375629], [2.7098022212552877, -0.8769083662111927, -1.3063232166934429], [-1.8537131989515574, 1.8327826894606076, 1.267992848575423], [-2.0454704379592368, -1.8705868605327225, -1.2496031145412367]]",[-64251.74609375],"[[0.6721988370819799, 0.6585714685929371, -0.27020293378163923], [0.37719600555208954, 0.18573505211640287, -0.0335031176010552], [0.7941560974562222, -0.29585731242563934, 0.5340338476633191], [0.18493477010517698, -0.5512818456203574, 0.18467128330793212], [-0.2900277441697346, 0.3692916587452022, 0.229971986260161], [-0.1903571268178768, 0.33386672274677187, -0.007991183292934835], [-0.7762822926446815, -0.545280373312308, -0.13450435356341778], [-0.3125649670443778, -0.5311922628827278, -0.7735656635466244], [-0.5595608023643893, 0.430750365579294, 0.10371208521732639], [-0.35054599237095935, 0.11563902798207323, -0.2754172367118151], [0.44515749866502313, -0.1660823514688185, 0.45775318573073975]]","tensor(-3, dtype=torch.int32)"
"['Bi', 'Bi', 'Bi', 'Bi', 'Bi', 'Bi', 'Bi', 'Bi', 'Bi', 'Bi', 'Bi']","[[-0.15185629653484398, 0.13391161062142193, 2.5963055595367694], [-0.07207561198367685, -0.05766544739545065, -2.5568192577989097], [2.170193923004037, 3.4392978277804436, 0.0860630343120374], [2.0788383018411514, -3.470456133524517, 0.08983465460668753], [-4.037978685549682, 0.07075806187169265, -0.005580681570326804], [2.6024613765227707, 0.9255926159485379, 1.2340988225811], [-0.6043757890516451, 2.7182965085922923, -1.343561245141637], [-0.6726956378003739, -2.7146304425692307, 1.3347663930232627], [2.4574611200307457, -0.9642350434024827, -1.3233277369513308], [-1.8948147859025941, 1.653250834585287, 1.0972208734922821], [-1.9682763990270367, -1.7446394883338305, -1.297838311777009]]",[-64251.32421875],"[[1.4054269551112852, -1.3789733743199823, 0.36880746833090533], [0.3997509176262355, 0.8195287858825588, -0.5461694612756889], [-0.9199998395119173, 0.6552886822666081, -0.7556090691676434], [-0.6822996785306147, -0.0256723609494249, 0.2994276510880718], [0.06294711927481231, -0.49209522390263244, -0.35116943380924903], [-0.20581069946721497, -1.256749233290451, 0.10828011530055202], [0.863341950569624, -0.08259220945284314, 0.20407057588822092], [0.4960157984308015, 0.3942962164179332, -0.437195507693477], [0.46990402028221656, 0.4744837746023219, 0.538948256955413], [-1.0472283784938037, 1.7099069295410627, -0.3042012666934256], [-0.836473393499288, -0.8062557156044874, 0.8931883609632327]]","tensor(-3, dtype=torch.int32)"
"['Bi', 'Bi', 'Bi', 'Bi', 'Bi', 'Bi', 'Bi', 'Bi', 'Bi', 'Bi', 'Bi']","[[-0.058001367805775764, 0.013624731028625568, 2.6763252044548334], [0.259632388871043, 0.05762783901810741, -2.4635444265138915], [1.9931112176579917, 3.5302649851135883, -0.2198990870142671], [1.8866017442224439, -3.4831541334378926, 0.1562962295600796], [-3.968476952661722, -0.033378236838919245, -0.0345261178223227], [2.7237381761201496, 0.8694679344104852, 1.2314097744023946], [-0.48522646867303265, 2.6052948935486935, -1.2400064879857424], [-0.4793464374718126, -2.6235258339222693, 1.1800008500907369], [2.523787038372683, -0.8186003983183506, -1.2808883936770132], [-2.1377453780159557, 1.671603936081878, 1.3340373462847896], [-1.9457967962144227, -1.694690556553735, -1.2285368034938073]]",[-64251.2421875],"[[0.640729031257259, 0.010696160145040469, -0.39993300325251263], [-2.1292859680551084, 0.2188078388018798, -1.1950416949552143], [0.731086902136004, -0.332611972290181, 0.6524290997539645], [1.639678750631378, -0.14099968363898077, -0.8913191679343783], [-0.5718316560776088, -0.14492725157160444, -0.1548455445951378], [-0.6972285401574926, 0.2591582912641849, -0.15383792871067006], [-0.9612059041559861, 0.16437009866345964, 0.29819259529255526], [-1.6222080950178075, 0.46457062378794634, 0.9054005934920535], [2.119326023137397, -0.9000238995966747, 1.4071835337595842], [0.6603696991354142, 0.7846286123286804, -0.07451482730779638], [0.19906993174855092, -0.38347582564184984, -0.39950481149594397]]","tensor(-3, dtype=torch.int32)"
"['Bi', 'Bi', 'Bi', 'Bi', 'Bi', 'Bi', 'Bi', 'Bi', 'Bi', 'Bi', 'Bi']","[[0.015583328784797552, -0.07113848147073802, 2.539826851086815], [0.20331194398408506, -0.0023212759482826406, -2.6812081505160346], [2.069221517537746, 3.559021988153688, -0.08778504442610774], [1.999802078339663, -3.4118799922779064, 0.10176645963944325], [-4.073652842882959, -0.1047654180792093, 0.15611502952087986], [2.7867068415671596, 0.7233356243900715, 1.23919766140246], [-0.6082513391530899, 2.770514047011857, -1.423503727027576], [-0.6376550057847425, -2.6491357358572727, 1.2280536953662506], [2.6540089421681747, -0.8640876617266612, -1.2595271870564466], [-2.1026986141966537, 1.975390753053463, 1.252882362076141], [-2.054018997835471, -1.9220598489293024, -1.2501857589902634]]",[-64251.5546875],"[[0.11050453213802613, 0.7875205907590179, -0.3375581090127785], [-0.9252541488293408, 0.09573060527307228, 0.513471335949448], [-0.3424053096311802, -0.8249193637426636, 0.10518836204443453], [0.00918204694294935, -0.07135010610372994, -0.017107955032835277], [0.6308570181161457, 0.10101391665014565, -0.09695609655955532], [-0.836747473247398, 0.6771620973610729, -0.13376243562613271], [0.5175422686733907, -0.5706864860981703, 0.6446211693687856], [0.10355972155998124, -0.1559727682646156, 0.034677737012340275], [0.1741557226907222, -0.0737240583835124, 0.013311220327813096], [0.46251507709921386, -0.7549508663954471, -0.5070814725837112], [0.08495685433405002, 0.7906198002184142, -0.22319080077751677]]","tensor(-3, dtype=torch.int32)"
"['Bi', 'Bi', 'Bi', 'Bi', 'Bi', 'Bi', 'Bi', 'Bi', 'Bi', 'Bi', 'Bi']","[[-0.01574256705126137, 0.1667630079204011, 2.480792171178278], [-0.0021485249847169497, -0.0788795765840554, -2.5237068401753406], [2.076847835576669, 3.47036537267209, -0.08521832696888204], [1.7988531973640252, -3.5395931798408076, 0.01483386900330968], [-3.9864034152382515, -0.08593947472693088, -0.13925015276663988], [2.62937393975422, 0.7791811799575986, 1.3071923062943327], [-0.5563588241118632, 2.5317701616414365, -1.2843010087148876], [-0.8624369301752186, -2.42607999999969, 1.1800112016063409], [2.4525778485395247, -0.865239151869667, -1.2122115245160268], [-2.112548307278579, 1.859109953350515, 1.219395953382724], [-2.0560360959780497, -1.8346989941374934, -1.2649136733397524]]",[-64251.74609375],"[[-0.18431014595878098, -0.31115805861880813, 0.31061020765513786], [-0.22977123441464112, 0.11201407905838515, -0.4936985132959378], [-0.25878908064665607, -0.6044265772660528, 0.08439974739389572], [-0.39827983443037673, 0.42527488984599426, 0.12428071616009519], [-0.46627984268990214, 0.7534693959370895, 0.4738676351010363], [-0.02435487039889996, 0.44650280342488247, -0.4927021588495256], [0.07610330713872737, 0.5766514487211994, 0.24239798042367078], [1.0714980630557958, -0.6800525331286631, 1.0868095050440127], [0.6796637821163346, -0.40189881839144176, 0.35792948481225473], [-0.11909562097793551, -0.02185265085388574, -0.390405620969154], [-0.1666939658260453, -0.299786834397743, -1.3188156978249013]]","tensor(-3, dtype=torch.int32)"
"['Bi', 'Bi', 'Bi', 'Bi', 'Bi', 'Bi', 'Bi', 'Bi', 'Bi', 'Bi', 'Bi']","[[0.03575951453444093, -0.014890056284565599, 2.7432806206756104], [0.13491036870858428, 0.12313327706394082, -2.525543799437887], [1.959421350985427, 3.3945609756372006, -0.06983436650891689], [2.035925500205176, -3.4231543039914416, 0.029073103997439554], [-4.138314568385672, -0.06973536417455038, 0.3234684602484819], [2.457513918721362, 1.0110204882041405, 1.139502019446525], [-0.7119355711238424, 2.5638991910161417, -1.0985235885998539], [-0.5902921552134437, -2.5692208030628505, 1.1755824437977125], [2.7184464451374515, -0.7782819870177553, -1.0268710218507513], [-2.020231202274321, 1.9112989866411958, 1.1772456157962898], [-2.0505697180692986, -1.6660250055826127, -1.1794737907481008]]",[-64251.25],"[[-0.2672515628355292, 0.2836712537414318, -0.7428805588393812], [-0.1949806927600065, -0.5178163484215006, 0.15957231467506422], [-0.45492733611017133, 1.6106165271343316, -0.6971688905312623], [-0.17188631152311748, 0.02285090791768631, 0.07156983270104203], [0.6680989537204789, 0.13234380296368334, -0.23095209132563455], [0.4840428843161841, -1.0467846058434869, 2.1026863485237244], [0.9131468173673388, 0.8108492510451357, -2.0328062971740217], [0.2718520402585405, -0.05881921087340137, 0.5944558337091101], [-0.24978712929503974, -0.4668862634158795, -1.1337583888754945], [-0.9106965547036548, -0.9505795289314259, 2.372744889072213], [-0.08508813493384824, 0.20335087229449747, -0.46549992382694105]]","tensor(-3, dtype=torch.int32)"
"['Bi', 'Bi', 'Bi', 'Bi', 'Bi', 'Bi', 'Bi', 'Bi', 'Bi', 'Bi', 'Bi']","[[0.11648529950013575, 0.15953917834448414, 2.6291087480355446], [-0.018687190092991825, 0.09579515206383037, -2.4627547271351222], [1.8305318814329439, 3.472029402280626, -0.04524346026822814], [2.1296480527542667, -3.414106867135383, 0.05045027493642858], [-4.118736601163631, -0.02922925215467569, 0.06011425548836233], [2.5943720554650143, 0.9014437383442115, 1.2757832594692575], [-0.5935060869874547, 2.44949702127836, -1.2776056118154662], [-0.6672580282571761, -2.8237774564081035, 1.2043088447736305], [2.5941875466420323, -0.8244778437860313, -1.0846084429320553], [-2.014850556262594, 1.9968263416853556, 1.1625315982836946], [-1.896248764774485, -1.8069267127188358, -1.2613707598244066]]",[-64251.24609375],"[[-0.9844600024093159, -0.5155260084626238, -0.3133911143676673], [1.0097468159427176, -1.989361314662654, -1.0677082549065091], [0.37250055152593403, 0.050274962416710256, 0.20848243707932468], [-0.6397000752047864, -0.3450543186788126, 0.36879996070553495], [0.9539327635232167, 0.04727644769704169, -0.002778294470277315], [0.21364968879570687, 0.39084348007893926, 0.15414892952053283], [-0.5303263148605569, 2.32952102155463, 0.15898039497891173], [0.8237613382403306, 0.7380124294297072, 0.28631126392303796], [0.07305366857561212, 0.2117451687899385, -0.7196825106658712], [-0.39718510952277614, -0.9271763066125204, 0.7029621033684215], [-0.9162655672215347, -0.008069951652813767, 0.23028550675251105]]","tensor(-3, dtype=torch.int32)"
"['Bi', 'Bi', 'Bi', 'Bi', 'Bi', 'Bi', 'Bi', 'Bi', 'Bi', 'Bi', 'Bi']","[[0.05774146010522305, 0.09264356027133197, 2.7490716725352256], [0.17490677843275607, -0.12417153501463596, -2.5598712226760214], [1.9717823975178337, 3.2684410420173267, 0.023212811448426258], [2.0788569160614117, -3.3795999256481974, 0.03513559485959533], [-3.7969934009400226, 0.06318558839815679, 0.0679995377663802], [2.5779480028982684, 0.9597542333101715, 1.1391211515234392], [-0.5954537259359309, 2.6939358275629055, -1.2844516668335904], [-0.6851612214177046, -2.7021742199775747, 1.2602149057363183], [2.638106042786573, -0.8569839173844449, -1.225445649839854], [-1.9219907470603634, 1.7189643849252407, 1.1710457799250458], [-2.0281320011009174, -1.9607113256869493, -1.1632147522041811]]",[-64251.1484375],"[[0.02065435671163823, -0.5776258973565995, -0.762760853664289], [-1.0335069075771732, 0.33044849063122667, 0.00416024569792057], [-0.4854260357354448, 2.788049241049631, -1.1850899775721553], [-0.5569197637409516, -0.45986483392138366, 0.39233297238358295], [-1.3463938797590116, -1.0411816547451656, -0.6813720239985505], [0.579474007327907, -2.4149398005373235, 1.6756361623880969], [0.2951702104379763, -0.6633660644116547, -0.3680863763407093], [1.0185117114521602, 0.24896499289489327, 0.6232928284450457], [0.3941789740491357, 0.14487577805793503, -0.024643194066376897], [0.8969313750091835, 1.1643771590846022, 0.9800829539742104], [0.19561518994798546, 0.491324355327789, -0.6425894825305452]]","tensor(-3, dtype=torch.int32)"
"['Bi', 'Bi', 'Bi', 'Bi', 'Bi', 'Bi', 'Bi', 'Bi', 'Bi', 'Bi', 'Bi']","[[0.016793479186185904, 0.025383856313947923, 2.5592422314478007], [-0.03913362411108301, -0.06560348009673368, -2.6245238034524263], [2.164596411956815, 3.3338490832332113, 0.07491454752259637], [2.0832690019104136, -3.5983838896575358, -0.1959749076140121], [-3.988383793272333, -0.05688810308995734, 0.1526734147080884], [2.568464599531548, 0.9132790629524652, 1.3114916185221226], [-0.5602738631460876, 2.627850871292778, -1.3548590578006154], [-0.4726974660835977, -2.7528780753304165, 1.230702366031121], [2.7018672790304348, -1.018950665606973, -1.2420302363400697], [-1.8679866147986508, 1.856996672644202, 1.2323580980400979], [-2.0369511992503644, -1.7145810662084142, -1.24214892779894]]",[-64251.67578125],"[[-0.008859918392469144, -0.5792523781132065, 0.01916933298675269], [0.6626168445373657, 0.23874618916817902, 0.1836237124583084], [-0.814695623495158, 1.1273727935433586, -0.9337321090677789], [-0.46428600251106306, -0.20952250030357802, 0.40475279589610336], [0.2328925039513243, 0.40982687078254654, 0.17818412934493], [0.5434985978391359, -1.5583716820912483, 0.08365232729281184], [0.5180570038100849, 0.020917236728202452, 0.3244210501669304], [0.08856370268150271, 0.3183449129819099, -0.34997746972647475], [-0.3619930641771018, 0.884264056969899, 0.03096407983847125], [-0.45895214321796857, 0.04607373125491848, -0.29042256298886926], [0.05455040594106716, -0.6897275996590333, 0.3349849989723151]]","tensor(-3, dtype=torch.int32)"
"['Bi', 'Bi', 'Bi', 'Bi', 'Bi', 'Bi', 'Bi', 'Bi', 'Bi', 'Bi', 'Bi']","[[-0.1771919393241277, -0.01002591808340154, 2.499372980204092], [-0.06184629137342956, -0.13945337162557633, -2.7132469208939893], [2.0366549575689885, 3.6396887956489814, -0.13581472676714199], [2.0162523559086325, -3.500713847298221, 0.06358465686968368], [-3.980789021242848, -0.009461631048941481, -0.09959148233155553], [2.7385617752392193, 0.789317253314819, 1.258786576136221], [-0.5383119285714267, 2.642299527118121, -1.2027153262012789], [-0.6705167530003519, -2.742615395905231, 1.1634891576908837], [2.590313117425063, -0.787897020081181, -1.1105026304996626], [-1.910855236327387, 1.8631192881323697, 1.1163605230111575], [-2.1151574005270186, -1.9526183183022767, -1.3780702463635077]]",[-64251.53125],"[[0.915155878485285, -0.45133637718901615, -0.028397186728879583], [0.2543692490313577, 0.2927970294895675, 0.7437866160929826], [0.08629619413128638, -0.9705971207408466, 0.3740851232779051], [-0.18159063722359545, 0.32179302133266185, 0.06221594855466703], [0.24541275480869623, 0.15509699862295342, 0.06718085434069042], [-0.9316510570216239, 0.9197992933547636, 0.4594804023647478], [0.5774330645131827, 0.011750451862033405, -1.4495296261739337], [0.20223115625039007, 0.254198321998953, -0.0627501212419776], [-0.3025949948188087, -0.5610129622305475, -0.9507291672179173], [-1.075212280730463, -0.28386377805229923, 0.6973159577131749], [0.20082285942834782, 0.3177430688220829, 0.09066141548532904]]","tensor(-3, dtype=torch.int32)"
"['Bi', 'Bi', 'Bi', 'Bi', 'Bi', 'Bi', 'Bi', 'Bi', 'Bi', 'Bi', 'Bi']","[[-0.1594773465305182, 0.08579684508616137, 2.5468245469387107], [-0.011618915900305253, -0.12619831385342736, -2.639205521528574], [1.8523568378907338, 3.2362603743058074, 0.08565536071049334], [2.0949413583565155, -3.4200895520761967, -0.03798904679172849], [-3.988572511382689, 0.08605110958634903, -0.05431019631845886], [2.5172184853205875, 0.8833339304268332, 1.0915949177260968], [-0.5677144589316271, 2.652029827636567, -1.130376518887584], [-0.5203166505015588, -2.6867785082236924, 1.2306621429911888], [2.4888120013068584, -0.6751033602610778, -1.3704128228133363], [-2.181787430795871, 1.8561425560604152, 1.0069081409180738], [-2.269547335724452, -1.8627378882736916, -1.0858793794438473]]",[-64250.92578125],"[[0.281931952915903, -0.16875835711452916, -0.4072328319508109], [-1.1245353225300936, 0.2916552019460816, 0.2094300433829211], [0.4915959668155032, 3.042565968639634, -0.5649266976205367], [-0.24484443785257798, 0.447169028043365, -0.06338035039635558], [-1.7444682315114435, -0.4327915140823847, -0.3174933117232893], [0.3255490965898734, -2.3964730990098904, 1.8995294917807501], [-0.3728306299317722, -0.17513222820978533, -2.118196794006348], [0.12312824424365269, 0.21751297911385825, 0.10043454394433815], [0.5273875423268836, -0.8691475047087619, 0.015421742374651451], [0.6108862204100608, 0.5278338860817792, 1.9979472612934055], [1.1056695855720164, -0.4830525976765781, -0.7528127358276405]]","tensor(-3, dtype=torch.int32)"
"['Bi', 'Bi', 'Bi', 'Bi', 'Bi', 'Bi', 'Bi', 'Bi', 'Bi', 'Bi', 'Bi']","[[0.10028099657350074, 0.20080907385981914, 2.664824736283583], [0.2007233206991098, 0.15294170091498716, -2.646938384225316], [1.8793031436642356, 3.3798352019297733, -0.0007170319090254009], [1.9493406645015752, -3.5431936545774203, -0.07374526620292203], [-4.018881398592173, 0.0592590102521649, 0.04174198534462521], [2.6259557615506246, 0.7498731247906324, 1.243745904298828], [-0.6056121264796037, 2.456018187651179, -1.291174869841446], [-0.6311140625942931, -2.6734460158194366, 1.3090725943009909], [2.578368839028095, -0.8211872695561598, -1.3631296059540852], [-2.011101289211039, 1.7844612627591745, 1.3218870561137965], [-1.9487625103228239, -1.9209533419358746, -1.2269533488173985]]",[-64251.53515625],"[[-0.22414735452504772, -0.9434549981433165, -0.1050434031682766], [-0.7887516356313914, -1.436347572997955, -0.5350180664961188], [0.2436686717286507, -0.022603433959758806, 0.10549905432174783], [-0.3011091020605755, 0.5307649453017159, 0.005105517438559332], [0.3918109353098847, -0.5729166622099012, -0.2682410781437616], [0.10019872223236219, 0.2172044465643912, -0.3872962299356253], [-0.46800376831004914, 1.2727250487018538, 0.7091224699394465], [0.5386083569300836, 0.41683734737153627, -0.09323833076056923], [0.6173191240664484, -0.5434605454913684, 0.8150776896355812], [0.006920102263041735, 0.26263236777118365, -0.31662664379183647], [-0.13018942301493824, 0.8137072908950319, 0.08824683975320008]]","tensor(-3, dtype=torch.int32)"
"['Bi', 'Bi', 'Bi', 'Bi', 'Bi', 'Bi', 'Bi', 'Bi', 'Bi', 'Bi', 'Bi']","[[0.156008555566951, -0.19525908460540176, 2.5708252884927063], [-0.07553567887748125, -0.16749537599018324, -2.506548455841555], [1.8620357455112941, 3.5772154786912287, 0.19012923299169415], [1.9771014742828152, -3.5201451994447366, 0.1179051242797373], [-4.214982751750977, -0.10431319506546029, 0.0540408021196834], [2.860440833113276, 0.81360575812552, 1.35475517598193], [-0.6498076434787693, 2.8285566648630303, -1.3383608740580866], [-0.7651769597333526, -2.5429164076942015, 1.17238709480009], [2.676692979367252, -0.7949424346702072, -1.2976236376925518], [-2.132070502431159, 1.8246198837852172, 1.3192852223055158], [-2.0450627928422573, -1.730155672555786, -1.3054988253270652]]",[-64251.171875],"[[-0.08215923544175775, 1.1097833528982435, -0.15954007302364492], [1.128376552770958, 1.5715773894293528, -0.40457179013374933], [-0.04444319329528598, -0.6220823524093034, -0.02633585505484459], [-0.26199380823797, 0.7485025361115861, -0.17101558124642996], [0.7944620589011102, 0.33100976276079874, 0.17499184589977784], [-0.9197206175546496, 0.20437046952630286, -0.730184444428813], [0.24399335081487317, -0.8828149824292355, 0.8674798862788926], [0.5609959929403268, -0.8863919031193899, 0.1396540703465719], [-0.44258773106051225, -0.3724753032789693, 0.6791017386553889], [0.369060979242384, -0.5141347323528938, -0.6308163946637991], [-1.3294641845488402, -0.6648300513588759, 0.24248940890249618]]","tensor(-3, dtype=torch.int32)"
"['Bi', 'Bi', 'Bi', 'Bi', 'Bi', 'Bi', 'Bi', 'Bi', 'Bi', 'Bi', 'Bi']","[[0.0046727413917466475, -0.02353129075671075, 2.5870764647314854], [0.06750988961778942, 0.06726973801242313, -2.6221922812729117], [2.034552446425371, 3.4975684974870442, 0.09958530824356089], [1.9634441953316388, -3.4061798998922574, 0.09934230286498093], [-3.899696495512319, 0.17131389237922603, -0.23290471002892643], [2.625722611244188, 0.8857175621369461, 1.0651971375378277], [-0.5399674380404612, 2.630669580359063, -1.1939130280055832], [-0.6703099400265001, -2.645900821863208, 1.2942588961576698], [2.5959527824948054, -0.7815374901411883, -1.0796358311810397], [-2.0033525238967136, 1.781581491624695, 1.1593894275232892], [-2.0571846330001753, -1.8556828019670732, -1.2404949518251414]]",[-64251.671875],"[[0.07862298962604143, 0.13873957986995164, -0.276664428120944], [-0.16189088536221735, -0.4183477684674522, 0.4031510491655453], [-0.31323031748730346, 0.418063250034752, -0.36084018088392666], [-0.11531450316212552, -0.018345797905715305, 0.06294886762592594], [-0.5970644764148538, -0.31669308113415506, -0.1994162081132361], [-0.052159947169888206, 0.5217480815435421, 2.28875358735172], [0.3179186238427297, 0.30394245930651437, -0.5181603622141563], [0.16888490688190222, 0.09045007068894412, -0.027894093553718646], [-0.0770907655632966, -1.1866187563547643, -1.9530377776139007], [0.26483472453137086, 0.22558460198464828, 0.933522821155057], [0.4694965516285537, 0.24310405716312602, -0.354387685410648]]","tensor(-3, dtype=torch.int32)"
"['Bi', 'Bi', 'Bi', 'Bi', 'Bi', 'Bi', 'Bi', 'Bi', 'Bi', 'Bi', 'Bi']","[[-0.025214899005191978, -0.0994173164199845, 2.5883250120749004], [-0.023776542844347288, -0.015998910240181897, -2.6167015009046657], [2.015702450303984, 3.3471942593880484, -0.06940434867154129], [2.1048093872093627, -3.5838809206887663, 0.10900535795974492], [-3.93433097344121, -0.01755392190557954, 0.2099332113789419], [2.445230976692446, 0.7674734199508815, 1.187792308811012], [-0.5182045950323072, 2.614542386383724, -1.4107193896216659], [-0.7050280324051738, -2.7349725201702273, 1.3212322927248665], [2.5052452809522454, -0.980783476629564, -1.321876856261321], [-2.19558499069343, 2.0469380202414214, 1.2438534856681114], [-2.0436820458780103, -1.831347633843915, -1.3361108377191184]]",[-64251.671875],"[[-0.5350036683104772, 0.4864971064809196, -0.23621431964516104], [-0.07042538263088567, -0.3814947381417221, -0.11582687288260708], [-0.09703538942476835, 0.2836673456624718, -0.1562641772575872], [-0.7006506803519976, 0.47454944061326687, 0.10341286006643494], [-0.16588915867076057, -0.36610647154868775, -0.3407538377380664], [0.4310393063118699, -0.426297726669569, -0.10356836047136632], [-0.39836946313599686, 0.33348110848202966, 0.7391128621894729], [0.45819495291948503, 0.08562899249306394, -0.6926535166698122], [0.16709726929029028, -0.07146128066572122, 0.45184730709093346], [1.0039854848023368, -0.5084093452545257, -0.32132852557943925], [-0.09805982033318203, 0.09074302234466307, 0.6683869174333149]]","tensor(-3, dtype=torch.int32)"
"['Bi', 'Bi', 'Bi', 'Bi', 'Bi', 'Bi', 'Bi', 'Bi', 'Bi', 'Bi', 'Bi']","[[-0.15185629653484398, 0.13391161062142193, 2.5963055595367694], [-0.07207561198367685, -0.05766544739545065, -2.5568192577989097], [2.170193923004037, 3.4392978277804436, 0.0860630343120374], [2.0788383018411514, -3.470456133524517, 0.08983465460668753], [-4.037978685549682, 0.07075806187169265, -0.005580681570326804], [2.6024613765227707, 0.9255926159485379, 1.2340988225811], [-0.6043757890516451, 2.7182965085922923, -1.343561245141637], [-0.6726956378003739, -2.7146304425692307, 1.3347663930232627], [2.4574611200307457, -0.9642350434024827, -1.3233277369513308], [-1.8948147859025941, 1.653250834585287, 1.0972208734922821], [-1.9682763990270367, -1.7446394883338305, -1.297838311777009]]",[-64251.32421875],"[[1.4054269551112852, -1.3789733743199823, 0.36880746833090533], [0.3997509176262355, 0.8195287858825588, -0.5461694612756889], [-0.9199998395119173, 0.6552886822666081, -0.7556090691676434], [-0.6822996785306147, -0.0256723609494249, 0.2994276510880718], [0.06294711927481231, -0.49209522390263244, -0.35116943380924903], [-0.20581069946721497, -1.256749233290451, 0.10828011530055202], [0.863341950569624, -0.08259220945284314, 0.20407057588822092], [0.4960157984308015, 0.3942962164179332, -0.437195507693477], [0.46990402028221656, 0.4744837746023219, 0.538948256955413], [-1.0472283784938037, 1.7099069295410627, -0.3042012666934256], [-0.836473393499288, -0.8062557156044874, 0.8931883609632327]]","tensor(-3, dtype=torch.int32)"
"['Bi', 'Bi', 'Bi', 'Bi', 'Bi', 'Bi', 'Bi', 'Bi', 'Bi', 'Bi', 'Bi']","[[0.07795778273791068, -0.0966434389589097, 2.416697180335132], [-0.03643636897682378, -0.031177879543855022, -2.559160224756002], [1.922751456778394, 3.4378177745178844, 0.021485936782948023], [1.8391634114978792, -3.2666160329785567, 0.05918316237474065], [-4.123900919085201, 0.014221359650250748, -0.06236535050751357], [2.698004903726496, 0.7805701431166917, 1.1675592820814331], [-0.5152587577101567, 2.6806800347656385, -1.0526403782442764], [-0.6749796797878557, -2.6129895145789273, 1.110212834695013], [2.597868920984821, -0.8190885555896925, -1.2887461948035084], [-2.0156014407226603, 1.8906725227028947, 1.3045796683739783], [-2.0761937237857344, -1.9073685637278013, -1.3086817260709012]]",[-64251.66015625],"[[-0.1363124571474777, 0.5689057390668298, 0.2869568682827977], [-0.05855788380400279, 0.25832638466663865, 0.2016187705617896], [1.1912560005732538, 0.2514697629756497, 0.562856444213613], [1.0175192650847078, -0.890556064095363, -0.2468383808756002], [0.7588430045069736, 0.12051091120443233, 0.12268688843164012], [-0.23100618736597447, 0.23978512110641767, 0.23162515508229686], [-0.9461993951708256, -0.35657610678401763, -1.206588011398102], [-0.6573244828721746, -0.19503972532113786, 0.8215213919312001], [-0.0962264170800658, 0.1326016847529462, -0.5203524859781196], [-0.398308425113294, -0.8169551101990882, 0.1711706702746287], [-0.4462486240262133, 0.6846265281745119, -0.4195028114884735]]","tensor(-3, dtype=torch.int32)"
"['Bi', 'Bi', 'Bi', 'Bi', 'Bi', 'Bi', 'Bi', 'Bi', 'Bi', 'Bi', 'Bi']","[[0.053907565882187175, 0.027143496109989153, 2.598485033082808], [-0.023077143360216032, 0.11411410757454754, -2.6040378174398398], [1.9680410628194707, 3.5660711990637743, -0.025066581107332016], [1.9865917802317155, -3.471749559864666, 0.2070655086330238], [-4.0919139308773405, -0.14786590418829998, -0.07504179843638539], [2.4402363785078918, 0.8123418219498303, 1.54496880172326], [-0.56081546053771, 2.646163859793537, -1.3419743798688533], [-0.6399125042538739, -2.5331371998078276, 1.4747308220371664], [2.6596021554862235, -0.7436765731724921, -1.2308141029851898], [-1.7947914632352564, 2.0156787383713612, 1.1690769392079652], [-1.9305880936942343, -1.8663469912087656, -1.0669196851655696]]",[-64251.0546875],"[[-1.781632519757494, 0.46239109843641973, 0.995945126563226], [0.43377269901178145, -1.1924279100403128, 0.2020670683561652], [-0.06136007926244549, -0.711995936416816, 0.3906445794287162], [-0.2044887403369319, 0.7402595748316588, -0.19677311260613523], [0.6572936296172279, 0.7361535208191684, 0.42240353167437933], [1.9014043412396782, 0.8371907316767988, -1.9034499120426442], [0.17529374499943132, 0.8305891635600361, -0.0710457901657723], [0.4040838973288588, -0.9102805499827902, -0.38938993181630854], [-0.6512649036006423, -0.19295095996124612, 0.8015829901428092], [-0.9578403282622167, -0.8223009508395202, 0.29833698852570584], [0.08420840579113459, 0.21730831918937843, -0.5535017373137727]]","tensor(-3, dtype=torch.int32)"
"['Bi', 'Bi', 'Bi', 'Bi', 'Bi', 'Bi', 'Bi', 'Bi', 'Bi', 'Bi', 'Bi']","[[0.03161812023768948, 0.0035159881788722996, 2.291110421924843], [0.058556221549116466, 0.10458616418347289, -2.6200199555434436], [2.171744818276583, 3.5706580894148203, 0.18577120667246236], [2.221437221063994, -3.413903636283387, -0.004396544817857009], [-3.992452194602495, 0.1436685428427777, 0.16538120214175195], [2.4615374048846954, 0.8885023915083335, 1.1658862008086912], [-0.6395767052469795, 2.807030182819141, -1.107199754387822], [-0.6469664496957175, -2.5490414894401097, 1.2931669042133784], [2.519925990927634, -1.00219629680376, -1.4763139437649377], [-1.9310329237778585, 1.6501176808683655, 1.2380567345534734], [-1.9744180805728833, -1.7616637522667236, -1.1553821251885923]]",[-64250.92578125],"[[0.5441249189145541, -0.3016448174106334, 1.8486288202115115], [-0.8341527145063801, 0.153897012693893, 0.2865100617290779], [-0.9324074759887339, 0.1295312716648335, -0.435807162642967], [-0.9941170712076339, -0.27831785405353776, 0.5179490174177714], [-0.5418592615596345, -1.1000028710801386, -0.7668483957238114], [1.3892624206237918, -0.4801766629388128, -0.7582789041623647], [0.979046798828917, -0.05785098431108226, -0.3623566697866487], [0.7006393674918505, -1.3745587877580248, -0.42924961183659477], [0.557143964060231, 0.8894638588702498, 0.39455553802576027], [-0.502631404778565, 2.083688971011208, 0.35757354109435296], [-0.36552951568118447, 0.3301623781136876, -0.6483302448342949]]","tensor(-3, dtype=torch.int32)"
"['Bi', 'Bi', 'Bi', 'Bi', 'Bi', 'Bi', 'Bi', 'Bi', 'Bi', 'Bi', 'Bi']","[[0.1535944858347561, 0.15872696756181914, 2.5237229391636564], [0.04328259820281015, 0.05026921126001924, -2.7101573240353094], [2.198700339061027, 3.39189524507617, 0.11422675538106758], [1.813754334979552, -3.2933339781890885, 0.059458820779837745], [-4.06001100827961, -0.02308677850036368, -0.04127711249028218], [2.624387902708005, 0.9113639507497882, 1.285586548519699], [-0.49923528014769103, 2.6405490367816844, -1.243840714777575], [-0.45907718333904496, -2.620621437534692, 1.2290505018760856], [2.528118566783018, -0.9775799167359728, -1.1802987330153838], [-1.8755483562380446, 1.9994023030610417, 1.2382878435167946], [-2.1154564542504275, -1.9369496505179227, -1.2541047676901886]]",[-64251.015625],"[[-0.9229920910208317, -0.4304074316505614, 0.32908184570336246], [-0.18223840131120148, -0.4537719331345088, 0.7055033831341982], [-0.7205165769912637, 1.0045202745547464, -0.8011957817932281], [2.085716544082122, -2.384483009916686, -0.455438471700455], [0.7008712811248665, 0.3609197822816892, 0.2054714165069844], [0.8296635659116349, -1.11062667520012, -0.07372837783920494], [0.5200701786953572, 0.286967666922029, -0.2649848770387781], [-2.6108142606710447, 0.9611755651219552, 1.1808800509346777], [0.4604519713630194, 1.7613737583385731, -0.9164625138322778], [-0.5913396549594931, -0.7112667711582422, -0.027393638331855655], [0.4087972976649751, 0.7206523313130292, 0.11387926116409647]]","tensor(-3, dtype=torch.int32)"
"['Bi', 'Bi', 'Bi', 'Bi', 'Bi', 'Bi', 'Bi', 'Bi', 'Bi', 'Bi', 'Bi']","[[0.0992003855509293, -0.10007186976258152, 2.598340371266016], [-0.09511199337623183, 0.04262553950155632, -2.7113990227937124], [2.041559313885687, 3.3276666692087513, 0.08215243410838464], [1.8364925158360654, -3.529461273429348, -0.1044176650378492], [-3.9458343525532227, -0.1711574861835038, 0.04329626371423486], [2.510480896151755, 0.8008950838987627, 1.2514113376383513], [-0.40754482637696265, 2.5996618529695152, -1.0988208496196814], [-0.6931259708576449, -2.508457066704536, 1.2345265269467731], [2.6542135110600937, -0.8214627075677043, -1.1704450218635682], [-1.924345345810565, 1.6853333890337014, 1.1797786667549734], [-2.0876256690386157, -1.5897502031389312, -1.3317536553524532]]",[-64251.390625],"[[-0.47477873171961243, 0.3972373543678192, 0.4123756581736936], [0.8546999538590525, 0.2413766862628433, 0.3124383658549132], [0.5633464967463497, 0.9918488427481355, 0.041001651545628556], [-0.07636504558485857, 0.43106383464955245, 0.08429669752237373], [-1.2297171539688976, 1.3151770706248536, 0.9715160335173425], [0.9539841856147946, -0.5865337462806284, 0.42841235734152444], [-0.7945175947600144, 0.10089194344892302, -1.0645637940065242], [0.099731861062927, -0.7803934888663296, -0.6511677158475601], [-0.6346015748248438, -0.4707972734350151, -0.49966239605504387], [-0.4501168508651561, 0.08994669983448866, 0.7158052849609022], [1.1858613089458228, -1.712718175287623, -0.7454994859634405]]","tensor(-3, dtype=torch.int32)"
"['Bi', 'Bi', 'Bi', 'Bi', 'Bi', 'Bi', 'Bi', 'Bi', 'Bi', 'Bi', 'Bi']","[[-0.09476331081365842, -0.0690538017722705, 2.6752380778120743], [0.10907069885771246, -0.07444677530546609, -2.596626605691078], [1.9491975628604126, 3.382744924437989, 0.08451622820228871], [1.7471314998611014, -3.3739131856595517, 0.012606159722557478], [-3.967292496620129, -0.0007441845041999627, -0.011379733249691345], [2.6242319272137684, 0.9040427487777135, 1.1158734248939695], [-0.6944956514153234, 2.6896238351592947, -1.3893916843335146], [-0.5207608675528301, -2.4872053575548434, 1.0943053478611278], [2.607610867911075, -0.6992172935890009, -1.227572664378612], [-2.1098155971408943, 1.659230060863572, 1.2692387604565363], [-1.845956363309918, -1.8069611070522453, -1.21580030903783]]",[-64250.95703125],"[[0.5422079033405321, 0.5885026981671437, -0.21785683864023925], [-0.3756496918362524, 0.8320042995202581, -0.2750777480632182], [-0.7474144446537991, 1.1432102835284168, -0.8361962284256834], [2.4851165573554304, -0.5851381507152058, -1.2191905376019985], [-0.4759815458637096, -0.8163457584138907, -0.6427416919216156], [-0.15669082635140852, -0.694438377468479, 1.5448893239004549], [0.5201498829373029, -0.5420166131598626, 0.7706325474430245], [-1.5748504055582822, -0.2718309572009936, 2.4551549614766874], [0.2807387032808393, -0.9661434533892902, -0.3927815272884164], [0.8729820500777212, 1.0032311227188897, 0.06427437488052787], [-1.3678255790868228, 0.29730217035479345, -1.2664063020887693]]","tensor(-3, dtype=torch.int32)"
"['Bi', 'Bi', 'Bi', 'Bi', 'Bi', 'Bi', 'Bi', 'Bi', 'Bi', 'Bi', 'Bi']","[[-0.054099149553607506, -0.127429839566631, 2.4457983344958336], [-0.03492754695871849, -0.14922680324134782, -2.37787339399685], [2.0165485385155915, 3.3866391264807074, -0.021810434477950887], [1.7989948939489422, -3.4285205458802297, 0.20125164938851278], [-3.8593575611324358, 0.04704606719970336, 0.10589300090382614], [2.6833106638610986, 0.7908598968768173, 1.3065811313292575], [-0.500430367906656, 2.489422490547924, -1.1551902400208427], [-0.5133182168979217, -2.5968997061118198, 1.2811927514421615], [2.6548800939011223, -0.801487965633295, -1.1393569415395381], [-1.842122932938273, 1.9999344432900805, 1.2780620052308291], [-1.9977359792511804, -1.910613845330079, -1.3332565441231397]]",[-64251.26953125],"[[0.6326218242990972, 1.6047472096016369, 0.9169170851218259], [0.8414243124764023, 0.35300381408210524, -0.7315198761470895], [0.3686362327659511, -0.0042931424940570815, 0.19301801436866362], [2.350427187106516, -0.4945959830602458, -1.0658904839692325], [0.16377817896730715, 0.0014975696867886971, -0.138081171409389], [-0.2802805838669723, 0.15704481602983036, 0.2288651771610396], [0.016520401072257745, 0.650423123961513, -0.9611956197376705], [-2.438100310583982, -0.7617714926223315, 0.019110891779674483], [-0.16307796434629174, -0.6534662833410894, -0.04845278974839463], [-0.6952230785859568, -0.7091055006492257, 0.6528229929754507], [-0.7958309149789123, -0.14585418619438656, 0.926905826410821]]","tensor(-3, dtype=torch.int32)"
"['Bi', 'Bi', 'Bi', 'Bi', 'Bi', 'Bi', 'Bi', 'Bi', 'Bi', 'Bi', 'Bi']","[[-0.054789492891184566, 0.15555868518585472, 2.706339721355383], [-0.06046750044229026, -0.03299756115425816, -2.5861457386513007], [1.9893295442252825, 3.5521729366692925, 0.01857797404600768], [2.0149621708062306, -3.5302558417640637, 0.07912068907557246], [-4.008223035197691, -0.10664071163134199, -0.018976313044997917], [2.6115507047226725, 0.9492936205580363, 1.3092397089790353], [-0.6071587720258562, 2.7057561213933523, -1.2139156909880338], [-0.6436375646301643, -2.4205245613270265, 1.1815877196644728], [2.6036068548865376, -0.958023375920262, -1.237592608933235], [-1.951937516140091, 1.7253607072058281, 1.3875264578169764], [-1.9546637222069108, -1.8712866077724684, -1.2776441121525577]]",[-64251.66015625],"[[1.137957002652825, -0.901443149324223, 0.07914811202523431], [0.5512103689130642, 0.4715886594243981, 0.10668711032556219], [-0.1719331056264533, -0.27558975782905876, -0.03694483418582399], [-0.4703207963344549, 0.3184141271171737, 0.13529877345620378], [0.44365535652585136, 0.2243268176246544, 0.22107802130085816], [-0.2074661308613803, -0.21825654255807378, -0.41456994166550315], [0.08337207689371263, -0.4274309667237614, 0.2649663650858101], [0.6689078232209983, -0.6941817812315056, 0.8780414696680647], [-0.2708387165219076, 0.5178837113614676, 0.3379944768819081], [-1.2075295498948921, 0.8414587652777594, -1.1200302330869591], [-0.5707373939688324, 0.1339413845048236, -0.4472414303483066]]","tensor(-3, dtype=torch.int32)"
"['Bi', 'Bi', 'Bi', 'Bi', 'Bi', 'Bi', 'Bi', 'Bi', 'Bi', 'Bi', 'Bi']","[[-0.12334007039176975, -0.13213320059890904, 2.410452565916141], [0.2317332510882956, -0.18366122629531415, -2.6756351422973084], [1.9971141745484995, 3.4426938428630502, 0.06505105474791432], [2.045480798273334, -3.567729351322773, 0.06503210532146657], [-3.8269240336278765, 0.0028624112018716184, 0.04613119039344964], [2.5217660934871877, 0.8537551742183757, 1.3070989116132385], [-0.6884740211179414, 2.6380297791907665, -1.1071118846590726], [-0.8334838599028975, -2.7616897823060254, 1.147125309083785], [2.4877456286949537, -0.8394265577830602, -1.205929346798316], [-1.8222213877801328, 1.9225698774937297, 1.1587220376530323], [-2.0561246571904284, -1.8141396617438867, -1.1574078598133157]]",[-64250.88671875],"[[0.3800556909089163, -0.007214344613259281, 0.5483656988069783], [-1.7836539221774188, 0.6805929793111462, 0.019960775540436355], [-0.3874972903136947, 0.01744903776627108, -0.13752097914374004], [-0.6613498042008877, 0.4899972025662566, 0.11016509491152082], [-0.7864736369744931, 0.6471681055646359, 0.3302734498314957], [-0.023815236685463818, -0.29736696219018155, 0.0720251238998722], [1.9310604898944486, 0.48244874805517957, -3.0756159753385415], [1.433769783547158, -0.5072580560461896, 0.8418233479070462], [1.3089004901268626, -0.6275649758133325, 0.7245120735068616], [-1.5392781452674813, -0.7920071682491843, 2.576077609368384], [0.1218414064019173, -0.09287899318462328, -2.0045148908297272]]","tensor(-3, dtype=torch.int32)"
"['Bi', 'Bi', 'Bi', 'Bi', 'Bi', 'Bi', 'Bi', 'Bi', 'Bi', 'Bi', 'Bi']","[[0.05167505864749753, -0.054808894341826765, 2.5448860540584066], [-0.2822858424615128, 0.22300546916673358, -2.516287653283072], [1.8411982572534336, 3.620529096336593, -0.14125377708702114], [1.974244318727593, -3.4413101781864808, -0.19926733597637977], [-3.8507460407951344, 0.03965055468903813, -0.08130356227607433], [2.622174337386013, 0.8724437454461705, 1.2188407654052378], [-0.5324062972689111, 2.75730628502766, -1.3172476879546904], [-0.594834769945996, -2.811591264609003, 1.2659373709342299], [2.633000595841661, -0.9782196888563968, -1.0645958997721916], [-2.139360251966312, 1.7883105600589242, 1.2761094255947574], [-2.0151797013899784, -1.8975776516833904, -1.0585689349869214]]",[-64251.01171875],"[[-0.2898497208886921, 0.07158675056917115, -0.2142909736997741], [0.8217306798439218, -1.5352523097178523, -0.1650402827829936], [1.2837550873453, -0.38523898631787074, 0.7665372920697654], [-0.6522110700856745, -1.7274017535376747, 0.8050123294301353], [-1.3202781421093752, -0.09269726751298721, 0.018064236243280855], [-0.35660572590876644, 0.6832700133986885, -0.000780204769790239], [-1.439502832537171, 0.4270228295829081, 0.4751538558776727], [0.5998710941731722, 0.25392696762169675, 0.6020611610534723], [0.006840017497618411, 1.92399920827898, -1.3746847718823907], [1.0495901951599738, 0.417685040551197, 0.23909035722710947], [0.2897233253875938, -0.03238114926933667, -1.14854378286687]]","tensor(-3, dtype=torch.int32)"
"['Bi', 'Bi', 'Bi', 'Bi', 'Bi', 'Bi', 'Bi', 'Bi', 'Bi', 'Bi', 'Bi']","[[-0.04666035573696524, -0.12722626285696406, 2.4340539492010533], [-0.0853211534978609, -0.10196172270483406, -2.4837291294194057], [2.0092594424339403, 3.4268524669635876, -0.028391836674556904], [1.9100316085683184, -3.525042448156347, 0.15119709983977675], [-3.89745780606523, -0.050376785267202955, 0.21258877915660315], [2.5153882616036634, 0.7132460811345989, 1.3536940388411298], [-0.6376603009134638, 2.6931396307220306, -1.298916533863494], [-0.40519753504021105, -2.5664310393424046, 1.2682033594307722], [2.7748011816138245, -0.8509203096748245, -1.2313721787789251], [-1.9419222510707408, 1.809216357395107, 1.2897374581942456], [-1.9980150714226166, -1.8657520582158744, -1.1296239051561663]]",[-64251.38671875],"[[0.22382108135398632, 1.6594788269934246, 1.3987210001486194], [0.7370071275393605, 0.3603988250719141, -0.03174472375292356], [-0.2144348012899173, -0.45025918721464353, 0.0433964349147092], [1.6384081107484896, 0.015604085111386463, -0.9764582107388885], [-0.3736887617960231, -0.14003217698594372, -0.1405913922318527], [0.6254859806508405, 0.5256726155727627, -0.7080888858987319], [0.35254080956953837, -0.3439584110631057, 0.3332461095235189], [-1.691260250693107, -1.6730655720301206, 0.024242281729390285], [-0.9106579881349716, -0.27702345716434046, 0.39371252425643316], [-0.07039617488286945, 0.47004450543640725, -0.21744700457036387], [-0.3269844928541772, -0.15414373588928348, -0.1271010121947733]]","tensor(-3, dtype=torch.int32)"
"['Bi', 'Bi', 'Bi', 'Bi', 'Bi', 'Bi', 'Bi', 'Bi', 'Bi', 'Bi', 'Bi']","[[-0.04359478434307191, -0.10714613027914473, 2.5099914850949836], [-0.12840755753317684, -0.023701419192661444, -2.4878189868352902], [2.1595442219573098, 3.4966489377065058, 0.011476159195295108], [2.04166021767687, -3.471389958555496, 0.0019156224699782992], [-3.9811800967161823, -0.09608713628161507, 0.004609959248575019], [2.605450206954376, 0.7082690752807383, 1.2223279370336795], [-0.5614078057651316, 2.7830983533758573, -1.1769657711926111], [-0.5951777748173473, -2.7208028445569914, 1.3262227149510317], [2.6550754599658255, -0.9613552811991386, -1.322752156219165], [-2.122706632911655, 1.8391058947488448, 1.0619482991327134], [-2.1729447174042753, -1.830567881383497, -1.1427871356370365]]",[-64251.71484375],"[[0.04843354245951704, 0.734546580457361, -0.13351031311112657], [0.3106834327135447, 0.05080951048528935, 0.15923298029274208], [-0.42879961711319714, -0.6082852910180537, 0.1022973606338369], [-0.3686607611036337, -0.18447479949601323, 0.24389158649564063], [-1.2104138150114931, 0.7105206366094479, 0.43308749964150667], [-0.17184692220096884, 0.24692405008016888, -0.2469582971931597], [0.6726899180565483, -0.2123906703055151, -0.5206034257850194], [0.20162859218128096, -0.3003936150783615, -0.39991305148098044], [-0.5509445166996069, 0.5151269730319796, 0.0036310193015988627], [0.22595083012086564, -0.07698524743137887, 1.062487884169527], [1.243185628194965, -0.8768978423513736, -0.6953315791991861]]","tensor(-3, dtype=torch.int32)"
"['Bi', 'Bi', 'Bi', 'Bi', 'Bi', 'Bi', 'Bi', 'Bi', 'Bi', 'Bi', 'Bi']","[[0.12179627571670931, 0.14969704581936058, 2.567242531972989], [-0.0009308618732235758, 0.17134751542009988, -2.4385148600212823], [1.9524050407330489, 3.6210052760355147, -0.11107747184060464], [2.015039021478079, -3.4540722395289727, 0.12354321665697027], [-4.065297289029253, 0.06738620808239736, 0.03510521662020016], [2.4502662507897734, 0.8306474584319047, 1.2543575153734063], [-0.7213989683390675, 2.859859526273936, -1.3683711600859385], [-0.3930284031129013, -2.740793413086453, 1.2973345829816376], [2.600099176492981, -0.8057485572281275, -1.1596774156835985], [-1.9795168883666339, 1.7365440569453972, 1.2278276617453203], [-1.732974221769332, -1.956548483913631, -1.2198500169477169]]",[-64251.34375],"[[-1.3654365087121165, -0.9519329583817546, 0.5776510941814728], [0.1252348016472304, -0.404245876917329, -0.28449842950655285], [-0.29553463880098846, -0.664534888553219, 0.023566297197926345], [1.105602736852965, -0.05897903073402528, -0.6668709941736002], [0.659646190306914, -0.7182036113120925, -0.3468632450163377], [1.4798568331237951, 1.1999530189218135, -0.5361030726284113], [0.3757675512701488, -0.17965994337321395, 0.8026284012645867], [-1.0570525690897496, 0.6368718601680055, 0.8315913801248882], [-0.01974664880889708, -0.18187808671551556, -0.37287084200738607], [-0.24854456587415286, 0.6485570162581532, -0.26678953534270233], [-0.7678943210665046, 0.6794066716584455, 0.24372986401762836]]","tensor(-3, dtype=torch.int32)"
"['Bi', 'Bi', 'Bi', 'Bi', 'Bi', 'Bi', 'Bi', 'Bi', 'Bi', 'Bi', 'Bi']","[[-0.1270199844259071, 0.008177535857453774, 2.40138833152383], [0.06650207604530245, -0.05926478960841817, -2.5350769221315232], [1.9233464132431088, 3.497549485549345, 0.08390647316318348], [2.0778688932671767, -3.4152577381505993, -0.03701054598041253], [-4.003528101945246, 0.013522085542322843, -0.06385451872523609], [2.5259880446970775, 0.7263845118718981, 1.1986338783115242], [-0.7376099369245188, 2.7002098685381024, -1.2283943964817585], [-0.4930878469354314, -2.6238372980342617, 1.3219193255295765], [2.559633067855352, -1.0728112008417043, -1.2290496865281861], [-2.103277077114966, 1.8071439784284204, 1.3351466584376726], [-2.172572775574634, -1.9400039588666058, -1.5706468905645516]]",[-64251.26171875],"[[0.7396815905223239, -0.01488933346508199, 0.702104382880903], [-0.699199548927671, 0.29397135579493056, -0.00912763722785084], [-0.28274390774191704, -0.49988927032308533, -0.07995245638169483], [-0.7148411207438178, -2.045366657262824, 1.259250918045713], [0.11994639948309083, -0.35528664641561175, -0.27455709938599265], [0.040654537000850685, 0.5262547136494238, -0.19864914477316947], [0.5343686054794908, -0.44374303119199154, 0.2650201525936005], [-0.4789689122739241, -0.7530487632279828, -1.0921172933366772], [0.6939724933187839, 2.2212564357257345, -0.9246406832768171], [-0.46718147764362794, 0.44097292311869346, -0.7658425796125489], [0.5092254138478659, 0.632891276058965, 1.1355823304637604]]","tensor(-3, dtype=torch.int32)"
"['Bi', 'Bi', 'Bi', 'Bi', 'Bi', 'Bi', 'Bi', 'Bi', 'Bi', 'Bi', 'Bi']","[[0.072152925827874, 0.11312387539666834, 2.5228033326978103], [-0.13425894345295256, 0.14740639367701544, -2.5758012740914484], [2.044423754013191, 3.5621522900601508, 0.07703472294603703], [2.082500730472515, -3.5339141825040774, 0.22408440457935785], [-4.012230322238211, -0.09910914710731931, 0.15013197595438155], [2.6213824818520584, 0.7200576335898603, 1.1659025270705405], [-0.6930232713697465, 2.5758712758241162, -1.1394809970687692], [-0.6113457445064141, -2.683243166401567, 1.175802854634005], [2.6798341379020654, -0.6919885024700537, -1.4240260986280822], [-1.9647783303610713, 1.9244676256775601, 1.3063632889854364], [-1.9647716399058068, -1.6823301430941138, -1.500789197928201]]",[-64251.31640625],"[[-0.28007191301934947, -0.7270045022856395, -0.029704752815729995], [1.386392039471917, 0.07398497407617834, -0.6599110140785398], [-0.5575985353497791, -0.727093976724985, -0.10370802287209174], [-0.018523466374325892, 0.925246435515604, -0.4787541221974035], [0.664191388981479, 0.15484117371735368, -0.11775864659691172], [0.24148215297266948, 0.5577574296127545, -0.22715662674627435], [0.7645457144629558, 1.3163330392435235, -0.27698597045958023], [0.12893009599219699, 0.618217982227229, -0.32094753930293907], [-0.6349800414188568, -0.7933210026889981, 0.3953604994473197], [-0.7768186250598383, -0.5576684693943249, 0.5160628550986964], [-0.9231458430746494, -0.8462127376441304, 1.3124619841895437]]","tensor(-3, dtype=torch.int32)"
"['Bi', 'Bi', 'Bi', 'Bi', 'Bi', 'Bi', 'Bi', 'Bi', 'Bi', 'Bi', 'Bi']","[[-0.13498080292903678, 0.041056917103175855, 2.460041539375036], [-0.017646568190502285, 0.03687165387170333, -2.6542535221426142], [1.873150848877768, 3.423283409469759, -0.002418975704088714], [2.0073291206268427, -3.506054591287581, 0.09763551006915416], [-3.999086261971957, -0.08458157109328067, -0.06940553859068815], [2.4606509682781588, 0.9752842869786036, 1.2926603073746596], [-0.5645512242064341, 2.626494868731015, -1.2146901352612292], [-0.5476528829049478, -2.545033355184389, 1.0666339237587386], [2.591535820201369, -0.7109872851706929, -1.4009410980181074], [-1.882966686069355, 1.7121483350873106, 1.26587423451771], [-1.994806557140897, -1.8244731415138005, -1.2014848127216524]]",[-64251.3203125],"[[1.5142278733553376, -1.2021281733955562, 1.2708188317670635], [0.048655140820962575, -0.15956295585439706, 0.09960346010025714], [0.48211501868083934, 0.8998382658460786, -0.017097629476846447], [0.3691378038472013, 0.6861712478055101, -0.5544864703674883], [0.08757387884072092, 0.4302013319075174, 0.32970677838230794], [0.4981406106768894, -0.9656971096343945, -0.25244775973536865], [-0.6681066670342156, 0.04781995863618281, -0.5808505767194457], [0.26770279168912475, -0.8176266827150946, 1.1824422540768125], [-0.18869706743546946, -0.3703608782953802, 0.9407609947655535], [-2.027839951569434, 1.3315395801649217, -0.973751866059147], [-0.38519820859924947, 0.10267639287085716, -1.4462288421155522]]","tensor(-3, dtype=torch.int32)"
"['Bi', 'Bi', 'Bi', 'Bi', 'Bi', 'Bi', 'Bi', 'Bi', 'Bi', 'Bi', 'Bi']","[[-0.03484889994465801, 0.03011182481324027, 2.5776186781427897], [0.02044443074984298, 0.01989520875158548, -2.6139569729128556], [2.000570589718729, 3.361411574895734, -0.021646701074767113], [2.0153272229948946, -3.568687993397376, -0.08887550711456152], [-3.959090038662678, -0.032238473920216636, 0.08666208607704226], [2.64682571338761, 0.7115621247912798, 1.0629839119307056], [-0.5800179763521537, 2.5663263214974834, -1.1780742792784034], [-0.6636274937174516, -2.809026840416711, 1.445993647196362], [2.6777955305025145, -0.9196789142729376, -1.4727247566549584], [-2.0852702429087504, 1.8785751685450602, 1.27320272279136], [-1.907311748653051, -1.799118357846783, -1.3044548906455151]]",[-64251.76171875],"[[0.3573068661274303, -0.3348063586261737, -0.3664328475639323], [0.07717010985060119, -0.07048482656874965, 0.012161545773152429], [0.09219662202938539, 0.12820339899401897, 0.02113877338313809], [-0.4746324872911651, 0.5054839424646624, 0.18301518342657627], [0.07394723026096021, -0.2765412722116151, -0.30541482805466263], [-0.3030738373355815, -0.22202948426132288, 0.23878239032064982], [-0.038622634189825686, 0.3500186588218286, -0.2651647515151174], [0.6026936527798797, 0.7168949190814365, -1.0014478045829704], [-0.3266475238880676, -0.33216922808169586, 0.49941171335860196], [0.19113509164135792, -0.21015617473809173, 0.1887778001192467], [-0.2636272309769401, -0.2599180012451559, 0.8032722058511412]]","tensor(-3, dtype=torch.int32)"
"['Bi', 'Bi', 'Bi', 'Bi', 'Bi', 'Bi', 'Bi', 'Bi', 'Bi', 'Bi', 'Bi']","[[0.015093302026637013, 0.04057763609730739, 2.533633540586148], [-0.0010584147513113837, 0.05100623516853238, -2.5153346659703177], [2.081382129091423, 3.5131859531821856, 0.01925808860473709], [1.9881957860521535, -3.31037639679941, 0.03539435417053871], [-3.923686867713368, -0.09901080096066345, 0.09414802779079674], [2.5813153806134554, 0.790182170019605, 1.3344234841019544], [-0.4760253520771019, 2.446607839605658, -1.2239411051960847], [-0.6725916740168776, -2.8236457717110515, 1.3120441126589555], [2.6674975641114065, -0.8458625735018723, -1.3030413280034696], [-2.1862384042739578, 1.7961051474821033, 1.1737410985475378], [-2.0217313366994722, -1.9558364027911932, -1.244713891545057]]",[-64251.58984375],"[[-0.6046759744102054, -0.35536419092971117, -0.01147590417289017], [0.28660832934608316, -1.6810509086312433, -0.512954389662816], [-0.3148681111040576, -0.5672468623925288, 0.08390378132062748], [-0.03755153259109595, -0.6041715236918267, 0.18115447504283225], [-0.7491232007569307, -0.739173026036619, -0.4906195127185316], [0.22569191988977125, 0.19692146534033728, -0.6605239654101477], [-0.21677034126729108, 1.8345587075139838, 0.6563423209230379], [0.3704474216755057, 0.7740994248572023, -0.2236703117814801], [-0.19694218844324313, 0.44017469799113057, 0.3007156202158219], [1.0086037028469423, 0.4386071983735634, 0.5506200433017506], [0.21574056246135334, 0.2582381443574911, 0.13410547239904846]]","tensor(-3, dtype=torch.int32)"
"['Bi', 'Bi', 'Bi', 'Bi', 'Bi', 'Bi', 'Bi', 'Bi', 'Bi', 'Bi', 'Bi']","[[-0.028578710622385387, -0.11493207557038157, 2.4264286143448035], [0.09157144052243538, -0.1215002389266263, -2.5393293059427537], [2.005025257520405, 3.3579730305626296, 0.07559694292871288], [2.025473334829643, -3.392107489648547, -0.13394610112742236], [-4.168641755214532, 0.01603191253412308, 0.025458018108537026], [2.6969814310615035, 0.8880183816968824, 1.1386214218364281], [-0.5815285373736061, 2.8999769262952717, -1.034562064793414], [-0.5696846374281959, -2.6506960593238995, 1.1645210048441474], [2.6137213201859373, -0.8021937139401178, -1.2370248911684636], [-1.9132035257622648, 1.788709765359907, 1.101277945762614], [-1.9538118701419325, -1.8879231293100696, -1.3468675607301743]]",[-64251.265625],"[[0.6499047892784083, 0.6110584844168466, 0.24302841526641505], [-0.4857501491786599, 0.8972481350933029, -0.161463876313755], [0.2544899366802909, 1.3340962865581716, -0.21746237977574562], [-0.20444060925921506, -0.4697319619637971, 0.30139254062935256], [1.0581206059318213, -0.19440908479002728, -0.2788433878294633], [-0.2049047450577966, -0.9812183537562489, 1.1590565152690433], [0.464314387505614, -0.27701019026471335, -1.9543989203779661], [0.028198933997010386, -0.6630714158269138, -0.1571702345111887], [0.3818502704828912, 0.03055243571097234, -0.5480571662575113], [-1.309051156855186, -0.659896615892898, 1.3540105199635208], [-0.6460543030610599, 0.37645311059506453, 0.2456401432976534]]","tensor(-3, dtype=torch.int32)"
"['Bi', 'Bi', 'Bi', 'Bi', 'Bi', 'Bi', 'Bi', 'Bi', 'Bi', 'Bi', 'Bi']","[[-0.06883435917255908, -0.05306926804019252, 2.739357397631189], [-0.04130766206736229, -0.08473710874087673, -2.5447700994741784], [1.983373007113482, 3.5238209053948326, -0.09311155242936005], [1.8815200420019618, -3.3119803977024818, 0.03889074612384613], [-3.8536359100308464, 0.08476518671778213, -0.10345140849294927], [2.5872864386890053, 0.7969332546108585, 1.1926388065886935], [-0.45172557423719517, 2.7023162068906044, -1.2866043544838885], [-0.5998741956008488, -2.578943714076731, 1.44863175375629], [2.7098022212552877, -0.8769083662111927, -1.3063232166934429], [-1.8537131989515574, 1.8327826894606076, 1.267992848575423], [-2.0454704379592368, -1.8705868605327225, -1.2496031145412367]]",[-64251.74609375],"[[0.6721988370819799, 0.6585714685929371, -0.27020293378163923], [0.37719600555208954, 0.18573505211640287, -0.0335031176010552], [0.7941560974562222, -0.29585731242563934, 0.5340338476633191], [0.18493477010517698, -0.5512818456203574, 0.18467128330793212], [-0.2900277441697346, 0.3692916587452022, 0.229971986260161], [-0.1903571268178768, 0.33386672274677187, -0.007991183292934835], [-0.7762822926446815, -0.545280373312308, -0.13450435356341778], [-0.3125649670443778, -0.5311922628827278, -0.7735656635466244], [-0.5595608023643893, 0.430750365579294, 0.10371208521732639], [-0.35054599237095935, 0.11563902798207323, -0.2754172367118151], [0.44515749866502313, -0.1660823514688185, 0.45775318573073975]]","tensor(-3, dtype=torch.int32)"
"['Bi', 'Bi', 'Bi', 'Bi', 'Bi', 'Bi', 'Bi', 'Bi', 'Bi', 'Bi', 'Bi']","[[0.04081934249066384, 0.15982796298750307, 2.5097112956952867], [0.04497165840623645, 0.15476170123492786, -2.5525226298534656], [1.8974087807921702, 3.4648845691086376, 0.14925757410719312], [2.0028275048880038, -3.397215433270181, 0.08828987970220559], [-4.131276048781836, 0.22830738313176924, -0.12059350599041396], [2.6090871636098116, 0.8127359570917185, 1.1483612228725957], [-0.7429623916350616, 2.579859505819444, -1.164055018468177], [-0.6102852106020666, -2.978072549017418, 1.1520561920283392], [2.6326888878602617, -0.7613269538281915, -1.0560173406120583], [-1.8015471895474804, 1.7500227038178238, 1.4021313366533057], [-2.217245697733507, -1.9054064828280375, -1.1041405876076975]]",[-64250.77734375],"[[1.1959508375343104, -2.382981999063529, 1.0921656301027605], [-0.07286767487037508, -0.9920601875445203, 0.34958455352472845], [-0.3190906361539717, 0.09184597478691611, -0.37618221901663246], [0.38608076595699997, -0.31845043111382765, -0.18092456687138772], [0.8299309607878397, -0.25157461262037695, 0.2260031263880003], [0.1603230257900091, 1.1698381852101687, 1.9681157633063544], [0.5135166902342196, 0.6603542725079409, -0.27186186187803185], [-0.2205783014149047, 0.9442109028895106, 0.5419636484055375], [-0.275878287184902, -0.9838398519848872, -2.2363940710444186], [-2.360972315426383, 1.228412575505568, -0.7478499897694634], [0.1458784574216113, 0.8212647956942267, -0.37545973862996385]]","tensor(-3, dtype=torch.int32)"
"['Bi', 'Bi', 'Bi', 'Bi', 'Bi', 'Bi', 'Bi', 'Bi', 'Bi', 'Bi', 'Bi']","[[0.061510897251945564, 0.00035324942333743957, 2.510218552263116], [-0.07153035043194826, 0.10826677310366153, -2.6010757061016747], [2.0459464723846303, 3.387555920362872, 0.0046575604725184435], [1.9993580415836045, -3.3604294544314146, -0.0015191035583631215], [-3.9598271588947385, -0.038662631168848466, -0.09518234804429632], [2.6284403576150575, 0.9671557187085978, 1.3528307641860966], [-0.60306436977227, 2.7918134746117316, -1.2936562179515758], [-0.6407180373148286, -2.6349579144563755, 1.2024071494353739], [2.7245257473524167, -0.800032067680106, -1.3296008136971231], [-2.0497737546139216, 1.7589184216692677, 1.4343335653713303], [-2.033427516926982, -1.862867179040267, -1.1837878890262317]]",[-64251.68359375],"[[-0.1452276080085106, -0.16407627283218387, 0.26560708434686997], [0.4119562595947847, -0.21756908061576968, 0.43441136138917813], [-0.34208412724718507, 0.8144313139444479, -0.4184012988647846], [-0.04494933580047748, -0.01630625377188184, -0.1025252119216183], [-0.20284549597847049, 0.5088827884516828, 0.4697961881561778], [0.25520254402537657, -0.9015902165061357, -0.5161055354347059], [0.028425191199952873, -0.4566302815169545, 0.7507188282585909], [0.6118113038375461, -0.16203743832321418, 0.4671233192580534], [-0.7427885132954568, 0.31655532135081804, 0.5282987417896429], [-0.05700498806044366, 0.16916191768923203, -0.9515637477642258], [0.21210538054144124, 0.11441343385140705, -0.9341182889755284]]","tensor(-3, dtype=torch.int32)"
"['Bi', 'Bi', 'Bi', 'Bi', 'Bi', 'Bi', 'Bi', 'Bi', 'Bi', 'Bi', 'Bi']","[[-0.17881705021050615, -0.013932976473134498, 2.456744260852356], [0.05750004774389859, -0.0031025272487245946, -2.7382729341330925], [1.887782764450078, 3.555111030944924, -0.012512970800940292], [2.0802743407420743, -3.449025839189069, 0.030798419865646066], [-3.8827549603358973, 0.06286880834429275, -0.003183209255050048], [2.6182697133326, 0.7396003610285199, 1.0613537521871712], [-0.7391437384188799, 2.7894034577930094, -1.3713068151446794], [-0.4532630805325325, -2.6813934025944044, 1.3645679915860118], [2.6007543103638735, -0.9412896217640723, -1.151289741976348], [-1.9269599524014631, 1.7415359458020854, 1.2932559439786995], [-1.8635355953540118, -1.8034963752774045, -1.2351681202256517]]",[-64251.296875],"[[1.918961900188015, -0.5076741121891458, 1.0048781723121278], [-0.1584714191164743, 0.35350353396805867, 0.7039308955737479], [-0.12767452278214092, -0.6327976878522933, -0.09113763547543138], [-0.21153814344924612, -0.6503845573928296, 0.4188758219258649], [-0.258808209664723, -0.5435088822574515, -0.34038925510877954], [-0.5614505642298748, 1.3458770877386543, 1.1870620147841655], [0.6209145567095707, -0.7249666447964098, 0.35804410465438175], [-0.3617003182097492, -0.4273939428178254, -0.6500189463217112], [0.11534736187864374, 0.1498983280086172, -1.7232067393067547], [-0.8383328163307426, 1.632133072913246, -0.9941031872429079], [-0.14413015773005636, 0.005971992022947877, 0.12430673573843358]]","tensor(-3, dtype=torch.int32)"
"['Bi', 'Bi', 'Bi', 'Bi', 'Bi', 'Bi', 'Bi', 'Bi', 'Bi', 'Bi', 'Bi']","[[-0.00181631826458444, 0.03157947478657776, 2.5278917428810166], [-0.15549730320497326, -0.042968962011066675, -2.4497356421063263], [2.038298947692259, 3.496320598096191, -0.09014095542603573], [1.8362573728602165, -3.4682125884101076, 0.017294722103407392], [-3.8850813677659044, -0.19780096972273767, -0.04552729880972459], [2.843407590144056, 0.8668620104972852, 1.3280572780707667], [-0.555271356885015, 2.7419050876920505, -1.2878309241865762], [-0.7868074007217805, -2.613675657500454, 1.2503453262780788], [2.583041934605364, -0.901198769307608, -1.2393052102155504], [-2.0585814856134976, 1.8041850787938265, 1.2307615330498025], [-2.06654153995884, -1.9186758120131882, -1.272619730233351]]",[-64251.71875],"[[0.3649581133995715, 0.013021163735849986, -0.19639022371224665], [0.8112266891973169, 0.31349611827866924, -0.2557107999785319], [0.15431651411698502, -0.4570826930786564, 0.26427838892259026], [-0.06747282897666938, -0.04072353002112067, 0.1080692847250829], [-0.96562820403168, 1.0058186823670865, 0.6551683545723159], [-0.9939931439669313, 0.05529643764567843, -0.6811246837380611], [-0.0804609180232165, -0.33572105479116027, 0.3170775641128825], [0.6399232470822344, -0.08357138892066834, 0.31220748066372866], [-0.328113413452677, 0.29369341938995236, 0.31620950778495704], [0.04070715722716228, -0.054324611536948876, -0.273603065320949], [0.4190612499880947, -0.72285936748355, -0.5754193754069945]]","tensor(-3, dtype=torch.int32)"
"['Bi', 'Bi', 'Bi', 'Bi', 'Bi', 'Bi', 'Bi', 'Bi', 'Bi', 'Bi', 'Bi']","[[-0.039341165156060426, -0.07873996160248957, 2.552180702239953], [-0.04482251761302056, 0.05157256491565113, -2.5527840733595166], [1.9076066623625383, 3.5916975702465104, 0.030450880077949067], [2.060987204169329, -3.371542501668825, -0.08973931665762182], [-4.083823708795754, -0.058907694167917614, 0.08842479970109576], [2.6186848244791117, 1.0662053802680842, 1.151379898867304], [-0.6631958494020941, 2.739124826132005, -1.4028739851957257], [-0.46515400472934154, -2.685395569461205, 1.301952373438061], [2.4214089349608483, -0.8742313000646034, -1.3046717016566554], [-2.1067543306683336, 1.870614543016261, 1.3322941009501785], [-2.1976358285211757, -2.0219470219066595, -1.1975016699698346]]",[-64251.62890625],"[[0.2895015419066186, 0.841352835769109, -0.17255279325205783], [-0.8270549232058914, -0.35089489126231493, -0.009959806078064147], [-0.4532675338382218, 0.22011581112325362, -0.3804931900640605], [-0.16444208959166862, -0.8293848581752831, 0.4261561616514552], [0.3631154027478797, -0.02361909740155847, -0.001168243071929424], [-0.34584745301930914, -0.8347656658379881, 0.06714917833227847], [0.042045180618854254, -0.15270216897399036, 0.8388290395144687], [-0.46059029678936386, -0.3174052771025081, -0.5024848518175683], [0.7803862897735088, 1.101027713365285, 0.030849043477402464], [0.2996260889394707, -0.4080331653841284, -0.6319548797713326], [0.47118885266238036, 0.7463716046366006, 0.34815651061952035]]","tensor(-3, dtype=torch.int32)"
"['Bi', 'Bi', 'Bi', 'Bi', 'Bi', 'Bi', 'Bi', 'Bi', 'Bi', 'Bi', 'Bi']","[[0.005065490465424354, 0.049407092664305735, 2.7690722220403448], [0.034144211389303604, 0.00030511464905142675, -2.462061506969585], [2.1383145782763817, 3.5397423803126578, -0.08480421533374594], [1.9205548008048965, -3.4461364347675723, 0.09107809535975483], [-4.110642458454593, -0.057363592402123076, -0.10310421775683239], [2.7073153293355574, 0.7868110114995518, 1.164157194826539], [-0.4249667771919286, 2.599315949295358, -1.0917357166495014], [-0.5149978524772324, -2.624496006377931, 1.4081684399328067], [2.4448140552279063, -0.739287802587295, -1.256180126232253], [-2.098364983436425, 1.7866335011835321, 1.194895484021641], [-1.8406071446982863, -1.8785742416342965, -1.2917898224438513]]",[-64251.57421875],"[[0.2338746144783694, 0.16183848625089955, -0.7587478736375546], [-0.8601815488212502, 0.4509615101414137, -0.9207444313979645], [0.15792048282730936, -0.5442704434337192, 0.3261018326522436], [0.4116745693771214, 0.25243726962868673, -0.28023219567879754], [0.8599902586405805, -0.11357155136809469, -0.13215924907701046], [-0.4842651305959835, 0.5427493779648468, 0.7540237260842986], [-0.3983374785950355, 0.5026119158058571, -0.3640975132749248], [-0.5203622561755193, 0.2997026564338301, -0.13456965961972162], [1.3504084024484935, -1.0849835065720836, 0.22263749907213926], [-0.06456177295035641, -0.38633247709527346, 0.39557102149023937], [-0.7053470599758015, -0.0782193262071554, 0.8957029012413888]]","tensor(-3, dtype=torch.int32)"
"['Bi', 'Bi', 'Bi', 'Bi', 'Bi', 'Bi', 'Bi', 'Bi', 'Bi', 'Bi', 'Bi']","[[-0.020637688432082253, 0.0007371121684991158, 2.509839243273169], [-0.15479678176653644, -0.111641677408922, -2.4418852309401364], [1.8248455640672958, 3.36759113499136, -0.0038240752013986357], [2.194296654380498, -3.4446846113962493, 0.10673024125055075], [-4.0938769476986465, -0.09556463706614604, 0.13824300566614497], [2.624780600203766, 0.7482807514348763, 0.8987872836451931], [-0.5801660490970798, 2.684687008661455, -1.160167562508627], [-0.5962079555138002, -2.601947094223013, 1.222827142638628], [2.7360817057680538, -0.766426680141367, -1.2354404622479724], [-1.980373916934114, 2.074215457034227, 1.0742691968443312], [-1.9565503749078335, -1.9254413723133046, -1.2399501341560553]]",[-64250.60546875],"[[0.19433380284795734, 0.518574310051358, -0.4690018196854834], [0.981680124138618, 0.8030294935788939, -0.5827567936542363], [1.3119333650881235, 0.9271063725679746, 0.41040392949423304], [-0.4790764358674134, 0.5174193698745198, 0.06903580345017776], [0.8963770448619743, 0.16109338014393668, -0.07407861370494159], [-0.26210200031864983, 1.4533112067885676, 3.5332587064165724], [-0.25745822549453, -0.19562362317100424, -2.7248273221174264], [0.6821382131630602, -0.46713293518917837, 0.4834527129711453], [-0.6104254784695234, -2.199193787334263, -2.8116175282825013], [-1.296785445351124, -1.5167239016805258, 2.0323265290596004], [-1.1744029242795333, -0.004148428901275983, 0.14192404715718396]]","tensor(-3, dtype=torch.int32)"
"['Bi', 'Bi', 'Bi', 'Bi', 'Bi', 'Bi', 'Bi', 'Bi', 'Bi', 'Bi', 'Bi']","[[-0.019710349705934913, 0.08430711502715572, 2.507363852771448], [-0.09623891411830589, -0.16995104916436754, -2.4997278912435346], [2.1123899222614524, 3.481828702462557, 0.002769103458234709], [1.9698513254487018, -3.2272304158782905, 0.17748979170189272], [-3.9623720125197894, 0.03243229015801968, 0.13638268913819201], [2.6204656984763934, 0.6991028327617824, 1.2743286996278538], [-0.44216060102840643, 2.563984272550742, -1.1780980769341385], [-0.723912887088255, -2.5665168510040304, 1.0738359293869846], [2.6868041543083505, -0.8551760772474802, -1.1609813709580614], [-2.0406901092452743, 1.772994397348888, 1.1319448432748065], [-2.0425557359354207, -1.8584409808525884, -1.3550437104485864]]",[-64251.546875],"[[-0.05823330756196348, -0.52108936455043, 0.03736225815641624], [1.200311945121027, 0.8793902711301514, -0.4747334288569323], [-0.09833168893135406, -0.5162058085132827, 0.14831987548554387], [0.11141655435425067, -1.142210123847228, 0.3163272129525787], [-0.5940156606052037, -0.9351009651455809, -0.6219018608678653], [0.02931671657047448, 0.7834906414420628, 0.24081731675065962], [0.16802420391307238, 0.23309305010847786, -0.5574956911666233], [0.2619903115357427, -0.07476849248554986, 1.1715227729302586], [-0.2879154789139918, 0.503786859176319, -0.9848019593183085], [0.4317135013545469, 0.9242483327180782, 0.7622409763184371], [-1.1716143042532672, -0.12114921362718803, -0.03661311027305536]]","tensor(-3, dtype=torch.int32)"
"['Bi', 'Bi', 'Bi', 'Bi', 'Bi', 'Bi', 'Bi', 'Bi', 'Bi', 'Bi', 'Bi']","[[-0.0512425748003345, 0.015539094326516515, 2.4891613826012815], [0.009477150369190961, 0.04511871906501673, -2.3844746849050984], [2.15451987470198, 3.476873364982737, -0.01662913726922947], [1.9131988087988876, -3.4439367895112687, 0.10671007278040752], [-4.041912480002291, 0.12970912141593358, -0.004563953914538359], [2.505000069381253, 0.9058933788919167, 1.2848597707209028], [-0.572016312640459, 2.6231925221099246, -1.1354994352587702], [-0.5739695595284976, -2.652619231681993, 1.4223492766400627], [2.6774339918967187, -0.8686287481314154, -1.2926058221417678], [-2.0101616258067714, 1.905636074466042, 1.0885959445516904], [-1.980299612314438, -1.9917542409438524, -1.1177773423919621]]",[-64251.6328125],"[[-0.06986220788392519, 0.5503099680895364, 0.3483653871555095], [-0.07312303697715061, -0.8488002972923272, -0.30120639265784077], [-0.5367005973325457, 0.05571861301753248, -0.20066545640602806], [0.3523066333644929, 0.12116654287204977, -0.3107246732309901], [0.2895187168852056, -0.6131539346486434, -0.40393857849805986], [0.46236122220121295, -0.5383188505545003, -0.23849272967879187], [1.08302895287121, 1.0680826077331957, -1.3371091069037173], [-0.2249167318592353, -0.2811774365661814, -0.11742414589119789], [-0.37736035055677236, 0.008246314000298278, 0.7043232461324868], [-0.7254829225958513, -0.3518718595802023, 1.8262437553058473], [-0.18198987834260577, 0.8486300901692045, 0.024936099442213422]]","tensor(-3, dtype=torch.int32)"
"['Bi', 'Bi', 'Bi', 'Bi', 'Bi', 'Bi', 'Bi', 'Bi', 'Bi', 'Bi', 'Bi']","[[0.033741246160899574, -0.13274278061269892, 2.5862794057993397], [0.09747746946325286, 0.09552286633281021, -2.41309433122103], [1.8770370503758318, 3.5315637958466497, 0.10743949806831857], [1.9600411169416474, -3.483656344941452, -0.06336135944500652], [-3.9302474234114833, 0.12843378989125037, -0.018822343047000242], [2.5176640515047297, 0.8338384741649979, 1.2879603764092753], [-0.5859976570141505, 2.5648098162407096, -1.0818503243079662], [-0.5492484736543999, -2.6970600707958345, 1.2795146789079397], [2.555204936373399, -0.8977590072802039, -1.160360860614119], [-1.9338666809955902, 1.6865789717857465, 1.3764080836081585], [-2.124306605029956, -1.8512523049467722, -1.2416556864207908]]",[-64251.8984375],"[[0.10201783014401979, 0.013712785725362745, 0.39788326726012846], [-0.5652131186706253, -0.7953249215977864, -0.47262759136263666], [0.39422864778959993, -0.2537032301012416, 0.280420451956064], [-0.10100553484921847, -0.4172658476606544, 0.2085054741763515], [-0.3400220499528222, -0.3104184032535525, -0.12582456161553662], [0.396562696526318, 0.3087337126892794, -0.044935991767713034], [-0.4030575123809652, 0.5967595434117973, -0.17924373296398294], [-0.3668995030450012, -0.3149127454795471, -0.463220073974746], [0.5437341110185624, 0.40505798600961784, -0.05555020566761506], [-0.24037272134687762, 0.4740101257167984, 0.29911248508879124], [0.5677981072142432, 0.289327066749895, 0.17069393606361058]]","tensor(-3, dtype=torch.int32)"
"['Bi', 'Bi', 'Bi', 'Bi', 'Bi', 'Bi', 'Bi', 'Bi', 'Bi', 'Bi', 'Bi']","[[0.07718123110868365, 0.008153196753731022, 2.5415366300916378], [0.07389854785140283, -0.12883334648185618, -2.5024297402496294], [1.9905462527817528, 3.323031113740478, -0.08853098613825616], [1.8703417012597807, -3.451559083045347, -0.1500124583385693], [-4.110912943012579, 0.039564616999542085, -0.06772707335861965], [2.7414679264490958, 0.7650121496422967, 1.2773884169488756], [-0.4737673015715788, 2.59597322532701, -1.1558706218782808], [-0.6593792962478797, -2.8055909337691927, 1.2236111295935943], [2.6057078886269704, -0.7522776317064682, -1.3070306587226448], [-1.8384615968942817, 1.7020163990992212, 1.242099276546225], [-1.9548384661094325, -1.7614554625631957, -1.2452541673278785]]",[-64251.6875],"[[0.4364094181795266, -0.9110004592648799, 0.18323146474375268], [-0.2707391633526129, 0.8006964732840073, -0.5208214554533094], [1.115930349725458, 0.2813135508425879, 0.547925525703072], [0.13512254994836653, 7.503295630253467e-05, -0.02833515111760008], [0.8215069937455582, 0.061931378699875264, 0.09889362954811666], [-0.3507137826557778, 0.04907469880835531, -0.10151219671753492], [-0.7680501300039855, -0.18601715371079888, -1.0021003509250932], [0.329776198205938, 0.5500492580852366, 0.06751715481960947], [0.5149505952578677, -0.48178848839932015, 0.4619708256819541], [-1.1423402217389198, 0.25977124259579276, -0.024660574733330207], [-0.8216360631954186, -0.43967142998085834, 0.3282576524195529]]","tensor(-3, dtype=torch.int32)"
"['Bi', 'Bi', 'Bi', 'Bi', 'Bi', 'Bi', 'Bi', 'Bi', 'Bi', 'Bi', 'Bi']","[[0.07495679548186703, -0.1385333931931035, 2.44368292179482], [0.06326160427142373, 0.06425185541999724, -2.569695846376294], [1.8224103314730886, 3.4691449873059224, 0.04173449607720168], [2.1084758417155447, -3.3619515396090973, -0.008167635787244124], [-3.8508202154513067, -0.08869154940247356, -0.012933929252037233], [2.538608761692332, 0.6764562803964443, 1.1792178644524365], [-0.570298159866915, 2.431024239617143, -1.142179672760651], [-0.5104994972557346, -2.6590879468557453, 1.319302214838338], [2.5723509785594345, -0.9122749440619248, -1.1573518896602701], [-1.9351066555470575, 1.890393021488322, 1.1801548584504031], [-2.159688750607237, -1.7983532033124376, -1.0898197710418351]]",[-64250.87109375],"[[-0.49586616014431, 1.011771817909053, 0.9077896638667597], [-0.13238715178688343, -1.2836769257661018, -0.16119781841193126], [0.7053527164058752, -0.3053211884258994, 0.5323050369444722], [-0.5148184404825127, -1.4233125870038887, 0.7779617381556138], [-1.869851745847517, 1.9337982020500528, 1.2568628761128382], [0.5896890058198445, 1.2687259526398453, 0.47968234237247503], [-0.04231204584751576, 1.2417787197693952, -1.530628949464089], [-0.1096326705753239, -0.9583200963766378, -0.6199524493761495], [0.40070207205415076, 0.8791799547755981, -1.6941892530293807], [-0.7433155897341297, -0.761721613193501, 1.554599871674014], [2.1884712527984527, -1.6107903338038645, -1.4955040613700152]]","tensor(-3, dtype=torch.int32)"
"['Bi', 'Bi', 'Bi', 'Bi', 'Bi', 'Bi', 'Bi', 'Bi', 'Bi', 'Bi', 'Bi']","[[0.08508369866040845, -0.01562116288865024, 2.524017502701893], [-0.002372139692064668, -0.07957747207782374, -2.55042984825845], [1.9210220346159477, 3.3129361685890557, -0.06970623644077054], [1.9990635991867722, -3.363228719140668, 0.09770540530175531], [-3.96686000006011, 0.00991763735629026, 0.041449029620176416], [2.5818092347949615, 0.8416943406498261, 1.2399523542063862], [-0.47306209891461903, 2.673296748274361, -1.259794201787207], [-0.6058193253374449, -2.724410908739008, 1.1805598664142098], [2.4117158959927956, -0.9449238925169059, -1.4274155240783715], [-2.1789683943748575, 1.7810934167794408, 1.223643542513349], [-1.935310836852447, -1.7149725295972604, -1.2737121803112572]]",[-64251.4609375],"[[-0.6404292404633601, -0.03338053247694279, -0.044936377433399864], [-0.4729747933249703, 1.0233443596186453, -0.8786261388493047], [1.1356671769148639, 0.9482763334496546, 0.3712067717018356], [0.1894972980246038, -0.5284699773545971, -0.004171787900596131], [-0.7126232859340657, -0.72441848530019, -0.4589635589222989], [0.25276081742889456, -0.6998459246188045, -0.4188766961014218], [-1.4171115969805173, -0.3670639508938671, -0.21176995423807898], [-0.12343687963730289, 0.3492670735313269, 0.3256916900498188], [1.382138918277514, 0.234146534498633, 0.8093353846690841], [1.3116721408629082, 0.6352032132963045, 0.23248549809648572], [-0.9169690214343195, -0.8301998983267918, 0.2711063685085703]]","tensor(-3, dtype=torch.int32)"
"['Bi', 'Bi', 'Bi', 'Bi', 'Bi', 'Bi', 'Bi', 'Bi', 'Bi', 'Bi', 'Bi']","[[0.06192159625362299, -0.12401191578704468, 2.472317491314769], [0.017923275222555, 0.02646408142677631, -2.4254191307747095], [2.0084664105826016, 3.3625862466530507, 0.015395204909332048], [2.0587756271968694, -3.508412858051505, 0.006249736441844967], [-3.960979195158454, 0.1500428136974274, 0.049627559775985625], [2.4000777401051363, 0.7024230411511132, 1.2548431059497422], [-0.476080499651929, 2.570367587930088, -1.3202900754894167], [-0.5251952225633877, -2.6363280551830073, 1.21267506349316], [2.5907482847296186, -0.7844017340557693, -1.2157789956799874], [-2.030721724969357, 1.9104650472482825, 1.05302903191925], [-2.109903125901311, -1.8197028859317805, -1.117547794898687]]",[-64251.5],"[[-1.5892712169203709, 0.6946656631132531, 0.8515148695067213], [-0.16789462024229623, -1.2760469158177823, -0.7687042190088555], [0.13193720848557736, 0.1009737045745318, 0.06692549223391488], [-0.12030928518335562, 0.3803157324260254, -0.17696707128146574], [-0.7526265878561288, -0.6319111709934914, -0.324202814810274], [1.7167517241509886, 0.7146467452376535, -0.04841008884354839], [-0.21384694393899947, 1.1595013163611916, 0.014872158486494995], [-0.03990342479359152, -0.9298260869915264, 0.08135519961784668], [0.20025711357680845, -0.6233509354085287, -0.26065523977210736], [0.7218741202089187, 0.2297572990278235, 1.1084170679250203], [0.09657397899704041, 0.19787189985897047, -0.5537814734919562]]","tensor(-3, dtype=torch.int32)"
"['Bi', 'Bi', 'Bi', 'Bi', 'Bi', 'Bi', 'Bi', 'Bi', 'Bi', 'Bi', 'Bi']","[[-0.003008616464400376, -0.11561472770120834, 2.586443180418852], [0.09364757230153563, 0.11975324360374454, -2.4302671176351613], [1.9790492640228443, 3.4518237696293044, -0.18495404299453322], [2.0478610297188005, -3.6132132616560573, 0.046777657630936845], [-3.855046990642757, -0.06543994328936738, -0.18098402556080934], [2.5028687009510353, 0.8426670317300912, 1.0937281632956986], [-0.7123780534536159, 2.74005939321474, -1.1750579469228415], [-0.7405416938435996, -2.5959804872013486, 1.156515801918347], [2.464647034935966, -0.7904643175887142, -1.37656402926406], [-2.121767041121551, 1.8859138890252458, 1.2227939444713343], [-1.8762730304377224, -1.8911981135150242, -1.3535957359404913]]",[-64251.49609375],"[[-0.130306871072102, 0.7109638950388487, -0.4226829078979218], [-1.6663961267524754, 0.36178099947143477, -1.091599987095404], [-0.0032102878620763205, 0.0386749715946336, 0.10901493698919934], [-0.6072954157551804, 0.9518013178273154, -0.10200924265472629], [-0.3265565582080664, 0.1257617238196285, 0.10132718003203785], [0.11821671458868709, 0.0027153975389638827, 0.4423412135534881], [0.23128031853617592, 0.043432152699519166, -0.28049264857263934], [0.915037607674656, -0.7114287507467124, 0.5264264634352938], [1.5651439715520494, -1.1753598894037969, 0.9373517100939429], [0.15062955015085402, -0.6216606912583652, 0.5366774573913358], [-0.2381441393199857, 0.274773020748528, -0.748403291474841]]","tensor(-3, dtype=torch.int32)"
"['Bi', 'Bi', 'Bi', 'Bi', 'Bi', 'Bi', 'Bi', 'Bi', 'Bi', 'Bi', 'Bi']","[[0.08799402165785372, 0.011049937964649346, 2.58921943450207], [-0.1164978472179597, 0.10730277031448726, -2.714841846067835], [1.8742266908575005, 3.4334844661578945, -0.06960169705492134], [1.9668211935652276, -3.6366927626731673, -0.07214051054005959], [-3.926828869395152, -0.05006763455315878, -0.09597698216324992], [2.637121398496012, 0.8283530449109486, 1.1716286876826951], [-0.594774862306052, 2.7336831146779117, -1.2335030947716963], [-0.6358778622467591, -2.7428868326152367, 1.2904925293886198], [2.6014021510234513, -0.7672710243595596, -1.3682591427501958], [-2.0628875400448576, 1.7714964862699327, 1.2091431130177972], [-2.017252298623915, -1.9347405764282706, -1.2568809574260909]]",[-64251.80078125],"[[-0.2935673838434951, -0.19826846702921874, -0.4224952172636626], [0.25459170099952344, -0.4457843853834485, 0.6349692427796254], [0.8760812595371176, 0.16706513048305413, 0.3789461050168497], [-0.26608366429161334, 0.9376525293296732, -0.10598015941055007], [-0.37284759922199284, -0.02427443082104475, 0.055411057487805435], [-0.1854567557567836, -0.010893302159731584, -0.08859630428756306], [-0.746048159680576, -0.39622588182648316, -0.36085946416826836], [0.5563885735349525, 0.3354265090506024, -0.24074362889342854], [-0.6002058519893438, -0.5538452368855127, 0.14643299325718667], [0.3304052446522097, -0.06409244352052548, 0.2078633665188191], [0.42747904637938666, 0.24399299086023213, -0.20263980761215916]]","tensor(-3, dtype=torch.int32)"
"['Bi', 'Bi', 'Bi', 'Bi', 'Bi', 'Bi', 'Bi', 'Bi', 'Bi', 'Bi', 'Bi']","[[-0.04666035573696524, -0.12722626285696406, 2.4340539492010533], [-0.0853211534978609, -0.10196172270483406, -2.4837291294194057], [2.0092594424339403, 3.4268524669635876, -0.028391836674556904], [1.9100316085683184, -3.525042448156347, 0.15119709983977675], [-3.89745780606523, -0.050376785267202955, 0.21258877915660315], [2.5153882616036634, 0.7132460811345989, 1.3536940388411298], [-0.6376603009134638, 2.6931396307220306, -1.298916533863494], [-0.40519753504021105, -2.5664310393424046, 1.2682033594307722], [2.7748011816138245, -0.8509203096748245, -1.2313721787789251], [-1.9419222510707408, 1.809216357395107, 1.2897374581942456], [-1.9980150714226166, -1.8657520582158744, -1.1296239051561663]]",[-64251.38671875],"[[0.22382108135398632, 1.6594788269934246, 1.3987210001486194], [0.7370071275393605, 0.3603988250719141, -0.03174472375292356], [-0.2144348012899173, -0.45025918721464353, 0.0433964349147092], [1.6384081107484896, 0.015604085111386463, -0.9764582107388885], [-0.3736887617960231, -0.14003217698594372, -0.1405913922318527], [0.6254859806508405, 0.5256726155727627, -0.7080888858987319], [0.35254080956953837, -0.3439584110631057, 0.3332461095235189], [-1.691260250693107, -1.6730655720301206, 0.024242281729390285], [-0.9106579881349716, -0.27702345716434046, 0.39371252425643316], [-0.07039617488286945, 0.47004450543640725, -0.21744700457036387], [-0.3269844928541772, -0.15414373588928348, -0.1271010121947733]]","tensor(-3, dtype=torch.int32)"
"['Bi', 'Bi', 'Bi', 'Bi', 'Bi', 'Bi', 'Bi', 'Bi', 'Bi', 'Bi', 'Bi']","[[-0.1178564154497684, 0.01729926479730402, 2.3679114895696878], [-0.09884898468284094, 0.08788251036584581, -2.6099506041893337], [2.1332359478412597, 3.531164868333961, -0.1519704277006174], [1.9669419507640689, -3.385343572753875, 0.13052947515814511], [-4.013177332631582, -0.1378136733145508, -0.25582671526333406], [2.3574375128926732, 0.6303643677776661, 1.3812584073899097], [-0.35312755275793717, 2.531363247695327, -1.1953164199486415], [-0.5119149869253334, -2.753769163807502, 1.141064833997964], [2.4502608315577987, -0.8415279530269881, -1.20762396035204], [-2.107383665549137, 2.013909782586577, 1.2284559838588462], [-2.109327231727363, -1.8217216391970057, -1.3335338768762401]]",[-64251.0234375],"[[-1.7688510446749066, -0.28466524277163135, 1.0422944288069103], [0.35503123288674465, -1.1310206767198905, -0.2006593885992219], [0.3223716227070957, -0.822876878265192, 0.6328743067687442], [1.1491181676297946, -0.5809282240777283, -0.41968006343814235], [-0.5142990773575765, 1.4003397675914897, 0.9131966967961694], [1.8063989417241282, 1.1296420504446885, -1.0271321108842688], [-0.9977382148965451, 1.2738954155061655, 0.12312017097527497], [-1.5203815550544575, 0.3685726750607609, 0.29473337977002256], [0.27791933284380954, 0.246362263729681, -0.39781785835964145], [-0.1574544444113394, -0.8552203454258204, -0.6201457964404821], [1.0486214029546472, -0.7378741040033628, -0.33334674255673674]]","tensor(-3, dtype=torch.int32)"
"['Bi', 'Bi', 'Bi', 'Bi', 'Bi', 'Bi', 'Bi', 'Bi', 'Bi', 'Bi', 'Bi']","[[0.007543505330891376, -0.1797836987724016, 2.5745926051838333], [0.11307339803738525, -0.16220625583638357, -2.584596984320778], [2.0198970889421655, 3.3532285899412915, -0.13678812183449796], [2.0506365734081724, -3.418467180463027, -0.022919401616068563], [-4.025374394399977, -0.0312137959913899, -0.09893322099052305], [2.534063283231918, 0.8655007234828307, 1.2696943131223142], [-0.5109176465581331, 2.6676694272989394, -1.160332388498356], [-0.6682662444813303, -2.551426943227317, 1.2611065721170258], [2.6394608605386476, -0.6056541068401551, -1.097329053602098], [-1.9129758179035596, 1.7809848017558987, 1.2592445045167082], [-1.7840586254012623, -1.827342229486198, -1.2493097872183074]]",[-64251.41015625],"[[0.20661442675857658, 1.3714940310999857, 0.6081618779982669], [0.18612760836350806, 1.1180864780253168, -0.14518934997237667], [0.6704890525370168, 0.5888256289022527, 0.24564826798812273], [-0.3988541677712096, 0.47304601292180554, 0.13127036680199597], [0.8372025587578616, 0.11773787207191426, 0.07870140831569762], [0.1586646633366238, 0.2811464290449599, 1.2943300404782825], [-0.6274374490262195, -0.5388387279003523, -0.8449061022971376], [0.6063765029786844, -1.5619835698036755, -0.06835569486696928], [0.23428537414589315, -1.2298919890802622, -0.9539589887899214], [-0.542665559955575, -0.4055956039770642, 0.025189481798463215], [-1.3258214435814661, -0.2118516125195046, -0.37160061350123025]]","tensor(-3, dtype=torch.int32)"
"['Bi', 'Bi', 'Bi', 'Bi', 'Bi', 'Bi', 'Bi', 'Bi', 'Bi', 'Bi', 'Bi']","[[-0.12260659552401201, 0.08756922134967743, 2.5731913588906328], [0.03881698846388615, 0.2666871502242957, -2.5669536461862714], [1.993743816730404, 3.4175442121507684, -0.16574394037987647], [1.9662240313942798, -3.446925714847385, -0.12320039042374545], [-3.7961913938203216, -0.14006029490442046, 0.05620765808505024], [2.6104916264489972, 0.7440388334981822, 1.145626842378291], [-0.6024594784474304, 2.7849789806287086, -1.3000981742550182], [-0.5863574913677098, -2.696708002547089, 1.29664671679595], [2.594069650425056, -0.6121381439033822, -1.332196113531801], [-1.9861555940261202, 1.7044369760024527, 1.3665242402898214], [-1.8868267274772679, -1.6297398459898764, -1.2309777681206202]]",[-64251.37890625],"[[1.5747120801319376, -1.1932573483774633, 0.5007517216430288], [-0.14348815291670705, -0.5140966800051261, -0.39684423247770667], [0.36846366022661586, -0.06209433530808544, 0.30280006612002114], [-0.05757165950963144, 0.5597330663711751, -0.00545964801351209], [-1.5176392149106113, 0.7277069280565928, 0.49539857906559276], [-0.33760557160330484, 0.7415662101786517, 0.7937848299550302], [-0.43154041459429593, 0.1889021387366819, 0.6579837140862025], [0.331489890829861, 0.31962666003657914, -0.5099965909552588], [0.06697768565686638, -1.059213839598766, -0.3507700898460555], [-0.8053686845247696, 1.5452251101584582, -0.9294496772811766], [0.9296610220775615, -1.2525187378163425, -0.5635958938905022]]","tensor(-3, dtype=torch.int32)"
"['Bi', 'Bi', 'Bi', 'Bi', 'Bi', 'Bi', 'Bi', 'Bi', 'Bi', 'Bi', 'Bi']","[[-0.01013868008523158, -0.10432985211545905, 2.5507007754142976], [0.17158837929582532, 0.10533419236550486, -2.553615143464459], [2.0630766203709228, 3.5891474377711807, 0.10344090912867472], [1.8728870346877227, -3.44057180043036, -0.0009805436720107088], [-3.979781542343335, 0.03819805219441369, 0.06180862829838062], [2.416377488822576, 0.9569576170462062, 1.340241816460204], [-0.4954048020293725, 2.6001846922638525, -1.220920404379884], [-0.6373154759855286, -2.7365591309628536, 1.2411972224399026], [2.667538375193682, -0.9493338949368063, -1.1545008239504453], [-2.0291737088499135, 1.7231520623891314, 1.3408078900463696], [-2.0570758750114826, -1.6841716919153058, -1.3154661181663274]]",[-64251.84765625],"[[-0.3549661839408987, -0.12318408863510623, 0.3440483483012753], [-0.12676440318330476, -0.6079536185273767, 0.03206539191600295], [-0.4790466624763898, -0.1918201367453579, -0.18717667045378755], [0.29689681000688534, -0.61060494156913, 0.048702865664155964], [-0.3296437863201251, -0.12707041605028446, -0.20379089113212906], [0.8813052298205101, -0.3395602281483616, -0.3715651322580416], [-0.14220337195863478, 0.583857226414002, 0.5563458931989429], [-0.4637801119741203, 0.30005001266243836, -0.3615089251848964], [-0.01946825474730382, 0.7749412044963315, 0.1535870403258618], [0.3104764587949439, 0.5663896561259262, -0.16164380221218586], [0.4266548530955771, -0.20986574276486006, 0.15424148928537293]]","tensor(-3, dtype=torch.int32)"
"['Bi', 'Bi', 'Bi', 'Bi', 'Bi', 'Bi', 'Bi', 'Bi', 'Bi', 'Bi', 'Bi']","[[-0.04699053650308277, -0.04768943800535351, 2.4421143175770683], [-0.07912823727110743, -0.23818741725024029, -2.4645526357613106], [1.8346265849044159, 3.4801827678844397, 0.05876162084859987], [2.1124693279322098, -3.3211286801720146, 0.06404769557031358], [-3.919038451407054, 0.015389960079165205, 0.150792371192302], [2.5472535393185147, 0.7545670236131401, 1.3056608477166236], [-0.588217985810209, 2.690352958774552, -1.2776299462059348], [-0.6382334125956559, -2.454195642429507, 1.4288399684196453], [2.6954985428499225, -0.7117406208108723, -1.2060385938595612], [-2.0499310685716243, 1.762125103047638, 1.3241084134674999], [-1.9722957085690052, -1.8117108604285583, -1.3951144459474556]]",[-64250.9453125],"[[0.6991167593602308, 1.8201106424433586, 1.5033279326035833], [1.7298684712706636, 2.059512360434972, -0.9816832094641127], [0.4935444527095706, -0.182279384718189, 0.22591349768238014], [-0.5359894298060243, 0.08617128987084381, 0.36929500118115477], [-0.49481380704016953, -0.759948579475897, -0.5508391014118723], [0.27358841002484935, 0.7431752074241222, -0.14236658567730287], [-0.37377767059236117, -0.6439871349796308, 0.2557499321902227], [-0.1355939362618606, -2.5612629047848086, -1.8430978600413992], [-0.2762524343232224, -0.304119248457359, -0.1717135847175075], [0.24029934202219605, 1.022913442491223, -0.4554281358600479], [-1.6412975180742482, -1.2814390363406343, 1.7893216651111281]]","tensor(-3, dtype=torch.int32)"
"['Bi', 'Bi', 'Bi', 'Bi', 'Bi', 'Bi', 'Bi', 'Bi', 'Bi', 'Bi', 'Bi']","[[-0.16499233919391007, -0.08437652247250609, 2.4087206656178948], [0.13775988088857338, -0.038365059136594215, -2.6745218438938387], [1.9428262295200525, 3.503119862883559, -0.0284249209982917], [2.1595340006211954, -3.262565843512809, -0.08605388097444992], [-4.1109373717356315, -0.08356581308978729, 0.0023606958967705323], [2.5901830252850244, 1.0301614908078747, 1.2458865978255222], [-0.3816696112457185, 2.669512023939279, -1.1995298847806413], [-0.5453266560799771, -2.5709864909801325, 1.1268246064031469], [2.685155378805426, -0.8130602471696632, -1.3092929032375284], [-2.0241718234071686, 1.7137200869988405, 1.318066773583988], [-1.94881083263212, -1.7718343136949601, -1.2012845543798687]]",[-64251.31640625],"[[1.4697343943966976, 0.48907145065158086, 1.098264290163892], [-0.32340793211866387, 0.30827518189867986, 0.41505901717849997], [1.1949090259589434, 0.8798268446876474, 0.5539845907536886], [-0.5203961947559608, -1.0128007739615255, 0.6161189324490216], [0.6312277713964219, 0.1787537318533377, 0.06316730867094861], [-0.10847665053456253, -0.9283261045802008, -0.012519289264259447], [-1.7626294858149043, -0.6556908030227466, -0.7807555003910376], [0.5009944853373678, -1.397540348925992, 0.13073645122514327], [0.23857202254400486, 1.2505513285925742, -0.010314289408565129], [-0.814163919068243, 0.7179444439705402, -0.9736947875374955], [-0.5286494404542037, 0.17127428578915804, -1.0923132115055887]]","tensor(-3, dtype=torch.int32)"
"['Bi', 'Bi', 'Bi', 'Bi', 'Bi', 'Bi', 'Bi', 'Bi', 'Bi', 'Bi', 'Bi']","[[0.13323104060296712, -0.0154013690157717, 2.7062975033411343], [0.07306242680661648, 0.05355303421819083, -2.5825270328102876], [1.9817570214111255, 3.250045413846416, -0.0261561605745292], [2.194520935237112, -3.4093119813712347, 0.04613673401245305], [-3.976378997691666, 0.17075721690404624, -0.038010464448362924], [2.590101400442515, 0.7229104026851575, 1.4030380394869977], [-0.5362085111638663, 2.4860719636488477, -1.1802808104726608], [-0.5226332739584015, -2.8312915495165796, 1.3097364635906288], [2.6174319911894295, -0.8787591744007348, -1.1116392803765527], [-2.000237953275491, 1.8246532141938527, 1.1646931781465986], [-1.9626960751285267, -1.9453756143279732, -1.044774955665844]]",[-64251.51953125],"[[-1.052819502511062, -0.3158561865937257, -0.19126657792952245], [-0.03233473568947851, -1.263517923204842, 0.25276565110550286], [0.5320540971375723, 0.32538578002702223, 0.2575763420388843], [-0.6176970764395454, -0.827560916587017, 0.43150452197437456], [-0.0771148825242466, -0.8411995979362071, -0.3187131465796988], [0.4399929723194945, 0.22455677721819045, -0.23376770794997906], [-0.09955826008176022, 0.8365006472078244, -0.6940501406770664], [0.6533259010310819, 0.4146198210943336, 0.42838510363298815], [0.09700206790942591, 0.7947438519629568, -0.6062962845158231], [0.3297987210820491, -0.10368549999598063, 1.343919448712286], [-0.1913692678464034, 0.7448402547494126, -0.6720240019706153]]","tensor(-3, dtype=torch.int32)"
"['Bi', 'Bi', 'Bi', 'Bi', 'Bi', 'Bi', 'Bi', 'Bi', 'Bi', 'Bi', 'Bi']","[[-0.1831428936456545, 0.02434521978230605, 2.5384238229477103], [-0.015634328202967302, 0.15213122167456533, -2.595506147857239], [1.962959662848655, 3.5370739314148074, 0.02337147544604534], [1.7381665155650101, -3.3990842816605666, -0.017642019237790876], [-4.2466131709535135, 0.057819835882967976, 0.08758083433804487], [2.6916449567922367, 0.8742049468873639, 1.3778267182040789], [-0.6219853050783972, 2.7815391566681935, -1.292795898654049], [-0.5646121871013394, -2.6630413291623474, 1.1272205324627855], [2.447572569102785, -0.8943598075681416, -1.3686115226067133], [-2.1553025575079823, 1.8862908668962304, 1.1040513771344167], [-2.0844959159038248, -2.0448791184936432, -1.1425149871793518]]",[-64251.12109375],"[[0.5214328641221699, 0.3464665750019063, -0.338906447676041], [-0.5911370519186765, -0.6247521874040248, 0.17777851188656402], [-0.05101149131879794, -0.49821311582601413, 0.17425131635896537], [2.1114167912318096, -0.8393602297204678, -1.0625480480166731], [0.7001102341695146, -0.581861535039866, -0.3555475106861861], [-1.0754061420157115, -0.06228845370379177, -0.7447240408224467], [0.2713911440517283, 0.03952049990423884, 0.033350759085919224], [-1.6180603891111394, 0.40784321217783986, 2.068204236574374], [0.3765897390923868, 0.5442966687004239, 0.6637373319128468], [0.1309240904373108, -0.1791690680870119, 0.35548976367734425], [-0.7904074269801977, 1.4407858137220382, -0.9685808605300796]]","tensor(-3, dtype=torch.int32)"
"['Bi', 'Bi', 'Bi', 'Bi', 'Bi', 'Bi', 'Bi', 'Bi', 'Bi', 'Bi', 'Bi']","[[0.20320611054341003, -0.04839743810758326, 2.6030425745803134], [-0.13089446917201433, -0.1407164398554786, -2.4620660919943194], [2.0295156039956277, 3.255985707634904, -0.023637982123848274], [1.9779900810400004, -3.3627315027759996, -0.04355560629642602], [-3.8206807736812913, -0.007185525452003208, 0.043888686957140516], [2.5935727059217792, 0.8620219679747175, 1.2080133002933613], [-0.4740607898112173, 2.583029841890414, -1.155904728459457], [-0.5787913670926075, -2.635556628176238, 1.3300305692042724], [2.553248700519173, -0.7718034287267159, -1.2377504995788486], [-1.9127659917507653, 1.8414350098640078, 1.1948443019188677], [-2.0962583931501078, -1.7711152508588806, -1.305605370883539]]",[-64251.49609375],"[[-0.8495490029457006, 0.0880783295590995, 0.05263945817385155], [0.9702757326684851, 0.8811067405470197, -0.7183074839370798], [0.40578164910439274, 1.7137712997231374, -0.36151771836255625], [-0.10000511805757163, -0.3763397248831354, 0.20843811123638456], [-1.0244437639365793, 0.5002701023333108, 0.343005354017802], [0.9073592609602532, -1.1392219861056396, 0.6830926071827449], [-0.48064815209649, 0.10377173484355669, -1.0050509505398295], [0.0732593055198319, 0.016840986959990617, -0.4816789079221677], [0.024380319192021833, -0.1492965866929733, -0.32698099615194987], [-0.010343512583208815, -0.21310698004119435, 0.9757038486554417], [0.055175030087463155, -1.4333244682340938, 0.6242374522673306]]","tensor(-3, dtype=torch.int32)"
"['Bi', 'Bi', 'Bi', 'Bi', 'Bi', 'Bi', 'Bi', 'Bi', 'Bi', 'Bi', 'Bi']","[[-0.029997228646133217, 0.031036850629782543, 2.5692714886061094], [-0.1464142248635916, 0.020041645326813975, -2.5591648095746753], [2.01648000621023, 3.412361635313788, -0.04839875620308732], [2.069792979905042, -3.39173931637585, 0.002889009087180484], [-4.03814698177077, 0.09272315206229437, -0.13768718183995474], [2.677674579448396, 0.9263229256988994, 1.3621158656091343], [-0.45286535260624433, 2.46503735515058, -1.2217661091015226], [-0.7320636437504334, -2.571932775398273, 1.1499194136953539], [2.607013073416793, -0.7637424965024587, -1.2582388191423508], [-2.124949590679065, 1.9549775205946491, 1.2387384901542728], [-2.09568111091109, -1.7585199292661753, -1.377224664711113]]",[-64251.70703125],"[[-0.13196790747424933, 0.12928789090539558, -0.2940346049675713], [1.136986667784751, -0.7578022213734382, -0.6220946937112821], [0.30247775245001124, 0.24777899377474205, 0.15485505768207972], [-0.5992401451095121, 0.19518730672396628, 0.14569179522918374], [0.11238076999342671, 0.18668435534902134, 0.21273252437032453], [-0.36732836328876034, -0.5103019867571397, -0.43685524771350653], [-0.7612197335797012, 1.4030224581091055, 0.3606784069838228], [0.661789977304794, -0.02631355329372728, -0.020494583130896728], [-0.2599942087848742, 0.09520538002969625, 0.35727328750162995], [0.2924237051047124, -0.5527000669060742, -0.11949049121916172], [-0.3951312597630657, -0.40298238470517, 0.2704041484259833]]","tensor(-3, dtype=torch.int32)"
"['Bi', 'Bi', 'Bi', 'Bi', 'Bi', 'Bi', 'Bi', 'Bi', 'Bi', 'Bi', 'Bi']","[[-0.1270199844259071, 0.008177535857453774, 2.40138833152383], [0.06650207604530245, -0.05926478960841817, -2.5350769221315232], [1.9233464132431088, 3.497549485549345, 0.08390647316318348], [2.0778688932671767, -3.4152577381505993, -0.03701054598041253], [-4.003528101945246, 0.013522085542322843, -0.06385451872523609], [2.5259880446970775, 0.7263845118718981, 1.1986338783115242], [-0.7376099369245188, 2.7002098685381024, -1.2283943964817585], [-0.4930878469354314, -2.6238372980342617, 1.3219193255295765], [2.559633067855352, -1.0728112008417043, -1.2290496865281861], [-2.103277077114966, 1.8071439784284204, 1.3351466584376726], [-2.172572775574634, -1.9400039588666058, -1.5706468905645516]]",[-64251.26171875],"[[0.7396815905223239, -0.01488933346508199, 0.702104382880903], [-0.699199548927671, 0.29397135579493056, -0.00912763722785084], [-0.28274390774191704, -0.49988927032308533, -0.07995245638169483], [-0.7148411207438178, -2.045366657262824, 1.259250918045713], [0.11994639948309083, -0.35528664641561175, -0.27455709938599265], [0.040654537000850685, 0.5262547136494238, -0.19864914477316947], [0.5343686054794908, -0.44374303119199154, 0.2650201525936005], [-0.4789689122739241, -0.7530487632279828, -1.0921172933366772], [0.6939724933187839, 2.2212564357257345, -0.9246406832768171], [-0.46718147764362794, 0.44097292311869346, -0.7658425796125489], [0.5092254138478659, 0.632891276058965, 1.1355823304637604]]","tensor(-3, dtype=torch.int32)"
"['Bi', 'Bi', 'Bi', 'Bi', 'Bi', 'Bi', 'Bi', 'Bi', 'Bi', 'Bi', 'Bi']","[[-0.1666925573950321, 0.10021505175134185, 2.7502117325218016], [0.009132129568836361, -0.04376185327353784, -2.7188465608896006], [1.9587483348961514, 3.289707812232821, -0.020197262104762748], [2.091357899435316, -3.48460362547676, 0.02896105905377889], [-4.1417729746291565, 0.03117417143546715, 0.027624974057449736], [2.6307499394601277, 0.8047694171501298, 1.1465475870789825], [-0.4477106293235293, 2.754085584083877, -1.2133465765479081], [-0.8493724032629044, -2.7380328951129798, 1.2221178638698154], [2.709493342911073, -0.7723017872765453, -1.1825991320475246], [-1.9200901273091076, 1.833661600134969, 1.4296571051577571], [-2.123416484715129, -1.726896376771633, -1.3080484952361653]]",[-64251.0390625],"[[0.9673657565060954, -1.3083471884214852, -0.3051571519537661], [0.14549587706027217, 0.3895241948974183, 0.7738896227235648], [1.2204580921593922, 1.1683371743570115, 0.3331563779737156], [-0.820440499566234, 0.4559199881659899, 0.23735517016890695], [0.7469866128518715, 0.28826427496116425, 0.23352520136609797], [-0.26446463973828516, -0.21170110005745627, 1.5285962341840171], [-1.4311919940963609, -0.9925949772969298, -0.6309665471712065], [1.04758936157668, 0.5330290599938882, -0.19872303831876684], [-0.6768299106494801, -0.8246236867160911, -0.9377183496068928], [-1.0358527833949545, 0.4625483986145563, -1.182909680889255], [0.09066316383644268, 0.03716758440212087, 0.14461558227455118]]","tensor(-3, dtype=torch.int32)"
"['Bi', 'Bi', 'Bi', 'Bi', 'Bi', 'Bi', 'Bi', 'Bi', 'Bi', 'Bi', 'Bi']","[[-0.09663622571454156, -0.11244307835339709, 2.429642485243686], [-0.12882145571199133, 0.21830847017327432, -2.5528727402700695], [2.0162260939264214, 3.4386735716012504, 0.01646278729945398], [1.9530334668720621, -3.475145306633878, -0.041003560927410754], [-4.008979330561824, 0.06928001535416015, -0.007093452665234943], [2.7952222611863067, 0.9492694215575382, 1.1479485981939472], [-0.5289139141495591, 2.666114856479547, -1.196355042200588], [-0.3333896545537476, -2.625493983176947, 1.3061394698138442], [2.560110957045056, -1.0289327733639273, -1.2719537745383784], [-2.0518876179878536, 1.6948621625822193, 1.1643503962862893], [-2.027247446803515, -1.6052532442828373, -1.1850744081103948]]",[-64251.14453125],"[[1.1216248321467879, 1.497847880304133, 0.8176719341556832], [0.7003529464417619, -1.1713217125521893, -0.3215606449008216], [0.11094506519657348, 0.522465419721053, -0.09902002504921499], [0.771448101815449, -1.0209758580805701, -0.2555306683917347], [-0.9710876874944993, -0.2934429938039683, -0.2071612492804153], [-0.6011494473697973, -1.011094074742057, -0.0014063443252250339], [-0.3372774986590382, 1.0079552702721457, 0.1635211713536011], [-1.6771366590203383, -0.9743627605070916, -0.3440705112227454], [0.1297377313625185, 1.3545298830884571, -0.25782167683780216], [0.3881176464264897, 1.039273895147628, 0.7813432548977723], [0.34402587684725583, -0.9609025138156768, -0.25776701515445494]]","tensor(-3, dtype=torch.int32)"
"['Bi', 'Bi', 'Bi', 'Bi', 'Bi', 'Bi', 'Bi', 'Bi', 'Bi', 'Bi', 'Bi']","[[0.1154554460572611, -0.062018777950996355, 2.7974864271747615], [-0.0012344547679935215, -0.10927013612782979, -2.643355931079792], [2.06535166495233, 3.501428157597493, -0.11280531720704051], [1.7578680785489074, -3.475005318629155, -0.14566381580600993], [-4.03946242775832, 0.22640799728464858, -0.025613524263266258], [2.7751696584434273, 0.8046600851505415, 1.289279955375491], [-0.5917841347303171, 2.7112739718937733, -1.1684740210133062], [-0.5594903707388224, -2.5046114375245883, 1.2481404469354822], [2.544418930347158, -0.7011649796955993, -1.0761915687421213], [-2.000020341955055, 1.8578480786353564, 1.2806641379153645], [-2.025249509519858, -1.7145534034950887, -1.228968509090144]]",[-64251.66015625],"[[0.04044955311719394, 0.5957748103580816, -0.641132694676145], [0.130031711460069, 0.8031261671110602, 0.4404327854687598], [0.028752991607134116, -0.5546952440592944, 0.23106424290736582], [0.5024476736453575, 0.13705890022882158, -0.20733731852197781], [0.23021685826025465, -0.28521525346314797, -0.14299501505847562], [-0.6657031984738675, 0.8876265475381736, 0.8109716356230909], [0.30386455483777397, -0.4101024931934037, -0.3270287672750257], [-0.4947130711627686, -0.17250404510924203, 0.3885433699226626], [-0.037865593015407595, -0.8357647970773455, -1.1212864747842057], [0.3607069976667401, -0.16744040890738918, 0.4508935815584394], [-0.41456521083307796, -0.004258969428878113, 0.12938183906670828]]","tensor(-3, dtype=torch.int32)"
"['Bi', 'Bi', 'Bi', 'Bi', 'Bi', 'Bi', 'Bi', 'Bi', 'Bi', 'Bi', 'Bi']","[[-0.08194761206663226, 0.02479157762561586, 2.5716068412521578], [-0.06849627110248693, -0.16966276775227118, -2.3929828610685027], [1.878972981393618, 3.45058958636387, -0.00014856717348251953], [1.9565023445894225, -3.4766191145093193, 0.08291454753534055], [-3.8579932571057807, -0.04765115890271288, -0.03885311891556521], [2.676404967860299, 0.7727286371712413, 1.3587063670832118], [-0.6204484222956723, 2.7196898011140314, -1.4472091449265245], [-0.6690338386308721, -2.748942459670303, 1.1035329348866114], [2.638447485492423, -0.6378728508414409, -1.3637752008507253], [-2.053122951781127, 1.9394297350049927, 1.2732553972556475], [-1.985957556494365, -1.9268947265608387, -1.3220980411467125]]",[-64251.453125],"[[0.12857420369638678, -0.19844427916032337, -0.4726920746654753], [0.6883500018256631, 1.2263083835182027, -0.9791969513363242], [0.1867663221629964, -0.3208268516540058, 0.06308359350585988], [0.4213757583300132, 0.5705646157411308, -0.4273724483835458], [-0.3421790010061462, 0.1365047243478872, 0.13662818878976563], [-0.676818597789333, 0.27679910257878637, -0.5477800011839067], [0.04382542371369731, -0.49470314669909404, 0.8740757979655819], [0.3141939674834721, 0.20935738396752157, 0.9010487418818209], [-0.10669693194505356, -0.6955691492622756, 0.9792103210801344], [0.3292715417991931, -0.2707637945344787, -0.6783468623510263], [-0.9916436686027398, -0.4351892747905677, 0.14462288421155522]]","tensor(-3, dtype=torch.int32)"
"['Bi', 'Bi', 'Bi', 'Bi', 'Bi', 'Bi', 'Bi', 'Bi', 'Bi', 'Bi', 'Bi']","[[0.1053617275953245, -0.20444323683040744, 2.6573718536253157], [0.04410851025547459, -0.09005207393736364, -2.582204207198966], [2.035412555027618, 3.5607663045410445, -0.08313333874946556], [1.9545653885387408, -3.461263901337048, 0.06996557220232429], [-3.822379807671825, -0.1335554792831025, 0.016915485726184225], [2.67181078261064, 0.5057594534665054, 1.1816422644945241], [-0.6073891110179376, 2.7090417716501074, -1.1817026689384316], [-0.7244610115580139, -2.7854184873424415, 1.1739232287615433], [2.6521142826409787, -0.889550391517178, -1.199554267342496], [-2.1170560408430004, 1.9217170744574656, 1.0979135308995651], [-2.003509609123381, -1.9749314236679985, -1.1148491000410758]]",[-64251.0],"[[-0.3976470341714199, 0.4132728194054522, -0.6890632262358476], [-0.24563726366052505, 0.11725897813304986, 0.47895220009416134], [-0.03737872351013947, -0.952623557071645, 0.3162617526300001], [0.028792159814288953, -0.2009916267329063, 0.02811729628442141], [-1.038299446512228, 0.39837517098816205, 0.2414655950591814], [-0.37328849223518124, 1.578665410532442, 1.3040770979368617], [0.7967631974992185, -0.2699062283132351, -0.8861404490915742], [1.133327985968988, -0.15078679890689906, 1.7549948478783424], [-0.3208146131962103, -0.6618141456878356, -1.5650277576250835], [0.33030425166435085, -0.6342349353118939, 1.2504294582355349], [0.1106772589436361, 0.36710082053352844, -2.223758634701912]]","tensor(-3, dtype=torch.int32)"
"['Bi', 'Bi', 'Bi', 'Bi', 'Bi', 'Bi', 'Bi', 'Bi', 'Bi', 'Bi', 'Bi']","[[-0.03720331258332549, 0.004130610912759244, 2.718434498894758], [0.13839298111786352, -0.2836982475467271, -2.4997057545012575], [1.9639005385404913, 3.424510575784253, 0.012688772785282399], [2.1021885727799745, -3.47522100933895, 0.20820021555944748], [-4.03880909770108, -0.04889932383895726, -0.03776342338530218], [2.4790663724724618, 0.9368949444518727, 1.3911647903979687], [-0.6207204905501771, 2.689008285914333, -1.080923301088031], [-0.5286361036971291, -2.6484563943681083, 1.213017134338777], [2.611486950074338, -0.9087050806794512, -1.1621170465931119], [-2.1044059962853154, 1.6902415197759744, 1.3442149508530947], [-2.1082435476254613, -1.8734975543504773, -1.1978321804178125]]",[-64251.81640625],"[[-0.06958298592665754, -0.28074374264581387, -0.3086174987623135], [-0.7789814382316023, 0.8673893833977157, -0.028079321069791177], [0.0150437951437635, 0.33205476250584354, -0.044183002654111285], [-0.06694991772741435, 0.0013489341310829568, -0.005381162475136836], [-0.13869988201525354, 0.12828541723008563, 0.12124408738614914], [0.2870589925566713, -0.5310986746760562, -0.10729322251899018], [-0.05902860163030632, -0.7061034789429116, -0.31477565418340064], [-0.09249271043269057, -0.099480818411844, 0.451815939615071], [0.4289198933853977, 0.21142717457562113, 0.5456207875585533], [0.06022786765008466, 0.30054078510445725, -0.09871036121373325], [0.4047367007814395, -0.23238959589569302, -0.21078758660057598]]","tensor(-3, dtype=torch.int32)"
"['Bi', 'Bi', 'Bi', 'Bi', 'Bi', 'Bi', 'Bi', 'Bi', 'Bi', 'Bi', 'Bi']","[[0.08799402165785372, 0.011049937964649346, 2.58921943450207], [-0.1164978472179597, 0.10730277031448726, -2.714841846067835], [1.8742266908575005, 3.4334844661578945, -0.06960169705492134], [1.9668211935652276, -3.6366927626731673, -0.07214051054005959], [-3.926828869395152, -0.05006763455315878, -0.09597698216324992], [2.637121398496012, 0.8283530449109486, 1.1716286876826951], [-0.594774862306052, 2.7336831146779117, -1.2335030947716963], [-0.6358778622467591, -2.7428868326152367, 1.2904925293886198], [2.6014021510234513, -0.7672710243595596, -1.3682591427501958], [-2.0628875400448576, 1.7714964862699327, 1.2091431130177972], [-2.017252298623915, -1.9347405764282706, -1.2568809574260909]]",[-64251.80078125],"[[-0.2935673838434951, -0.19826846702921874, -0.4224952172636626], [0.25459170099952344, -0.4457843853834485, 0.6349692427796254], [0.8760812595371176, 0.16706513048305413, 0.3789461050168497], [-0.26608366429161334, 0.9376525293296732, -0.10598015941055007], [-0.37284759922199284, -0.02427443082104475, 0.055411057487805435], [-0.1854567557567836, -0.010893302159731584, -0.08859630428756306], [-0.746048159680576, -0.39622588182648316, -0.36085946416826836], [0.5563885735349525, 0.3354265090506024, -0.24074362889342854], [-0.6002058519893438, -0.5538452368855127, 0.14643299325718667], [0.3304052446522097, -0.06409244352052548, 0.2078633665188191], [0.42747904637938666, 0.24399299086023213, -0.20263980761215916]]","tensor(-3, dtype=torch.int32)"
"['Bi', 'Bi', 'Bi', 'Bi', 'Bi', 'Bi', 'Bi', 'Bi', 'Bi', 'Bi', 'Bi']","[[0.04383204080424931, 0.008965029831748485, 2.513232300486738], [-0.039848356895753764, 0.04871903487613067, -2.539132896527327], [1.9728480508260504, 3.4286548130496284, -0.06396169975318812], [1.9923159584443042, -3.2509482799992413, -0.0250531921862952], [-4.063595090015537, 0.047385701360736304, 0.07965928905474076], [2.5720049819575044, 0.879654194382266, 1.2501769601520636], [-0.4493585174039566, 2.6352934342659395, -1.35052459639968], [-0.6178666067383136, -2.786320883578124, 1.2920572278405402], [2.6848816738668075, -0.768076508242559, -0.8967685868730593], [-1.9620531336679943, 1.908763555997147, 1.2903637943102266], [-1.9780088459113478, -1.862934574351184, -1.1706312407376505]]",[-64251.328125],"[[-0.5839158475984007, -0.27593839960995653, 0.23404441022475944], [0.545280373312308, -0.8065277384689342, 0.14086526629159632], [0.530165877934834, 0.3600489491608185, 0.18070252627995462], [-0.2962264201989851, -1.8489707771205042, 0.6166058996562637], [0.6640607768688714, -0.02911850497627854, 0.03413297651637382], [0.17458180614153615, 1.220678692932261, 1.7203821238163841], [-0.9798608105385941, 0.398966062242483, 0.3372027823599757], [0.22998864701783223, 0.5888863069703145, 0.19205179326791605], [0.11662437810088777, 0.29704999641769575, -2.826988105676033], [-0.04322411434362271, -0.35589625531126706, -0.5385893307561997], [-0.37396952641603814, 0.4559809747666012, -0.08345589490298451]]","tensor(-3, dtype=torch.int32)"
"['Bi', 'Bi', 'Bi', 'Bi', 'Bi', 'Bi', 'Bi', 'Bi', 'Bi', 'Bi', 'Bi']","[[-0.07719111892723912, -0.12144809994816669, 2.5775423417136087], [0.044756995364514905, 0.023860157647563163, -2.567864771929177], [1.8629017320449217, 3.7048108474734462, -0.11620854331831823], [1.9422555682421032, -3.468137409277635, 0.13350445442357045], [-3.9222907628668287, 0.016591282397080354, 0.05590261235680455], [2.453298309182388, 0.7147167087408988, 1.336187352434267], [-0.4508414260735331, 2.7020677117921506, -1.3819183353756304], [-0.5335582955914326, -2.5630812586948637, 1.2855936423078735], [2.5785534155157976, -0.959127406959672, -1.1615889501422014], [-1.9610238325528915, 1.745554362537731, 1.0979359448431047], [-1.8962867019614793, -1.5734829408515156, -1.5502005304565623]]",[-64251.09765625],"[[0.07374827818864556, 1.1253174525429923, 0.5223867439209389], [1.5132400549761273, 0.878915645224888, -0.9806465400979034], [0.785824175957865, -0.7168748644657212, 0.7401078796615042], [0.31840265999075185, -0.3067110247170652, -0.057211602024403424], [-0.3844329450323881, -0.5468765150348841, -0.5187877117314059], [0.42587102615365613, 0.8448109714277187, -0.6212822246643523], [-0.8552625115409141, -0.0321839404059265, 0.10896634311265828], [-1.0509153424599347, -1.0419735549554645, -0.9943680110145336], [0.23700318595205663, 0.45202018816281814, 0.04976955524742832], [0.3644321682469134, 0.8341979659469687, 0.25152452750318016], [-1.4388034920917123, -1.4855004076744627, 1.5011445505951881]]","tensor(-3, dtype=torch.int32)"
"['Bi', 'Bi', 'Bi', 'Bi', 'Bi', 'Bi', 'Bi', 'Bi', 'Bi', 'Bi', 'Bi']","[[0.07594398261176497, 0.03390547434960056, 2.525924291813137], [0.0021913705099571197, -0.059017361626640424, -2.4541063680068005], [2.016568100747141, 3.5671268883661313, 0.005452742017236029], [1.8463640160440116, -3.3918274099795283, -0.015340089556504156], [-4.0306647179961, -0.06738044921063377, -0.05515449266976716], [2.473305396456467, 0.954873071439033, 1.2680939393768051], [-0.477631532555874, 2.64302919907199, -1.2482165736075312], [-0.46612815544527514, -2.669283370060365, 1.0904541453479202], [2.477837475231209, -1.065594613720183, -1.3142102740972896], [-2.0113649394882605, 1.842205379182965, 1.2038605773922835], [-2.082388987507236, -1.7518059974707216, -1.345634980477415]]",[-64251.3359375],"[[-0.824902394452443, -0.2470244774250204, 0.07212544840054057], [-0.004338773943902339, 0.46766438250563536, -0.7610598108748942], [-0.06609677380604645, -0.07154910959813617, -0.006773420746815953], [1.8486200784559434, -2.047780924462404, -0.2668755130798205], [0.037244249598454265, 0.565348358771475, 0.32838415076483435], [0.9168924025178685, -0.2943368640218658, -0.6060350602906076], [-0.32624442611218896, 0.20118137425082855, 0.010341856791860008], [-2.421307912358323, 0.6511507465573394, 1.1549093235832908], [0.9719675194813959, 1.6567483139306414, -0.14819049750313404], [-0.1809067748277018, -0.22999965134542985, -0.07765738559039279], [0.03841896156950418, -0.6363905493908368, 0.2894777849003096]]","tensor(-3, dtype=torch.int32)"
"['Bi', 'Bi', 'Bi', 'Bi', 'Bi', 'Bi', 'Bi', 'Bi', 'Bi', 'Bi', 'Bi']","[[0.08077216350276853, -0.017522792271421967, 2.5416097601252936], [0.01660909327133288, 0.05096126823247395, -2.5971518293474776], [2.0223045517821503, 3.250285180268887, -0.014439589068835808], [2.1911265456944213, -3.4415198954826085, -0.2568995306631404], [-3.981765110533352, 0.00472283027828723, -0.03247866792918201], [2.6546149978390368, 0.7325263155545125, 1.224257973755081], [-0.5492799987756559, 2.6977046610072626, -1.2838573458087597], [-0.5623866689543847, -2.6523020260902377, 1.3278554336400965], [2.739526043902899, -0.7350683258714917, -1.2445426317326267], [-1.9909685894706641, 1.8049175159209696, 1.2962962683434451], [-1.915859200743084, -1.887963413849783, -1.2590253625644925]]",[-64251.82421875],"[[-0.173727839466703, 0.00919223365929092, 0.11590765698847588], [0.20950275422041215, -0.1829299770208318, 0.2472020379072387], [0.20144768926311013, 0.7422259556135953, -0.0999845492209405], [-0.7568298296217012, 0.07048940313490008, 0.47307599200119543], [0.4127376696984016, -0.14689183258033572, -0.01429458041168356], [0.15362175023767682, 0.03860124774193846, 0.6032726655310462], [-0.26693948216174335, -0.28082313835521006, 0.29475060617070115], [0.6508324438104726, -0.23785463294440246, -0.6897132014733915], [-0.38242028436803155, -0.24807672768497768, -0.717283670093765], [0.01894757007461411, -0.0719293245432627, -0.44725120054570633], [-0.08259899716893143, 0.3080155003362118, 0.23603094846659445]]","tensor(-3, dtype=torch.int32)"
"['Bi', 'Bi', 'Bi', 'Bi', 'Bi', 'Bi', 'Bi', 'Bi', 'Bi', 'Bi', 'Bi']","[[-0.17633831465727473, -0.16364244355459848, 2.6149542910459065], [-0.10821532878309117, -0.14366018714975334, -2.7297175835174263], [2.027279049363482, 3.4027992532177445, -0.15627123224820022], [2.0671065056604565, -3.477633331738589, 0.10978475170565567], [-4.042168579828932, 0.013959396360169882, 0.027965035396799905], [2.6298394058221377, 1.0320212022080069, 1.1381732225509213], [-0.6359209655386884, 2.7176543549230168, -1.2639257507421884], [-0.3985562338433104, -2.7223961006874795, 1.2122908168309614], [2.495389303747624, -0.818797091258835, -1.283505262716113], [-1.9619174305220073, 1.7819309118654596, 1.336101004699081], [-1.9767557532213125, -1.7286739447797832, -1.2063982563682691]]",[-64251.52734375],"[[0.9159498355792468, 0.5678927238627464, 0.05067567934974887], [0.4398072357247154, 0.9031817302404697, 0.363758384580969], [-0.41198438747887783, 1.0614116197928027, -0.5329498699728583], [0.8280355424922806, 0.15812185173792814, -0.5779652831610133], [0.3673863159859686, 0.09324501563247435, 0.02249627546311975], [-0.28664797577868967, -1.5130657340856786, 0.5820965339983768], [0.059938309852409846, -0.5807775573494053, -0.012968173270479022], [-1.1488955099732625, -0.0923223490432932, 0.14806075956608314], [0.06578926969841098, -0.09456250104079013, 0.17150100579092473], [-0.2238480779520647, 0.1371333079953347, -0.4731008802935191], [-0.6040439969047138, -0.6412915889391205, 0.2505567637396853]]","tensor(-3, dtype=torch.int32)"
"['Bi', 'Bi', 'Bi', 'Bi', 'Bi', 'Bi', 'Bi', 'Bi', 'Bi', 'Bi', 'Bi']","[[0.1530780879324987, -0.023173589824409827, 2.585517369000569], [0.027509601866740153, -0.1219899267501886, -2.7338379895814398], [2.007903848416433, 3.43171268077123, 0.02805603733845188], [2.173899485847401, -3.6224221911531718, 0.012958333817760695], [-4.0417211063395495, -0.02818063724641927, -0.07376802664532676], [2.520610015951449, 0.7453980378264056, 1.3717756730539827], [-0.39171409932440093, 2.6801940410241842, -1.2494540430526113], [-0.45306238064437676, -2.784062980566304, 1.3242933008028286], [2.690258796409621, -0.8910666283270776, -1.342710243182699], [-2.0580097557190604, 1.8159849380207942, 1.248442871338899], [-2.142937757214528, -1.6440930220892034, -1.3665649963495352]]",[-64251.34765625],"[[-1.7292102684984674, -0.47251975923659795, 0.29249065666794677], [0.34637031284647257, 0.4794389616130371, 0.5617277293034795], [0.6626358707112495, -0.12433913165612762, 0.45624389592083864], [-0.46619684743409545, 0.7396754198713346, -0.0052607422210798555], [-0.23112265840339824, 0.7649606907419889, 0.5430285999221145], [1.4226872943703022, 0.3475914332551715, -1.305396588806749], [-0.9436318901383441, -0.5826560063547437, -0.14594638600458562], [0.1528650227380174, 0.37240788891691073, -0.7773626707887319], [-0.4697740252347078, -0.14850324666411044, 0.5712855534650522], [0.3516113038421774, -0.2321047689304434, -0.4321664785592561], [0.8842774267137091, -1.1391952466180193, 0.23900180838541243]]","tensor(-3, dtype=torch.int32)"
"['Bi', 'Bi', 'Bi', 'Bi', 'Bi', 'Bi', 'Bi', 'Bi', 'Bi', 'Bi', 'Bi']","[[-0.07922379098924129, 0.17689490421773907, 2.6405431355468645], [0.043216888960204675, -0.19555441941298232, -2.337833069392725], [2.1585496368775696, 3.580290466788191, -0.06461645730901244], [2.0154427940230906, -3.448611418953244, -0.07860012808759458], [-3.888870328981486, 0.11510489387324843, -0.1342668738520797], [2.514009726318954, 0.7840715746231722, 1.2321582970498186], [-0.642384086118462, 2.601730454876906, -1.3864360667478268], [-0.6799910787367547, -2.6685279013616965, 1.202658623250991], [2.7153210716966214, -0.9000519942886258, -1.2991727962066935], [-1.9293244483944014, 1.7390038108556911, 1.20837906156801], [-2.056408067740003, -1.8330670243440244, -1.2652306825061672]]",[-64251.43359375],"[[0.6981592800150515, -1.3259196597763796, -0.052402042377036676], [0.3064835333839248, 0.8481693482286672, -1.048111295806195], [-0.7378571347131422, -0.8864685220358408, -0.1331800804390137], [-0.5061386485346315, -0.17912458797779707, 0.389487685212398], [-0.6141119282147386, -0.07222803547323836, -0.06095081083557748], [0.2626684146573797, 0.5246714274497422, -0.17675125276311354], [0.7930623495683615, -0.04989593017969001, 0.5790765145600104], [0.7131899573832533, 0.11913614158609884, 0.2964195615749514], [-0.05486130390674676, 0.32127556082511405, 0.40081139542084526], [-0.5799362919311918, 1.3460642641519975, -0.39716325513385553], [-0.2807098554874641, -0.6273618585516, 0.20978809540657756]]","tensor(-3, dtype=torch.int32)"
"['Bi', 'Bi', 'Bi', 'Bi', 'Bi', 'Bi', 'Bi', 'Bi', 'Bi', 'Bi', 'Bi']","[[-0.11010455283624772, -0.027009240902126988, 2.415250726547954], [-0.0580824442449022, 0.02292606372141878, -2.5791763645949253], [1.7811272409987486, 3.455006884444337, -0.030627971388866106], [1.9869643675498785, -3.575246497618412, 0.103767707560201], [-3.968909414020256, -0.04299852864987956, -0.17464860640304608], [2.6097098809723582, 0.8092307394043412, 1.2107170972439487], [-0.531848461170634, 2.5315522954609824, -1.1818615444101215], [-0.7945663173107042, -2.6657088006511205, 1.1552553499622646], [2.4723066445640867, -1.0016741083525775, -1.279231209335339], [-2.0001936726210414, 1.8327947745029842, 1.2289572487737621], [-2.0695890952565876, -1.8014970906314034, -1.1368492136827262]]",[-64251.4453125],"[[0.6125270993523096, -0.18924029041089777, 0.4756859716813202], [0.14246212792345447, -0.6850810994640599, -0.042787371093224655], [1.5938997193832922, 0.16377231684886728, 0.8650697328466395], [-0.6136079917172758, 0.28884575597272644, 0.12856463918735328], [-0.7885629165553008, 1.0844142640183172, 0.7581740030955458], [-0.4405699281869979, 0.004029682950520776, -0.35850695490067386], [-1.3426446950620716, 0.2736462084557828, -1.0590487746848012], [1.2253478188475286, -0.641956476583222, 1.1651685450739853], [0.18248111358344887, 0.2567962689096485, 0.19648463467238356], [-0.7653777239046852, -0.0941555980301347, 0.03755709131919551], [0.19521636020570773, -0.45591438315800786, -2.150672415942331]]","tensor(-3, dtype=torch.int32)"
"['Bi', 'Bi', 'Bi', 'Bi', 'Bi', 'Bi', 'Bi', 'Bi', 'Bi', 'Bi', 'Bi']","[[0.02207202175906417, -0.15913507928625348, 2.4780863098275767], [-0.06843993281257824, 0.09505166655468418, -2.6346396988487846], [2.1296429901154705, 3.436957659171768, -0.1576405490491581], [2.19584773894747, -3.4812372778688845, -0.09076099945251023], [-3.8004343743682187, 0.20555069862515124, -0.21091671947864993], [2.577604973960674, 0.8425413519137893, 1.198899238816085], [-0.7448894196833035, 2.6606141598969164, -1.2259441209585988], [-0.4285085666037516, -2.892182977765899, 1.1177842028242715], [2.6490685954074995, -0.9855161615133702, -1.4007983291357395], [-1.922284138541024, 1.7701735633325044, 1.2443573479443715], [-2.138717313264596, -1.953045006755309, -1.3180058437494806]]",[-64251.68359375],"[[0.1042698092225796, -0.11227412057549428, -0.1389969474382987], [0.11174755835773723, -0.678971640763697, 0.34042165102647354], [-0.6164737448809087, -0.23668987114807288, -0.12831303089326293], [-0.22239108440929825, -0.5074317598715393, 0.15147066130279271], [-0.7703908636126087, -0.5215146252477787, -0.2836433829677966], [0.05169061774005729, -0.27303078886377924, -0.5080794725370538], [0.9802778437012905, 0.2242395029131552, -0.31829637052746046], [-0.2413497925089481, 0.3932193863982017, -0.17960255631901306], [-0.3038715482422285, 1.0799271723072348, 0.10503913513467564], [0.17658773051189602, 0.21524475065435983, 0.8907787217518951], [0.7278380543901163, 0.4114843076382834, 0.0687728308738487]]","tensor(-3, dtype=torch.int32)"
"['Bi', 'Bi', 'Bi', 'Bi', 'Bi', 'Bi', 'Bi', 'Bi', 'Bi', 'Bi', 'Bi']","[[0.025378499483744626, -0.028758752912216214, 2.6236092467422694], [-0.0630598242507258, -0.027362462803337026, -2.4322495676285447], [1.9741492665141105, 3.484625105945097, -0.0035472899668511806], [1.8830092770793216, -3.5823084525445363, -0.052968739558793165], [-4.011915614304626, 0.12204382914657928, -0.07053740927585293], [2.4987633331178847, 0.7479569901923341, 1.1661755553745372], [-0.5977981357520912, 2.6455135953646236, -1.4370916380210679], [-0.5564623256341491, -2.6588306431594804, 1.3403955710150326], [2.489011770198528, -0.8863968618077258, -1.2635255173014648], [-1.8452325065230606, 1.901166112752599, 1.2462169543219204], [-2.1583260881451487, -1.7244073431378701, -1.2370156529697782]]",[-64251.8515625],"[[-0.20139909538656908, 0.11052294124681099, -0.12774183430001632], [0.010844728852027157, -0.2433210583895845, -0.8304261555297343], [-0.24101308065329644, -0.4541332247499347, -0.10944117470628803], [-0.010971165490798747, 0.3534042893313134, -0.01152783534317463], [0.0029100471248762194, 0.5910774022924462, 0.4731415551679572], [0.4424749624136821, 0.5427195531517317, 0.19759668882484585], [0.11436710254689543, 0.4180895781456398, 0.8665542886304914], [-0.3815376755881895, -0.12584286788013832, -0.49416182634105416], [0.29547864014326014, -0.4215615977689754, 0.0074872982175636016], [-0.4075739146842467, -0.11910863076710469, -0.4251376957056645], [0.3526595431789916, -0.6500971079009095, 0.4585998504685689]]","tensor(-3, dtype=torch.int32)"
"['Bi', 'Bi', 'Bi', 'Bi', 'Bi', 'Bi', 'Bi', 'Bi', 'Bi', 'Bi', 'Bi']","[[0.18480509142061152, 0.14303072004521197, 2.581531153847062], [-0.11108145587344143, -0.06256938434875658, -2.607160514868478], [1.9352734036388144, 3.6004281982680446, -0.007366987979419557], [1.9505795322500987, -3.4889361236873615, -0.11387450777701649], [-4.1026596292796285, -0.08032173768357517, -0.05042310836338353], [2.569098845139073, 0.9618469059704199, 1.3974957607837246], [-0.40437863104596194, 2.5422549322172325, -1.2320000562104072], [-0.4279757139397769, -2.445973761716076, 1.1858194632401484], [2.533617606217322, -0.7484526437455615, -1.2598778571273495], [-1.9800959301105698, 1.971341054597145, 1.3956315653441729], [-2.116576244170705, -1.8631102156017183, -1.2024217988532235]]",[-64251.45703125],"[[-1.4491964110205093, -0.20911929968351617, 0.5638015822568136], [0.3892882703412591, -0.18123561910334207, 0.13206154710301257], [0.6342488192766199, -0.27486563193545965, 0.4163702805137348], [0.25771286769202345, 0.38429600800251634, -0.17488607065740222], [0.476828056335264, 0.7495057811182698, 0.5796555273111768], [1.2279549188905252, 0.38537648899074983, -1.2708553414520836], [-1.21816106732861, 0.33849054579935944, 0.1256645360665464], [-0.4579692099374583, -0.42845730024956347, 0.3317732779765465], [0.0017406516838745362, -0.02497939684332196, 0.26441383471180624], [-0.13559784434082048, -0.7476936666110668, -0.9207490593862063], [0.2561094754545349, 0.002422115753417011, -0.05043379497317588]]","tensor(-3, dtype=torch.int32)"
"['Bi', 'Bi', 'Bi', 'Bi', 'Bi', 'Bi', 'Bi', 'Bi', 'Bi', 'Bi', 'Bi']","[[-0.05857954022793865, -0.0166305705678171, 2.393793394602198], [-0.16312049382479976, -0.12525919110773998, -2.4872419717779164], [2.075815072353328, 3.2809450021560473, 0.028644930055061635], [1.7902299775090604, -3.558835278576521, -0.04146657172769231], [-3.917519249371513, 0.196554399257268, -0.18641374577115583], [2.5186959432710325, 0.8988128437315402, 1.3248320883226765], [-0.6112428255291726, 2.730527012327504, -1.2472836471118978], [-0.6570419593481043, -2.6900815159667277, 1.2981276225844087], [2.5922284392372856, -0.7243507467055379, -1.009179599603632], [-2.102152635488583, 1.9544789019193265, 1.3002337471386876], [-2.0689792052685574, -1.6352866274535351, -1.1607348722642854]]",[-64251.34765625],"[[-0.49740131526627474, 0.21529072200423038, 0.7946245527104963], [1.545232309251279, 1.333330097393662, -0.24454387572730552], [-0.45565362173161666, 1.4959226371954588, -0.9396708464241034], [0.33858397973975635, 0.4698082723476986, -0.1731717095462887], [-1.1373522788558696, 0.7354089289331214, 0.4086154177270642], [0.5011292112173017, -0.8633188106284141, 1.2120176700478058], [0.2185368443792646, -0.34069711917105605, 0.22242517725601435], [-0.14481725971771944, -0.012989184337097727, -0.07576767514699882], [-0.4475081053152292, -1.0589875823958237, -1.0291416862231308], [0.45327555568450795, -0.04739625088599974, -0.30159966881422806], [-0.3817961744425513, -1.9140438913495106, 0.12166436014061482]]","tensor(-3, dtype=torch.int32)"
"['Bi', 'Bi', 'Bi', 'Bi', 'Bi', 'Bi', 'Bi', 'Bi', 'Bi', 'Bi', 'Bi']","[[0.13323104060296712, -0.0154013690157717, 2.7062975033411343], [0.07306242680661648, 0.05355303421819083, -2.5825270328102876], [1.9817570214111255, 3.250045413846416, -0.0261561605745292], [2.194520935237112, -3.4093119813712347, 0.04613673401245305], [-3.976378997691666, 0.17075721690404624, -0.038010464448362924], [2.590101400442515, 0.7229104026851575, 1.4030380394869977], [-0.5362085111638663, 2.4860719636488477, -1.1802808104726608], [-0.5226332739584015, -2.8312915495165796, 1.3097364635906288], [2.6174319911894295, -0.8787591744007348, -1.1116392803765527], [-2.000237953275491, 1.8246532141938527, 1.1646931781465986], [-1.9626960751285267, -1.9453756143279732, -1.044774955665844]]",[-64251.51953125],"[[-1.052819502511062, -0.3158561865937257, -0.19126657792952245], [-0.03233473568947851, -1.263517923204842, 0.25276565110550286], [0.5320540971375723, 0.32538578002702223, 0.2575763420388843], [-0.6176970764395454, -0.827560916587017, 0.43150452197437456], [-0.0771148825242466, -0.8411995979362071, -0.3187131465796988], [0.4399929723194945, 0.22455677721819045, -0.23376770794997906], [-0.09955826008176022, 0.8365006472078244, -0.6940501406770664], [0.6533259010310819, 0.4146198210943336, 0.42838510363298815], [0.09700206790942591, 0.7947438519629568, -0.6062962845158231], [0.3297987210820491, -0.10368549999598063, 1.343919448712286], [-0.1913692678464034, 0.7448402547494126, -0.6720240019706153]]","tensor(-3, dtype=torch.int32)"
"['Bi', 'Bi', 'Bi', 'Bi', 'Bi', 'Bi', 'Bi', 'Bi', 'Bi', 'Bi', 'Bi']","[[0.165976810408625, -0.07694744087961403, 2.444175002077515], [-0.08452208673095107, -0.07277018593018772, -2.504614485472728], [1.9281371822682443, 3.7055930878754486, 0.42065946072720034], [1.8803794918300984, -3.5015996198821893, -0.11529204224552221], [-4.039128689824159, 0.00477878719392156, 0.003964921009847148], [2.643807595759562, 0.7593949246250133, 1.1837680548192748], [-0.7043669411512568, 2.6754668660020813, -1.323166381485036], [-0.711614171433459, -2.637034722235983, 1.2316784870360142], [2.629624851767134, -0.6848095190775787, -1.136380834784373], [-1.8695065680760494, 1.8601842930508445, 1.121002910615562], [-2.025872421900069, -1.7988865698294396, -1.3187112362288558]]",[-64251.30859375],"[[-0.8103139470718103, 0.18522422505866862, 0.31214536277710264], [0.865207544052068, 0.7484572846709976, -0.33876246581962305], [-0.6001194628754932, -0.9885028072491655, -0.48673164264060603], [-0.06935816854227922, 0.6018688424309712, 0.05459272632243572], [0.4575608156861471, 0.158007129051618, 0.04398090354979206], [0.35621759196153696, 1.591672628597056, 1.3396719839479567], [1.085319292830087, 0.2824715763449208, -0.24826925199584512], [0.39732883426873616, -0.21219099832391833, -0.20064283068573383], [-0.3731020871532116, -1.4769211459156162, -1.7885451915283026], [-0.6067811948394021, -0.4965489426762806, 0.8546022518850547], [-0.6980615780410535, -0.38283808886210147, 0.4442106636928004]]","tensor(-3, dtype=torch.int32)"
"['Bi', 'Bi', 'Bi', 'Bi', 'Bi', 'Bi', 'Bi', 'Bi', 'Bi', 'Bi', 'Bi']","[[0.15092711076868576, 0.1376740428529498, 2.530215309323741], [-0.05158557237332702, 0.13880638560112332, -2.61491535703333], [1.9882367788643063, 3.52775762100733, 0.18000008748677837], [1.9636752404070565, -3.4987418024628054, -0.0741380251925579], [-3.9470535396157227, 0.08840006500182174, -0.018417351990606498], [2.675593960543486, 0.7159749322922866, 1.1686943955491294], [-0.6713302196072424, 2.701529145555226, -1.3834142144044843], [-0.5145990390585757, -2.7637027226288033, 1.0989655335751773], [2.5322095352154075, -0.9603750993830923, -1.2509017271658387], [-2.0855508820649997, 1.6224659779046675, 1.2351944392524836], [-2.0738682312558985, -1.8712249289154153, -1.2056892879079806]]",[-64251.39453125],"[[-0.4356347443699065, -0.9071725987678257, -0.07528785561048602], [0.1321021191332675, -0.7613878838191608, 0.15321587566885297], [-0.47272169379022416, -0.5987326090656389, -0.3598214578276781], [0.39707414064915114, -0.6048868049856745, -0.1022229014452322], [-1.187842602134317, -1.231999266393122, -0.7041031595805337], [0.07995574739555583, 0.6751628064405266, -0.029057734348451852], [0.4755117536350545, 0.23181130305380865, 1.0409399709147498], [-0.42508683925709406, 0.5709502814279647, 0.9754040578615428], [0.05806289475047453, 0.6141252979585489, -0.7937123248059054], [1.2902368419886865, 1.6227747664669954, 0.4164722505213337], [0.07881109163703315, 0.38345535964940186, -0.5275392374970382]]","tensor(-3, dtype=torch.int32)"
"['Bi', 'Bi', 'Bi', 'Bi', 'Bi', 'Bi', 'Bi', 'Bi', 'Bi', 'Bi', 'Bi']","[[-0.036175813578455805, -0.28125783930279213, 2.5258938561945623], [-0.08986619285245118, -0.10552562068049548, -2.6392653182439623], [2.122819038289722, 3.416531594602388, 0.009549113864641082], [1.9017236569249474, -3.4951756012191995, 0.05480991414633907], [-3.813106427234914, -0.12224356444697637, 0.11856176553908858], [2.605941524391463, 0.6449118834709193, 1.1635068785193003], [-0.6249226374208502, 2.62832590865351, -1.0690325937529082], [-0.5785314971584776, -2.7149316140402737, 1.239612123104424], [2.659039568146087, -0.8910845575723281, -1.1623256414474878], [-2.029813443041515, 1.7723282382337782, 1.2764309284002464], [-2.332568274826452, -1.9183842405898794, -1.0477472381563824]]",[-64250.94140625],"[[0.3734447639714863, 1.450545212482596, 0.3994699473178542], [0.019617173124513238, 0.07176816770825775, 0.9189292315652666], [-0.4242041276330689, -0.5238363326825181, 0.04033261928094594], [0.6458948945771685, -0.18586098481867697, -0.26926494340916785], [-2.6587972427641566, 1.899935726304215, 1.1335979519497716], [-0.2156573100950888, 0.8964762894987196, 1.1587104445927243], [0.7672520591426975, -0.20355100707491844, -0.9596107908752415], [-0.6288304734870631, -0.9399243573355822, -0.08580603875436643], [-0.617155087594315, -0.6147948135908923, -1.4289978134487344], [0.37705721732692093, -0.08430600492094932, 1.1205136007477907], [2.357443217281396, -1.7571062389585286, -2.0240033493168115]]","tensor(-3, dtype=torch.int32)"
"['Bi', 'Bi', 'Bi', 'Bi', 'Bi', 'Bi', 'Bi', 'Bi', 'Bi', 'Bi', 'Bi']","[[-0.12167255367805858, 0.04328579109688338, 2.451778399982786], [-0.03505231934259491, 0.09699900019913112, -2.504520864388794], [2.1044682417853777, 3.533452716272115, 0.01269532568049105], [1.87033934860109, -3.3735409484084404, 0.02050430636725746], [-3.882026295392108, -0.12270467513028636, 0.02554879107920784], [2.6515243468783054, 0.8561627804983485, 1.1061935078112681], [-0.7214836735893635, 2.6246778880198676, -1.2787195435442076], [-0.6381672325730394, -2.585111460607492, 1.2099310008250534], [2.572533686727722, -0.78115772386842, -1.3667137462361851], [-1.9429875209648704, 1.7210080439599398, 1.3100284330215162], [-1.971456417836462, -1.857628590870004, -1.336886377837907]]",[-64251.609375],"[[1.8782669711342297, -0.9069206305190942, 0.8579282327683093], [0.05268707503065263, -0.33080901091527887, -0.5968145650497856], [-0.7798715546368146, -0.26536812588730774, -0.33430355341472556], [0.5950029647634982, -0.0012446742977461434, -0.3044175994326936], [-0.3592892906019391, 0.17594449156834888, -0.00390690036557671], [-0.3100462101547121, -0.02909791557081078, 0.255901781626652], [0.6165781317268116, 0.6807780988408265, 0.5704108636873132], [-0.3085112607211137, -0.25074373446466225, 0.023923171655685697], [0.05684773930439864, -0.3273630622923732, 0.2951864083968233], [-1.3991364906485684, 1.3560740884985396, -0.8115593901298256], [-0.04630353658217984, -0.09523885581131342, 0.039299652305330335]]","tensor(-3, dtype=torch.int32)"
"['Bi', 'Bi', 'Bi', 'Bi', 'Bi', 'Bi', 'Bi', 'Bi', 'Bi', 'Bi', 'Bi']","[[0.08077216350276853, -0.017522792271421967, 2.5416097601252936], [0.01660909327133288, 0.05096126823247395, -2.5971518293474776], [2.0223045517821503, 3.250285180268887, -0.014439589068835808], [2.1911265456944213, -3.4415198954826085, -0.2568995306631404], [-3.981765110533352, 0.00472283027828723, -0.03247866792918201], [2.6546149978390368, 0.7325263155545125, 1.224257973755081], [-0.5492799987756559, 2.6977046610072626, -1.2838573458087597], [-0.5623866689543847, -2.6523020260902377, 1.3278554336400965], [2.739526043902899, -0.7350683258714917, -1.2445426317326267], [-1.9909685894706641, 1.8049175159209696, 1.2962962683434451], [-1.915859200743084, -1.887963413849783, -1.2590253625644925]]",[-64251.82421875],"[[-0.173727839466703, 0.00919223365929092, 0.11590765698847588], [0.20950275422041215, -0.1829299770208318, 0.2472020379072387], [0.20144768926311013, 0.7422259556135953, -0.0999845492209405], [-0.7568298296217012, 0.07048940313490008, 0.47307599200119543], [0.4127376696984016, -0.14689183258033572, -0.01429458041168356], [0.15362175023767682, 0.03860124774193846, 0.6032726655310462], [-0.26693948216174335, -0.28082313835521006, 0.29475060617070115], [0.6508324438104726, -0.23785463294440246, -0.6897132014733915], [-0.38242028436803155, -0.24807672768497768, -0.717283670093765], [0.01894757007461411, -0.0719293245432627, -0.44725120054570633], [-0.08259899716893143, 0.3080155003362118, 0.23603094846659445]]","tensor(-3, dtype=torch.int32)"
"['Bi', 'Bi', 'Bi', 'Bi', 'Bi', 'Bi', 'Bi', 'Bi', 'Bi', 'Bi', 'Bi']","[[0.08097464357684481, 0.06647120234004195, 2.419062170543168], [0.18386509992662306, -0.05083554937343135, -2.5180838496160627], [2.062426241046861, 3.7349545421489947, -0.08051677580966256], [1.894652865308986, -3.4733070030658357, 0.024363190635159883], [-3.9860332746413083, -0.08484596899595548, 0.10824169441790565], [2.474495846017271, 1.0884811630589644, 1.4590097923911856], [-0.6957416225154953, 2.5696444404898977, -1.3670510368083801], [-0.5627902466201883, -2.740603773846051, 1.1133063041258944], [2.5848197882400052, -0.9576121758771602, -1.128707293058489], [-1.9114163541470703, 1.8384612444031914, 1.2164638019987275], [-2.05484693061881, -1.8092989251325946, -1.2915692690284262]]",[-64251.4140625],"[[-1.1558097244068186, -0.9198599714228255, 0.7688086058547585], [-0.5658970324886105, -0.00020816737392422726, -0.14604115691936356], [-0.824164487438301, -0.9486362880906994, -0.05737111335247787], [0.9227195539354691, -0.7533557531147026, -0.21665602995771355], [0.2050832311376633, 0.3040912748395406, 0.03871719941623733], [1.3290255541076812, 0.46905714985602115, -1.2872209363176463], [0.8164316333068257, 0.44045638820879407, 0.18036900259398075], [-0.94853755767487, 0.525495209356819, 0.5601105045233564], [0.6325596035682879, 0.7965971041434221, 0.31220172138947194], [-0.599748709595217, 0.077345047806149, -0.09510181593725849], [0.18127932788118323, 0.02393794008038685, -0.062381887644188706]]","tensor(-3, dtype=torch.int32)"
