atoms,coordinates,total_energy,forces,charge
"['Bi', 'Bi', 'Bi', 'Bi']","[[0.388470218980335, 0.23676899833960519, -0.11167788144642529], [3.487105721895068, -0.0019476049900020477, 0.18176146964332437], [3.71842526329861, 2.7948253596512806, -0.06375378565793556], [6.968478733448163, 2.8268357581872356, 0.20065852656769356]]",[-23374.1953125],"[[0.16578317774001863, 0.039592670809768325, 0.00943874088189676], [-0.1617276716435493, -1.3695564466893329, 0.11732356428007164], [0.4216679386543584, 1.342935744100402, -0.09453745848219172], [-0.4260382507954672, -0.01713787754792442, -0.03296036256666028]]","tensor(-6, dtype=torch.int32)"
"['Bi', 'Bi', 'Bi', 'Bi']","[[0.32990695003173337, 0.11550178545448342, -0.12805513180883515], [3.526004454475035, -0.03868944637349164, -0.00972076071808519], [3.701976296755239, 3.000726063195865, -0.010158100525792385], [6.917221461993762, 2.730243615276383, 0.028833608881322095]]",[-23374.328125],"[[0.33443894778185, -0.04699857814078253, 0.021244795451553278], [-0.33938153638012863, 0.2753272480515539, -0.019066591647780174], [0.42767254770999413, -0.2930538828369988, 0.0016358539754598184], [-0.42294660038353293, 0.06267669049520445, -0.0026466585438262922]]","tensor(-6, dtype=torch.int32)"
"['Bi', 'Bi', 'Bi', 'Bi']","[[0.2982233001326311, 0.3495388917578103, 0.026560181415381832], [3.412743642554284, -0.008141934744798029, -0.027550078496088114], [3.857984100516388, 3.022471426746768, 0.08224487710863661], [7.051029760072817, 2.8316597087947804, 0.062176722023137745]]",[-23374.380859375],"[[0.22228752031686047, -0.019226833169555032, -0.007356506127635372], [-0.18104499740986302, 0.2322732277024524, 0.016346517269587288], [0.3079048914172278, -0.257330698707417, -0.01238693394274725], [-0.35015004226581, 0.04734517846464463, 0.002786245868297996]]","tensor(-6, dtype=torch.int32)"
"['Bi', 'Bi', 'Bi', 'Bi']","[[0.18222718844698874, 0.2695825145492856, 0.09004131169472042], [3.460140560039188, 0.28077729919249045, -0.026864389925073024], [3.828921258833215, 3.0943815292173658, -0.07866222359404064], [6.88360426855802, 2.6764921995904083, 0.1380321571793639]]",[-23374.2265625],"[[0.45190160881963976, 0.006721175901772869, -0.03589743817131164], [-0.4899302510030223, -1.186009404569567, 0.06197405903588487], [0.14644482033824957, 1.238767956307513, -0.006878841176759678], [-0.10724982227369846, -0.06191312385736514, -0.023922729425698126]]","tensor(-6, dtype=torch.int32)"
"['Bi', 'Bi', 'Bi', 'Bi']","[[0.2784100929043118, 0.1593888052230078, -0.12137642212414101], [3.5536734386057263, 0.14688984609275657, 0.025325528255607185], [3.7906781286733358, 3.154707855739101, -0.27394503370811496], [6.809743623270951, 2.6825696611888925, -0.007790986961622883]]",[-23374.322265625],"[[0.4042208857808222, -0.07368045244985438, 0.02290610439078596], [-0.4319613044138605, 0.23550993983472782, -0.037234386841289636], [0.002577427439272302, -0.15339724138584798, 0.019516843481635723], [0.022443495828324257, -0.01297131516027443, -0.004803411622097703]]","tensor(-6, dtype=torch.int32)"
"['Bi', 'Bi', 'Bi', 'Bi']","[[0.16763245979952088, 0.04489576122912872, 0.012829675312982165], [3.489122141680078, 0.002097088127107266, -0.031383236990583124], [4.100198876844268, 2.898747492206308, 0.06995819238018136], [6.723012237552963, 2.9138219236415956, -0.05250000293893106]]",[-23373.533203125],"[[0.6154303906427944, -0.031080139499162426, -0.01126401944454369], [-0.5744778369102044, -0.5667331556976661, -0.02381893907605742], [-4.115691026672953, 0.7422274982763426, 0.2275609586523509], [4.079816404483673, -0.1472161002898256, -0.1948503891799483]]","tensor(-6, dtype=torch.int32)"
"['Bi', 'Bi', 'Bi', 'Bi']","[[0.38985077481704056, 0.24723340191804732, -0.1700612204186844], [3.337212767338286, 0.15262600772830506, 0.17976838126858763], [3.937792762748342, 3.120207092843028, -0.017977905537193226], [6.850161855022394, 2.6970572677892015, -0.012303616921454402]]",[-23374.240234375],"[[-0.6110569417540993, -0.018154960239451633, -0.05725011717099523], [0.5786008602129153, -0.01489332381938843, 0.060637136076952675], [-0.6508787236928927, 0.10888442772077478, -0.017681110807771017], [0.6856719392962892, -0.07492445568930545, 0.014522040891568968]]","tensor(-6, dtype=torch.int32)"
"['Bi', 'Bi', 'Bi', 'Bi']","[[0.35492568690400683, 0.24392293997823908, 0.12444809984881487], [3.2941019761061234, 0.016317287511887973, 0.01780108535791341], [3.617386531795146, 2.9134824775814496, 0.06374300703985411], [6.868680744217088, 2.7506130937865074, 0.1518155821316077]]",[-23374.228515625],"[[-0.6568673404780476, 0.09142770749402197, 0.01183663528751786], [0.6180462324413589, -0.6639836437315046, -0.025897743976810567], [0.4610987070087939, 0.5057735516844288, 0.03523730192847199], [-0.42176337805632685, 0.06930150139736045, -0.024331607044670148]]","tensor(-6, dtype=torch.int32)"
"['Bi', 'Bi', 'Bi', 'Bi']","[[0.3137677995999093, 0.14177868406556648, -0.11329408633640728], [3.5040536604273207, -0.06735469767903277, 0.05397489840865413], [3.8417851789337902, 2.8683219490116234, 0.057059654436643195], [6.940982225697761, 3.042548348962661, 0.1120933044775949]]",[-23374.353515625],"[[0.43622244745454963, -0.0036615573391241938, 0.030177846342664422], [-0.380711168310259, -0.4092726434795205, -0.024492553049099624], [-0.005647950570660975, 0.452226442172137, -0.00437995532594245], [-0.04724165550988013, -0.04087677299623178, -0.000543700172438121]]","tensor(-6, dtype=torch.int32)"
"['Bi', 'Bi', 'Bi', 'Bi']","[[0.3064683156994608, 0.28746916952698076, 0.016400621766464268], [3.2842854762295635, 0.023481943051927398, -0.06516280263096422], [3.839455494532373, 3.009066194703972, -0.04121744703537679], [6.795346581796539, 2.740825932763169, -0.1314822727817687]]",[-23374.26953125],"[[-0.45779540326792517, 0.008171705687627992, 0.010293005804861062], [0.43314442389688335, -0.005247768427374767, -0.010350495703245085], [-0.5439449415940316, 0.02165068030479547, 0.01438836916451238], [0.5688265490457999, -0.02461515874204866, -0.014417787743104062]]","tensor(-6, dtype=torch.int32)"
"['Bi', 'Bi', 'Bi', 'Bi']","[[0.23523065014390715, 0.45466583631059576, -0.14601853821235314], [3.3849250854801913, -0.08998914031524596, -0.06115458963166259], [3.9493003898053742, 2.9722424355747337, 0.007961038784363463], [6.787531267065946, 2.829715231001478, -0.005874319171287114]]",[-23374.154296875],"[[0.34419356428789116, -0.13801915636694614, 0.012418321987446362], [-0.3538793266133095, 0.4373372269778656, -0.006093353301280732], [-1.4649727087165898, -0.25540694683939846, -0.003974091555757808], [1.476399725907017, -0.04517075932681165, -0.0017639880574743907]]","tensor(-6, dtype=torch.int32)"
"['Bi', 'Bi', 'Bi', 'Bi']","[[0.44938254645131825, 0.4361172051701184, 0.12455595611301512], [3.240152034593381, -0.06670203448286552, 0.0716431031284721], [3.765718648847991, 3.179698338347956, 0.0739921859216583], [6.896170937625351, 2.958852551194293, 0.05871029944707578]]",[-23374.080078125],"[[-1.4525115932645323, 0.16070452628742507, 0.026613503496109962], [1.3777392441221143, 0.6169740818319611, -0.02536096418945699], [0.15407596157258388, -0.9336549759304121, 0.00010565393766158027], [-0.08050010165699882, 0.15780498880962554, -0.0016019179661230243]]","tensor(-6, dtype=torch.int32)"
"['Bi', 'Bi', 'Bi', 'Bi']","[[0.2319923214506764, 0.24124532727346953, 0.07215890639215539], [3.4095963303423398, 0.3267139146262523, -0.0906208029457798], [3.90959022397103, 2.879573270455959, 0.11933381341202892], [6.9968090353993935, 2.8868173827879016, -0.0043005439643197555]]",[-23373.576171875],"[[0.2997353608840736, 0.1322380791433993, -0.008029719008363266], [-0.7627382279439948, -4.413893392162907, -0.3658757920458696], [0.49649901182535844, 4.435607912994397, 0.38179524884490296], [-0.03427109111214273, -0.15287150192155619, -0.007933338582118924]]","tensor(-6, dtype=torch.int32)"
"['Bi', 'Bi', 'Bi', 'Bi']","[[0.6127005419086218, 0.2956170675922528, 0.1449460384835034], [3.5433636062752827, -0.05080714149175315, -0.04523001756492801], [3.770997164259404, 2.9375255372235674, 0.007355956858541185], [6.91849914710673, 2.7297565267985635, 0.02451810766528376]]",[-23374.23046875],"[[-0.6891151625483413, 0.024465150216497793, 0.024294644845243997], [0.553108872534118, -0.03681235030908284, -0.027108554256148127], [0.21932766472564014, -0.09492353554575812, 0.012889410052809249], [-0.08190608448492007, 0.11107058652211498, -0.012733883936832079]]","tensor(-6, dtype=torch.int32)"
"['Bi', 'Bi', 'Bi', 'Bi']","[[0.43857488417050094, 0.4208189393117334, -0.08041165387922314], [3.4034633830725185, 0.017370203295856153, 0.04457673894949877], [3.7298847625412903, 2.983562007385122, -0.009300931201983935], [6.813087665833763, 2.9655158024744224, 0.01585728819074367]]",[-23374.287109375],"[[-0.4053213699626795, 0.0239394930275525, -0.008720086298841528], [0.3273700556968278, -0.1846839331424603, 0.012704748179744076], [-0.050376263937118596, 0.10484563380406824, -0.006886564774914669], [0.12962002619489685, 0.05790158364919485, 0.003955065896094924]]","tensor(-6, dtype=torch.int32)"
"['Bi', 'Bi', 'Bi', 'Bi']","[[0.37007273458143725, 0.34430429715851096, 0.013546839716072888], [3.5565789704975543, 0.21323882540240272, -0.13234593732994215], [3.88568395459759, 2.925641115886124, -0.13496585664789607], [6.916853458895648, 2.685341694218165, 0.14122500496171767]]",[-23374.01953125],"[[0.26748183096161476, 0.00021202613909831978, -0.034788973280841455], [-0.423803498117586, -2.291192022934341, 0.03960016300851122], [0.015388199744315226, 2.3593844012384593, -0.0017380764655283182], [0.14068786007565276, -0.07011571879540394, -0.005006719659789916]]","tensor(-6, dtype=torch.int32)"
"['Bi', 'Bi', 'Bi', 'Bi']","[[0.3307652173790942, 0.21190491853522217, -0.11138193157181156], [3.237082420750048, 0.13934106154928233, -0.19906157706602207], [4.034550354812801, 3.2548499769959514, -0.1192431483233698], [7.038095179296056, 2.893699227137206, -0.1265975504567165]]",[-23374.2734375],"[[-0.8943936947898172, 0.012588986767184047, 0.020900133740543662], [1.020170588126461, 0.41204234017608604, -0.014835155149395582], [-0.3090271785659141, -0.40922559226572686, -0.00498385482676983], [0.18358468309080084, -0.01614276237391926, -0.0017523754065333673]]","tensor(-6, dtype=torch.int32)"
"['Bi', 'Bi', 'Bi', 'Bi']","[[0.29211261315785314, 0.03865934929918066, -0.01856093432307185], [3.4267049665014073, -0.030361783709540378, -0.05707423549414283], [3.668946470843543, 3.0976366822266037, 0.04478642270735272], [6.967011791738556, 2.9061285110563784, -0.061808119398664825]]",[-23374.328125],"[[0.21199487446664048, -0.01776412663241428, -0.002837567686797257], [-0.18345119134106477, 0.5181937865736819, 0.022286319063207438], [0.5849987968470299, -0.5734766487871839, -0.04596213503177626], [-0.6122792448709045, 0.07364512547294041, 0.027520146961555456]]","tensor(-6, dtype=torch.int32)"
"['Bi', 'Bi', 'Bi', 'Bi']","[[0.19288232840621694, 0.28387500053516246, 0.12516814401742843], [3.408370148836486, 0.08736081163331268, -0.11631315191423905], [4.006912517799115, 3.1103871924160327, 0.010218669110636075], [6.8030702709087585, 2.703838365305362, -0.10176400573203803]]",[-23374.166015625],"[[0.36396520423329504, -0.09998624614996256, -0.037412255856057376], [-0.34566762996506145, 0.3027792915950237, 0.04693145688464598], [-1.5105223974362385, 0.03671260173584016, 0.05754240033952365], [1.4945301269555311, -0.2422616604588979, -0.06846810355915844]]","tensor(-6, dtype=torch.int32)"
"['Bi', 'Bi', 'Bi', 'Bi']","[[0.40634241528196546, 0.10771563322330402, 0.12666410032358688], [3.4762753617287325, 0.04122128536749181, 0.016158932990809633], [3.899723491028528, 3.0799973688404663, -0.006029372230136067], [6.953302836313675, 2.7864036966538883, -0.11092370498781523]]",[-23374.3671875],"[[-0.07625654497162933, -0.02996531369596406, -0.0021226669164272093], [0.08615894856886513, 0.20204490543469514, -0.00029847500541950076], [-0.043396681740748774, -0.18297137180455197, -0.0003043503393369098], [0.03492567376909198, 0.009997308209451864, 0.0026429160440012574]]","tensor(-6, dtype=torch.int32)"
"['Bi', 'Bi', 'Bi', 'Bi']","[[0.22484570184092895, 0.26034182917994764, 0.0007737981892097774], [3.436572998801748, -0.0633751117011211, 0.12357455539198005], [3.871944699492833, 3.0078775732122343, -0.02097594221413214], [6.871339206635368, 2.7702251189958513, 0.035294713866506976]]",[-23374.32421875],"[[0.4234475029775926, -0.09402097499438392, 0.025450099242998014], [-0.41195564252968586, 0.45172415118160464, -0.04453588161535504], [-0.3298137363327898, -0.34366479092019625, 0.014334463385911335], [0.31919641139634736, -0.012610856582732102, 0.006287903642556323]]","tensor(-6, dtype=torch.int32)"
"['Bi', 'Bi', 'Bi', 'Bi']","[[0.312300151340107, 0.024378388537303897, 0.049939625485776656], [3.3449227005716886, 0.07128705526364398, 0.09148166131214097], [3.8154055808616794, 3.1844610133852314, -0.16474570583181142], [6.924495470733528, 2.597683207347033, 0.1307216146122577]]",[-23374.333984375],"[[-0.2637306408031031, -0.05365694709990223, -0.006314149478097652], [0.2748111759404787, 0.531713682891327, -0.03361035323083162], [0.355803438435969, -0.580184146412597, 0.08618018589268678], [-0.3664597413178275, 0.10439913578289788, -0.046780620463420707]]","tensor(-6, dtype=torch.int32)"
"['Bi', 'Bi', 'Bi', 'Bi']","[[0.2119084027842681, 0.3827189856564668, 0.07010165317615749], [3.4991177559952678, -0.023923326026564027, 0.04058266441117422], [3.7270716643220925, 3.1493951196145824, 0.0568162848066932], [6.851398798398294, 2.7175477675354225, 0.003553753399428104]]",[-23374.240234375],"[[0.5227328145972577, -0.1503850381054014, -0.005013087771610915], [-0.5731146372624758, 0.9128521687825978, 0.01217407219466079], [0.26612644747180614, -0.8401248762222302, -0.014073218591859286], [-0.21593576072098278, 0.077952496973958, 0.007245382987735664]]","tensor(-6, dtype=torch.int32)"
"['Bi', 'Bi', 'Bi', 'Bi']","[[0.21330564756034687, 0.2184479055135598, 0.03503096443198415], [3.2760925720099823, 0.010654491834991725, 0.11837448374858166], [3.734428920429931, 3.0950866812424422, 0.058427235978553926], [6.753256562779017, 2.64631112166867, 0.03627800236159704]]",[-23374.326171875],"[[-0.12032034093304486, -0.06378992735577306, 0.0069072107446831715], [0.09114041226837659, 0.4732956157543244, -0.01645019963283568], [-0.10407486807340803, -0.4442461963580807, 0.00663910624361464], [0.1331060840492332, 0.03351254327044142, 0.00480131565764499]]","tensor(-6, dtype=torch.int32)"
"['Bi', 'Bi', 'Bi', 'Bi']","[[0.32990695003173337, 0.11550178545448342, -0.12805513180883515], [3.526004454475035, -0.03868944637349164, -0.00972076071808519], [3.701976296755239, 3.000726063195865, -0.010158100525792385], [6.917221461993762, 2.730243615276383, 0.028833608881322095]]",[-23374.328125],"[[0.33443894778185, -0.04699857814078253, 0.021244795451553278], [-0.33938153638012863, 0.2753272480515539, -0.019066591647780174], [0.42767254770999413, -0.2930538828369988, 0.0016358539754598184], [-0.42294660038353293, 0.06267669049520445, -0.0026466585438262922]]","tensor(-6, dtype=torch.int32)"
"['Bi', 'Bi', 'Bi', 'Bi']","[[0.5317084484485608, 0.3806581051655002, -0.05979334803834094], [3.5661271185663126, -0.14454664505768336, -0.1314606482356096], [3.897469401972658, 3.0967589223964085, -0.19684560458010122], [6.8200990594178705, 2.7624768394230856, 0.021516311716518053]]",[-23374.10546875],"[[-0.15426889726018392, -0.15528864875826404, -0.012144288519218907], [-0.056249494690982074, 0.9807180168051967, -0.01764354182766425], [-0.5680516181257219, -0.9056731305774159, -0.005541496556676535], [0.7798093339060054, 0.07996834580799239, 0.032518322840829714]]","tensor(-6, dtype=torch.int32)"
"['Bi', 'Bi', 'Bi', 'Bi']","[[0.21999653860838797, 0.44718520429222686, 0.12706312315433466], [3.35750185215942, -0.11234755111586386, -0.021412776955598022], [4.010309073326486, 3.080508765379022, -0.04555486051518588], [6.920183937468206, 2.714156666811742, -0.011463262632684027]]",[-23374.224609375],"[[0.3188047807468905, -0.15172165253178416, -0.021772915758685146], [-0.28869910016754646, 0.8666669030110471, 0.018597416484223982], [-0.7685730926753321, -0.6904084281515239, 0.00228109683791578], [0.7405403394516737, -0.026970650490954675, 6.279413855236822e-05]]","tensor(-6, dtype=torch.int32)"
"['Bi', 'Bi', 'Bi', 'Bi']","[[0.13507403779368582, 0.21775917308420684, -0.06361335972964562], [3.3464023296002834, -0.08577816976785373, 0.03270324473611084], [3.7816431279971767, 2.98591404774607, -0.05302125792775685], [6.98744401013894, 2.850861399123804, 0.011291191988252307]]",[-23374.373046875],"[[0.4927088437214308, -0.0414335354083725, 0.019246059889595987], [-0.4139061338853248, 0.38353398402742434, -0.028715227223079353], [0.3369020145463369, -0.3666564308181128, 0.020464778886618216], [-0.41650706327733183, 0.027110091776686298, -0.010602602791623752]]","tensor(-6, dtype=torch.int32)"
"['Bi', 'Bi', 'Bi', 'Bi']","[[0.3437627321673536, 0.19779083393371177, -0.028547575319820793], [3.542108272029499, 0.1897527114386334, -0.11017667375109191], [3.8616362622653844, 3.0296044504092183, 0.0280689868264719], [6.905257843554002, 2.726289558340136, -0.1792691899594708]]",[-23374.2578125],"[[0.2845919662911329, -0.0025697660618481197, -0.005218529826103609], [-0.3162982108929288, -0.9847453950175729, -0.048443883442133344], [-0.00721966165752843, 1.035774621815756, 0.04870525679141434], [0.03978083966947911, -0.04885742504481147, 0.004710448193838709]]","tensor(-6, dtype=torch.int32)"
"['Bi', 'Bi', 'Bi', 'Bi']","[[0.39759194455739655, 0.23035246939743664, 0.014569690255156633], [3.387367762438828, 0.00940982869202918, -0.32133071904734245], [3.8237218196865745, 3.0089789915283323, -0.030513929406322464], [7.105430237896083, 2.92723903984675, -0.19162268688644385]]",[-23374.341796875],"[[-0.21899300975365157, 0.059153197358199426, 0.026336739514819723], [0.2733661123229584, 0.02751358550267012, -0.02222471025528803], [0.48534273194708866, -0.13427043446883016, -0.028930716640045435], [-0.5376123110162209, 0.04830402049525078, 0.026798695016718388]]","tensor(-6, dtype=torch.int32)"
"['Bi', 'Bi', 'Bi', 'Bi']","[[0.042646896597521744, 0.29923328134608895, -0.018497196141236936], [3.353748254412851, 0.10490925616908273, -0.012561164239040494], [3.943408165304031, 3.1108073786279067, 0.11160901819820722], [7.012075329268681, 2.874973830656431, -0.014086564905392524]]",[-23374.369140625],"[[0.6399417590352023, -0.042854204385648374, 0.0041293821585555515], [-0.5233195406621608, 0.15781352487682743, -0.004761577179494553], [-0.04589644845199473, -0.06541219150087069, -0.00493589961260617], [-0.06914882920746585, -0.050677011181920736, 0.006649832891917778]]","tensor(-6, dtype=torch.int32)"
"['Bi', 'Bi', 'Bi', 'Bi']","[[0.26485075965812094, 0.25266579735330424, -0.0613614594976383], [3.3764181053576476, 0.08112070003216529, -0.10912883120830036], [4.009762187820292, 2.9986913844018477, -0.19136418115139833], [6.880850741245614, 2.916815647795453, -0.0758619242425889]]",[-23374.2265625],"[[0.12877212732686985, -0.0022269108089156336, -0.00804451314411021], [-0.0939681130842419, -0.3635850921323517, 0.023407392650532512], [-1.1928835097716923, 0.4622739074897138, -0.05940300587908456], [1.158811231892217, -0.09918899804213976, 0.04249466626354529]]","tensor(-6, dtype=torch.int32)"
"['Bi', 'Bi', 'Bi', 'Bi']","[[0.26939532905345154, 0.08027207843610748, -0.11778086401125865], [3.397066869864951, 0.11242138566362204, -0.06719220785635326], [3.8096276238656945, 3.118615705433598, -0.07421875847869816], [6.875849762290987, 2.932142422006351, -0.14865934638987846]]",[-23374.384765625],"[[0.1486920171622927, -7.331509848919385e-05, 0.008168985458983525], [-0.09816333300352822, -0.003466353937285563, -0.008094989069203017], [-0.04166279566146314, 0.024751252449618566, -0.0047874337498026364], [-0.008637620690578149, -0.019037142215933545, 0.007368029818357965]]","tensor(-6, dtype=torch.int32)"
"['Bi', 'Bi', 'Bi', 'Bi']","[[0.4322297080610217, 0.25381305076096294, -0.14558003333646047], [3.3598253014281516, 0.01659160960166914, 0.005577956629073903], [3.6711399236886524, 3.0415498292780687, -0.2501039430779525], [6.875982455893288, 2.6828034085065218, 0.05591599523978964]]",[-23374.236328125],"[[-0.7673903845690417, 0.027773714437334927, -0.04239638836212173], [0.6867641445214026, 0.18274640015389892, 0.01554074852119004], [0.45152365644654263, -0.34360421569631755, 0.07731738272088012], [-0.37078901862985725, 0.1325363786966423, -0.05126535704270856]]","tensor(-6, dtype=torch.int32)"
"['Bi', 'Bi', 'Bi', 'Bi']","[[0.37007273458143725, 0.34430429715851096, 0.013546839716072888], [3.5565789704975543, 0.21323882540240272, -0.13234593732994215], [3.88568395459759, 2.925641115886124, -0.13496585664789607], [6.916853458895648, 2.685341694218165, 0.14122500496171767]]",[-23374.01953125],"[[0.26748183096161476, 0.00021202613909831978, -0.034788973280841455], [-0.423803498117586, -2.291192022934341, 0.03960016300851122], [0.015388199744315226, 2.3593844012384593, -0.0017380764655283182], [0.14068786007565276, -0.07011571879540394, -0.005006719659789916]]","tensor(-6, dtype=torch.int32)"
"['Bi', 'Bi', 'Bi', 'Bi']","[[0.2969617069378818, 0.28726300306800107, 0.09566394014605298], [3.268265693900524, -0.0552549011500679, -0.14920851202588353], [3.7862838976785533, 2.9566079009686828, 0.06996284359648877], [6.87984377220965, 2.736539261328816, -0.08575869696998986]]",[-23374.3359375],"[[-0.3559674749081023, 0.02895010791077944, 0.0225351865598167], [0.3523646374837927, 0.1369298307789612, -0.009383246160665956], [0.03671164014272765, -0.2149816752338476, -0.017488838465152323], [-0.03216999473469059, 0.049622616620744645, 0.005256433049805633]]","tensor(-6, dtype=torch.int32)"
"['Bi', 'Bi', 'Bi', 'Bi']","[[0.3489979175251717, 0.36270775572939573, -0.041301928683529346], [3.2643526328941315, 0.08642677268348271, 0.010214155045463448], [3.6872478021778035, 3.035275625449703, -0.007089504818418676], [6.98944786632509, 2.758493822410179, -0.09871596672333084]]",[-23374.232421875],"[[-0.768557151826943, 0.12295186646954072, -0.005736771949443374], [0.7615740317906726, -0.31520425731670193, 0.009609580496745809], [0.5543070072678817, 0.09388259814594796, -0.02695158832160677], [-0.5470765469711218, 0.09869303196887153, 0.02583204711261072]]","tensor(-6, dtype=torch.int32)"
"['Bi', 'Bi', 'Bi', 'Bi']","[[0.4611782944150864, 0.3603130896011846, 0.10767804478143045], [3.4805175217183733, -0.11787615362395848, 0.02158710473183551], [3.8559789872291246, 2.995601999902727, -0.07552154067003247], [6.890182278479364, 2.703557511932593, -0.12027948795790692]]",[-23374.2734375],"[[-0.17233203821291415, -0.07463664624274428, 0.002159378176046459], [0.06581714047204615, 0.60104557474481, -0.02301345314916385], [-0.14286512285515, -0.6048760063464431, 0.027114400947960523], [0.25025507032839805, 0.07803317823564362, -0.006800921281391781]]","tensor(-6, dtype=torch.int32)"
"['Bi', 'Bi', 'Bi', 'Bi']","[[0.1821935849146159, 0.18068761089655322, -0.13750483737091562], [3.4162696056572646, 0.028958378615763017, -0.12747886818361737], [3.767999404530302, 2.9617330328338802, 0.1094837950697363], [6.678182921611227, 2.7838715073374134, 0.09096065189720257]]",[-23374.236328125],"[[0.4004560173459508, -0.0715659760441737, -0.00048052607605108416], [-0.4219580620950406, -0.23780187387844362, -0.024078070422145617], [-0.8539795303560471, 0.39491616115399564, 0.03185450991844224], [0.8762596941948928, -0.0868862112100505, -0.006947422820297041]]","tensor(-6, dtype=torch.int32)"
"['Bi', 'Bi', 'Bi', 'Bi']","[[0.4267354106252186, 0.43117535843502663, -0.10154350174026124], [3.3282458741309138, 0.06310924521479176, 0.05594318098080705], [3.874022148002123, 3.020484290706035, -0.12018415426119966], [7.091999543135013, 2.8079968693868826, -0.07794850514404938]]",[-23374.28515625],"[[-0.7378684475732893, 0.13419870065107908, -0.03600185072826044], [0.7456789490630471, -0.2033677901626266, 0.044155682096855976], [0.36332541056988354, -0.0005667084730937088, -0.003206569016413411], [-0.3735818552676328, 0.07151254849102431, -0.005657571643995188]]","tensor(-6, dtype=torch.int32)"
"['Bi', 'Bi', 'Bi', 'Bi']","[[0.3811131528493513, 0.14878366150445646, 0.037204723066669186], [3.3851087177087678, 0.0027547480888656696, 0.06603591129257701], [3.9029557891998325, 3.0480543880995894, -0.1681723541556214], [6.787919254366116, 2.58639301409696, -0.03250597681204551]]",[-23374.2265625],"[[-0.4402632468328277, -0.07015978752788614, -0.00020232649280817539], [0.3742045767966404, 0.35253777566613526, -0.023624923524534238], [-0.7519401029335646, -0.21245088557475272, -0.007349965237586671], [0.8197668701665642, -0.07135586537798665, 0.030953173212847587]]","tensor(-6, dtype=torch.int32)"
"['Bi', 'Bi', 'Bi', 'Bi']","[[0.2574557362277813, 0.25780254384714607, -0.04094732807548368], [3.5100551835367275, 0.05739168606829277, 0.01718065520916768], [3.837833750995989, 2.9419554087061726, -0.0644633925870099], [6.8890448760349265, 2.723819934699271, 0.05917994166911218]]",[-23374.283203125],"[[0.46424337359714496, -0.046866495356355696, 0.007859697004770303], [-0.4750183072442735, -0.5927038830490532, 0.011793579570239736], [-0.07470308358506285, 0.685802551408897, -0.018598192957806806], [0.08612639838489636, -0.04735049550891378, -0.0015087550201487083]]","tensor(-6, dtype=torch.int32)"
"['Bi', 'Bi', 'Bi', 'Bi']","[[0.3273083411847895, 0.16246034278849641, -0.07329926400043166], [3.4318943166586857, 0.14138448986635857, -0.2159585133943881], [3.7245539117033366, 2.930131772123392, 0.23259626453351678], [6.91694594425025, 2.6286587940733974, -0.014677511320499775]]",[-23374.21875],"[[0.022040686016158422, 0.03426403600117826, 0.004103003654017953], [-0.054351556712935664, -1.1671909759357415, -0.19406825916704937], [0.4436982939723188, 1.1006502752131035, 0.1537236688231841], [-0.4109363538304299, 0.033495609975684834, 0.03577324353573284]]","tensor(-6, dtype=torch.int32)"
"['Bi', 'Bi', 'Bi', 'Bi']","[[0.4920942087563059, 0.39545351144606566, -0.09590227903853288], [3.445259173696347, 0.13662220790478521, -0.058555201918693844], [4.058644489059282, 2.8284581685886603, 0.21209315012314064], [7.024009929334766, 2.72972204071307, -0.0412464393422898]]",[-23373.9921875],"[[-0.578576177608958, 0.11570865349406964, 0.0075362571909548615], [0.3084227633015082, -2.0642637616967643, -0.2081264933614229], [-0.2795853571888399, 2.0277201380960577, 0.24786435444676122], [0.547893129785378, -0.0803780770336846, -0.04738269088045066]]","tensor(-6, dtype=torch.int32)"
"['Bi', 'Bi', 'Bi', 'Bi']","[[0.23538014480008523, 0.4413289982066651, -0.2410987216084603], [3.1840867261351846, 0.10112677032693121, 0.08222609609689287], [4.009522180697165, 3.075339805399051, -0.05916900146548886], [7.022588760479319, 2.6470281135456326, -0.019882067935804517]]",[-23374.34375],"[[-0.427841623547102, 0.05362727655306181, -0.04021917186250692], [0.4984879669054976, 0.08946544047941168, 0.043714547399837184], [-0.21040737165544943, -0.1312526261804016, -0.012915517048703319], [0.14020968604607045, -0.013456107213042813, 0.008079469881964825]]","tensor(-6, dtype=torch.int32)"
"['Bi', 'Bi', 'Bi', 'Bi']","[[0.37257534173963014, 0.23658625176116263, -0.009833357983680364], [3.4411838508219463, 0.13822427765728076, -0.07265301458856559], [3.795230025464596, 2.9471359027636814, 0.00815788009420461], [6.861709566324394, 2.8649780650786556, 0.06308040373313899]]",[-23374.205078125],"[[-0.07466518550356999, 0.030071999109360602, -0.005578520462612578], [0.0157076286349876, -1.3293058045067805, -0.033069588231380766], [-0.0318474136698045, 1.3301547832387304, 0.043068048295683975], [0.09071540868148577, -0.03118002176984322, -0.007425684267435037]]","tensor(-6, dtype=torch.int32)"
"['Bi', 'Bi', 'Bi', 'Bi']","[[0.40874280424766885, 0.29850315239566105, -0.060944200374987996], [3.3888415334014534, 0.02122529591447823, 0.10037269511355053], [3.7470627688848714, 2.8751815436443615, -0.08347465376200996], [6.863290744165593, 2.7622934853659618, 0.055973610952569974]]",[-23374.23828125],"[[-0.40572611324548874, 0.05143222172987865, -0.01866837382839224], [0.32558750889228205, -0.8803734615211196, 0.07287816497705696], [0.1250858318479294, 0.8043397284722971, -0.04835017696465105], [-0.04331003551644012, 0.02633120135555679, -0.006812974619657626]]","tensor(-6, dtype=torch.int32)"
"['Bi', 'Bi', 'Bi', 'Bi']","[[0.26740831939027077, 0.14618327824532873, 0.051256545707632814], [3.4066424964755515, 0.10329223213208619, -0.009183305278705412], [3.870514582433863, 3.085923545264208, 0.0010164210980117476], [6.814079090148666, 2.6513755368421843, 0.08279665983287449]]",[-23374.328125],"[[0.11007078679556706, -0.049462297965832416, -0.011732135313013379], [-0.12220933146715673, 0.01610023630418439, 0.011476778348446993], [-0.43460990208476025, 0.10778234945407855, -0.00818196439489777], [0.4485466258767352, -0.07517971495189782, 0.00603233584741447]]","tensor(-6, dtype=torch.int32)"
"['Bi', 'Bi', 'Bi', 'Bi']","[[0.3373340128734025, 0.32511662417553566, -0.09254375354498073], [3.3046548003261633, 0.06581395277680913, -0.0734994636138949], [3.9622932365494843, 3.0055535813649246, -0.14872158041796157], [6.776427871274467, 2.9004080511876826, -0.036175945949527735]]",[-23374.0859375],"[[-0.4980025937830944, 0.030796166140632974, -0.0053814967187320924], [0.48790494050413763, -0.2614488369114281, 0.015584848106927193], [-1.6743660367261244, 0.31061133894115256, -0.07214982247194847], [1.6840637289767886, -0.08118710080047872, 0.061352520214983546]]","tensor(-6, dtype=torch.int32)"
"['Bi', 'Bi', 'Bi', 'Bi']","[[0.3880998780228854, 0.28404330641396947, 0.106493032069107], [3.5009268342452837, 0.25340527159480175, -0.05513528715103726], [3.915524647224849, 3.0001268045223655, -0.11675523892316442], [6.969504589225952, 2.7538199939220775, 0.07137197230330432]]",[-23374.125],"[[0.0573158346040317, 0.03942858291554345, -0.020146666401490237], [-0.19104757124149244, -1.8671613420161643, 0.06035158920242093], [0.09381256125721894, 1.8877558896930884, -0.03374118645843312], [0.0403256927252104, -0.058893155841090304, -0.010089837121037025]]","tensor(-6, dtype=torch.int32)"
"['Bi', 'Bi', 'Bi', 'Bi']","[[0.1571659407155531, 0.2852858365356976, 0.01266148662540396], [3.337416314804551, -0.057672683353656926, -0.045045121245523664], [3.810953269851462, 2.936718656620586, 0.0030824863418334545], [7.0376457492183, 2.6345880426584745, -0.07773877372286186]]",[-23374.36328125],"[[0.4006465876173383, -0.02730726464463236, -0.00881061489106431], [-0.3372968333654715, 0.1150947765648134, 0.00889676746329382], [0.41779462102834936, -0.1316663683292369, -0.015924861260858174], [-0.48083044341113346, 0.04451093161652147, 0.016405601252810223]]","tensor(-6, dtype=torch.int32)"
"['Bi', 'Bi', 'Bi', 'Bi']","[[0.4202118817956781, 0.17228597440102672, 0.19322088501260934], [3.468779328093307, -0.10611201345511156, 0.10934866232470272], [3.849654877566709, 3.252196909318464, -0.02152103394466569], [6.904431121684235, 2.899109425560265, 0.04042263971675346]]",[-23374.18359375],"[[-0.10910898799469519, -0.12112478813368856, -0.003024340436721701], [0.0074461142644189115, 1.0615427461263263, -0.03860816915546483], [0.056833392540848425, -1.0578686376830897, 0.053792084356568785], [0.04451783760342037, 0.11579997912871187, -0.014051312780847126]]","tensor(-6, dtype=torch.int32)"
"['Bi', 'Bi', 'Bi', 'Bi']","[[0.4202118817956781, 0.17228597440102672, 0.19322088501260934], [3.468779328093307, -0.10611201345511156, 0.10934866232470272], [3.849654877566709, 3.252196909318464, -0.02152103394466569], [6.904431121684235, 2.899109425560265, 0.04042263971675346]]",[-23374.18359375],"[[-0.10910898799469519, -0.12112478813368856, -0.003024340436721701], [0.0074461142644189115, 1.0615427461263263, -0.03860816915546483], [0.056833392540848425, -1.0578686376830897, 0.053792084356568785], [0.04451783760342037, 0.11579997912871187, -0.014051312780847126]]","tensor(-6, dtype=torch.int32)"
"['Bi', 'Bi', 'Bi', 'Bi']","[[0.24859370870157455, 0.40054931499153185, -0.040044004782474905], [3.4853714837950553, 0.017023947653505133, -0.0009612588233020873], [3.730163020152865, 3.1155695249998696, -0.07103435056991364], [6.725670677487054, 2.594635142185206, 0.03219329851351753]]",[-23374.244140625],"[[0.33433584648823644, -0.15892794444550234, 0.004760048914932859], [-0.4489318287647448, 0.7055512056793656, -0.02131194241873562], [-0.1279991504462718, -0.571051582948373, 0.014509355061576716], [0.2412175863115015, 0.02493653652999183, 0.0012222856332940685]]","tensor(-6, dtype=torch.int32)"
"['Bi', 'Bi', 'Bi', 'Bi']","[[0.37824320760967434, 0.3046625605126046, 0.01855474185705999], [3.4204472089944598, 0.04816547318896033, -0.05726624071039595], [3.9854158799123405, 2.8777622969484074, 0.09597058371851214], [6.957577387144838, 2.869800759776269, -0.17248682794999948]]",[-23374.236328125],"[[-0.09536777099489907, 0.0460301716011429, 0.006468174069000751], [0.04389239584576829, -0.9677848465524547, -0.06702324563000435], [-0.44502590953267546, 0.9740434293183933, 0.10384341723921617], [0.495851299159844, -0.05508756110968925, -0.04433017268020705]]","tensor(-6, dtype=torch.int32)"
"['Bi', 'Bi', 'Bi', 'Bi']","[[0.2119084027842681, 0.3827189856564668, 0.07010165317615749], [3.4991177559952678, -0.023923326026564027, 0.04058266441117422], [3.7270716643220925, 3.1493951196145824, 0.0568162848066932], [6.851398798398294, 2.7175477675354225, 0.003553753399428104]]",[-23374.240234375],"[[0.5227328145972577, -0.1503850381054014, -0.005013087771610915], [-0.5731146372624758, 0.9128521687825978, 0.01217407219466079], [0.26612644747180614, -0.8401248762222302, -0.014073218591859286], [-0.21593576072098278, 0.077952496973958, 0.007245382987735664]]","tensor(-6, dtype=torch.int32)"
"['Bi', 'Bi', 'Bi', 'Bi']","[[0.2900810627231341, 0.3497980465259179, -0.09058855894993406], [3.453523897738295, 0.027349713875838025, -0.0839481163361931], [3.8467122004541023, 3.1140901821718314, 0.0010832565593344606], [6.983739408390973, 2.703326511222831, 0.08703818014470706]]",[-23374.34375],"[[0.28503368205778656, -0.07290387602284588, -0.004302400527424755], [-0.2828922604761191, 0.5261292437459739, 0.02016280779603652], [0.2664151825160157, -0.5235828217710393, -0.0020170593100701404], [-0.2685463711014592, 0.07018806967825396, -0.015429846496284119]]","tensor(-6, dtype=torch.int32)"
"['Bi', 'Bi', 'Bi', 'Bi']","[[0.1924084395370899, 0.24577481088219988, -0.04929504579502837], [3.4170120477984294, 0.2325331983972322, -0.015776860170095594], [3.822699572777247, 2.7539943783177385, 0.26341873429634705], [6.8096365286937495, 2.896892879780532, 0.024856794364752115]]",[-23373.337890625],"[[0.42063070364514177, 0.08177038158524615, 0.010822082562896278], [-0.8708346635334308, -5.1032636082854745, -0.5804366288822441], [0.03519966609964617, 5.171499181146518, 0.6309038122194816], [0.4192347481250782, -0.15119678724304916, -0.05993028800612371]]","tensor(-6, dtype=torch.int32)"
"['Bi', 'Bi', 'Bi', 'Bi']","[[0.47788437531150463, 0.23800978902234746, 0.010617572241734537], [3.3832958473021595, -0.08319794512158318, -0.11442441845018052], [3.837059019813814, 2.925888753677997, -0.007969986356947826], [6.857638800124646, 2.754993807433439, -0.08344889251576697]]",[-23374.234375],"[[-0.8371670775146731, 0.052239394301375974, 0.029291895126869857], [0.7653766954628537, 0.028265103944452745, -0.023124555720226928], [-0.2617781439858926, -0.13311729406519715, -0.0013267254439514045], [0.3318146213381751, 0.05406169038271139, -0.0043988683712247794]]","tensor(-6, dtype=torch.int32)"
"['Bi', 'Bi', 'Bi', 'Bi']","[[0.42640567102911536, 0.16945515062842048, 0.03517358354081272], [3.515780686616033, -0.03921653727762793, 0.07712316087390807], [3.879436818128071, 3.0391520638482965, 0.18761726886131466], [6.886519071084106, 2.798265597193, -0.03930776378146479]]",[-23374.330078125],"[[0.0006276138268003315, -0.06758220376545544, 0.012344880956254894], [-0.04304525288248752, 0.41291420173878834, 0.008555304206380348], [-0.22994714938992888, -0.3721621941633519, -0.014485598055267754], [0.2712318898341118, 0.026216555802384, -0.004310847634408246]]","tensor(-6, dtype=torch.int32)"
"['Bi', 'Bi', 'Bi', 'Bi']","[[0.46797757552534497, 0.34828368861270975, 0.19643099364139166], [3.2278223497793137, 0.024326908227420948, -0.13805921548606542], [3.9982281610810784, 3.00725672711221, 0.028062697121592383], [6.90881166206951, 2.749544849448261, 0.07795513394422839]]",[-23374.01953125],"[[-1.8204474571431932, 0.19388154555253023, 0.20416627240064728], [1.8081066693854282, -0.11296394793401096, -0.21140310903676268], [-0.8681987671191508, -0.05040914322247346, 0.0035722644197620254], [0.8831214580950394, -0.0307616310639293, 0.003626451477204004]]","tensor(-6, dtype=torch.int32)"
"['Bi', 'Bi', 'Bi', 'Bi']","[[0.3273083411847895, 0.16246034278849641, -0.07329926400043166], [3.4318943166586857, 0.14138448986635857, -0.2159585133943881], [3.7245539117033366, 2.930131772123392, 0.23259626453351678], [6.91694594425025, 2.6286587940733974, -0.014677511320499775]]",[-23374.21875],"[[0.022040686016158422, 0.03426403600117826, 0.004103003654017953], [-0.054351556712935664, -1.1671909759357415, -0.19406825916704937], [0.4436982939723188, 1.1006502752131035, 0.1537236688231841], [-0.4109363538304299, 0.033495609975684834, 0.03577324353573284]]","tensor(-6, dtype=torch.int32)"
"['Bi', 'Bi', 'Bi', 'Bi']","[[0.3276805801236027, 0.14990523874886125, 0.05185485906764148], [3.3634019378572475, 0.022662686742433116, 0.1293253067116841], [3.9278309635660182, 3.0178223668507234, 0.17783111795648796], [6.854226014358825, 2.7337061919598358, -0.01064558855497765]]",[-23374.296875],"[[-0.22150076231571958, -0.023616233191057583, 0.006988509071467733], [0.23517477064182343, 0.04157329036886275, -0.007879931597806183], [-0.6683195544933479, 0.04703653278657613, 0.03369371358348845], [0.6570550311123067, -0.0662270259640131, -0.030790499426141097]]","tensor(-6, dtype=torch.int32)"
"['Bi', 'Bi', 'Bi', 'Bi']","[[0.21767186488889234, 0.1514080261450995, -0.02751897419776803], [3.36153944396471, 0.1582219541681614, -0.12123262928461206], [3.793104023305711, 2.9361899886947245, -0.10859231916115882], [6.8441159619766605, 2.762824136280266, -0.13184114963451704]]",[-23374.185546875],"[[0.17789164048803524, 0.046305038107253914, -0.010897307940665497], [-0.2438643327871044, -1.5753738824505445, -0.001438386973149932], [-0.012972395024197565, 1.608285563723108, 0.012758468838815443], [0.07921686336167387, -0.07637548426944887, -0.00222415715591164]]","tensor(-6, dtype=torch.int32)"
"['Bi', 'Bi', 'Bi', 'Bi']","[[0.2569975220926772, 0.28462495703522717, -0.021139768349435085], [3.5010096255339462, 0.13347330611434172, -0.09630215047985413], [3.750668793479821, 3.1320147646929093, 0.0907102161666482], [6.851078688341391, 2.845515061074841, -0.018280616416996496]]",[-23374.337890625],"[[0.425222182202127, -0.06382736263844173, -0.014162456489583464], [-0.4261584242234846, 0.12417005581901969, 0.019669649368968423], [0.12570788488974652, -0.07268810892658528, -0.015434469342316966], [-0.12351344713166229, 0.00935555536435129, 0.010344756997824998]]","tensor(-6, dtype=torch.int32)"
"['Bi', 'Bi', 'Bi', 'Bi']","[[0.36946361236160324, 0.3489709864812614, 0.055853797647899994], [3.2388087491409676, 0.08350776568746307, -0.11348170706817581], [3.836381309020332, 3.055575198298821, -0.022658348803149438], [6.9906610973293555, 2.9705681991750335, -0.10167350769673145]]",[-23374.271484375],"[[-1.0214371142420233, 0.14606830778371666, 0.05777724503175964], [1.0633306922504877, -0.21958631784627666, -0.06502169213742859], [0.1694908133869639, 0.04048349169763532, 0.0025532184327783716], [-0.21503556558582118, 0.034037876500209764, 0.006372755235868915]]","tensor(-6, dtype=torch.int32)"
"['Bi', 'Bi', 'Bi', 'Bi']","[[0.11893430107634934, 0.24417521558613448, 0.013903720545721655], [3.4441788017825736, 0.028853952850542087, 0.0019338754045860403], [3.9442449029584754, 3.0802907389948344, 0.13773896763052468], [6.9023610159645195, 2.760187474075543, 0.1733301212541388]]",[-23374.302734375],"[[0.6089419511275028, -0.0918032944509065, -0.0068084803288537225], [-0.5459216067942836, 0.38278666677052364, 0.021304954156490193], [-0.4892907658721603, -0.2050759292006592, -0.015336289142867401], [0.427370237233608, -0.08788179432508901, -0.0003438771641584127]]","tensor(-6, dtype=torch.int32)"
"['Bi', 'Bi', 'Bi', 'Bi']","[[0.5134550543393402, 0.25270062007072475, -0.05839864906655798], [3.4605140543163855, 0.07811154786696783, 0.022563622523507288], [3.8006974889942398, 3.184781986822694, 0.002665341980366982], [6.860743662937429, 2.888573956042437, 0.09587860059088434]]",[-23374.251953125],"[[-0.696615074604969, -0.03868253578430471, -0.0156956061499767], [0.6060756837429541, 0.46242272302274007, 0.009238878638561177], [-0.004224642611645328, -0.5067739170539841, 0.00842413159297444], [0.09595511412490113, 0.08098784019561461, -0.0028780461288455]]","tensor(-6, dtype=torch.int32)"
"['Bi', 'Bi', 'Bi', 'Bi']","[[0.23477790073050267, 0.11520429938715826, -0.04543533604511317], [3.3893430112908116, 0.11197643700999958, 0.18779425225130958], [3.727925644893503, 3.032839680750598, 0.18567639947531572], [7.070352480768008, 2.4585860459571176, -0.12060800495814553]]",[-23374.2421875],"[[0.2171077216101333, 0.035412517563314316, 0.04142325613226609], [-0.19470553314797354, -0.42032499931071154, -0.03850820975164668], [0.7554578882184045, 0.24634555154991822, -0.09495634284018478], [-0.7797157456993338, 0.13632531267037215, 0.09331993761990325]]","tensor(-6, dtype=torch.int32)"
"['Bi', 'Bi', 'Bi', 'Bi']","[[0.33020864852761117, 0.10605988549801332, -0.13090325772674713], [3.3781259246039435, 0.08947515624514754, 0.028335073215277538], [3.748748512718789, 3.1195702685785087, 0.25327089271998854], [6.937258809466027, 2.800017614964881, -0.12987321882659394]]",[-23374.34765625],"[[-0.14914355454843767, -0.009054592146764521, 0.017278594101527173], [0.1642702369616155, 0.1716477130181963, 0.0004168188354185683], [0.44310066642400125, -0.2339767901743346, -0.0899016026601749], [-0.4597194636684931, 0.07227853196716778, 0.07366667132931153]]","tensor(-6, dtype=torch.int32)"
"['Bi', 'Bi', 'Bi', 'Bi']","[[0.25839720147120276, 0.2568151750782832, -0.004871057326799113], [3.5222321249211497, 0.09372060631541869, -0.06174319592868037], [3.7142961161082795, 2.9535050267189327, -0.044436439005023996], [6.874440106404009, 2.841332217896849, 0.10393675928627893]]",[-23374.2578125],"[[0.5036619549158765, -0.024538982055585253, -0.020859613132380328], [-0.4765352589458197, -0.8628791517454236, 0.014496926342042355], [0.23392855625243458, 0.9083691908388419, 0.028198260367610715], [-0.2602135240054537, -0.022134269080620928, -0.025881761990748174]]","tensor(-6, dtype=torch.int32)"
"['Bi', 'Bi', 'Bi', 'Bi']","[[0.29425918998050954, 0.1487172306430677, -0.12947004883677699], [3.3814695744538668, 0.01271237561403286, 0.056124436982531584], [3.889079417416024, 3.0886082097903276, 0.01936543445479905], [6.89296954379128, 2.812044771184533, -0.07662575088676096]]",[-23374.357421875],"[[0.02617482163285943, -0.04408860197839269, 0.014447370872388792], [0.008816800968681126, 0.3684290017368924, -0.019398804070418794], [-0.2846798466456395, -0.3153059702138429, 0.0023909992173614296], [0.24997908796289983, -0.010173439157524274, 0.005158062588617229]]","tensor(-6, dtype=torch.int32)"
"['Bi', 'Bi', 'Bi', 'Bi']","[[0.17742290352688456, 0.15231480433877212, 0.12325960300148792], [3.4569179880159853, 0.014262151629299422, 0.027226980172766937], [3.9235693326377445, 3.1393782082940977, 0.15012659238081802], [6.8577275031000084, 2.89401751718086, -0.2343802613272257]]",[-23374.306640625],"[[0.5373017215830908, -0.08714131620636816, -0.011760777418022235], [-0.48437275703365595, 0.5737723258137564, 0.02927065780304821], [-0.50942662849221, -0.43780892182390907, 0.03461101170630887], [0.45702885414877437, -0.048956746814694065, -0.05334970010272465]]","tensor(-6, dtype=torch.int32)"
"['Bi', 'Bi', 'Bi', 'Bi']","[[0.2123035233448539, 0.2078279093206174, -0.05436668847209966], [3.3512354583774333, 0.029896895742513932, -0.0723520861856333], [3.991359084775267, 2.9239721360851685, -0.11101050041131846], [6.906852101975845, 2.8173456978890106, -0.04189588842915022]]",[-23374.267578125],"[[0.2244334670425868, 0.002959952264752511, -0.004367762633808429], [-0.19145360007659107, -0.4840067345858049, 0.013895719816150905], [-0.8665789712344489, 0.5831758837005956, -0.027598704490858918], [0.8340267303820146, -0.10409631108559599, 0.017097963720441704]]","tensor(-6, dtype=torch.int32)"
"['Bi', 'Bi', 'Bi', 'Bi']","[[0.38748974963141286, 0.1269775389908168, -0.030063074287372305], [3.3193158936155243, -0.08884136757572188, 0.16480941465179072], [3.8236060201693807, 3.0409213885237922, -0.1480829365164038], [6.863380752125297, 2.786441106476318, -0.11945502387651892]]",[-23374.265625],"[[-0.6832304183881736, -0.008399762663775703, -0.031087266601055114], [0.6665485776594071, 0.5317162539959059, -0.02389748117873341], [-0.14217282723623756, -0.585648257863658, 0.055191845111409114], [0.15986984289693362, 0.06248951408186112, -8.677791628518756e-05]]","tensor(-6, dtype=torch.int32)"
"['Bi', 'Bi', 'Bi', 'Bi']","[[0.17742290352688456, 0.15231480433877212, 0.12325960300148792], [3.4569179880159853, 0.014262151629299422, 0.027226980172766937], [3.9235693326377445, 3.1393782082940977, 0.15012659238081802], [6.8577275031000084, 2.89401751718086, -0.2343802613272257]]",[-23374.306640625],"[[0.5373017215830908, -0.08714131620636816, -0.011760777418022235], [-0.48437275703365595, 0.5737723258137564, 0.02927065780304821], [-0.50942662849221, -0.43780892182390907, 0.03461101170630887], [0.45702885414877437, -0.048956746814694065, -0.05334970010272465]]","tensor(-6, dtype=torch.int32)"
"['Bi', 'Bi', 'Bi', 'Bi']","[[0.3257073291120795, 0.0802885307210007, 0.11712472905799337], [3.473564241035116, 0.11146663244559869, -0.051742599536076246], [3.8664307398596054, 3.1994323073000137, 0.056364733016634416], [6.980434845192243, 2.927651485554507, -0.16184080476956442]]",[-23374.39453125],"[[0.22666158627065452, -0.02018538209423919, -0.01607046805536998], [-0.1761852498011163, 0.3653017158154946, 0.028667008727806812], [0.18450760679043987, -0.36214126264502916, -0.03422973232388668], [-0.23438461878263842, 0.01834492887236764, 0.02117816270528672]]","tensor(-6, dtype=torch.int32)"
"['Bi', 'Bi', 'Bi', 'Bi']","[[0.23477790073050267, 0.11520429938715826, -0.04543533604511317], [3.3893430112908116, 0.11197643700999958, 0.18779425225130958], [3.727925644893503, 3.032839680750598, 0.18567639947531572], [7.070352480768008, 2.4585860459571176, -0.12060800495814553]]",[-23374.2421875],"[[0.2171077216101333, 0.035412517563314316, 0.04142325613226609], [-0.19470553314797354, -0.42032499931071154, -0.03850820975164668], [0.7554578882184045, 0.24634555154991822, -0.09495634284018478], [-0.7797157456993338, 0.13632531267037215, 0.09331993761990325]]","tensor(-6, dtype=torch.int32)"
"['Bi', 'Bi', 'Bi', 'Bi']","[[0.38067526153106823, 0.2891615875309528, 0.0639004952849343], [3.3209906198001717, 0.08346699806445373, -0.21917657532058524], [3.792703753443168, 3.035087280249447, 0.11452805465157344], [6.974839766474832, 2.877412257719918, 0.03914024588797038]]",[-23374.3125],"[[-0.5601310733599876, 0.06645004357518619, 0.051219108013543464], [0.5682861028633168, -0.17284713330424936, -0.06510515019205942], [0.29494750135935266, 0.05734488808577318, 0.009928675143822924], [-0.3030971829651579, 0.05056176913248565, 0.00530370537859314]]","tensor(-6, dtype=torch.int32)"
"['Bi', 'Bi', 'Bi', 'Bi']","[[0.3690470133507194, 0.3530136316016401, -0.08361075078367186], [3.172603451621373, 0.02464157307686547, -0.006313485488554692], [3.8309072016065993, 3.1221807386353975, 0.05012417756875907], [6.860584559714926, 2.6606369762975155, 0.032058201189878476]]",[-23374.111328125],"[[-1.6220615420568107, 0.12550687593376875, -0.04182824109890567], [1.5964975634498044, 0.3297541381286511, 0.0476627561600202], [-0.10902126190646341, -0.5334430078310898, -0.009725084798847948], [0.13258558963828232, 0.07892591716752646, 0.004648982339333888]]","tensor(-6, dtype=torch.int32)"
"['Bi', 'Bi', 'Bi', 'Bi']","[[0.3352420511352789, 0.3829829658900643, 0.10232526113502917], [3.349897019724068, -0.06850666471848228, -0.10821560989109826], [3.9780182950594702, 3.2386747349043477, 0.1333420099836474], [6.8975106378881454, 2.6863247848491207, -0.12642629057862328]]",[-23374.138671875],"[[-0.17021859024906505, -0.1223230771337269, -0.00026806089513487283], [0.11251338756760594, 1.0440679767454297, 0.08198249771300473], [-0.41795418377851534, -0.9663023476522655, -0.051990408533956076], [0.47443281530956827, 0.044540854131610616, -0.029880703786481885]]","tensor(-6, dtype=torch.int32)"
"['Bi', 'Bi', 'Bi', 'Bi']","[[0.28454273894492854, 0.28283335235522034, -0.05047337500534144], [3.297206172339461, 0.10829507657338108, 0.08266057185979364], [4.042668204301515, 3.1484954172998423, -0.10875341707484586], [6.869072010882412, 2.9854842319923525, -0.02669409457474079]]",[-23374.17578125],"[[-0.2642793145202386, -0.004796779714946909, -0.006256279056235953], [0.35217566129724415, 0.2151366614178632, 0.0014451032125309133], [-1.5730927984681518, -0.10631481438253865, -0.037290431778900325], [1.4857138093545108, -0.10484455394014511, 0.04365763342887883]]","tensor(-6, dtype=torch.int32)"
"['Bi', 'Bi', 'Bi', 'Bi']","[[0.23396159836054042, 0.36918834398188016, -0.0658805511518923], [3.376765620724734, 0.1684334048655952, 0.05573594924678999], [3.840328152827266, 2.926268147995835, -0.00017512716244525887], [6.903633199228093, 2.751467288259374, -0.02212031124308132]]",[-23374.1640625],"[[0.21613707820951003, 0.023081546282831225, 0.015697606469339077], [-0.33441827610103575, -1.659408378727963, 0.021792800681498296], [0.04628136337629148, 1.70246975243616, -0.040838185858711774], [0.07130881416419294, -0.06598894168000771, 0.005803990907553923]]","tensor(-6, dtype=torch.int32)"
"['Bi', 'Bi', 'Bi', 'Bi']","[[0.36954106306178724, 0.22690190954103207, -0.021192122482323297], [3.4514564895511595, 0.15157274270075705, 0.0008322720731445347], [3.901402974090218, 3.0215085901372176, 0.019391569694433293], [7.078924136753882, 2.8053677549533558, 0.061847855952461596]]",[-23374.31640625],"[[-0.0019606554462602414, 0.04790250137758355, 0.0008078184329675379], [0.00894250227154315, -0.779726544338565, -0.003759616696658551], [0.34664557530268875, 0.7335315083696144, 0.009758365176517124], [-0.352890325525993, -0.0009232260615375108, -0.007055008120296193]]","tensor(-6, dtype=torch.int32)"
"['Bi', 'Bi', 'Bi', 'Bi']","[[0.361532785961515, 0.24758208101206228, -0.05059766368648354], [3.3869408296277217, 0.06498521084980236, -0.08744442599668197], [3.9141685531277908, 2.8656793566895113, 0.03856450184815179], [6.986411405240093, 2.8114461319085873, -0.1070330516259413]]",[-23374.23046875],"[[-0.201182042738019, 0.07330311714185621, 0.00633207007701253], [0.13699935344677444, -1.2685146078434604, -0.06695315731918375], [0.008304534092382706, 1.2396750420029459, 0.061898211450807566], [0.055772863324147104, -0.04661366835869494, 0.0003596002914118018]]","tensor(-6, dtype=torch.int32)"
"['Bi', 'Bi', 'Bi', 'Bi']","[[0.3373340128734025, 0.32511662417553566, -0.09254375354498073], [3.3046548003261633, 0.06581395277680913, -0.0734994636138949], [3.9622932365494843, 3.0055535813649246, -0.14872158041796157], [6.776427871274467, 2.9004080511876826, -0.036175945949527735]]",[-23374.0859375],"[[-0.4980025937830944, 0.030796166140632974, -0.0053814967187320924], [0.48790494050413763, -0.2614488369114281, 0.015584848106927193], [-1.6743660367261244, 0.31061133894115256, -0.07214982247194847], [1.6840637289767886, -0.08118710080047872, 0.061352520214983546]]","tensor(-6, dtype=torch.int32)"
"['Bi', 'Bi', 'Bi', 'Bi']","[[0.37257534173963014, 0.23658625176116263, -0.009833357983680364], [3.4411838508219463, 0.13822427765728076, -0.07265301458856559], [3.795230025464596, 2.9471359027636814, 0.00815788009420461], [6.861709566324394, 2.8649780650786556, 0.06308040373313899]]",[-23374.205078125],"[[-0.07466518550356999, 0.030071999109360602, -0.005578520462612578], [0.0157076286349876, -1.3293058045067805, -0.033069588231380766], [-0.0318474136698045, 1.3301547832387304, 0.043068048295683975], [0.09071540868148577, -0.03118002176984322, -0.007425684267435037]]","tensor(-6, dtype=torch.int32)"
"['Bi', 'Bi', 'Bi', 'Bi']","[[0.42790778289741255, 0.1308903845477663, 0.1557055697100636], [3.263825590149709, 0.008587930641555523, 0.14152542244674296], [3.795607771887363, 2.862046218493494, 0.16298866763589342], [6.776710155058787, 2.7393842930080026, 0.01950649919120813]]",[-23374.044921875],"[[-1.5090347563268918, 0.09810610021560208, 0.0119543198863029], [1.4210351025679064, -0.9374776942183085, -0.018969378183652272], [-0.4096665881230984, 0.852875498049871, 0.02463293535910712], [0.49661789970108644, -0.013356770016532746, -0.01606545440144114]]","tensor(-6, dtype=torch.int32)"
"['Bi', 'Bi', 'Bi', 'Bi']","[[0.24515857865390434, 0.22428472124063312, -0.03631354088688727], [3.322873863153828, 0.25519156855890757, -0.020062741941601913], [3.7719607919609976, 3.156675707306285, -0.04997188849692675], [6.98241750371827, 2.833207265407679, -0.03658226973040135]]",[-23374.330078125],"[[-0.042398362970438315, 0.04844554951790047, -0.00025835507819373907], [0.07236163006715758, -0.5744644671663941, 0.006641070567512914], [0.4614254944007711, 0.501689969125958, -0.003762680424874759], [-0.49140452236855886, 0.02523350939327216, -0.002530145340287396]]","tensor(-6, dtype=torch.int32)"
"['Bi', 'Bi', 'Bi', 'Bi']","[[0.17742290352688456, 0.15231480433877212, 0.12325960300148792], [3.4569179880159853, 0.014262151629299422, 0.027226980172766937], [3.9235693326377445, 3.1393782082940977, 0.15012659238081802], [6.8577275031000084, 2.89401751718086, -0.2343802613272257]]",[-23374.306640625],"[[0.5373017215830908, -0.08714131620636816, -0.011760777418022235], [-0.48437275703365595, 0.5737723258137564, 0.02927065780304821], [-0.50942662849221, -0.43780892182390907, 0.03461101170630887], [0.45702885414877437, -0.048956746814694065, -0.05334970010272465]]","tensor(-6, dtype=torch.int32)"
"['Bi', 'Bi', 'Bi', 'Bi']","[[0.3605737479746018, 0.419496625222208, 0.04116638457222507], [3.3965288428571636, -0.014522094296930136, 0.0618210948863313], [3.71593194170768, 3.023220279894942, -0.020930532990008625], [6.804876393352374, 2.8243027767469444, -0.224128373428205]]",[-23374.314453125],"[[-0.10695388813666802, -0.04555106683170303, 0.014669020655925902], [0.027100959213222076, 0.28116890049897947, -0.017070370626101037], [0.03422358738394313, -0.30895590754698726, -0.007646233618212383], [0.04918713835379941, 0.07663393170171907, 0.011860567128938185]]","tensor(-6, dtype=torch.int32)"
"['Bi', 'Bi', 'Bi', 'Bi']","[[0.38985077481704056, 0.24723340191804732, -0.1700612204186844], [3.337212767338286, 0.15262600772830506, 0.17976838126858763], [3.937792762748342, 3.120207092843028, -0.017977905537193226], [6.850161855022394, 2.6970572677892015, -0.012303616921454402]]",[-23374.240234375],"[[-0.6110569417540993, -0.018154960239451633, -0.05725011717099523], [0.5786008602129153, -0.01489332381938843, 0.060637136076952675], [-0.6508787236928927, 0.10888442772077478, -0.017681110807771017], [0.6856719392962892, -0.07492445568930545, 0.014522040891568968]]","tensor(-6, dtype=torch.int32)"
"['Bi', 'Bi', 'Bi', 'Bi']","[[0.13358523770944378, 0.2867967916799745, -0.029157792171390577], [3.544082260393441, 0.14724132340102963, 0.12032101034671738], [3.8313505182456953, 2.956361043818073, 0.017349218859961144], [6.890795706828781, 2.786242728255834, -0.02466048463979618]]",[-23374.146484375],"[[0.7055938860153752, -0.034740281702326396, 0.041543444986910975], [-0.6826313510212917, -1.2300066603444808, 0.005002661942543509], [-0.05602550006006902, 1.3696772886045407, -0.05840037793749988], [0.032670228841559804, -0.10580573567591804, 0.015355181619313096]]","tensor(-6, dtype=torch.int32)"
"['Bi', 'Bi', 'Bi', 'Bi']","[[0.40367904335778104, 0.3603776309824819, 0.01133628387655365], [3.3449943544727887, 0.05804068871567249, -0.08443765587571933], [3.9300413558068086, 2.9043009331496954, 0.06515367408763095], [6.9804254728764255, 2.818708983080822, 0.04018097753407126]]",[-23374.2421875],"[[-0.5751571227399476, 0.10766243313651903, 0.017236854789793445], [0.519604294545662, -0.8653299286300232, -0.06333252785118819], [-0.13003947619589726, 0.774951488914647, 0.049777062872798684], [0.1823887080848835, -0.016380718102695705, -0.003247233092212249]]","tensor(-6, dtype=torch.int32)"
"['Bi', 'Bi', 'Bi', 'Bi']","[[0.46797757552534497, 0.34828368861270975, 0.19643099364139166], [3.2278223497793137, 0.024326908227420948, -0.13805921548606542], [3.9982281610810784, 3.00725672711221, 0.028062697121592383], [6.90881166206951, 2.749544849448261, 0.07795513394422839]]",[-23374.01953125],"[[-1.8204474571431932, 0.19388154555253023, 0.20416627240064728], [1.8081066693854282, -0.11296394793401096, -0.21140310903676268], [-0.8681987671191508, -0.05040914322247346, 0.0035722644197620254], [0.8831214580950394, -0.0307616310639293, 0.003626451477204004]]","tensor(-6, dtype=torch.int32)"
"['Bi', 'Bi', 'Bi', 'Bi']","[[0.209232052138055, 0.3054136702664747, 0.12400517011652036], [3.3126171885701545, 0.07824363008158683, 0.0018950613546751937], [3.70045095723953, 3.0999056683042396, 0.09659609013667683], [7.022854443658171, 2.809560034433775, -0.21429129134690286]]",[-23374.322265625],"[[0.1445347467465908, 0.016017919819986588, -0.002044471398648454], [-0.08920195368216684, 0.15297198068849926, 0.007529376915101746], [0.6015088877899263, -0.251759269351233, -0.07572653747373655], [-0.6536976827531897, 0.08374581265530036, 0.06857634706192978]]","tensor(-6, dtype=torch.int32)"
"['Bi', 'Bi', 'Bi', 'Bi']","[[0.3518341373134996, 0.25164731241201693, -0.024853128159435762], [3.490255247123751, -0.05071152719829848, -0.14741161705784925], [3.8518079993110286, 3.031397113351554, -0.12922302159999222], [7.010736246454253, 2.780317636239002, 0.14621135774954713]]",[-23374.359375],"[[0.2444361978675415, -0.051524318695894564, -0.033675839264456], [-0.2411217355328004, 0.4439435773491451, 0.029735652350559118], [0.2920315602343398, -0.45560415367951873, 0.045493885465868474], [-0.2940182527424495, 0.06553452465673437, -0.04429466572597256]]","tensor(-6, dtype=torch.int32)"
"['Bi', 'Bi', 'Bi', 'Bi']","[[0.24255809590325061, 0.36949400806410715, 0.11508810453169624], [3.2522039887085614, -0.14362656985078956, 0.050129845046733665], [3.8895356482941663, 2.9491555732622254, 0.02472472680037146], [6.763387535015832, 2.9369987981623127, 0.135219304373972]]",[-23374.216796875],"[[-0.08586604833523777, -0.03383668242470232, -0.003568303376047785], [0.11376695531609046, 0.39499447699946866, 0.0002884873439944289], [-1.2301989789669818, -0.39755843390763124, -0.033093566352683505], [1.2029303580241704, 0.03417863419148578, 0.034376444693367404]]","tensor(-6, dtype=torch.int32)"
"['Bi', 'Bi', 'Bi', 'Bi']","[[0.2826749020048675, 0.25958807887652885, -0.027704396110485613], [3.3461938182352764, 0.14201084607623776, 0.05832877914924583], [3.767115196065642, 3.042839668834272, -0.10317479401868383], [7.0115626357465, 2.875676863266891, 0.06832942807596165]]",[-23374.322265625],"[[-0.04239083477623132, 0.05406616410467866, -0.0042495992953508], [0.07128300027422085, -0.5565474677979281, 0.035893180422128995], [0.47144282637268337, 0.4810724871961903, -0.00043262027851743046], [-0.49986458771912795, 0.022173956650900703, -0.031793132509934936]]","tensor(-6, dtype=torch.int32)"
"['Bi', 'Bi', 'Bi', 'Bi']","[[0.48978173049210494, 0.32084766238431894, -0.09488816298006089], [3.362017085518223, -0.10401710849898574, -0.12336097655664169], [3.7276206795402143, 2.864214741354476, 0.006020588708333126], [6.880046970337479, 2.7498322252994187, 0.02014343615391284]]",[-23374.216796875],"[[-0.9672721682994236, 0.11799045738574461, 0.006319307113882909], [0.8728396108840507, -0.2156285651458968, -0.009983604222046371], [0.18796810786526205, 0.009755670658918447, 0.003513225173758762], [-0.09410900961516518, 0.09130362598704465, -0.0001878041742373119]]","tensor(-6, dtype=torch.int32)"
"['Bi', 'Bi', 'Bi', 'Bi']","[[0.354331052938713, 0.12111589395773434, -0.026856879330413752], [3.374524643582705, -0.03387102797476679, 0.17832075421229782], [3.7578047958272904, 3.1374975426494642, 0.04916144127761941], [6.851728343962734, 2.6394880677585624, 0.04897347930876749]]",[-23374.28125],"[[-0.2863828948966059, -0.07944409758435633, -0.0007191667470873455], [0.22453615695946774, 0.7318746885789765, -0.02958096955688383], [0.2159767955500619, -0.7667254969249404, 0.02581910417216058], [-0.1550035646825565, 0.11385658402171066, 0.006041072460773545]]","tensor(-6, dtype=torch.int32)"
"['Bi', 'Bi', 'Bi', 'Bi']","[[0.29032341610568557, 0.3480106772659366, 0.06421047368029327], [3.3858142430121183, 0.03644045216466125, 0.05260125335971021], [3.890715213109303, 3.212520820414197, 0.013012310574563585], [6.75922370770159, 2.678431072642236, 0.07771547720844263]]",[-23374.19140625],"[[-0.017053586455410028, -0.13207681946421118, -0.004053995829639694], [-0.06339120045767851, 0.8241187217767967, -0.008267546181910767], [-0.7903518911212938, -0.6301155115555933, -0.003743221791200789], [0.8709776169480172, -0.060348503876926265, 0.015342680908850527]]","tensor(-6, dtype=torch.int32)"
"['Bi', 'Bi', 'Bi', 'Bi']","[[0.47692220191651374, 0.12651682015605945, -0.004586854978389361], [3.329318487610472, 0.05615318949687588, 0.08894504104657393], [3.8158988376117673, 3.1674078104742316, 0.048087176555542545], [6.902975544621631, 2.692682828938671, -0.07767805848136135]]",[-23374.171875],"[[-1.3805026673235072, -0.027137833995092547, -0.028988088267618832], [1.3381174941195586, 0.44226865698227175, 0.02703710325990072], [0.17219875215154443, -0.5182966307568376, -0.010175264641775287], [-0.12995041313328445, 0.10290748375040795, 0.0153416730358556]]","tensor(-6, dtype=torch.int32)"
"['Bi', 'Bi', 'Bi', 'Bi']","[[0.42281000867851165, 0.2016504695075586, 0.03088483918039113], [3.2800009511390846, 0.028662664153678317, -0.0008190213029232717], [3.6251450942284973, 3.0382802359321186, 0.11866093686802706], [6.92399188336065, 2.6546924798126876, 0.08556553704490055]]",[-23374.12890625],"[[-1.3047779810450675, 0.0876685983334073, 0.013736995246077594], [1.255563954079582, -0.007440627527247557, -0.006698632456825146], [0.5973899782545415, -0.2320810119241344, -0.01569984333032271], [-0.5490403566484795, 0.14946915923230855, 0.009257159192117097]]","tensor(-6, dtype=torch.int32)"
"['Bi', 'Bi', 'Bi', 'Bi']","[[0.26188490582346713, 0.26411464923289835, 0.050619888311234706], [3.338964843318333, 0.23084382041980167, -0.0823117907739661], [3.8430926216826764, 3.205771833801646, -0.19198938034413263], [6.881071108108867, 2.885069058809301, -0.04733889565794875]]",[-23374.3671875],"[[-0.05052066745468748, -0.0076174012514646896, -0.012027858619468366], [0.07703548681485041, -0.07228691376809498, 0.013502325388952973], [-0.08077685535387073, 0.10262054847940363, 0.0051508480691688585], [0.055360663838059154, -0.022835157331036016, -0.010337480771866733]]","tensor(-6, dtype=torch.int32)"
"['Bi', 'Bi', 'Bi', 'Bi']","[[0.19566544772539712, 0.2217261015662623, -0.0920245238703579], [3.3030481204285183, -0.010822169530334987, 0.1021803526884001], [3.657840178110258, 3.0871942264572803, -0.030521611617360347], [6.93044643970232, 2.6938219012578215, 0.10447437563878546]]",[-23374.314453125],"[[0.13228800999432136, -0.029104194208192435, 0.015859863737103786], [-0.11406510060305877, 0.5019422973293305, -0.03822397928265933], [0.5573542804147844, -0.586235498149477, 0.050431660956375406], [-0.5773816424216048, 0.11082890269169914, -0.029332729409791813]]","tensor(-6, dtype=torch.int32)"
"['Bi', 'Bi', 'Bi', 'Bi']","[[0.35981135244352874, 0.09904183169364036, -0.008327280344163917], [3.419012157067979, 0.06323661841181966, 0.009140394256289286], [3.9667511621636766, 3.0166976938966403, 0.06851300258173076], [6.899793055424691, 2.8483380476033417, 0.13384669266313093]]",[-23374.296875],"[[-0.11603261267101002, 0.0013911362416408884, -0.001620213946306419], [0.15149894345316053, -0.22841595376901563, -0.002003273561539038], [-0.7254222445277895, 0.3031103470206018, -0.0077996102907616], [0.6922184857750637, -0.07478037098870434, 0.010994855648388655]]","tensor(-6, dtype=torch.int32)"
"['Bi', 'Bi', 'Bi', 'Bi']","[[0.29211261315785314, 0.03865934929918066, -0.01856093432307185], [3.4267049665014073, -0.030361783709540378, -0.05707423549414283], [3.668946470843543, 3.0976366822266037, 0.04478642270735272], [6.967011791738556, 2.9061285110563784, -0.061808119398664825]]",[-23374.328125],"[[0.21199487446664048, -0.01776412663241428, -0.002837567686797257], [-0.18345119134106477, 0.5181937865736819, 0.022286319063207438], [0.5849987968470299, -0.5734766487871839, -0.04596213503177626], [-0.6122792448709045, 0.07364512547294041, 0.027520146961555456]]","tensor(-6, dtype=torch.int32)"
"['Bi', 'Bi', 'Bi', 'Bi']","[[0.2418481208212765, 0.22723475665780563, -7.15150452006559e-05], [3.4119442505421316, 0.1541637855376369, 0.040884648614639446], [3.922170706484689, 2.997118591815058, 0.04350027268548334], [6.923756343613727, 2.814083647775188, -0.011528505757240343]]",[-23374.2734375],"[[0.2757703007925886, 0.015682740342663922, 0.0073080973706239945], [-0.2876802228450232, -0.9124423347127225, -0.009119358271106808], [-0.284048949004071, 0.9875905793445747, 0.0042856991463011895], [0.2978640595494645, -0.09063297906868649, -0.0005422356712699842]]","tensor(-6, dtype=torch.int32)"
"['Bi', 'Bi', 'Bi', 'Bi']","[[0.37007273458143725, 0.34430429715851096, 0.013546839716072888], [3.5565789704975543, 0.21323882540240272, -0.13234593732994215], [3.88568395459759, 2.925641115886124, -0.13496585664789607], [6.916853458895648, 2.685341694218165, 0.14122500496171767]]",[-23374.01953125],"[[0.26748183096161476, 0.00021202613909831978, -0.034788973280841455], [-0.423803498117586, -2.291192022934341, 0.03960016300851122], [0.015388199744315226, 2.3593844012384593, -0.0017380764655283182], [0.14068786007565276, -0.07011571879540394, -0.005006719659789916]]","tensor(-6, dtype=torch.int32)"
"['Bi', 'Bi', 'Bi', 'Bi']","[[0.34851049265253536, 0.3648153962600045, 0.2581753435200822], [3.4391624312694424, 0.168779324253172, -0.10243721927753303], [3.8665432307256027, 3.1084587678948434, -0.16858339963445132], [6.7088373211613295, 2.8426404446787585, 0.03421087423399023]]",[-23374.16015625],"[[0.02186070355342683, -0.07693629360019677, -0.02441436575885552], [-0.12263335803430758, -0.20584144987797848, 0.037177462585912965], [-1.2044282835518327, 0.3944740340106094, -0.07544412734679107], [1.304333694173835, -0.11354650880949628, 0.06395447804882214]]","tensor(-6, dtype=torch.int32)"
"['Bi', 'Bi', 'Bi', 'Bi']","[[0.3072560400217693, 0.2076532588158555, -0.0856191971699096], [3.4256712531172058, 0.10028644579412252, -0.015504461905123876], [3.9132285963779987, 2.9469052979146353, -0.2520177188082072], [6.939563312641249, 2.6871970990782055, 0.00012581613375199218]]",[-23374.291015625],"[[0.09804511361499077, 0.008655078490668825, -0.002375503684285364], [-0.13722175399284858, -0.7859085081880528, 0.07275398062589648], [-0.08269104271285575, 0.8286227827780994, -0.07672674857701707], [0.12252418893388785, -0.051606336931961205, 0.00737170649790578]]","tensor(-6, dtype=torch.int32)"
"['Bi', 'Bi', 'Bi', 'Bi']","[[0.23670193948531687, 0.31497383104050114, -0.10284830903588041], [3.324473233471311, -0.05252853529347741, -0.237525778391412], [3.952238031954718, 2.917263175072982, 0.010663572394656167], [6.812551653487777, 2.816786097336552, -0.025860697731201806]]",[-23374.216796875],"[[0.11579823077759824, -0.035214347106791645, -0.014609391598532244], [-0.10102728639395589, 0.013310305014583012, 0.007931045156834553], [-1.3078525079005063, 0.08420064105530634, 0.023139452700157027], [1.2916946582849183, -0.06040542813230293, -0.01871261739598581]]","tensor(-6, dtype=torch.int32)"
"['Bi', 'Bi', 'Bi', 'Bi']","[[0.43084431099232195, 0.3813568494956064, 0.010883992078348425], [3.3192288943656036, 0.019577638697003852, -0.2613227591014837], [3.8771499138767416, 3.227268736340233, -0.02055516285565344], [6.91410873467214, 2.7286638023307614, 0.1077938007619565]]",[-23374.171875],"[[-0.8538926270212804, -0.005433031938911401, 0.05010779433919987], [0.7822385135121425, 0.7583400964513423, 0.006710094441037845], [-0.007743426513503655, -0.8709976715637325, -0.050917332326909766], [0.07919140942634284, 0.11776270894214638, -0.007932202153895054]]","tensor(-6, dtype=torch.int32)"
"['Bi', 'Bi', 'Bi', 'Bi']","[[0.3307652173790942, 0.21190491853522217, -0.11138193157181156], [3.237082420750048, 0.13934106154928233, -0.19906157706602207], [4.034550354812801, 3.2548499769959514, -0.1192431483233698], [7.038095179296056, 2.893699227137206, -0.1265975504567165]]",[-23374.2734375],"[[-0.8943936947898172, 0.012588986767184047, 0.020900133740543662], [1.020170588126461, 0.41204234017608604, -0.014835155149395582], [-0.3090271785659141, -0.40922559226572686, -0.00498385482676983], [0.18358468309080084, -0.01614276237391926, -0.0017523754065333673]]","tensor(-6, dtype=torch.int32)"
"['Bi', 'Bi', 'Bi', 'Bi']","[[0.31138545875791823, 0.441090357020543, -0.16030648843734782], [3.232675186873663, -0.06462194424653805, -0.1431870810454268], [3.9931698571109386, 3.134916483570001, 0.03921634863772982], [6.956515123908238, 2.8169888343271006, -0.039155884432990146]]",[-23374.21875],"[[-0.5358624172398271, 0.013013275587001945, -0.003687596972078295], [0.5826863453887746, 0.6907308446657169, 0.0397384524393915], [-0.5280210624951226, -0.7401675292877344, -0.03371216897215574], [0.48282310088186625, 0.03672043846259662, -0.0017636502143327244]]","tensor(-6, dtype=torch.int32)"
"['Bi', 'Bi', 'Bi', 'Bi']","[[0.2401140886012851, 0.1547823028431256, 0.10535947388788644], [3.514314135089458, -0.12181813802102365, 0.008372896446697541], [3.653310042801767, 3.0213532088141757, 0.06892817327080047], [6.980736890829691, 2.6487927049550692, -0.07265690680439761]]",[-23374.2265625],"[[0.537389139138773, -0.07714342178507229, -0.018805681097323383], [-0.5407336319749956, 0.749240957346644, 0.032950232414619446], [0.6509327168890494, -0.7793388217680681, -0.04933676121366345], [-0.6476740989457618, 0.10537985791347039, 0.03674177863060142]]","tensor(-6, dtype=torch.int32)"
"['Bi', 'Bi', 'Bi', 'Bi']","[[0.32990695003173337, 0.11550178545448342, -0.12805513180883515], [3.526004454475035, -0.03868944637349164, -0.00972076071808519], [3.701976296755239, 3.000726063195865, -0.010158100525792385], [6.917221461993762, 2.730243615276383, 0.028833608881322095]]",[-23374.328125],"[[0.33443894778185, -0.04699857814078253, 0.021244795451553278], [-0.33938153638012863, 0.2753272480515539, -0.019066591647780174], [0.42767254770999413, -0.2930538828369988, 0.0016358539754598184], [-0.42294660038353293, 0.06267669049520445, -0.0026466585438262922]]","tensor(-6, dtype=torch.int32)"
"['Bi', 'Bi', 'Bi', 'Bi']","[[0.13507403779368582, 0.21775917308420684, -0.06361335972964562], [3.3464023296002834, -0.08577816976785373, 0.03270324473611084], [3.7816431279971767, 2.98591404774607, -0.05302125792775685], [6.98744401013894, 2.850861399123804, 0.011291191988252307]]",[-23374.373046875],"[[0.4927088437214308, -0.0414335354083725, 0.019246059889595987], [-0.4139061338853248, 0.38353398402742434, -0.028715227223079353], [0.3369020145463369, -0.3666564308181128, 0.020464778886618216], [-0.41650706327733183, 0.027110091776686298, -0.010602602791623752]]","tensor(-6, dtype=torch.int32)"
"['Bi', 'Bi', 'Bi', 'Bi']","[[0.38985077481704056, 0.24723340191804732, -0.1700612204186844], [3.337212767338286, 0.15262600772830506, 0.17976838126858763], [3.937792762748342, 3.120207092843028, -0.017977905537193226], [6.850161855022394, 2.6970572677892015, -0.012303616921454402]]",[-23374.240234375],"[[-0.6110569417540993, -0.018154960239451633, -0.05725011717099523], [0.5786008602129153, -0.01489332381938843, 0.060637136076952675], [-0.6508787236928927, 0.10888442772077478, -0.017681110807771017], [0.6856719392962892, -0.07492445568930545, 0.014522040891568968]]","tensor(-6, dtype=torch.int32)"
"['Bi', 'Bi', 'Bi', 'Bi']","[[0.19541154070561373, 0.45271555745118097, 0.11864762516154309], [3.4063121016196787, 0.04921483594712835, 0.015214242235100364], [3.805770348288217, 3.0759663263956374, -0.07093928623322629], [6.671674961815527, 2.694607303637787, -0.0731642154607227]]",[-23374.185546875],"[[0.33733951370148113, -0.14712734575976225, -0.01813058616804374], [-0.4252793635679615, 0.37048372567215965, 0.009104682406170492], [-0.9989641175597608, -0.10796356090479885, 0.014472094614019415], [1.0889008415084833, -0.11502674513765593, -0.00765746934522214]]","tensor(-6, dtype=torch.int32)"
"['Bi', 'Bi', 'Bi', 'Bi']","[[0.34456589773499013, 0.12666137051038526, -0.04816265215637741], [3.5827995382108972, -0.07101292393516592, 0.04675432033820114], [3.938313190079399, 2.9714369458325445, -0.009364358475797467], [6.889864511110775, 2.954417344973419, -0.09151562746108052]]",[-23374.298828125],"[[0.48110935683585154, -0.0714288333259356, 0.02504529425367896], [-0.46053445239791024, 0.21255599232993783, -0.029020602456123496], [-0.6480237691684911, -0.12470402281796394, 0.013465064941395672], [0.6277105003324979, -0.01872568374945574, -0.006288752107067358]]","tensor(-6, dtype=torch.int32)"
"['Bi', 'Bi', 'Bi', 'Bi']","[[0.42281000867851165, 0.2016504695075586, 0.03088483918039113], [3.2800009511390846, 0.028662664153678317, -0.0008190213029232717], [3.6251450942284973, 3.0382802359321186, 0.11866093686802706], [6.92399188336065, 2.6546924798126876, 0.08556553704490055]]",[-23374.12890625],"[[-1.3047779810450675, 0.0876685983334073, 0.013736995246077594], [1.255563954079582, -0.007440627527247557, -0.006698632456825146], [0.5973899782545415, -0.2320810119241344, -0.01569984333032271], [-0.5490403566484795, 0.14946915923230855, 0.009257159192117097]]","tensor(-6, dtype=torch.int32)"
"['Bi', 'Bi', 'Bi', 'Bi']","[[0.30416557000681155, 0.13076343071584856, -0.02391265535025879], [3.4570533417951728, 0.19401848500315086, 0.05726898687280114], [3.721148830496842, 2.995663158577764, 0.0986114829083974], [6.849428601997548, 2.8253539163124, -0.10112592936581988]]",[-23374.2109375],"[[0.18705881101989114, 0.04128548092230159, 0.02008243506690036], [-0.19587877958941347, -1.4646209816101974, -0.03980627303597351], [0.22273617806587712, 1.4527383646883907, -0.005000166428439236], [-0.21278790596295388, -0.025115685954839862, 0.028734032281969364]]","tensor(-6, dtype=torch.int32)"
"['Bi', 'Bi', 'Bi', 'Bi']","[[0.3149658626478039, 0.15358171338958676, -0.09365209947515991], [3.4210827941396538, -0.03782251570292397, 0.1715421934449414], [3.7076014339131875, 2.9763647905371227, 0.05906914861759617], [6.7856216571623635, 2.5805777438874706, -0.2143789729201248]]",[-23374.322265625],"[[0.043345686452531035, -0.06588450341201313, 0.03903222657587063], [-0.11459608512069154, 0.19486391319003327, -0.044008074982981794], [0.14366972432206843, -0.19138474589596832, -0.031810888558156766], [-0.07142076005755787, 0.05900787852740045, 0.03875562200306428]]","tensor(-6, dtype=torch.int32)"
"['Bi', 'Bi', 'Bi', 'Bi']","[[0.29586181909244547, 0.20604457819258826, -0.05416437899618068], [3.31396670476424, 0.08073382813763452, 0.14627216904884346], [3.700642637067374, 2.869569430193044, 0.08043557318146133], [6.949102178155492, 2.931896876525897, -0.04028788687122029]]",[-23374.173828125],"[[-0.1886294473850446, 0.104873555999795, -0.00598739293937544], [0.1656957601843363, -1.5751023738070136, 0.048939062757400446], [0.4764403337647671, 1.5083199892539598, -0.0674203270211684], [-0.4531084853089716, -0.04007261375930092, 0.02834109036917732]]","tensor(-6, dtype=torch.int32)"
"['Bi', 'Bi', 'Bi', 'Bi']","[[0.22445686100857343, 0.1843854053498794, 0.006025292836217572], [3.4462059711392827, -0.17049353780592175, -0.06745472138630147], [3.934223562026929, 3.0600556527540785, 0.10803302139073491], [6.79428234650307, 2.8716769496020826, 0.01454238462599475]]",[-23374.146484375],"[[0.44717632998036905, -0.14182665371573555, -0.01818325781644692], [-0.4578554128487965, 0.8531655186463699, 0.06027353046740577], [-1.1700243331816804, -0.6890575698057742, -0.011668058244698234], [1.1818735257439617, -0.020084347968707054, -0.031139192629130414]]","tensor(-6, dtype=torch.int32)"
"['Bi', 'Bi', 'Bi', 'Bi']","[[0.09337974320854833, 0.206176554365456, 0.05154803467553409], [3.2608332627746224, 0.07667764932906292, -0.012074648660418836], [3.845605953699081, 3.022560494201008, -0.10834106399995738], [6.912245153652783, 2.6451505902254553, 0.09254311133325051]]",[-23374.3828125],"[[0.27555623062535006, -0.010646882354681426, -0.016449793398312217], [-0.21937615575799801, -0.13498833828934836, 0.025265524787488523], [0.06135185172779304, 0.17126055609070678, 0.006069179776029991], [-0.1139537203527012, -0.02894120674672732, -0.01779256819126598]]","tensor(-6, dtype=torch.int32)"
"['Bi', 'Bi', 'Bi', 'Bi']","[[0.34138146506088146, 0.15824044594758485, 0.028742867644937758], [3.4306655750353965, -0.008326482009823298, -0.25186268790820865], [4.078149755032498, 2.9859450128084335, -0.013141334085104477], [6.847301540755128, 2.7903870191491666, 0.1757672693612443]]",[-23374.091796875],"[[0.0535082858331507, -0.04848592614420738, -0.02046502057044863], [-0.03522291402724851, 0.09509831923503119, 0.024341258971259307], [-1.987973432410968, 0.11951944185672005, -0.12356070403382231], [1.969321097132939, -0.16683044005709288, 0.11986324996100947]]","tensor(-6, dtype=torch.int32)"
"['Bi', 'Bi', 'Bi', 'Bi']","[[0.38690507954065856, 0.39174814551428927, -0.00011901757558230319], [3.3431192108501224, 0.17810294400190624, -0.07351228657157366], [3.637450503806532, 3.048664142148283, 0.0030714352629542968], [6.9187152117968616, 2.733439985789908, 0.07773120005444978]]",[-23374.189453125],"[[-0.6036994688911422, 0.08456234404746485, 0.005440472715562715], [0.5453297385202227, -0.8226161682608923, -0.02829928935093369], [0.5581549223806512, 0.6389580544233182, 0.04068149246125578], [-0.4973137434443178, 0.09893019065522851, -0.02085143701981945]]","tensor(-6, dtype=torch.int32)"
"['Bi', 'Bi', 'Bi', 'Bi']","[[0.49529055691159074, 0.3322819745912572, 0.011204204192853964], [3.1890215275528364, 0.1597238372248124, 0.06635628341407326], [3.7706674318669746, 3.0242338389086703, 0.14952550150351124], [6.788130058787521, 2.6510401585504235, -0.20094293806319774]]",[-23373.736328125],"[[-3.090908905373791, 0.2106339373909414, -0.042381121143132264], [2.9235253692996865, -0.8734232516234591, 0.029576830078511814], [-0.009542978603734193, 0.6120349899359098, 0.014555696650506664], [0.1763531943522095, 0.05110186050253683, -0.001823278757505469]]","tensor(-6, dtype=torch.int32)"
"['Bi', 'Bi', 'Bi', 'Bi']","[[0.4143352956522597, 0.2120330664902383, -0.09738577634245356], [3.379591781473518, -0.07769196366504681, 0.07888322015443364], [3.903034365555437, 3.098101811689982, -0.0744233324440077], [6.879821897660878, 2.6754843969857616, -0.0522000104389421]]",[-23374.234375],"[[-0.5080481050611914, -0.05311902059990647, -0.014125864529216674], [0.45423385778315256, 0.7125636363078354, -0.020063167209186144], [-0.3175066814670996, -0.7069745691742402, 0.02952075428764618], [0.3716518813265334, 0.04642839970494915, 0.005574535250515295]]","tensor(-6, dtype=torch.int32)"
"['Bi', 'Bi', 'Bi', 'Bi']","[[0.3438183950448559, 0.29313789300978227, 0.06268905363060281], [3.4114849802827325, -0.17080157853418776, 0.2787435434709708], [3.8625485167705023, 3.2135467741716215, 0.0132025525263822], [6.791856466730186, 2.5557948072159125, 0.013640988116624734]]",[-23374.02734375],"[[-0.0372289463840007, -0.19486833548990895, 0.027357730285306855], [-0.14335198721820896, 1.2436525407864918, -0.11422111522890595], [-0.264814001428465, -1.1398318521117528, 0.0912132773721424], [0.44542659047024996, 0.09565110671949295, -0.0014567570011451987]]","tensor(-6, dtype=torch.int32)"
"['Bi', 'Bi', 'Bi', 'Bi']","[[0.22109769270208413, 0.25342925710384795, -0.1584455652692064], [3.5612027440553047, 0.007113583114368282, 0.027786081545165885], [3.739707043119724, 3.250105379799893, -0.04282517111881992], [6.855392236638651, 2.7400709873187936, 0.12971925044606678]]",[-23374.181640625],"[[0.5591895348631973, -0.1503746508429027, 0.03908671856631567], [-0.6237175749214787, 1.066035494267482, -0.06615482934743781], [0.3374379355847611, -1.0029159052975176, 0.044387132931047825], [-0.27793789621886916, 0.0832816768567188, -0.01756584818949929]]","tensor(-6, dtype=torch.int32)"
"['Bi', 'Bi', 'Bi', 'Bi']","[[0.4611782944150864, 0.3603130896011846, 0.10767804478143045], [3.4805175217183733, -0.11787615362395848, 0.02158710473183551], [3.8559789872291246, 2.995601999902727, -0.07552154067003247], [6.890182278479364, 2.703557511932593, -0.12027948795790692]]",[-23374.2734375],"[[-0.17233203821291415, -0.07463664624274428, 0.002159378176046459], [0.06581714047204615, 0.60104557474481, -0.02301345314916385], [-0.14286512285515, -0.6048760063464431, 0.027114400947960523], [0.25025507032839805, 0.07803317823564362, -0.006800921281391781]]","tensor(-6, dtype=torch.int32)"
"['Bi', 'Bi', 'Bi', 'Bi']","[[0.26740831939027077, 0.14618327824532873, 0.051256545707632814], [3.4066424964755515, 0.10329223213208619, -0.009183305278705412], [3.870514582433863, 3.085923545264208, 0.0010164210980117476], [6.814079090148666, 2.6513755368421843, 0.08279665983287449]]",[-23374.328125],"[[0.11007078679556706, -0.049462297965832416, -0.011732135313013379], [-0.12220933146715673, 0.01610023630418439, 0.011476778348446993], [-0.43460990208476025, 0.10778234945407855, -0.00818196439489777], [0.4485466258767352, -0.07517971495189782, 0.00603233584741447]]","tensor(-6, dtype=torch.int32)"
"['Bi', 'Bi', 'Bi', 'Bi']","[[0.3718078041589941, 0.07855029718129533, 0.19947959909915366], [3.5522084277748043, 0.019225450625563606, 0.1454455259435921], [3.9285251115039324, 2.919534178044968, 0.08948590991399336], [6.887494499063508, 2.88892673871326, 0.017019574950703418]]",[-23374.26953125],"[[0.3105137912334294, -0.009836495902460492, -0.007754518258656994], [-0.2987287734414374, -0.6063939864898209, 0.01575498323912163], [-0.5986333644288937, 0.6773472168907531, 0.0014878370275157597], [0.5877550209556021, -0.0630313486608168, -0.009205022333466328]]","tensor(-6, dtype=torch.int32)"
"['Bi', 'Bi', 'Bi', 'Bi']","[[0.22445686100857343, 0.1843854053498794, 0.006025292836217572], [3.4462059711392827, -0.17049353780592175, -0.06745472138630147], [3.934223562026929, 3.0600556527540785, 0.10803302139073491], [6.79428234650307, 2.8716769496020826, 0.01454238462599475]]",[-23374.146484375],"[[0.44717632998036905, -0.14182665371573555, -0.01818325781644692], [-0.4578554128487965, 0.8531655186463699, 0.06027353046740577], [-1.1700243331816804, -0.6890575698057742, -0.011668058244698234], [1.1818735257439617, -0.020084347968707054, -0.031139192629130414]]","tensor(-6, dtype=torch.int32)"
"['Bi', 'Bi', 'Bi', 'Bi']","[[0.3307652173790942, 0.21190491853522217, -0.11138193157181156], [3.237082420750048, 0.13934106154928233, -0.19906157706602207], [4.034550354812801, 3.2548499769959514, -0.1192431483233698], [7.038095179296056, 2.893699227137206, -0.1265975504567165]]",[-23374.2734375],"[[-0.8943936947898172, 0.012588986767184047, 0.020900133740543662], [1.020170588126461, 0.41204234017608604, -0.014835155149395582], [-0.3090271785659141, -0.40922559226572686, -0.00498385482676983], [0.18358468309080084, -0.01614276237391926, -0.0017523754065333673]]","tensor(-6, dtype=torch.int32)"
"['Bi', 'Bi', 'Bi', 'Bi']","[[0.30282808193989136, 0.3508649562637941, -0.051196482742986146], [3.341064069106554, -0.08013023486521458, 0.23953271970858953], [3.8062606080568333, 2.9617063631347116, -0.05996278386631594], [7.075405568107125, 2.678010909914905, 0.11842652396762353]]",[-23374.33984375],"[[0.038597031130429074, 0.0070186424171323454, 0.00941288585425142], [-0.004899804903864938, 0.34908781612008655, -0.043616104947720565], [0.4752806113334121, -0.4519575560552764, 0.06612485026804794], [-0.509134910966689, 0.09716595011528448, -0.032895107932448]]","tensor(-6, dtype=torch.int32)"
"['Bi', 'Bi', 'Bi', 'Bi']","[[0.28404561031484993, 0.23772562059297034, 0.14185331427091905], [3.4876081631026064, 0.031098440885601996, 0.020923840486128064], [3.8405515302334794, 2.9892060972261554, -0.18610119741165768], [6.921895799627557, 2.8159855029058507, -0.03421221943932125]]",[-23374.353515625],"[[0.38518077651020466, -0.04468539648882676, -0.029770218280517742], [-0.375044968039297, -0.11150844563190027, 0.03647633265166746], [0.01583371560353646, 0.16603920833398467, 0.006128176341697244], [-0.025880964948328717, -0.010514470468868494, -0.016382065361495047]]","tensor(-6, dtype=torch.int32)"
"['Bi', 'Bi', 'Bi', 'Bi']","[[0.4104761476970864, 0.36508511842299946, -0.03815731495891284], [3.2337681587061993, -0.09768498942069273, -0.016347036071052964], [3.6958786949653386, 3.1566979506892303, -0.04147055667337665], [6.938299951228545, 2.942445770168737, -0.012276643224796834]]",[-23374.111328125],"[[-1.2184834838428031, 0.1316102668273255, -0.010263371253484754], [1.1643817870728443, 0.6734545645583108, 0.0010110087140700378], [0.4402513169075817, -0.9692169518028974, 0.015948875377625023], [-0.388364626732338, 0.1658651959760853, -0.007134300985509218]]","tensor(-6, dtype=torch.int32)"
"['Bi', 'Bi', 'Bi', 'Bi']","[[0.2517166182036577, 0.26852936191411475, -0.10883498370301599], [3.36144598376714, -0.11040755501381469, -0.06117617451968675], [3.933468476956577, 3.046760562355667, -0.03832289140488999], [6.878495272316967, 2.7979668241576814, -0.04683239426261653]]",[-23374.2890625],"[[0.17078983826440325, -0.08611369712827664, 0.005650835349998491], [-0.14165989187274863, 0.6749298643656789, -0.0015364221623012481], [-0.6341799136739056, -0.5837122161157524, -0.004600022851721713], [0.606047915813502, -0.003384759933474429, 0.0013783516812328064]]","tensor(-6, dtype=torch.int32)"
"['Bi', 'Bi', 'Bi', 'Bi']","[[0.16489512298764575, 0.3020813407408025, -0.008913895700979998], [3.3301502017670366, -0.04960368620853314, 0.10585753074384524], [3.8185863712884, 2.852993218736067, 0.08706280777172627], [6.955784930290534, 2.6481751998585548, 0.06700738248758348]]",[-23374.34765625],"[[0.3587927588856635, -0.017992944655517342, 0.021598893116367427], [-0.34513736535671075, -0.4076733650093583, -0.015437611232112371], [0.18771850503274323, 0.4367020098806045, -0.01066552800508755], [-0.20186513380253904, -0.00867845497350011, 0.006895049420025013]]","tensor(-6, dtype=torch.int32)"
"['Bi', 'Bi', 'Bi', 'Bi']","[[0.2688086727436381, 0.21709887665973593, -0.0004503798101009531], [3.289032660763127, 0.06235927651240808, -0.1094708737668143], [3.9135776848182204, 2.954744689796441, -0.06693667180805865], [6.917522642283864, 2.820073637656771, -0.07331612108535314]]",[-23374.306640625],"[[-0.23306672199759002, 0.046919655514628865, 0.0031772157438780336], [0.2537669420727065, -0.5396655951329239, -0.01621267584962849], [-0.34863432469446165, 0.5463324693059906, 0.014704316779584932], [0.32716914958503324, -0.05331025935848444, -0.0030632633604997135]]","tensor(-6, dtype=torch.int32)"
"['Bi', 'Bi', 'Bi', 'Bi']","[[0.30416557000681155, 0.13076343071584856, -0.02391265535025879], [3.4570533417951728, 0.19401848500315086, 0.05726898687280114], [3.721148830496842, 2.995663158577764, 0.0986114829083974], [6.849428601997548, 2.8253539163124, -0.10112592936581988]]",[-23374.2109375],"[[0.18705881101989114, 0.04128548092230159, 0.02008243506690036], [-0.19587877958941347, -1.4646209816101974, -0.03980627303597351], [0.22273617806587712, 1.4527383646883907, -0.005000166428439236], [-0.21278790596295388, -0.025115685954839862, 0.028734032281969364]]","tensor(-6, dtype=torch.int32)"
"['Bi', 'Bi', 'Bi', 'Bi']","[[0.30419773560625424, 0.4055125749863838, -0.17454686833152064], [3.319901250189742, -0.009487821375803809, 0.08889480335350865], [3.8244650358345718, 3.0479074185058326, 0.018390356581289968], [6.895553217800687, 2.8202972290697166, -0.018637928758545193]]",[-23374.349609375],"[[-0.10493850210145782, -0.01790373246883895, 0.007360774161236333], [0.10141413478889597, 0.3404479791373614, -0.011972595297649663], [-0.06262151459094142, -0.370315832543158, -0.005495499495760159], [0.06526697551425488, 0.04929040419810603, 0.012464761278350308]]","tensor(-6, dtype=torch.int32)"
"['Bi', 'Bi', 'Bi', 'Bi']","[[0.09172221048956447, 0.2578081148295933, -0.07083861282638403], [3.4076158760197144, -0.011410734332249695, -0.21538447676639316], [3.752387103596357, 3.0682727297921035, -0.17105096457003138], [7.082346177437074, 2.8209286401831344, -0.09484486548629062]]",[-23374.279296875],"[[0.6818595054267084, -0.04795076101052935, -0.04385861667381081], [-0.5941359882994959, 0.4468784932259502, 0.04748973624848825], [0.6017551996085843, -0.4478960335740924, 0.019936895121107606], [-0.6902083962152861, 0.04934431511891623, -0.02840240607117473]]","tensor(-6, dtype=torch.int32)"
"['Bi', 'Bi', 'Bi', 'Bi']","[[0.37910392068258814, 0.1705051324266972, -0.13658522899232156], [3.480904734713664, 0.07925257489554798, -0.07455742114992671], [3.80853396156707, 2.853630758784119, 0.08997207363571628], [6.907399683268661, 2.7779815206357954, -0.02825719092712346]]",[-23374.166015625],"[[0.051972513646087, 0.034988763533248826, 0.013270828274878705], [-0.11102677490009065, -1.6341930419018542, -0.1079632523722494], [0.10263319831393176, 1.6356734839183802, 0.0889261770050349], [-0.04327500164544813, -0.037170983402374166, 0.009596354734791989]]","tensor(-6, dtype=torch.int32)"
"['Bi', 'Bi', 'Bi', 'Bi']","[[0.29586181909244547, 0.20604457819258826, -0.05416437899618068], [3.31396670476424, 0.08073382813763452, 0.14627216904884346], [3.700642637067374, 2.869569430193044, 0.08043557318146133], [6.949102178155492, 2.931896876525897, -0.04028788687122029]]",[-23374.173828125],"[[-0.1886294473850446, 0.104873555999795, -0.00598739293937544], [0.1656957601843363, -1.5751023738070136, 0.048939062757400446], [0.4764403337647671, 1.5083199892539598, -0.0674203270211684], [-0.4531084853089716, -0.04007261375930092, 0.02834109036917732]]","tensor(-6, dtype=torch.int32)"
"['Bi', 'Bi', 'Bi', 'Bi']","[[0.38143606076855063, 0.24060912589218236, -0.11283489960317075], [3.451164744359484, -0.0883346125486989, -0.00718108253300929], [3.9796173725764707, 3.0303624438117747, 0.09346613060136628], [6.895618454814976, 2.7088051180566173, 0.008104559268755848]]",[-23374.263671875],"[[-0.029402349779579052, -0.07954745598842779, 0.00925611018144891], [0.006406323577250927, 0.5844089854566321, 0.011089158622133251], [-0.7344031128218589, -0.4763485453313006, -0.008098233803181578], [0.7572869720158282, -0.028209496094620475, -0.010088335595962953]]","tensor(-6, dtype=torch.int32)"
"['Bi', 'Bi', 'Bi', 'Bi']","[[0.1571659407155531, 0.2852858365356976, 0.01266148662540396], [3.337416314804551, -0.057672683353656926, -0.045045121245523664], [3.810953269851462, 2.936718656620586, 0.0030824863418334545], [7.0376457492183, 2.6345880426584745, -0.07773877372286186]]",[-23374.36328125],"[[0.4006465876173383, -0.02730726464463236, -0.00881061489106431], [-0.3372968333654715, 0.1150947765648134, 0.00889676746329382], [0.41779462102834936, -0.1316663683292369, -0.015924861260858174], [-0.48083044341113346, 0.04451093161652147, 0.016405601252810223]]","tensor(-6, dtype=torch.int32)"
"['Bi', 'Bi', 'Bi', 'Bi']","[[0.41170653338984925, 0.3615543866306562, 0.0805222837075644], [3.5201117981155776, 0.006499515024318666, 0.02135465448998448], [3.8236971373323763, 2.968822411314702, 0.07070054219689875], [6.8465464501454045, 2.6916272049044543, -0.11503759802315279]]",[-23374.296875],"[[0.07370991730832849, -0.0726223914935488, 0.0034665040897929704], [-0.16748925989438812, -0.0527077981335585, -0.0015253412157871398], [-0.1737394608593996, 0.11012318590688489, 0.0009106219926708671], [0.2677073682552752, 0.016554277946189223, -0.0024650876526858627]]","tensor(-6, dtype=torch.int32)"
"['Bi', 'Bi', 'Bi', 'Bi']","[[0.33820745616568615, 0.35556317707446117, 0.0521591711604463], [3.606651220657794, 0.0036650518887040885, -0.04238422334339129], [3.7980561687892043, 2.862799398561044, -0.20926652173762328], [6.8387676949399365, 2.75831108862829, -0.1152529581844082]]",[-23374.208984375],"[[0.49858731438642606, -0.09972641032121976, -0.02892692683189615], [-0.5392295357963438, -0.7320094144589104, 0.07147490751998935], [-0.20195676796973072, 0.8682969833140645, -0.04036788969355918], [0.24081171174267763, -0.03492567891130113, -0.006753947200735426]]","tensor(-6, dtype=torch.int32)"
"['Bi', 'Bi', 'Bi', 'Bi']","[[0.3856248620044328, 0.14433351287459303, -0.05686914339068047], [3.4639840456943385, -0.03810272354590569, 0.1187365570391768], [4.093018306125882, 3.2395597026665577, 0.08430065657937294], [6.883302801502052, 2.813478175254014, -0.05310992573715359]]",[-23374.083984375],"[[-0.03918723332872286, -0.12860135456073987, 0.01488244804701972], [0.028839936079573924, 0.8916940349819807, -0.02160628761313632], [-1.4871001489434492, -0.6168594105677424, 0.07323457149378294], [1.4977733182713453, -0.14931257896345404, -0.06411882305350491]]","tensor(-6, dtype=torch.int32)"
"['Bi', 'Bi', 'Bi', 'Bi']","[[0.3690470133507194, 0.3530136316016401, -0.08361075078367186], [3.172603451621373, 0.02464157307686547, -0.006313485488554692], [3.8309072016065993, 3.1221807386353975, 0.05012417756875907], [6.860584559714926, 2.6606369762975155, 0.032058201189878476]]",[-23374.111328125],"[[-1.6220615420568107, 0.12550687593376875, -0.04182824109890567], [1.5964975634498044, 0.3297541381286511, 0.0476627561600202], [-0.10902126190646341, -0.5334430078310898, -0.009725084798847948], [0.13258558963828232, 0.07892591716752646, 0.004648982339333888]]","tensor(-6, dtype=torch.int32)"
"['Bi', 'Bi', 'Bi', 'Bi']","[[0.43857488417050094, 0.4208189393117334, -0.08041165387922314], [3.4034633830725185, 0.017370203295856153, 0.04457673894949877], [3.7298847625412903, 2.983562007385122, -0.009300931201983935], [6.813087665833763, 2.9655158024744224, 0.01585728819074367]]",[-23374.287109375],"[[-0.4053213699626795, 0.0239394930275525, -0.008720086298841528], [0.3273700556968278, -0.1846839331424603, 0.012704748179744076], [-0.050376263937118596, 0.10484563380406824, -0.006886564774914669], [0.12962002619489685, 0.05790158364919485, 0.003955065896094924]]","tensor(-6, dtype=torch.int32)"
"['Bi', 'Bi', 'Bi', 'Bi']","[[0.26188490582346713, 0.26411464923289835, 0.050619888311234706], [3.338964843318333, 0.23084382041980167, -0.0823117907739661], [3.8430926216826764, 3.205771833801646, -0.19198938034413263], [6.881071108108867, 2.885069058809301, -0.04733889565794875]]",[-23374.3671875],"[[-0.05052066745468748, -0.0076174012514646896, -0.012027858619468366], [0.07703548681485041, -0.07228691376809498, 0.013502325388952973], [-0.08077685535387073, 0.10262054847940363, 0.0051508480691688585], [0.055360663838059154, -0.022835157331036016, -0.010337480771866733]]","tensor(-6, dtype=torch.int32)"
"['Bi', 'Bi', 'Bi', 'Bi']","[[0.21767186488889234, 0.1514080261450995, -0.02751897419776803], [3.36153944396471, 0.1582219541681614, -0.12123262928461206], [3.793104023305711, 2.9361899886947245, -0.10859231916115882], [6.8441159619766605, 2.762824136280266, -0.13184114963451704]]",[-23374.185546875],"[[0.17789164048803524, 0.046305038107253914, -0.010897307940665497], [-0.2438643327871044, -1.5753738824505445, -0.001438386973149932], [-0.012972395024197565, 1.608285563723108, 0.012758468838815443], [0.07921686336167387, -0.07637548426944887, -0.00222415715591164]]","tensor(-6, dtype=torch.int32)"
"['Bi', 'Bi', 'Bi', 'Bi']","[[0.2870814139572282, 0.46720165261988045, 0.16471258387772453], [3.313600294294639, -0.05682744543727017, 0.03240658637171253], [3.7552562090649797, 3.0914321989761167, 0.015594467453522763], [6.580880104780044, 2.727022587515303, 0.04420612257509596]]",[-23374.0546875],"[[-0.18710174846635866, -0.13957004664893372, -0.0035709552133104533], [0.005559010921067946, 0.7495073237810171, -0.001431627539212025], [-1.3128620480620192, -0.5615148418443472, -0.002159210540027915], [1.4962275701985155, -0.04965625695305487, 0.00537560888924643]]","tensor(-6, dtype=torch.int32)"
"['Bi', 'Bi', 'Bi', 'Bi']","[[0.4288674554557301, 0.2951565894451102, -0.03443814185196522], [3.4031500633739578, -0.03797115103412975, 0.04975107288528497], [3.776035268922384, 2.9357315599583735, 0.038703399492270946], [6.9603590722663675, 2.8581449466242956, -0.026788528931310573]]",[-23374.322265625],"[[-0.3764858664673996, 0.055415222677223236, 0.00013853882802443174], [0.3598267028810191, -0.15779352168320365, 0.002821010801751025], [0.27168095895986105, 0.05012622915903052, -0.015266195689837649], [-0.25596960736544316, 0.05474555277860505, 0.014957745415717148]]","tensor(-6, dtype=torch.int32)"
"['Bi', 'Bi', 'Bi', 'Bi']","[[0.17840584423270286, 0.22725035801627044, -0.004517044626518306], [3.4763912347943204, 0.3753189203737561, 0.04210710665693865], [3.7365314562941134, 2.9928533940608406, -0.022588158292751563], [6.795004777678214, 2.7648152892673936, -0.11918062345992718]]",[-23373.693359375],"[[0.4691851908640499, 0.07385564751586007, 0.01223449315226475], [-0.5993249915606156, -3.853223415283184, 0.0800644022750598], [0.12988335872586693, 3.9034304028370372, -0.10254259258857162], [0.0019121376744147202, -0.11952304140313048, 0.014131222711159087]]","tensor(-6, dtype=torch.int32)"
"['Bi', 'Bi', 'Bi', 'Bi']","[[0.3992490615657168, 0.15294147681594403, -0.10945961327056535], [3.3813885370376124, 0.0402499310102304, 0.21155360316387412], [3.7236846310701734, 2.9629749860689687, 0.05388160321418669], [6.901096247467036, 2.7469920599421727, -0.024060348608435065]]",[-23374.29296875],"[[-0.3914532432408693, 0.029349235901188302, -0.026189662048488792], [0.3626415481739899, -0.423565002456848, 0.05101745628142097], [0.3259078171007204, 0.3426474048383287, -0.05049173224375664], [-0.2959968719821816, 0.053582385067114366, 0.02777305623456273]]","tensor(-6, dtype=torch.int32)"
"['Bi', 'Bi', 'Bi', 'Bi']","[[0.4920942087563059, 0.39545351144606566, -0.09590227903853288], [3.445259173696347, 0.13662220790478521, -0.058555201918693844], [4.058644489059282, 2.8284581685886603, 0.21209315012314064], [7.024009929334766, 2.72972204071307, -0.0412464393422898]]",[-23373.9921875],"[[-0.578576177608958, 0.11570865349406964, 0.0075362571909548615], [0.3084227633015082, -2.0642637616967643, -0.2081264933614229], [-0.2795853571888399, 2.0277201380960577, 0.24786435444676122], [0.547893129785378, -0.0803780770336846, -0.04738269088045066]]","tensor(-6, dtype=torch.int32)"
"['Bi', 'Bi', 'Bi', 'Bi']","[[0.26784509373517124, 0.387568827636047, 0.06825253688132878], [3.46597221749243, 0.09421268373848227, -0.0897736533761388], [3.9507909572931625, 3.0301080225918726, -0.05298351599301986], [6.819336106369546, 2.7292640003373294, 0.25121209166317965]]",[-23374.22265625],"[[0.33712744899581415, -0.08712064452555386, -0.043329673613213694], [-0.3861906549667018, -0.15283854036085479, 0.042055711863209395], [-0.9324182746279651, 0.36600835819795724, -0.08295216409388802], [0.9835539451557144, -0.12472243192674883, 0.08232440319990576]]","tensor(-6, dtype=torch.int32)"
"['Bi', 'Bi', 'Bi', 'Bi']","[[0.11054829895539078, 0.33864159950023753, -0.061690222389801194], [3.3053330600168893, -0.13334429304128317, 0.08200397370415743], [3.835519795359173, 3.0973558105422634, -0.09321823452476147], [6.793967483130344, 2.717410084922095, -0.057567416763508274]]",[-23374.224609375],"[[0.41215392611481, -0.15874632161804944, 0.03161829225636113], [-0.4133837368569856, 0.9650399353040297, -0.07794771471944126], [-0.4381572550722573, -0.8190253636060119, 0.042515080833901694], [0.4412901460016371, 0.012424888588540852, 0.006139802876602993]]","tensor(-6, dtype=torch.int32)"
"['Bi', 'Bi', 'Bi', 'Bi']","[[0.3511151643449649, 0.13791246650868907, -0.11687885163688971], [3.35031473983049, 0.2176697211695998, 0.00014891319526997096], [3.940390115873679, 3.1691304296172635, -0.06510731284126788], [6.934781249879283, 2.679877605199568, -0.009431240074768874]]",[-23374.328125],"[[-0.438358521138693, -0.006897013743923286, -0.010850662961395242], [0.4564110177184666, -0.16988630069328906, 0.017856490993306388], [-0.14975059233951404, 0.21183289487817025, -0.010870671297228176], [0.13256301534007964, -0.031837874871816815, 0.005349512177770677]]","tensor(-6, dtype=torch.int32)"
"['Bi', 'Bi', 'Bi', 'Bi']","[[0.3438183950448559, 0.29313789300978227, 0.06268905363060281], [3.4114849802827325, -0.17080157853418776, 0.2787435434709708], [3.8625485167705023, 3.2135467741716215, 0.0132025525263822], [6.791856466730186, 2.5557948072159125, 0.013640988116624734]]",[-23374.02734375],"[[-0.0372289463840007, -0.19486833548990895, 0.027357730285306855], [-0.14335198721820896, 1.2436525407864918, -0.11422111522890595], [-0.264814001428465, -1.1398318521117528, 0.0912132773721424], [0.44542659047024996, 0.09565110671949295, -0.0014567570011451987]]","tensor(-6, dtype=torch.int32)"
"['Bi', 'Bi', 'Bi', 'Bi']","[[0.32292386891609903, 0.16140152257210483, -0.13667174459620862], [3.410199573766925, 0.14385796478525417, -0.030400258809981335], [3.737270260446936, 3.008497622274316, -0.015526983771734596], [6.8849929797268095, 2.731614147862157, -0.0800030818411193]]",[-23374.28515625],"[[-0.03298364648972672, 0.02448610471881576, 0.010215800676566097], [0.009787840319409541, -0.8575657070226855, -0.011527763352246421], [0.295893410733927, 0.8194763353491494, -0.011931915281002436], [-0.27273794005224344, 0.014704378486094825, 0.016998389982310378]]","tensor(-6, dtype=torch.int32)"
"['Bi', 'Bi', 'Bi', 'Bi']","[[0.18343084763612286, 0.3062119788802662, 0.16221543154613696], [3.3806958800488394, -0.05979068674966842, 0.15969388554411332], [3.935063189458778, 3.1233013952447326, -0.053240339701823784], [6.969051782300267, 2.9003078703413867, -0.2787748984776495]]",[-23374.330078125],"[[0.4494148878930271, -0.09527716526953892, 0.008501470418707508], [-0.37828759371210385, 0.7599686340916124, -0.051966394417189234], [-0.16063623774980967, -0.6891629850935087, 0.04312463830746538], [0.09073253223798118, 0.0269793202555947, 0.0002519724653429147]]","tensor(-6, dtype=torch.int32)"
"['Bi', 'Bi', 'Bi', 'Bi']","[[0.24876748220940126, 0.2067319465610108, 0.006319392320761672], [3.4826115199102827, 0.052614948072343175, 0.08348484982088747], [3.892065183818129, 3.00928287439691, -0.06145319755718597], [6.89514248018833, 2.7511298732379887, -0.0626590623765117]]",[-23374.328125],"[[0.42398326974974215, -0.05272260769593291, 0.017875429749634505], [-0.40897506383555965, -0.1098728117429924, -0.011057929985918032], [-0.286305658915056, 0.2191069096864965, -0.01003474349212053], [0.2729674368469554, -0.0582539278206862, 0.005202054187962069]]","tensor(-6, dtype=torch.int32)"
"['Bi', 'Bi', 'Bi', 'Bi']","[[0.3273083411847895, 0.16246034278849641, -0.07329926400043166], [3.4318943166586857, 0.14138448986635857, -0.2159585133943881], [3.7245539117033366, 2.930131772123392, 0.23259626453351678], [6.91694594425025, 2.6286587940733974, -0.014677511320499775]]",[-23374.21875],"[[0.022040686016158422, 0.03426403600117826, 0.004103003654017953], [-0.054351556712935664, -1.1671909759357415, -0.19406825916704937], [0.4436982939723188, 1.1006502752131035, 0.1537236688231841], [-0.4109363538304299, 0.033495609975684834, 0.03577324353573284]]","tensor(-6, dtype=torch.int32)"
"['Bi', 'Bi', 'Bi', 'Bi']","[[0.40154824656089727, 0.4103872076991436, -0.02660671583537408], [3.375841045355567, 0.03819499611159748, 0.12115836459485134], [3.825972666591346, 3.010642550678017, -0.10651041558034798], [6.8893307070178995, 2.7796943233339055, 0.08035111879093829]]",[-23374.302734375],"[[-0.39346739514588164, 0.01767170056501227, -0.01630143037969184], [0.33283992642214555, -0.02650183528203953, 0.013518173677577261], [-0.04587127733816738, -0.0368358039250515, 0.006415137323747369], [0.10738768490121865, 0.04672034862988232, -0.003858011840450912]]","tensor(-6, dtype=torch.int32)"
"['Bi', 'Bi', 'Bi', 'Bi']","[[0.3295252408252543, 0.1691415239254591, -0.005928559981132896], [3.6016040068053425, 0.005795995368334993, 0.08770039287620501], [3.9135111206741953, 3.1639529767628707, 0.10345478088369112], [6.994013920650245, 2.668718571797755, 0.05662382162712853]]",[-23374.30078125],"[[0.46635846706792466, -0.10960829650391599, 0.0242880422486854], [-0.47625171753285955, 0.7698751000340829, -0.02044060536136747], [0.1826205188737164, -0.7162876241799023, -0.01166713778925899], [-0.17487131251711938, 0.053586138879799544, 0.010757846086097244]]","tensor(-6, dtype=torch.int32)"
"['Bi', 'Bi', 'Bi', 'Bi']","[[0.08876938832938411, 0.15459849542656912, -0.035952524405998054], [3.434799587468231, 0.00483330549756595, 0.11348882837897617], [3.694924300528391, 3.001284261206833, 0.034375369224647304], [6.941330656693939, 2.7360973525868424, -0.12299881576559844]]",[-23374.294921875],"[[0.6635285582210407, -0.036096709060594076, 0.04691755235108333], [-0.5941262181020962, 0.06988776466343938, -0.04923899753315566], [0.4893834284811836, -0.053588247185554244, -0.04042193945401664], [-0.5592054757115865, 0.017866538870000698, 0.047733996325692134]]","tensor(-6, dtype=torch.int32)"
"['Bi', 'Bi', 'Bi', 'Bi']","[[0.49529055691159074, 0.3322819745912572, 0.011204204192853964], [3.1890215275528364, 0.1597238372248124, 0.06635628341407326], [3.7706674318669746, 3.0242338389086703, 0.14952550150351124], [6.788130058787521, 2.6510401585504235, -0.20094293806319774]]",[-23373.736328125],"[[-3.090908905373791, 0.2106339373909414, -0.042381121143132264], [2.9235253692996865, -0.8734232516234591, 0.029576830078511814], [-0.009542978603734193, 0.6120349899359098, 0.014555696650506664], [0.1763531943522095, 0.05110186050253683, -0.001823278757505469]]","tensor(-6, dtype=torch.int32)"
"['Bi', 'Bi', 'Bi', 'Bi']","[[0.3489979175251717, 0.36270775572939573, -0.041301928683529346], [3.2643526328941315, 0.08642677268348271, 0.010214155045463448], [3.6872478021778035, 3.035275625449703, -0.007089504818418676], [6.98944786632509, 2.758493822410179, -0.09871596672333084]]",[-23374.232421875],"[[-0.768557151826943, 0.12295186646954072, -0.005736771949443374], [0.7615740317906726, -0.31520425731670193, 0.009609580496745809], [0.5543070072678817, 0.09388259814594796, -0.02695158832160677], [-0.5470765469711218, 0.09869303196887153, 0.02583204711261072]]","tensor(-6, dtype=torch.int32)"
"['Bi', 'Bi', 'Bi', 'Bi']","[[0.4267354106252186, 0.43117535843502663, -0.10154350174026124], [3.3282458741309138, 0.06310924521479176, 0.05594318098080705], [3.874022148002123, 3.020484290706035, -0.12018415426119966], [7.091999543135013, 2.8079968693868826, -0.07794850514404938]]",[-23374.28515625],"[[-0.7378684475732893, 0.13419870065107908, -0.03600185072826044], [0.7456789490630471, -0.2033677901626266, 0.044155682096855976], [0.36332541056988354, -0.0005667084730937088, -0.003206569016413411], [-0.3735818552676328, 0.07151254849102431, -0.005657571643995188]]","tensor(-6, dtype=torch.int32)"
"['Bi', 'Bi', 'Bi', 'Bi']","[[0.40750939979048956, 0.2800111514357946, -0.04235336121317112], [3.413630316350878, 0.02495545494991316, 0.0837718309642902], [3.9302836887595034, 2.915819805646867, 0.08742494984737104], [6.935746756757394, 2.852022686533491, 0.19010418553556868]]",[-23374.27734375],"[[-0.2636490339437691, 0.04243573654659709, -0.007242066262828894], [0.2379413305908027, -0.607753586591139, 0.010295237523635542], [-0.352107218493354, 0.5872706248529388, -0.013415005535244646], [0.37614792048155005, -0.022599489885334785, 0.00935986967783467]]","tensor(-6, dtype=torch.int32)"
"['Bi', 'Bi', 'Bi', 'Bi']","[[0.34531039523352414, 0.39128936881328785, -0.20671148508050136], [3.50337880182313, -0.042547707304246465, -0.024396057998580318], [3.745102824148324, 3.041739172613119, -0.10788725222616025], [6.9736761717785525, 2.7139119058032755, -0.032542084782474334]]",[-23374.302734375],"[[0.316889924900715, -0.08308149065420628, 0.030332333732391723], [-0.3495529289384081, 0.5565772926110432, -0.042893675983143524], [0.44077566797540085, -0.5718697084253764, 0.022164140173618497], [-0.4075110768883386, 0.09879448775555459, -0.008230558271438829]]","tensor(-6, dtype=torch.int32)"
"['Bi', 'Bi', 'Bi', 'Bi']","[[0.31181853974003354, 0.33861427935618094, -0.17531175273504454], [3.4980651510003886, -0.08816541820140622, 0.08699825893514977], [3.7978979619522244, 3.1815417293599646, -0.13059389622514073], [6.750339226897601, 2.671377602733693, -0.07149869047568749]]",[-23374.123046875],"[[0.27777812778033684, -0.19622125071932187, 0.04781551576747048], [-0.4381085583515331, 1.1404730855937284, -0.11930696577432041], [-0.29676095284093673, -0.9955702595156235, 0.059243288862643795], [0.4578970647429746, 0.053550606214519264, 0.014617187187615443]]","tensor(-6, dtype=torch.int32)"
"['Bi', 'Bi', 'Bi', 'Bi']","[[0.33950145083107935, 0.18577168627435478, 0.018233398465534074], [3.4397054226843835, -0.0046892356233241735, -0.12725624927043477], [3.687866913762705, 3.1006883566564616, -0.18076249833872426], [6.918078292054465, 2.8542834653732183, 0.08278397058920937]]",[-23374.326171875],"[[0.08314818510698273, -0.03961834071788398, -0.030078509146154356], [-0.1040635552132609, 0.4963968875514849, 0.013315051273635645], [0.4791687899438872, -0.5499854946916801, 0.07314540558698698], [-0.45895851955732425, 0.0932509291730058, -0.05969842579519924]]","tensor(-6, dtype=torch.int32)"
"['Bi', 'Bi', 'Bi', 'Bi']","[[0.24569790165105415, 0.2849410213947138, -0.15996777244944643], [3.1941401204908417, -0.11203579965131666, 0.08278710556995782], [3.870326094356316, 2.9956872054998276, 0.022251808719771872], [6.788095206338496, 2.853334290056862, 0.1001595483401417]]",[-23374.2421875],"[[-0.4240173625964582, 0.018469375476195166, -0.026474771835242116], [0.467674409813493, 0.4125455053421752, 0.018068159748868245], [-0.8929410207027433, -0.4402966197702617, -0.015439616693683909], [0.8491731074562665, 0.010679957043984292, 0.02425479786648033]]","tensor(-6, dtype=torch.int32)"
"['Bi', 'Bi', 'Bi', 'Bi']","[[0.2685555368397513, 0.1643830863673965, -0.05015527479039608], [3.4988077349876985, -0.042724966332772465, 0.004682232634491664], [3.9388838814675338, 3.090187369827304, -0.11724210586333783], [6.994178845418407, 2.610289441685774, 0.023864221895776427]]",[-23374.333984375],"[[0.4106838713607828, -0.09848441254334023, 0.008553514717593438], [-0.3856895981063674, 0.684992653466546, -0.032335275621440084], [0.07259004699794634, -0.6205242630344949, 0.035570553077360484], [-0.09681766828902777, 0.031989477482206596, -0.012769977102910564]]","tensor(-6, dtype=torch.int32)"
"['Bi', 'Bi', 'Bi', 'Bi']","[[0.28057923369412274, 0.3226538494345554, -0.04517221869533977], [3.4498528539705604, -0.0775769911940696, 0.17032371499137428], [3.959562641849632, 2.9953603203496613, 0.04604343950178391], [7.042388497988284, 2.84855331874884, 0.08827938569743955]]",[-23374.375],"[[0.41066211981604533, -0.06718291122435353, 0.03837214175512256], [-0.35184131485780507, 0.4317731509807772, -0.05161785548047465], [-0.045695038403702655, -0.38052255207835145, 0.012576388354747477], [-0.014006596130011038, 0.01866103589592408, 0.002191244960418161]]","tensor(-6, dtype=torch.int32)"
"['Bi', 'Bi', 'Bi', 'Bi']","[[0.21767186488889234, 0.1514080261450995, -0.02751897419776803], [3.36153944396471, 0.1582219541681614, -0.12123262928461206], [3.793104023305711, 2.9361899886947245, -0.10859231916115882], [6.8441159619766605, 2.762824136280266, -0.13184114963451704]]",[-23374.185546875],"[[0.17789164048803524, 0.046305038107253914, -0.010897307940665497], [-0.2438643327871044, -1.5753738824505445, -0.001438386973149932], [-0.012972395024197565, 1.608285563723108, 0.012758468838815443], [0.07921686336167387, -0.07637548426944887, -0.00222415715591164]]","tensor(-6, dtype=torch.int32)"
"['Bi', 'Bi', 'Bi', 'Bi']","[[0.13752057168007098, 0.21605118933234999, 0.06848262083329755], [3.3606632484590726, 0.11330621354599425, -0.15028206247562673], [3.7788815490154164, 3.1123937029132307, -0.037626681113948984], [6.856067027862025, 2.590352699778113, 0.21188007999986408]]",[-23374.361328125],"[[0.37486900164191767, -0.0518031292764296, -0.05199045995604766], [-0.363053850504261, 0.14094394209171038, 0.06166856038982094], [0.2172139596513331, -0.11981321626590423, 0.030442258737557664], [-0.22779513485739636, 0.028039504944282458, -0.042650074108711834]]","tensor(-6, dtype=torch.int32)"
"['Bi', 'Bi', 'Bi', 'Bi']","[[0.30011813976113344, 0.268806566534002, -0.007586335274812248], [3.199287060682742, 0.11450135106289916, 0.09429630696718197], [3.670606902527632, 3.120597962297446, -0.1665860928582415], [7.052584590160253, 2.6827755430665166, -0.008001046365175556]]",[-23374.1796875],"[[-0.9285235654118598, 0.09500812488640366, -0.03499087183900352], [0.9606885979147131, 0.035756402800741105, 0.023256849335229233], [0.6956231424584325, -0.2796868643976146, 0.05364763970132664], [-0.7274554740287771, 0.14655218966546413, -0.04480361073515505]]","tensor(-6, dtype=torch.int32)"
"['Bi', 'Bi', 'Bi', 'Bi']","[[0.2833398847877804, 0.09668979695964999, -0.0648077014851732], [3.392103944083973, 0.1924966913762171, -0.07008839401125799], [3.7376395638880733, 3.0712853802252957, -0.05966549635586213], [6.978172778403996, 2.6749764118180392, 0.09738539328366903]]",[-23374.28125],"[[0.041995033795147546, 0.04893878507810593, -0.0069943557632801325], [-0.03312075321250071, -0.7756575142320108, 0.00783153826742228], [0.5742875751713663, 0.6729886804086156, 0.03542982109713026], [-0.5841153653137227, 0.054112495409190296, -0.03921596285128741]]","tensor(-6, dtype=torch.int32)"
"['Bi', 'Bi', 'Bi', 'Bi']","[[0.42164444792986494, 0.26850801296952886, -0.1252878006916812], [3.608963782220199, 0.055552484591247855, -0.027968448188886667], [3.9303680952964655, 2.9791416972474223, 0.06299159026252218], [6.797126626286308, 2.788715644229743, -0.13598457381020335]]",[-23374.1640625],"[[0.2600694393048526, -0.09190130495745387, 0.026759886764204596], [-0.34467220111629765, -0.3188475125049917, -0.037295018629469066], [-1.0959801208560045, 0.4957804909397413, 0.07498631646547357], [1.1798505806612893, -0.08690929972916894, -0.06147752731960927]]","tensor(-6, dtype=torch.int32)"
"['Bi', 'Bi', 'Bi', 'Bi']","[[0.2870814139572282, 0.46720165261988045, 0.16471258387772453], [3.313600294294639, -0.05682744543727017, 0.03240658637171253], [3.7552562090649797, 3.0914321989761167, 0.015594467453522763], [6.580880104780044, 2.727022587515303, 0.04420612257509596]]",[-23374.0546875],"[[-0.18710174846635866, -0.13957004664893372, -0.0035709552133104533], [0.005559010921067946, 0.7495073237810171, -0.001431627539212025], [-1.3128620480620192, -0.5615148418443472, -0.002159210540027915], [1.4962275701985155, -0.04965625695305487, 0.00537560888924643]]","tensor(-6, dtype=torch.int32)"
"['Bi', 'Bi', 'Bi', 'Bi']","[[0.312300151340107, 0.024378388537303897, 0.049939625485776656], [3.3449227005716886, 0.07128705526364398, 0.09148166131214097], [3.8154055808616794, 3.1844610133852314, -0.16474570583181142], [6.924495470733528, 2.597683207347033, 0.1307216146122577]]",[-23374.333984375],"[[-0.2637306408031031, -0.05365694709990223, -0.006314149478097652], [0.2748111759404787, 0.531713682891327, -0.03361035323083162], [0.355803438435969, -0.580184146412597, 0.08618018589268678], [-0.3664597413178275, 0.10439913578289788, -0.046780620463420707]]","tensor(-6, dtype=torch.int32)"
"['Bi', 'Bi', 'Bi', 'Bi']","[[0.3922795170834775, 0.05613859158548559, 0.0015619134586268109], [3.350764805030926, -0.0063936951237273144, 0.08609360187246941], [3.9290576885023523, 2.866838257398537, 0.12658764489018662], [7.178380650837384, 2.8831275298114902, 0.0624515680769725]]",[-23374.27734375],"[[-0.5253064902807285, 0.1253064840428899, -0.00958273302273302], [0.5863347427862222, -0.8099817603602175, 0.00346801332818078], [0.43855407935296353, 0.7221492283988601, -0.002436349902586672], [-0.5013902811762424, -0.03756414128795083, 0.012197968040617011]]","tensor(-6, dtype=torch.int32)"
"['Bi', 'Bi', 'Bi', 'Bi']","[[0.4920942087563059, 0.39545351144606566, -0.09590227903853288], [3.445259173696347, 0.13662220790478521, -0.058555201918693844], [4.058644489059282, 2.8284581685886603, 0.21209315012314064], [7.024009929334766, 2.72972204071307, -0.0412464393422898]]",[-23373.9921875],"[[-0.578576177608958, 0.11570865349406964, 0.0075362571909548615], [0.3084227633015082, -2.0642637616967643, -0.2081264933614229], [-0.2795853571888399, 2.0277201380960577, 0.24786435444676122], [0.547893129785378, -0.0803780770336846, -0.04738269088045066]]","tensor(-6, dtype=torch.int32)"
"['Bi', 'Bi', 'Bi', 'Bi']","[[0.3573568020734494, 0.42161649192224937, -0.015151965139608798], [3.4459837277547045, 0.04009807995932514, 0.00805501052025576], [3.8161865639464936, 3.1074437583696817, -0.16355795704771034], [6.8192052328749035, 2.706425382573833, -0.19249611688774218]]",[-23374.287109375],"[[0.006302219552851594, -0.0932898556963302, 0.0078086400100426685], [-0.10237588216767628, 0.4900630742655679, -0.029361448647938042], [-0.20499313963321888, -0.4315648915098869, 0.025609893392576147], [0.30148504897210104, 0.035030322867662035, -0.0030499424676764747]]","tensor(-6, dtype=torch.int32)"
"['Bi', 'Bi', 'Bi', 'Bi']","[[0.23477790073050267, 0.11520429938715826, -0.04543533604511317], [3.3893430112908116, 0.11197643700999958, 0.18779425225130958], [3.727925644893503, 3.032839680750598, 0.18567639947531572], [7.070352480768008, 2.4585860459571176, -0.12060800495814553]]",[-23374.2421875],"[[0.2171077216101333, 0.035412517563314316, 0.04142325613226609], [-0.19470553314797354, -0.42032499931071154, -0.03850820975164668], [0.7554578882184045, 0.24634555154991822, -0.09495634284018478], [-0.7797157456993338, 0.13632531267037215, 0.09331993761990325]]","tensor(-6, dtype=torch.int32)"
"['Bi', 'Bi', 'Bi', 'Bi']","[[0.6127005419086218, 0.2956170675922528, 0.1449460384835034], [3.5433636062752827, -0.05080714149175315, -0.04523001756492801], [3.770997164259404, 2.9375255372235674, 0.007355956858541185], [6.91849914710673, 2.7297565267985635, 0.02451810766528376]]",[-23374.23046875],"[[-0.6891151625483413, 0.024465150216497793, 0.024294644845243997], [0.553108872534118, -0.03681235030908284, -0.027108554256148127], [0.21932766472564014, -0.09492353554575812, 0.012889410052809249], [-0.08190608448492007, 0.11107058652211498, -0.012733883936832079]]","tensor(-6, dtype=torch.int32)"
"['Bi', 'Bi', 'Bi', 'Bi']","[[0.28983229517594855, 0.3687987882534508, -0.07747538837155014], [3.4110464463467096, 0.10287940458675299, 0.059310472775676464], [3.6658114505412813, 3.093729741092598, -0.026558904776873452], [6.6837173858994126, 2.833689509821728, 0.05337474257623333]]",[-23374.296875],"[[0.08163200473681019, -0.08102974920025055, 0.014277256309030989], [-0.17324843130692283, 0.08288341275744844, -0.015154296076355118], [-0.21379058532663014, -0.022284586138721266, -0.0047231396802610345], [0.30399347002135957, 0.019886054099164597, 0.0067552944595347655]]","tensor(-6, dtype=torch.int32)"
"['Bi', 'Bi', 'Bi', 'Bi']","[[0.24569790165105415, 0.2849410213947138, -0.15996777244944643], [3.1941401204908417, -0.11203579965131666, 0.08278710556995782], [3.870326094356316, 2.9956872054998276, 0.022251808719771872], [6.788095206338496, 2.853334290056862, 0.1001595483401417]]",[-23374.2421875],"[[-0.4240173625964582, 0.018469375476195166, -0.026474771835242116], [0.467674409813493, 0.4125455053421752, 0.018068159748868245], [-0.8929410207027433, -0.4402966197702617, -0.015439616693683909], [0.8491731074562665, 0.010679957043984292, 0.02425479786648033]]","tensor(-6, dtype=torch.int32)"
"['Bi', 'Bi', 'Bi', 'Bi']","[[0.3895196756628218, 0.15427572247982457, -0.25474621891994426], [3.417755945479097, 0.0763750207941772, 0.08072059948720006], [3.8561022768527082, 2.8711967130723015, -0.16463497649421163], [6.953107921490447, 2.7686908037194353, -0.03120934346783286]]",[-23374.21875],"[[-0.15514821502616497, 0.055296026268945815, -0.020365097162094576], [0.09182088080622612, -1.3098075758222958, 0.13851075156243026], [0.11640100053507364, 1.2870790113448916, -0.12311106926506571], [-0.052843860987873456, -0.031049003422712048, 0.002566389687315119]]","tensor(-6, dtype=torch.int32)"
"['Bi', 'Bi', 'Bi', 'Bi']","[[0.3149658626478039, 0.15358171338958676, -0.09365209947515991], [3.4210827941396538, -0.03782251570292397, 0.1715421934449414], [3.7076014339131875, 2.9763647905371227, 0.05906914861759617], [6.7856216571623635, 2.5805777438874706, -0.2143789729201248]]",[-23374.322265625],"[[0.043345686452531035, -0.06588450341201313, 0.03903222657587063], [-0.11459608512069154, 0.19486391319003327, -0.044008074982981794], [0.14366972432206843, -0.19138474589596832, -0.031810888558156766], [-0.07142076005755787, 0.05900787852740045, 0.03875562200306428]]","tensor(-6, dtype=torch.int32)"
"['Bi', 'Bi', 'Bi', 'Bi']","[[0.42442767931795855, 0.2020694546933343, -0.14173754961707924], [3.3189110980984524, -0.074308555987734, -0.09427506054808131], [3.7726001266273896, 2.9544680182446976, 0.03396213559748752], [6.771565341258899, 2.774231125309374, -0.0030574056573810767]]",[-23374.20703125],"[[-0.9669826619238405, 0.04262070695221173, -0.012299794066359445], [0.8945716152266766, 0.10668201953849599, 0.021416668650443046], [-0.3580137141982592, -0.1994611510212751, -0.011602875601414169], [0.42827680870812523, 0.05110309977494385, 0.0034904935239558634]]","tensor(-6, dtype=torch.int32)"
"['Bi', 'Bi', 'Bi', 'Bi']","[[0.17742290352688456, 0.15231480433877212, 0.12325960300148792], [3.4569179880159853, 0.014262151629299422, 0.027226980172766937], [3.9235693326377445, 3.1393782082940977, 0.15012659238081802], [6.8577275031000084, 2.89401751718086, -0.2343802613272257]]",[-23374.306640625],"[[0.5373017215830908, -0.08714131620636816, -0.011760777418022235], [-0.48437275703365595, 0.5737723258137564, 0.02927065780304821], [-0.50942662849221, -0.43780892182390907, 0.03461101170630887], [0.45702885414877437, -0.048956746814694065, -0.05334970010272465]]","tensor(-6, dtype=torch.int32)"
"['Bi', 'Bi', 'Bi', 'Bi']","[[0.34456589773499013, 0.12666137051038526, -0.04816265215637741], [3.5827995382108972, -0.07101292393516592, 0.04675432033820114], [3.938313190079399, 2.9714369458325445, -0.009364358475797467], [6.889864511110775, 2.954417344973419, -0.09151562746108052]]",[-23374.298828125],"[[0.48110935683585154, -0.0714288333259356, 0.02504529425367896], [-0.46053445239791024, 0.21255599232993783, -0.029020602456123496], [-0.6480237691684911, -0.12470402281796394, 0.013465064941395672], [0.6277105003324979, -0.01872568374945574, -0.006288752107067358]]","tensor(-6, dtype=torch.int32)"
"['Bi', 'Bi', 'Bi', 'Bi']","[[0.1821935849146159, 0.18068761089655322, -0.13750483737091562], [3.4162696056572646, 0.028958378615763017, -0.12747886818361737], [3.767999404530302, 2.9617330328338802, 0.1094837950697363], [6.678182921611227, 2.7838715073374134, 0.09096065189720257]]",[-23374.236328125],"[[0.4004560173459508, -0.0715659760441737, -0.00048052607605108416], [-0.4219580620950406, -0.23780187387844362, -0.024078070422145617], [-0.8539795303560471, 0.39491616115399564, 0.03185450991844224], [0.8762596941948928, -0.0868862112100505, -0.006947422820297041]]","tensor(-6, dtype=torch.int32)"
"['Bi', 'Bi', 'Bi', 'Bi']","[[0.3149658626478039, 0.15358171338958676, -0.09365209947515991], [3.4210827941396538, -0.03782251570292397, 0.1715421934449414], [3.7076014339131875, 2.9763647905371227, 0.05906914861759617], [6.7856216571623635, 2.5805777438874706, -0.2143789729201248]]",[-23374.322265625],"[[0.043345686452531035, -0.06588450341201313, 0.03903222657587063], [-0.11459608512069154, 0.19486391319003327, -0.044008074982981794], [0.14366972432206843, -0.19138474589596832, -0.031810888558156766], [-0.07142076005755787, 0.05900787852740045, 0.03875562200306428]]","tensor(-6, dtype=torch.int32)"
"['Bi', 'Bi', 'Bi', 'Bi']","[[0.3486466049559165, 0.3215598720889036, -0.07473855000596397], [3.453782215018762, -0.04671123214660773, -0.12006693433595539], [3.953227422803878, 2.922379905718071, 0.05348491456297646], [6.981013876658512, 2.727373599800597, -0.08850335534214783]]",[-23374.345703125],"[[0.15431759398090814, -0.036266916183716726, -0.0005786497111999143], [-0.1562530186637148, -0.002099587139064328, -0.0026247079955944606], [-0.22072202616086475, 0.04708399537710248, 0.00578720159465376], [0.22231672806487668, -0.006721767255826016, -0.0022031589448158304]]","tensor(-6, dtype=torch.int32)"
"['Bi', 'Bi', 'Bi', 'Bi']","[[0.28676991042003186, 0.2658219153542274, 0.14397301106634786], [3.5907404657398145, 0.03138796525951743, 0.009281217256801604], [3.884759273671162, 2.8993294518259236, -0.10764501445430226], [6.903199810786945, 2.821652866084071, -0.23411916562939158]]",[-23374.23046875],"[[0.5873451868857267, -0.06130495478027405, -0.027680121088454107], [-0.5857860690690866, -0.7358789268501428, 0.05238538161936545], [-0.280196817279792, 0.8639708427496209, -0.020417995067700697], [0.2759521293084078, -0.06817669456618683, -0.004809834755556691]]","tensor(-6, dtype=torch.int32)"
"['Bi', 'Bi', 'Bi', 'Bi']","[[0.3690470133507194, 0.3530136316016401, -0.08361075078367186], [3.172603451621373, 0.02464157307686547, -0.006313485488554692], [3.8309072016065993, 3.1221807386353975, 0.05012417756875907], [6.860584559714926, 2.6606369762975155, 0.032058201189878476]]",[-23374.111328125],"[[-1.6220615420568107, 0.12550687593376875, -0.04182824109890567], [1.5964975634498044, 0.3297541381286511, 0.0476627561600202], [-0.10902126190646341, -0.5334430078310898, -0.009725084798847948], [0.13258558963828232, 0.07892591716752646, 0.004648982339333888]]","tensor(-6, dtype=torch.int32)"
"['Bi', 'Bi', 'Bi', 'Bi']","[[0.24530619961682365, 0.17565867344550912, 0.07087710725483017], [3.425474239901861, -0.08502100734555147, 0.09675784877771497], [3.9022732675384777, 2.938134436956252, 0.0717320883173854], [7.1060079363710775, 2.75801963243628, -0.07351391719231695]]",[-23374.38671875],"[[0.39630522611378777, -0.017236618248172186, 0.009538427748629555], [-0.31436813410764625, 0.17390827958604962, -0.011012359728361752], [0.343115345871687, -0.17786695788407791, -0.024784743657863213], [-0.42489102393236566, 0.02257562489263351, 0.0284360772567399]]","tensor(-6, dtype=torch.int32)"
"['Bi', 'Bi', 'Bi', 'Bi']","[[0.24255809590325061, 0.36949400806410715, 0.11508810453169624], [3.2522039887085614, -0.14362656985078956, 0.050129845046733665], [3.8895356482941663, 2.9491555732622254, 0.02472472680037146], [6.763387535015832, 2.9369987981623127, 0.135219304373972]]",[-23374.216796875],"[[-0.08586604833523777, -0.03383668242470232, -0.003568303376047785], [0.11376695531609046, 0.39499447699946866, 0.0002884873439944289], [-1.2301989789669818, -0.39755843390763124, -0.033093566352683505], [1.2029303580241704, 0.03417863419148578, 0.034376444693367404]]","tensor(-6, dtype=torch.int32)"
"['Bi', 'Bi', 'Bi', 'Bi']","[[0.2161179431102341, 0.4185067918487758, -0.10083863408101157], [3.4243628875712826, 0.07655491343936398, 0.02712854850459289], [3.8393275994462543, 2.86521416247433, -0.09141792773102252], [6.820437688087387, 2.8226566060702747, -0.0319818749022562]]",[-23374.146484375],"[[0.4405894685817975, -0.04548775081034324, 0.024936335983834677], [-0.532934443345385, -1.3355602735053926, 0.03940912993829955], [-0.43341197303936285, 1.4606599378959566, -0.07602725386528374], [0.5242703351354351, -0.0792295646182936, 0.012971376866784325]]","tensor(-6, dtype=torch.int32)"
"['Bi', 'Bi', 'Bi', 'Bi']","[[0.38985077481704056, 0.24723340191804732, -0.1700612204186844], [3.337212767338286, 0.15262600772830506, 0.17976838126858763], [3.937792762748342, 3.120207092843028, -0.017977905537193226], [6.850161855022394, 2.6970572677892015, -0.012303616921454402]]",[-23374.240234375],"[[-0.6110569417540993, -0.018154960239451633, -0.05725011717099523], [0.5786008602129153, -0.01489332381938843, 0.060637136076952675], [-0.6508787236928927, 0.10888442772077478, -0.017681110807771017], [0.6856719392962892, -0.07492445568930545, 0.014522040891568968]]","tensor(-6, dtype=torch.int32)"
"['Bi', 'Bi', 'Bi', 'Bi']","[[0.13752057168007098, 0.21605118933234999, 0.06848262083329755], [3.3606632484590726, 0.11330621354599425, -0.15028206247562673], [3.7788815490154164, 3.1123937029132307, -0.037626681113948984], [6.856067027862025, 2.590352699778113, 0.21188007999986408]]",[-23374.361328125],"[[0.37486900164191767, -0.0518031292764296, -0.05199045995604766], [-0.363053850504261, 0.14094394209171038, 0.06166856038982094], [0.2172139596513331, -0.11981321626590423, 0.030442258737557664], [-0.22779513485739636, 0.028039504944282458, -0.042650074108711834]]","tensor(-6, dtype=torch.int32)"
"['Bi', 'Bi', 'Bi', 'Bi']","[[0.2640590503303872, 0.17451170171721148, 0.00525571201601432], [3.501203270404916, 0.11409585236869377, 0.14884776804857142], [4.094503594944841, 2.733532961332133, 0.06182499804883838], [6.901446976875905, 2.786111523554939, -0.0949324173786822]]",[-23373.58984375],"[[0.46318191878279524, 0.0483801354752043, 0.015828470550195515], [-0.8270672645078699, -3.169452036491612, 0.08701219533441619], [-1.3773263247267442, 3.3002574961636526, -0.0010713191141771049], [1.7434295052615707, -0.18241359637720717, -0.09710352369610897]]","tensor(-6, dtype=torch.int32)"
"['Bi', 'Bi', 'Bi', 'Bi']","[[0.42164444792986494, 0.26850801296952886, -0.1252878006916812], [3.608963782220199, 0.055552484591247855, -0.027968448188886667], [3.9303680952964655, 2.9791416972474223, 0.06299159026252218], [6.797126626286308, 2.788715644229743, -0.13598457381020335]]",[-23374.1640625],"[[0.2600694393048526, -0.09190130495745387, 0.026759886764204596], [-0.34467220111629765, -0.3188475125049917, -0.037295018629469066], [-1.0959801208560045, 0.4957804909397413, 0.07498631646547357], [1.1798505806612893, -0.08690929972916894, -0.06147752731960927]]","tensor(-6, dtype=torch.int32)"
"['Bi', 'Bi', 'Bi', 'Bi']","[[0.24014624449493988, 0.1490784158762919, -0.12305381761941628], [3.281455020969135, -0.024545951731392773, 0.0578383135308576], [3.9086915663130113, 2.963392455659422, -0.05288573108938082], [6.882989418631932, 2.882426664864192, -0.04896822503168298]]",[-23374.33984375],"[[-0.09974548791719512, 0.017072278385698574, -0.0005733223825124502], [0.174721777074811, -0.04212720913933922, 0.007276992147428562], [-0.5608376128982671, 0.06111032216365193, -0.010515164667104795], [0.48436807762332235, -0.03664359843115186, 0.005030991401235571]]","tensor(-6, dtype=torch.int32)"
"['Bi', 'Bi', 'Bi', 'Bi']","[[0.28676991042003186, 0.2658219153542274, 0.14397301106634786], [3.5907404657398145, 0.03138796525951743, 0.009281217256801604], [3.884759273671162, 2.8993294518259236, -0.10764501445430226], [6.903199810786945, 2.821652866084071, -0.23411916562939158]]",[-23374.23046875],"[[0.5873451868857267, -0.06130495478027405, -0.027680121088454107], [-0.5857860690690866, -0.7358789268501428, 0.05238538161936545], [-0.280196817279792, 0.8639708427496209, -0.020417995067700697], [0.2759521293084078, -0.06817669456618683, -0.004809834755556691]]","tensor(-6, dtype=torch.int32)"
"['Bi', 'Bi', 'Bi', 'Bi']","[[0.3688207905151266, 0.40618291098492487, 0.11051744791441215], [3.421294229994859, 0.03625942179508397, -0.05531160251394122], [3.708108352213174, 3.1405516298609086, 0.13584568985442538], [6.839858600053809, 2.70786712093022, 0.10079273158736471]]",[-23374.28125],"[[-0.11115502159648578, -0.06983490275329737, -0.014135223349883843], [0.0034960640791364904, 0.6092556258861276, 0.04886481954158037], [0.2753711625177614, -0.6608057584719942, -0.03668199530693302], [-0.16964590241516267, 0.12225879951925461, -0.00016666671211750905]]","tensor(-6, dtype=torch.int32)"
"['Bi', 'Bi', 'Bi', 'Bi']","[[0.5317084484485608, 0.3806581051655002, -0.05979334803834094], [3.5661271185663126, -0.14454664505768336, -0.1314606482356096], [3.897469401972658, 3.0967589223964085, -0.19684560458010122], [6.8200990594178705, 2.7624768394230856, 0.021516311716518053]]",[-23374.10546875],"[[-0.15426889726018392, -0.15528864875826404, -0.012144288519218907], [-0.056249494690982074, 0.9807180168051967, -0.01764354182766425], [-0.5680516181257219, -0.9056731305774159, -0.005541496556676535], [0.7798093339060054, 0.07996834580799239, 0.032518322840829714]]","tensor(-6, dtype=torch.int32)"
"['Bi', 'Bi', 'Bi', 'Bi']","[[0.34220422458857974, 0.14457540651538828, -0.024958689249567928], [3.4894791460890624, 0.1155506722284542, 0.04034302260465456], [3.931720741486166, 3.0770239158581933, -0.08482184359927053], [6.9813638509721, 2.850959605961301, 0.013730044890665023]]",[-23374.369140625],"[[0.20474945034123151, -0.004632479447483812, 0.005797907674120265], [-0.16764203492846588, -0.16852268966882794, 0.0032998944561971133], [-0.08720173716397212, 0.2077445814872743, -0.006647328636057937], [0.051696736968955055, -0.03391489028378305, -0.0022635037977242543]]","tensor(-6, dtype=torch.int32)"
"['Bi', 'Bi', 'Bi', 'Bi']","[[0.34220422458857974, 0.14457540651538828, -0.024958689249567928], [3.4894791460890624, 0.1155506722284542, 0.04034302260465456], [3.931720741486166, 3.0770239158581933, -0.08482184359927053], [6.9813638509721, 2.850959605961301, 0.013730044890665023]]",[-23374.369140625],"[[0.20474945034123151, -0.004632479447483812, 0.005797907674120265], [-0.16764203492846588, -0.16852268966882794, 0.0032998944561971133], [-0.08720173716397212, 0.2077445814872743, -0.006647328636057937], [0.051696736968955055, -0.03391489028378305, -0.0022635037977242543]]","tensor(-6, dtype=torch.int32)"
"['Bi', 'Bi', 'Bi', 'Bi']","[[0.26188490582346713, 0.26411464923289835, 0.050619888311234706], [3.338964843318333, 0.23084382041980167, -0.0823117907739661], [3.8430926216826764, 3.205771833801646, -0.19198938034413263], [6.881071108108867, 2.885069058809301, -0.04733889565794875]]",[-23374.3671875],"[[-0.05052066745468748, -0.0076174012514646896, -0.012027858619468366], [0.07703548681485041, -0.07228691376809498, 0.013502325388952973], [-0.08077685535387073, 0.10262054847940363, 0.0051508480691688585], [0.055360663838059154, -0.022835157331036016, -0.010337480771866733]]","tensor(-6, dtype=torch.int32)"
"['Bi', 'Bi', 'Bi', 'Bi']","[[0.28983229517594855, 0.3687987882534508, -0.07747538837155014], [3.4110464463467096, 0.10287940458675299, 0.059310472775676464], [3.6658114505412813, 3.093729741092598, -0.026558904776873452], [6.6837173858994126, 2.833689509821728, 0.05337474257623333]]",[-23374.296875],"[[0.08163200473681019, -0.08102974920025055, 0.014277256309030989], [-0.17324843130692283, 0.08288341275744844, -0.015154296076355118], [-0.21379058532663014, -0.022284586138721266, -0.0047231396802610345], [0.30399347002135957, 0.019886054099164597, 0.0067552944595347655]]","tensor(-6, dtype=torch.int32)"
"['Bi', 'Bi', 'Bi', 'Bi']","[[0.29586181909244547, 0.20604457819258826, -0.05416437899618068], [3.31396670476424, 0.08073382813763452, 0.14627216904884346], [3.700642637067374, 2.869569430193044, 0.08043557318146133], [6.949102178155492, 2.931896876525897, -0.04028788687122029]]",[-23374.173828125],"[[-0.1886294473850446, 0.104873555999795, -0.00598739293937544], [0.1656957601843363, -1.5751023738070136, 0.048939062757400446], [0.4764403337647671, 1.5083199892539598, -0.0674203270211684], [-0.4531084853089716, -0.04007261375930092, 0.02834109036917732]]","tensor(-6, dtype=torch.int32)"
"['Bi', 'Bi', 'Bi', 'Bi']","[[0.16489512298764575, 0.3020813407408025, -0.008913895700979998], [3.3301502017670366, -0.04960368620853314, 0.10585753074384524], [3.8185863712884, 2.852993218736067, 0.08706280777172627], [6.955784930290534, 2.6481751998585548, 0.06700738248758348]]",[-23374.34765625],"[[0.3587927588856635, -0.017992944655517342, 0.021598893116367427], [-0.34513736535671075, -0.4076733650093583, -0.015437611232112371], [0.18771850503274323, 0.4367020098806045, -0.01066552800508755], [-0.20186513380253904, -0.00867845497350011, 0.006895049420025013]]","tensor(-6, dtype=torch.int32)"
"['Bi', 'Bi', 'Bi', 'Bi']","[[0.28983229517594855, 0.3687987882534508, -0.07747538837155014], [3.4110464463467096, 0.10287940458675299, 0.059310472775676464], [3.6658114505412813, 3.093729741092598, -0.026558904776873452], [6.6837173858994126, 2.833689509821728, 0.05337474257623333]]",[-23374.296875],"[[0.08163200473681019, -0.08102974920025055, 0.014277256309030989], [-0.17324843130692283, 0.08288341275744844, -0.015154296076355118], [-0.21379058532663014, -0.022284586138721266, -0.0047231396802610345], [0.30399347002135957, 0.019886054099164597, 0.0067552944595347655]]","tensor(-6, dtype=torch.int32)"
"['Bi', 'Bi', 'Bi', 'Bi']","[[0.37910392068258814, 0.1705051324266972, -0.13658522899232156], [3.480904734713664, 0.07925257489554798, -0.07455742114992671], [3.80853396156707, 2.853630758784119, 0.08997207363571628], [6.907399683268661, 2.7779815206357954, -0.02825719092712346]]",[-23374.166015625],"[[0.051972513646087, 0.034988763533248826, 0.013270828274878705], [-0.11102677490009065, -1.6341930419018542, -0.1079632523722494], [0.10263319831393176, 1.6356734839183802, 0.0889261770050349], [-0.04327500164544813, -0.037170983402374166, 0.009596354734791989]]","tensor(-6, dtype=torch.int32)"
"['Bi', 'Bi', 'Bi', 'Bi']","[[0.41170653338984925, 0.3615543866306562, 0.0805222837075644], [3.5201117981155776, 0.006499515024318666, 0.02135465448998448], [3.8236971373323763, 2.968822411314702, 0.07070054219689875], [6.8465464501454045, 2.6916272049044543, -0.11503759802315279]]",[-23374.296875],"[[0.07370991730832849, -0.0726223914935488, 0.0034665040897929704], [-0.16748925989438812, -0.0527077981335585, -0.0015253412157871398], [-0.1737394608593996, 0.11012318590688489, 0.0009106219926708671], [0.2677073682552752, 0.016554277946189223, -0.0024650876526858627]]","tensor(-6, dtype=torch.int32)"
"['Bi', 'Bi', 'Bi', 'Bi']","[[0.4024782118277851, 0.21733436215923715, -0.13361173307680257], [3.497322933987004, 0.003624794140453025, -0.005761482245745617], [3.992116758931754, 3.066963812781145, -0.05882496568926781], [6.884494185296024, 2.8348976861158453, 0.061276266546652004]]",[-23374.259765625],"[[0.03348248191570501, -0.06760539512875705, 0.006930777489253294], [-0.04232202173328186, 0.3453638796701111, -0.013420507699043472], [-0.9439882452329788, -0.22342353716399807, -0.029358584437437153], [0.9534828202219107, -0.0547612365165363, 0.036934236092749796]]","tensor(-6, dtype=torch.int32)"
"['Bi', 'Bi', 'Bi', 'Bi']","[[0.4476800010006751, 0.36709588845509655, -0.009586100518809133], [3.3924071823214867, 0.14689342379006984, 0.07734187886494506], [3.778697784441765, 3.112612969123415, 0.1075984938043048], [6.927437820944482, 2.7733927427107736, -0.14218667399843518]]",[-23374.263671875],"[[-0.6793274816374156, 0.038111071796181874, 0.0015373230773456919], [0.6166161840745793, -0.16010360772524646, 0.003900656695217329], [0.302755740277081, 0.03526459163247235, -0.04259370006971505], [-0.23784635398765847, 0.0853170146634612, 0.039689534603673506]]","tensor(-6, dtype=torch.int32)"
"['Bi', 'Bi', 'Bi', 'Bi']","[[0.2688086727436381, 0.21709887665973593, -0.0004503798101009531], [3.289032660763127, 0.06235927651240808, -0.1094708737668143], [3.9135776848182204, 2.954744689796441, -0.06693667180805865], [6.917522642283864, 2.820073637656771, -0.07331612108535314]]",[-23374.306640625],"[[-0.23306672199759002, 0.046919655514628865, 0.0031772157438780336], [0.2537669420727065, -0.5396655951329239, -0.01621267584962849], [-0.34863432469446165, 0.5463324693059906, 0.014704316779584932], [0.32716914958503324, -0.05331025935848444, -0.0030632633604997135]]","tensor(-6, dtype=torch.int32)"
"['Bi', 'Bi', 'Bi', 'Bi']","[[0.42640567102911536, 0.16945515062842048, 0.03517358354081272], [3.515780686616033, -0.03921653727762793, 0.07712316087390807], [3.879436818128071, 3.0391520638482965, 0.18761726886131466], [6.886519071084106, 2.798265597193, -0.03930776378146479]]",[-23374.330078125],"[[0.0006276138268003315, -0.06758220376545544, 0.012344880956254894], [-0.04304525288248752, 0.41291420173878834, 0.008555304206380348], [-0.22994714938992888, -0.3721621941633519, -0.014485598055267754], [0.2712318898341118, 0.026216555802384, -0.004310847634408246]]","tensor(-6, dtype=torch.int32)"
"['Bi', 'Bi', 'Bi', 'Bi']","[[0.21999653860838797, 0.44718520429222686, 0.12706312315433466], [3.35750185215942, -0.11234755111586386, -0.021412776955598022], [4.010309073326486, 3.080508765379022, -0.04555486051518588], [6.920183937468206, 2.714156666811742, -0.011463262632684027]]",[-23374.224609375],"[[0.3188047807468905, -0.15172165253178416, -0.021772915758685146], [-0.28869910016754646, 0.8666669030110471, 0.018597416484223982], [-0.7685730926753321, -0.6904084281515239, 0.00228109683791578], [0.7405403394516737, -0.026970650490954675, 6.279413855236822e-05]]","tensor(-6, dtype=torch.int32)"
"['Bi', 'Bi', 'Bi', 'Bi']","[[0.3895584100974478, 0.24432099642096766, 0.024500747146908017], [3.41844963947245, 0.10666186249363613, -0.11673227687856452], [3.8826172092042244, 3.0518133104809726, 0.11234568307186542], [7.1539378074373765, 2.7467204570804347, -0.09695742516675815]]",[-23374.3203125],"[[-0.18799402459941728, 0.04971183394963219, 0.010039469182336534], [0.2250112456635554, -0.22030180482849068, -0.02609031970976957], [0.5431278445588597, 0.10371095393131168, -0.026565053601425324], [-0.578583376701779, 0.06587391046114809, 0.04361389379778272]]","tensor(-6, dtype=torch.int32)"
"['Bi', 'Bi', 'Bi', 'Bi']","[[0.38690507954065856, 0.39174814551428927, -0.00011901757558230319], [3.3431192108501224, 0.17810294400190624, -0.07351228657157366], [3.637450503806532, 3.048664142148283, 0.0030714352629542968], [6.9187152117968616, 2.733439985789908, 0.07773120005444978]]",[-23374.189453125],"[[-0.6036994688911422, 0.08456234404746485, 0.005440472715562715], [0.5453297385202227, -0.8226161682608923, -0.02829928935093369], [0.5581549223806512, 0.6389580544233182, 0.04068149246125578], [-0.4973137434443178, 0.09893019065522851, -0.02085143701981945]]","tensor(-6, dtype=torch.int32)"
"['Bi', 'Bi', 'Bi', 'Bi']","[[0.44938254645131825, 0.4361172051701184, 0.12455595611301512], [3.240152034593381, -0.06670203448286552, 0.0716431031284721], [3.765718648847991, 3.179698338347956, 0.0739921859216583], [6.896170937625351, 2.958852551194293, 0.05871029944707578]]",[-23374.080078125],"[[-1.4525115932645323, 0.16070452628742507, 0.026613503496109962], [1.3777392441221143, 0.6169740818319611, -0.02536096418945699], [0.15407596157258388, -0.9336549759304121, 0.00010565393766158027], [-0.08050010165699882, 0.15780498880962554, -0.0016019179661230243]]","tensor(-6, dtype=torch.int32)"
"['Bi', 'Bi', 'Bi', 'Bi']","[[0.06352275028939805, 0.07339065385984714, -0.00491179912730936], [3.4698507427856726, 0.017406430261967747, -0.16153593526686602], [3.9110711717788167, 3.098301153005828, 0.11681065996604661], [6.701279587157592, 2.8026260795125233, 0.16358839480610085]]",[-23374.078125],"[[0.6713812258258923, -0.09778640907226267, -0.049820740797384896], [-0.6308251364193674, 0.4631536366324274, 0.08773189892813961], [-1.6930744220839735, -0.1283743774485153, -0.05213187070788671], [1.6545397350973732, -0.23688640638208336, 0.012459331105479688]]","tensor(-6, dtype=torch.int32)"
"['Bi', 'Bi', 'Bi', 'Bi']","[[0.4344789317697488, 0.20646408456642598, 0.0050036298889531185], [3.539184289588381, -0.014250414638735425, -0.07496773809174731], [3.9652636667470476, 2.976348317389643, -0.16586169678441268], [6.806912040274602, 2.784923289962695, -0.09327355339104372]]",[-23374.166015625],"[[0.035514919516482425, -0.07613626869942877, -0.01003824533655698], [-0.1029486728457618, 0.037052743445000084, 0.0067699703244710795], [-1.3486662219858363, 0.11879048228651262, -0.026010677174333814], [1.4161062950901706, -0.0798175248133946, 0.02720459529658805]]","tensor(-6, dtype=torch.int32)"
"['Bi', 'Bi', 'Bi', 'Bi']","[[0.3425136733049486, 0.2576270495581685, 0.06866661933232841], [3.3470933185207796, -0.05587731281600723, 0.021143860782227783], [3.8389977697625923, 2.9519412068051003, -0.024078674131486448], [7.001241984531006, 2.654067499395612, -0.08379762379177284]]",[-23374.34765625],"[[-0.25923892110377894, 0.028291133807209448, 0.0027867935135733003], [0.2710372572174896, 0.09669888325748298, -0.005899635997888702], [0.26387482834788734, -0.1883805130397163, -0.004519982309297145], [-0.2770028369056178, 0.06366183492565267, 0.007902732153211795]]","tensor(-6, dtype=torch.int32)"
"['Bi', 'Bi', 'Bi', 'Bi']","[[0.39400085036277965, 0.08123049340701999, 0.12614531047611727], [3.44171617425848, -0.07668114587558814, -0.02056395814048673], [3.9255493565249653, 2.944353914824419, 0.004798891755993874], [6.890899076199197, 2.8949878518775787, 0.06187135116469763]]",[-23374.322265625],"[[-0.10333634399416712, -0.011534736187864375, -0.00599504968881138], [0.13093370636843585, 0.06986935555465451, 0.004993037269662885], [-0.586163507221268, -0.05155342359972761, -0.00312843880469096], [0.5575085466895179, -0.008185486808170854, 0.0012488132618972434]]","tensor(-6, dtype=torch.int32)"
"['Bi', 'Bi', 'Bi', 'Bi']","[[0.24859370870157455, 0.40054931499153185, -0.040044004782474905], [3.4853714837950553, 0.017023947653505133, -0.0009612588233020873], [3.730163020152865, 3.1155695249998696, -0.07103435056991364], [6.725670677487054, 2.594635142185206, 0.03219329851351753]]",[-23374.244140625],"[[0.33433584648823644, -0.15892794444550234, 0.004760048914932859], [-0.4489318287647448, 0.7055512056793656, -0.02131194241873562], [-0.1279991504462718, -0.571051582948373, 0.014509355061576716], [0.2412175863115015, 0.02493653652999183, 0.0012222856332940685]]","tensor(-6, dtype=torch.int32)"
"['Bi', 'Bi', 'Bi', 'Bi']","[[0.42806722660577434, 0.22653829101896286, -0.018314851364050862], [3.502639048863292, -0.12894686894610383, -0.1490576766990185], [3.719612587900198, 3.0459593020232334, -0.0646900705155842], [6.973240162050278, 2.7887093405561103, 0.05314515627671712]]",[-23374.265625],"[[0.038748623456400545, -0.054161192129914514, -0.02382778367580881], [-0.1066042693360303, 0.7661053465005115, 0.03737446576095683], [0.5091998056462602, -0.8395078111232963, 0.014753712840754602], [-0.4406920042324037, 0.13096142287579632, -0.0334165125144198]]","tensor(-6, dtype=torch.int32)"
"['Bi', 'Bi', 'Bi', 'Bi']","[[0.4589375396015525, 0.3858851534387242, 0.09528991743443568], [3.437929784897792, -0.11124693752889192, -0.11531988375715882], [3.8349151808411825, 3.0012513036888486, -0.2464646110863442], [6.786154287097891, 2.932029064747319, 0.009311597499479506]]",[-23374.23046875],"[[-0.27533645260594636, -0.055520740809140955, -0.0044529865230640425], [0.16296427010181314, 0.5052783569425343, -0.027605708179731816], [-0.5719051896685651, -0.5377074418856399, 0.0009803539483968255], [0.6827892168424358, 0.08733132083474826, 0.028408694992974704]]","tensor(-6, dtype=torch.int32)"
"['Bi', 'Bi', 'Bi', 'Bi']","[[0.40874280424766885, 0.29850315239566105, -0.060944200374987996], [3.3888415334014534, 0.02122529591447823, 0.10037269511355053], [3.7470627688848714, 2.8751815436443615, -0.08347465376200996], [6.863290744165593, 2.7622934853659618, 0.055973610952569974]]",[-23374.23828125],"[[-0.40572611324548874, 0.05143222172987865, -0.01866837382839224], [0.32558750889228205, -0.8803734615211196, 0.07287816497705696], [0.1250858318479294, 0.8043397284722971, -0.04835017696465105], [-0.04331003551644012, 0.02633120135555679, -0.006812974619657626]]","tensor(-6, dtype=torch.int32)"
"['Bi', 'Bi', 'Bi', 'Bi']","[[0.17146393845621105, 0.19067698498773494, -0.12652589244159276], [3.3869686054590447, -0.09872192300454867, -0.029520461671017465], [3.676529242526891, 2.8954777067061603, -0.08520786504794436], [6.923823474719265, 2.7551862939755143, 0.007413240252568529]]",[-23374.341796875],"[[0.4733986142037548, -0.03215212041565814, 0.019252698481618685], [-0.42916281134601136, 0.04954570974058083, -0.0179920601955422], [0.43357174147789523, -0.04384162681475349, 0.016230246778320637], [-0.47803873805937264, 0.028932022761171513, -0.01752745131371812]]","tensor(-6, dtype=torch.int32)"
"['Bi', 'Bi', 'Bi', 'Bi']","[[0.4808970959788409, 0.3275603395840565, -0.12202784184339659], [3.568783440294709, 0.18057756682814954, -0.04902321925665914], [3.894952849734603, 3.0914552202303653, 0.11319031402009717], [7.029874986394784, 2.855177278759164, -0.056988676791242136]]",[-23374.32421875],"[[-0.006735676931597819, -0.0018619173171170564, 0.01562822778338226], [-0.017556998447538746, -0.45575811142170286, -0.03523124954829328], [0.22597021624939048, 0.43125826157780833, -0.005218822932025602], [-0.2007118391326313, 0.02566110979578767, 0.028644269878911093]]","tensor(-6, dtype=torch.int32)"
"['Bi', 'Bi', 'Bi', 'Bi']","[[0.23670193948531687, 0.31497383104050114, -0.10284830903588041], [3.324473233471311, -0.05252853529347741, -0.237525778391412], [3.952238031954718, 2.917263175072982, 0.010663572394656167], [6.812551653487777, 2.816786097336552, -0.025860697731201806]]",[-23374.216796875],"[[0.11579823077759824, -0.035214347106791645, -0.014609391598532244], [-0.10102728639395589, 0.013310305014583012, 0.007931045156834553], [-1.3078525079005063, 0.08420064105530634, 0.023139452700157027], [1.2916946582849183, -0.06040542813230293, -0.01871261739598581]]","tensor(-6, dtype=torch.int32)"
"['Bi', 'Bi', 'Bi', 'Bi']","[[0.2639268815965024, 0.16023729916502105, 0.014211298460863045], [3.3883334533419402, -0.02043329854588224, 0.08479459168363612], [3.8092619702121655, 2.942070849851558, 0.07945527670033507], [7.061195352230434, 2.847005613650309, 0.0925578042101702]]",[-23374.3671875],"[[0.22047196052952175, 0.029639822140694664, 0.009436483452076492], [-0.15364375889287216, -0.20083514930823493, -0.0063669188284748305], [0.43927460570015214, 0.1612979372242333, -0.0005693263717759365], [-0.5079999739834745, 0.010809715549871809, -0.0015110433032239222]]","tensor(-6, dtype=torch.int32)"
"['Bi', 'Bi', 'Bi', 'Bi']","[[0.34456589773499013, 0.12666137051038526, -0.04816265215637741], [3.5827995382108972, -0.07101292393516592, 0.04675432033820114], [3.938313190079399, 2.9714369458325445, -0.009364358475797467], [6.889864511110775, 2.954417344973419, -0.09151562746108052]]",[-23374.298828125],"[[0.48110935683585154, -0.0714288333259356, 0.02504529425367896], [-0.46053445239791024, 0.21255599232993783, -0.029020602456123496], [-0.6480237691684911, -0.12470402281796394, 0.013465064941395672], [0.6277105003324979, -0.01872568374945574, -0.006288752107067358]]","tensor(-6, dtype=torch.int32)"
"['Bi', 'Bi', 'Bi', 'Bi']","[[0.26815310845546353, 0.22605831122245007, -0.015180309577413618], [3.4263781014352244, 0.21225846296241468, -0.023289524589419085], [3.8501480035568014, 2.932150750148449, -0.0427692154720365], [6.850051798789007, 2.714837270626537, 0.009418452103376853]]",[-23374.052734375],"[[0.1913711704637918, 0.03841535173867541, -0.0035305405346557676], [-0.34092178228915965, -2.1680391989309142, 0.020254195137188655], [-0.15764234073396483, 2.2394547139351313, -0.02111821997313443], [0.3086730860433091, -0.10880981426589534, 0.00337738086333301]]","tensor(-6, dtype=torch.int32)"
"['Bi', 'Bi', 'Bi', 'Bi']","[[0.4920942087563059, 0.39545351144606566, -0.09590227903853288], [3.445259173696347, 0.13662220790478521, -0.058555201918693844], [4.058644489059282, 2.8284581685886603, 0.21209315012314064], [7.024009929334766, 2.72972204071307, -0.0412464393422898]]",[-23373.9921875],"[[-0.578576177608958, 0.11570865349406964, 0.0075362571909548615], [0.3084227633015082, -2.0642637616967643, -0.2081264933614229], [-0.2795853571888399, 2.0277201380960577, 0.24786435444676122], [0.547893129785378, -0.0803780770336846, -0.04738269088045066]]","tensor(-6, dtype=torch.int32)"
"['Bi', 'Bi', 'Bi', 'Bi']","[[0.4589375396015525, 0.3858851534387242, 0.09528991743443568], [3.437929784897792, -0.11124693752889192, -0.11531988375715882], [3.8349151808411825, 3.0012513036888486, -0.2464646110863442], [6.786154287097891, 2.932029064747319, 0.009311597499479506]]",[-23374.23046875],"[[-0.27533645260594636, -0.055520740809140955, -0.0044529865230640425], [0.16296427010181314, 0.5052783569425343, -0.027605708179731816], [-0.5719051896685651, -0.5377074418856399, 0.0009803539483968255], [0.6827892168424358, 0.08733132083474826, 0.028408694992974704]]","tensor(-6, dtype=torch.int32)"
"['Bi', 'Bi', 'Bi', 'Bi']","[[0.3489979175251717, 0.36270775572939573, -0.041301928683529346], [3.2643526328941315, 0.08642677268348271, 0.010214155045463448], [3.6872478021778035, 3.035275625449703, -0.007089504818418676], [6.98944786632509, 2.758493822410179, -0.09871596672333084]]",[-23374.232421875],"[[-0.768557151826943, 0.12295186646954072, -0.005736771949443374], [0.7615740317906726, -0.31520425731670193, 0.009609580496745809], [0.5543070072678817, 0.09388259814594796, -0.02695158832160677], [-0.5470765469711218, 0.09869303196887153, 0.02583204711261072]]","tensor(-6, dtype=torch.int32)"
"['Bi', 'Bi', 'Bi', 'Bi']","[[0.41170653338984925, 0.3615543866306562, 0.0805222837075644], [3.5201117981155776, 0.006499515024318666, 0.02135465448998448], [3.8236971373323763, 2.968822411314702, 0.07070054219689875], [6.8465464501454045, 2.6916272049044543, -0.11503759802315279]]",[-23374.296875],"[[0.07370991730832849, -0.0726223914935488, 0.0034665040897929704], [-0.16748925989438812, -0.0527077981335585, -0.0015253412157871398], [-0.1737394608593996, 0.11012318590688489, 0.0009106219926708671], [0.2677073682552752, 0.016554277946189223, -0.0024650876526858627]]","tensor(-6, dtype=torch.int32)"
"['Bi', 'Bi', 'Bi', 'Bi']","[[0.39386090447436023, 0.18656570956512214, 0.1748545550013117], [3.4110704529703453, 0.08113112165078483, -0.041713476548283286], [3.9013418485066267, 3.0102318466597136, 0.03722788243949154], [6.790571473819668, 2.760995673677366, 0.09175855202509454]]",[-23374.20703125],"[[-0.31322985468847925, -0.02363033312856823, 0.008262779354021501], [0.25443028705406057, -0.31794670030473116, -0.01856180154359717], [-0.9344576747799421, 0.4290591444093905, 0.002972565589595639], [0.9950735221109817, -0.08664884683532718, 0.005591643380383242]]","tensor(-6, dtype=torch.int32)"
"['Bi', 'Bi', 'Bi', 'Bi']","[[0.37211520119353475, 0.09530025469408318, -0.11284997038375573], [3.287206252882121, -0.00020598532998298766, -0.09522857983059735], [3.816310105260068, 2.8211569207317604, -0.23332138707969044], [6.770715662020721, 2.825838477816248, -0.06761365638596575]]",[-23374.1015625],"[[-0.8774552578240774, 0.0790344177807557, -0.011309548564426708], [0.8071818274738043, -1.1589125334126256, 0.06961317069441372], [-0.570172265182392, 1.1187282257282083, -0.09090808725862792], [0.6412350246383849, -0.04144284280694809, 0.030574382659657763]]","tensor(-6, dtype=torch.int32)"
"['Bi', 'Bi', 'Bi', 'Bi']","[[0.15075561946785654, 0.416581556183213, 0.07896282326350526], [3.373825485039047, -0.005179968481355605, 0.08367697419242916], [3.645111583664112, 2.8812600357042135, -0.19380823989961962], [7.022400500898538, 2.7841270009466785, 0.2212087850588404]]",[-23374.23828125],"[[0.5609188598029601, -0.018687595406224035, -0.026201725671172956], [-0.5063980729866417, -0.4826827699939502, 0.07201998169071443], [0.6211438992380078, 0.4833714660664522, 0.05501927257207388], [-0.6753253002499126, 0.022020040046389917, -0.10044590822657685]]","tensor(-6, dtype=torch.int32)"
"['Bi', 'Bi', 'Bi', 'Bi']","[[0.31138545875791823, 0.441090357020543, -0.16030648843734782], [3.232675186873663, -0.06462194424653805, -0.1431870810454268], [3.9931698571109386, 3.134916483570001, 0.03921634863772982], [6.956515123908238, 2.8169888343271006, -0.039155884432990146]]",[-23374.21875],"[[-0.5358624172398271, 0.013013275587001945, -0.003687596972078295], [0.5826863453887746, 0.6907308446657169, 0.0397384524393915], [-0.5280210624951226, -0.7401675292877344, -0.03371216897215574], [0.48282310088186625, 0.03672043846259662, -0.0017636502143327244]]","tensor(-6, dtype=torch.int32)"
"['Bi', 'Bi', 'Bi', 'Bi']","[[0.2505377357189751, 0.12202195998343673, -0.1568304478299829], [3.3154336251448395, 0.019635414324011335, -0.06720663693046196], [3.7608585219589723, 2.976144884343206, 0.10461908816790813], [7.04282028209723, 2.7110591324946647, 0.09493545400322148]]",[-23374.337890625],"[[-0.03894284469629004, 0.043638828369988815, 0.0077380066250513505], [0.0945597756699365, -0.20368491020138715, -0.011550913577874763], [0.5433438173434867, 0.10891003592238055, 0.0011117271079598857], [-0.5983999081331303, 0.0501465974495045, 0.004782274057133717]]","tensor(-6, dtype=torch.int32)"
"['Bi', 'Bi', 'Bi', 'Bi']","[[0.3566946431641054, 0.4336645610094118, -0.0018763182433335639], [3.2784198479693307, 0.055085237956589025, 0.02470009454302285], [3.952990678950593, 2.954485951209101, 0.12914513422736945], [6.7889099570956555, 2.6147370141712014, -0.10253701731448513]]",[-23374.095703125],"[[-0.7440421838881246, 0.05190921305135468, 0.004063293458017883], [0.6368281513901642, -0.3594657197981426, -0.017121463616292777], [-1.1927251297296326, 0.44010872344763624, 0.10497526889693597], [1.2995689231682324, -0.13158311596297237, -0.09185055135306654]]","tensor(-6, dtype=torch.int32)"
"['Bi', 'Bi', 'Bi', 'Bi']","[[0.21767186488889234, 0.1514080261450995, -0.02751897419776803], [3.36153944396471, 0.1582219541681614, -0.12123262928461206], [3.793104023305711, 2.9361899886947245, -0.10859231916115882], [6.8441159619766605, 2.762824136280266, -0.13184114963451704]]",[-23374.185546875],"[[0.17789164048803524, 0.046305038107253914, -0.010897307940665497], [-0.2438643327871044, -1.5753738824505445, -0.001438386973149932], [-0.012972395024197565, 1.608285563723108, 0.012758468838815443], [0.07921686336167387, -0.07637548426944887, -0.00222415715591164]]","tensor(-6, dtype=torch.int32)"
"['Bi', 'Bi', 'Bi', 'Bi']","[[0.3992490615657168, 0.15294147681594403, -0.10945961327056535], [3.3813885370376124, 0.0402499310102304, 0.21155360316387412], [3.7236846310701734, 2.9629749860689687, 0.05388160321418669], [6.901096247467036, 2.7469920599421727, -0.024060348608435065]]",[-23374.29296875],"[[-0.3914532432408693, 0.029349235901188302, -0.026189662048488792], [0.3626415481739899, -0.423565002456848, 0.05101745628142097], [0.3259078171007204, 0.3426474048383287, -0.05049173224375664], [-0.2959968719821816, 0.053582385067114366, 0.02777305623456273]]","tensor(-6, dtype=torch.int32)"
"['Bi', 'Bi', 'Bi', 'Bi']","[[0.3688207905151266, 0.40618291098492487, 0.11051744791441215], [3.421294229994859, 0.03625942179508397, -0.05531160251394122], [3.708108352213174, 3.1405516298609086, 0.13584568985442538], [6.839858600053809, 2.70786712093022, 0.10079273158736471]]",[-23374.28125],"[[-0.11115502159648578, -0.06983490275329737, -0.014135223349883843], [0.0034960640791364904, 0.6092556258861276, 0.04886481954158037], [0.2753711625177614, -0.6608057584719942, -0.03668199530693302], [-0.16964590241516267, 0.12225879951925461, -0.00016666671211750905]]","tensor(-6, dtype=torch.int32)"
"['Bi', 'Bi', 'Bi', 'Bi']","[[0.23043541378774507, 0.3611995576155814, -0.09055760338219854], [3.412570027283604, 0.04728623033839501, -0.016648423497686714], [3.9043703455740135, 3.102637568790284, -0.006295846389786726], [7.072002601621439, 2.7681091581255814, 0.038913234626764076]]",[-23374.375],"[[0.38280168202126436, -0.04881485269519418, 0.012897781569318121], [-0.3167270197145964, 0.3779072759227942, -0.010319328773539757], [0.29172349048369695, -0.37302341135309747, 0.00417611712648607], [-0.3579431116665229, 0.0435603376894044, -0.006290577591318371]]","tensor(-6, dtype=torch.int32)"
"['Bi', 'Bi', 'Bi', 'Bi']","[[0.3761992905294089, 0.13808604033961924, -0.04789555977332737], [3.301565947718503, 0.10595087865700999, -0.04474685049176943], [3.962476299805099, 3.026385873800093, 0.0893189154525021], [6.8112566443878615, 2.7145300166607176, 0.06129888567550399]]",[-23374.119140625],"[[-0.8753901466263114, 0.006628878389599809, -0.0012158151915108292], [0.8596030502909995, -0.3161166909096591, -0.019440142289838216], [-1.1972986105545655, 0.46546079161525034, 0.03234681473879015], [1.2161905727793474, -0.15526355477757403, -0.011944554831112269]]","tensor(-6, dtype=torch.int32)"
"['Bi', 'Bi', 'Bi', 'Bi']","[[0.2802308611497751, 0.1461656585626922, 0.09468724790940786], [3.4019114928841283, -0.005042228858999964, 0.0134708788298065], [3.704942357280434, 2.7493874356987242, 0.04211367359708698], [7.064487730107513, 2.8718506713370093, -0.06766845883611261]]",[-23374.095703125],"[[0.2334342356860968, 0.10290578682138589, -0.006279218451288827], [-0.21640601574846213, -1.9786032988836546, -0.020677121271579738], [0.6193585242184254, 1.9359723280819636, 0.004654080325492914], [-0.6349214202344581, -0.0643905373854022, 0.023317450270153715]]","tensor(-6, dtype=torch.int32)"
"['Bi', 'Bi', 'Bi', 'Bi']","[[0.3185664457135622, 0.21686506840472972, -0.0077876461855788835], [3.6004750359628748, -0.02470319954147922, -0.047232480334198], [3.903508307312899, 3.1138942373301712, 0.004043965008469402], [6.639133462242324, 2.62664530449145, -0.07483436125072263]]",[-23373.94921875],"[[0.34658793113803, -0.19708143946723594, -0.006175042435961286], [-0.5078362974659824, 0.7904382802351444, 0.020591277231899695], [-1.8862085989575113, -0.3084285225757649, 0.04288678542287209], [2.0476215159785127, -0.2870836237385371, -0.05724960295007944]]","tensor(-6, dtype=torch.int32)"
"['Bi', 'Bi', 'Bi', 'Bi']","[[0.39990827581099053, 0.2893274838875785, -0.0654412818764323], [3.4814816152275987, 0.027904804907991115, 0.12270609433764403], [3.9570013928934844, 2.888462567142403, -0.01783318640184148], [6.907099143611876, 2.749508956032804, -0.21404493773182276]]",[-23374.23046875],"[[0.028810733473766868, -0.010370087520136241, 0.021130463573139115], [-0.10158346773646179, -0.7342570740817778, 0.017355547261573408], [-0.569257980394138, 0.798103257205737, -0.012135125102499736], [0.6403068558854049, -0.05363514413307322, -0.02371280387904076]]","tensor(-6, dtype=torch.int32)"
"['Bi', 'Bi', 'Bi', 'Bi']","[[0.17840584423270286, 0.22725035801627044, -0.004517044626518306], [3.4763912347943204, 0.3753189203737561, 0.04210710665693865], [3.7365314562941134, 2.9928533940608406, -0.022588158292751563], [6.795004777678214, 2.7648152892673936, -0.11918062345992718]]",[-23373.693359375],"[[0.4691851908640499, 0.07385564751586007, 0.01223449315226475], [-0.5993249915606156, -3.853223415283184, 0.0800644022750598], [0.12988335872586693, 3.9034304028370372, -0.10254259258857162], [0.0019121376744147202, -0.11952304140313048, 0.014131222711159087]]","tensor(-6, dtype=torch.int32)"
"['Bi', 'Bi', 'Bi', 'Bi']","[[0.24859370870157455, 0.40054931499153185, -0.040044004782474905], [3.4853714837950553, 0.017023947653505133, -0.0009612588233020873], [3.730163020152865, 3.1155695249998696, -0.07103435056991364], [6.725670677487054, 2.594635142185206, 0.03219329851351753]]",[-23374.244140625],"[[0.33433584648823644, -0.15892794444550234, 0.004760048914932859], [-0.4489318287647448, 0.7055512056793656, -0.02131194241873562], [-0.1279991504462718, -0.571051582948373, 0.014509355061576716], [0.2412175863115015, 0.02493653652999183, 0.0012222856332940685]]","tensor(-6, dtype=torch.int32)"
"['Bi', 'Bi', 'Bi', 'Bi']","[[0.38690507954065856, 0.39174814551428927, -0.00011901757558230319], [3.3431192108501224, 0.17810294400190624, -0.07351228657157366], [3.637450503806532, 3.048664142148283, 0.0030714352629542968], [6.9187152117968616, 2.733439985789908, 0.07773120005444978]]",[-23374.189453125],"[[-0.6036994688911422, 0.08456234404746485, 0.005440472715562715], [0.5453297385202227, -0.8226161682608923, -0.02829928935093369], [0.5581549223806512, 0.6389580544233182, 0.04068149246125578], [-0.4973137434443178, 0.09893019065522851, -0.02085143701981945]]","tensor(-6, dtype=torch.int32)"
"['Bi', 'Bi', 'Bi', 'Bi']","[[0.20334775810417977, 0.25958782005800457, 0.06904789980784673], [3.432098799343212, 0.060592932138563926, 0.227778118861491], [3.9652274466871393, 2.8911730468370234, 0.08257624209988315], [6.950391862357568, 2.915424710064131, 0.02230989623225575]]",[-23374.23828125],"[[0.500170806274474, -0.0009456090695595122, 0.02871221903072205], [-0.5036282220238014, -0.9652919035527611, 0.025610962972080962], [-0.44492388810298505, 1.0584671908290557, -0.05256566747243736], [0.4480407353397925, -0.09589423036847297, 0.002104877443845856]]","tensor(-6, dtype=torch.int32)"
"['Bi', 'Bi', 'Bi', 'Bi']","[[0.13507403779368582, 0.21775917308420684, -0.06361335972964562], [3.3464023296002834, -0.08577816976785373, 0.03270324473611084], [3.7816431279971767, 2.98591404774607, -0.05302125792775685], [6.98744401013894, 2.850861399123804, 0.011291191988252307]]",[-23374.373046875],"[[0.4927088437214308, -0.0414335354083725, 0.019246059889595987], [-0.4139061338853248, 0.38353398402742434, -0.028715227223079353], [0.3369020145463369, -0.3666564308181128, 0.020464778886618216], [-0.41650706327733183, 0.027110091776686298, -0.010602602791623752]]","tensor(-6, dtype=torch.int32)"
"['Bi', 'Bi', 'Bi', 'Bi']","[[0.3064683156994608, 0.28746916952698076, 0.016400621766464268], [3.2842854762295635, 0.023481943051927398, -0.06516280263096422], [3.839455494532373, 3.009066194703972, -0.04121744703537679], [6.795346581796539, 2.740825932763169, -0.1314822727817687]]",[-23374.26953125],"[[-0.45779540326792517, 0.008171705687627992, 0.010293005804861062], [0.43314442389688335, -0.005247768427374767, -0.010350495703245085], [-0.5439449415940316, 0.02165068030479547, 0.01438836916451238], [0.5688265490457999, -0.02461515874204866, -0.014417787743104062]]","tensor(-6, dtype=torch.int32)"
"['Bi', 'Bi', 'Bi', 'Bi']","[[0.39230505995013737, 0.20918476598136637, -0.07934172092290444], [3.26239316029547, -0.023294550169700435, 0.08322125149678927], [3.8608145024337954, 2.984165814043985, -0.14199027779561493], [6.905994963309791, 2.6688919440603653, -0.04321920682970829]]",[-23374.23046875],"[[-1.1170611215192547, 0.0736015195392824, -0.057096879338093265], [1.1079064465556523, 0.06963883031811106, 0.047305676013894536], [-0.10647931365349614, -0.1807983770586557, 0.01041433622993897], [0.11569081002829211, 0.0363300882232201, -0.0020281736809437743]]","tensor(-6, dtype=torch.int32)"
"['Bi', 'Bi', 'Bi', 'Bi']","[[0.1571659407155531, 0.2852858365356976, 0.01266148662540396], [3.337416314804551, -0.057672683353656926, -0.045045121245523664], [3.810953269851462, 2.936718656620586, 0.0030824863418334545], [7.0376457492183, 2.6345880426584745, -0.07773877372286186]]",[-23374.36328125],"[[0.4006465876173383, -0.02730726464463236, -0.00881061489106431], [-0.3372968333654715, 0.1150947765648134, 0.00889676746329382], [0.41779462102834936, -0.1316663683292369, -0.015924861260858174], [-0.48083044341113346, 0.04451093161652147, 0.016405601252810223]]","tensor(-6, dtype=torch.int32)"
"['Bi', 'Bi', 'Bi', 'Bi']","[[0.21756620122809428, 0.1662877692948277, 0.053722751066136776], [3.3897756678359694, 0.07560131417150406, 0.0328976302054611], [3.728830969550153, 3.083554553489412, -0.041401585718222444], [7.063974662266328, 2.8302826392763505, 0.17891676155033398]]",[-23374.326171875],"[[0.3313471945257325, 0.017545407908097103, -0.012771041540206224], [-0.2591944409945641, 0.045583159359056755, 0.009271485386830683], [0.627642623171615, -0.12000707755115267, 0.05915659121624356], [-0.6951896542264313, 0.05707749320956842, -0.058603803731781805]]","tensor(-6, dtype=torch.int32)"
"['Bi', 'Bi', 'Bi', 'Bi']","[[0.33743569524607075, 0.340192130018651, -0.010669168414515658], [3.385057885267295, -0.21412721835932272, 0.05498837246098045], [3.9158882975718705, 3.1158243454920154, -0.19993215595244884], [6.893974349282118, 2.724930685992416, 0.1952300892108598]]",[-23374.154296875],"[[0.010192593886637019, -0.14863036207449085, -0.007784775017341395], [-0.08948919748572065, 1.0990639036879273, -0.08606705729121554], [-0.18257115366580165, -1.0597738261760488, 0.08696709816010244], [0.2624861233427363, 0.10936044202251081, 0.00614396292381164]]","tensor(-6, dtype=torch.int32)"
"['Bi', 'Bi', 'Bi', 'Bi']","[[0.28057923369412274, 0.3226538494345554, -0.04517221869533977], [3.4498528539705604, -0.0775769911940696, 0.17032371499137428], [3.959562641849632, 2.9953603203496613, 0.04604343950178391], [7.042388497988284, 2.84855331874884, 0.08827938569743955]]",[-23374.375],"[[0.41066211981604533, -0.06718291122435353, 0.03837214175512256], [-0.35184131485780507, 0.4317731509807772, -0.05161785548047465], [-0.045695038403702655, -0.38052255207835145, 0.012576388354747477], [-0.014006596130011038, 0.01866103589592408, 0.002191244960418161]]","tensor(-6, dtype=torch.int32)"
"['Bi', 'Bi', 'Bi', 'Bi']","[[0.4476800010006751, 0.36709588845509655, -0.009586100518809133], [3.3924071823214867, 0.14689342379006984, 0.07734187886494506], [3.778697784441765, 3.112612969123415, 0.1075984938043048], [6.927437820944482, 2.7733927427107736, -0.14218667399843518]]",[-23374.263671875],"[[-0.6793274816374156, 0.038111071796181874, 0.0015373230773456919], [0.6166161840745793, -0.16010360772524646, 0.003900656695217329], [0.302755740277081, 0.03526459163247235, -0.04259370006971505], [-0.23784635398765847, 0.0853170146634612, 0.039689534603673506]]","tensor(-6, dtype=torch.int32)"
"['Bi', 'Bi', 'Bi', 'Bi']","[[0.3690470133507194, 0.3530136316016401, -0.08361075078367186], [3.172603451621373, 0.02464157307686547, -0.006313485488554692], [3.8309072016065993, 3.1221807386353975, 0.05012417756875907], [6.860584559714926, 2.6606369762975155, 0.032058201189878476]]",[-23374.111328125],"[[-1.6220615420568107, 0.12550687593376875, -0.04182824109890567], [1.5964975634498044, 0.3297541381286511, 0.0476627561600202], [-0.10902126190646341, -0.5334430078310898, -0.009725084798847948], [0.13258558963828232, 0.07892591716752646, 0.004648982339333888]]","tensor(-6, dtype=torch.int32)"
"['Bi', 'Bi', 'Bi', 'Bi']","[[0.26939532905345154, 0.08027207843610748, -0.11778086401125865], [3.397066869864951, 0.11242138566362204, -0.06719220785635326], [3.8096276238656945, 3.118615705433598, -0.07421875847869816], [6.875849762290987, 2.932142422006351, -0.14865934638987846]]",[-23374.384765625],"[[0.1486920171622927, -7.331509848919385e-05, 0.008168985458983525], [-0.09816333300352822, -0.003466353937285563, -0.008094989069203017], [-0.04166279566146314, 0.024751252449618566, -0.0047874337498026364], [-0.008637620690578149, -0.019037142215933545, 0.007368029818357965]]","tensor(-6, dtype=torch.int32)"
"['Bi', 'Bi', 'Bi', 'Bi']","[[0.3437727144872605, 0.15094280549235495, 0.22002278074834475], [3.377849938364495, -0.04573873811871505, 0.006033655501127595], [3.7885162324838553, 3.003700499373353, -0.007102273610684764], [6.871752797738726, 2.776038930480051, -0.1428981438221969]]",[-23374.3515625],"[[-0.16188738865999006, -0.021259070224175287, 0.006506334403160663], [0.15547001447525904, 0.2499993482669815, -0.006447862342827504], [0.0290132696658645, -0.26968778726821246, -0.0015358025260977352], [-0.021710201375796816, 0.040584736653742924, 0.002534618548033752]]","tensor(-6, dtype=torch.int32)"
"['Bi', 'Bi', 'Bi', 'Bi']","[[0.2820728060979246, 0.2892206358068038, 0.06849918162489074], [3.3076347131342576, 0.00601177624017904, -0.04060670872496854], [3.9260702920324535, 2.7418298324922943, 0.18763720908833134], [6.912036472363411, 2.761305416343074, -0.04590236640622709]]",[-23374.130859375],"[[-0.13842785915080677, 0.08407316569028488, 0.009799631405008339], [-0.018612138629042718, -1.658108942473791, -0.15608116603366165], [-0.2978839084768135, 1.651745972861949, 0.18767109386430847], [0.45404405884313875, -0.0801258516744953, -0.04217004888383272]]","tensor(-6, dtype=torch.int32)"
"['Bi', 'Bi', 'Bi', 'Bi']","[[0.26856486560186915, 0.09195090510237122, -0.0125447473724528], [3.4044405851170367, 0.13226179441920158, -0.07623185601743858], [3.965237114155833, 3.0529953434164496, 0.019094867564054444], [6.991374600297703, 2.832611717866205, 0.06254980663536612]]",[-23374.365234375],"[[0.17622649031856172, 0.030927318185202248, -0.009188958072057411], [-0.11381107547066427, -0.4036707208230309, -0.006903024986428735], [-0.19373776938447862, 0.44939899846672954, 0.01829912721539926], [0.13283529531498428, -0.07386310371913886, -0.004783085497738815]]","tensor(-6, dtype=torch.int32)"
"['Bi', 'Bi', 'Bi', 'Bi']","[[0.33743569524607075, 0.340192130018651, -0.010669168414515658], [3.385057885267295, -0.21412721835932272, 0.05498837246098045], [3.9158882975718705, 3.1158243454920154, -0.19993215595244884], [6.893974349282118, 2.724930685992416, 0.1952300892108598]]",[-23374.154296875],"[[0.010192593886637019, -0.14863036207449085, -0.007784775017341395], [-0.08948919748572065, 1.0990639036879273, -0.08606705729121554], [-0.18257115366580165, -1.0597738261760488, 0.08696709816010244], [0.2624861233427363, 0.10936044202251081, 0.00614396292381164]]","tensor(-6, dtype=torch.int32)"
"['Bi', 'Bi', 'Bi', 'Bi']","[[0.2833398847877804, 0.09668979695964999, -0.0648077014851732], [3.392103944083973, 0.1924966913762171, -0.07008839401125799], [3.7376395638880733, 3.0712853802252957, -0.05966549635586213], [6.978172778403996, 2.6749764118180392, 0.09738539328366903]]",[-23374.28125],"[[0.041995033795147546, 0.04893878507810593, -0.0069943557632801325], [-0.03312075321250071, -0.7756575142320108, 0.00783153826742228], [0.5742875751713663, 0.6729886804086156, 0.03542982109713026], [-0.5841153653137227, 0.054112495409190296, -0.03921596285128741]]","tensor(-6, dtype=torch.int32)"
"['Bi', 'Bi', 'Bi', 'Bi']","[[0.43590196895869193, 0.3384945742101738, -0.03161553537204602], [3.1326437981752795, 0.008715080166480392, 0.09568399932233515], [3.7465496579402924, 2.994374212323344, 0.04534333888478858], [6.903927933716756, 2.818351889392394, -0.02004259870764848]]",[-23373.92578125],"[[-2.679783626778904, 0.35629385092334687, -0.1200216300030692], [2.656786638983463, -0.3539814508871831, 0.12421093638182407], [0.19719991596623127, -0.09021157502820612, -0.01671255514406581], [-0.1775142537579455, 0.0907308867310507, 0.012417869473040476]]","tensor(-6, dtype=torch.int32)"
"['Bi', 'Bi', 'Bi', 'Bi']","[[0.38490045898412506, 0.1864627671233266, 0.02526519280343957], [3.32829000207071, -0.04451936834751184, -0.002845978669566376], [3.7962208879344894, 3.048730195415366, -0.14364805602796382], [6.919179046019072, 2.940311102935396, -0.0675176520658455]]",[-23374.3203125],"[[-0.601829761641372, 0.03429477098531433, 0.0008529721715820373], [0.6186684397494508, 0.33070066456832437, -0.02123205305726029], [0.10582285923241347, -0.4274569348800082, 0.03187768071290722], [-0.12428791525291609, 0.06251064856149961, -0.013290337816423334]]","tensor(-6, dtype=torch.int32)"
"['Bi', 'Bi', 'Bi', 'Bi']","[[0.23396159836054042, 0.36918834398188016, -0.0658805511518923], [3.376765620724734, 0.1684334048655952, 0.05573594924678999], [3.840328152827266, 2.926268147995835, -0.00017512716244525887], [6.903633199228093, 2.751467288259374, -0.02212031124308132]]",[-23374.1640625],"[[0.21613707820951003, 0.023081546282831225, 0.015697606469339077], [-0.33441827610103575, -1.659408378727963, 0.021792800681498296], [0.04628136337629148, 1.70246975243616, -0.040838185858711774], [0.07130881416419294, -0.06598894168000771, 0.005803990907553923]]","tensor(-6, dtype=torch.int32)"
"['Bi', 'Bi', 'Bi', 'Bi']","[[0.4476800010006751, 0.36709588845509655, -0.009586100518809133], [3.3924071823214867, 0.14689342379006984, 0.07734187886494506], [3.778697784441765, 3.112612969123415, 0.1075984938043048], [6.927437820944482, 2.7733927427107736, -0.14218667399843518]]",[-23374.263671875],"[[-0.6793274816374156, 0.038111071796181874, 0.0015373230773456919], [0.6166161840745793, -0.16010360772524646, 0.003900656695217329], [0.302755740277081, 0.03526459163247235, -0.04259370006971505], [-0.23784635398765847, 0.0853170146634612, 0.039689534603673506]]","tensor(-6, dtype=torch.int32)"
"['Bi', 'Bi', 'Bi', 'Bi']","[[0.40634241528196546, 0.10771563322330402, 0.12666410032358688], [3.4762753617287325, 0.04122128536749181, 0.016158932990809633], [3.899723491028528, 3.0799973688404663, -0.006029372230136067], [6.953302836313675, 2.7864036966538883, -0.11092370498781523]]",[-23374.3671875],"[[-0.07625654497162933, -0.02996531369596406, -0.0021226669164272093], [0.08615894856886513, 0.20204490543469514, -0.00029847500541950076], [-0.043396681740748774, -0.18297137180455197, -0.0003043503393369098], [0.03492567376909198, 0.009997308209451864, 0.0026429160440012574]]","tensor(-6, dtype=torch.int32)"
"['Bi', 'Bi', 'Bi', 'Bi']","[[0.40634241528196546, 0.10771563322330402, 0.12666410032358688], [3.4762753617287325, 0.04122128536749181, 0.016158932990809633], [3.899723491028528, 3.0799973688404663, -0.006029372230136067], [6.953302836313675, 2.7864036966538883, -0.11092370498781523]]",[-23374.3671875],"[[-0.07625654497162933, -0.02996531369596406, -0.0021226669164272093], [0.08615894856886513, 0.20204490543469514, -0.00029847500541950076], [-0.043396681740748774, -0.18297137180455197, -0.0003043503393369098], [0.03492567376909198, 0.009997308209451864, 0.0026429160440012574]]","tensor(-6, dtype=torch.int32)"
"['Bi', 'Bi', 'Bi', 'Bi']","[[0.34138146506088146, 0.15824044594758485, 0.028742867644937758], [3.4306655750353965, -0.008326482009823298, -0.25186268790820865], [4.078149755032498, 2.9859450128084335, -0.013141334085104477], [6.847301540755128, 2.7903870191491666, 0.1757672693612443]]",[-23374.091796875],"[[0.0535082858331507, -0.04848592614420738, -0.02046502057044863], [-0.03522291402724851, 0.09509831923503119, 0.024341258971259307], [-1.987973432410968, 0.11951944185672005, -0.12356070403382231], [1.969321097132939, -0.16683044005709288, 0.11986324996100947]]","tensor(-6, dtype=torch.int32)"
"['Bi', 'Bi', 'Bi', 'Bi']","[[0.35701338419575157, 0.17227244799104058, 0.13680292385614154], [3.3765893539610596, 0.030089885474866334, -0.004498027813636391], [3.7611294527170664, 3.0065672050663768, 0.049590543331687276], [7.0191044363553985, 2.703854582585145, -0.01481980581500992]]",[-23374.31640625],"[[-0.24695752586178604, 0.033662968314934066, 0.004422627948638319], [0.2622393487252542, -0.11397423776724075, -0.0074250260646628406], [0.5112368403820247, 0.00295709113957712, -0.007784358498399614], [-0.5263441880887693, 0.07597017534363235, 0.010716003930180356]]","tensor(-6, dtype=torch.int32)"
"['Bi', 'Bi', 'Bi', 'Bi']","[[0.4143352956522597, 0.2120330664902383, -0.09738577634245356], [3.379591781473518, -0.07769196366504681, 0.07888322015443364], [3.903034365555437, 3.098101811689982, -0.0744233324440077], [6.879821897660878, 2.6754843969857616, -0.0522000104389421]]",[-23374.234375],"[[-0.5080481050611914, -0.05311902059990647, -0.014125864529216674], [0.45423385778315256, 0.7125636363078354, -0.020063167209186144], [-0.3175066814670996, -0.7069745691742402, 0.02952075428764618], [0.3716518813265334, 0.04642839970494915, 0.005574535250515295]]","tensor(-6, dtype=torch.int32)"
"['Bi', 'Bi', 'Bi', 'Bi']","[[0.20931218003430022, 0.19911149376808362, -0.05711015236341742], [3.346136945762782, 0.17606679082624246, -0.006668960479876635], [3.6233056367861947, 3.0915806933317445, -0.028944200730195848], [6.726540838971671, 2.7160265813020272, -0.07626963469248393]]",[-23374.31640625],"[[0.09548131097310293, -0.01610885978894199, 0.009096609137792772], [-0.12658046636173084, -0.44918281999373627, -0.003994998749751525], [0.19503103498766122, 0.4404205470109643, -0.012453330147392553], [-0.16490843654018802, 0.02273482254594934, 0.009954355336356897]]","tensor(-6, dtype=torch.int32)"
"['Bi', 'Bi', 'Bi', 'Bi']","[[0.2544669873395683, 0.20453471461900005, 0.08846625332886561], [3.4409053203962587, -0.16736199081188227, -0.024980631993924644], [3.9366983054063103, 3.0299971000477037, -0.15490013282006806], [7.023711634101294, 2.6635768315753867, -0.14778225938567943]]",[-23374.3125],"[[0.39596902847905185, -0.10811304492501564, -0.021781004453690342], [-0.35953431686830745, 0.8465963464473012, -0.010036476416606703], [0.08545904248039919, -0.796196011829115, 0.03808758218474912], [-0.12158768980207225, 0.05732992425712403, -0.007988576192891839]]","tensor(-6, dtype=torch.int32)"
"['Bi', 'Bi', 'Bi', 'Bi']","[[0.44551786514926295, 0.2473371798013417, -0.10138948064289588], [3.231174824281848, 0.006629409805730308, 0.09117135263810594], [3.702629967149909, 2.9950997707738147, -0.0029644929813431803], [6.943086135865192, 2.8319301799437913, 0.14867250889370415]]",[-23374.1015625],"[[-1.7675171556193776, 0.19278003292884138, -0.12201449316216832], [1.7534768677349648, -0.2198750528904862, 0.12186521483031784], [0.4225209797315431, -0.06631794022192272, 0.021411706418605785], [-0.40882542554906814, 0.0948790040144517, -0.023468543801836873]]","tensor(-6, dtype=torch.int32)"
"['Bi', 'Bi', 'Bi', 'Bi']","[[0.2401140886012851, 0.1547823028431256, 0.10535947388788644], [3.514314135089458, -0.12181813802102365, 0.008372896446697541], [3.653310042801767, 3.0213532088141757, 0.06892817327080047], [6.980736890829691, 2.6487927049550692, -0.07265690680439761]]",[-23374.2265625],"[[0.537389139138773, -0.07714342178507229, -0.018805681097323383], [-0.5407336319749956, 0.749240957346644, 0.032950232414619446], [0.6509327168890494, -0.7793388217680681, -0.04933676121366345], [-0.6476740989457618, 0.10537985791347039, 0.03674177863060142]]","tensor(-6, dtype=torch.int32)"
"['Bi', 'Bi', 'Bi', 'Bi']","[[0.28454273894492854, 0.28283335235522034, -0.05047337500534144], [3.297206172339461, 0.10829507657338108, 0.08266057185979364], [4.042668204301515, 3.1484954172998423, -0.10875341707484586], [6.869072010882412, 2.9854842319923525, -0.02669409457474079]]",[-23374.17578125],"[[-0.2642793145202386, -0.004796779714946909, -0.006256279056235953], [0.35217566129724415, 0.2151366614178632, 0.0014451032125309133], [-1.5730927984681518, -0.10631481438253865, -0.037290431778900325], [1.4857138093545108, -0.10484455394014511, 0.04365763342887883]]","tensor(-6, dtype=torch.int32)"
"['Bi', 'Bi', 'Bi', 'Bi']","[[0.4124878027038019, 0.023865020167703144, 0.038136301233129194], [3.582000935985317, -0.10304614579436536, 0.1447232065231362], [3.8436158060448684, 2.969698604489068, -0.026374967300990156], [6.959776431751573, 2.756237807742751, 0.10593985569238301]]",[-23374.359375],"[[0.2686344057222404, -0.05819690072112638, 0.014261351456105962], [-0.2772157757868416, 0.39232546475821256, -0.03572131236544839], [0.16010242501714017, -0.3740714450015454, 0.035015914397601926], [-0.15045065269425473, 0.038781770136631616, -0.013633791108280873]]","tensor(-6, dtype=torch.int32)"
"['Bi', 'Bi', 'Bi', 'Bi']","[[0.3028090692345257, 0.38060001217330613, -0.12129825173812372], [3.4662291523695195, -0.07511703781182096, -0.056643676577353086], [3.9660706755550756, 3.0966129652998093, 0.010980686019860103], [6.916406061678033, 2.56177011589564, -0.060757022587590276]]",[-23374.248046875],"[[0.26897199175344894, -0.1540120439127526, 0.01260392488478741], [-0.3063335865648838, 0.8877381334768977, 0.009118895472282607], [-0.35524936539921786, -0.7430245406957992, -0.017364211884004273], [0.3943855880130955, 0.011438674578587816, -0.002397691802580285]]","tensor(-6, dtype=torch.int32)"
"['Bi', 'Bi', 'Bi', 'Bi']","[[0.34531039523352414, 0.39128936881328785, -0.20671148508050136], [3.50337880182313, -0.042547707304246465, -0.024396057998580318], [3.745102824148324, 3.041739172613119, -0.10788725222616025], [6.9736761717785525, 2.7139119058032755, -0.032542084782474334]]",[-23374.302734375],"[[0.316889924900715, -0.08308149065420628, 0.030332333732391723], [-0.3495529289384081, 0.5565772926110432, -0.042893675983143524], [0.44077566797540085, -0.5718697084253764, 0.022164140173618497], [-0.4075110768883386, 0.09879448775555459, -0.008230558271438829]]","tensor(-6, dtype=torch.int32)"
"['Bi', 'Bi', 'Bi', 'Bi']","[[0.19934207939225368, 0.06246496422300879, 0.10636337466882467], [3.3763525078461742, -0.0019249002238027751, -0.07222392996840674], [3.8630186324043363, 2.899865096117776, 0.07368715642449798], [6.9529230560194915, 2.8264250107449094, 0.12351262476738555]]",[-23374.35546875],"[[0.3486209035285598, 0.02547989320285821, -0.025789053101842492], [-0.29765142920079013, -0.5339711127115941, -0.003510076599091452], [0.01689602402460638, 0.5634462556040107, 0.03761108451535224], [-0.06824760563047266, -0.05447455835598985, -0.011595835917077161]]","tensor(-6, dtype=torch.int32)"
"['Bi', 'Bi', 'Bi', 'Bi']","[[0.4143352956522597, 0.2120330664902383, -0.09738577634245356], [3.379591781473518, -0.07769196366504681, 0.07888322015443364], [3.903034365555437, 3.098101811689982, -0.0744233324440077], [6.879821897660878, 2.6754843969857616, -0.0522000104389421]]",[-23374.234375],"[[-0.5080481050611914, -0.05311902059990647, -0.014125864529216674], [0.45423385778315256, 0.7125636363078354, -0.020063167209186144], [-0.3175066814670996, -0.7069745691742402, 0.02952075428764618], [0.3716518813265334, 0.04642839970494915, 0.005574535250515295]]","tensor(-6, dtype=torch.int32)"
"['Bi', 'Bi', 'Bi', 'Bi']","[[0.3841172819422417, 0.3474442775173269, -0.0021261803084235455], [3.2660913554561404, 0.046631013021438544, -0.0359008695015792], [3.796551697410932, 3.1055634248152826, 0.024547471920256497], [7.006802171105027, 2.8637805662128692, 0.07934210308794665]]",[-23374.259765625],"[[-0.9588733980820154, 0.11019306852933919, 0.006901775429603394], [0.9815500262469261, 0.18649944150770742, -0.0015042041650440696], [0.3507157881173493, -0.38905933918955465, 0.004630766063392439], [-0.3761926577012228, 0.09384135762850253, -0.010896145801395838]]","tensor(-6, dtype=torch.int32)"
"['Bi', 'Bi', 'Bi', 'Bi']","[[0.320067405787731, 0.29040285829356643, -0.023112241845323074], [3.349593933268551, -0.018324570722981364, -0.10511282504583896], [3.6124615462791456, 2.9744259309680676, 0.03869458165344867], [6.782960639763525, 2.738534034749604, 0.09807010276759849]]",[-23374.314453125],"[[-0.1982070690518748, -0.010602078286289656, -0.009048339220428655], [0.13141789678273277, 0.04041117681024941, 0.007318834303345448], [0.29051589408508305, -0.110400402402581, 0.010394970670250758], [-0.2230520125523482, 0.08318387203853775, -0.011584507630302564]]","tensor(-6, dtype=torch.int32)"
"['Bi', 'Bi', 'Bi', 'Bi']","[[0.48978173049210494, 0.32084766238431894, -0.09488816298006089], [3.362017085518223, -0.10401710849898574, -0.12336097655664169], [3.7276206795402143, 2.864214741354476, 0.006020588708333126], [6.880046970337479, 2.7498322252994187, 0.02014343615391284]]",[-23374.216796875],"[[-0.9672721682994236, 0.11799045738574461, 0.006319307113882909], [0.8728396108840507, -0.2156285651458968, -0.009983604222046371], [0.18796810786526205, 0.009755670658918447, 0.003513225173758762], [-0.09410900961516518, 0.09130362598704465, -0.0001878041742373119]]","tensor(-6, dtype=torch.int32)"
"['Bi', 'Bi', 'Bi', 'Bi']","[[0.3486466049559165, 0.3215598720889036, -0.07473855000596397], [3.453782215018762, -0.04671123214660773, -0.12006693433595539], [3.953227422803878, 2.922379905718071, 0.05348491456297646], [6.981013876658512, 2.727373599800597, -0.08850335534214783]]",[-23374.345703125],"[[0.15431759398090814, -0.036266916183716726, -0.0005786497111999143], [-0.1562530186637148, -0.002099587139064328, -0.0026247079955944606], [-0.22072202616086475, 0.04708399537710248, 0.00578720159465376], [0.22231672806487668, -0.006721767255826016, -0.0022031589448158304]]","tensor(-6, dtype=torch.int32)"
"['Bi', 'Bi', 'Bi', 'Bi']","[[0.26265571277237104, 0.14253028718707658, -0.003553570654959493], [3.4748899172069336, 0.19533191031258948, -0.05779177854339996], [3.828699538186389, 3.1909226306822402, -0.11914731125073086], [7.035783243053402, 2.7531325715903487, 0.07253602351721017]]",[-23374.353515625],"[[0.3637143672705783, 0.005811735074545546, -0.019263733662471288], [-0.31258779845303836, -0.0009176884164954935, 0.020125552490688377], [0.5017851514174686, -0.0581931469084412, 0.040834324059634275], [-0.5533382150625552, 0.053028620562912625, -0.04592632982941061]]","tensor(-6, dtype=torch.int32)"
"['Bi', 'Bi', 'Bi', 'Bi']","[[0.3072560400217693, 0.2076532588158555, -0.0856191971699096], [3.4256712531172058, 0.10028644579412252, -0.015504461905123876], [3.9132285963779987, 2.9469052979146353, -0.2520177188082072], [6.939563312641249, 2.6871970990782055, 0.00012581613375199218]]",[-23374.291015625],"[[0.09804511361499077, 0.008655078490668825, -0.002375503684285364], [-0.13722175399284858, -0.7859085081880528, 0.07275398062589648], [-0.08269104271285575, 0.8286227827780994, -0.07672674857701707], [0.12252418893388785, -0.051606336931961205, 0.00737170649790578]]","tensor(-6, dtype=torch.int32)"
"['Bi', 'Bi', 'Bi', 'Bi']","[[0.2122651330093427, 0.3772433065612667, 0.03141338399711692], [3.362357522386039, 0.0416571100462713, 0.12689667053922452], [3.7505238069674736, 3.118053141977063, 0.12698358591750783], [6.723974249332788, 2.761892520788192, -0.05679795310478165]]",[-23374.30078125],"[[0.20584612928831209, -0.10489088524465673, 0.026135098067115548], [-0.26308015134464346, 0.4998609881727175, -0.02082612706634484], [-0.34572604546109387, -0.3919893699676598, 0.004322616094286751], [0.40344832027695676, -0.0020523081254049166, -0.005945519930203607]]","tensor(-6, dtype=torch.int32)"
"['Bi', 'Bi', 'Bi', 'Bi']","[[0.312300151340107, 0.024378388537303897, 0.049939625485776656], [3.3449227005716886, 0.07128705526364398, 0.09148166131214097], [3.8154055808616794, 3.1844610133852314, -0.16474570583181142], [6.924495470733528, 2.597683207347033, 0.1307216146122577]]",[-23374.333984375],"[[-0.2637306408031031, -0.05365694709990223, -0.006314149478097652], [0.2748111759404787, 0.531713682891327, -0.03361035323083162], [0.355803438435969, -0.580184146412597, 0.08618018589268678], [-0.3664597413178275, 0.10439913578289788, -0.046780620463420707]]","tensor(-6, dtype=torch.int32)"
"['Bi', 'Bi', 'Bi', 'Bi']","[[0.26856486560186915, 0.09195090510237122, -0.0125447473724528], [3.4044405851170367, 0.13226179441920158, -0.07623185601743858], [3.965237114155833, 3.0529953434164496, 0.019094867564054444], [6.991374600297703, 2.832611717866205, 0.06254980663536612]]",[-23374.365234375],"[[0.17622649031856172, 0.030927318185202248, -0.009188958072057411], [-0.11381107547066427, -0.4036707208230309, -0.006903024986428735], [-0.19373776938447862, 0.44939899846672954, 0.01829912721539926], [0.13283529531498428, -0.07386310371913886, -0.004783085497738815]]","tensor(-6, dtype=torch.int32)"
"['Bi', 'Bi', 'Bi', 'Bi']","[[0.4808970959788409, 0.3275603395840565, -0.12202784184339659], [3.568783440294709, 0.18057756682814954, -0.04902321925665914], [3.894952849734603, 3.0914552202303653, 0.11319031402009717], [7.029874986394784, 2.855177278759164, -0.056988676791242136]]",[-23374.32421875],"[[-0.006735676931597819, -0.0018619173171170564, 0.01562822778338226], [-0.017556998447538746, -0.45575811142170286, -0.03523124954829328], [0.22597021624939048, 0.43125826157780833, -0.005218822932025602], [-0.2007118391326313, 0.02566110979578767, 0.028644269878911093]]","tensor(-6, dtype=torch.int32)"
"['Bi', 'Bi', 'Bi', 'Bi']","[[0.02289744827393997, 0.1945160618051913, -0.14301743147775234], [3.516068583288066, 0.09678115781203936, -0.16748703810115756], [3.7463177383785977, 2.8416534427667237, -0.001558666279052768], [6.749410618097117, 2.7754423304421483, 0.029730787158043417]]",[-23373.970703125],"[[0.7723891260913234, -0.03245472399796624, -0.006540391254412666], [-0.7307649998427268, -1.9062642431146997, -0.11024366786745177], [-0.35436943056813786, 2.0967373267490843, 0.12403589558209312], [0.31391788227379075, -0.15941084930750982, -0.00949788142942043]]","tensor(-6, dtype=torch.int32)"
"['Bi', 'Bi', 'Bi', 'Bi']","[[0.2280790996175862, 0.26252786649189197, -0.0386818061594732], [3.417314176638895, 0.0012189644558972847, 0.06614195864024372], [3.780044033205827, 3.1256158228537623, 0.022310245093624486], [6.853179929462682, 2.799371571874615, -0.06229189648901597]]",[-23374.337890625],"[[0.3389509277852558, -0.09147738123448616, 0.02571443450475389], [-0.3468521892666485, 0.626965394225535, -0.03121359525343439], [0.04429329275612743, -0.5736669105260218, -0.0045170579349491135], [-0.035237250506380415, 0.03671156815179944, 0.013644898280061686]]","tensor(-6, dtype=torch.int32)"
"['Bi', 'Bi', 'Bi', 'Bi']","[[0.37007273458143725, 0.34430429715851096, 0.013546839716072888], [3.5565789704975543, 0.21323882540240272, -0.13234593732994215], [3.88568395459759, 2.925641115886124, -0.13496585664789607], [6.916853458895648, 2.685341694218165, 0.14122500496171767]]",[-23374.01953125],"[[0.26748183096161476, 0.00021202613909831978, -0.034788973280841455], [-0.423803498117586, -2.291192022934341, 0.03960016300851122], [0.015388199744315226, 2.3593844012384593, -0.0017380764655283182], [0.14068786007565276, -0.07011571879540394, -0.005006719659789916]]","tensor(-6, dtype=torch.int32)"
"['Bi', 'Bi', 'Bi', 'Bi']","[[0.2982233001326311, 0.3495388917578103, 0.026560181415381832], [3.412743642554284, -0.008141934744798029, -0.027550078496088114], [3.857984100516388, 3.022471426746768, 0.08224487710863661], [7.051029760072817, 2.8316597087947804, 0.062176722023137745]]",[-23374.380859375],"[[0.22228752031686047, -0.019226833169555032, -0.007356506127635372], [-0.18104499740986302, 0.2322732277024524, 0.016346517269587288], [0.3079048914172278, -0.257330698707417, -0.01238693394274725], [-0.35015004226581, 0.04734517846464463, 0.002786245868297996]]","tensor(-6, dtype=torch.int32)"
"['Bi', 'Bi', 'Bi', 'Bi']","[[0.22893807411303213, 0.16165909779767326, 0.09723177828724697], [3.6367435905760757, 0.03994439344359872, 0.09391141600905391], [3.9013845367651006, 2.891808318271866, -0.00018270868612555162], [6.938072287275816, 2.8587269017376973, 0.021961252293218134]]",[-23374.185546875],"[[0.73098508639468, -0.03445973819730519, -0.002373534218177933], [-0.677491198747171, -0.9209429206714548, 0.03293594221536996], [-0.21642735591646692, 1.0547046363883055, -0.03339631905905718], [0.16266072549522917, -0.10229556086063168, 0.0021265199737491363]]","tensor(-6, dtype=torch.int32)"
"['Bi', 'Bi', 'Bi', 'Bi']","[[0.17882475635048867, 0.45340752179069954, -0.08411795136132964], [3.3013886788254396, 0.24208366466932463, -0.03844308360926885], [3.909062322179733, 3.0469954581846777, 0.1755892804838714], [6.864570309793998, 2.7410007425891005, -0.12154099140203403]]",[-23374.248046875],"[[0.12605071597429596, 0.004301246101468832, 0.015860177411862412], [-0.2140203906538915, -0.9551041587693598, -0.09660179834858401], [-0.333661702867651, 1.055554643562087, 0.11926130295699928], [0.4213480932447442, -0.10498694171172415, -0.038802770918832004]]","tensor(-6, dtype=torch.int32)"
"['Bi', 'Bi', 'Bi', 'Bi']","[[0.36331582537170376, 0.2555358049305342, 0.177096789262001], [3.4175053221566833, 0.04498130416706285, 0.1160826093368462], [3.7966572666707847, 2.8886368024955726, -0.02709389029082843], [6.8997875353509, 2.764927536252887, 0.0743782096261903]]",[-23374.263671875],"[[-0.10334770827640581, 0.026501850708667, -0.00867231003355656], [0.0468330709968301, -0.9580480735121911, 0.05296429152634875], [0.09901652834698771, 0.9365217575358766, -0.03503463203893625], [-0.04327338699177259, -0.004862578909108994, -0.012409631653969707]]","tensor(-6, dtype=torch.int32)"
"['Bi', 'Bi', 'Bi', 'Bi']","[[0.209232052138055, 0.3054136702664747, 0.12400517011652036], [3.3126171885701545, 0.07824363008158683, 0.0018950613546751937], [3.70045095723953, 3.0999056683042396, 0.09659609013667683], [7.022854443658171, 2.809560034433775, -0.21429129134690286]]",[-23374.322265625],"[[0.1445347467465908, 0.016017919819986588, -0.002044471398648454], [-0.08920195368216684, 0.15297198068849926, 0.007529376915101746], [0.6015088877899263, -0.251759269351233, -0.07572653747373655], [-0.6536976827531897, 0.08374581265530036, 0.06857634706192978]]","tensor(-6, dtype=torch.int32)"
"['Bi', 'Bi', 'Bi', 'Bi']","[[0.24876748220940126, 0.2067319465610108, 0.006319392320761672], [3.4826115199102827, 0.052614948072343175, 0.08348484982088747], [3.892065183818129, 3.00928287439691, -0.06145319755718597], [6.89514248018833, 2.7511298732379887, -0.0626590623765117]]",[-23374.328125],"[[0.42398326974974215, -0.05272260769593291, 0.017875429749634505], [-0.40897506383555965, -0.1098728117429924, -0.011057929985918032], [-0.286305658915056, 0.2191069096864965, -0.01003474349212053], [0.2729674368469554, -0.0582539278206862, 0.005202054187962069]]","tensor(-6, dtype=torch.int32)"
"['Bi', 'Bi', 'Bi', 'Bi']","[[0.11893430107634934, 0.24417521558613448, 0.013903720545721655], [3.4441788017825736, 0.028853952850542087, 0.0019338754045860403], [3.9442449029584754, 3.0802907389948344, 0.13773896763052468], [6.9023610159645195, 2.760187474075543, 0.1733301212541388]]",[-23374.302734375],"[[0.6089419511275028, -0.0918032944509065, -0.0068084803288537225], [-0.5459216067942836, 0.38278666677052364, 0.021304954156490193], [-0.4892907658721603, -0.2050759292006592, -0.015336289142867401], [0.427370237233608, -0.08788179432508901, -0.0003438771641584127]]","tensor(-6, dtype=torch.int32)"
"['Bi', 'Bi', 'Bi', 'Bi']","[[0.2900810627231341, 0.3497980465259179, -0.09058855894993406], [3.453523897738295, 0.027349713875838025, -0.0839481163361931], [3.8467122004541023, 3.1140901821718314, 0.0010832565593344606], [6.983739408390973, 2.703326511222831, 0.08703818014470706]]",[-23374.34375],"[[0.28503368205778656, -0.07290387602284588, -0.004302400527424755], [-0.2828922604761191, 0.5261292437459739, 0.02016280779603652], [0.2664151825160157, -0.5235828217710393, -0.0020170593100701404], [-0.2685463711014592, 0.07018806967825396, -0.015429846496284119]]","tensor(-6, dtype=torch.int32)"
"['Bi', 'Bi', 'Bi', 'Bi']","[[0.4124878027038019, 0.023865020167703144, 0.038136301233129194], [3.582000935985317, -0.10304614579436536, 0.1447232065231362], [3.8436158060448684, 2.969698604489068, -0.026374967300990156], [6.959776431751573, 2.756237807742751, 0.10593985569238301]]",[-23374.359375],"[[0.2686344057222404, -0.05819690072112638, 0.014261351456105962], [-0.2772157757868416, 0.39232546475821256, -0.03572131236544839], [0.16010242501714017, -0.3740714450015454, 0.035015914397601926], [-0.15045065269425473, 0.038781770136631616, -0.013633791108280873]]","tensor(-6, dtype=torch.int32)"
"['Bi', 'Bi', 'Bi', 'Bi']","[[0.4124878027038019, 0.023865020167703144, 0.038136301233129194], [3.582000935985317, -0.10304614579436536, 0.1447232065231362], [3.8436158060448684, 2.969698604489068, -0.026374967300990156], [6.959776431751573, 2.756237807742751, 0.10593985569238301]]",[-23374.359375],"[[0.2686344057222404, -0.05819690072112638, 0.014261351456105962], [-0.2772157757868416, 0.39232546475821256, -0.03572131236544839], [0.16010242501714017, -0.3740714450015454, 0.035015914397601926], [-0.15045065269425473, 0.038781770136631616, -0.013633791108280873]]","tensor(-6, dtype=torch.int32)"
"['Bi', 'Bi', 'Bi', 'Bi']","[[0.09172221048956447, 0.2578081148295933, -0.07083861282638403], [3.4076158760197144, -0.011410734332249695, -0.21538447676639316], [3.752387103596357, 3.0682727297921035, -0.17105096457003138], [7.082346177437074, 2.8209286401831344, -0.09484486548629062]]",[-23374.279296875],"[[0.6818595054267084, -0.04795076101052935, -0.04385861667381081], [-0.5941359882994959, 0.4468784932259502, 0.04748973624848825], [0.6017551996085843, -0.4478960335740924, 0.019936895121107606], [-0.6902083962152861, 0.04934431511891623, -0.02840240607117473]]","tensor(-6, dtype=torch.int32)"
"['Bi', 'Bi', 'Bi', 'Bi']","[[0.27200659246583014, 0.25903180395465397, -0.027121493530982563], [3.22475745783048, 0.1311673895495486, 0.05012438979594746], [3.914306648999664, 2.8379683306072523, -0.05891507345059374], [6.918265901918348, 2.644040987831393, -0.10622175274101711]]",[-23374.046875],"[[-0.6313136462893568, 0.12217410733442592, -0.017257948131758676], [0.41151264121074277, -1.9195743372987069, 0.09973782602555004], [-0.10026665081533652, 1.897299829889935, -0.08140261078628144], [0.3210520289930252, -0.09940440518375934, 0.0005340055655129513]]","tensor(-6, dtype=torch.int32)"
"['Bi', 'Bi', 'Bi', 'Bi']","[[0.08744155710480356, 0.25047244289047216, -0.07266004730033425], [3.4126494483310283, 0.12488621673952026, -0.127140674647587], [3.7674270009308666, 3.0325598067062236, -0.1896478555768127], [6.946234181300344, 2.858510810339599, 0.055964209876773155]]",[-23374.30078125],"[[0.6419014549452337, -0.012285550146992385, -0.022907770466553082], [-0.5848543007696961, -0.47699888052348555, 0.0364924071974947], [0.34072092759945655, 0.519024253352664, 0.02444079157171737], [-0.3970812368977889, -0.030598849290830496, -0.040221192750705924]]","tensor(-6, dtype=torch.int32)"
"['Bi', 'Bi', 'Bi', 'Bi']","[[0.42640567102911536, 0.16945515062842048, 0.03517358354081272], [3.515780686616033, -0.03921653727762793, 0.07712316087390807], [3.879436818128071, 3.0391520638482965, 0.18761726886131466], [6.886519071084106, 2.798265597193, -0.03930776378146479]]",[-23374.330078125],"[[0.0006276138268003315, -0.06758220376545544, 0.012344880956254894], [-0.04304525288248752, 0.41291420173878834, 0.008555304206380348], [-0.22994714938992888, -0.3721621941633519, -0.014485598055267754], [0.2712318898341118, 0.026216555802384, -0.004310847634408246]]","tensor(-6, dtype=torch.int32)"
"['Bi', 'Bi', 'Bi', 'Bi']","[[0.29425918998050954, 0.1487172306430677, -0.12947004883677699], [3.3814695744538668, 0.01271237561403286, 0.056124436982531584], [3.889079417416024, 3.0886082097903276, 0.01936543445479905], [6.89296954379128, 2.812044771184533, -0.07662575088676096]]",[-23374.357421875],"[[0.02617482163285943, -0.04408860197839269, 0.014447370872388792], [0.008816800968681126, 0.3684290017368924, -0.019398804070418794], [-0.2846798466456395, -0.3153059702138429, 0.0023909992173614296], [0.24997908796289983, -0.010173439157524274, 0.005158062588617229]]","tensor(-6, dtype=torch.int32)"
"['Bi', 'Bi', 'Bi', 'Bi']","[[0.4808970959788409, 0.3275603395840565, -0.12202784184339659], [3.568783440294709, 0.18057756682814954, -0.04902321925665914], [3.894952849734603, 3.0914552202303653, 0.11319031402009717], [7.029874986394784, 2.855177278759164, -0.056988676791242136]]",[-23374.32421875],"[[-0.006735676931597819, -0.0018619173171170564, 0.01562822778338226], [-0.017556998447538746, -0.45575811142170286, -0.03523124954829328], [0.22597021624939048, 0.43125826157780833, -0.005218822932025602], [-0.2007118391326313, 0.02566110979578767, 0.028644269878911093]]","tensor(-6, dtype=torch.int32)"
"['Bi', 'Bi', 'Bi', 'Bi']","[[0.37910392068258814, 0.1705051324266972, -0.13658522899232156], [3.480904734713664, 0.07925257489554798, -0.07455742114992671], [3.80853396156707, 2.853630758784119, 0.08997207363571628], [6.907399683268661, 2.7779815206357954, -0.02825719092712346]]",[-23374.166015625],"[[0.051972513646087, 0.034988763533248826, 0.013270828274878705], [-0.11102677490009065, -1.6341930419018542, -0.1079632523722494], [0.10263319831393176, 1.6356734839183802, 0.0889261770050349], [-0.04327500164544813, -0.037170983402374166, 0.009596354734791989]]","tensor(-6, dtype=torch.int32)"
"['Bi', 'Bi', 'Bi', 'Bi']","[[0.4202118817956781, 0.17228597440102672, 0.19322088501260934], [3.468779328093307, -0.10611201345511156, 0.10934866232470272], [3.849654877566709, 3.252196909318464, -0.02152103394466569], [6.904431121684235, 2.899109425560265, 0.04042263971675346]]",[-23374.18359375],"[[-0.10910898799469519, -0.12112478813368856, -0.003024340436721701], [0.0074461142644189115, 1.0615427461263263, -0.03860816915546483], [0.056833392540848425, -1.0578686376830897, 0.053792084356568785], [0.04451783760342037, 0.11579997912871187, -0.014051312780847126]]","tensor(-6, dtype=torch.int32)"
"['Bi', 'Bi', 'Bi', 'Bi']","[[0.35499051840810103, 0.2806309241891621, 0.08945522687025274], [3.5945371179576853, 0.2019260701339797, 0.031650872442935594], [3.7529736747249824, 3.18311476556232, 0.09893260939181468], [6.965176930441572, 2.8995490921895484, -0.028574305340232992]]",[-23374.3203125],"[[0.41843703721843123, -0.02863494191149887, -0.006210040311489162], [-0.3978140531248647, -0.026507954510937293, 0.006239859982395151], [0.42544129173434014, 0.012084134956491152, -0.02498129946071034], [-0.44448824014313754, 0.04164655142273369, 0.025863846534042455]]","tensor(-6, dtype=torch.int32)"
"['Bi', 'Bi', 'Bi', 'Bi']","[[0.16570203460595595, 0.17973320935373205, -0.10058622408859097], [3.2159807404023395, 0.04226359905786206, 0.1194657341525408], [3.8115290919537546, 2.8177156381803288, 0.08425402080894094], [6.923575505521733, 2.8124038562715383, 0.0941018495083955]]",[-23374.228515625],"[[-0.05048713510876957, 0.09257097485607203, -0.004807334613464176], [-0.010309322034518712, -1.4632567535206373, 0.034340228114269136], [0.16187818410559765, 1.4465507444088295, -0.028740917700031638], [-0.10340792354564349, -0.07758482901917646, -0.00054714133880651]]","tensor(-6, dtype=torch.int32)"
"['Bi', 'Bi', 'Bi', 'Bi']","[[0.33300692272745575, 0.08739528122977133, -0.09211897928808863], [3.3845357541053778, 0.1121885255581989, 0.11451332126725801], [3.759383363904686, 3.0001418134968065, 0.07800955442034371], [6.848683024701377, 2.7847994426137896, 0.03174147290695146]]",[-23374.302734375],"[[-0.1501045305958443, 0.02177969833256426, 0.0009078847947361787], [0.13420780236128838, -0.6941560701857167, 0.009739601255300372], [0.08066454950586474, 0.6844038705179798, -0.021395642157196866], [-0.06645899101912073, -0.00912510726094521, 0.013438716261671186]]","tensor(-6, dtype=torch.int32)"
"['Bi', 'Bi', 'Bi', 'Bi']","[[0.34851049265253536, 0.3648153962600045, 0.2581753435200822], [3.4391624312694424, 0.168779324253172, -0.10243721927753303], [3.8665432307256027, 3.1084587678948434, -0.16858339963445132], [6.7088373211613295, 2.8426404446787585, 0.03421087423399023]]",[-23374.16015625],"[[0.02186070355342683, -0.07693629360019677, -0.02441436575885552], [-0.12263335803430758, -0.20584144987797848, 0.037177462585912965], [-1.2044282835518327, 0.3944740340106094, -0.07544412734679107], [1.304333694173835, -0.11354650880949628, 0.06395447804882214]]","tensor(-6, dtype=torch.int32)"
"['Bi', 'Bi', 'Bi', 'Bi']","[[0.11054829895539078, 0.33864159950023753, -0.061690222389801194], [3.3053330600168893, -0.13334429304128317, 0.08200397370415743], [3.835519795359173, 3.0973558105422634, -0.09321823452476147], [6.793967483130344, 2.717410084922095, -0.057567416763508274]]",[-23374.224609375],"[[0.41215392611481, -0.15874632161804944, 0.03161829225636113], [-0.4133837368569856, 0.9650399353040297, -0.07794771471944126], [-0.4381572550722573, -0.8190253636060119, 0.042515080833901694], [0.4412901460016371, 0.012424888588540852, 0.006139802876602993]]","tensor(-6, dtype=torch.int32)"
"['Bi', 'Bi', 'Bi', 'Bi']","[[0.4344789317697488, 0.20646408456642598, 0.0050036298889531185], [3.539184289588381, -0.014250414638735425, -0.07496773809174731], [3.9652636667470476, 2.976348317389643, -0.16586169678441268], [6.806912040274602, 2.784923289962695, -0.09327355339104372]]",[-23374.166015625],"[[0.035514919516482425, -0.07613626869942877, -0.01003824533655698], [-0.1029486728457618, 0.037052743445000084, 0.0067699703244710795], [-1.3486662219858363, 0.11879048228651262, -0.026010677174333814], [1.4161062950901706, -0.0798175248133946, 0.02720459529658805]]","tensor(-6, dtype=torch.int32)"
"['Bi', 'Bi', 'Bi', 'Bi']","[[0.3214845819833562, 0.4703332065732963, 0.09153557230459079], [3.3573505251716034, -0.1880806731664688, 0.009705134311783466], [3.7324863018236485, 3.0409395964074406, 0.0816904405793274], [6.904611899029331, 2.7031978832405374, -0.028973383466196267]]",[-23374.234375],"[[0.04537697734066625, -0.11115435310929526, 0.003565373859490595], [-0.12548260470654402, 0.9798731518405729, 0.025867050130347752], [0.3065343384104037, -1.025006835839357, -0.043645595517240454], [-0.22761947699256646, 0.15006390714349782, 0.01659681944255157]]","tensor(-6, dtype=torch.int32)"
"['Bi', 'Bi', 'Bi', 'Bi']","[[0.43182017934693695, 0.31045010265336476, -0.06177627243436474], [3.3311032742925746, -0.024084114832032908, -0.12555659562173196], [3.8586989702964622, 3.1100945322095153, 0.029791592969216456], [6.963994866720058, 2.83231548459836, 0.17858446043769677]]",[-23374.259765625],"[[-0.8344350217891424, 0.051113147651638165, 0.0057386231447401756], [0.8207114939888491, 0.49005520668555647, 0.01567233251132857], [0.09575760187115065, -0.6350988264504015, -0.00796283943605713], [-0.0814656028484643, 0.09491397103672465, -0.01499369974214837]]","tensor(-6, dtype=torch.int32)"
"['Bi', 'Bi', 'Bi', 'Bi']","[[0.320067405787731, 0.29040285829356643, -0.023112241845323074], [3.349593933268551, -0.018324570722981364, -0.10511282504583896], [3.6124615462791456, 2.9744259309680676, 0.03869458165344867], [6.782960639763525, 2.738534034749604, 0.09807010276759849]]",[-23374.314453125],"[[-0.1982070690518748, -0.010602078286289656, -0.009048339220428655], [0.13141789678273277, 0.04041117681024941, 0.007318834303345448], [0.29051589408508305, -0.110400402402581, 0.010394970670250758], [-0.2230520125523482, 0.08318387203853775, -0.011584507630302564]]","tensor(-6, dtype=torch.int32)"
"['Bi', 'Bi', 'Bi', 'Bi']","[[0.17730791007098032, 0.18923876473182333, -0.03271724640677341], [3.3934631464546454, 0.054293091704676, -0.05509535922855606], [3.9022941871863432, 2.9291177935373227, -0.05630303616409591], [6.846694228230333, 2.8650580804220795, -0.1295523861188275]]",[-23374.25390625],"[[0.4266071848166844, -0.009876810822257517, -0.003254656385352426], [-0.40920574333837784, -0.68861225449271, 0.0004235730243031341], [-0.6743194841386501, 0.7929157966073647, 0.015542476303467057], [0.6585365015706642, -0.09746800348121269, -0.011779639041212986]]","tensor(-6, dtype=torch.int32)"
"['Bi', 'Bi', 'Bi', 'Bi']","[[0.22604648220498635, 0.18186647689867558, 0.042024039408789876], [3.4709954365000772, -0.06622960855681358, 0.031509558460912954], [3.972088018544749, 3.115393820135178, -0.06468458031416588], [6.734976113579535, 2.706274684365538, -0.1833012280991439]]",[-23374.04296875],"[[0.39660342282284766, -0.15849589603206535, 0.0075551290985639286], [-0.43325354157521156, 0.8065760752350173, -0.027015392852836558], [-1.7664974555433888, -0.42471140656648426, 0.0932123626043224], [1.8056610347099862, -0.2239446486400479, -0.07328234261685876]]","tensor(-6, dtype=torch.int32)"
"['Bi', 'Bi', 'Bi', 'Bi']","[[0.3895584100974478, 0.24432099642096766, 0.024500747146908017], [3.41844963947245, 0.10666186249363613, -0.11673227687856452], [3.8826172092042244, 3.0518133104809726, 0.11234568307186542], [7.1539378074373765, 2.7467204570804347, -0.09695742516675815]]",[-23374.3203125],"[[-0.18799402459941728, 0.04971183394963219, 0.010039469182336534], [0.2250112456635554, -0.22030180482849068, -0.02609031970976957], [0.5431278445588597, 0.10371095393131168, -0.026565053601425324], [-0.578583376701779, 0.06587391046114809, 0.04361389379778272]]","tensor(-6, dtype=torch.int32)"
"['Bi', 'Bi', 'Bi', 'Bi']","[[0.26856486560186915, 0.09195090510237122, -0.0125447473724528], [3.4044405851170367, 0.13226179441920158, -0.07623185601743858], [3.965237114155833, 3.0529953434164496, 0.019094867564054444], [6.991374600297703, 2.832611717866205, 0.06254980663536612]]",[-23374.365234375],"[[0.17622649031856172, 0.030927318185202248, -0.009188958072057411], [-0.11381107547066427, -0.4036707208230309, -0.006903024986428735], [-0.19373776938447862, 0.44939899846672954, 0.01829912721539926], [0.13283529531498428, -0.07386310371913886, -0.004783085497738815]]","tensor(-6, dtype=torch.int32)"
"['Bi', 'Bi', 'Bi', 'Bi']","[[0.3811131528493513, 0.14878366150445646, 0.037204723066669186], [3.3851087177087678, 0.0027547480888656696, 0.06603591129257701], [3.9029557891998325, 3.0480543880995894, -0.1681723541556214], [6.787919254366116, 2.58639301409696, -0.03250597681204551]]",[-23374.2265625],"[[-0.4402632468328277, -0.07015978752788614, -0.00020232649280817539], [0.3742045767966404, 0.35253777566613526, -0.023624923524534238], [-0.7519401029335646, -0.21245088557475272, -0.007349965237586671], [0.8197668701665642, -0.07135586537798665, 0.030953173212847587]]","tensor(-6, dtype=torch.int32)"
"['Bi', 'Bi', 'Bi', 'Bi']","[[0.34531039523352414, 0.39128936881328785, -0.20671148508050136], [3.50337880182313, -0.042547707304246465, -0.024396057998580318], [3.745102824148324, 3.041739172613119, -0.10788725222616025], [6.9736761717785525, 2.7139119058032755, -0.032542084782474334]]",[-23374.302734375],"[[0.316889924900715, -0.08308149065420628, 0.030332333732391723], [-0.3495529289384081, 0.5565772926110432, -0.042893675983143524], [0.44077566797540085, -0.5718697084253764, 0.022164140173618497], [-0.4075110768883386, 0.09879448775555459, -0.008230558271438829]]","tensor(-6, dtype=torch.int32)"
"['Bi', 'Bi', 'Bi', 'Bi']","[[0.2280790996175862, 0.26252786649189197, -0.0386818061594732], [3.417314176638895, 0.0012189644558972847, 0.06614195864024372], [3.780044033205827, 3.1256158228537623, 0.022310245093624486], [6.853179929462682, 2.799371571874615, -0.06229189648901597]]",[-23374.337890625],"[[0.3389509277852558, -0.09147738123448616, 0.02571443450475389], [-0.3468521892666485, 0.626965394225535, -0.03121359525343439], [0.04429329275612743, -0.5736669105260218, -0.0045170579349491135], [-0.035237250506380415, 0.03671156815179944, 0.013644898280061686]]","tensor(-6, dtype=torch.int32)"
"['Bi', 'Bi', 'Bi', 'Bi']","[[0.02289744827393997, 0.1945160618051913, -0.14301743147775234], [3.516068583288066, 0.09678115781203936, -0.16748703810115756], [3.7463177383785977, 2.8416534427667237, -0.001558666279052768], [6.749410618097117, 2.7754423304421483, 0.029730787158043417]]",[-23373.970703125],"[[0.7723891260913234, -0.03245472399796624, -0.006540391254412666], [-0.7307649998427268, -1.9062642431146997, -0.11024366786745177], [-0.35436943056813786, 2.0967373267490843, 0.12403589558209312], [0.31391788227379075, -0.15941084930750982, -0.00949788142942043]]","tensor(-6, dtype=torch.int32)"
"['Bi', 'Bi', 'Bi', 'Bi']","[[0.26856486560186915, 0.09195090510237122, -0.0125447473724528], [3.4044405851170367, 0.13226179441920158, -0.07623185601743858], [3.965237114155833, 3.0529953434164496, 0.019094867564054444], [6.991374600297703, 2.832611717866205, 0.06254980663536612]]",[-23374.365234375],"[[0.17622649031856172, 0.030927318185202248, -0.009188958072057411], [-0.11381107547066427, -0.4036707208230309, -0.006903024986428735], [-0.19373776938447862, 0.44939899846672954, 0.01829912721539926], [0.13283529531498428, -0.07386310371913886, -0.004783085497738815]]","tensor(-6, dtype=torch.int32)"
"['Bi', 'Bi', 'Bi', 'Bi']","[[0.17560027731772848, 0.17128066559399324, 0.020036676708787875], [3.3647991572792404, -0.2550903285144914, -0.025702822669776682], [3.7968693999641254, 3.03714670028358, 0.005019298437972573], [6.880617286073882, 2.9047159288928657, -0.055688796761076624]]",[-23374.265625],"[[0.45317970490580683, -0.12322034120966861, -0.009927908954658414], [-0.44397581900056443, 0.9758966814988587, 0.0192006490405236], [0.029794175832983858, -0.9302976275712951, -0.013531980509165912], [-0.038206968854765384, 0.08017043462789329, 0.004288402405655436]]","tensor(-6, dtype=torch.int32)"
"['Bi', 'Bi', 'Bi', 'Bi']","[[0.26815310845546353, 0.22605831122245007, -0.015180309577413618], [3.4263781014352244, 0.21225846296241468, -0.023289524589419085], [3.8501480035568014, 2.932150750148449, -0.0427692154720365], [6.850051798789007, 2.714837270626537, 0.009418452103376853]]",[-23374.052734375],"[[0.1913711704637918, 0.03841535173867541, -0.0035305405346557676], [-0.34092178228915965, -2.1680391989309142, 0.020254195137188655], [-0.15764234073396483, 2.2394547139351313, -0.02111821997313443], [0.3086730860433091, -0.10880981426589534, 0.00337738086333301]]","tensor(-6, dtype=torch.int32)"
"['Bi', 'Bi', 'Bi', 'Bi']","[[0.35981135244352874, 0.09904183169364036, -0.008327280344163917], [3.419012157067979, 0.06323661841181966, 0.009140394256289286], [3.9667511621636766, 3.0166976938966403, 0.06851300258173076], [6.899793055424691, 2.8483380476033417, 0.13384669266313093]]",[-23374.296875],"[[-0.11603261267101002, 0.0013911362416408884, -0.001620213946306419], [0.15149894345316053, -0.22841595376901563, -0.002003273561539038], [-0.7254222445277895, 0.3031103470206018, -0.0077996102907616], [0.6922184857750637, -0.07478037098870434, 0.010994855648388655]]","tensor(-6, dtype=torch.int32)"
"['Bi', 'Bi', 'Bi', 'Bi']","[[0.26815310845546353, 0.22605831122245007, -0.015180309577413618], [3.4263781014352244, 0.21225846296241468, -0.023289524589419085], [3.8501480035568014, 2.932150750148449, -0.0427692154720365], [6.850051798789007, 2.714837270626537, 0.009418452103376853]]",[-23374.052734375],"[[0.1913711704637918, 0.03841535173867541, -0.0035305405346557676], [-0.34092178228915965, -2.1680391989309142, 0.020254195137188655], [-0.15764234073396483, 2.2394547139351313, -0.02111821997313443], [0.3086730860433091, -0.10880981426589534, 0.00337738086333301]]","tensor(-6, dtype=torch.int32)"
"['Bi', 'Bi', 'Bi', 'Bi']","[[0.18222718844698874, 0.2695825145492856, 0.09004131169472042], [3.460140560039188, 0.28077729919249045, -0.026864389925073024], [3.828921258833215, 3.0943815292173658, -0.07866222359404064], [6.88360426855802, 2.6764921995904083, 0.1380321571793639]]",[-23374.2265625],"[[0.45190160881963976, 0.006721175901772869, -0.03589743817131164], [-0.4899302510030223, -1.186009404569567, 0.06197405903588487], [0.14644482033824957, 1.238767956307513, -0.006878841176759678], [-0.10724982227369846, -0.06191312385736514, -0.023922729425698126]]","tensor(-6, dtype=torch.int32)"
"['Bi', 'Bi', 'Bi', 'Bi']","[[0.21756620122809428, 0.1662877692948277, 0.053722751066136776], [3.3897756678359694, 0.07560131417150406, 0.0328976302054611], [3.728830969550153, 3.083554553489412, -0.041401585718222444], [7.063974662266328, 2.8302826392763505, 0.17891676155033398]]",[-23374.326171875],"[[0.3313471945257325, 0.017545407908097103, -0.012771041540206224], [-0.2591944409945641, 0.045583159359056755, 0.009271485386830683], [0.627642623171615, -0.12000707755115267, 0.05915659121624356], [-0.6951896542264313, 0.05707749320956842, -0.058603803731781805]]","tensor(-6, dtype=torch.int32)"
"['Bi', 'Bi', 'Bi', 'Bi']","[[0.16525057024384793, 0.2858584637331902, 0.11857398333514366], [3.550769867838544, 0.06740738811984354, -0.0050756532341661425], [4.026234528601732, 3.112816493369773, 0.020699689555068443], [6.969711923774097, 2.7172380932242235, 0.09741188968359715]]",[-23374.2734375],"[[0.6635203306863883, -0.10660812599289864, -0.037713815569906446], [-0.6039869183830623, 0.3910425349954371, 0.04255315889271508], [-0.4979039147893566, -0.17335045273661326, -0.008205130047153586], [0.4384831168665861, -0.1138047505534002, 0.0003379836782426767]]","tensor(-6, dtype=torch.int32)"
"['Bi', 'Bi', 'Bi', 'Bi']","[[0.19299091546754665, 0.39334655433542226, -0.01906012910767375], [3.538464712664136, 0.08705276096584774, 0.08428430312912817], [3.847725956470726, 3.09019277947583, 0.133195063064111], [6.918774470933434, 2.5963856331608905, -0.004221082198773682]]",[-23374.291015625],"[[0.5753977781285319, -0.10872784745192027, 0.03637573047170458], [-0.5696297621162458, 0.25590311860103304, -0.029629568575634042], [0.13108195625845476, -0.14910586215531113, -0.024486958325535952], [-0.14029885195286643, 0.0009506319794648353, 0.023139740663869864]]","tensor(-6, dtype=torch.int32)"
"['Bi', 'Bi', 'Bi', 'Bi']","[[0.2280790996175862, 0.26252786649189197, -0.0386818061594732], [3.417314176638895, 0.0012189644558972847, 0.06614195864024372], [3.780044033205827, 3.1256158228537623, 0.022310245093624486], [6.853179929462682, 2.799371571874615, -0.06229189648901597]]",[-23374.337890625],"[[0.3389509277852558, -0.09147738123448616, 0.02571443450475389], [-0.3468521892666485, 0.626965394225535, -0.03121359525343439], [0.04429329275612743, -0.5736669105260218, -0.0045170579349491135], [-0.035237250506380415, 0.03671156815179944, 0.013644898280061686]]","tensor(-6, dtype=torch.int32)"
"['Bi', 'Bi', 'Bi', 'Bi']","[[0.209232052138055, 0.3054136702664747, 0.12400517011652036], [3.3126171885701545, 0.07824363008158683, 0.0018950613546751937], [3.70045095723953, 3.0999056683042396, 0.09659609013667683], [7.022854443658171, 2.809560034433775, -0.21429129134690286]]",[-23374.322265625],"[[0.1445347467465908, 0.016017919819986588, -0.002044471398648454], [-0.08920195368216684, 0.15297198068849926, 0.007529376915101746], [0.6015088877899263, -0.251759269351233, -0.07572653747373655], [-0.6536976827531897, 0.08374581265530036, 0.06857634706192978]]","tensor(-6, dtype=torch.int32)"
"['Bi', 'Bi', 'Bi', 'Bi']","[[0.22502220104468643, 0.24418764914278634, 0.0860276205261184], [3.253385099287577, 0.07555299171291664, -0.10792588967178822], [3.6724584853069175, 3.1417607648115364, 0.06969877361990205], [6.854976529004437, 2.820109395634002, 0.013526535054329113]]",[-23374.345703125],"[[-0.18894152805883052, -0.010005036949816012, 0.002825539031135369], [0.1999547002562392, 0.33879193067809715, 0.018927952546677163], [0.35470871352836847, -0.4082731522855222, -0.027073438109809615], [-0.36611423628451606, 0.07789793813479391, 0.004874380279126109]]","tensor(-6, dtype=torch.int32)"
"['Bi', 'Bi', 'Bi', 'Bi']","[[0.2569975220926772, 0.28462495703522717, -0.021139768349435085], [3.5010096255339462, 0.13347330611434172, -0.09630215047985413], [3.750668793479821, 3.1320147646929093, 0.0907102161666482], [6.851078688341391, 2.845515061074841, -0.018280616416996496]]",[-23374.337890625],"[[0.425222182202127, -0.06382736263844173, -0.014162456489583464], [-0.4261584242234846, 0.12417005581901969, 0.019669649368968423], [0.12570788488974652, -0.07268810892658528, -0.015434469342316966], [-0.12351344713166229, 0.00935555536435129, 0.010344756997824998]]","tensor(-6, dtype=torch.int32)"
"['Bi', 'Bi', 'Bi', 'Bi']","[[0.26815310845546353, 0.22605831122245007, -0.015180309577413618], [3.4263781014352244, 0.21225846296241468, -0.023289524589419085], [3.8501480035568014, 2.932150750148449, -0.0427692154720365], [6.850051798789007, 2.714837270626537, 0.009418452103376853]]",[-23374.052734375],"[[0.1913711704637918, 0.03841535173867541, -0.0035305405346557676], [-0.34092178228915965, -2.1680391989309142, 0.020254195137188655], [-0.15764234073396483, 2.2394547139351313, -0.02111821997313443], [0.3086730860433091, -0.10880981426589534, 0.00337738086333301]]","tensor(-6, dtype=torch.int32)"
"['Bi', 'Bi', 'Bi', 'Bi']","[[0.30673825622031575, 0.3100096777717059, -0.09362300317074254], [3.2935298905641357, -0.0017061748776357952, 0.09531570201300954], [3.9389271044834824, 2.9636356771526753, -0.06585993251659969], [6.836243456851569, 2.807460307375651, -0.0693606469306568]]",[-23374.234375],"[[-0.3254524744797987, 0.020297605666898665, -0.011530103057413211], [0.3323874634383522, -0.0781745375653911, 0.02040502127399561], [-1.0075258958074709, 0.1099125095976905, -0.012492009844677405], [1.0009073584004873, -0.05081041037189197, 0.00486371225200737]]","tensor(-6, dtype=torch.int32)"
"['Bi', 'Bi', 'Bi', 'Bi']","[[0.31474304451922996, 0.2805540619695991, 0.2060988490747297], [3.466733251497895, 0.032115024430745515, -0.0827751561271415], [3.8624681950368376, 3.0789645118471487, 0.11367935715468343], [6.936830465791172, 2.8359990469899685, -0.1690917248086347]]",[-23374.365234375],"[[0.2784526827776549, -0.06078528312278842, -0.027450953395128316], [-0.2720777832405672, 0.33596685238890234, 0.05059888045597737], [0.03761204610846475, -0.2996958172956502, -0.027695830537431135], [-0.044201699726608985, 0.024389179218400694, 0.004543427697731144]]","tensor(-6, dtype=torch.int32)"
"['Bi', 'Bi', 'Bi', 'Bi']","[[0.02289744827393997, 0.1945160618051913, -0.14301743147775234], [3.516068583288066, 0.09678115781203936, -0.16748703810115756], [3.7463177383785977, 2.8416534427667237, -0.001558666279052768], [6.749410618097117, 2.7754423304421483, 0.029730787158043417]]",[-23373.970703125],"[[0.7723891260913234, -0.03245472399796624, -0.006540391254412666], [-0.7307649998427268, -1.9062642431146997, -0.11024366786745177], [-0.35436943056813786, 2.0967373267490843, 0.12403589558209312], [0.31391788227379075, -0.15941084930750982, -0.00949788142942043]]","tensor(-6, dtype=torch.int32)"
"['Bi', 'Bi', 'Bi', 'Bi']","[[0.3425136733049486, 0.2576270495581685, 0.06866661933232841], [3.3470933185207796, -0.05587731281600723, 0.021143860782227783], [3.8389977697625923, 2.9519412068051003, -0.024078674131486448], [7.001241984531006, 2.654067499395612, -0.08379762379177284]]",[-23374.34765625],"[[-0.25923892110377894, 0.028291133807209448, 0.0027867935135733003], [0.2710372572174896, 0.09669888325748298, -0.005899635997888702], [0.26387482834788734, -0.1883805130397163, -0.004519982309297145], [-0.2770028369056178, 0.06366183492565267, 0.007902732153211795]]","tensor(-6, dtype=torch.int32)"
"['Bi', 'Bi', 'Bi', 'Bi']","[[0.41289169039887347, 0.26397804940635816, 0.03331811308986061], [3.412875323532802, 0.033181663798650785, 0.14937180637305872], [3.8211545428166214, 2.9948581435753288, -0.026420589870859653], [6.882080097136453, 2.6879574932601122, -0.1407345495154007]]",[-23374.302734375],"[[-0.37407411895030745, -0.0006539769047104574, 0.0029528035655813603], [0.3131905682105138, -0.11281194423130687, 0.005844110423402952], [-0.012638531952419294, 0.07707112232431385, -0.016950598290397936], [0.0755895490217732, 0.03524333888202323, 0.011152886020225667]]","tensor(-6, dtype=torch.int32)"
"['Bi', 'Bi', 'Bi', 'Bi']","[[0.3276805801236027, 0.14990523874886125, 0.05185485906764148], [3.3634019378572475, 0.022662686742433116, 0.1293253067116841], [3.9278309635660182, 3.0178223668507234, 0.17783111795648796], [6.854226014358825, 2.7337061919598358, -0.01064558855497765]]",[-23374.296875],"[[-0.22150076231571958, -0.023616233191057583, 0.006988509071467733], [0.23517477064182343, 0.04157329036886275, -0.007879931597806183], [-0.6683195544933479, 0.04703653278657613, 0.03369371358348845], [0.6570550311123067, -0.0662270259640131, -0.030790499426141097]]","tensor(-6, dtype=torch.int32)"
"['Bi', 'Bi', 'Bi', 'Bi']","[[0.36331582537170376, 0.2555358049305342, 0.177096789262001], [3.4175053221566833, 0.04498130416706285, 0.1160826093368462], [3.7966572666707847, 2.8886368024955726, -0.02709389029082843], [6.8997875353509, 2.764927536252887, 0.0743782096261903]]",[-23374.263671875],"[[-0.10334770827640581, 0.026501850708667, -0.00867231003355656], [0.0468330709968301, -0.9580480735121911, 0.05296429152634875], [0.09901652834698771, 0.9365217575358766, -0.03503463203893625], [-0.04327338699177259, -0.004862578909108994, -0.012409631653969707]]","tensor(-6, dtype=torch.int32)"
"['Bi', 'Bi', 'Bi', 'Bi']","[[0.40634241528196546, 0.10771563322330402, 0.12666410032358688], [3.4762753617287325, 0.04122128536749181, 0.016158932990809633], [3.899723491028528, 3.0799973688404663, -0.006029372230136067], [6.953302836313675, 2.7864036966538883, -0.11092370498781523]]",[-23374.3671875],"[[-0.07625654497162933, -0.02996531369596406, -0.0021226669164272093], [0.08615894856886513, 0.20204490543469514, -0.00029847500541950076], [-0.043396681740748774, -0.18297137180455197, -0.0003043503393369098], [0.03492567376909198, 0.009997308209451864, 0.0026429160440012574]]","tensor(-6, dtype=torch.int32)"
"['Bi', 'Bi', 'Bi', 'Bi']","[[0.40750939979048956, 0.2800111514357946, -0.04235336121317112], [3.413630316350878, 0.02495545494991316, 0.0837718309642902], [3.9302836887595034, 2.915819805646867, 0.08742494984737104], [6.935746756757394, 2.852022686533491, 0.19010418553556868]]",[-23374.27734375],"[[-0.2636490339437691, 0.04243573654659709, -0.007242066262828894], [0.2379413305908027, -0.607753586591139, 0.010295237523635542], [-0.352107218493354, 0.5872706248529388, -0.013415005535244646], [0.37614792048155005, -0.022599489885334785, 0.00935986967783467]]","tensor(-6, dtype=torch.int32)"
"['Bi', 'Bi', 'Bi', 'Bi']","[[0.3072560400217693, 0.2076532588158555, -0.0856191971699096], [3.4256712531172058, 0.10028644579412252, -0.015504461905123876], [3.9132285963779987, 2.9469052979146353, -0.2520177188082072], [6.939563312641249, 2.6871970990782055, 0.00012581613375199218]]",[-23374.291015625],"[[0.09804511361499077, 0.008655078490668825, -0.002375503684285364], [-0.13722175399284858, -0.7859085081880528, 0.07275398062589648], [-0.08269104271285575, 0.8286227827780994, -0.07672674857701707], [0.12252418893388785, -0.051606336931961205, 0.00737170649790578]]","tensor(-6, dtype=torch.int32)"
"['Bi', 'Bi', 'Bi', 'Bi']","[[0.32292386891609903, 0.16140152257210483, -0.13667174459620862], [3.410199573766925, 0.14385796478525417, -0.030400258809981335], [3.737270260446936, 3.008497622274316, -0.015526983771734596], [6.8849929797268095, 2.731614147862157, -0.0800030818411193]]",[-23374.28515625],"[[-0.03298364648972672, 0.02448610471881576, 0.010215800676566097], [0.009787840319409541, -0.8575657070226855, -0.011527763352246421], [0.295893410733927, 0.8194763353491494, -0.011931915281002436], [-0.27273794005224344, 0.014704378486094825, 0.016998389982310378]]","tensor(-6, dtype=torch.int32)"
"['Bi', 'Bi', 'Bi', 'Bi']","[[0.31181853974003354, 0.33861427935618094, -0.17531175273504454], [3.4980651510003886, -0.08816541820140622, 0.08699825893514977], [3.7978979619522244, 3.1815417293599646, -0.13059389622514073], [6.750339226897601, 2.671377602733693, -0.07149869047568749]]",[-23374.123046875],"[[0.27777812778033684, -0.19622125071932187, 0.04781551576747048], [-0.4381085583515331, 1.1404730855937284, -0.11930696577432041], [-0.29676095284093673, -0.9955702595156235, 0.059243288862643795], [0.4578970647429746, 0.053550606214519264, 0.014617187187615443]]","tensor(-6, dtype=torch.int32)"
"['Bi', 'Bi', 'Bi', 'Bi']","[[0.2827043132231036, 0.2413058851284886, 0.14040583836647746], [3.435857502940018, 0.06830332384450791, 0.07757343291783982], [3.7212088751600234, 2.962438913018296, -0.05305746861911695], [7.037797978725297, 2.7049322336979427, -0.07356219304442599]]",[-23374.28515625],"[[0.26034423896224457, 0.026382428043186634, -0.011305933591388784], [-0.2277802224508388, -0.5896077589151516, 0.03194068820171755], [0.592711082141874, 0.5140448979589072, -0.026554008136154404], [-0.6243022441027187, 0.04821028316451354, 0.005149495668160362]]","tensor(-6, dtype=torch.int32)"
"['Bi', 'Bi', 'Bi', 'Bi']","[[0.3688207905151266, 0.40618291098492487, 0.11051744791441215], [3.421294229994859, 0.03625942179508397, -0.05531160251394122], [3.708108352213174, 3.1405516298609086, 0.13584568985442538], [6.839858600053809, 2.70786712093022, 0.10079273158736471]]",[-23374.28125],"[[-0.11115502159648578, -0.06983490275329737, -0.014135223349883843], [0.0034960640791364904, 0.6092556258861276, 0.04886481954158037], [0.2753711625177614, -0.6608057584719942, -0.03668199530693302], [-0.16964590241516267, 0.12225879951925461, -0.00016666671211750905]]","tensor(-6, dtype=torch.int32)"
"['Bi', 'Bi', 'Bi', 'Bi']","[[0.36565936299614105, 0.28642169588330046, 0.05150249441436396], [3.1388359584708176, 0.026953582640858852, 0.0214057623562403], [3.9567457433120152, 3.0424003334147116, 0.08773834322006123], [6.961917080507014, 2.6508671275278326, 0.15027625460183536]]",[-23374.07421875],"[[-1.9579521869059948, 0.1858598021105707, 0.01911845596934558], [2.0027223167173234, 0.012911038184526888, -0.01901659394813904], [-0.2728565708175135, -0.20767043083121903, -0.000664066433298945], [0.22835347592774852, 0.008550923044177917, 0.0007930741766494244]]","tensor(-6, dtype=torch.int32)"
"['Bi', 'Bi', 'Bi', 'Bi']","[[0.2676074211372812, 0.32241151690030556, -0.02871359237044154], [3.327352316552282, 0.12160672489747192, -0.08022175298842987], [3.753834134699969, 3.005317023285172, 0.07417736980975881], [6.703903482106442, 2.9026889279176458, 0.038244309736062014]]",[-23374.23046875],"[[-0.1005451528633221, -0.008144133162123954, -0.0024143463896005154], [0.03966186437619547, -0.6294727354108703, -0.031557825018874754], [-0.6274179086314199, 0.6739055363014484, 0.04175146791617996], [0.6870767908381958, -0.03686537676991791, -0.008155800834702968]]","tensor(-6, dtype=torch.int32)"
"['Bi', 'Bi', 'Bi', 'Bi']","[[0.28404561031484993, 0.23772562059297034, 0.14185331427091905], [3.4876081631026064, 0.031098440885601996, 0.020923840486128064], [3.8405515302334794, 2.9892060972261554, -0.18610119741165768], [6.921895799627557, 2.8159855029058507, -0.03421221943932125]]",[-23374.353515625],"[[0.38518077651020466, -0.04468539648882676, -0.029770218280517742], [-0.375044968039297, -0.11150844563190027, 0.03647633265166746], [0.01583371560353646, 0.16603920833398467, 0.006128176341697244], [-0.025880964948328717, -0.010514470468868494, -0.016382065361495047]]","tensor(-6, dtype=torch.int32)"
"['Bi', 'Bi', 'Bi', 'Bi']","[[0.16489512298764575, 0.3020813407408025, -0.008913895700979998], [3.3301502017670366, -0.04960368620853314, 0.10585753074384524], [3.8185863712884, 2.852993218736067, 0.08706280777172627], [6.955784930290534, 2.6481751998585548, 0.06700738248758348]]",[-23374.34765625],"[[0.3587927588856635, -0.017992944655517342, 0.021598893116367427], [-0.34513736535671075, -0.4076733650093583, -0.015437611232112371], [0.18771850503274323, 0.4367020098806045, -0.01066552800508755], [-0.20186513380253904, -0.00867845497350011, 0.006895049420025013]]","tensor(-6, dtype=torch.int32)"
"['Bi', 'Bi', 'Bi', 'Bi']","[[0.354331052938713, 0.12111589395773434, -0.026856879330413752], [3.374524643582705, -0.03387102797476679, 0.17832075421229782], [3.7578047958272904, 3.1374975426494642, 0.04916144127761941], [6.851728343962734, 2.6394880677585624, 0.04897347930876749]]",[-23374.28125],"[[-0.2863828948966059, -0.07944409758435633, -0.0007191667470873455], [0.22453615695946774, 0.7318746885789765, -0.02958096955688383], [0.2159767955500619, -0.7667254969249404, 0.02581910417216058], [-0.1550035646825565, 0.11385658402171066, 0.006041072460773545]]","tensor(-6, dtype=torch.int32)"
"['Bi', 'Bi', 'Bi', 'Bi']","[[0.38985077481704056, 0.24723340191804732, -0.1700612204186844], [3.337212767338286, 0.15262600772830506, 0.17976838126858763], [3.937792762748342, 3.120207092843028, -0.017977905537193226], [6.850161855022394, 2.6970572677892015, -0.012303616921454402]]",[-23374.240234375],"[[-0.6110569417540993, -0.018154960239451633, -0.05725011717099523], [0.5786008602129153, -0.01489332381938843, 0.060637136076952675], [-0.6508787236928927, 0.10888442772077478, -0.017681110807771017], [0.6856719392962892, -0.07492445568930545, 0.014522040891568968]]","tensor(-6, dtype=torch.int32)"
"['Bi', 'Bi', 'Bi', 'Bi']","[[0.28057923369412274, 0.3226538494345554, -0.04517221869533977], [3.4498528539705604, -0.0775769911940696, 0.17032371499137428], [3.959562641849632, 2.9953603203496613, 0.04604343950178391], [7.042388497988284, 2.84855331874884, 0.08827938569743955]]",[-23374.375],"[[0.41066211981604533, -0.06718291122435353, 0.03837214175512256], [-0.35184131485780507, 0.4317731509807772, -0.05161785548047465], [-0.045695038403702655, -0.38052255207835145, 0.012576388354747477], [-0.014006596130011038, 0.01866103589592408, 0.002191244960418161]]","tensor(-6, dtype=torch.int32)"
"['Bi', 'Bi', 'Bi', 'Bi']","[[0.3064683156994608, 0.28746916952698076, 0.016400621766464268], [3.2842854762295635, 0.023481943051927398, -0.06516280263096422], [3.839455494532373, 3.009066194703972, -0.04121744703537679], [6.795346581796539, 2.740825932763169, -0.1314822727817687]]",[-23374.26953125],"[[-0.45779540326792517, 0.008171705687627992, 0.010293005804861062], [0.43314442389688335, -0.005247768427374767, -0.010350495703245085], [-0.5439449415940316, 0.02165068030479547, 0.01438836916451238], [0.5688265490457999, -0.02461515874204866, -0.014417787743104062]]","tensor(-6, dtype=torch.int32)"
"['Bi', 'Bi', 'Bi', 'Bi']","[[0.15968134916168697, 0.40224437613722186, 0.0539828328674275], [3.3408716905947866, -0.0062236491714430416, -0.15661259233864605], [3.874490893904346, 3.040329392733224, -0.024704926503211305], [6.80382418921726, 2.684269464401439, 0.05261223025070162]]",[-23374.287109375],"[[0.3563842509603407, -0.11080005489832397, -0.04326023836295614], [-0.35914644003153584, 0.4307903719665416, 0.05549904068649511], [-0.6343002413681977, -0.2574686641791203, -0.01791509160886849], [0.6385831873757158, -0.06188890405223197, 0.0023626738724366937]]","tensor(-6, dtype=torch.int32)"
"['Bi', 'Bi', 'Bi', 'Bi']","[[0.26740831939027077, 0.14618327824532873, 0.051256545707632814], [3.4066424964755515, 0.10329223213208619, -0.009183305278705412], [3.870514582433863, 3.085923545264208, 0.0010164210980117476], [6.814079090148666, 2.6513755368421843, 0.08279665983287449]]",[-23374.328125],"[[0.11007078679556706, -0.049462297965832416, -0.011732135313013379], [-0.12220933146715673, 0.01610023630418439, 0.011476778348446993], [-0.43460990208476025, 0.10778234945407855, -0.00818196439489777], [0.4485466258767352, -0.07517971495189782, 0.00603233584741447]]","tensor(-6, dtype=torch.int32)"
"['Bi', 'Bi', 'Bi', 'Bi']","[[0.2639268815965024, 0.16023729916502105, 0.014211298460863045], [3.3883334533419402, -0.02043329854588224, 0.08479459168363612], [3.8092619702121655, 2.942070849851558, 0.07945527670033507], [7.061195352230434, 2.847005613650309, 0.0925578042101702]]",[-23374.3671875],"[[0.22047196052952175, 0.029639822140694664, 0.009436483452076492], [-0.15364375889287216, -0.20083514930823493, -0.0063669188284748305], [0.43927460570015214, 0.1612979372242333, -0.0005693263717759365], [-0.5079999739834745, 0.010809715549871809, -0.0015110433032239222]]","tensor(-6, dtype=torch.int32)"
"['Bi', 'Bi', 'Bi', 'Bi']","[[0.2967611543979756, 0.18417214921723216, -0.02184598599519841], [3.4855453471781757, 0.23011599538081537, -0.03544206902138758], [3.900570655809344, 3.0379000740369637, 0.027572244622237497], [7.049507187175213, 2.9191123990684664, -0.11064990926144103]]",[-23374.248046875],"[[0.34016500336740857, 0.06697665721503483, 0.0008068151879608542], [-0.3357221346550834, -1.3393896766651943, -0.035225150888232144], [0.2883353917138164, 1.3359644511451947, 0.01961807301111585], [-0.29190033105663316, -0.06075252725045334, 0.016422693956050696]]","tensor(-6, dtype=torch.int32)"
"['Bi', 'Bi', 'Bi', 'Bi']","[[0.36183317107015117, 0.31378117449139864, 0.07416224880994594], [3.140777329394575, 0.1493162966820832, 0.2681605621242592], [3.8583176312356784, 2.9267112938500435, 0.09171404216958612], [6.966658695760265, 2.7940429836148146, 0.02939845006506839]]",[-23373.982421875],"[[-1.8940540674695419, 0.237391217055103, -0.1397508467229214], [1.7948042885151574, -1.3619094674507926, 0.22814758187307088], [0.17356699116424754, 1.1475513364994179, -0.0963333750305477], [-0.07392393605347544, -0.020844613308267073, 0.007282088076703925]]","tensor(-6, dtype=torch.int32)"
"['Bi', 'Bi', 'Bi', 'Bi']","[[0.21756620122809428, 0.1662877692948277, 0.053722751066136776], [3.3897756678359694, 0.07560131417150406, 0.0328976302054611], [3.728830969550153, 3.083554553489412, -0.041401585718222444], [7.063974662266328, 2.8302826392763505, 0.17891676155033398]]",[-23374.326171875],"[[0.3313471945257325, 0.017545407908097103, -0.012771041540206224], [-0.2591944409945641, 0.045583159359056755, 0.009271485386830683], [0.627642623171615, -0.12000707755115267, 0.05915659121624356], [-0.6951896542264313, 0.05707749320956842, -0.058603803731781805]]","tensor(-6, dtype=torch.int32)"
"['Bi', 'Bi', 'Bi', 'Bi']","[[0.44551786514926295, 0.2473371798013417, -0.10138948064289588], [3.231174824281848, 0.006629409805730308, 0.09117135263810594], [3.702629967149909, 2.9950997707738147, -0.0029644929813431803], [6.943086135865192, 2.8319301799437913, 0.14867250889370415]]",[-23374.1015625],"[[-1.7675171556193776, 0.19278003292884138, -0.12201449316216832], [1.7534768677349648, -0.2198750528904862, 0.12186521483031784], [0.4225209797315431, -0.06631794022192272, 0.021411706418605785], [-0.40882542554906814, 0.0948790040144517, -0.023468543801836873]]","tensor(-6, dtype=torch.int32)"
"['Bi', 'Bi', 'Bi', 'Bi']","[[0.209232052138055, 0.3054136702664747, 0.12400517011652036], [3.3126171885701545, 0.07824363008158683, 0.0018950613546751937], [3.70045095723953, 3.0999056683042396, 0.09659609013667683], [7.022854443658171, 2.809560034433775, -0.21429129134690286]]",[-23374.322265625],"[[0.1445347467465908, 0.016017919819986588, -0.002044471398648454], [-0.08920195368216684, 0.15297198068849926, 0.007529376915101746], [0.6015088877899263, -0.251759269351233, -0.07572653747373655], [-0.6536976827531897, 0.08374581265530036, 0.06857634706192978]]","tensor(-6, dtype=torch.int32)"
"['Bi', 'Bi', 'Bi', 'Bi']","[[0.17652176821323454, 0.11260055366622657, -0.025485666239917437], [3.3211748598963577, 0.03504940923333989, -0.08949099642194756], [3.874523575972409, 2.8932163638305455, 0.003357393198292019], [6.936376556644276, 2.6680495264740767, -0.0763063327440051]]",[-23374.326171875],"[[0.21313068562541174, 0.028667625792905747, -0.006240286785755247], [-0.20266253617663654, -0.7575363691599807, -0.02459068182645761], [-0.010947547324137046, 0.7920719600845724, 0.03022764863835756], [0.0030507477376305837, -0.06323148344123775, 0.00032134379794063786]]","tensor(-6, dtype=torch.int32)"
"['Bi', 'Bi', 'Bi', 'Bi']","[[0.30419773560625424, 0.4055125749863838, -0.17454686833152064], [3.319901250189742, -0.009487821375803809, 0.08889480335350865], [3.8244650358345718, 3.0479074185058326, 0.018390356581289968], [6.895553217800687, 2.8202972290697166, -0.018637928758545193]]",[-23374.349609375],"[[-0.10493850210145782, -0.01790373246883895, 0.007360774161236333], [0.10141413478889597, 0.3404479791373614, -0.011972595297649663], [-0.06262151459094142, -0.370315832543158, -0.005495499495760159], [0.06526697551425488, 0.04929040419810603, 0.012464761278350308]]","tensor(-6, dtype=torch.int32)"
"['Bi', 'Bi', 'Bi', 'Bi']","[[0.39386090447436023, 0.18656570956512214, 0.1748545550013117], [3.4110704529703453, 0.08113112165078483, -0.041713476548283286], [3.9013418485066267, 3.0102318466597136, 0.03722788243949154], [6.790571473819668, 2.760995673677366, 0.09175855202509454]]",[-23374.20703125],"[[-0.31322985468847925, -0.02363033312856823, 0.008262779354021501], [0.25443028705406057, -0.31794670030473116, -0.01856180154359717], [-0.9344576747799421, 0.4290591444093905, 0.002972565589595639], [0.9950735221109817, -0.08664884683532718, 0.005591643380383242]]","tensor(-6, dtype=torch.int32)"
"['Bi', 'Bi', 'Bi', 'Bi']","[[0.3028090692345257, 0.38060001217330613, -0.12129825173812372], [3.4662291523695195, -0.07511703781182096, -0.056643676577353086], [3.9660706755550756, 3.0966129652998093, 0.010980686019860103], [6.916406061678033, 2.56177011589564, -0.060757022587590276]]",[-23374.248046875],"[[0.26897199175344894, -0.1540120439127526, 0.01260392488478741], [-0.3063335865648838, 0.8877381334768977, 0.009118895472282607], [-0.35524936539921786, -0.7430245406957992, -0.017364211884004273], [0.3943855880130955, 0.011438674578587816, -0.002397691802580285]]","tensor(-6, dtype=torch.int32)"
"['Bi', 'Bi', 'Bi', 'Bi']","[[0.29211261315785314, 0.03865934929918066, -0.01856093432307185], [3.4267049665014073, -0.030361783709540378, -0.05707423549414283], [3.668946470843543, 3.0976366822266037, 0.04478642270735272], [6.967011791738556, 2.9061285110563784, -0.061808119398664825]]",[-23374.328125],"[[0.21199487446664048, -0.01776412663241428, -0.002837567686797257], [-0.18345119134106477, 0.5181937865736819, 0.022286319063207438], [0.5849987968470299, -0.5734766487871839, -0.04596213503177626], [-0.6122792448709045, 0.07364512547294041, 0.027520146961555456]]","tensor(-6, dtype=torch.int32)"
"['Bi', 'Bi', 'Bi', 'Bi']","[[0.3276805801236027, 0.14990523874886125, 0.05185485906764148], [3.3634019378572475, 0.022662686742433116, 0.1293253067116841], [3.9278309635660182, 3.0178223668507234, 0.17783111795648796], [6.854226014358825, 2.7337061919598358, -0.01064558855497765]]",[-23374.296875],"[[-0.22150076231571958, -0.023616233191057583, 0.006988509071467733], [0.23517477064182343, 0.04157329036886275, -0.007879931597806183], [-0.6683195544933479, 0.04703653278657613, 0.03369371358348845], [0.6570550311123067, -0.0662270259640131, -0.030790499426141097]]","tensor(-6, dtype=torch.int32)"
"['Bi', 'Bi', 'Bi', 'Bi']","[[0.34531039523352414, 0.39128936881328785, -0.20671148508050136], [3.50337880182313, -0.042547707304246465, -0.024396057998580318], [3.745102824148324, 3.041739172613119, -0.10788725222616025], [6.9736761717785525, 2.7139119058032755, -0.032542084782474334]]",[-23374.302734375],"[[0.316889924900715, -0.08308149065420628, 0.030332333732391723], [-0.3495529289384081, 0.5565772926110432, -0.042893675983143524], [0.44077566797540085, -0.5718697084253764, 0.022164140173618497], [-0.4075110768883386, 0.09879448775555459, -0.008230558271438829]]","tensor(-6, dtype=torch.int32)"
"['Bi', 'Bi', 'Bi', 'Bi']","[[0.3895196756628218, 0.15427572247982457, -0.25474621891994426], [3.417755945479097, 0.0763750207941772, 0.08072059948720006], [3.8561022768527082, 2.8711967130723015, -0.16463497649421163], [6.953107921490447, 2.7686908037194353, -0.03120934346783286]]",[-23374.21875],"[[-0.15514821502616497, 0.055296026268945815, -0.020365097162094576], [0.09182088080622612, -1.3098075758222958, 0.13851075156243026], [0.11640100053507364, 1.2870790113448916, -0.12311106926506571], [-0.052843860987873456, -0.031049003422712048, 0.002566389687315119]]","tensor(-6, dtype=torch.int32)"
"['Bi', 'Bi', 'Bi', 'Bi']","[[0.23538014480008523, 0.4413289982066651, -0.2410987216084603], [3.1840867261351846, 0.10112677032693121, 0.08222609609689287], [4.009522180697165, 3.075339805399051, -0.05916900146548886], [7.022588760479319, 2.6470281135456326, -0.019882067935804517]]",[-23374.34375],"[[-0.427841623547102, 0.05362727655306181, -0.04021917186250692], [0.4984879669054976, 0.08946544047941168, 0.043714547399837184], [-0.21040737165544943, -0.1312526261804016, -0.012915517048703319], [0.14020968604607045, -0.013456107213042813, 0.008079469881964825]]","tensor(-6, dtype=torch.int32)"
"['Bi', 'Bi', 'Bi', 'Bi']","[[0.39230505995013737, 0.20918476598136637, -0.07934172092290444], [3.26239316029547, -0.023294550169700435, 0.08322125149678927], [3.8608145024337954, 2.984165814043985, -0.14199027779561493], [6.905994963309791, 2.6688919440603653, -0.04321920682970829]]",[-23374.23046875],"[[-1.1170611215192547, 0.0736015195392824, -0.057096879338093265], [1.1079064465556523, 0.06963883031811106, 0.047305676013894536], [-0.10647931365349614, -0.1807983770586557, 0.01041433622993897], [0.11569081002829211, 0.0363300882232201, -0.0020281736809437743]]","tensor(-6, dtype=torch.int32)"
"['Bi', 'Bi', 'Bi', 'Bi']","[[0.24014624449493988, 0.1490784158762919, -0.12305381761941628], [3.281455020969135, -0.024545951731392773, 0.0578383135308576], [3.9086915663130113, 2.963392455659422, -0.05288573108938082], [6.882989418631932, 2.882426664864192, -0.04896822503168298]]",[-23374.33984375],"[[-0.09974548791719512, 0.017072278385698574, -0.0005733223825124502], [0.174721777074811, -0.04212720913933922, 0.007276992147428562], [-0.5608376128982671, 0.06111032216365193, -0.010515164667104795], [0.48436807762332235, -0.03664359843115186, 0.005030991401235571]]","tensor(-6, dtype=torch.int32)"
"['Bi', 'Bi', 'Bi', 'Bi']","[[0.21783831956659372, 0.2399519937532833, -0.13757541926258748], [3.2534014159031317, 0.11262532762540128, 0.0073752130498448525], [3.5503560057839776, 3.0320903912141044, -0.1801902860803944], [6.991442243990733, 2.754880116050615, -0.04601040909804828]]",[-23374.22265625],"[[-0.14394858632469504, 0.08445903706548497, -0.007322156170461377], [0.19516637793269412, -0.4626065570001308, 0.03546544632217539], [0.7131868720577587, 0.2887087675207631, 0.004891984632177781], [-0.7635100735385781, 0.0902580091769009, -0.03373411592084116]]","tensor(-6, dtype=torch.int32)"
"['Bi', 'Bi', 'Bi', 'Bi']","[[0.2672288268003863, 0.1640789153329591, -0.0944598800616796], [3.2675382045360273, -0.16356692612845217, 0.04901275187157433], [3.736683985192869, 3.094829472187664, -0.11105439052336878], [6.777670290453102, 2.8628580229345344, 0.028656631291584918]]",[-23374.25],"[[-0.2593613056817342, -0.05807744720239105, -0.004848495940888572], [0.22085587786524188, 0.8470786856663013, -0.042694302249677935], [-0.10619361251268968, -0.8801364056789459, 0.04966609399917371], [0.1448273384476687, 0.09239973929111785, -0.002301663103442336]]","tensor(-6, dtype=torch.int32)"
"['Bi', 'Bi', 'Bi', 'Bi']","[[0.40634241528196546, 0.10771563322330402, 0.12666410032358688], [3.4762753617287325, 0.04122128536749181, 0.016158932990809633], [3.899723491028528, 3.0799973688404663, -0.006029372230136067], [6.953302836313675, 2.7864036966538883, -0.11092370498781523]]",[-23374.3671875],"[[-0.07625654497162933, -0.02996531369596406, -0.0021226669164272093], [0.08615894856886513, 0.20204490543469514, -0.00029847500541950076], [-0.043396681740748774, -0.18297137180455197, -0.0003043503393369098], [0.03492567376909198, 0.009997308209451864, 0.0026429160440012574]]","tensor(-6, dtype=torch.int32)"
"['Bi', 'Bi', 'Bi', 'Bi']","[[0.36358688852467397, 0.21057855419273042, 0.10097799382894876], [3.486267637506988, 0.027445873410038, 0.057998788909980656], [3.905185851255123, 3.0226296030445328, 0.02739858583598597], [7.0338926747479515, 2.5956719995972506, 0.13898258705040872]]",[-23374.365234375],"[[0.11492549503933916, -0.02908760544144942, -0.010886545296898257], [-0.11239429400351167, 0.08432724224477098, 0.009240498434445878], [0.27269968201610956, -0.10826731119974915, 0.01782215132055071], [-0.27538201257908435, 0.050820761638926584, -0.019162766385658205]]","tensor(-6, dtype=torch.int32)"
"['Bi', 'Bi', 'Bi', 'Bi']","[[0.38690507954065856, 0.39174814551428927, -0.00011901757558230319], [3.3431192108501224, 0.17810294400190624, -0.07351228657157366], [3.637450503806532, 3.048664142148283, 0.0030714352629542968], [6.9187152117968616, 2.733439985789908, 0.07773120005444978]]",[-23374.189453125],"[[-0.6036994688911422, 0.08456234404746485, 0.005440472715562715], [0.5453297385202227, -0.8226161682608923, -0.02829928935093369], [0.5581549223806512, 0.6389580544233182, 0.04068149246125578], [-0.4973137434443178, 0.09893019065522851, -0.02085143701981945]]","tensor(-6, dtype=torch.int32)"
"['Bi', 'Bi', 'Bi', 'Bi']","[[0.042646896597521744, 0.29923328134608895, -0.018497196141236936], [3.353748254412851, 0.10490925616908273, -0.012561164239040494], [3.943408165304031, 3.1108073786279067, 0.11160901819820722], [7.012075329268681, 2.874973830656431, -0.014086564905392524]]",[-23374.369140625],"[[0.6399417590352023, -0.042854204385648374, 0.0041293821585555515], [-0.5233195406621608, 0.15781352487682743, -0.004761577179494553], [-0.04589644845199473, -0.06541219150087069, -0.00493589961260617], [-0.06914882920746585, -0.050677011181920736, 0.006649832891917778]]","tensor(-6, dtype=torch.int32)"
"['Bi', 'Bi', 'Bi', 'Bi']","[[0.18222718844698874, 0.2695825145492856, 0.09004131169472042], [3.460140560039188, 0.28077729919249045, -0.026864389925073024], [3.828921258833215, 3.0943815292173658, -0.07866222359404064], [6.88360426855802, 2.6764921995904083, 0.1380321571793639]]",[-23374.2265625],"[[0.45190160881963976, 0.006721175901772869, -0.03589743817131164], [-0.4899302510030223, -1.186009404569567, 0.06197405903588487], [0.14644482033824957, 1.238767956307513, -0.006878841176759678], [-0.10724982227369846, -0.06191312385736514, -0.023922729425698126]]","tensor(-6, dtype=torch.int32)"
"['Bi', 'Bi', 'Bi', 'Bi']","[[0.27000488670294176, 0.2478979802141855, 0.10480621334844945], [3.27831924025213, -0.15054923652145907, 0.09070075334458119], [3.8039504301971894, 3.127100802475882, 0.07763740237427146], [7.014692995106351, 2.793862279790892, -0.13375700142986643]]",[-23374.251953125],"[[-0.1449099223267427, -0.035303965527993496, 0.007957388694349879], [0.17157520786907154, 0.89221545499058, -0.0068462755661634345], [0.41229775370495325, -0.9914518642011546, -0.03924765942853598], [-0.4389638105786557, 0.1357356041241575, 0.03962420797853302]]","tensor(-6, dtype=torch.int32)"
"['Bi', 'Bi', 'Bi', 'Bi']","[[0.20089924197519676, 0.18092340113466668, -0.09700888898129267], [3.4635762775387993, -0.03316759208432267, 0.07203817336567164], [3.771150994210843, 3.0374145601341906, -0.08734406767215709], [6.982777745757527, 2.647920496234388, 0.013607061634209074]]",[-23374.3203125],"[[0.5117215450172374, -0.06457406283024351, 0.035458720312597], [-0.4783403286264766, 0.4570693233348461, -0.056954337300239494], [0.4571263504344059, -0.4593588405402577, 0.03763706809822653], [-0.49266204961809495, 0.06366250341284317, -0.016032055752961336]]","tensor(-6, dtype=torch.int32)"
"['Bi', 'Bi', 'Bi', 'Bi']","[[0.3335584534189492, 0.17184477381881097, 0.05266960499124933], [3.3064201667120643, -0.030639990583781817, -0.04520941404019524], [3.714137210296385, 3.1034918594050755, 0.10694504557806642], [7.13485056753298, 2.526262899399095, -0.12750700556885]]",[-23374.1640625],"[[-0.4484854335877576, 0.03215827564002, 0.017218260561478897], [0.4767774055750598, 0.5460321642911761, 0.017731252489268563], [0.7512783006149578, -0.7809565607691069, -0.09596976942100081], [-0.7807611568211111, 0.20170454261054147, 0.06167807347676284]]","tensor(-6, dtype=torch.int32)"
"['Bi', 'Bi', 'Bi', 'Bi']","[[0.26302473833818246, 0.28864380121078914, 0.05399442642733116], [3.3814686027639347, 0.0035060726630764816, -0.17786392674235518], [3.7179340134455443, 2.8894119947071135, 0.019167833351654662], [6.871589948032641, 2.6753278589331426, 0.049839015023500174]]",[-23374.310546875],"[[0.17332052507931495, -0.011937273462944847, -0.02776327575274463], [-0.21061609392516387, -0.5570863713176638, -0.014561805594986111], [0.24866551063354397, 0.5483610708187363, 0.05672756587638124], [-0.21341684956504242, 0.021711502354713735, -0.01702323713696079]]","tensor(-6, dtype=torch.int32)"
"['Bi', 'Bi', 'Bi', 'Bi']","[[0.22604648220498635, 0.18186647689867558, 0.042024039408789876], [3.4709954365000772, -0.06622960855681358, 0.031509558460912954], [3.972088018544749, 3.115393820135178, -0.06468458031416588], [6.734976113579535, 2.706274684365538, -0.1833012280991439]]",[-23374.04296875],"[[0.39660342282284766, -0.15849589603206535, 0.0075551290985639286], [-0.43325354157521156, 0.8065760752350173, -0.027015392852836558], [-1.7664974555433888, -0.42471140656648426, 0.0932123626043224], [1.8056610347099862, -0.2239446486400479, -0.07328234261685876]]","tensor(-6, dtype=torch.int32)"
"['Bi', 'Bi', 'Bi', 'Bi']","[[0.18222718844698874, 0.2695825145492856, 0.09004131169472042], [3.460140560039188, 0.28077729919249045, -0.026864389925073024], [3.828921258833215, 3.0943815292173658, -0.07866222359404064], [6.88360426855802, 2.6764921995904083, 0.1380321571793639]]",[-23374.2265625],"[[0.45190160881963976, 0.006721175901772869, -0.03589743817131164], [-0.4899302510030223, -1.186009404569567, 0.06197405903588487], [0.14644482033824957, 1.238767956307513, -0.006878841176759678], [-0.10724982227369846, -0.06191312385736514, -0.023922729425698126]]","tensor(-6, dtype=torch.int32)"
"['Bi', 'Bi', 'Bi', 'Bi']","[[0.30282808193989136, 0.3508649562637941, -0.051196482742986146], [3.341064069106554, -0.08013023486521458, 0.23953271970858953], [3.8062606080568333, 2.9617063631347116, -0.05996278386631594], [7.075405568107125, 2.678010909914905, 0.11842652396762353]]",[-23374.33984375],"[[0.038597031130429074, 0.0070186424171323454, 0.00941288585425142], [-0.004899804903864938, 0.34908781612008655, -0.043616104947720565], [0.4752806113334121, -0.4519575560552764, 0.06612485026804794], [-0.509134910966689, 0.09716595011528448, -0.032895107932448]]","tensor(-6, dtype=torch.int32)"
"['Bi', 'Bi', 'Bi', 'Bi']","[[0.43299676385275687, 0.2828980175025007, -0.06387589976519517], [3.544020794507344, -0.25294632869575046, -0.08051065430126164], [3.8621940922898124, 3.032833757680721, -0.0852396604345851], [6.939941317177258, 2.825444116968843, -0.136237428948597]]",[-23374.21484375],"[[0.21605655121409914, -0.148214254509443, -0.001117677672397273], [-0.3159736860729811, 1.0501445253071828, 0.00420317028886517], [0.04136288659675371, -1.025238235251457, -0.005302147289218331], [0.06093548705228728, 0.12418424831629517, 0.002639353007275829]]","tensor(-6, dtype=torch.int32)"
"['Bi', 'Bi', 'Bi', 'Bi']","[[0.44551786514926295, 0.2473371798013417, -0.10138948064289588], [3.231174824281848, 0.006629409805730308, 0.09117135263810594], [3.702629967149909, 2.9950997707738147, -0.0029644929813431803], [6.943086135865192, 2.8319301799437913, 0.14867250889370415]]",[-23374.1015625],"[[-1.7675171556193776, 0.19278003292884138, -0.12201449316216832], [1.7534768677349648, -0.2198750528904862, 0.12186521483031784], [0.4225209797315431, -0.06631794022192272, 0.021411706418605785], [-0.40882542554906814, 0.0948790040144517, -0.023468543801836873]]","tensor(-6, dtype=torch.int32)"
"['Bi', 'Bi', 'Bi', 'Bi']","[[0.17882475635048867, 0.45340752179069954, -0.08411795136132964], [3.3013886788254396, 0.24208366466932463, -0.03844308360926885], [3.909062322179733, 3.0469954581846777, 0.1755892804838714], [6.864570309793998, 2.7410007425891005, -0.12154099140203403]]",[-23374.248046875],"[[0.12605071597429596, 0.004301246101468832, 0.015860177411862412], [-0.2140203906538915, -0.9551041587693598, -0.09660179834858401], [-0.333661702867651, 1.055554643562087, 0.11926130295699928], [0.4213480932447442, -0.10498694171172415, -0.038802770918832004]]","tensor(-6, dtype=torch.int32)"
"['Bi', 'Bi', 'Bi', 'Bi']","[[0.2838530631481165, 0.4795368065833887, -0.03828920788230553], [3.4338465195467944, 0.053202675870571974, -0.10956419770318719], [3.9212497948646736, 2.933440574386853, -0.10434450463528665], [6.884162733099435, 2.794597141687259, 0.08933311339155446]]",[-23374.259765625],"[[0.30941736939680675, -0.06202409273099011, -0.01972592570599121], [-0.367894931893765, -0.5295174453600375, 0.01703983104591296], [-0.5167930487991016, 0.6462497070090557, -0.02369035299385788], [0.5758204677213017, -0.0538481858584802, 0.023940228363462063]]","tensor(-6, dtype=torch.int32)"
"['Bi', 'Bi', 'Bi', 'Bi']","[[0.3462020563261563, 0.17932624240368195, 0.03303056249933762], [3.410743917740726, 0.11646248816481578, 0.00934178047168837], [3.7137067885787522, 3.0185954758637616, 0.14770139323144157], [6.927087035426993, 2.8075729579980266, 0.08697846178523405]]",[-23374.306640625],"[[-0.0925891782764906, 0.030257982530179323, 0.002002338707914153], [0.09648172776474977, -0.5817484064383949, -0.027221127499030325], [0.41511717556407446, 0.5155218946952974, 0.012545925907696766], [-0.4183431404792101, 0.03715459003957915, 0.013371692707508633]]","tensor(-6, dtype=torch.int32)"
"['Bi', 'Bi', 'Bi', 'Bi']","[[0.36051056754502764, 0.3180207380432102, -0.028745790309474637], [3.518865824789037, -0.14194770986800698, -0.0803271313679963], [3.8191063290727336, 2.9544574592092405, 0.004539627324427447], [6.844638286877446, 2.9245156307318974, 0.006132051864767206]]",[-23374.30859375],"[[0.34284280878632445, -0.11629023734981497, -0.010840625369119245], [-0.3902789169355062, 0.5181073974598313, 0.022824379260641302], [-0.2649800947842614, -0.45395730977464693, -0.012578326967599961], [0.31410140771863204, 0.05318016146679252, -0.00031703714634890234]]","tensor(-6, dtype=torch.int32)"
"['Bi', 'Bi', 'Bi', 'Bi']","[[0.43182017934693695, 0.31045010265336476, -0.06177627243436474], [3.3311032742925746, -0.024084114832032908, -0.12555659562173196], [3.8586989702964622, 3.1100945322095153, 0.029791592969216456], [6.963994866720058, 2.83231548459836, 0.17858446043769677]]",[-23374.259765625],"[[-0.8344350217891424, 0.051113147651638165, 0.0057386231447401756], [0.8207114939888491, 0.49005520668555647, 0.01567233251132857], [0.09575760187115065, -0.6350988264504015, -0.00796283943605713], [-0.0814656028484643, 0.09491397103672465, -0.01499369974214837]]","tensor(-6, dtype=torch.int32)"
"['Bi', 'Bi', 'Bi', 'Bi']","[[0.20946462064303537, 0.15142188148501226, -0.08911563552609283], [3.3953427181103986, 0.008190358451075434, 0.020619099655377674], [3.9337172935406386, 3.10080551927582, -0.1234634865809859], [6.926910521216916, 2.746139843672544, -0.01732327887436399]]",[-23374.36328125],"[[0.3271576824586113, -0.06577070632335137, 0.017460803140824085], [-0.2650418012941548, 0.48386928333501733, -0.036279123788257296], [-0.2840061658238782, -0.38654181643008684, 0.013883990437062], [0.22375963195455081, -0.03405097370693464, 0.005858333773933382]]","tensor(-6, dtype=torch.int32)"
"['Bi', 'Bi', 'Bi', 'Bi']","[[0.18222718844698874, 0.2695825145492856, 0.09004131169472042], [3.460140560039188, 0.28077729919249045, -0.026864389925073024], [3.828921258833215, 3.0943815292173658, -0.07866222359404064], [6.88360426855802, 2.6764921995904083, 0.1380321571793639]]",[-23374.2265625],"[[0.45190160881963976, 0.006721175901772869, -0.03589743817131164], [-0.4899302510030223, -1.186009404569567, 0.06197405903588487], [0.14644482033824957, 1.238767956307513, -0.006878841176759678], [-0.10724982227369846, -0.06191312385736514, -0.023922729425698126]]","tensor(-6, dtype=torch.int32)"
"['Bi', 'Bi', 'Bi', 'Bi']","[[0.2962949591792163, 0.22541605121231312, -0.08421063683055705], [3.477913733313692, 0.0030320398498677285, -0.08595975673704155], [3.957130351021908, 2.9709210937900523, 0.0895412914121156], [6.841957373534151, 3.0640451004264184, -0.20126110505745526]]",[-23374.259765625],"[[0.372000420263248, -0.03803485911425437, 0.0073610929782041154], [-0.3345700741153735, -0.14413601984849625, -0.02250256952712888], [-1.0204204994915294, 0.19819853298467288, 0.11164152600490371], [0.9855933453076915, -0.017972571222834202, -0.09653433256443389]]","tensor(-6, dtype=torch.int32)"
"['Bi', 'Bi', 'Bi', 'Bi']","[[0.3137677995999093, 0.14177868406556648, -0.11329408633640728], [3.5040536604273207, -0.06735469767903277, 0.05397489840865413], [3.8417851789337902, 2.8683219490116234, 0.057059654436643195], [6.940982225697761, 3.042548348962661, 0.1120933044775949]]",[-23374.353515625],"[[0.43622244745454963, -0.0036615573391241938, 0.030177846342664422], [-0.380711168310259, -0.4092726434795205, -0.024492553049099624], [-0.005647950570660975, 0.452226442172137, -0.00437995532594245], [-0.04724165550988013, -0.04087677299623178, -0.000543700172438121]]","tensor(-6, dtype=torch.int32)"
"['Bi', 'Bi', 'Bi', 'Bi']","[[0.1924084395370899, 0.24577481088219988, -0.04929504579502837], [3.4170120477984294, 0.2325331983972322, -0.015776860170095594], [3.822699572777247, 2.7539943783177385, 0.26341873429634705], [6.8096365286937495, 2.896892879780532, 0.024856794364752115]]",[-23373.337890625],"[[0.42063070364514177, 0.08177038158524615, 0.010822082562896278], [-0.8708346635334308, -5.1032636082854745, -0.5804366288822441], [0.03519966609964617, 5.171499181146518, 0.6309038122194816], [0.4192347481250782, -0.15119678724304916, -0.05993028800612371]]","tensor(-6, dtype=torch.int32)"
"['Bi', 'Bi', 'Bi', 'Bi']","[[0.43590196895869193, 0.3384945742101738, -0.03161553537204602], [3.1326437981752795, 0.008715080166480392, 0.09568399932233515], [3.7465496579402924, 2.994374212323344, 0.04534333888478858], [6.903927933716756, 2.818351889392394, -0.02004259870764848]]",[-23373.92578125],"[[-2.679783626778904, 0.35629385092334687, -0.1200216300030692], [2.656786638983463, -0.3539814508871831, 0.12421093638182407], [0.19719991596623127, -0.09021157502820612, -0.01671255514406581], [-0.1775142537579455, 0.0907308867310507, 0.012417869473040476]]","tensor(-6, dtype=torch.int32)"
"['Bi', 'Bi', 'Bi', 'Bi']","[[0.37211520119353475, 0.09530025469408318, -0.11284997038375573], [3.287206252882121, -0.00020598532998298766, -0.09522857983059735], [3.816310105260068, 2.8211569207317604, -0.23332138707969044], [6.770715662020721, 2.825838477816248, -0.06761365638596575]]",[-23374.1015625],"[[-0.8774552578240774, 0.0790344177807557, -0.011309548564426708], [0.8071818274738043, -1.1589125334126256, 0.06961317069441372], [-0.570172265182392, 1.1187282257282083, -0.09090808725862792], [0.6412350246383849, -0.04144284280694809, 0.030574382659657763]]","tensor(-6, dtype=torch.int32)"
"['Bi', 'Bi', 'Bi', 'Bi']","[[0.16489512298764575, 0.3020813407408025, -0.008913895700979998], [3.3301502017670366, -0.04960368620853314, 0.10585753074384524], [3.8185863712884, 2.852993218736067, 0.08706280777172627], [6.955784930290534, 2.6481751998585548, 0.06700738248758348]]",[-23374.34765625],"[[0.3587927588856635, -0.017992944655517342, 0.021598893116367427], [-0.34513736535671075, -0.4076733650093583, -0.015437611232112371], [0.18771850503274323, 0.4367020098806045, -0.01066552800508755], [-0.20186513380253904, -0.00867845497350011, 0.006895049420025013]]","tensor(-6, dtype=torch.int32)"
"['Bi', 'Bi', 'Bi', 'Bi']","[[0.27200659246583014, 0.25903180395465397, -0.027121493530982563], [3.22475745783048, 0.1311673895495486, 0.05012438979594746], [3.914306648999664, 2.8379683306072523, -0.05891507345059374], [6.918265901918348, 2.644040987831393, -0.10622175274101711]]",[-23374.046875],"[[-0.6313136462893568, 0.12217410733442592, -0.017257948131758676], [0.41151264121074277, -1.9195743372987069, 0.09973782602555004], [-0.10026665081533652, 1.897299829889935, -0.08140261078628144], [0.3210520289930252, -0.09940440518375934, 0.0005340055655129513]]","tensor(-6, dtype=torch.int32)"
"['Bi', 'Bi', 'Bi', 'Bi']","[[0.24530619961682365, 0.17565867344550912, 0.07087710725483017], [3.425474239901861, -0.08502100734555147, 0.09675784877771497], [3.9022732675384777, 2.938134436956252, 0.0717320883173854], [7.1060079363710775, 2.75801963243628, -0.07351391719231695]]",[-23374.38671875],"[[0.39630522611378777, -0.017236618248172186, 0.009538427748629555], [-0.31436813410764625, 0.17390827958604962, -0.011012359728361752], [0.343115345871687, -0.17786695788407791, -0.024784743657863213], [-0.42489102393236566, 0.02257562489263351, 0.0284360772567399]]","tensor(-6, dtype=torch.int32)"
"['Bi', 'Bi', 'Bi', 'Bi']","[[0.3352420511352789, 0.3829829658900643, 0.10232526113502917], [3.349897019724068, -0.06850666471848228, -0.10821560989109826], [3.9780182950594702, 3.2386747349043477, 0.1333420099836474], [6.8975106378881454, 2.6863247848491207, -0.12642629057862328]]",[-23374.138671875],"[[-0.17021859024906505, -0.1223230771337269, -0.00026806089513487283], [0.11251338756760594, 1.0440679767454297, 0.08198249771300473], [-0.41795418377851534, -0.9663023476522655, -0.051990408533956076], [0.47443281530956827, 0.044540854131610616, -0.029880703786481885]]","tensor(-6, dtype=torch.int32)"
"['Bi', 'Bi', 'Bi', 'Bi']","[[0.44551786514926295, 0.2473371798013417, -0.10138948064289588], [3.231174824281848, 0.006629409805730308, 0.09117135263810594], [3.702629967149909, 2.9950997707738147, -0.0029644929813431803], [6.943086135865192, 2.8319301799437913, 0.14867250889370415]]",[-23374.1015625],"[[-1.7675171556193776, 0.19278003292884138, -0.12201449316216832], [1.7534768677349648, -0.2198750528904862, 0.12186521483031784], [0.4225209797315431, -0.06631794022192272, 0.021411706418605785], [-0.40882542554906814, 0.0948790040144517, -0.023468543801836873]]","tensor(-6, dtype=torch.int32)"
"['Bi', 'Bi', 'Bi', 'Bi']","[[0.30673825622031575, 0.3100096777717059, -0.09362300317074254], [3.2935298905641357, -0.0017061748776357952, 0.09531570201300954], [3.9389271044834824, 2.9636356771526753, -0.06585993251659969], [6.836243456851569, 2.807460307375651, -0.0693606469306568]]",[-23374.234375],"[[-0.3254524744797987, 0.020297605666898665, -0.011530103057413211], [0.3323874634383522, -0.0781745375653911, 0.02040502127399561], [-1.0075258958074709, 0.1099125095976905, -0.012492009844677405], [1.0009073584004873, -0.05081041037189197, 0.00486371225200737]]","tensor(-6, dtype=torch.int32)"
"['Bi', 'Bi', 'Bi', 'Bi']","[[0.361532785961515, 0.24758208101206228, -0.05059766368648354], [3.3869408296277217, 0.06498521084980236, -0.08744442599668197], [3.9141685531277908, 2.8656793566895113, 0.03856450184815179], [6.986411405240093, 2.8114461319085873, -0.1070330516259413]]",[-23374.23046875],"[[-0.201182042738019, 0.07330311714185621, 0.00633207007701253], [0.13699935344677444, -1.2685146078434604, -0.06695315731918375], [0.008304534092382706, 1.2396750420029459, 0.061898211450807566], [0.055772863324147104, -0.04661366835869494, 0.0003596002914118018]]","tensor(-6, dtype=torch.int32)"
"['Bi', 'Bi', 'Bi', 'Bi']","[[0.23908093982055706, 0.27932621643712985, -0.15342922241314702], [3.3026597881188056, 0.10401767726319133, -0.07690657814635808], [3.6889484176224356, 2.99662380011533, 0.10636208114388086], [6.934008429745275, 2.7624505732442852, 0.16196457248746604]]",[-23374.306640625],"[[-0.049212407169600764, 0.045623093755376105, 0.005869137555373887], [0.055002303281853196, -0.585181859493047, -0.034679259106250984], [0.4795172260364186, 0.4987857522378249, 0.03944337190908123], [-0.48565908065447555, 0.04030463537870928, -0.01040442719289192]]","tensor(-6, dtype=torch.int32)"
"['Bi', 'Bi', 'Bi', 'Bi']","[[0.30011813976113344, 0.268806566534002, -0.007586335274812248], [3.199287060682742, 0.11450135106289916, 0.09429630696718197], [3.670606902527632, 3.120597962297446, -0.1665860928582415], [7.052584590160253, 2.6827755430665166, -0.008001046365175556]]",[-23374.1796875],"[[-0.9285235654118598, 0.09500812488640366, -0.03499087183900352], [0.9606885979147131, 0.035756402800741105, 0.023256849335229233], [0.6956231424584325, -0.2796868643976146, 0.05364763970132664], [-0.7274554740287771, 0.14655218966546413, -0.04480361073515505]]","tensor(-6, dtype=torch.int32)"
"['Bi', 'Bi', 'Bi', 'Bi']","[[0.341522269139433, 0.3549318080237264, -0.054836754495236284], [3.4919953054034165, 0.05292841094416555, -0.12167753987008906], [3.7651043733087146, 3.014207563693906, 0.07587812523885595], [6.965855438155587, 2.8961111738599166, -0.08152075073539876]]",[-23374.34375],"[[0.28455622793748636, -0.026405686255207287, -0.003489982902586496], [-0.2769438043444864, -0.10448033126549927, -0.00633032686810804], [0.3301263826495831, 0.10034434959571063, -0.015615593375481584], [-0.33797030849886645, 0.032483515227040675, 0.026492841558222565]]","tensor(-6, dtype=torch.int32)"
"['Bi', 'Bi', 'Bi', 'Bi']","[[0.02289744827393997, 0.1945160618051913, -0.14301743147775234], [3.516068583288066, 0.09678115781203936, -0.16748703810115756], [3.7463177383785977, 2.8416534427667237, -0.001558666279052768], [6.749410618097117, 2.7754423304421483, 0.029730787158043417]]",[-23373.970703125],"[[0.7723891260913234, -0.03245472399796624, -0.006540391254412666], [-0.7307649998427268, -1.9062642431146997, -0.11024366786745177], [-0.35436943056813786, 2.0967373267490843, 0.12403589558209312], [0.31391788227379075, -0.15941084930750982, -0.00949788142942043]]","tensor(-6, dtype=torch.int32)"
"['Bi', 'Bi', 'Bi', 'Bi']","[[0.4288674554557301, 0.2951565894451102, -0.03443814185196522], [3.4031500633739578, -0.03797115103412975, 0.04975107288528497], [3.776035268922384, 2.9357315599583735, 0.038703399492270946], [6.9603590722663675, 2.8581449466242956, -0.026788528931310573]]",[-23374.322265625],"[[-0.3764858664673996, 0.055415222677223236, 0.00013853882802443174], [0.3598267028810191, -0.15779352168320365, 0.002821010801751025], [0.27168095895986105, 0.05012622915903052, -0.015266195689837649], [-0.25596960736544316, 0.05474555277860505, 0.014957745415717148]]","tensor(-6, dtype=torch.int32)"
