atoms,coordinates,total_energy,forces,charge
"['Bi', 'Bi', 'Bi', 'Bi']","[[0.19299091546754665, 0.39334655433542226, -0.01906012910767375], [3.538464712664136, 0.08705276096584774, 0.08428430312912817], [3.847725956470726, 3.09019277947583, 0.133195063064111], [6.918774470933434, 2.5963856331608905, -0.004221082198773682]]",[-23374.291015625],"[[0.5753977781285319, -0.10872784745192027, 0.03637573047170458], [-0.5696297621162458, 0.25590311860103304, -0.029629568575634042], [0.13108195625845476, -0.14910586215531113, -0.024486958325535952], [-0.14029885195286643, 0.0009506319794648353, 0.023139740663869864]]","tensor(-6, dtype=torch.int32)"
"['Bi', 'Bi', 'Bi', 'Bi']","[[0.33820745616568615, 0.35556317707446117, 0.0521591711604463], [3.606651220657794, 0.0036650518887040885, -0.04238422334339129], [3.7980561687892043, 2.862799398561044, -0.20926652173762328], [6.8387676949399365, 2.75831108862829, -0.1152529581844082]]",[-23374.208984375],"[[0.49858731438642606, -0.09972641032121976, -0.02892692683189615], [-0.5392295357963438, -0.7320094144589104, 0.07147490751998935], [-0.20195676796973072, 0.8682969833140645, -0.04036788969355918], [0.24081171174267763, -0.03492567891130113, -0.006753947200735426]]","tensor(-6, dtype=torch.int32)"
"['Bi', 'Bi', 'Bi', 'Bi']","[[0.42790778289741255, 0.1308903845477663, 0.1557055697100636], [3.263825590149709, 0.008587930641555523, 0.14152542244674296], [3.795607771887363, 2.862046218493494, 0.16298866763589342], [6.776710155058787, 2.7393842930080026, 0.01950649919120813]]",[-23374.044921875],"[[-1.5090347563268918, 0.09810610021560208, 0.0119543198863029], [1.4210351025679064, -0.9374776942183085, -0.018969378183652272], [-0.4096665881230984, 0.852875498049871, 0.02463293535910712], [0.49661789970108644, -0.013356770016532746, -0.01606545440144114]]","tensor(-6, dtype=torch.int32)"
"['Bi', 'Bi', 'Bi', 'Bi']","[[0.17560027731772848, 0.17128066559399324, 0.020036676708787875], [3.3647991572792404, -0.2550903285144914, -0.025702822669776682], [3.7968693999641254, 3.03714670028358, 0.005019298437972573], [6.880617286073882, 2.9047159288928657, -0.055688796761076624]]",[-23374.265625],"[[0.45317970490580683, -0.12322034120966861, -0.009927908954658414], [-0.44397581900056443, 0.9758966814988587, 0.0192006490405236], [0.029794175832983858, -0.9302976275712951, -0.013531980509165912], [-0.038206968854765384, 0.08017043462789329, 0.004288402405655436]]","tensor(-6, dtype=torch.int32)"
"['Bi', 'Bi', 'Bi', 'Bi']","[[0.30011813976113344, 0.268806566534002, -0.007586335274812248], [3.199287060682742, 0.11450135106289916, 0.09429630696718197], [3.670606902527632, 3.120597962297446, -0.1665860928582415], [7.052584590160253, 2.6827755430665166, -0.008001046365175556]]",[-23374.1796875],"[[-0.9285235654118598, 0.09500812488640366, -0.03499087183900352], [0.9606885979147131, 0.035756402800741105, 0.023256849335229233], [0.6956231424584325, -0.2796868643976146, 0.05364763970132664], [-0.7274554740287771, 0.14655218966546413, -0.04480361073515505]]","tensor(-6, dtype=torch.int32)"
"['Bi', 'Bi', 'Bi', 'Bi']","[[0.1771292993526771, 0.3106468861916066, 0.0035715946587589085], [3.437165945459353, 0.04622009407834099, -0.0627938274520275], [3.906690450548883, 3.0117899334367437, 0.15923436038763622], [6.8585410444237525, 2.7578836984213297, -0.07971867941203344]]",[-23374.298828125],"[[0.4960629010666868, -0.0808467893984166, -0.009471676731552362], [-0.4814548618691631, 0.028997776189672097, 0.0017541890637033178], [-0.5096889325813486, 0.13120434083641003, 0.041572771005737814], [0.49462699058146725, -0.0789290539151127, -0.03524057237349634]]","tensor(-6, dtype=torch.int32)"
"['Bi', 'Bi', 'Bi', 'Bi']","[[0.32486707306541196, 0.16004794460864785, -0.06048712198831475], [3.4952129820739035, -0.1990495928433437, -0.09212757190814298], [3.9237679118950415, 3.0671099433867335, -0.03504276818729776], [6.921013316332461, 2.8651499229472357, 0.13021686536231375]]",[-23374.25390625],"[[0.3436138316274426, -0.1225057284030114, -0.014122069578858231], [-0.3639400588305135, 0.9292727852861488, 0.026730833282463118], [-0.28809694747516995, -0.861627023815503, -0.020887468479388042], [0.309099426604581, 0.05745935366162545, 0.007159981178043191]]","tensor(-6, dtype=torch.int32)"
"['Bi', 'Bi', 'Bi', 'Bi']","[[0.4150784616714798, 0.1907564939751548, -0.02657708900074545], [3.4459725758603112, -0.11206388817996077, 0.13289510460651047], [3.846111550035403, 3.1429239434083645, 0.09805613331692156], [7.087706361972539, 2.8330889791962477, -0.023695635158501427]]",[-23374.2578125],"[[-0.09785058384255181, -0.04292085770075157, 0.012226913535966177], [0.08954715018292886, 0.8664740701676302, -0.01682808001500458], [0.4958238397629414, -0.9569260434739626, -0.024116091916658273], [-0.48804969369192924, 0.13303630427096208, 0.032655938642310325]]","tensor(-6, dtype=torch.int32)"
"['Bi', 'Bi', 'Bi', 'Bi']","[[0.40827486686216014, 0.21690799922830167, -0.12986980832253195], [3.5400779993642333, 0.000712792655762004, -0.04277718725086727], [4.120123301122397, 2.8946120897618135, -0.12859995199229643], [7.085950035068225, 2.8362755208421815, 0.09082050787742615]]",[-23374.3046875],"[[0.22374425674916906, 0.004861501616290439, 0.0055111009583448745], [-0.20097182922764883, -0.510661015800536, 0.020028688696783203], [-0.5281989829319818, 0.572360275179029, -0.06054894718989668], [0.5051988069668634, -0.06932818946288935, 0.035605849201019515]]","tensor(-6, dtype=torch.int32)"
"['Bi', 'Bi', 'Bi', 'Bi']","[[0.2418481208212765, 0.22723475665780563, -7.15150452006559e-05], [3.4119442505421316, 0.1541637855376369, 0.040884648614639446], [3.922170706484689, 2.997118591815058, 0.04350027268548334], [6.923756343613727, 2.814083647775188, -0.011528505757240343]]",[-23374.2734375],"[[0.2757703007925886, 0.015682740342663922, 0.0073080973706239945], [-0.2876802228450232, -0.9124423347127225, -0.009119358271106808], [-0.284048949004071, 0.9875905793445747, 0.0042856991463011895], [0.2978640595494645, -0.09063297906868649, -0.0005422356712699842]]","tensor(-6, dtype=torch.int32)"
"['Bi', 'Bi', 'Bi', 'Bi']","[[0.3149658626478039, 0.15358171338958676, -0.09365209947515991], [3.4210827941396538, -0.03782251570292397, 0.1715421934449414], [3.7076014339131875, 2.9763647905371227, 0.05906914861759617], [6.7856216571623635, 2.5805777438874706, -0.2143789729201248]]",[-23374.322265625],"[[0.043345686452531035, -0.06588450341201313, 0.03903222657587063], [-0.11459608512069154, 0.19486391319003327, -0.044008074982981794], [0.14366972432206843, -0.19138474589596832, -0.031810888558156766], [-0.07142076005755787, 0.05900787852740045, 0.03875562200306428]]","tensor(-6, dtype=torch.int32)"
"['Bi', 'Bi', 'Bi', 'Bi']","[[0.22502220104468643, 0.24418764914278634, 0.0860276205261184], [3.253385099287577, 0.07555299171291664, -0.10792588967178822], [3.6724584853069175, 3.1417607648115364, 0.06969877361990205], [6.854976529004437, 2.820109395634002, 0.013526535054329113]]",[-23374.345703125],"[[-0.18894152805883052, -0.010005036949816012, 0.002825539031135369], [0.1999547002562392, 0.33879193067809715, 0.018927952546677163], [0.35470871352836847, -0.4082731522855222, -0.027073438109809615], [-0.36611423628451606, 0.07789793813479391, 0.004874380279126109]]","tensor(-6, dtype=torch.int32)"
"['Bi', 'Bi', 'Bi', 'Bi']","[[0.18343084763612286, 0.3062119788802662, 0.16221543154613696], [3.3806958800488394, -0.05979068674966842, 0.15969388554411332], [3.935063189458778, 3.1233013952447326, -0.053240339701823784], [6.969051782300267, 2.9003078703413867, -0.2787748984776495]]",[-23374.330078125],"[[0.4494148878930271, -0.09527716526953892, 0.008501470418707508], [-0.37828759371210385, 0.7599686340916124, -0.051966394417189234], [-0.16063623774980967, -0.6891629850935087, 0.04312463830746538], [0.09073253223798118, 0.0269793202555947, 0.0002519724653429147]]","tensor(-6, dtype=torch.int32)"
"['Bi', 'Bi', 'Bi', 'Bi']","[[0.2024437995918881, 0.1891203798277722, 0.1417958268288072], [3.309696321962824, 0.07090583100928033, -0.14950966277693137], [3.80577857773773, 2.8570863414146914, 0.05326734319837797], [6.836775389990106, 2.7304800090695025, -0.11850620676112032]]",[-23374.216796875],"[[0.13059473194075474, 0.032392256441117484, -0.01034528664536825], [-0.20743460911924308, -1.3253925833377067, -0.09353801871028486], [-0.11065761570465336, 1.3641576412945757, 0.1220286856594438], [0.18694460255449677, -0.07127533838257576, -0.016291876155076677]]","tensor(-6, dtype=torch.int32)"
"['Bi', 'Bi', 'Bi', 'Bi']","[[0.209232052138055, 0.3054136702664747, 0.12400517011652036], [3.3126171885701545, 0.07824363008158683, 0.0018950613546751937], [3.70045095723953, 3.0999056683042396, 0.09659609013667683], [7.022854443658171, 2.809560034433775, -0.21429129134690286]]",[-23374.322265625],"[[0.1445347467465908, 0.016017919819986588, -0.002044471398648454], [-0.08920195368216684, 0.15297198068849926, 0.007529376915101746], [0.6015088877899263, -0.251759269351233, -0.07572653747373655], [-0.6536976827531897, 0.08374581265530036, 0.06857634706192978]]","tensor(-6, dtype=torch.int32)"
"['Bi', 'Bi', 'Bi', 'Bi']","[[0.3437627321673536, 0.19779083393371177, -0.028547575319820793], [3.542108272029499, 0.1897527114386334, -0.11017667375109191], [3.8616362622653844, 3.0296044504092183, 0.0280689868264719], [6.905257843554002, 2.726289558340136, -0.1792691899594708]]",[-23374.2578125],"[[0.2845919662911329, -0.0025697660618481197, -0.005218529826103609], [-0.3162982108929288, -0.9847453950175729, -0.048443883442133344], [-0.00721966165752843, 1.035774621815756, 0.04870525679141434], [0.03978083966947911, -0.04885742504481147, 0.004710448193838709]]","tensor(-6, dtype=torch.int32)"
"['Bi', 'Bi', 'Bi', 'Bi']","[[0.2685555368397513, 0.1643830863673965, -0.05015527479039608], [3.4988077349876985, -0.042724966332772465, 0.004682232634491664], [3.9388838814675338, 3.090187369827304, -0.11724210586333783], [6.994178845418407, 2.610289441685774, 0.023864221895776427]]",[-23374.333984375],"[[0.4106838713607828, -0.09848441254334023, 0.008553514717593438], [-0.3856895981063674, 0.684992653466546, -0.032335275621440084], [0.07259004699794634, -0.6205242630344949, 0.035570553077360484], [-0.09681766828902777, 0.031989477482206596, -0.012769977102910564]]","tensor(-6, dtype=torch.int32)"
"['Bi', 'Bi', 'Bi', 'Bi']","[[0.29032341610568557, 0.3480106772659366, 0.06421047368029327], [3.3858142430121183, 0.03644045216466125, 0.05260125335971021], [3.890715213109303, 3.212520820414197, 0.013012310574563585], [6.75922370770159, 2.678431072642236, 0.07771547720844263]]",[-23374.19140625],"[[-0.017053586455410028, -0.13207681946421118, -0.004053995829639694], [-0.06339120045767851, 0.8241187217767967, -0.008267546181910767], [-0.7903518911212938, -0.6301155115555933, -0.003743221791200789], [0.8709776169480172, -0.060348503876926265, 0.015342680908850527]]","tensor(-6, dtype=torch.int32)"
"['Bi', 'Bi', 'Bi', 'Bi']","[[0.36183317107015117, 0.31378117449139864, 0.07416224880994594], [3.140777329394575, 0.1493162966820832, 0.2681605621242592], [3.8583176312356784, 2.9267112938500435, 0.09171404216958612], [6.966658695760265, 2.7940429836148146, 0.02939845006506839]]",[-23373.982421875],"[[-1.8940540674695419, 0.237391217055103, -0.1397508467229214], [1.7948042885151574, -1.3619094674507926, 0.22814758187307088], [0.17356699116424754, 1.1475513364994179, -0.0963333750305477], [-0.07392393605347544, -0.020844613308267073, 0.007282088076703925]]","tensor(-6, dtype=torch.int32)"
"['Bi', 'Bi', 'Bi', 'Bi']","[[0.2802308611497751, 0.1461656585626922, 0.09468724790940786], [3.4019114928841283, -0.005042228858999964, 0.0134708788298065], [3.704942357280434, 2.7493874356987242, 0.04211367359708698], [7.064487730107513, 2.8718506713370093, -0.06766845883611261]]",[-23374.095703125],"[[0.2334342356860968, 0.10290578682138589, -0.006279218451288827], [-0.21640601574846213, -1.9786032988836546, -0.020677121271579738], [0.6193585242184254, 1.9359723280819636, 0.004654080325492914], [-0.6349214202344581, -0.0643905373854022, 0.023317450270153715]]","tensor(-6, dtype=torch.int32)"
"['Bi', 'Bi', 'Bi', 'Bi']","[[0.4476800010006751, 0.36709588845509655, -0.009586100518809133], [3.3924071823214867, 0.14689342379006984, 0.07734187886494506], [3.778697784441765, 3.112612969123415, 0.1075984938043048], [6.927437820944482, 2.7733927427107736, -0.14218667399843518]]",[-23374.263671875],"[[-0.6793274816374156, 0.038111071796181874, 0.0015373230773456919], [0.6166161840745793, -0.16010360772524646, 0.003900656695217329], [0.302755740277081, 0.03526459163247235, -0.04259370006971505], [-0.23784635398765847, 0.0853170146634612, 0.039689534603673506]]","tensor(-6, dtype=torch.int32)"
"['Bi', 'Bi', 'Bi', 'Bi']","[[0.15075561946785654, 0.416581556183213, 0.07896282326350526], [3.373825485039047, -0.005179968481355605, 0.08367697419242916], [3.645111583664112, 2.8812600357042135, -0.19380823989961962], [7.022400500898538, 2.7841270009466785, 0.2212087850588404]]",[-23374.23828125],"[[0.5609188598029601, -0.018687595406224035, -0.026201725671172956], [-0.5063980729866417, -0.4826827699939502, 0.07201998169071443], [0.6211438992380078, 0.4833714660664522, 0.05501927257207388], [-0.6753253002499126, 0.022020040046389917, -0.10044590822657685]]","tensor(-6, dtype=torch.int32)"
"['Bi', 'Bi', 'Bi', 'Bi']","[[0.2401140886012851, 0.1547823028431256, 0.10535947388788644], [3.514314135089458, -0.12181813802102365, 0.008372896446697541], [3.653310042801767, 3.0213532088141757, 0.06892817327080047], [6.980736890829691, 2.6487927049550692, -0.07265690680439761]]",[-23374.2265625],"[[0.537389139138773, -0.07714342178507229, -0.018805681097323383], [-0.5407336319749956, 0.749240957346644, 0.032950232414619446], [0.6509327168890494, -0.7793388217680681, -0.04933676121366345], [-0.6476740989457618, 0.10537985791347039, 0.03674177863060142]]","tensor(-6, dtype=torch.int32)"
"['Bi', 'Bi', 'Bi', 'Bi']","[[0.38311585805601217, 0.2810235555071983, -0.10602940940243469], [3.37607138539018, -0.17476989042673094, 0.0805485306577331], [3.94748898278001, 2.9546181410854677, -0.04683149559247921], [6.775237469058165, 2.9153068444496264, -0.06826668848109681]]",[-23374.109375],"[[-0.21206727677158205, -0.04042117326485214, -0.0011996372872795256], [0.18864492543460956, 0.49063972160052177, -0.017520313927407116], [-1.582600228979978, -0.4976301435737962, 0.026992844265679675], [1.605448092709843, 0.047734803652529904, -0.00618709577422713]]","tensor(-6, dtype=torch.int32)"
"['Bi', 'Bi', 'Bi', 'Bi']","[[0.19299091546754665, 0.39334655433542226, -0.01906012910767375], [3.538464712664136, 0.08705276096584774, 0.08428430312912817], [3.847725956470726, 3.09019277947583, 0.133195063064111], [6.918774470933434, 2.5963856331608905, -0.004221082198773682]]",[-23374.291015625],"[[0.5753977781285319, -0.10872784745192027, 0.03637573047170458], [-0.5696297621162458, 0.25590311860103304, -0.029629568575634042], [0.13108195625845476, -0.14910586215531113, -0.024486958325535952], [-0.14029885195286643, 0.0009506319794648353, 0.023139740663869864]]","tensor(-6, dtype=torch.int32)"
"['Bi', 'Bi', 'Bi', 'Bi']","[[0.4288674554557301, 0.2951565894451102, -0.03443814185196522], [3.4031500633739578, -0.03797115103412975, 0.04975107288528497], [3.776035268922384, 2.9357315599583735, 0.038703399492270946], [6.9603590722663675, 2.8581449466242956, -0.026788528931310573]]",[-23374.322265625],"[[-0.3764858664673996, 0.055415222677223236, 0.00013853882802443174], [0.3598267028810191, -0.15779352168320365, 0.002821010801751025], [0.27168095895986105, 0.05012622915903052, -0.015266195689837649], [-0.25596960736544316, 0.05474555277860505, 0.014957745415717148]]","tensor(-6, dtype=torch.int32)"
"['Bi', 'Bi', 'Bi', 'Bi']","[[0.22445686100857343, 0.1843854053498794, 0.006025292836217572], [3.4462059711392827, -0.17049353780592175, -0.06745472138630147], [3.934223562026929, 3.0600556527540785, 0.10803302139073491], [6.79428234650307, 2.8716769496020826, 0.01454238462599475]]",[-23374.146484375],"[[0.44717632998036905, -0.14182665371573555, -0.01818325781644692], [-0.4578554128487965, 0.8531655186463699, 0.06027353046740577], [-1.1700243331816804, -0.6890575698057742, -0.011668058244698234], [1.1818735257439617, -0.020084347968707054, -0.031139192629130414]]","tensor(-6, dtype=torch.int32)"
"['Bi', 'Bi', 'Bi', 'Bi']","[[0.47692220191651374, 0.12651682015605945, -0.004586854978389361], [3.329318487610472, 0.05615318949687588, 0.08894504104657393], [3.8158988376117673, 3.1674078104742316, 0.048087176555542545], [6.902975544621631, 2.692682828938671, -0.07767805848136135]]",[-23374.171875],"[[-1.3805026673235072, -0.027137833995092547, -0.028988088267618832], [1.3381174941195586, 0.44226865698227175, 0.02703710325990072], [0.17219875215154443, -0.5182966307568376, -0.010175264641775287], [-0.12995041313328445, 0.10290748375040795, 0.0153416730358556]]","tensor(-6, dtype=torch.int32)"
"['Bi', 'Bi', 'Bi', 'Bi']","[[0.5102716456652566, 0.4274687178818707, -0.07360561270282848], [3.346585722197837, 0.012109939195757164, 0.10794389792332142], [3.6785136771767806, 2.9257851907543455, -0.14754648641474885], [6.840446112524982, 2.647033456173681, -0.12744751235155527]]",[-23374.123046875],"[[-1.2680559227865862, 0.1451146336733141, -0.06377995147000697], [1.1015085099215376, -0.47384135841223995, 0.0937787769430523], [0.274424893188546, 0.21159460490579857, -0.031070425866063373], [-0.10665779973336283, 0.11929133345848075, 0.0021414020412726786]]","tensor(-6, dtype=torch.int32)"
"['Bi', 'Bi', 'Bi', 'Bi']","[[0.21767186488889234, 0.1514080261450995, -0.02751897419776803], [3.36153944396471, 0.1582219541681614, -0.12123262928461206], [3.793104023305711, 2.9361899886947245, -0.10859231916115882], [6.8441159619766605, 2.762824136280266, -0.13184114963451704]]",[-23374.185546875],"[[0.17789164048803524, 0.046305038107253914, -0.010897307940665497], [-0.2438643327871044, -1.5753738824505445, -0.001438386973149932], [-0.012972395024197565, 1.608285563723108, 0.012758468838815443], [0.07921686336167387, -0.07637548426944887, -0.00222415715591164]]","tensor(-6, dtype=torch.int32)"
"['Bi', 'Bi', 'Bi', 'Bi']","[[0.40874280424766885, 0.29850315239566105, -0.060944200374987996], [3.3888415334014534, 0.02122529591447823, 0.10037269511355053], [3.7470627688848714, 2.8751815436443615, -0.08347465376200996], [6.863290744165593, 2.7622934853659618, 0.055973610952569974]]",[-23374.23828125],"[[-0.40572611324548874, 0.05143222172987865, -0.01866837382839224], [0.32558750889228205, -0.8803734615211196, 0.07287816497705696], [0.1250858318479294, 0.8043397284722971, -0.04835017696465105], [-0.04331003551644012, 0.02633120135555679, -0.006812974619657626]]","tensor(-6, dtype=torch.int32)"
"['Bi', 'Bi', 'Bi', 'Bi']","[[0.16489512298764575, 0.3020813407408025, -0.008913895700979998], [3.3301502017670366, -0.04960368620853314, 0.10585753074384524], [3.8185863712884, 2.852993218736067, 0.08706280777172627], [6.955784930290534, 2.6481751998585548, 0.06700738248758348]]",[-23374.34765625],"[[0.3587927588856635, -0.017992944655517342, 0.021598893116367427], [-0.34513736535671075, -0.4076733650093583, -0.015437611232112371], [0.18771850503274323, 0.4367020098806045, -0.01066552800508755], [-0.20186513380253904, -0.00867845497350011, 0.006895049420025013]]","tensor(-6, dtype=torch.int32)"
"['Bi', 'Bi', 'Bi', 'Bi']","[[0.3425136733049486, 0.2576270495581685, 0.06866661933232841], [3.3470933185207796, -0.05587731281600723, 0.021143860782227783], [3.8389977697625923, 2.9519412068051003, -0.024078674131486448], [7.001241984531006, 2.654067499395612, -0.08379762379177284]]",[-23374.34765625],"[[-0.25923892110377894, 0.028291133807209448, 0.0027867935135733003], [0.2710372572174896, 0.09669888325748298, -0.005899635997888702], [0.26387482834788734, -0.1883805130397163, -0.004519982309297145], [-0.2770028369056178, 0.06366183492565267, 0.007902732153211795]]","tensor(-6, dtype=torch.int32)"
"['Bi', 'Bi', 'Bi', 'Bi']","[[0.3073174689767386, 0.28238362735237615, 0.02217323015159353], [3.4720423910384506, -0.06276094995762961, 0.05443476127579021], [3.921368507110675, 3.2145626224302735, -0.13725175481396953], [6.843625499775549, 2.65046210509051, 0.05416644180710546]]",[-23374.169921875],"[[0.21717575303729078, -0.17259814753682948, 0.0033152280096847087], [-0.30728093575802234, 1.0826844248576386, -0.06586198053590203], [-0.3771443777721454, -0.9262039148607835, 0.04326234666871083], [0.46730231955883583, 0.017210269568447702, 0.0183169912500134]]","tensor(-6, dtype=torch.int32)"
"['Bi', 'Bi', 'Bi', 'Bi']","[[0.13507403779368582, 0.21775917308420684, -0.06361335972964562], [3.3464023296002834, -0.08577816976785373, 0.03270324473611084], [3.7816431279971767, 2.98591404774607, -0.05302125792775685], [6.98744401013894, 2.850861399123804, 0.011291191988252307]]",[-23374.373046875],"[[0.4927088437214308, -0.0414335354083725, 0.019246059889595987], [-0.4139061338853248, 0.38353398402742434, -0.028715227223079353], [0.3369020145463369, -0.3666564308181128, 0.020464778886618216], [-0.41650706327733183, 0.027110091776686298, -0.010602602791623752]]","tensor(-6, dtype=torch.int32)"
"['Bi', 'Bi', 'Bi', 'Bi']","[[0.31474304451922996, 0.2805540619695991, 0.2060988490747297], [3.466733251497895, 0.032115024430745515, -0.0827751561271415], [3.8624681950368376, 3.0789645118471487, 0.11367935715468343], [6.936830465791172, 2.8359990469899685, -0.1690917248086347]]",[-23374.365234375],"[[0.2784526827776549, -0.06078528312278842, -0.027450953395128316], [-0.2720777832405672, 0.33596685238890234, 0.05059888045597737], [0.03761204610846475, -0.2996958172956502, -0.027695830537431135], [-0.044201699726608985, 0.024389179218400694, 0.004543427697731144]]","tensor(-6, dtype=torch.int32)"
"['Bi', 'Bi', 'Bi', 'Bi']","[[0.34531039523352414, 0.39128936881328785, -0.20671148508050136], [3.50337880182313, -0.042547707304246465, -0.024396057998580318], [3.745102824148324, 3.041739172613119, -0.10788725222616025], [6.9736761717785525, 2.7139119058032755, -0.032542084782474334]]",[-23374.302734375],"[[0.316889924900715, -0.08308149065420628, 0.030332333732391723], [-0.3495529289384081, 0.5565772926110432, -0.042893675983143524], [0.44077566797540085, -0.5718697084253764, 0.022164140173618497], [-0.4075110768883386, 0.09879448775555459, -0.008230558271438829]]","tensor(-6, dtype=torch.int32)"
"['Bi', 'Bi', 'Bi', 'Bi']","[[0.17742290352688456, 0.15231480433877212, 0.12325960300148792], [3.4569179880159853, 0.014262151629299422, 0.027226980172766937], [3.9235693326377445, 3.1393782082940977, 0.15012659238081802], [6.8577275031000084, 2.89401751718086, -0.2343802613272257]]",[-23374.306640625],"[[0.5373017215830908, -0.08714131620636816, -0.011760777418022235], [-0.48437275703365595, 0.5737723258137564, 0.02927065780304821], [-0.50942662849221, -0.43780892182390907, 0.03461101170630887], [0.45702885414877437, -0.048956746814694065, -0.05334970010272465]]","tensor(-6, dtype=torch.int32)"
"['Bi', 'Bi', 'Bi', 'Bi']","[[0.29211261315785314, 0.03865934929918066, -0.01856093432307185], [3.4267049665014073, -0.030361783709540378, -0.05707423549414283], [3.668946470843543, 3.0976366822266037, 0.04478642270735272], [6.967011791738556, 2.9061285110563784, -0.061808119398664825]]",[-23374.328125],"[[0.21199487446664048, -0.01776412663241428, -0.002837567686797257], [-0.18345119134106477, 0.5181937865736819, 0.022286319063207438], [0.5849987968470299, -0.5734766487871839, -0.04596213503177626], [-0.6122792448709045, 0.07364512547294041, 0.027520146961555456]]","tensor(-6, dtype=torch.int32)"
"['Bi', 'Bi', 'Bi', 'Bi']","[[0.3462020563261563, 0.17932624240368195, 0.03303056249933762], [3.410743917740726, 0.11646248816481578, 0.00934178047168837], [3.7137067885787522, 3.0185954758637616, 0.14770139323144157], [6.927087035426993, 2.8075729579980266, 0.08697846178523405]]",[-23374.306640625],"[[-0.0925891782764906, 0.030257982530179323, 0.002002338707914153], [0.09648172776474977, -0.5817484064383949, -0.027221127499030325], [0.41511717556407446, 0.5155218946952974, 0.012545925907696766], [-0.4183431404792101, 0.03715459003957915, 0.013371692707508633]]","tensor(-6, dtype=torch.int32)"
"['Bi', 'Bi', 'Bi', 'Bi']","[[0.2024152974449115, 0.16851779660195323, 0.02591827891533454], [3.5129713950677894, -0.03352533279061608, -0.09644129241776744], [3.715388406682013, 3.1628002123921344, 0.07803923976648836], [7.100649246369503, 2.7105035332603244, 0.061689280884474576]]",[-23374.16796875],"[[0.6192176276875021, -0.06878686910484945, -0.034972149055460026], [-0.587984877704955, 0.8657011961312153, 0.08054782135798305], [0.7487797011851908, -0.9276329347857315, -0.04671555094873811], [-0.784921718250674, 0.12748554659559239, -0.001200754689329512]]","tensor(-6, dtype=torch.int32)"
"['Bi', 'Bi', 'Bi', 'Bi']","[[0.33020864852761117, 0.10605988549801332, -0.13090325772674713], [3.3781259246039435, 0.08947515624514754, 0.028335073215277538], [3.748748512718789, 3.1195702685785087, 0.25327089271998854], [6.937258809466027, 2.800017614964881, -0.12987321882659394]]",[-23374.34765625],"[[-0.14914355454843767, -0.009054592146764521, 0.017278594101527173], [0.1642702369616155, 0.1716477130181963, 0.0004168188354185683], [0.44310066642400125, -0.2339767901743346, -0.0899016026601749], [-0.4597194636684931, 0.07227853196716778, 0.07366667132931153]]","tensor(-6, dtype=torch.int32)"
"['Bi', 'Bi', 'Bi', 'Bi']","[[0.5151980615553088, 0.19302005995068688, 0.021838589351566965], [3.3847520091011467, -0.08436716024530207, 0.048812909436588676], [3.8642081471257486, 2.9938728443818223, -0.1560739516823007], [6.995584610726178, 2.8441726813359223, 0.023877339574409445]]",[-23374.240234375],"[[-1.0860875388782598, 0.0869226180508876, -0.0155736535175907], [1.0699554003084606, 0.25770798259332356, -0.013003577380530365], [0.15239502482099596, -0.4301244558806086, 0.04984104738134899], [-0.13793297294146167, 0.08609760201361277, -0.023191137044401913]]","tensor(-6, dtype=torch.int32)"
"['Bi', 'Bi', 'Bi', 'Bi']","[[0.33020864852761117, 0.10605988549801332, -0.13090325772674713], [3.3781259246039435, 0.08947515624514754, 0.028335073215277538], [3.748748512718789, 3.1195702685785087, 0.25327089271998854], [6.937258809466027, 2.800017614964881, -0.12987321882659394]]",[-23374.34765625],"[[-0.14914355454843767, -0.009054592146764521, 0.017278594101527173], [0.1642702369616155, 0.1716477130181963, 0.0004168188354185683], [0.44310066642400125, -0.2339767901743346, -0.0899016026601749], [-0.4597194636684931, 0.07227853196716778, 0.07366667132931153]]","tensor(-6, dtype=torch.int32)"
"['Bi', 'Bi', 'Bi', 'Bi']","[[0.4718324618251692, 0.17339730335194553, -0.17607649353260038], [3.176521102294031, 0.10539164728910708, -0.1155384298016777], [3.6902951041513385, 3.0277677235063574, 0.06994276771022673], [6.916522889263163, 2.686011668433525, -0.23046344199808866]]",[-23373.814453125],"[[-2.9456116718532837, 0.13389736719443296, -0.045476977882157675], [2.893051095167913, -0.5065788730606294, 0.030235228254656132], [0.5156843885046835, 0.259437461799361, -0.0425826340356075], [-0.46419729940309123, 0.11350578251296664, 0.05932386728014626]]","tensor(-6, dtype=torch.int32)"
"['Bi', 'Bi', 'Bi', 'Bi']","[[0.32990695003173337, 0.11550178545448342, -0.12805513180883515], [3.526004454475035, -0.03868944637349164, -0.00972076071808519], [3.701976296755239, 3.000726063195865, -0.010158100525792385], [6.917221461993762, 2.730243615276383, 0.028833608881322095]]",[-23374.328125],"[[0.33443894778185, -0.04699857814078253, 0.021244795451553278], [-0.33938153638012863, 0.2753272480515539, -0.019066591647780174], [0.42767254770999413, -0.2930538828369988, 0.0016358539754598184], [-0.42294660038353293, 0.06267669049520445, -0.0026466585438262922]]","tensor(-6, dtype=torch.int32)"
"['Bi', 'Bi', 'Bi', 'Bi']","[[0.5102716456652566, 0.4274687178818707, -0.07360561270282848], [3.346585722197837, 0.012109939195757164, 0.10794389792332142], [3.6785136771767806, 2.9257851907543455, -0.14754648641474885], [6.840446112524982, 2.647033456173681, -0.12744751235155527]]",[-23374.123046875],"[[-1.2680559227865862, 0.1451146336733141, -0.06377995147000697], [1.1015085099215376, -0.47384135841223995, 0.0937787769430523], [0.274424893188546, 0.21159460490579857, -0.031070425866063373], [-0.10665779973336283, 0.11929133345848075, 0.0021414020412726786]]","tensor(-6, dtype=torch.int32)"
"['Bi', 'Bi', 'Bi', 'Bi']","[[0.3582973448774914, 0.32413563767408576, -0.15909183387112152], [3.400923954159358, 0.11730729861592767, 0.041222130655695126], [3.7361059629053956, 2.944127184639034, -0.023324655360175264], [7.0658788823235845, 2.8239854970647804, -0.00369625887119983]]",[-23374.208984375],"[[-0.07562631581725135, 0.08659649914610096, 0.003790967203230811], [0.07425730547317458, -1.1837437472146475, 0.028703631541428548], [0.5967862828994177, 1.0723177311955465, -0.034695066257202006], [-0.5962993156921755, 0.026247928420455643, 0.0030217132820629894]]","tensor(-6, dtype=torch.int32)"
"['Bi', 'Bi', 'Bi', 'Bi']","[[0.2676074211372812, 0.32241151690030556, -0.02871359237044154], [3.327352316552282, 0.12160672489747192, -0.08022175298842987], [3.753834134699969, 3.005317023285172, 0.07417736980975881], [6.703903482106442, 2.9026889279176458, 0.038244309736062014]]",[-23374.23046875],"[[-0.1005451528633221, -0.008144133162123954, -0.0024143463896005154], [0.03966186437619547, -0.6294727354108703, -0.031557825018874754], [-0.6274179086314199, 0.6739055363014484, 0.04175146791617996], [0.6870767908381958, -0.03686537676991791, -0.008155800834702968]]","tensor(-6, dtype=torch.int32)"
"['Bi', 'Bi', 'Bi', 'Bi']","[[0.20946462064303537, 0.15142188148501226, -0.08911563552609283], [3.3953427181103986, 0.008190358451075434, 0.020619099655377674], [3.9337172935406386, 3.10080551927582, -0.1234634865809859], [6.926910521216916, 2.746139843672544, -0.01732327887436399]]",[-23374.36328125],"[[0.3271576824586113, -0.06577070632335137, 0.017460803140824085], [-0.2650418012941548, 0.48386928333501733, -0.036279123788257296], [-0.2840061658238782, -0.38654181643008684, 0.013883990437062], [0.22375963195455081, -0.03405097370693464, 0.005858333773933382]]","tensor(-6, dtype=torch.int32)"
"['Bi', 'Bi', 'Bi', 'Bi']","[[0.41140432347065536, 0.21979331407542604, -0.003698725572640967], [3.451692781026472, -0.1514522319878213, -0.07304795588885232], [3.905648653174843, 2.845646498904374, 0.0137611991242343], [6.8603468839878525, 2.744450545220649, -0.03715896110081104]]",[-23374.279296875],"[[-0.09614146778477921, -0.030282089206711018, -0.0021700338618632184], [0.05172496769723128, 0.04833771224965258, 0.003257610070292657], [-0.6353266263160914, -0.027520357792130926, 0.006930119286481098], [0.6781216335899154, 0.011188927764212573, -0.008410324761385791]]","tensor(-6, dtype=torch.int32)"
"['Bi', 'Bi', 'Bi', 'Bi']","[[0.3895196756628218, 0.15427572247982457, -0.25474621891994426], [3.417755945479097, 0.0763750207941772, 0.08072059948720006], [3.8561022768527082, 2.8711967130723015, -0.16463497649421163], [6.953107921490447, 2.7686908037194353, -0.03120934346783286]]",[-23374.21875],"[[-0.15514821502616497, 0.055296026268945815, -0.020365097162094576], [0.09182088080622612, -1.3098075758222958, 0.13851075156243026], [0.11640100053507364, 1.2870790113448916, -0.12311106926506571], [-0.052843860987873456, -0.031049003422712048, 0.002566389687315119]]","tensor(-6, dtype=torch.int32)"
"['Bi', 'Bi', 'Bi', 'Bi']","[[0.28602303071861107, 0.31885763465767014, 0.10667209649063428], [3.3788295360514886, -0.05023627490846032, -0.1262569749733409], [3.864816909860639, 3.024485975927568, 0.14051067166470577], [6.881722100066663, 2.6881412744194346, 0.10754085284100919]]",[-23374.333984375],"[[0.1034723554263905, -0.07142322831795361, -0.027507959925851505], [-0.12434509661875065, 0.5032411679404951, 0.06487375077995915], [-0.20296464096465633, -0.45441450359086544, -0.03215817279583685], [0.2231893609589526, 0.02323026411388349, -0.006908069493612522]]","tensor(-6, dtype=torch.int32)"
"['Bi', 'Bi', 'Bi', 'Bi']","[[0.43182017934693695, 0.31045010265336476, -0.06177627243436474], [3.3311032742925746, -0.024084114832032908, -0.12555659562173196], [3.8586989702964622, 3.1100945322095153, 0.029791592969216456], [6.963994866720058, 2.83231548459836, 0.17858446043769677]]",[-23374.259765625],"[[-0.8344350217891424, 0.051113147651638165, 0.0057386231447401756], [0.8207114939888491, 0.49005520668555647, 0.01567233251132857], [0.09575760187115065, -0.6350988264504015, -0.00796283943605713], [-0.0814656028484643, 0.09491397103672465, -0.01499369974214837]]","tensor(-6, dtype=torch.int32)"
"['Bi', 'Bi', 'Bi', 'Bi']","[[0.43552175807395543, 0.3460572212799457, -0.017000605184984547], [3.2957441032328383, 0.04206248012913493, 0.021852515058379127], [3.8398024104859987, 3.1092669718629184, -0.060268388765081664], [7.0036256986383085, 2.8559598029176367, 0.17845963189250275]]",[-23374.232421875],"[[-1.1289344824645775, 0.11442340973717317, -0.022561859198718125], [1.1358697799556805, 0.21188951060099745, 0.009541286816921284], [0.26179459905519753, -0.4194530349038261, 0.044757140590996156], [-0.26993301922294716, 0.09459150310044002, -0.03288456640367455]]","tensor(-6, dtype=torch.int32)"
"['Bi', 'Bi', 'Bi', 'Bi']","[[0.3335584534189492, 0.17184477381881097, 0.05266960499124933], [3.3064201667120643, -0.030639990583781817, -0.04520941404019524], [3.714137210296385, 3.1034918594050755, 0.10694504557806642], [7.13485056753298, 2.526262899399095, -0.12750700556885]]",[-23374.1640625],"[[-0.4484854335877576, 0.03215827564002, 0.017218260561478897], [0.4767774055750598, 0.5460321642911761, 0.017731252489268563], [0.7512783006149578, -0.7809565607691069, -0.09596976942100081], [-0.7807611568211111, 0.20170454261054147, 0.06167807347676284]]","tensor(-6, dtype=torch.int32)"
"['Bi', 'Bi', 'Bi', 'Bi']","[[0.2024152974449115, 0.16851779660195323, 0.02591827891533454], [3.5129713950677894, -0.03352533279061608, -0.09644129241776744], [3.715388406682013, 3.1628002123921344, 0.07803923976648836], [7.100649246369503, 2.7105035332603244, 0.061689280884474576]]",[-23374.16796875],"[[0.6192176276875021, -0.06878686910484945, -0.034972149055460026], [-0.587984877704955, 0.8657011961312153, 0.08054782135798305], [0.7487797011851908, -0.9276329347857315, -0.04671555094873811], [-0.784921718250674, 0.12748554659559239, -0.001200754689329512]]","tensor(-6, dtype=torch.int32)"
"['Bi', 'Bi', 'Bi', 'Bi']","[[0.24859370870157455, 0.40054931499153185, -0.040044004782474905], [3.4853714837950553, 0.017023947653505133, -0.0009612588233020873], [3.730163020152865, 3.1155695249998696, -0.07103435056991364], [6.725670677487054, 2.594635142185206, 0.03219329851351753]]",[-23374.244140625],"[[0.33433584648823644, -0.15892794444550234, 0.004760048914932859], [-0.4489318287647448, 0.7055512056793656, -0.02131194241873562], [-0.1279991504462718, -0.571051582948373, 0.014509355061576716], [0.2412175863115015, 0.02493653652999183, 0.0012222856332940685]]","tensor(-6, dtype=torch.int32)"
"['Bi', 'Bi', 'Bi', 'Bi']","[[0.19288232840621694, 0.28387500053516246, 0.12516814401742843], [3.408370148836486, 0.08736081163331268, -0.11631315191423905], [4.006912517799115, 3.1103871924160327, 0.010218669110636075], [6.8030702709087585, 2.703838365305362, -0.10176400573203803]]",[-23374.166015625],"[[0.36396520423329504, -0.09998624614996256, -0.037412255856057376], [-0.34566762996506145, 0.3027792915950237, 0.04693145688464598], [-1.5105223974362385, 0.03671260173584016, 0.05754240033952365], [1.4945301269555311, -0.2422616604588979, -0.06846810355915844]]","tensor(-6, dtype=torch.int32)"
"['Bi', 'Bi', 'Bi', 'Bi']","[[0.2123035233448539, 0.2078279093206174, -0.05436668847209966], [3.3512354583774333, 0.029896895742513932, -0.0723520861856333], [3.991359084775267, 2.9239721360851685, -0.11101050041131846], [6.906852101975845, 2.8173456978890106, -0.04189588842915022]]",[-23374.267578125],"[[0.2244334670425868, 0.002959952264752511, -0.004367762633808429], [-0.19145360007659107, -0.4840067345858049, 0.013895719816150905], [-0.8665789712344489, 0.5831758837005956, -0.027598704490858918], [0.8340267303820146, -0.10409631108559599, 0.017097963720441704]]","tensor(-6, dtype=torch.int32)"
"['Bi', 'Bi', 'Bi', 'Bi']","[[0.4024782118277851, 0.21733436215923715, -0.13361173307680257], [3.497322933987004, 0.003624794140453025, -0.005761482245745617], [3.992116758931754, 3.066963812781145, -0.05882496568926781], [6.884494185296024, 2.8348976861158453, 0.061276266546652004]]",[-23374.259765625],"[[0.03348248191570501, -0.06760539512875705, 0.006930777489253294], [-0.04232202173328186, 0.3453638796701111, -0.013420507699043472], [-0.9439882452329788, -0.22342353716399807, -0.029358584437437153], [0.9534828202219107, -0.0547612365165363, 0.036934236092749796]]","tensor(-6, dtype=torch.int32)"
"['Bi', 'Bi', 'Bi', 'Bi']","[[0.35981135244352874, 0.09904183169364036, -0.008327280344163917], [3.419012157067979, 0.06323661841181966, 0.009140394256289286], [3.9667511621636766, 3.0166976938966403, 0.06851300258173076], [6.899793055424691, 2.8483380476033417, 0.13384669266313093]]",[-23374.296875],"[[-0.11603261267101002, 0.0013911362416408884, -0.001620213946306419], [0.15149894345316053, -0.22841595376901563, -0.002003273561539038], [-0.7254222445277895, 0.3031103470206018, -0.0077996102907616], [0.6922184857750637, -0.07478037098870434, 0.010994855648388655]]","tensor(-6, dtype=torch.int32)"
"['Bi', 'Bi', 'Bi', 'Bi']","[[0.3486466049559165, 0.3215598720889036, -0.07473855000596397], [3.453782215018762, -0.04671123214660773, -0.12006693433595539], [3.953227422803878, 2.922379905718071, 0.05348491456297646], [6.981013876658512, 2.727373599800597, -0.08850335534214783]]",[-23374.345703125],"[[0.15431759398090814, -0.036266916183716726, -0.0005786497111999143], [-0.1562530186637148, -0.002099587139064328, -0.0026247079955944606], [-0.22072202616086475, 0.04708399537710248, 0.00578720159465376], [0.22231672806487668, -0.006721767255826016, -0.0022031589448158304]]","tensor(-6, dtype=torch.int32)"
"['Bi', 'Bi', 'Bi', 'Bi']","[[0.41289169039887347, 0.26397804940635816, 0.03331811308986061], [3.412875323532802, 0.033181663798650785, 0.14937180637305872], [3.8211545428166214, 2.9948581435753288, -0.026420589870859653], [6.882080097136453, 2.6879574932601122, -0.1407345495154007]]",[-23374.302734375],"[[-0.37407411895030745, -0.0006539769047104574, 0.0029528035655813603], [0.3131905682105138, -0.11281194423130687, 0.005844110423402952], [-0.012638531952419294, 0.07707112232431385, -0.016950598290397936], [0.0755895490217732, 0.03524333888202323, 0.011152886020225667]]","tensor(-6, dtype=torch.int32)"
"['Bi', 'Bi', 'Bi', 'Bi']","[[0.43084431099232195, 0.3813568494956064, 0.010883992078348425], [3.3192288943656036, 0.019577638697003852, -0.2613227591014837], [3.8771499138767416, 3.227268736340233, -0.02055516285565344], [6.91410873467214, 2.7286638023307614, 0.1077938007619565]]",[-23374.171875],"[[-0.8538926270212804, -0.005433031938911401, 0.05010779433919987], [0.7822385135121425, 0.7583400964513423, 0.006710094441037845], [-0.007743426513503655, -0.8709976715637325, -0.050917332326909766], [0.07919140942634284, 0.11776270894214638, -0.007932202153895054]]","tensor(-6, dtype=torch.int32)"
"['Bi', 'Bi', 'Bi', 'Bi']","[[0.32292386891609903, 0.16140152257210483, -0.13667174459620862], [3.410199573766925, 0.14385796478525417, -0.030400258809981335], [3.737270260446936, 3.008497622274316, -0.015526983771734596], [6.8849929797268095, 2.731614147862157, -0.0800030818411193]]",[-23374.28515625],"[[-0.03298364648972672, 0.02448610471881576, 0.010215800676566097], [0.009787840319409541, -0.8575657070226855, -0.011527763352246421], [0.295893410733927, 0.8194763353491494, -0.011931915281002436], [-0.27273794005224344, 0.014704378486094825, 0.016998389982310378]]","tensor(-6, dtype=torch.int32)"
"['Bi', 'Bi', 'Bi', 'Bi']","[[0.37910392068258814, 0.1705051324266972, -0.13658522899232156], [3.480904734713664, 0.07925257489554798, -0.07455742114992671], [3.80853396156707, 2.853630758784119, 0.08997207363571628], [6.907399683268661, 2.7779815206357954, -0.02825719092712346]]",[-23374.166015625],"[[0.051972513646087, 0.034988763533248826, 0.013270828274878705], [-0.11102677490009065, -1.6341930419018542, -0.1079632523722494], [0.10263319831393176, 1.6356734839183802, 0.0889261770050349], [-0.04327500164544813, -0.037170983402374166, 0.009596354734791989]]","tensor(-6, dtype=torch.int32)"
"['Bi', 'Bi', 'Bi', 'Bi']","[[0.30282808193989136, 0.3508649562637941, -0.051196482742986146], [3.341064069106554, -0.08013023486521458, 0.23953271970858953], [3.8062606080568333, 2.9617063631347116, -0.05996278386631594], [7.075405568107125, 2.678010909914905, 0.11842652396762353]]",[-23374.33984375],"[[0.038597031130429074, 0.0070186424171323454, 0.00941288585425142], [-0.004899804903864938, 0.34908781612008655, -0.043616104947720565], [0.4752806113334121, -0.4519575560552764, 0.06612485026804794], [-0.509134910966689, 0.09716595011528448, -0.032895107932448]]","tensor(-6, dtype=torch.int32)"
"['Bi', 'Bi', 'Bi', 'Bi']","[[0.09172221048956447, 0.2578081148295933, -0.07083861282638403], [3.4076158760197144, -0.011410734332249695, -0.21538447676639316], [3.752387103596357, 3.0682727297921035, -0.17105096457003138], [7.082346177437074, 2.8209286401831344, -0.09484486548629062]]",[-23374.279296875],"[[0.6818595054267084, -0.04795076101052935, -0.04385861667381081], [-0.5941359882994959, 0.4468784932259502, 0.04748973624848825], [0.6017551996085843, -0.4478960335740924, 0.019936895121107606], [-0.6902083962152861, 0.04934431511891623, -0.02840240607117473]]","tensor(-6, dtype=torch.int32)"
"['Bi', 'Bi', 'Bi', 'Bi']","[[0.2802308611497751, 0.1461656585626922, 0.09468724790940786], [3.4019114928841283, -0.005042228858999964, 0.0134708788298065], [3.704942357280434, 2.7493874356987242, 0.04211367359708698], [7.064487730107513, 2.8718506713370093, -0.06766845883611261]]",[-23374.095703125],"[[0.2334342356860968, 0.10290578682138589, -0.006279218451288827], [-0.21640601574846213, -1.9786032988836546, -0.020677121271579738], [0.6193585242184254, 1.9359723280819636, 0.004654080325492914], [-0.6349214202344581, -0.0643905373854022, 0.023317450270153715]]","tensor(-6, dtype=torch.int32)"
"['Bi', 'Bi', 'Bi', 'Bi']","[[0.3028090692345257, 0.38060001217330613, -0.12129825173812372], [3.4662291523695195, -0.07511703781182096, -0.056643676577353086], [3.9660706755550756, 3.0966129652998093, 0.010980686019860103], [6.916406061678033, 2.56177011589564, -0.060757022587590276]]",[-23374.248046875],"[[0.26897199175344894, -0.1540120439127526, 0.01260392488478741], [-0.3063335865648838, 0.8877381334768977, 0.009118895472282607], [-0.35524936539921786, -0.7430245406957992, -0.017364211884004273], [0.3943855880130955, 0.011438674578587816, -0.002397691802580285]]","tensor(-6, dtype=torch.int32)"
"['Bi', 'Bi', 'Bi', 'Bi']","[[0.22893807411303213, 0.16165909779767326, 0.09723177828724697], [3.6367435905760757, 0.03994439344359872, 0.09391141600905391], [3.9013845367651006, 2.891808318271866, -0.00018270868612555162], [6.938072287275816, 2.8587269017376973, 0.021961252293218134]]",[-23374.185546875],"[[0.73098508639468, -0.03445973819730519, -0.002373534218177933], [-0.677491198747171, -0.9209429206714548, 0.03293594221536996], [-0.21642735591646692, 1.0547046363883055, -0.03339631905905718], [0.16266072549522917, -0.10229556086063168, 0.0021265199737491363]]","tensor(-6, dtype=torch.int32)"
"['Bi', 'Bi', 'Bi', 'Bi']","[[0.40874280424766885, 0.29850315239566105, -0.060944200374987996], [3.3888415334014534, 0.02122529591447823, 0.10037269511355053], [3.7470627688848714, 2.8751815436443615, -0.08347465376200996], [6.863290744165593, 2.7622934853659618, 0.055973610952569974]]",[-23374.23828125],"[[-0.40572611324548874, 0.05143222172987865, -0.01866837382839224], [0.32558750889228205, -0.8803734615211196, 0.07287816497705696], [0.1250858318479294, 0.8043397284722971, -0.04835017696465105], [-0.04331003551644012, 0.02633120135555679, -0.006812974619657626]]","tensor(-6, dtype=torch.int32)"
"['Bi', 'Bi', 'Bi', 'Bi']","[[0.23670193948531687, 0.31497383104050114, -0.10284830903588041], [3.324473233471311, -0.05252853529347741, -0.237525778391412], [3.952238031954718, 2.917263175072982, 0.010663572394656167], [6.812551653487777, 2.816786097336552, -0.025860697731201806]]",[-23374.216796875],"[[0.11579823077759824, -0.035214347106791645, -0.014609391598532244], [-0.10102728639395589, 0.013310305014583012, 0.007931045156834553], [-1.3078525079005063, 0.08420064105530634, 0.023139452700157027], [1.2916946582849183, -0.06040542813230293, -0.01871261739598581]]","tensor(-6, dtype=torch.int32)"
"['Bi', 'Bi', 'Bi', 'Bi']","[[0.34220422458857974, 0.14457540651538828, -0.024958689249567928], [3.4894791460890624, 0.1155506722284542, 0.04034302260465456], [3.931720741486166, 3.0770239158581933, -0.08482184359927053], [6.9813638509721, 2.850959605961301, 0.013730044890665023]]",[-23374.369140625],"[[0.20474945034123151, -0.004632479447483812, 0.005797907674120265], [-0.16764203492846588, -0.16852268966882794, 0.0032998944561971133], [-0.08720173716397212, 0.2077445814872743, -0.006647328636057937], [0.051696736968955055, -0.03391489028378305, -0.0022635037977242543]]","tensor(-6, dtype=torch.int32)"
"['Bi', 'Bi', 'Bi', 'Bi']","[[0.26815310845546353, 0.22605831122245007, -0.015180309577413618], [3.4263781014352244, 0.21225846296241468, -0.023289524589419085], [3.8501480035568014, 2.932150750148449, -0.0427692154720365], [6.850051798789007, 2.714837270626537, 0.009418452103376853]]",[-23374.052734375],"[[0.1913711704637918, 0.03841535173867541, -0.0035305405346557676], [-0.34092178228915965, -2.1680391989309142, 0.020254195137188655], [-0.15764234073396483, 2.2394547139351313, -0.02111821997313443], [0.3086730860433091, -0.10880981426589534, 0.00337738086333301]]","tensor(-6, dtype=torch.int32)"
"['Bi', 'Bi', 'Bi', 'Bi']","[[0.30011813976113344, 0.268806566534002, -0.007586335274812248], [3.199287060682742, 0.11450135106289916, 0.09429630696718197], [3.670606902527632, 3.120597962297446, -0.1665860928582415], [7.052584590160253, 2.6827755430665166, -0.008001046365175556]]",[-23374.1796875],"[[-0.9285235654118598, 0.09500812488640366, -0.03499087183900352], [0.9606885979147131, 0.035756402800741105, 0.023256849335229233], [0.6956231424584325, -0.2796868643976146, 0.05364763970132664], [-0.7274554740287771, 0.14655218966546413, -0.04480361073515505]]","tensor(-6, dtype=torch.int32)"
"['Bi', 'Bi', 'Bi', 'Bi']","[[0.3582973448774914, 0.32413563767408576, -0.15909183387112152], [3.400923954159358, 0.11730729861592767, 0.041222130655695126], [3.7361059629053956, 2.944127184639034, -0.023324655360175264], [7.0658788823235845, 2.8239854970647804, -0.00369625887119983]]",[-23374.208984375],"[[-0.07562631581725135, 0.08659649914610096, 0.003790967203230811], [0.07425730547317458, -1.1837437472146475, 0.028703631541428548], [0.5967862828994177, 1.0723177311955465, -0.034695066257202006], [-0.5962993156921755, 0.026247928420455643, 0.0030217132820629894]]","tensor(-6, dtype=torch.int32)"
"['Bi', 'Bi', 'Bi', 'Bi']","[[0.26265571277237104, 0.14253028718707658, -0.003553570654959493], [3.4748899172069336, 0.19533191031258948, -0.05779177854339996], [3.828699538186389, 3.1909226306822402, -0.11914731125073086], [7.035783243053402, 2.7531325715903487, 0.07253602351721017]]",[-23374.353515625],"[[0.3637143672705783, 0.005811735074545546, -0.019263733662471288], [-0.31258779845303836, -0.0009176884164954935, 0.020125552490688377], [0.5017851514174686, -0.0581931469084412, 0.040834324059634275], [-0.5533382150625552, 0.053028620562912625, -0.04592632982941061]]","tensor(-6, dtype=torch.int32)"
"['Bi', 'Bi', 'Bi', 'Bi']","[[0.15064783994458814, 0.1560784738605394, -0.15220938393707797], [3.4547983362486656, 0.2570554934734496, -0.0023296171992551558], [3.736402046108065, 2.959405092925719, -0.006018036683846652], [6.965596394831938, 2.787280012286018, -0.006066970361538883]]",[-23373.970703125],"[[0.5580381942327696, 0.08830695217825459, 0.03154618305734153], [-0.5794153861435083, -2.5893270254843292, -0.02021902242654941], [0.5364152047242887, 2.571595659866459, -0.013019914179024645], [-0.5172671604834493, -0.06418207222614565, 0.0046839005106198185]]","tensor(-6, dtype=torch.int32)"
"['Bi', 'Bi', 'Bi', 'Bi']","[[0.17146393845621105, 0.19067698498773494, -0.12652589244159276], [3.3869686054590447, -0.09872192300454867, -0.029520461671017465], [3.676529242526891, 2.8954777067061603, -0.08520786504794436], [6.923823474719265, 2.7551862939755143, 0.007413240252568529]]",[-23374.341796875],"[[0.4733986142037548, -0.03215212041565814, 0.019252698481618685], [-0.42916281134601136, 0.04954570974058083, -0.0179920601955422], [0.43357174147789523, -0.04384162681475349, 0.016230246778320637], [-0.47803873805937264, 0.028932022761171513, -0.01752745131371812]]","tensor(-6, dtype=torch.int32)"
"['Bi', 'Bi', 'Bi', 'Bi']","[[0.28983229517594855, 0.3687987882534508, -0.07747538837155014], [3.4110464463467096, 0.10287940458675299, 0.059310472775676464], [3.6658114505412813, 3.093729741092598, -0.026558904776873452], [6.6837173858994126, 2.833689509821728, 0.05337474257623333]]",[-23374.296875],"[[0.08163200473681019, -0.08102974920025055, 0.014277256309030989], [-0.17324843130692283, 0.08288341275744844, -0.015154296076355118], [-0.21379058532663014, -0.022284586138721266, -0.0047231396802610345], [0.30399347002135957, 0.019886054099164597, 0.0067552944595347655]]","tensor(-6, dtype=torch.int32)"
"['Bi', 'Bi', 'Bi', 'Bi']","[[0.3335584534189492, 0.17184477381881097, 0.05266960499124933], [3.3064201667120643, -0.030639990583781817, -0.04520941404019524], [3.714137210296385, 3.1034918594050755, 0.10694504557806642], [7.13485056753298, 2.526262899399095, -0.12750700556885]]",[-23374.1640625],"[[-0.4484854335877576, 0.03215827564002, 0.017218260561478897], [0.4767774055750598, 0.5460321642911761, 0.017731252489268563], [0.7512783006149578, -0.7809565607691069, -0.09596976942100081], [-0.7807611568211111, 0.20170454261054147, 0.06167807347676284]]","tensor(-6, dtype=torch.int32)"
"['Bi', 'Bi', 'Bi', 'Bi']","[[0.40874280424766885, 0.29850315239566105, -0.060944200374987996], [3.3888415334014534, 0.02122529591447823, 0.10037269511355053], [3.7470627688848714, 2.8751815436443615, -0.08347465376200996], [6.863290744165593, 2.7622934853659618, 0.055973610952569974]]",[-23374.23828125],"[[-0.40572611324548874, 0.05143222172987865, -0.01866837382839224], [0.32558750889228205, -0.8803734615211196, 0.07287816497705696], [0.1250858318479294, 0.8043397284722971, -0.04835017696465105], [-0.04331003551644012, 0.02633120135555679, -0.006812974619657626]]","tensor(-6, dtype=torch.int32)"
"['Bi', 'Bi', 'Bi', 'Bi']","[[0.28454273894492854, 0.28283335235522034, -0.05047337500534144], [3.297206172339461, 0.10829507657338108, 0.08266057185979364], [4.042668204301515, 3.1484954172998423, -0.10875341707484586], [6.869072010882412, 2.9854842319923525, -0.02669409457474079]]",[-23374.17578125],"[[-0.2642793145202386, -0.004796779714946909, -0.006256279056235953], [0.35217566129724415, 0.2151366614178632, 0.0014451032125309133], [-1.5730927984681518, -0.10631481438253865, -0.037290431778900325], [1.4857138093545108, -0.10484455394014511, 0.04365763342887883]]","tensor(-6, dtype=torch.int32)"
"['Bi', 'Bi', 'Bi', 'Bi']","[[0.5102716456652566, 0.4274687178818707, -0.07360561270282848], [3.346585722197837, 0.012109939195757164, 0.10794389792332142], [3.6785136771767806, 2.9257851907543455, -0.14754648641474885], [6.840446112524982, 2.647033456173681, -0.12744751235155527]]",[-23374.123046875],"[[-1.2680559227865862, 0.1451146336733141, -0.06377995147000697], [1.1015085099215376, -0.47384135841223995, 0.0937787769430523], [0.274424893188546, 0.21159460490579857, -0.031070425866063373], [-0.10665779973336283, 0.11929133345848075, 0.0021414020412726786]]","tensor(-6, dtype=torch.int32)"
"['Bi', 'Bi', 'Bi', 'Bi']","[[0.027629198640438335, 0.37265133011211954, -0.05298713307629522], [3.392710509662115, 0.1408469106878104, -0.08702052955777154], [3.6991697915067445, 3.071913227459342, -0.08548734880575942], [6.934041700595222, 2.820926813668807, -0.044957938691185785]]",[-23374.275390625],"[[0.7007905484410893, -0.03968858843718847, -0.012015759001320101], [-0.6339701115402679, -0.2756430311159334, 0.011706300854204673], [0.45369994220629983, 0.32091514338524496, 0.008860972545346488], [-0.5211418150838394, -0.006244930200624725, -0.010545976784378236]]","tensor(-6, dtype=torch.int32)"
"['Bi', 'Bi', 'Bi', 'Bi']","[[0.23523065014390715, 0.45466583631059576, -0.14601853821235314], [3.3849250854801913, -0.08998914031524596, -0.06115458963166259], [3.9493003898053742, 2.9722424355747337, 0.007961038784363463], [6.787531267065946, 2.829715231001478, -0.005874319171287114]]",[-23374.154296875],"[[0.34419356428789116, -0.13801915636694614, 0.012418321987446362], [-0.3538793266133095, 0.4373372269778656, -0.006093353301280732], [-1.4649727087165898, -0.25540694683939846, -0.003974091555757808], [1.476399725907017, -0.04517075932681165, -0.0017639880574743907]]","tensor(-6, dtype=torch.int32)"
"['Bi', 'Bi', 'Bi', 'Bi']","[[0.2370618903986908, 0.1468172567717455, 0.09195901524918026], [3.5207817056301676, 0.056323008683171624, -0.09426472429800847], [3.844904415477921, 3.0117795560771747, 0.0015636995835659174], [6.726910011357308, 2.545327406622941, -0.12297019523703101]]",[-23374.22265625],"[[0.3996053931070702, -0.09624148375289811, -0.03226402517134983], [-0.45535727621785355, -0.059712464026199986, 0.03193763887168698], [-0.7424696963276742, 0.30318835433352537, 0.040134237993847806], [0.7955691765327811, -0.15062877881948036, -0.040467792533076606]]","tensor(-6, dtype=torch.int32)"
"['Bi', 'Bi', 'Bi', 'Bi']","[[0.26583263813601915, 0.27611055593480094, -0.03314191258633925], [3.4541774046745926, 0.02950859121595872, 0.09888993523125482], [3.903010838893739, 2.8959218118200676, 0.04097326993218011], [6.894913146524167, 3.00701085770681, -0.15673396290886657]]",[-23374.26953125],"[[0.4162133917123308, -0.010169927028669508, 0.02814730107485708], [-0.4097246436644898, -0.7974296278060673, -0.013383113554048072], [-0.4117168383363984, 0.8613976812870661, 0.00503215354050523], [0.4071131213216177, -0.055940550764782423, -0.016610867957970635]]","tensor(-6, dtype=torch.int32)"
"['Bi', 'Bi', 'Bi', 'Bi']","[[0.29586181909244547, 0.20604457819258826, -0.05416437899618068], [3.31396670476424, 0.08073382813763452, 0.14627216904884346], [3.700642637067374, 2.869569430193044, 0.08043557318146133], [6.949102178155492, 2.931896876525897, -0.04028788687122029]]",[-23374.173828125],"[[-0.1886294473850446, 0.104873555999795, -0.00598739293937544], [0.1656957601843363, -1.5751023738070136, 0.048939062757400446], [0.4764403337647671, 1.5083199892539598, -0.0674203270211684], [-0.4531084853089716, -0.04007261375930092, 0.02834109036917732]]","tensor(-6, dtype=torch.int32)"
"['Bi', 'Bi', 'Bi', 'Bi']","[[0.4563736309597072, 0.26872355095372075, -0.03152344566805234], [3.3191343202040198, 0.06487700382252608, 0.15679752017028087], [3.9799904368714563, 2.741982106098985, 0.0031028611017438674], [6.813134950358628, 2.6825372141018686, -0.0908429792726547]]",[-23373.685546875],"[[-1.190566430325195, 0.1496846177960197, -0.0762102136671177], [0.8506478930427189, -2.315375832603398, 0.21047494028378275], [-1.2491644747827202, 2.282421985215741, -0.09315523266057943], [1.5881836396834998, -0.11810296892211693, -0.03953306746342045]]","tensor(-6, dtype=torch.int32)"
"['Bi', 'Bi', 'Bi', 'Bi']","[[0.3832620435167751, 0.21439520527836564, -0.10797493867127769], [3.353997195581775, 0.07549275264259082, -0.026588324015174695], [3.9301177782087278, 2.8761269642122036, -0.09686334424145143], [6.75181793745298, 2.6032069429183835, 0.08016289753069375]]",[-23373.984375],"[[-0.6013870174328868, 0.019583357957091655, -0.017055072553856628], [0.43211891312454653, -1.157560646625044, 0.05299509335920388], [-1.3094239670191252, 1.313060023114594, -0.12474433773776099], [1.4802157593230083, -0.176127914169007, 0.09046405749785329]]","tensor(-6, dtype=torch.int32)"
"['Bi', 'Bi', 'Bi', 'Bi']","[[0.5674985854136583, 0.5273449860544092, -0.10121125056303722], [3.5099142119573448, -0.060323704511558815, 0.14432661873123878], [3.9458332434407013, 2.9814845989520466, 0.12802254472654778], [6.7994388042684335, 2.686462835358406, 0.020384638661951508]]",[-23374.068359375],"[[-0.4699610988038679, -0.07385539040540219, -0.015521408672547617], [0.24802155178071467, 0.3427586308224116, 0.011013203050663629], [-1.1673287871411702, -0.2603848109924995, 0.03237072086916468], [1.3901062571465843, -0.009440484090801247, -0.02590969961310241]]","tensor(-6, dtype=torch.int32)"
"['Bi', 'Bi', 'Bi', 'Bi']","[[0.6127005419086218, 0.2956170675922528, 0.1449460384835034], [3.5433636062752827, -0.05080714149175315, -0.04523001756492801], [3.770997164259404, 2.9375255372235674, 0.007355956858541185], [6.91849914710673, 2.7297565267985635, 0.02451810766528376]]",[-23374.23046875],"[[-0.6891151625483413, 0.024465150216497793, 0.024294644845243997], [0.553108872534118, -0.03681235030908284, -0.027108554256148127], [0.21932766472564014, -0.09492353554575812, 0.012889410052809249], [-0.08190608448492007, 0.11107058652211498, -0.012733883936832079]]","tensor(-6, dtype=torch.int32)"
"['Bi', 'Bi', 'Bi', 'Bi']","[[0.21082310352467665, 0.015856919957468657, 0.09672679885102806], [3.3069294855008597, 0.07682984835437673, 0.012915791781858369], [3.658472823459076, 3.11681212989229, -0.07225598719852817], [6.76861471587957, 2.890400547706478, 0.014612502387071343]]",[-23374.384765625],"[[0.03312622966525375, -0.010169932170878667, -0.01074931516110448], [-0.004579906015275546, 0.14777464704854407, 0.0036233131869550083], [0.14375338806506557, -0.15144129928850178, 0.01891109638505795], [-0.17328231846527262, 0.01536071977857603, -0.014923066357157053]]","tensor(-6, dtype=torch.int32)"
"['Bi', 'Bi', 'Bi', 'Bi']","[[0.29896835790488296, 0.2764031763490248, -0.03523127796212704], [3.52555841216396, -0.16985788725923742, -0.008253863225441863], [3.8898919859396566, 2.9897168487118786, 0.0701802210466968], [7.087076918413779, 2.827516972111273, 0.056312091828678926]]",[-23374.314453125],"[[0.5467659575379917, -0.10291967078611192, 0.006432615692674675], [-0.5110169080963463, 0.7462908719528234, 0.011993122996607536], [0.33218434617661974, -0.7044260903156425, -0.022016383935678736], [-0.36677362176481865, 0.06451395040518901, 0.004847440759569395]]","tensor(-6, dtype=torch.int32)"
"['Bi', 'Bi', 'Bi', 'Bi']","[[0.2415031295473271, 0.1367074984132496, -0.13480236550097638], [3.4293658159989024, 0.03525606720893215, -0.08497972256045905], [3.7911884761229264, 2.988673222425354, -0.015256209140266758], [6.911742052483981, 2.608581270688055, 0.14562254508414083]]",[-23374.357421875],"[[0.2934791949564391, -0.02493886080853115, 0.0015999541564456665], [-0.282100411687912, -0.16540332274953315, -0.0017398484708040904], [0.2479419503829522, 0.17166972167339162, 0.02117998818953773], [-0.25677312896843846, 0.015278732395764326, -0.022163368842244825]]","tensor(-6, dtype=torch.int32)"
"['Bi', 'Bi', 'Bi', 'Bi']","[[0.3566946431641054, 0.4336645610094118, -0.0018763182433335639], [3.2784198479693307, 0.055085237956589025, 0.02470009454302285], [3.952990678950593, 2.954485951209101, 0.12914513422736945], [6.7889099570956555, 2.6147370141712014, -0.10253701731448513]]",[-23374.095703125],"[[-0.7440421838881246, 0.05190921305135468, 0.004063293458017883], [0.6368281513901642, -0.3594657197981426, -0.017121463616292777], [-1.1927251297296326, 0.44010872344763624, 0.10497526889693597], [1.2995689231682324, -0.13158311596297237, -0.09185055135306654]]","tensor(-6, dtype=torch.int32)"
"['Bi', 'Bi', 'Bi', 'Bi']","[[0.08876938832938411, 0.15459849542656912, -0.035952524405998054], [3.434799587468231, 0.00483330549756595, 0.11348882837897617], [3.694924300528391, 3.001284261206833, 0.034375369224647304], [6.941330656693939, 2.7360973525868424, -0.12299881576559844]]",[-23374.294921875],"[[0.6635285582210407, -0.036096709060594076, 0.04691755235108333], [-0.5941262181020962, 0.06988776466343938, -0.04923899753315566], [0.4893834284811836, -0.053588247185554244, -0.04042193945401664], [-0.5592054757115865, 0.017866538870000698, 0.047733996325692134]]","tensor(-6, dtype=torch.int32)"
"['Bi', 'Bi', 'Bi', 'Bi']","[[0.40750939979048956, 0.2800111514357946, -0.04235336121317112], [3.413630316350878, 0.02495545494991316, 0.0837718309642902], [3.9302836887595034, 2.915819805646867, 0.08742494984737104], [6.935746756757394, 2.852022686533491, 0.19010418553556868]]",[-23374.27734375],"[[-0.2636490339437691, 0.04243573654659709, -0.007242066262828894], [0.2379413305908027, -0.607753586591139, 0.010295237523635542], [-0.352107218493354, 0.5872706248529388, -0.013415005535244646], [0.37614792048155005, -0.022599489885334785, 0.00935986967783467]]","tensor(-6, dtype=torch.int32)"
"['Bi', 'Bi', 'Bi', 'Bi']","[[0.38490045898412506, 0.1864627671233266, 0.02526519280343957], [3.32829000207071, -0.04451936834751184, -0.002845978669566376], [3.7962208879344894, 3.048730195415366, -0.14364805602796382], [6.919179046019072, 2.940311102935396, -0.0675176520658455]]",[-23374.3203125],"[[-0.601829761641372, 0.03429477098531433, 0.0008529721715820373], [0.6186684397494508, 0.33070066456832437, -0.02123205305726029], [0.10582285923241347, -0.4274569348800082, 0.03187768071290722], [-0.12428791525291609, 0.06251064856149961, -0.013290337816423334]]","tensor(-6, dtype=torch.int32)"
"['Bi', 'Bi', 'Bi', 'Bi']","[[0.32292386891609903, 0.16140152257210483, -0.13667174459620862], [3.410199573766925, 0.14385796478525417, -0.030400258809981335], [3.737270260446936, 3.008497622274316, -0.015526983771734596], [6.8849929797268095, 2.731614147862157, -0.0800030818411193]]",[-23374.28515625],"[[-0.03298364648972672, 0.02448610471881576, 0.010215800676566097], [0.009787840319409541, -0.8575657070226855, -0.011527763352246421], [0.295893410733927, 0.8194763353491494, -0.011931915281002436], [-0.27273794005224344, 0.014704378486094825, 0.016998389982310378]]","tensor(-6, dtype=torch.int32)"
"['Bi', 'Bi', 'Bi', 'Bi']","[[0.3307652173790942, 0.21190491853522217, -0.11138193157181156], [3.237082420750048, 0.13934106154928233, -0.19906157706602207], [4.034550354812801, 3.2548499769959514, -0.1192431483233698], [7.038095179296056, 2.893699227137206, -0.1265975504567165]]",[-23374.2734375],"[[-0.8943936947898172, 0.012588986767184047, 0.020900133740543662], [1.020170588126461, 0.41204234017608604, -0.014835155149395582], [-0.3090271785659141, -0.40922559226572686, -0.00498385482676983], [0.18358468309080084, -0.01614276237391926, -0.0017523754065333673]]","tensor(-6, dtype=torch.int32)"
"['Bi', 'Bi', 'Bi', 'Bi']","[[0.3841172819422417, 0.3474442775173269, -0.0021261803084235455], [3.2660913554561404, 0.046631013021438544, -0.0359008695015792], [3.796551697410932, 3.1055634248152826, 0.024547471920256497], [7.006802171105027, 2.8637805662128692, 0.07934210308794665]]",[-23374.259765625],"[[-0.9588733980820154, 0.11019306852933919, 0.006901775429603394], [0.9815500262469261, 0.18649944150770742, -0.0015042041650440696], [0.3507157881173493, -0.38905933918955465, 0.004630766063392439], [-0.3761926577012228, 0.09384135762850253, -0.010896145801395838]]","tensor(-6, dtype=torch.int32)"
"['Bi', 'Bi', 'Bi', 'Bi']","[[0.2024152974449115, 0.16851779660195323, 0.02591827891533454], [3.5129713950677894, -0.03352533279061608, -0.09644129241776744], [3.715388406682013, 3.1628002123921344, 0.07803923976648836], [7.100649246369503, 2.7105035332603244, 0.061689280884474576]]",[-23374.16796875],"[[0.6192176276875021, -0.06878686910484945, -0.034972149055460026], [-0.587984877704955, 0.8657011961312153, 0.08054782135798305], [0.7487797011851908, -0.9276329347857315, -0.04671555094873811], [-0.784921718250674, 0.12748554659559239, -0.001200754689329512]]","tensor(-6, dtype=torch.int32)"
"['Bi', 'Bi', 'Bi', 'Bi']","[[0.37910392068258814, 0.1705051324266972, -0.13658522899232156], [3.480904734713664, 0.07925257489554798, -0.07455742114992671], [3.80853396156707, 2.853630758784119, 0.08997207363571628], [6.907399683268661, 2.7779815206357954, -0.02825719092712346]]",[-23374.166015625],"[[0.051972513646087, 0.034988763533248826, 0.013270828274878705], [-0.11102677490009065, -1.6341930419018542, -0.1079632523722494], [0.10263319831393176, 1.6356734839183802, 0.0889261770050349], [-0.04327500164544813, -0.037170983402374166, 0.009596354734791989]]","tensor(-6, dtype=torch.int32)"
"['Bi', 'Bi', 'Bi', 'Bi']","[[0.31138545875791823, 0.441090357020543, -0.16030648843734782], [3.232675186873663, -0.06462194424653805, -0.1431870810454268], [3.9931698571109386, 3.134916483570001, 0.03921634863772982], [6.956515123908238, 2.8169888343271006, -0.039155884432990146]]",[-23374.21875],"[[-0.5358624172398271, 0.013013275587001945, -0.003687596972078295], [0.5826863453887746, 0.6907308446657169, 0.0397384524393915], [-0.5280210624951226, -0.7401675292877344, -0.03371216897215574], [0.48282310088186625, 0.03672043846259662, -0.0017636502143327244]]","tensor(-6, dtype=torch.int32)"
"['Bi', 'Bi', 'Bi', 'Bi']","[[0.3149658626478039, 0.15358171338958676, -0.09365209947515991], [3.4210827941396538, -0.03782251570292397, 0.1715421934449414], [3.7076014339131875, 2.9763647905371227, 0.05906914861759617], [6.7856216571623635, 2.5805777438874706, -0.2143789729201248]]",[-23374.322265625],"[[0.043345686452531035, -0.06588450341201313, 0.03903222657587063], [-0.11459608512069154, 0.19486391319003327, -0.044008074982981794], [0.14366972432206843, -0.19138474589596832, -0.031810888558156766], [-0.07142076005755787, 0.05900787852740045, 0.03875562200306428]]","tensor(-6, dtype=torch.int32)"
"['Bi', 'Bi', 'Bi', 'Bi']","[[0.2435193037358332, 0.1157179437762752, 0.22988500798394843], [3.3647222600889797, 0.00020344353407618018, 0.014793355149792], [3.623648230554697, 2.7722131310975593, 0.1785850797701856], [7.0079108289147625, 2.907871181499573, -0.033076089772075275]]",[-23374.12109375],"[[0.24571069440729823, 0.103239156241085, -0.010277589461806026], [-0.19122477176906968, -1.763448639733739, -0.10301439027879827], [0.6195888951886941, 1.7162087068639267, 0.072644657259202], [-0.6717710052800524, -0.060476442040771926, 0.04170565597479326]]","tensor(-6, dtype=torch.int32)"
"['Bi', 'Bi', 'Bi', 'Bi']","[[0.1571659407155531, 0.2852858365356976, 0.01266148662540396], [3.337416314804551, -0.057672683353656926, -0.045045121245523664], [3.810953269851462, 2.936718656620586, 0.0030824863418334545], [7.0376457492183, 2.6345880426584745, -0.07773877372286186]]",[-23374.36328125],"[[0.4006465876173383, -0.02730726464463236, -0.00881061489106431], [-0.3372968333654715, 0.1150947765648134, 0.00889676746329382], [0.41779462102834936, -0.1316663683292369, -0.015924861260858174], [-0.48083044341113346, 0.04451093161652147, 0.016405601252810223]]","tensor(-6, dtype=torch.int32)"
"['Bi', 'Bi', 'Bi', 'Bi']","[[0.17840584423270286, 0.22725035801627044, -0.004517044626518306], [3.4763912347943204, 0.3753189203737561, 0.04210710665693865], [3.7365314562941134, 2.9928533940608406, -0.022588158292751563], [6.795004777678214, 2.7648152892673936, -0.11918062345992718]]",[-23373.693359375],"[[0.4691851908640499, 0.07385564751586007, 0.01223449315226475], [-0.5993249915606156, -3.853223415283184, 0.0800644022750598], [0.12988335872586693, 3.9034304028370372, -0.10254259258857162], [0.0019121376744147202, -0.11952304140313048, 0.014131222711159087]]","tensor(-6, dtype=torch.int32)"
"['Bi', 'Bi', 'Bi', 'Bi']","[[0.4104761476970864, 0.36508511842299946, -0.03815731495891284], [3.2337681587061993, -0.09768498942069273, -0.016347036071052964], [3.6958786949653386, 3.1566979506892303, -0.04147055667337665], [6.938299951228545, 2.942445770168737, -0.012276643224796834]]",[-23374.111328125],"[[-1.2184834838428031, 0.1316102668273255, -0.010263371253484754], [1.1643817870728443, 0.6734545645583108, 0.0010110087140700378], [0.4402513169075817, -0.9692169518028974, 0.015948875377625023], [-0.388364626732338, 0.1658651959760853, -0.007134300985509218]]","tensor(-6, dtype=torch.int32)"
"['Bi', 'Bi', 'Bi', 'Bi']","[[0.38985077481704056, 0.24723340191804732, -0.1700612204186844], [3.337212767338286, 0.15262600772830506, 0.17976838126858763], [3.937792762748342, 3.120207092843028, -0.017977905537193226], [6.850161855022394, 2.6970572677892015, -0.012303616921454402]]",[-23374.240234375],"[[-0.6110569417540993, -0.018154960239451633, -0.05725011717099523], [0.5786008602129153, -0.01489332381938843, 0.060637136076952675], [-0.6508787236928927, 0.10888442772077478, -0.017681110807771017], [0.6856719392962892, -0.07492445568930545, 0.014522040891568968]]","tensor(-6, dtype=torch.int32)"
"['Bi', 'Bi', 'Bi', 'Bi']","[[0.25168153745897537, 0.12136742677885105, -0.07469787164488942], [3.3780890498141076, 0.17263402562948493, 0.0373783080095717], [3.7108437612431655, 3.0268438860650457, 0.04243254171831777], [7.087517872130817, 2.6389592872224124, -0.12304508396750986]]",[-23374.20703125],"[[0.14022177023759122, 0.0809161577999551, 0.01842003083711707], [-0.10871056962915011, -0.9755804356356549, -0.017417711428081857], [0.7499572670823231, 0.8222227892603218, -0.04912179630203145], [-0.7802880735785951, 0.07322721813468731, 0.05374379901257719]]","tensor(-6, dtype=torch.int32)"
"['Bi', 'Bi', 'Bi', 'Bi']","[[0.29032341610568557, 0.3480106772659366, 0.06421047368029327], [3.3858142430121183, 0.03644045216466125, 0.05260125335971021], [3.890715213109303, 3.212520820414197, 0.013012310574563585], [6.75922370770159, 2.678431072642236, 0.07771547720844263]]",[-23374.19140625],"[[-0.017053586455410028, -0.13207681946421118, -0.004053995829639694], [-0.06339120045767851, 0.8241187217767967, -0.008267546181910767], [-0.7903518911212938, -0.6301155115555933, -0.003743221791200789], [0.8709776169480172, -0.060348503876926265, 0.015342680908850527]]","tensor(-6, dtype=torch.int32)"
"['Bi', 'Bi', 'Bi', 'Bi']","[[0.3992490615657168, 0.15294147681594403, -0.10945961327056535], [3.3813885370376124, 0.0402499310102304, 0.21155360316387412], [3.7236846310701734, 2.9629749860689687, 0.05388160321418669], [6.901096247467036, 2.7469920599421727, -0.024060348608435065]]",[-23374.29296875],"[[-0.3914532432408693, 0.029349235901188302, -0.026189662048488792], [0.3626415481739899, -0.423565002456848, 0.05101745628142097], [0.3259078171007204, 0.3426474048383287, -0.05049173224375664], [-0.2959968719821816, 0.053582385067114366, 0.02777305623456273]]","tensor(-6, dtype=torch.int32)"
"['Bi', 'Bi', 'Bi', 'Bi']","[[0.24569790165105415, 0.2849410213947138, -0.15996777244944643], [3.1941401204908417, -0.11203579965131666, 0.08278710556995782], [3.870326094356316, 2.9956872054998276, 0.022251808719771872], [6.788095206338496, 2.853334290056862, 0.1001595483401417]]",[-23374.2421875],"[[-0.4240173625964582, 0.018469375476195166, -0.026474771835242116], [0.467674409813493, 0.4125455053421752, 0.018068159748868245], [-0.8929410207027433, -0.4402966197702617, -0.015439616693683909], [0.8491731074562665, 0.010679957043984292, 0.02425479786648033]]","tensor(-6, dtype=torch.int32)"
"['Bi', 'Bi', 'Bi', 'Bi']","[[0.2902179517910692, 0.019421913551987885, -0.1702706316790716], [3.3004403742809654, 0.15028465471854557, 0.09282075224341169], [3.74042276408569, 3.0023634146685656, -0.049132997980345615], [6.65469338951597, 2.677288943559997, -0.0057354157870101756]]",[-23374.18359375],"[[-0.3723979130311446, -0.013643674434282134, -0.02327625089038155], [0.28907910942430665, -0.8710346954696686, 0.0687479940036166], [-0.6495664319158262, 0.9934331573896487, -0.06828756059562864], [0.7310329089398473, -0.10870475893280182, 0.02324655463249535]]","tensor(-6, dtype=torch.int32)"
"['Bi', 'Bi', 'Bi', 'Bi']","[[0.3873027472055186, 0.23788529488926552, 0.05703113448121485], [3.3779397475586657, -0.001785539519573557, 0.02674333429314058], [3.8872769098249735, 2.891796333566445, 0.014152244684138175], [6.759004584650184, 2.8424768531256723, 0.11386965616264616]]",[-23374.1328125],"[[-0.3941573253485815, 0.0173414061863895, -0.002377888640892744], [0.32785861698890884, -0.59724033996805, 0.004807676570373168], [-1.177629146305127, 0.6144795961695202, -0.03923949874260258], [1.2438664566874555, -0.03683489375403057, 0.03484337271152165]]","tensor(-6, dtype=torch.int32)"
"['Bi', 'Bi', 'Bi', 'Bi']","[[0.23477790073050267, 0.11520429938715826, -0.04543533604511317], [3.3893430112908116, 0.11197643700999958, 0.18779425225130958], [3.727925644893503, 3.032839680750598, 0.18567639947531572], [7.070352480768008, 2.4585860459571176, -0.12060800495814553]]",[-23374.2421875],"[[0.2171077216101333, 0.035412517563314316, 0.04142325613226609], [-0.19470553314797354, -0.42032499931071154, -0.03850820975164668], [0.7554578882184045, 0.24634555154991822, -0.09495634284018478], [-0.7797157456993338, 0.13632531267037215, 0.09331993761990325]]","tensor(-6, dtype=torch.int32)"
"['Bi', 'Bi', 'Bi', 'Bi']","[[0.19299091546754665, 0.39334655433542226, -0.01906012910767375], [3.538464712664136, 0.08705276096584774, 0.08428430312912817], [3.847725956470726, 3.09019277947583, 0.133195063064111], [6.918774470933434, 2.5963856331608905, -0.004221082198773682]]",[-23374.291015625],"[[0.5753977781285319, -0.10872784745192027, 0.03637573047170458], [-0.5696297621162458, 0.25590311860103304, -0.029629568575634042], [0.13108195625845476, -0.14910586215531113, -0.024486958325535952], [-0.14029885195286643, 0.0009506319794648353, 0.023139740663869864]]","tensor(-6, dtype=torch.int32)"
"['Bi', 'Bi', 'Bi', 'Bi']","[[0.4563736309597072, 0.26872355095372075, -0.03152344566805234], [3.3191343202040198, 0.06487700382252608, 0.15679752017028087], [3.9799904368714563, 2.741982106098985, 0.0031028611017438674], [6.813134950358628, 2.6825372141018686, -0.0908429792726547]]",[-23373.685546875],"[[-1.190566430325195, 0.1496846177960197, -0.0762102136671177], [0.8506478930427189, -2.315375832603398, 0.21047494028378275], [-1.2491644747827202, 2.282421985215741, -0.09315523266057943], [1.5881836396834998, -0.11810296892211693, -0.03953306746342045]]","tensor(-6, dtype=torch.int32)"
"['Bi', 'Bi', 'Bi', 'Bi']","[[0.28676991042003186, 0.2658219153542274, 0.14397301106634786], [3.5907404657398145, 0.03138796525951743, 0.009281217256801604], [3.884759273671162, 2.8993294518259236, -0.10764501445430226], [6.903199810786945, 2.821652866084071, -0.23411916562939158]]",[-23374.23046875],"[[0.5873451868857267, -0.06130495478027405, -0.027680121088454107], [-0.5857860690690866, -0.7358789268501428, 0.05238538161936545], [-0.280196817279792, 0.8639708427496209, -0.020417995067700697], [0.2759521293084078, -0.06817669456618683, -0.004809834755556691]]","tensor(-6, dtype=torch.int32)"
"['Bi', 'Bi', 'Bi', 'Bi']","[[0.36358688852467397, 0.21057855419273042, 0.10097799382894876], [3.486267637506988, 0.027445873410038, 0.057998788909980656], [3.905185851255123, 3.0226296030445328, 0.02739858583598597], [7.0338926747479515, 2.5956719995972506, 0.13898258705040872]]",[-23374.365234375],"[[0.11492549503933916, -0.02908760544144942, -0.010886545296898257], [-0.11239429400351167, 0.08432724224477098, 0.009240498434445878], [0.27269968201610956, -0.10826731119974915, 0.01782215132055071], [-0.27538201257908435, 0.050820761638926584, -0.019162766385658205]]","tensor(-6, dtype=torch.int32)"
"['Bi', 'Bi', 'Bi', 'Bi']","[[0.18343084763612286, 0.3062119788802662, 0.16221543154613696], [3.3806958800488394, -0.05979068674966842, 0.15969388554411332], [3.935063189458778, 3.1233013952447326, -0.053240339701823784], [6.969051782300267, 2.9003078703413867, -0.2787748984776495]]",[-23374.330078125],"[[0.4494148878930271, -0.09527716526953892, 0.008501470418707508], [-0.37828759371210385, 0.7599686340916124, -0.051966394417189234], [-0.16063623774980967, -0.6891629850935087, 0.04312463830746538], [0.09073253223798118, 0.0269793202555947, 0.0002519724653429147]]","tensor(-6, dtype=torch.int32)"
"['Bi', 'Bi', 'Bi', 'Bi']","[[0.08876938832938411, 0.15459849542656912, -0.035952524405998054], [3.434799587468231, 0.00483330549756595, 0.11348882837897617], [3.694924300528391, 3.001284261206833, 0.034375369224647304], [6.941330656693939, 2.7360973525868424, -0.12299881576559844]]",[-23374.294921875],"[[0.6635285582210407, -0.036096709060594076, 0.04691755235108333], [-0.5941262181020962, 0.06988776466343938, -0.04923899753315566], [0.4893834284811836, -0.053588247185554244, -0.04042193945401664], [-0.5592054757115865, 0.017866538870000698, 0.047733996325692134]]","tensor(-6, dtype=torch.int32)"
"['Bi', 'Bi', 'Bi', 'Bi']","[[0.44551786514926295, 0.2473371798013417, -0.10138948064289588], [3.231174824281848, 0.006629409805730308, 0.09117135263810594], [3.702629967149909, 2.9950997707738147, -0.0029644929813431803], [6.943086135865192, 2.8319301799437913, 0.14867250889370415]]",[-23374.1015625],"[[-1.7675171556193776, 0.19278003292884138, -0.12201449316216832], [1.7534768677349648, -0.2198750528904862, 0.12186521483031784], [0.4225209797315431, -0.06631794022192272, 0.021411706418605785], [-0.40882542554906814, 0.0948790040144517, -0.023468543801836873]]","tensor(-6, dtype=torch.int32)"
"['Bi', 'Bi', 'Bi', 'Bi']","[[0.33184771087106857, 0.1989102489526725, -0.030690214560205487], [3.2469447941727476, 0.050644661139522505, -0.067020388263962], [3.763569459585102, 3.045849071232453, 0.03069044517707144], [6.953959360729125, 2.693052613394499, 0.2617418464300543]]",[-23374.2734375],"[[-0.8538561173362603, 0.06005061570041585, -0.0004140724329294876], [0.8685263258425018, -0.029732140221704353, -7.549153851522583e-05], [0.38990266149143116, -0.11373995871801211, 0.03988216175872408], [-0.403562425898168, 0.08191163807081046, -0.040697500158363965]]","tensor(-6, dtype=torch.int32)"
"['Bi', 'Bi', 'Bi', 'Bi']","[[0.26583263813601915, 0.27611055593480094, -0.03314191258633925], [3.4541774046745926, 0.02950859121595872, 0.09888993523125482], [3.903010838893739, 2.8959218118200676, 0.04097326993218011], [6.894913146524167, 3.00701085770681, -0.15673396290886657]]",[-23374.26953125],"[[0.4162133917123308, -0.010169927028669508, 0.02814730107485708], [-0.4097246436644898, -0.7974296278060673, -0.013383113554048072], [-0.4117168383363984, 0.8613976812870661, 0.00503215354050523], [0.4071131213216177, -0.055940550764782423, -0.016610867957970635]]","tensor(-6, dtype=torch.int32)"
"['Bi', 'Bi', 'Bi', 'Bi']","[[0.3895584100974478, 0.24432099642096766, 0.024500747146908017], [3.41844963947245, 0.10666186249363613, -0.11673227687856452], [3.8826172092042244, 3.0518133104809726, 0.11234568307186542], [7.1539378074373765, 2.7467204570804347, -0.09695742516675815]]",[-23374.3203125],"[[-0.18799402459941728, 0.04971183394963219, 0.010039469182336534], [0.2250112456635554, -0.22030180482849068, -0.02609031970976957], [0.5431278445588597, 0.10371095393131168, -0.026565053601425324], [-0.578583376701779, 0.06587391046114809, 0.04361389379778272]]","tensor(-6, dtype=torch.int32)"
"['Bi', 'Bi', 'Bi', 'Bi']","[[0.38311585805601217, 0.2810235555071983, -0.10602940940243469], [3.37607138539018, -0.17476989042673094, 0.0805485306577331], [3.94748898278001, 2.9546181410854677, -0.04683149559247921], [6.775237469058165, 2.9153068444496264, -0.06826668848109681]]",[-23374.109375],"[[-0.21206727677158205, -0.04042117326485214, -0.0011996372872795256], [0.18864492543460956, 0.49063972160052177, -0.017520313927407116], [-1.582600228979978, -0.4976301435737962, 0.026992844265679675], [1.605448092709843, 0.047734803652529904, -0.00618709577422713]]","tensor(-6, dtype=torch.int32)"
"['Bi', 'Bi', 'Bi', 'Bi']","[[0.2024437995918881, 0.1891203798277722, 0.1417958268288072], [3.309696321962824, 0.07090583100928033, -0.14950966277693137], [3.80577857773773, 2.8570863414146914, 0.05326734319837797], [6.836775389990106, 2.7304800090695025, -0.11850620676112032]]",[-23374.216796875],"[[0.13059473194075474, 0.032392256441117484, -0.01034528664536825], [-0.20743460911924308, -1.3253925833377067, -0.09353801871028486], [-0.11065761570465336, 1.3641576412945757, 0.1220286856594438], [0.18694460255449677, -0.07127533838257576, -0.016291876155076677]]","tensor(-6, dtype=torch.int32)"
"['Bi', 'Bi', 'Bi', 'Bi']","[[0.28454273894492854, 0.28283335235522034, -0.05047337500534144], [3.297206172339461, 0.10829507657338108, 0.08266057185979364], [4.042668204301515, 3.1484954172998423, -0.10875341707484586], [6.869072010882412, 2.9854842319923525, -0.02669409457474079]]",[-23374.17578125],"[[-0.2642793145202386, -0.004796779714946909, -0.006256279056235953], [0.35217566129724415, 0.2151366614178632, 0.0014451032125309133], [-1.5730927984681518, -0.10631481438253865, -0.037290431778900325], [1.4857138093545108, -0.10484455394014511, 0.04365763342887883]]","tensor(-6, dtype=torch.int32)"
"['Bi', 'Bi', 'Bi', 'Bi']","[[0.4104761476970864, 0.36508511842299946, -0.03815731495891284], [3.2337681587061993, -0.09768498942069273, -0.016347036071052964], [3.6958786949653386, 3.1566979506892303, -0.04147055667337665], [6.938299951228545, 2.942445770168737, -0.012276643224796834]]",[-23374.111328125],"[[-1.2184834838428031, 0.1316102668273255, -0.010263371253484754], [1.1643817870728443, 0.6734545645583108, 0.0010110087140700378], [0.4402513169075817, -0.9692169518028974, 0.015948875377625023], [-0.388364626732338, 0.1658651959760853, -0.007134300985509218]]","tensor(-6, dtype=torch.int32)"
"['Bi', 'Bi', 'Bi', 'Bi']","[[0.35981135244352874, 0.09904183169364036, -0.008327280344163917], [3.419012157067979, 0.06323661841181966, 0.009140394256289286], [3.9667511621636766, 3.0166976938966403, 0.06851300258173076], [6.899793055424691, 2.8483380476033417, 0.13384669266313093]]",[-23374.296875],"[[-0.11603261267101002, 0.0013911362416408884, -0.001620213946306419], [0.15149894345316053, -0.22841595376901563, -0.002003273561539038], [-0.7254222445277895, 0.3031103470206018, -0.0077996102907616], [0.6922184857750637, -0.07478037098870434, 0.010994855648388655]]","tensor(-6, dtype=torch.int32)"
"['Bi', 'Bi', 'Bi', 'Bi']","[[0.6127005419086218, 0.2956170675922528, 0.1449460384835034], [3.5433636062752827, -0.05080714149175315, -0.04523001756492801], [3.770997164259404, 2.9375255372235674, 0.007355956858541185], [6.91849914710673, 2.7297565267985635, 0.02451810766528376]]",[-23374.23046875],"[[-0.6891151625483413, 0.024465150216497793, 0.024294644845243997], [0.553108872534118, -0.03681235030908284, -0.027108554256148127], [0.21932766472564014, -0.09492353554575812, 0.012889410052809249], [-0.08190608448492007, 0.11107058652211498, -0.012733883936832079]]","tensor(-6, dtype=torch.int32)"
"['Bi', 'Bi', 'Bi', 'Bi']","[[0.3185664457135622, 0.21686506840472972, -0.0077876461855788835], [3.6004750359628748, -0.02470319954147922, -0.047232480334198], [3.903508307312899, 3.1138942373301712, 0.004043965008469402], [6.639133462242324, 2.62664530449145, -0.07483436125072263]]",[-23373.94921875],"[[0.34658793113803, -0.19708143946723594, -0.006175042435961286], [-0.5078362974659824, 0.7904382802351444, 0.020591277231899695], [-1.8862085989575113, -0.3084285225757649, 0.04288678542287209], [2.0476215159785127, -0.2870836237385371, -0.05724960295007944]]","tensor(-6, dtype=torch.int32)"
"['Bi', 'Bi', 'Bi', 'Bi']","[[0.15968134916168697, 0.40224437613722186, 0.0539828328674275], [3.3408716905947866, -0.0062236491714430416, -0.15661259233864605], [3.874490893904346, 3.040329392733224, -0.024704926503211305], [6.80382418921726, 2.684269464401439, 0.05261223025070162]]",[-23374.287109375],"[[0.3563842509603407, -0.11080005489832397, -0.04326023836295614], [-0.35914644003153584, 0.4307903719665416, 0.05549904068649511], [-0.6343002413681977, -0.2574686641791203, -0.01791509160886849], [0.6385831873757158, -0.06188890405223197, 0.0023626738724366937]]","tensor(-6, dtype=torch.int32)"
"['Bi', 'Bi', 'Bi', 'Bi']","[[0.2569975220926772, 0.28462495703522717, -0.021139768349435085], [3.5010096255339462, 0.13347330611434172, -0.09630215047985413], [3.750668793479821, 3.1320147646929093, 0.0907102161666482], [6.851078688341391, 2.845515061074841, -0.018280616416996496]]",[-23374.337890625],"[[0.425222182202127, -0.06382736263844173, -0.014162456489583464], [-0.4261584242234846, 0.12417005581901969, 0.019669649368968423], [0.12570788488974652, -0.07268810892658528, -0.015434469342316966], [-0.12351344713166229, 0.00935555536435129, 0.010344756997824998]]","tensor(-6, dtype=torch.int32)"
"['Bi', 'Bi', 'Bi', 'Bi']","[[0.35499051840810103, 0.2806309241891621, 0.08945522687025274], [3.5945371179576853, 0.2019260701339797, 0.031650872442935594], [3.7529736747249824, 3.18311476556232, 0.09893260939181468], [6.965176930441572, 2.8995490921895484, -0.028574305340232992]]",[-23374.3203125],"[[0.41843703721843123, -0.02863494191149887, -0.006210040311489162], [-0.3978140531248647, -0.026507954510937293, 0.006239859982395151], [0.42544129173434014, 0.012084134956491152, -0.02498129946071034], [-0.44448824014313754, 0.04164655142273369, 0.025863846534042455]]","tensor(-6, dtype=torch.int32)"
"['Bi', 'Bi', 'Bi', 'Bi']","[[0.18343084763612286, 0.3062119788802662, 0.16221543154613696], [3.3806958800488394, -0.05979068674966842, 0.15969388554411332], [3.935063189458778, 3.1233013952447326, -0.053240339701823784], [6.969051782300267, 2.9003078703413867, -0.2787748984776495]]",[-23374.330078125],"[[0.4494148878930271, -0.09527716526953892, 0.008501470418707508], [-0.37828759371210385, 0.7599686340916124, -0.051966394417189234], [-0.16063623774980967, -0.6891629850935087, 0.04312463830746538], [0.09073253223798118, 0.0269793202555947, 0.0002519724653429147]]","tensor(-6, dtype=torch.int32)"
"['Bi', 'Bi', 'Bi', 'Bi']","[[0.3149658626478039, 0.15358171338958676, -0.09365209947515991], [3.4210827941396538, -0.03782251570292397, 0.1715421934449414], [3.7076014339131875, 2.9763647905371227, 0.05906914861759617], [6.7856216571623635, 2.5805777438874706, -0.2143789729201248]]",[-23374.322265625],"[[0.043345686452531035, -0.06588450341201313, 0.03903222657587063], [-0.11459608512069154, 0.19486391319003327, -0.044008074982981794], [0.14366972432206843, -0.19138474589596832, -0.031810888558156766], [-0.07142076005755787, 0.05900787852740045, 0.03875562200306428]]","tensor(-6, dtype=torch.int32)"
"['Bi', 'Bi', 'Bi', 'Bi']","[[0.2435193037358332, 0.1157179437762752, 0.22988500798394843], [3.3647222600889797, 0.00020344353407618018, 0.014793355149792], [3.623648230554697, 2.7722131310975593, 0.1785850797701856], [7.0079108289147625, 2.907871181499573, -0.033076089772075275]]",[-23374.12109375],"[[0.24571069440729823, 0.103239156241085, -0.010277589461806026], [-0.19122477176906968, -1.763448639733739, -0.10301439027879827], [0.6195888951886941, 1.7162087068639267, 0.072644657259202], [-0.6717710052800524, -0.060476442040771926, 0.04170565597479326]]","tensor(-6, dtype=torch.int32)"
"['Bi', 'Bi', 'Bi', 'Bi']","[[0.22893807411303213, 0.16165909779767326, 0.09723177828724697], [3.6367435905760757, 0.03994439344359872, 0.09391141600905391], [3.9013845367651006, 2.891808318271866, -0.00018270868612555162], [6.938072287275816, 2.8587269017376973, 0.021961252293218134]]",[-23374.185546875],"[[0.73098508639468, -0.03445973819730519, -0.002373534218177933], [-0.677491198747171, -0.9209429206714548, 0.03293594221536996], [-0.21642735591646692, 1.0547046363883055, -0.03339631905905718], [0.16266072549522917, -0.10229556086063168, 0.0021265199737491363]]","tensor(-6, dtype=torch.int32)"
"['Bi', 'Bi', 'Bi', 'Bi']","[[0.38748974963141286, 0.1269775389908168, -0.030063074287372305], [3.3193158936155243, -0.08884136757572188, 0.16480941465179072], [3.8236060201693807, 3.0409213885237922, -0.1480829365164038], [6.863380752125297, 2.786441106476318, -0.11945502387651892]]",[-23374.265625],"[[-0.6832304183881736, -0.008399762663775703, -0.031087266601055114], [0.6665485776594071, 0.5317162539959059, -0.02389748117873341], [-0.14217282723623756, -0.585648257863658, 0.055191845111409114], [0.15986984289693362, 0.06248951408186112, -8.677791628518756e-05]]","tensor(-6, dtype=torch.int32)"
"['Bi', 'Bi', 'Bi', 'Bi']","[[0.2574557362277813, 0.25780254384714607, -0.04094732807548368], [3.5100551835367275, 0.05739168606829277, 0.01718065520916768], [3.837833750995989, 2.9419554087061726, -0.0644633925870099], [6.8890448760349265, 2.723819934699271, 0.05917994166911218]]",[-23374.283203125],"[[0.46424337359714496, -0.046866495356355696, 0.007859697004770303], [-0.4750183072442735, -0.5927038830490532, 0.011793579570239736], [-0.07470308358506285, 0.685802551408897, -0.018598192957806806], [0.08612639838489636, -0.04735049550891378, -0.0015087550201487083]]","tensor(-6, dtype=torch.int32)"
"['Bi', 'Bi', 'Bi', 'Bi']","[[0.4104761476970864, 0.36508511842299946, -0.03815731495891284], [3.2337681587061993, -0.09768498942069273, -0.016347036071052964], [3.6958786949653386, 3.1566979506892303, -0.04147055667337665], [6.938299951228545, 2.942445770168737, -0.012276643224796834]]",[-23374.111328125],"[[-1.2184834838428031, 0.1316102668273255, -0.010263371253484754], [1.1643817870728443, 0.6734545645583108, 0.0010110087140700378], [0.4402513169075817, -0.9692169518028974, 0.015948875377625023], [-0.388364626732338, 0.1658651959760853, -0.007134300985509218]]","tensor(-6, dtype=torch.int32)"
"['Bi', 'Bi', 'Bi', 'Bi']","[[0.46797757552534497, 0.34828368861270975, 0.19643099364139166], [3.2278223497793137, 0.024326908227420948, -0.13805921548606542], [3.9982281610810784, 3.00725672711221, 0.028062697121592383], [6.90881166206951, 2.749544849448261, 0.07795513394422839]]",[-23374.01953125],"[[-1.8204474571431932, 0.19388154555253023, 0.20416627240064728], [1.8081066693854282, -0.11296394793401096, -0.21140310903676268], [-0.8681987671191508, -0.05040914322247346, 0.0035722644197620254], [0.8831214580950394, -0.0307616310639293, 0.003626451477204004]]","tensor(-6, dtype=torch.int32)"
"['Bi', 'Bi', 'Bi', 'Bi']","[[0.42281000867851165, 0.2016504695075586, 0.03088483918039113], [3.2800009511390846, 0.028662664153678317, -0.0008190213029232717], [3.6251450942284973, 3.0382802359321186, 0.11866093686802706], [6.92399188336065, 2.6546924798126876, 0.08556553704490055]]",[-23374.12890625],"[[-1.3047779810450675, 0.0876685983334073, 0.013736995246077594], [1.255563954079582, -0.007440627527247557, -0.006698632456825146], [0.5973899782545415, -0.2320810119241344, -0.01569984333032271], [-0.5490403566484795, 0.14946915923230855, 0.009257159192117097]]","tensor(-6, dtype=torch.int32)"
"['Bi', 'Bi', 'Bi', 'Bi']","[[0.22604648220498635, 0.18186647689867558, 0.042024039408789876], [3.4709954365000772, -0.06622960855681358, 0.031509558460912954], [3.972088018544749, 3.115393820135178, -0.06468458031416588], [6.734976113579535, 2.706274684365538, -0.1833012280991439]]",[-23374.04296875],"[[0.39660342282284766, -0.15849589603206535, 0.0075551290985639286], [-0.43325354157521156, 0.8065760752350173, -0.027015392852836558], [-1.7664974555433888, -0.42471140656648426, 0.0932123626043224], [1.8056610347099862, -0.2239446486400479, -0.07328234261685876]]","tensor(-6, dtype=torch.int32)"
"['Bi', 'Bi', 'Bi', 'Bi']","[[0.29032341610568557, 0.3480106772659366, 0.06421047368029327], [3.3858142430121183, 0.03644045216466125, 0.05260125335971021], [3.890715213109303, 3.212520820414197, 0.013012310574563585], [6.75922370770159, 2.678431072642236, 0.07771547720844263]]",[-23374.19140625],"[[-0.017053586455410028, -0.13207681946421118, -0.004053995829639694], [-0.06339120045767851, 0.8241187217767967, -0.008267546181910767], [-0.7903518911212938, -0.6301155115555933, -0.003743221791200789], [0.8709776169480172, -0.060348503876926265, 0.015342680908850527]]","tensor(-6, dtype=torch.int32)"
"['Bi', 'Bi', 'Bi', 'Bi']","[[0.3895584100974478, 0.24432099642096766, 0.024500747146908017], [3.41844963947245, 0.10666186249363613, -0.11673227687856452], [3.8826172092042244, 3.0518133104809726, 0.11234568307186542], [7.1539378074373765, 2.7467204570804347, -0.09695742516675815]]",[-23374.3203125],"[[-0.18799402459941728, 0.04971183394963219, 0.010039469182336534], [0.2250112456635554, -0.22030180482849068, -0.02609031970976957], [0.5431278445588597, 0.10371095393131168, -0.026565053601425324], [-0.578583376701779, 0.06587391046114809, 0.04361389379778272]]","tensor(-6, dtype=torch.int32)"
"['Bi', 'Bi', 'Bi', 'Bi']","[[0.4104761476970864, 0.36508511842299946, -0.03815731495891284], [3.2337681587061993, -0.09768498942069273, -0.016347036071052964], [3.6958786949653386, 3.1566979506892303, -0.04147055667337665], [6.938299951228545, 2.942445770168737, -0.012276643224796834]]",[-23374.111328125],"[[-1.2184834838428031, 0.1316102668273255, -0.010263371253484754], [1.1643817870728443, 0.6734545645583108, 0.0010110087140700378], [0.4402513169075817, -0.9692169518028974, 0.015948875377625023], [-0.388364626732338, 0.1658651959760853, -0.007134300985509218]]","tensor(-6, dtype=torch.int32)"
"['Bi', 'Bi', 'Bi', 'Bi']","[[0.21756620122809428, 0.1662877692948277, 0.053722751066136776], [3.3897756678359694, 0.07560131417150406, 0.0328976302054611], [3.728830969550153, 3.083554553489412, -0.041401585718222444], [7.063974662266328, 2.8302826392763505, 0.17891676155033398]]",[-23374.326171875],"[[0.3313471945257325, 0.017545407908097103, -0.012771041540206224], [-0.2591944409945641, 0.045583159359056755, 0.009271485386830683], [0.627642623171615, -0.12000707755115267, 0.05915659121624356], [-0.6951896542264313, 0.05707749320956842, -0.058603803731781805]]","tensor(-6, dtype=torch.int32)"
"['Bi', 'Bi', 'Bi', 'Bi']","[[0.20946462064303537, 0.15142188148501226, -0.08911563552609283], [3.3953427181103986, 0.008190358451075434, 0.020619099655377674], [3.9337172935406386, 3.10080551927582, -0.1234634865809859], [6.926910521216916, 2.746139843672544, -0.01732327887436399]]",[-23374.36328125],"[[0.3271576824586113, -0.06577070632335137, 0.017460803140824085], [-0.2650418012941548, 0.48386928333501733, -0.036279123788257296], [-0.2840061658238782, -0.38654181643008684, 0.013883990437062], [0.22375963195455081, -0.03405097370693464, 0.005858333773933382]]","tensor(-6, dtype=torch.int32)"
"['Bi', 'Bi', 'Bi', 'Bi']","[[0.06875571061240257, 0.3919790536306662, 0.10595781161009733], [3.6236394536457466, -0.07866524601857765, 0.07767249451492603], [3.9311353881229882, 2.9297658636527104, -0.14434652877503343], [6.831861343347598, 2.7619524546912433, 0.009513322931297861]]",[-23374.07421875],"[[0.8126063439143504, -0.18487686883006033, -0.011761363629866222], [-0.7763254872016069, 0.3178945068817796, 0.0012803612293011627], [-0.9213342427883622, 0.0029368344350418625, -0.029341841404419408], [0.8851269196665751, -0.1357066534865992, 0.03856488203877461]]","tensor(-6, dtype=torch.int32)"
"['Bi', 'Bi', 'Bi', 'Bi']","[[0.33950145083107935, 0.18577168627435478, 0.018233398465534074], [3.4397054226843835, -0.0046892356233241735, -0.12725624927043477], [3.687866913762705, 3.1006883566564616, -0.18076249833872426], [6.918078292054465, 2.8542834653732183, 0.08278397058920937]]",[-23374.326171875],"[[0.08314818510698273, -0.03961834071788398, -0.030078509146154356], [-0.1040635552132609, 0.4963968875514849, 0.013315051273635645], [0.4791687899438872, -0.5499854946916801, 0.07314540558698698], [-0.45895851955732425, 0.0932509291730058, -0.05969842579519924]]","tensor(-6, dtype=torch.int32)"
"['Bi', 'Bi', 'Bi', 'Bi']","[[0.3489979175251717, 0.36270775572939573, -0.041301928683529346], [3.2643526328941315, 0.08642677268348271, 0.010214155045463448], [3.6872478021778035, 3.035275625449703, -0.007089504818418676], [6.98944786632509, 2.758493822410179, -0.09871596672333084]]",[-23374.232421875],"[[-0.768557151826943, 0.12295186646954072, -0.005736771949443374], [0.7615740317906726, -0.31520425731670193, 0.009609580496745809], [0.5543070072678817, 0.09388259814594796, -0.02695158832160677], [-0.5470765469711218, 0.09869303196887153, 0.02583204711261072]]","tensor(-6, dtype=torch.int32)"
"['Bi', 'Bi', 'Bi', 'Bi']","[[0.15968134916168697, 0.40224437613722186, 0.0539828328674275], [3.3408716905947866, -0.0062236491714430416, -0.15661259233864605], [3.874490893904346, 3.040329392733224, -0.024704926503211305], [6.80382418921726, 2.684269464401439, 0.05261223025070162]]",[-23374.287109375],"[[0.3563842509603407, -0.11080005489832397, -0.04326023836295614], [-0.35914644003153584, 0.4307903719665416, 0.05549904068649511], [-0.6343002413681977, -0.2574686641791203, -0.01791509160886849], [0.6385831873757158, -0.06188890405223197, 0.0023626738724366937]]","tensor(-6, dtype=torch.int32)"
"['Bi', 'Bi', 'Bi', 'Bi']","[[0.2370618903986908, 0.1468172567717455, 0.09195901524918026], [3.5207817056301676, 0.056323008683171624, -0.09426472429800847], [3.844904415477921, 3.0117795560771747, 0.0015636995835659174], [6.726910011357308, 2.545327406622941, -0.12297019523703101]]",[-23374.22265625],"[[0.3996053931070702, -0.09624148375289811, -0.03226402517134983], [-0.45535727621785355, -0.059712464026199986, 0.03193763887168698], [-0.7424696963276742, 0.30318835433352537, 0.040134237993847806], [0.7955691765327811, -0.15062877881948036, -0.040467792533076606]]","tensor(-6, dtype=torch.int32)"
"['Bi', 'Bi', 'Bi', 'Bi']","[[0.3573568020734494, 0.42161649192224937, -0.015151965139608798], [3.4459837277547045, 0.04009807995932514, 0.00805501052025576], [3.8161865639464936, 3.1074437583696817, -0.16355795704771034], [6.8192052328749035, 2.706425382573833, -0.19249611688774218]]",[-23374.287109375],"[[0.006302219552851594, -0.0932898556963302, 0.0078086400100426685], [-0.10237588216767628, 0.4900630742655679, -0.029361448647938042], [-0.20499313963321888, -0.4315648915098869, 0.025609893392576147], [0.30148504897210104, 0.035030322867662035, -0.0030499424676764747]]","tensor(-6, dtype=torch.int32)"
"['Bi', 'Bi', 'Bi', 'Bi']","[[0.38985077481704056, 0.24723340191804732, -0.1700612204186844], [3.337212767338286, 0.15262600772830506, 0.17976838126858763], [3.937792762748342, 3.120207092843028, -0.017977905537193226], [6.850161855022394, 2.6970572677892015, -0.012303616921454402]]",[-23374.240234375],"[[-0.6110569417540993, -0.018154960239451633, -0.05725011717099523], [0.5786008602129153, -0.01489332381938843, 0.060637136076952675], [-0.6508787236928927, 0.10888442772077478, -0.017681110807771017], [0.6856719392962892, -0.07492445568930545, 0.014522040891568968]]","tensor(-6, dtype=torch.int32)"
"['Bi', 'Bi', 'Bi', 'Bi']","[[0.42806722660577434, 0.22653829101896286, -0.018314851364050862], [3.502639048863292, -0.12894686894610383, -0.1490576766990185], [3.719612587900198, 3.0459593020232334, -0.0646900705155842], [6.973240162050278, 2.7887093405561103, 0.05314515627671712]]",[-23374.265625],"[[0.038748623456400545, -0.054161192129914514, -0.02382778367580881], [-0.1066042693360303, 0.7661053465005115, 0.03737446576095683], [0.5091998056462602, -0.8395078111232963, 0.014753712840754602], [-0.4406920042324037, 0.13096142287579632, -0.0334165125144198]]","tensor(-6, dtype=torch.int32)"
"['Bi', 'Bi', 'Bi', 'Bi']","[[0.39400085036277965, 0.08123049340701999, 0.12614531047611727], [3.44171617425848, -0.07668114587558814, -0.02056395814048673], [3.9255493565249653, 2.944353914824419, 0.004798891755993874], [6.890899076199197, 2.8949878518775787, 0.06187135116469763]]",[-23374.322265625],"[[-0.10333634399416712, -0.011534736187864375, -0.00599504968881138], [0.13093370636843585, 0.06986935555465451, 0.004993037269662885], [-0.586163507221268, -0.05155342359972761, -0.00312843880469096], [0.5575085466895179, -0.008185486808170854, 0.0012488132618972434]]","tensor(-6, dtype=torch.int32)"
"['Bi', 'Bi', 'Bi', 'Bi']","[[0.2733274983749469, 0.3309489494258808, 0.0762258901260482], [3.616431312981408, -0.05855127452215045, -0.0928240890194601], [3.904154959050077, 3.0483850466337303, -0.011202479350213332], [6.97403294162655, 2.85155956480026, 0.02211674760248204]]",[-23374.2734375],"[[0.6656620608006052, -0.13309919348896176, -0.05242569653916248], [-0.6617215859229956, 0.621969738028748, 0.06265031096222502], [-0.03068637997511429, -0.49439389424034497, -0.0015962054859696424], [0.026190484801954038, 0.008423072297887937, -0.013067983550231609]]","tensor(-6, dtype=torch.int32)"
"['Bi', 'Bi', 'Bi', 'Bi']","[[0.1821935849146159, 0.18068761089655322, -0.13750483737091562], [3.4162696056572646, 0.028958378615763017, -0.12747886818361737], [3.767999404530302, 2.9617330328338802, 0.1094837950697363], [6.678182921611227, 2.7838715073374134, 0.09096065189720257]]",[-23374.236328125],"[[0.4004560173459508, -0.0715659760441737, -0.00048052607605108416], [-0.4219580620950406, -0.23780187387844362, -0.024078070422145617], [-0.8539795303560471, 0.39491616115399564, 0.03185450991844224], [0.8762596941948928, -0.0868862112100505, -0.006947422820297041]]","tensor(-6, dtype=torch.int32)"
"['Bi', 'Bi', 'Bi', 'Bi']","[[0.3880998780228854, 0.28404330641396947, 0.106493032069107], [3.5009268342452837, 0.25340527159480175, -0.05513528715103726], [3.915524647224849, 3.0001268045223655, -0.11675523892316442], [6.969504589225952, 2.7538199939220775, 0.07137197230330432]]",[-23374.125],"[[0.0573158346040317, 0.03942858291554345, -0.020146666401490237], [-0.19104757124149244, -1.8671613420161643, 0.06035158920242093], [0.09381256125721894, 1.8877558896930884, -0.03374118645843312], [0.0403256927252104, -0.058893155841090304, -0.010089837121037025]]","tensor(-6, dtype=torch.int32)"
"['Bi', 'Bi', 'Bi', 'Bi']","[[0.4886091086806297, 0.22747637421677344, 0.10053846061466723], [3.0980387212910174, -0.017490392544804622, -0.09984647696503494], [3.851804781145936, 2.9332429733720513, -0.0227726314024846], [6.879017980541624, 2.8169263429049125, 0.09072656485507806]]",[-23373.58984375],"[[-4.005214262464378, 0.4298732589632508, 0.3047125565499841], [3.9954466361691683, -0.5829881930663364, -0.31651294954735787], [-0.28059734395109176, 0.11779083682623943, 0.01353056640164752], [0.29183816174791555, 0.03799712044124539, -0.0015536861011066756]]","tensor(-6, dtype=torch.int32)"
"['Bi', 'Bi', 'Bi', 'Bi']","[[0.4143352956522597, 0.2120330664902383, -0.09738577634245356], [3.379591781473518, -0.07769196366504681, 0.07888322015443364], [3.903034365555437, 3.098101811689982, -0.0744233324440077], [6.879821897660878, 2.6754843969857616, -0.0522000104389421]]",[-23374.234375],"[[-0.5080481050611914, -0.05311902059990647, -0.014125864529216674], [0.45423385778315256, 0.7125636363078354, -0.020063167209186144], [-0.3175066814670996, -0.7069745691742402, 0.02952075428764618], [0.3716518813265334, 0.04642839970494915, 0.005574535250515295]]","tensor(-6, dtype=torch.int32)"
"['Bi', 'Bi', 'Bi', 'Bi']","[[0.2733274983749469, 0.3309489494258808, 0.0762258901260482], [3.616431312981408, -0.05855127452215045, -0.0928240890194601], [3.904154959050077, 3.0483850466337303, -0.011202479350213332], [6.97403294162655, 2.85155956480026, 0.02211674760248204]]",[-23374.2734375],"[[0.6656620608006052, -0.13309919348896176, -0.05242569653916248], [-0.6617215859229956, 0.621969738028748, 0.06265031096222502], [-0.03068637997511429, -0.49439389424034497, -0.0015962054859696424], [0.026190484801954038, 0.008423072297887937, -0.013067983550231609]]","tensor(-6, dtype=torch.int32)"
"['Bi', 'Bi', 'Bi', 'Bi']","[[0.320067405787731, 0.29040285829356643, -0.023112241845323074], [3.349593933268551, -0.018324570722981364, -0.10511282504583896], [3.6124615462791456, 2.9744259309680676, 0.03869458165344867], [6.782960639763525, 2.738534034749604, 0.09807010276759849]]",[-23374.314453125],"[[-0.1982070690518748, -0.010602078286289656, -0.009048339220428655], [0.13141789678273277, 0.04041117681024941, 0.007318834303345448], [0.29051589408508305, -0.110400402402581, 0.010394970670250758], [-0.2230520125523482, 0.08318387203853775, -0.011584507630302564]]","tensor(-6, dtype=torch.int32)"
"['Bi', 'Bi', 'Bi', 'Bi']","[[0.027629198640438335, 0.37265133011211954, -0.05298713307629522], [3.392710509662115, 0.1408469106878104, -0.08702052955777154], [3.6991697915067445, 3.071913227459342, -0.08548734880575942], [6.934041700595222, 2.820926813668807, -0.044957938691185785]]",[-23374.275390625],"[[0.7007905484410893, -0.03968858843718847, -0.012015759001320101], [-0.6339701115402679, -0.2756430311159334, 0.011706300854204673], [0.45369994220629983, 0.32091514338524496, 0.008860972545346488], [-0.5211418150838394, -0.006244930200624725, -0.010545976784378236]]","tensor(-6, dtype=torch.int32)"
"['Bi', 'Bi', 'Bi', 'Bi']","[[0.44551786514926295, 0.2473371798013417, -0.10138948064289588], [3.231174824281848, 0.006629409805730308, 0.09117135263810594], [3.702629967149909, 2.9950997707738147, -0.0029644929813431803], [6.943086135865192, 2.8319301799437913, 0.14867250889370415]]",[-23374.1015625],"[[-1.7675171556193776, 0.19278003292884138, -0.12201449316216832], [1.7534768677349648, -0.2198750528904862, 0.12186521483031784], [0.4225209797315431, -0.06631794022192272, 0.021411706418605785], [-0.40882542554906814, 0.0948790040144517, -0.023468543801836873]]","tensor(-6, dtype=torch.int32)"
"['Bi', 'Bi', 'Bi', 'Bi']","[[0.19288232840621694, 0.28387500053516246, 0.12516814401742843], [3.408370148836486, 0.08736081163331268, -0.11631315191423905], [4.006912517799115, 3.1103871924160327, 0.010218669110636075], [6.8030702709087585, 2.703838365305362, -0.10176400573203803]]",[-23374.166015625],"[[0.36396520423329504, -0.09998624614996256, -0.037412255856057376], [-0.34566762996506145, 0.3027792915950237, 0.04693145688464598], [-1.5105223974362385, 0.03671260173584016, 0.05754240033952365], [1.4945301269555311, -0.2422616604588979, -0.06846810355915844]]","tensor(-6, dtype=torch.int32)"
"['Bi', 'Bi', 'Bi', 'Bi']","[[0.24255809590325061, 0.36949400806410715, 0.11508810453169624], [3.2522039887085614, -0.14362656985078956, 0.050129845046733665], [3.8895356482941663, 2.9491555732622254, 0.02472472680037146], [6.763387535015832, 2.9369987981623127, 0.135219304373972]]",[-23374.216796875],"[[-0.08586604833523777, -0.03383668242470232, -0.003568303376047785], [0.11376695531609046, 0.39499447699946866, 0.0002884873439944289], [-1.2301989789669818, -0.39755843390763124, -0.033093566352683505], [1.2029303580241704, 0.03417863419148578, 0.034376444693367404]]","tensor(-6, dtype=torch.int32)"
"['Bi', 'Bi', 'Bi', 'Bi']","[[0.5151980615553088, 0.19302005995068688, 0.021838589351566965], [3.3847520091011467, -0.08436716024530207, 0.048812909436588676], [3.8642081471257486, 2.9938728443818223, -0.1560739516823007], [6.995584610726178, 2.8441726813359223, 0.023877339574409445]]",[-23374.240234375],"[[-1.0860875388782598, 0.0869226180508876, -0.0155736535175907], [1.0699554003084606, 0.25770798259332356, -0.013003577380530365], [0.15239502482099596, -0.4301244558806086, 0.04984104738134899], [-0.13793297294146167, 0.08609760201361277, -0.023191137044401913]]","tensor(-6, dtype=torch.int32)"
"['Bi', 'Bi', 'Bi', 'Bi']","[[0.22647975408300294, 0.3602646053191037, -0.11338264339718855], [3.2738147148850496, -0.07786618070326941, 0.17332103179207353], [3.7849531114646613, 2.968659513808479, -0.13097841118079032], [6.773318998332606, 2.804927835898711, 0.09369226990233633]]",[-23374.3203125],"[[0.026471542527891023, -0.050132332961300805, 0.009893893241079674], [-0.04449121638661053, 0.3742151697475054, -0.047357437491276785], [-0.40173951275173364, -0.34997633844046006, 0.01125872811132033], [0.4172145284132598, 0.02727819573626341, 0.027157415527565384]]","tensor(-6, dtype=torch.int32)"
"['Bi', 'Bi', 'Bi', 'Bi']","[[0.2900810627231341, 0.3497980465259179, -0.09058855894993406], [3.453523897738295, 0.027349713875838025, -0.0839481163361931], [3.8467122004541023, 3.1140901821718314, 0.0010832565593344606], [6.983739408390973, 2.703326511222831, 0.08703818014470706]]",[-23374.34375],"[[0.28503368205778656, -0.07290387602284588, -0.004302400527424755], [-0.2828922604761191, 0.5261292437459739, 0.02016280779603652], [0.2664151825160157, -0.5235828217710393, -0.0020170593100701404], [-0.2685463711014592, 0.07018806967825396, -0.015429846496284119]]","tensor(-6, dtype=torch.int32)"
"['Bi', 'Bi', 'Bi', 'Bi']","[[0.39759194455739655, 0.23035246939743664, 0.014569690255156633], [3.387367762438828, 0.00940982869202918, -0.32133071904734245], [3.8237218196865745, 3.0089789915283323, -0.030513929406322464], [7.105430237896083, 2.92723903984675, -0.19162268688644385]]",[-23374.341796875],"[[-0.21899300975365157, 0.059153197358199426, 0.026336739514819723], [0.2733661123229584, 0.02751358550267012, -0.02222471025528803], [0.48534273194708866, -0.13427043446883016, -0.028930716640045435], [-0.5376123110162209, 0.04830402049525078, 0.026798695016718388]]","tensor(-6, dtype=torch.int32)"
"['Bi', 'Bi', 'Bi', 'Bi']","[[0.20931218003430022, 0.19911149376808362, -0.05711015236341742], [3.346136945762782, 0.17606679082624246, -0.006668960479876635], [3.6233056367861947, 3.0915806933317445, -0.028944200730195848], [6.726540838971671, 2.7160265813020272, -0.07626963469248393]]",[-23374.31640625],"[[0.09548131097310293, -0.01610885978894199, 0.009096609137792772], [-0.12658046636173084, -0.44918281999373627, -0.003994998749751525], [0.19503103498766122, 0.4404205470109643, -0.012453330147392553], [-0.16490843654018802, 0.02273482254594934, 0.009954355336356897]]","tensor(-6, dtype=torch.int32)"
"['Bi', 'Bi', 'Bi', 'Bi']","[[0.15075561946785654, 0.416581556183213, 0.07896282326350526], [3.373825485039047, -0.005179968481355605, 0.08367697419242916], [3.645111583664112, 2.8812600357042135, -0.19380823989961962], [7.022400500898538, 2.7841270009466785, 0.2212087850588404]]",[-23374.23828125],"[[0.5609188598029601, -0.018687595406224035, -0.026201725671172956], [-0.5063980729866417, -0.4826827699939502, 0.07201998169071443], [0.6211438992380078, 0.4833714660664522, 0.05501927257207388], [-0.6753253002499126, 0.022020040046389917, -0.10044590822657685]]","tensor(-6, dtype=torch.int32)"
"['Bi', 'Bi', 'Bi', 'Bi']","[[0.40750939979048956, 0.2800111514357946, -0.04235336121317112], [3.413630316350878, 0.02495545494991316, 0.0837718309642902], [3.9302836887595034, 2.915819805646867, 0.08742494984737104], [6.935746756757394, 2.852022686533491, 0.19010418553556868]]",[-23374.27734375],"[[-0.2636490339437691, 0.04243573654659709, -0.007242066262828894], [0.2379413305908027, -0.607753586591139, 0.010295237523635542], [-0.352107218493354, 0.5872706248529388, -0.013415005535244646], [0.37614792048155005, -0.022599489885334785, 0.00935986967783467]]","tensor(-6, dtype=torch.int32)"
"['Bi', 'Bi', 'Bi', 'Bi']","[[0.22647975408300294, 0.3602646053191037, -0.11338264339718855], [3.2738147148850496, -0.07786618070326941, 0.17332103179207353], [3.7849531114646613, 2.968659513808479, -0.13097841118079032], [6.773318998332606, 2.804927835898711, 0.09369226990233633]]",[-23374.3203125],"[[0.026471542527891023, -0.050132332961300805, 0.009893893241079674], [-0.04449121638661053, 0.3742151697475054, -0.047357437491276785], [-0.40173951275173364, -0.34997633844046006, 0.01125872811132033], [0.4172145284132598, 0.02727819573626341, 0.027157415527565384]]","tensor(-6, dtype=torch.int32)"
"['Bi', 'Bi', 'Bi', 'Bi']","[[0.34140358313219676, 0.2066715038098943, -0.10576781339148963], [3.4462834812425402, 0.17076868301887618, 0.009588001045549648], [3.7592849201671332, 3.0981271782828537, -0.1751486666514048], [6.965584426626834, 2.6848611304135206, -0.05758200667297297]]",[-23374.31640625],"[[0.02506743146410322, 0.0074949858202544885, 0.005132544889892643], [-0.032342145612874885, -0.3440926741442154, 0.018306840529135934], [0.47950745583901877, 0.26353359134817683, -0.0033088352152597514], [-0.47376509945043, 0.07218849188481499, -0.020765526131420357]]","tensor(-6, dtype=torch.int32)"
"['Bi', 'Bi', 'Bi', 'Bi']","[[0.11054829895539078, 0.33864159950023753, -0.061690222389801194], [3.3053330600168893, -0.13334429304128317, 0.08200397370415743], [3.835519795359173, 3.0973558105422634, -0.09321823452476147], [6.793967483130344, 2.717410084922095, -0.057567416763508274]]",[-23374.224609375],"[[0.41215392611481, -0.15874632161804944, 0.03161829225636113], [-0.4133837368569856, 0.9650399353040297, -0.07794771471944126], [-0.4381572550722573, -0.8190253636060119, 0.042515080833901694], [0.4412901460016371, 0.012424888588540852, 0.006139802876602993]]","tensor(-6, dtype=torch.int32)"
"['Bi', 'Bi', 'Bi', 'Bi']","[[0.3812392255189922, 0.2652544919071646, 0.10309530725005332], [3.405915087880724, -0.017127260129091607, -0.06903021023644809], [3.680028881364824, 3.0273622810584304, 0.0206306817422507], [6.840917802325649, 2.7930454686648902, -0.027112929010129662]]",[-23374.322265625],"[[-0.2102160300526883, -0.022929501442453874, -0.0019760476209322356], [0.14675016471803878, 0.2669420532663222, 0.008181100503759264], [0.2710089750671218, -0.3310001982517653, -0.007294578502748182], [-0.20730235149970486, 0.08819233233612757, -9.396559340175459e-05]]","tensor(-6, dtype=torch.int32)"
"['Bi', 'Bi', 'Bi', 'Bi']","[[0.4920942087563059, 0.39545351144606566, -0.09590227903853288], [3.445259173696347, 0.13662220790478521, -0.058555201918693844], [4.058644489059282, 2.8284581685886603, 0.21209315012314064], [7.024009929334766, 2.72972204071307, -0.0412464393422898]]",[-23373.9921875],"[[-0.578576177608958, 0.11570865349406964, 0.0075362571909548615], [0.3084227633015082, -2.0642637616967643, -0.2081264933614229], [-0.2795853571888399, 2.0277201380960577, 0.24786435444676122], [0.547893129785378, -0.0803780770336846, -0.04738269088045066]]","tensor(-6, dtype=torch.int32)"
"['Bi', 'Bi', 'Bi', 'Bi']","[[0.33300692272745575, 0.08739528122977133, -0.09211897928808863], [3.3845357541053778, 0.1121885255581989, 0.11451332126725801], [3.759383363904686, 3.0001418134968065, 0.07800955442034371], [6.848683024701377, 2.7847994426137896, 0.03174147290695146]]",[-23374.302734375],"[[-0.1501045305958443, 0.02177969833256426, 0.0009078847947361787], [0.13420780236128838, -0.6941560701857167, 0.009739601255300372], [0.08066454950586474, 0.6844038705179798, -0.021395642157196866], [-0.06645899101912073, -0.00912510726094521, 0.013438716261671186]]","tensor(-6, dtype=torch.int32)"
"['Bi', 'Bi', 'Bi', 'Bi']","[[0.2370618903986908, 0.1468172567717455, 0.09195901524918026], [3.5207817056301676, 0.056323008683171624, -0.09426472429800847], [3.844904415477921, 3.0117795560771747, 0.0015636995835659174], [6.726910011357308, 2.545327406622941, -0.12297019523703101]]",[-23374.22265625],"[[0.3996053931070702, -0.09624148375289811, -0.03226402517134983], [-0.45535727621785355, -0.059712464026199986, 0.03193763887168698], [-0.7424696963276742, 0.30318835433352537, 0.040134237993847806], [0.7955691765327811, -0.15062877881948036, -0.040467792533076606]]","tensor(-6, dtype=torch.int32)"
"['Bi', 'Bi', 'Bi', 'Bi']","[[0.16192556245042128, 0.22952020073170604, -0.17700544765060763], [3.222921494384, -0.003751806986178517, -0.11996700598559326], [3.8154566206058793, 3.2067086939061213, -0.13028178585489347], [7.052699384601574, 2.818897600345176, -0.03899720560985683]]",[-23374.318359375],"[[0.010322126135321592, -0.026498739672126546, 0.0011892556812108759], [0.08859532726782308, 0.7386228096567362, -0.003954614924351786], [0.45631223588054554, -0.8213969504695818, 0.023672026160419538], [-0.5565459251351808, 0.10762643767241455, -0.02197825445477377]]","tensor(-6, dtype=torch.int32)"
"['Bi', 'Bi', 'Bi', 'Bi']","[[0.37257534173963014, 0.23658625176116263, -0.009833357983680364], [3.4411838508219463, 0.13822427765728076, -0.07265301458856559], [3.795230025464596, 2.9471359027636814, 0.00815788009420461], [6.861709566324394, 2.8649780650786556, 0.06308040373313899]]",[-23374.205078125],"[[-0.07466518550356999, 0.030071999109360602, -0.005578520462612578], [0.0157076286349876, -1.3293058045067805, -0.033069588231380766], [-0.0318474136698045, 1.3301547832387304, 0.043068048295683975], [0.09071540868148577, -0.03118002176984322, -0.007425684267435037]]","tensor(-6, dtype=torch.int32)"
"['Bi', 'Bi', 'Bi', 'Bi']","[[0.3276805801236027, 0.14990523874886125, 0.05185485906764148], [3.3634019378572475, 0.022662686742433116, 0.1293253067116841], [3.9278309635660182, 3.0178223668507234, 0.17783111795648796], [6.854226014358825, 2.7337061919598358, -0.01064558855497765]]",[-23374.296875],"[[-0.22150076231571958, -0.023616233191057583, 0.006988509071467733], [0.23517477064182343, 0.04157329036886275, -0.007879931597806183], [-0.6683195544933479, 0.04703653278657613, 0.03369371358348845], [0.6570550311123067, -0.0662270259640131, -0.030790499426141097]]","tensor(-6, dtype=torch.int32)"
"['Bi', 'Bi', 'Bi', 'Bi']","[[0.17730791007098032, 0.18923876473182333, -0.03271724640677341], [3.3934631464546454, 0.054293091704676, -0.05509535922855606], [3.9022941871863432, 2.9291177935373227, -0.05630303616409591], [6.846694228230333, 2.8650580804220795, -0.1295523861188275]]",[-23374.25390625],"[[0.4266071848166844, -0.009876810822257517, -0.003254656385352426], [-0.40920574333837784, -0.68861225449271, 0.0004235730243031341], [-0.6743194841386501, 0.7929157966073647, 0.015542476303467057], [0.6585365015706642, -0.09746800348121269, -0.011779639041212986]]","tensor(-6, dtype=torch.int32)"
"['Bi', 'Bi', 'Bi', 'Bi']","[[0.17560027731772848, 0.17128066559399324, 0.020036676708787875], [3.3647991572792404, -0.2550903285144914, -0.025702822669776682], [3.7968693999641254, 3.03714670028358, 0.005019298437972573], [6.880617286073882, 2.9047159288928657, -0.055688796761076624]]",[-23374.265625],"[[0.45317970490580683, -0.12322034120966861, -0.009927908954658414], [-0.44397581900056443, 0.9758966814988587, 0.0192006490405236], [0.029794175832983858, -0.9302976275712951, -0.013531980509165912], [-0.038206968854765384, 0.08017043462789329, 0.004288402405655436]]","tensor(-6, dtype=torch.int32)"
"['Bi', 'Bi', 'Bi', 'Bi']","[[0.3064683156994608, 0.28746916952698076, 0.016400621766464268], [3.2842854762295635, 0.023481943051927398, -0.06516280263096422], [3.839455494532373, 3.009066194703972, -0.04121744703537679], [6.795346581796539, 2.740825932763169, -0.1314822727817687]]",[-23374.26953125],"[[-0.45779540326792517, 0.008171705687627992, 0.010293005804861062], [0.43314442389688335, -0.005247768427374767, -0.010350495703245085], [-0.5439449415940316, 0.02165068030479547, 0.01438836916451238], [0.5688265490457999, -0.02461515874204866, -0.014417787743104062]]","tensor(-6, dtype=torch.int32)"
"['Bi', 'Bi', 'Bi', 'Bi']","[[0.38490045898412506, 0.1864627671233266, 0.02526519280343957], [3.32829000207071, -0.04451936834751184, -0.002845978669566376], [3.7962208879344894, 3.048730195415366, -0.14364805602796382], [6.919179046019072, 2.940311102935396, -0.0675176520658455]]",[-23374.3203125],"[[-0.601829761641372, 0.03429477098531433, 0.0008529721715820373], [0.6186684397494508, 0.33070066456832437, -0.02123205305726029], [0.10582285923241347, -0.4274569348800082, 0.03187768071290722], [-0.12428791525291609, 0.06251064856149961, -0.013290337816423334]]","tensor(-6, dtype=torch.int32)"
"['Bi', 'Bi', 'Bi', 'Bi']","[[0.354331052938713, 0.12111589395773434, -0.026856879330413752], [3.374524643582705, -0.03387102797476679, 0.17832075421229782], [3.7578047958272904, 3.1374975426494642, 0.04916144127761941], [6.851728343962734, 2.6394880677585624, 0.04897347930876749]]",[-23374.28125],"[[-0.2863828948966059, -0.07944409758435633, -0.0007191667470873455], [0.22453615695946774, 0.7318746885789765, -0.02958096955688383], [0.2159767955500619, -0.7667254969249404, 0.02581910417216058], [-0.1550035646825565, 0.11385658402171066, 0.006041072460773545]]","tensor(-6, dtype=torch.int32)"
"['Bi', 'Bi', 'Bi', 'Bi']","[[0.2415031295473271, 0.1367074984132496, -0.13480236550097638], [3.4293658159989024, 0.03525606720893215, -0.08497972256045905], [3.7911884761229264, 2.988673222425354, -0.015256209140266758], [6.911742052483981, 2.608581270688055, 0.14562254508414083]]",[-23374.357421875],"[[0.2934791949564391, -0.02493886080853115, 0.0015999541564456665], [-0.282100411687912, -0.16540332274953315, -0.0017398484708040904], [0.2479419503829522, 0.17166972167339162, 0.02117998818953773], [-0.25677312896843846, 0.015278732395764326, -0.022163368842244825]]","tensor(-6, dtype=torch.int32)"
"['Bi', 'Bi', 'Bi', 'Bi']","[[0.22484570184092895, 0.26034182917994764, 0.0007737981892097774], [3.436572998801748, -0.0633751117011211, 0.12357455539198005], [3.871944699492833, 3.0078775732122343, -0.02097594221413214], [6.871339206635368, 2.7702251189958513, 0.035294713866506976]]",[-23374.32421875],"[[0.4234475029775926, -0.09402097499438392, 0.025450099242998014], [-0.41195564252968586, 0.45172415118160464, -0.04453588161535504], [-0.3298137363327898, -0.34366479092019625, 0.014334463385911335], [0.31919641139634736, -0.012610856582732102, 0.006287903642556323]]","tensor(-6, dtype=torch.int32)"
"['Bi', 'Bi', 'Bi', 'Bi']","[[0.27200659246583014, 0.25903180395465397, -0.027121493530982563], [3.22475745783048, 0.1311673895495486, 0.05012438979594746], [3.914306648999664, 2.8379683306072523, -0.05891507345059374], [6.918265901918348, 2.644040987831393, -0.10622175274101711]]",[-23374.046875],"[[-0.6313136462893568, 0.12217410733442592, -0.017257948131758676], [0.41151264121074277, -1.9195743372987069, 0.09973782602555004], [-0.10026665081533652, 1.897299829889935, -0.08140261078628144], [0.3210520289930252, -0.09940440518375934, 0.0005340055655129513]]","tensor(-6, dtype=torch.int32)"
"['Bi', 'Bi', 'Bi', 'Bi']","[[0.29425918998050954, 0.1487172306430677, -0.12947004883677699], [3.3814695744538668, 0.01271237561403286, 0.056124436982531584], [3.889079417416024, 3.0886082097903276, 0.01936543445479905], [6.89296954379128, 2.812044771184533, -0.07662575088676096]]",[-23374.357421875],"[[0.02617482163285943, -0.04408860197839269, 0.014447370872388792], [0.008816800968681126, 0.3684290017368924, -0.019398804070418794], [-0.2846798466456395, -0.3153059702138429, 0.0023909992173614296], [0.24997908796289983, -0.010173439157524274, 0.005158062588617229]]","tensor(-6, dtype=torch.int32)"
"['Bi', 'Bi', 'Bi', 'Bi']","[[0.5648498947976344, 0.18603590051961924, -0.0474723785370334], [3.3939522893722116, 0.049158617096575895, -0.035429365446417435], [3.776039799867825, 2.9996325692748798, -0.14975296324978177], [6.994998464334387, 2.821981664498028, 0.0556348331955222]]",[-23374.126953125],"[[-1.538786550071997, 0.10548707297441019, -0.01688750338403193], [1.4978118848400286, -0.36823796866668074, 0.01964617518416314], [0.41937137662240054, 0.17692248832806776, 0.032422677750494934], [-0.37809393811522174, 0.08673569874800216, -0.03682602858544255]]","tensor(-6, dtype=torch.int32)"
"['Bi', 'Bi', 'Bi', 'Bi']","[[0.30419773560625424, 0.4055125749863838, -0.17454686833152064], [3.319901250189742, -0.009487821375803809, 0.08889480335350865], [3.8244650358345718, 3.0479074185058326, 0.018390356581289968], [6.895553217800687, 2.8202972290697166, -0.018637928758545193]]",[-23374.349609375],"[[-0.10493850210145782, -0.01790373246883895, 0.007360774161236333], [0.10141413478889597, 0.3404479791373614, -0.011972595297649663], [-0.06262151459094142, -0.370315832543158, -0.005495499495760159], [0.06526697551425488, 0.04929040419810603, 0.012464761278350308]]","tensor(-6, dtype=torch.int32)"
"['Bi', 'Bi', 'Bi', 'Bi']","[[0.06352275028939805, 0.07339065385984714, -0.00491179912730936], [3.4698507427856726, 0.017406430261967747, -0.16153593526686602], [3.9110711717788167, 3.098301153005828, 0.11681065996604661], [6.701279587157592, 2.8026260795125233, 0.16358839480610085]]",[-23374.078125],"[[0.6713812258258923, -0.09778640907226267, -0.049820740797384896], [-0.6308251364193674, 0.4631536366324274, 0.08773189892813961], [-1.6930744220839735, -0.1283743774485153, -0.05213187070788671], [1.6545397350973732, -0.23688640638208336, 0.012459331105479688]]","tensor(-6, dtype=torch.int32)"
"['Bi', 'Bi', 'Bi', 'Bi']","[[0.3880998780228854, 0.28404330641396947, 0.106493032069107], [3.5009268342452837, 0.25340527159480175, -0.05513528715103726], [3.915524647224849, 3.0001268045223655, -0.11675523892316442], [6.969504589225952, 2.7538199939220775, 0.07137197230330432]]",[-23374.125],"[[0.0573158346040317, 0.03942858291554345, -0.020146666401490237], [-0.19104757124149244, -1.8671613420161643, 0.06035158920242093], [0.09381256125721894, 1.8877558896930884, -0.03374118645843312], [0.0403256927252104, -0.058893155841090304, -0.010089837121037025]]","tensor(-6, dtype=torch.int32)"
"['Bi', 'Bi', 'Bi', 'Bi']","[[0.38748974963141286, 0.1269775389908168, -0.030063074287372305], [3.3193158936155243, -0.08884136757572188, 0.16480941465179072], [3.8236060201693807, 3.0409213885237922, -0.1480829365164038], [6.863380752125297, 2.786441106476318, -0.11945502387651892]]",[-23374.265625],"[[-0.6832304183881736, -0.008399762663775703, -0.031087266601055114], [0.6665485776594071, 0.5317162539959059, -0.02389748117873341], [-0.14217282723623756, -0.585648257863658, 0.055191845111409114], [0.15986984289693362, 0.06248951408186112, -8.677791628518756e-05]]","tensor(-6, dtype=torch.int32)"
"['Bi', 'Bi', 'Bi', 'Bi']","[[0.31181853974003354, 0.33861427935618094, -0.17531175273504454], [3.4980651510003886, -0.08816541820140622, 0.08699825893514977], [3.7978979619522244, 3.1815417293599646, -0.13059389622514073], [6.750339226897601, 2.671377602733693, -0.07149869047568749]]",[-23374.123046875],"[[0.27777812778033684, -0.19622125071932187, 0.04781551576747048], [-0.4381085583515331, 1.1404730855937284, -0.11930696577432041], [-0.29676095284093673, -0.9955702595156235, 0.059243288862643795], [0.4578970647429746, 0.053550606214519264, 0.014617187187615443]]","tensor(-6, dtype=torch.int32)"
"['Bi', 'Bi', 'Bi', 'Bi']","[[0.3566946431641054, 0.4336645610094118, -0.0018763182433335639], [3.2784198479693307, 0.055085237956589025, 0.02470009454302285], [3.952990678950593, 2.954485951209101, 0.12914513422736945], [6.7889099570956555, 2.6147370141712014, -0.10253701731448513]]",[-23374.095703125],"[[-0.7440421838881246, 0.05190921305135468, 0.004063293458017883], [0.6368281513901642, -0.3594657197981426, -0.017121463616292777], [-1.1927251297296326, 0.44010872344763624, 0.10497526889693597], [1.2995689231682324, -0.13158311596297237, -0.09185055135306654]]","tensor(-6, dtype=torch.int32)"
"['Bi', 'Bi', 'Bi', 'Bi']","[[0.44938254645131825, 0.4361172051701184, 0.12455595611301512], [3.240152034593381, -0.06670203448286552, 0.0716431031284721], [3.765718648847991, 3.179698338347956, 0.0739921859216583], [6.896170937625351, 2.958852551194293, 0.05871029944707578]]",[-23374.080078125],"[[-1.4525115932645323, 0.16070452628742507, 0.026613503496109962], [1.3777392441221143, 0.6169740818319611, -0.02536096418945699], [0.15407596157258388, -0.9336549759304121, 0.00010565393766158027], [-0.08050010165699882, 0.15780498880962554, -0.0016019179661230243]]","tensor(-6, dtype=torch.int32)"
"['Bi', 'Bi', 'Bi', 'Bi']","[[0.33743569524607075, 0.340192130018651, -0.010669168414515658], [3.385057885267295, -0.21412721835932272, 0.05498837246098045], [3.9158882975718705, 3.1158243454920154, -0.19993215595244884], [6.893974349282118, 2.724930685992416, 0.1952300892108598]]",[-23374.154296875],"[[0.010192593886637019, -0.14863036207449085, -0.007784775017341395], [-0.08948919748572065, 1.0990639036879273, -0.08606705729121554], [-0.18257115366580165, -1.0597738261760488, 0.08696709816010244], [0.2624861233427363, 0.10936044202251081, 0.00614396292381164]]","tensor(-6, dtype=torch.int32)"
"['Bi', 'Bi', 'Bi', 'Bi']","[[0.1924084395370899, 0.24577481088219988, -0.04929504579502837], [3.4170120477984294, 0.2325331983972322, -0.015776860170095594], [3.822699572777247, 2.7539943783177385, 0.26341873429634705], [6.8096365286937495, 2.896892879780532, 0.024856794364752115]]",[-23373.337890625],"[[0.42063070364514177, 0.08177038158524615, 0.010822082562896278], [-0.8708346635334308, -5.1032636082854745, -0.5804366288822441], [0.03519966609964617, 5.171499181146518, 0.6309038122194816], [0.4192347481250782, -0.15119678724304916, -0.05993028800612371]]","tensor(-6, dtype=torch.int32)"
"['Bi', 'Bi', 'Bi', 'Bi']","[[0.22893807411303213, 0.16165909779767326, 0.09723177828724697], [3.6367435905760757, 0.03994439344359872, 0.09391141600905391], [3.9013845367651006, 2.891808318271866, -0.00018270868612555162], [6.938072287275816, 2.8587269017376973, 0.021961252293218134]]",[-23374.185546875],"[[0.73098508639468, -0.03445973819730519, -0.002373534218177933], [-0.677491198747171, -0.9209429206714548, 0.03293594221536996], [-0.21642735591646692, 1.0547046363883055, -0.03339631905905718], [0.16266072549522917, -0.10229556086063168, 0.0021265199737491363]]","tensor(-6, dtype=torch.int32)"
"['Bi', 'Bi', 'Bi', 'Bi']","[[0.30011813976113344, 0.268806566534002, -0.007586335274812248], [3.199287060682742, 0.11450135106289916, 0.09429630696718197], [3.670606902527632, 3.120597962297446, -0.1665860928582415], [7.052584590160253, 2.6827755430665166, -0.008001046365175556]]",[-23374.1796875],"[[-0.9285235654118598, 0.09500812488640366, -0.03499087183900352], [0.9606885979147131, 0.035756402800741105, 0.023256849335229233], [0.6956231424584325, -0.2796868643976146, 0.05364763970132664], [-0.7274554740287771, 0.14655218966546413, -0.04480361073515505]]","tensor(-6, dtype=torch.int32)"
"['Bi', 'Bi', 'Bi', 'Bi']","[[0.3064683156994608, 0.28746916952698076, 0.016400621766464268], [3.2842854762295635, 0.023481943051927398, -0.06516280263096422], [3.839455494532373, 3.009066194703972, -0.04121744703537679], [6.795346581796539, 2.740825932763169, -0.1314822727817687]]",[-23374.26953125],"[[-0.45779540326792517, 0.008171705687627992, 0.010293005804861062], [0.43314442389688335, -0.005247768427374767, -0.010350495703245085], [-0.5439449415940316, 0.02165068030479547, 0.01438836916451238], [0.5688265490457999, -0.02461515874204866, -0.014417787743104062]]","tensor(-6, dtype=torch.int32)"
"['Bi', 'Bi', 'Bi', 'Bi']","[[0.38690507954065856, 0.39174814551428927, -0.00011901757558230319], [3.3431192108501224, 0.17810294400190624, -0.07351228657157366], [3.637450503806532, 3.048664142148283, 0.0030714352629542968], [6.9187152117968616, 2.733439985789908, 0.07773120005444978]]",[-23374.189453125],"[[-0.6036994688911422, 0.08456234404746485, 0.005440472715562715], [0.5453297385202227, -0.8226161682608923, -0.02829928935093369], [0.5581549223806512, 0.6389580544233182, 0.04068149246125578], [-0.4973137434443178, 0.09893019065522851, -0.02085143701981945]]","tensor(-6, dtype=torch.int32)"
"['Bi', 'Bi', 'Bi', 'Bi']","[[0.42640567102911536, 0.16945515062842048, 0.03517358354081272], [3.515780686616033, -0.03921653727762793, 0.07712316087390807], [3.879436818128071, 3.0391520638482965, 0.18761726886131466], [6.886519071084106, 2.798265597193, -0.03930776378146479]]",[-23374.330078125],"[[0.0006276138268003315, -0.06758220376545544, 0.012344880956254894], [-0.04304525288248752, 0.41291420173878834, 0.008555304206380348], [-0.22994714938992888, -0.3721621941633519, -0.014485598055267754], [0.2712318898341118, 0.026216555802384, -0.004310847634408246]]","tensor(-6, dtype=torch.int32)"
"['Bi', 'Bi', 'Bi', 'Bi']","[[0.34140358313219676, 0.2066715038098943, -0.10576781339148963], [3.4462834812425402, 0.17076868301887618, 0.009588001045549648], [3.7592849201671332, 3.0981271782828537, -0.1751486666514048], [6.965584426626834, 2.6848611304135206, -0.05758200667297297]]",[-23374.31640625],"[[0.02506743146410322, 0.0074949858202544885, 0.005132544889892643], [-0.032342145612874885, -0.3440926741442154, 0.018306840529135934], [0.47950745583901877, 0.26353359134817683, -0.0033088352152597514], [-0.47376509945043, 0.07218849188481499, -0.020765526131420357]]","tensor(-6, dtype=torch.int32)"
"['Bi', 'Bi', 'Bi', 'Bi']","[[0.33300692272745575, 0.08739528122977133, -0.09211897928808863], [3.3845357541053778, 0.1121885255581989, 0.11451332126725801], [3.759383363904686, 3.0001418134968065, 0.07800955442034371], [6.848683024701377, 2.7847994426137896, 0.03174147290695146]]",[-23374.302734375],"[[-0.1501045305958443, 0.02177969833256426, 0.0009078847947361787], [0.13420780236128838, -0.6941560701857167, 0.009739601255300372], [0.08066454950586474, 0.6844038705179798, -0.021395642157196866], [-0.06645899101912073, -0.00912510726094521, 0.013438716261671186]]","tensor(-6, dtype=torch.int32)"
"['Bi', 'Bi', 'Bi', 'Bi']","[[0.49529055691159074, 0.3322819745912572, 0.011204204192853964], [3.1890215275528364, 0.1597238372248124, 0.06635628341407326], [3.7706674318669746, 3.0242338389086703, 0.14952550150351124], [6.788130058787521, 2.6510401585504235, -0.20094293806319774]]",[-23373.736328125],"[[-3.090908905373791, 0.2106339373909414, -0.042381121143132264], [2.9235253692996865, -0.8734232516234591, 0.029576830078511814], [-0.009542978603734193, 0.6120349899359098, 0.014555696650506664], [0.1763531943522095, 0.05110186050253683, -0.001823278757505469]]","tensor(-6, dtype=torch.int32)"
"['Bi', 'Bi', 'Bi', 'Bi']","[[0.46698655979864045, 0.2669174753622111, -0.07526950972667884], [3.5144657409819033, 0.17597276371133752, -0.17492244585116784], [3.768843524898859, 3.051104186638583, -0.08546576398753908], [6.824509169895632, 2.784063771997859, -0.16867647317739523]]",[-23374.244140625],"[[-0.24137504075591285, -0.021236701614338927, 0.0023517518201855605], [0.15324960856092804, -0.7376298490683681, -0.025539846219428813], [-0.03006262486206596, 0.739799861332953, 0.02129196493615763], [0.11862839985385927, 0.01762320953265437, 0.001389995185428776]]","tensor(-6, dtype=torch.int32)"
"['Bi', 'Bi', 'Bi', 'Bi']","[[0.43299676385275687, 0.2828980175025007, -0.06387589976519517], [3.544020794507344, -0.25294632869575046, -0.08051065430126164], [3.8621940922898124, 3.032833757680721, -0.0852396604345851], [6.939941317177258, 2.825444116968843, -0.136237428948597]]",[-23374.21484375],"[[0.21605655121409914, -0.148214254509443, -0.001117677672397273], [-0.3159736860729811, 1.0501445253071828, 0.00420317028886517], [0.04136288659675371, -1.025238235251457, -0.005302147289218331], [0.06093548705228728, 0.12418424831629517, 0.002639353007275829]]","tensor(-6, dtype=torch.int32)"
"['Bi', 'Bi', 'Bi', 'Bi']","[[0.2569975220926772, 0.28462495703522717, -0.021139768349435085], [3.5010096255339462, 0.13347330611434172, -0.09630215047985413], [3.750668793479821, 3.1320147646929093, 0.0907102161666482], [6.851078688341391, 2.845515061074841, -0.018280616416996496]]",[-23374.337890625],"[[0.425222182202127, -0.06382736263844173, -0.014162456489583464], [-0.4261584242234846, 0.12417005581901969, 0.019669649368968423], [0.12570788488974652, -0.07268810892658528, -0.015434469342316966], [-0.12351344713166229, 0.00935555536435129, 0.010344756997824998]]","tensor(-6, dtype=torch.int32)"
"['Bi', 'Bi', 'Bi', 'Bi']","[[0.33950145083107935, 0.18577168627435478, 0.018233398465534074], [3.4397054226843835, -0.0046892356233241735, -0.12725624927043477], [3.687866913762705, 3.1006883566564616, -0.18076249833872426], [6.918078292054465, 2.8542834653732183, 0.08278397058920937]]",[-23374.326171875],"[[0.08314818510698273, -0.03961834071788398, -0.030078509146154356], [-0.1040635552132609, 0.4963968875514849, 0.013315051273635645], [0.4791687899438872, -0.5499854946916801, 0.07314540558698698], [-0.45895851955732425, 0.0932509291730058, -0.05969842579519924]]","tensor(-6, dtype=torch.int32)"
"['Bi', 'Bi', 'Bi', 'Bi']","[[0.3307652173790942, 0.21190491853522217, -0.11138193157181156], [3.237082420750048, 0.13934106154928233, -0.19906157706602207], [4.034550354812801, 3.2548499769959514, -0.1192431483233698], [7.038095179296056, 2.893699227137206, -0.1265975504567165]]",[-23374.2734375],"[[-0.8943936947898172, 0.012588986767184047, 0.020900133740543662], [1.020170588126461, 0.41204234017608604, -0.014835155149395582], [-0.3090271785659141, -0.40922559226572686, -0.00498385482676983], [0.18358468309080084, -0.01614276237391926, -0.0017523754065333673]]","tensor(-6, dtype=torch.int32)"
"['Bi', 'Bi', 'Bi', 'Bi']","[[0.35796097949646566, 0.5030907162654915, 0.1930072715010779], [3.3286408767057836, 0.033617031240869955, -0.09851267652375799], [3.896292416183661, 3.0237487579659446, -0.09827417850305435], [6.909689542609564, 2.8632371373950725, -0.0304271735187848]]",[-23374.31640625],"[[-0.24961784776956547, 0.015645752432191986, 0.005998988621026242], [0.22836201199495046, 0.03628487792030486, -0.010246252839198493], [-0.32920381890458505, -0.07323832530646814, 0.012600011663618337], [0.34803376608692405, 0.023322649043612236, -0.010723203023001254]]","tensor(-6, dtype=torch.int32)"
"['Bi', 'Bi', 'Bi', 'Bi']","[[0.4401010054558294, 0.2977070833008907, 0.05020335062187924], [3.4747271899283003, -0.01260183193784271, -0.09746740415591419], [3.816140902073711, 2.9805809970348296, 0.058446167967415044], [6.840309519666839, 2.7318435524626157, 0.059217145935990236]]",[-23374.294921875],"[[-0.19235266392573797, -0.041592697066224225, -0.005306281625381189], [0.09833775673816024, 0.07233334791678976, 0.0069164461523305515], [-0.20004484318277516, -0.06618295723153089, 0.00120314478814605], [0.29449277580352984, 0.036603242373681566, -0.005098150195498975]]","tensor(-6, dtype=torch.int32)"
"['Bi', 'Bi', 'Bi', 'Bi']","[[0.18343084763612286, 0.3062119788802662, 0.16221543154613696], [3.3806958800488394, -0.05979068674966842, 0.15969388554411332], [3.935063189458778, 3.1233013952447326, -0.053240339701823784], [6.969051782300267, 2.9003078703413867, -0.2787748984776495]]",[-23374.330078125],"[[0.4494148878930271, -0.09527716526953892, 0.008501470418707508], [-0.37828759371210385, 0.7599686340916124, -0.051966394417189234], [-0.16063623774980967, -0.6891629850935087, 0.04312463830746538], [0.09073253223798118, 0.0269793202555947, 0.0002519724653429147]]","tensor(-6, dtype=torch.int32)"
"['Bi', 'Bi', 'Bi', 'Bi']","[[0.30588019824977053, 0.3265464560856035, -0.008204890994811285], [3.370415072048332, 0.1852269181482876, -0.049931163821622035], [3.7008921369806904, 2.966358284861039, 0.06435676115361975], [6.858671083563438, 2.6742519354967365, 0.22684441046138548]]",[-23374.16796875],"[[-0.12224018472210345, 0.037900647455236205, -0.009179990059286236], [0.024569979292388373, -1.538450763813994, -0.05411069563598507], [0.36807336655154005, 1.4778344022620387, 0.08782625846618494], [-0.26783684908186817, 0.0204677767945572, -0.027197643029806724]]","tensor(-6, dtype=torch.int32)"
"['Bi', 'Bi', 'Bi', 'Bi']","[[0.2415031295473271, 0.1367074984132496, -0.13480236550097638], [3.4293658159989024, 0.03525606720893215, -0.08497972256045905], [3.7911884761229264, 2.988673222425354, -0.015256209140266758], [6.911742052483981, 2.608581270688055, 0.14562254508414083]]",[-23374.357421875],"[[0.2934791949564391, -0.02493886080853115, 0.0015999541564456665], [-0.282100411687912, -0.16540332274953315, -0.0017398484708040904], [0.2479419503829522, 0.17166972167339162, 0.02117998818953773], [-0.25677312896843846, 0.015278732395764326, -0.022163368842244825]]","tensor(-6, dtype=torch.int32)"
"['Bi', 'Bi', 'Bi', 'Bi']","[[0.3206501379508263, 0.4170411272026636, -0.05948847391435964], [3.3945549074924464, 0.11726842724566999, 0.06310972986005142], [3.559441436081024, 2.872447237518198, -0.03501801999948838], [6.8805589434712715, 3.0060009234899843, -0.04293358058342013]]",[-23374.08203125],"[[0.08558816335235114, 0.07172065369563983, 0.012025272088262], [-0.06043237330828972, -1.9603618261173323, 0.060940732105628226], [0.45949423490738217, 1.9164602154327532, -0.07846101003757124], [-0.48634140038762186, -0.030207933408446613, 0.008443682272192334]]","tensor(-6, dtype=torch.int32)"
"['Bi', 'Bi', 'Bi', 'Bi']","[[0.26740831939027077, 0.14618327824532873, 0.051256545707632814], [3.4066424964755515, 0.10329223213208619, -0.009183305278705412], [3.870514582433863, 3.085923545264208, 0.0010164210980117476], [6.814079090148666, 2.6513755368421843, 0.08279665983287449]]",[-23374.328125],"[[0.11007078679556706, -0.049462297965832416, -0.011732135313013379], [-0.12220933146715673, 0.01610023630418439, 0.011476778348446993], [-0.43460990208476025, 0.10778234945407855, -0.00818196439489777], [0.4485466258767352, -0.07517971495189782, 0.00603233584741447]]","tensor(-6, dtype=torch.int32)"
"['Bi', 'Bi', 'Bi', 'Bi']","[[0.2024152974449115, 0.16851779660195323, 0.02591827891533454], [3.5129713950677894, -0.03352533279061608, -0.09644129241776744], [3.715388406682013, 3.1628002123921344, 0.07803923976648836], [7.100649246369503, 2.7105035332603244, 0.061689280884474576]]",[-23374.16796875],"[[0.6192176276875021, -0.06878686910484945, -0.034972149055460026], [-0.587984877704955, 0.8657011961312153, 0.08054782135798305], [0.7487797011851908, -0.9276329347857315, -0.04671555094873811], [-0.784921718250674, 0.12748554659559239, -0.001200754689329512]]","tensor(-6, dtype=torch.int32)"
"['Bi', 'Bi', 'Bi', 'Bi']","[[0.18928672958890125, 0.06829544639152793, -0.055857949647433645], [3.3616959998473246, 0.1707752927967765, -0.2539735784252374], [3.871279329165786, 3.091226925206835, -0.12782266414171936], [6.976123534484395, 2.8282922043634264, -0.054734564955818014]]",[-23374.37890625],"[[0.2967275799035027, 0.04282898699193861, -0.0269898926376231], [-0.23144816024308598, -0.4258067999612754, 0.0062690265927380995], [0.14523784100473458, 0.43049839733056255, 0.034964122066964726], [-0.2110126096733206, -0.04516468123558715, -0.017659626657909794]]","tensor(-6, dtype=torch.int32)"
"['Bi', 'Bi', 'Bi', 'Bi']","[[0.3335584534189492, 0.17184477381881097, 0.05266960499124933], [3.3064201667120643, -0.030639990583781817, -0.04520941404019524], [3.714137210296385, 3.1034918594050755, 0.10694504557806642], [7.13485056753298, 2.526262899399095, -0.12750700556885]]",[-23374.1640625],"[[-0.4484854335877576, 0.03215827564002, 0.017218260561478897], [0.4767774055750598, 0.5460321642911761, 0.017731252489268563], [0.7512783006149578, -0.7809565607691069, -0.09596976942100081], [-0.7807611568211111, 0.20170454261054147, 0.06167807347676284]]","tensor(-6, dtype=torch.int32)"
"['Bi', 'Bi', 'Bi', 'Bi']","[[0.3352420511352789, 0.3829829658900643, 0.10232526113502917], [3.349897019724068, -0.06850666471848228, -0.10821560989109826], [3.9780182950594702, 3.2386747349043477, 0.1333420099836474], [6.8975106378881454, 2.6863247848491207, -0.12642629057862328]]",[-23374.138671875],"[[-0.17021859024906505, -0.1223230771337269, -0.00026806089513487283], [0.11251338756760594, 1.0440679767454297, 0.08198249771300473], [-0.41795418377851534, -0.9663023476522655, -0.051990408533956076], [0.47443281530956827, 0.044540854131610616, -0.029880703786481885]]","tensor(-6, dtype=torch.int32)"
"['Bi', 'Bi', 'Bi', 'Bi']","[[0.388470218980335, 0.23676899833960519, -0.11167788144642529], [3.487105721895068, -0.0019476049900020477, 0.18176146964332437], [3.71842526329861, 2.7948253596512806, -0.06375378565793556], [6.968478733448163, 2.8268357581872356, 0.20065852656769356]]",[-23374.1953125],"[[0.16578317774001863, 0.039592670809768325, 0.00943874088189676], [-0.1617276716435493, -1.3695564466893329, 0.11732356428007164], [0.4216679386543584, 1.342935744100402, -0.09453745848219172], [-0.4260382507954672, -0.01713787754792442, -0.03296036256666028]]","tensor(-6, dtype=torch.int32)"
"['Bi', 'Bi', 'Bi', 'Bi']","[[0.3055166955966905, 0.2033925943984069, 0.0584287200302234], [3.374136837663322, 0.04556749621792643, -0.020338469158440942], [3.849513991178373, 2.8377340534056463, -0.0655908512591887], [7.0061550118941, 2.8228267873897606, -0.0822490702658609]]",[-23374.23046875],"[[-0.002294634731965477, 0.07671373878784789, -0.006776115264414632], [-0.042146446143798484, -1.4284470828479359, 0.0250150323527854], [0.2773482905168377, 1.399821947129301, -0.02054560413016026], [-0.23480283465344096, -0.0499791619771179, 0.001201204632630818]]","tensor(-6, dtype=torch.int32)"
"['Bi', 'Bi', 'Bi', 'Bi']","[[0.3438183950448559, 0.29313789300978227, 0.06268905363060281], [3.4114849802827325, -0.17080157853418776, 0.2787435434709708], [3.8625485167705023, 3.2135467741716215, 0.0132025525263822], [6.791856466730186, 2.5557948072159125, 0.013640988116624734]]",[-23374.02734375],"[[-0.0372289463840007, -0.19486833548990895, 0.027357730285306855], [-0.14335198721820896, 1.2436525407864918, -0.11422111522890595], [-0.264814001428465, -1.1398318521117528, 0.0912132773721424], [0.44542659047024996, 0.09565110671949295, -0.0014567570011451987]]","tensor(-6, dtype=torch.int32)"
"['Bi', 'Bi', 'Bi', 'Bi']","[[0.30011813976113344, 0.268806566534002, -0.007586335274812248], [3.199287060682742, 0.11450135106289916, 0.09429630696718197], [3.670606902527632, 3.120597962297446, -0.1665860928582415], [7.052584590160253, 2.6827755430665166, -0.008001046365175556]]",[-23374.1796875],"[[-0.9285235654118598, 0.09500812488640366, -0.03499087183900352], [0.9606885979147131, 0.035756402800741105, 0.023256849335229233], [0.6956231424584325, -0.2796868643976146, 0.05364763970132664], [-0.7274554740287771, 0.14655218966546413, -0.04480361073515505]]","tensor(-6, dtype=torch.int32)"
"['Bi', 'Bi', 'Bi', 'Bi']","[[0.15075561946785654, 0.416581556183213, 0.07896282326350526], [3.373825485039047, -0.005179968481355605, 0.08367697419242916], [3.645111583664112, 2.8812600357042135, -0.19380823989961962], [7.022400500898538, 2.7841270009466785, 0.2212087850588404]]",[-23374.23828125],"[[0.5609188598029601, -0.018687595406224035, -0.026201725671172956], [-0.5063980729866417, -0.4826827699939502, 0.07201998169071443], [0.6211438992380078, 0.4833714660664522, 0.05501927257207388], [-0.6753253002499126, 0.022020040046389917, -0.10044590822657685]]","tensor(-6, dtype=torch.int32)"
"['Bi', 'Bi', 'Bi', 'Bi']","[[0.388470218980335, 0.23676899833960519, -0.11167788144642529], [3.487105721895068, -0.0019476049900020477, 0.18176146964332437], [3.71842526329861, 2.7948253596512806, -0.06375378565793556], [6.968478733448163, 2.8268357581872356, 0.20065852656769356]]",[-23374.1953125],"[[0.16578317774001863, 0.039592670809768325, 0.00943874088189676], [-0.1617276716435493, -1.3695564466893329, 0.11732356428007164], [0.4216679386543584, 1.342935744100402, -0.09453745848219172], [-0.4260382507954672, -0.01713787754792442, -0.03296036256666028]]","tensor(-6, dtype=torch.int32)"
"['Bi', 'Bi', 'Bi', 'Bi']","[[0.31181853974003354, 0.33861427935618094, -0.17531175273504454], [3.4980651510003886, -0.08816541820140622, 0.08699825893514977], [3.7978979619522244, 3.1815417293599646, -0.13059389622514073], [6.750339226897601, 2.671377602733693, -0.07149869047568749]]",[-23374.123046875],"[[0.27777812778033684, -0.19622125071932187, 0.04781551576747048], [-0.4381085583515331, 1.1404730855937284, -0.11930696577432041], [-0.29676095284093673, -0.9955702595156235, 0.059243288862643795], [0.4578970647429746, 0.053550606214519264, 0.014617187187615443]]","tensor(-6, dtype=torch.int32)"
"['Bi', 'Bi', 'Bi', 'Bi']","[[0.2024152974449115, 0.16851779660195323, 0.02591827891533454], [3.5129713950677894, -0.03352533279061608, -0.09644129241776744], [3.715388406682013, 3.1628002123921344, 0.07803923976648836], [7.100649246369503, 2.7105035332603244, 0.061689280884474576]]",[-23374.16796875],"[[0.6192176276875021, -0.06878686910484945, -0.034972149055460026], [-0.587984877704955, 0.8657011961312153, 0.08054782135798305], [0.7487797011851908, -0.9276329347857315, -0.04671555094873811], [-0.784921718250674, 0.12748554659559239, -0.001200754689329512]]","tensor(-6, dtype=torch.int32)"
"['Bi', 'Bi', 'Bi', 'Bi']","[[0.3124456961141177, 0.14469827100503027, 0.06195612319808592], [3.4411176913444432, 0.06672133416951731, 0.02948784752779953], [3.7125636696095308, 3.093977767274067, 0.07738047668896422], [6.959706872417773, 2.8671402013496357, 0.04482820490896335]]",[-23374.349609375],"[[0.16350168238089313, -0.005069299316798313, -0.003211929769460401], [-0.1334682498402159, 0.13603014986471534, 0.005949669692993938], [0.4807257480326809, -0.1868776509912624, -0.0094660203014788], [-0.5105648050671939, 0.055652329941488644, 0.006666539929471418]]","tensor(-6, dtype=torch.int32)"
"['Bi', 'Bi', 'Bi', 'Bi']","[[0.15968134916168697, 0.40224437613722186, 0.0539828328674275], [3.3408716905947866, -0.0062236491714430416, -0.15661259233864605], [3.874490893904346, 3.040329392733224, -0.024704926503211305], [6.80382418921726, 2.684269464401439, 0.05261223025070162]]",[-23374.287109375],"[[0.3563842509603407, -0.11080005489832397, -0.04326023836295614], [-0.35914644003153584, 0.4307903719665416, 0.05549904068649511], [-0.6343002413681977, -0.2574686641791203, -0.01791509160886849], [0.6385831873757158, -0.06188890405223197, 0.0023626738724366937]]","tensor(-6, dtype=torch.int32)"
"['Bi', 'Bi', 'Bi', 'Bi']","[[0.2915895404750393, 0.4094803443204083, 0.05814001718018753], [3.348412332263409, 0.1993625473041757, -0.045144659010077144], [3.9794611111055156, 3.13429123274257, -0.015940461438424428], [6.833941212200575, 2.9499213980021075, 0.0067961764808635566]]",[-23374.197265625],"[[-0.09332132601637586, -0.009013320776064149, -0.005066281868464525], [0.09803837732099407, -0.24018652195327428, 7.08764057961149e-05], [-1.2874415370905152, 0.36466516174385255, -0.002594917121059756], [1.2833462817172563, -0.11602695624093644, 0.005726168714160024]]","tensor(-6, dtype=torch.int32)"
"['Bi', 'Bi', 'Bi', 'Bi']","[[0.1771292993526771, 0.3106468861916066, 0.0035715946587589085], [3.437165945459353, 0.04622009407834099, -0.0627938274520275], [3.906690450548883, 3.0117899334367437, 0.15923436038763622], [6.8585410444237525, 2.7578836984213297, -0.07971867941203344]]",[-23374.298828125],"[[0.4960629010666868, -0.0808467893984166, -0.009471676731552362], [-0.4814548618691631, 0.028997776189672097, 0.0017541890637033178], [-0.5096889325813486, 0.13120434083641003, 0.041572771005737814], [0.49462699058146725, -0.0789290539151127, -0.03524057237349634]]","tensor(-6, dtype=torch.int32)"
"['Bi', 'Bi', 'Bi', 'Bi']","[[0.29032341610568557, 0.3480106772659366, 0.06421047368029327], [3.3858142430121183, 0.03644045216466125, 0.05260125335971021], [3.890715213109303, 3.212520820414197, 0.013012310574563585], [6.75922370770159, 2.678431072642236, 0.07771547720844263]]",[-23374.19140625],"[[-0.017053586455410028, -0.13207681946421118, -0.004053995829639694], [-0.06339120045767851, 0.8241187217767967, -0.008267546181910767], [-0.7903518911212938, -0.6301155115555933, -0.003743221791200789], [0.8709776169480172, -0.060348503876926265, 0.015342680908850527]]","tensor(-6, dtype=torch.int32)"
"['Bi', 'Bi', 'Bi', 'Bi']","[[0.02289744827393997, 0.1945160618051913, -0.14301743147775234], [3.516068583288066, 0.09678115781203936, -0.16748703810115756], [3.7463177383785977, 2.8416534427667237, -0.001558666279052768], [6.749410618097117, 2.7754423304421483, 0.029730787158043417]]",[-23373.970703125],"[[0.7723891260913234, -0.03245472399796624, -0.006540391254412666], [-0.7307649998427268, -1.9062642431146997, -0.11024366786745177], [-0.35436943056813786, 2.0967373267490843, 0.12403589558209312], [0.31391788227379075, -0.15941084930750982, -0.00949788142942043]]","tensor(-6, dtype=torch.int32)"
"['Bi', 'Bi', 'Bi', 'Bi']","[[0.1924084395370899, 0.24577481088219988, -0.04929504579502837], [3.4170120477984294, 0.2325331983972322, -0.015776860170095594], [3.822699572777247, 2.7539943783177385, 0.26341873429634705], [6.8096365286937495, 2.896892879780532, 0.024856794364752115]]",[-23373.337890625],"[[0.42063070364514177, 0.08177038158524615, 0.010822082562896278], [-0.8708346635334308, -5.1032636082854745, -0.5804366288822441], [0.03519966609964617, 5.171499181146518, 0.6309038122194816], [0.4192347481250782, -0.15119678724304916, -0.05993028800612371]]","tensor(-6, dtype=torch.int32)"
"['Bi', 'Bi', 'Bi', 'Bi']","[[0.4267354106252186, 0.43117535843502663, -0.10154350174026124], [3.3282458741309138, 0.06310924521479176, 0.05594318098080705], [3.874022148002123, 3.020484290706035, -0.12018415426119966], [7.091999543135013, 2.8079968693868826, -0.07794850514404938]]",[-23374.28515625],"[[-0.7378684475732893, 0.13419870065107908, -0.03600185072826044], [0.7456789490630471, -0.2033677901626266, 0.044155682096855976], [0.36332541056988354, -0.0005667084730937088, -0.003206569016413411], [-0.3735818552676328, 0.07151254849102431, -0.005657571643995188]]","tensor(-6, dtype=torch.int32)"
"['Bi', 'Bi', 'Bi', 'Bi']","[[0.3137677995999093, 0.14177868406556648, -0.11329408633640728], [3.5040536604273207, -0.06735469767903277, 0.05397489840865413], [3.8417851789337902, 2.8683219490116234, 0.057059654436643195], [6.940982225697761, 3.042548348962661, 0.1120933044775949]]",[-23374.353515625],"[[0.43622244745454963, -0.0036615573391241938, 0.030177846342664422], [-0.380711168310259, -0.4092726434795205, -0.024492553049099624], [-0.005647950570660975, 0.452226442172137, -0.00437995532594245], [-0.04724165550988013, -0.04087677299623178, -0.000543700172438121]]","tensor(-6, dtype=torch.int32)"
"['Bi', 'Bi', 'Bi', 'Bi']","[[0.22604648220498635, 0.18186647689867558, 0.042024039408789876], [3.4709954365000772, -0.06622960855681358, 0.031509558460912954], [3.972088018544749, 3.115393820135178, -0.06468458031416588], [6.734976113579535, 2.706274684365538, -0.1833012280991439]]",[-23374.04296875],"[[0.39660342282284766, -0.15849589603206535, 0.0075551290985639286], [-0.43325354157521156, 0.8065760752350173, -0.027015392852836558], [-1.7664974555433888, -0.42471140656648426, 0.0932123626043224], [1.8056610347099862, -0.2239446486400479, -0.07328234261685876]]","tensor(-6, dtype=torch.int32)"
"['Bi', 'Bi', 'Bi', 'Bi']","[[0.28070046037052654, 0.21900164564800426, -0.18182944015318403], [3.339634678442586, 0.038369933519534216, -0.08815684829554526], [3.9169083538432337, 2.9699950151659817, 0.005722534683562203], [6.837630151715327, 2.690755154354387, 0.10881775435291591]]",[-23374.275390625],"[[-0.1121554898102242, -0.012124547578262175, -0.0004502789332978095], [0.1026491391623209, -0.24379007928686597, -0.0072675613358331856], [-0.7210832484404515, 0.3465835088381543, -0.014447129188558375], [0.7319230253450597, -0.09197488997050174, 0.022765593525549518]]","tensor(-6, dtype=torch.int32)"
"['Bi', 'Bi', 'Bi', 'Bi']","[[0.44551786514926295, 0.2473371798013417, -0.10138948064289588], [3.231174824281848, 0.006629409805730308, 0.09117135263810594], [3.702629967149909, 2.9950997707738147, -0.0029644929813431803], [6.943086135865192, 2.8319301799437913, 0.14867250889370415]]",[-23374.1015625],"[[-1.7675171556193776, 0.19278003292884138, -0.12201449316216832], [1.7534768677349648, -0.2198750528904862, 0.12186521483031784], [0.4225209797315431, -0.06631794022192272, 0.021411706418605785], [-0.40882542554906814, 0.0948790040144517, -0.023468543801836873]]","tensor(-6, dtype=torch.int32)"
"['Bi', 'Bi', 'Bi', 'Bi']","[[0.3511151643449649, 0.13791246650868907, -0.11687885163688971], [3.35031473983049, 0.2176697211695998, 0.00014891319526997096], [3.940390115873679, 3.1691304296172635, -0.06510731284126788], [6.934781249879283, 2.679877605199568, -0.009431240074768874]]",[-23374.328125],"[[-0.438358521138693, -0.006897013743923286, -0.010850662961395242], [0.4564110177184666, -0.16988630069328906, 0.017856490993306388], [-0.14975059233951404, 0.21183289487817025, -0.010870671297228176], [0.13256301534007964, -0.031837874871816815, 0.005349512177770677]]","tensor(-6, dtype=torch.int32)"
"['Bi', 'Bi', 'Bi', 'Bi']","[[0.23642415579194206, 0.1872193529561114, 0.07309159785716236], [3.4174437212772983, -0.08012363672660139, 0.035739370680207716], [3.8330174771535503, 2.943194114939519, 0.15767932415828145], [6.864610773271681, 2.7528961330641617, -0.034741497631193496]]",[-23374.3515625],"[[0.3397864853513041, -0.0617934646502635, -0.0002794059455113248], [-0.32534397386656944, 0.2150050208634239, 0.008317173642492537], [-0.17863062736610036, -0.14726772806976973, -0.00637840138152416], [0.1646820250709708, -0.005306199350034665, -0.000870121953344162]]","tensor(-6, dtype=torch.int32)"
"['Bi', 'Bi', 'Bi', 'Bi']","[[0.33743569524607075, 0.340192130018651, -0.010669168414515658], [3.385057885267295, -0.21412721835932272, 0.05498837246098045], [3.9158882975718705, 3.1158243454920154, -0.19993215595244884], [6.893974349282118, 2.724930685992416, 0.1952300892108598]]",[-23374.154296875],"[[0.010192593886637019, -0.14863036207449085, -0.007784775017341395], [-0.08948919748572065, 1.0990639036879273, -0.08606705729121554], [-0.18257115366580165, -1.0597738261760488, 0.08696709816010244], [0.2624861233427363, 0.10936044202251081, 0.00614396292381164]]","tensor(-6, dtype=torch.int32)"
"['Bi', 'Bi', 'Bi', 'Bi']","[[0.22978535970715422, 0.3017748947187157, 0.10609023600637167], [3.352365037210288, -0.026936342729905704, 0.07464303331324043], [3.8266231170890497, 2.984778058357101, -0.01976041018129614], [6.72636488621194, 2.706461990038105, 0.019494906346485485]]",[-23374.251953125],"[[0.13420569405553368, -0.08173736860245316, -0.0038535607442039344], [-0.17803130288876068, 0.20893284317945496, -0.0014949589871992902], [-0.8752981010823871, -0.05832884980811511, -0.0032739895491229456], [0.9205243448460113, -0.06764236761260152, 0.007914358688117545]]","tensor(-6, dtype=torch.int32)"
"['Bi', 'Bi', 'Bi', 'Bi']","[[0.23396159836054042, 0.36918834398188016, -0.0658805511518923], [3.376765620724734, 0.1684334048655952, 0.05573594924678999], [3.840328152827266, 2.926268147995835, -0.00017512716244525887], [6.903633199228093, 2.751467288259374, -0.02212031124308132]]",[-23374.1640625],"[[0.21613707820951003, 0.023081546282831225, 0.015697606469339077], [-0.33441827610103575, -1.659408378727963, 0.021792800681498296], [0.04628136337629148, 1.70246975243616, -0.040838185858711774], [0.07130881416419294, -0.06598894168000771, 0.005803990907553923]]","tensor(-6, dtype=torch.int32)"
"['Bi', 'Bi', 'Bi', 'Bi']","[[0.08744155710480356, 0.25047244289047216, -0.07266004730033425], [3.4126494483310283, 0.12488621673952026, -0.127140674647587], [3.7674270009308666, 3.0325598067062236, -0.1896478555768127], [6.946234181300344, 2.858510810339599, 0.055964209876773155]]",[-23374.30078125],"[[0.6419014549452337, -0.012285550146992385, -0.022907770466553082], [-0.5848543007696961, -0.47699888052348555, 0.0364924071974947], [0.34072092759945655, 0.519024253352664, 0.02444079157171737], [-0.3970812368977889, -0.030598849290830496, -0.040221192750705924]]","tensor(-6, dtype=torch.int32)"
"['Bi', 'Bi', 'Bi', 'Bi']","[[0.3880998780228854, 0.28404330641396947, 0.106493032069107], [3.5009268342452837, 0.25340527159480175, -0.05513528715103726], [3.915524647224849, 3.0001268045223655, -0.11675523892316442], [6.969504589225952, 2.7538199939220775, 0.07137197230330432]]",[-23374.125],"[[0.0573158346040317, 0.03942858291554345, -0.020146666401490237], [-0.19104757124149244, -1.8671613420161643, 0.06035158920242093], [0.09381256125721894, 1.8877558896930884, -0.03374118645843312], [0.0403256927252104, -0.058893155841090304, -0.010089837121037025]]","tensor(-6, dtype=torch.int32)"
"['Bi', 'Bi', 'Bi', 'Bi']","[[0.3518341373134996, 0.25164731241201693, -0.024853128159435762], [3.490255247123751, -0.05071152719829848, -0.14741161705784925], [3.8518079993110286, 3.031397113351554, -0.12922302159999222], [7.010736246454253, 2.780317636239002, 0.14621135774954713]]",[-23374.359375],"[[0.2444361978675415, -0.051524318695894564, -0.033675839264456], [-0.2411217355328004, 0.4439435773491451, 0.029735652350559118], [0.2920315602343398, -0.45560415367951873, 0.045493885465868474], [-0.2940182527424495, 0.06553452465673437, -0.04429466572597256]]","tensor(-6, dtype=torch.int32)"
"['Bi', 'Bi', 'Bi', 'Bi']","[[0.17560027731772848, 0.17128066559399324, 0.020036676708787875], [3.3647991572792404, -0.2550903285144914, -0.025702822669776682], [3.7968693999641254, 3.03714670028358, 0.005019298437972573], [6.880617286073882, 2.9047159288928657, -0.055688796761076624]]",[-23374.265625],"[[0.45317970490580683, -0.12322034120966861, -0.009927908954658414], [-0.44397581900056443, 0.9758966814988587, 0.0192006490405236], [0.029794175832983858, -0.9302976275712951, -0.013531980509165912], [-0.038206968854765384, 0.08017043462789329, 0.004288402405655436]]","tensor(-6, dtype=torch.int32)"
"['Bi', 'Bi', 'Bi', 'Bi']","[[0.40750939979048956, 0.2800111514357946, -0.04235336121317112], [3.413630316350878, 0.02495545494991316, 0.0837718309642902], [3.9302836887595034, 2.915819805646867, 0.08742494984737104], [6.935746756757394, 2.852022686533491, 0.19010418553556868]]",[-23374.27734375],"[[-0.2636490339437691, 0.04243573654659709, -0.007242066262828894], [0.2379413305908027, -0.607753586591139, 0.010295237523635542], [-0.352107218493354, 0.5872706248529388, -0.013415005535244646], [0.37614792048155005, -0.022599489885334785, 0.00935986967783467]]","tensor(-6, dtype=torch.int32)"
"['Bi', 'Bi', 'Bi', 'Bi']","[[0.26784509373517124, 0.387568827636047, 0.06825253688132878], [3.46597221749243, 0.09421268373848227, -0.0897736533761388], [3.9507909572931625, 3.0301080225918726, -0.05298351599301986], [6.819336106369546, 2.7292640003373294, 0.25121209166317965]]",[-23374.22265625],"[[0.33712744899581415, -0.08712064452555386, -0.043329673613213694], [-0.3861906549667018, -0.15283854036085479, 0.042055711863209395], [-0.9324182746279651, 0.36600835819795724, -0.08295216409388802], [0.9835539451557144, -0.12472243192674883, 0.08232440319990576]]","tensor(-6, dtype=torch.int32)"
"['Bi', 'Bi', 'Bi', 'Bi']","[[0.40634241528196546, 0.10771563322330402, 0.12666410032358688], [3.4762753617287325, 0.04122128536749181, 0.016158932990809633], [3.899723491028528, 3.0799973688404663, -0.006029372230136067], [6.953302836313675, 2.7864036966538883, -0.11092370498781523]]",[-23374.3671875],"[[-0.07625654497162933, -0.02996531369596406, -0.0021226669164272093], [0.08615894856886513, 0.20204490543469514, -0.00029847500541950076], [-0.043396681740748774, -0.18297137180455197, -0.0003043503393369098], [0.03492567376909198, 0.009997308209451864, 0.0026429160440012574]]","tensor(-6, dtype=torch.int32)"
"['Bi', 'Bi', 'Bi', 'Bi']","[[0.20764616869579816, 0.36892612744740694, -0.05971159033308884], [3.3591583515171455, -0.06597019049655235, 0.12778935529453084], [3.6777570590587536, 2.8506754402161634, 0.1207308683821285], [6.860568394250733, 2.8301877503377972, -0.13812378209404128]]",[-23374.322265625],"[[0.3750408542719708, -0.03984323523539966, 0.04802188804759982], [-0.37849055670756165, -0.3891875344638582, -0.04000659293592414], [0.27786225432215816, 0.4239692315187414, -0.0482012020231409], [-0.2729021307906515, 0.006568817386636894, 0.04334174752031617]]","tensor(-6, dtype=torch.int32)"
"['Bi', 'Bi', 'Bi', 'Bi']","[[0.22502220104468643, 0.24418764914278634, 0.0860276205261184], [3.253385099287577, 0.07555299171291664, -0.10792588967178822], [3.6724584853069175, 3.1417607648115364, 0.06969877361990205], [6.854976529004437, 2.820109395634002, 0.013526535054329113]]",[-23374.345703125],"[[-0.18894152805883052, -0.010005036949816012, 0.002825539031135369], [0.1999547002562392, 0.33879193067809715, 0.018927952546677163], [0.35470871352836847, -0.4082731522855222, -0.027073438109809615], [-0.36611423628451606, 0.07789793813479391, 0.004874380279126109]]","tensor(-6, dtype=torch.int32)"
"['Bi', 'Bi', 'Bi', 'Bi']","[[0.4476800010006751, 0.36709588845509655, -0.009586100518809133], [3.3924071823214867, 0.14689342379006984, 0.07734187886494506], [3.778697784441765, 3.112612969123415, 0.1075984938043048], [6.927437820944482, 2.7733927427107736, -0.14218667399843518]]",[-23374.263671875],"[[-0.6793274816374156, 0.038111071796181874, 0.0015373230773456919], [0.6166161840745793, -0.16010360772524646, 0.003900656695217329], [0.302755740277081, 0.03526459163247235, -0.04259370006971505], [-0.23784635398765847, 0.0853170146634612, 0.039689534603673506]]","tensor(-6, dtype=torch.int32)"
"['Bi', 'Bi', 'Bi', 'Bi']","[[0.23396159836054042, 0.36918834398188016, -0.0658805511518923], [3.376765620724734, 0.1684334048655952, 0.05573594924678999], [3.840328152827266, 2.926268147995835, -0.00017512716244525887], [6.903633199228093, 2.751467288259374, -0.02212031124308132]]",[-23374.1640625],"[[0.21613707820951003, 0.023081546282831225, 0.015697606469339077], [-0.33441827610103575, -1.659408378727963, 0.021792800681498296], [0.04628136337629148, 1.70246975243616, -0.040838185858711774], [0.07130881416419294, -0.06598894168000771, 0.005803990907553923]]","tensor(-6, dtype=torch.int32)"
"['Bi', 'Bi', 'Bi', 'Bi']","[[0.43182017934693695, 0.31045010265336476, -0.06177627243436474], [3.3311032742925746, -0.024084114832032908, -0.12555659562173196], [3.8586989702964622, 3.1100945322095153, 0.029791592969216456], [6.963994866720058, 2.83231548459836, 0.17858446043769677]]",[-23374.259765625],"[[-0.8344350217891424, 0.051113147651638165, 0.0057386231447401756], [0.8207114939888491, 0.49005520668555647, 0.01567233251132857], [0.09575760187115065, -0.6350988264504015, -0.00796283943605713], [-0.0814656028484643, 0.09491397103672465, -0.01499369974214837]]","tensor(-6, dtype=torch.int32)"
"['Bi', 'Bi', 'Bi', 'Bi']","[[0.43299676385275687, 0.2828980175025007, -0.06387589976519517], [3.544020794507344, -0.25294632869575046, -0.08051065430126164], [3.8621940922898124, 3.032833757680721, -0.0852396604345851], [6.939941317177258, 2.825444116968843, -0.136237428948597]]",[-23374.21484375],"[[0.21605655121409914, -0.148214254509443, -0.001117677672397273], [-0.3159736860729811, 1.0501445253071828, 0.00420317028886517], [0.04136288659675371, -1.025238235251457, -0.005302147289218331], [0.06093548705228728, 0.12418424831629517, 0.002639353007275829]]","tensor(-6, dtype=torch.int32)"
"['Bi', 'Bi', 'Bi', 'Bi']","[[0.3335584534189492, 0.17184477381881097, 0.05266960499124933], [3.3064201667120643, -0.030639990583781817, -0.04520941404019524], [3.714137210296385, 3.1034918594050755, 0.10694504557806642], [7.13485056753298, 2.526262899399095, -0.12750700556885]]",[-23374.1640625],"[[-0.4484854335877576, 0.03215827564002, 0.017218260561478897], [0.4767774055750598, 0.5460321642911761, 0.017731252489268563], [0.7512783006149578, -0.7809565607691069, -0.09596976942100081], [-0.7807611568211111, 0.20170454261054147, 0.06167807347676284]]","tensor(-6, dtype=torch.int32)"
"['Bi', 'Bi', 'Bi', 'Bi']","[[0.3866806703843403, 0.34821816844263764, -0.15536892245689862], [3.3585016809580397, -0.0409881074730907, 0.041349451092128016], [3.8116934142090897, 2.9960238731722386, 0.014932179829601941], [6.804144408330199, 2.793037658639701, 0.15975074994335034]]",[-23374.275390625],"[[-0.3889552608762011, -0.0074500634810520895, -0.01933319976598379], [0.3224727185391377, 0.22287059541326157, 0.012886885228112778], [-0.37711892383681433, -0.254838167084456, -0.013397702001428702], [0.4427557784557887, 0.0404183759030703, 0.020286513921745325]]","tensor(-6, dtype=torch.int32)"
"['Bi', 'Bi', 'Bi', 'Bi']","[[0.4024782118277851, 0.21733436215923715, -0.13361173307680257], [3.497322933987004, 0.003624794140453025, -0.005761482245745617], [3.992116758931754, 3.066963812781145, -0.05882496568926781], [6.884494185296024, 2.8348976861158453, 0.061276266546652004]]",[-23374.259765625],"[[0.03348248191570501, -0.06760539512875705, 0.006930777489253294], [-0.04232202173328186, 0.3453638796701111, -0.013420507699043472], [-0.9439882452329788, -0.22342353716399807, -0.029358584437437153], [0.9534828202219107, -0.0547612365165363, 0.036934236092749796]]","tensor(-6, dtype=torch.int32)"
"['Bi', 'Bi', 'Bi', 'Bi']","[[0.36565936299614105, 0.28642169588330046, 0.05150249441436396], [3.1388359584708176, 0.026953582640858852, 0.0214057623562403], [3.9567457433120152, 3.0424003334147116, 0.08773834322006123], [6.961917080507014, 2.6508671275278326, 0.15027625460183536]]",[-23374.07421875],"[[-1.9579521869059948, 0.1858598021105707, 0.01911845596934558], [2.0027223167173234, 0.012911038184526888, -0.01901659394813904], [-0.2728565708175135, -0.20767043083121903, -0.000664066433298945], [0.22835347592774852, 0.008550923044177917, 0.0007930741766494244]]","tensor(-6, dtype=torch.int32)"
"['Bi', 'Bi', 'Bi', 'Bi']","[[0.4718324618251692, 0.17339730335194553, -0.17607649353260038], [3.176521102294031, 0.10539164728910708, -0.1155384298016777], [3.6902951041513385, 3.0277677235063574, 0.06994276771022673], [6.916522889263163, 2.686011668433525, -0.23046344199808866]]",[-23373.814453125],"[[-2.9456116718532837, 0.13389736719443296, -0.045476977882157675], [2.893051095167913, -0.5065788730606294, 0.030235228254656132], [0.5156843885046835, 0.259437461799361, -0.0425826340356075], [-0.46419729940309123, 0.11350578251296664, 0.05932386728014626]]","tensor(-6, dtype=torch.int32)"
"['Bi', 'Bi', 'Bi', 'Bi']","[[0.2517166182036577, 0.26852936191411475, -0.10883498370301599], [3.36144598376714, -0.11040755501381469, -0.06117617451968675], [3.933468476956577, 3.046760562355667, -0.03832289140488999], [6.878495272316967, 2.7979668241576814, -0.04683239426261653]]",[-23374.2890625],"[[0.17078983826440325, -0.08611369712827664, 0.005650835349998491], [-0.14165989187274863, 0.6749298643656789, -0.0015364221623012481], [-0.6341799136739056, -0.5837122161157524, -0.004600022851721713], [0.606047915813502, -0.003384759933474429, 0.0013783516812328064]]","tensor(-6, dtype=torch.int32)"
"['Bi', 'Bi', 'Bi', 'Bi']","[[0.28404561031484993, 0.23772562059297034, 0.14185331427091905], [3.4876081631026064, 0.031098440885601996, 0.020923840486128064], [3.8405515302334794, 2.9892060972261554, -0.18610119741165768], [6.921895799627557, 2.8159855029058507, -0.03421221943932125]]",[-23374.353515625],"[[0.38518077651020466, -0.04468539648882676, -0.029770218280517742], [-0.375044968039297, -0.11150844563190027, 0.03647633265166746], [0.01583371560353646, 0.16603920833398467, 0.006128176341697244], [-0.025880964948328717, -0.010514470468868494, -0.016382065361495047]]","tensor(-6, dtype=torch.int32)"
"['Bi', 'Bi', 'Bi', 'Bi']","[[0.18343084763612286, 0.3062119788802662, 0.16221543154613696], [3.3806958800488394, -0.05979068674966842, 0.15969388554411332], [3.935063189458778, 3.1233013952447326, -0.053240339701823784], [6.969051782300267, 2.9003078703413867, -0.2787748984776495]]",[-23374.330078125],"[[0.4494148878930271, -0.09527716526953892, 0.008501470418707508], [-0.37828759371210385, 0.7599686340916124, -0.051966394417189234], [-0.16063623774980967, -0.6891629850935087, 0.04312463830746538], [0.09073253223798118, 0.0269793202555947, 0.0002519724653429147]]","tensor(-6, dtype=torch.int32)"
"['Bi', 'Bi', 'Bi', 'Bi']","[[0.209232052138055, 0.3054136702664747, 0.12400517011652036], [3.3126171885701545, 0.07824363008158683, 0.0018950613546751937], [3.70045095723953, 3.0999056683042396, 0.09659609013667683], [7.022854443658171, 2.809560034433775, -0.21429129134690286]]",[-23374.322265625],"[[0.1445347467465908, 0.016017919819986588, -0.002044471398648454], [-0.08920195368216684, 0.15297198068849926, 0.007529376915101746], [0.6015088877899263, -0.251759269351233, -0.07572653747373655], [-0.6536976827531897, 0.08374581265530036, 0.06857634706192978]]","tensor(-6, dtype=torch.int32)"
"['Bi', 'Bi', 'Bi', 'Bi']","[[0.31181853974003354, 0.33861427935618094, -0.17531175273504454], [3.4980651510003886, -0.08816541820140622, 0.08699825893514977], [3.7978979619522244, 3.1815417293599646, -0.13059389622514073], [6.750339226897601, 2.671377602733693, -0.07149869047568749]]",[-23374.123046875],"[[0.27777812778033684, -0.19622125071932187, 0.04781551576747048], [-0.4381085583515331, 1.1404730855937284, -0.11930696577432041], [-0.29676095284093673, -0.9955702595156235, 0.059243288862643795], [0.4578970647429746, 0.053550606214519264, 0.014617187187615443]]","tensor(-6, dtype=torch.int32)"
"['Bi', 'Bi', 'Bi', 'Bi']","[[0.4931420717400991, 0.06766476548327499, 0.042272198359723706], [3.3756611830289303, -0.13745257162339078, -0.025951954511134228], [4.035857561850459, 3.0461958923269643, 0.18004754887593888], [6.929193383651718, 2.8061091271183245, 0.000481183010369883]]",[-23374.119140625],"[[-1.0538618283073447, 0.00020359317319001226, 0.022101256097827957], [1.0713011164450528, 0.5812943493697624, 0.0174485235453553], [-0.9368673139912798, -0.5772715991456283, 0.006714449892194489], [0.9193565491462785, -0.0047822375474486966, -0.04608867965694016]]","tensor(-6, dtype=torch.int32)"
"['Bi', 'Bi', 'Bi', 'Bi']","[[0.2548875962671041, 0.05546195286783648, -0.06797351071584448], [3.2916417311353663, 0.19127560648697017, -0.07127762945491976], [3.9307523033001477, 3.1444343189998016, -0.1704308172747017], [6.945260311371116, 2.958865594374445, -0.12371642689362779]]",[-23374.36328125],"[[-0.19007029439105563, 0.04293334298458667, -0.0032681423430896295], [0.29397608662735575, -0.26253651699248254, 0.014985955575156749], [-0.289374940717154, 0.29798932376454806, -0.014521264417986143], [0.18532573226744328, -0.07434760266598525, 0.002171443341393367]]","tensor(-6, dtype=torch.int32)"
"['Bi', 'Bi', 'Bi', 'Bi']","[[0.3307280964401492, 0.4216433914927767, -0.06879138616662153], [3.4387253197416303, -0.1856340579363247, 0.17805337244744698], [3.9360889078820915, 2.931166773107096, 0.11688210649952505], [6.835230735236389, 2.7742032353173074, -0.061553751855270726]]",[-23374.2109375],"[[0.27479451518280756, -0.14909388080797348, 0.04231288402760847], [-0.3244576112740422, 0.6388562386819941, -0.05114995044258043], [-0.9358321872878179, -0.5104048309402953, 0.04797914600508032], [0.9865652228385126, 0.020397302818049776, -0.03784266904698219]]","tensor(-6, dtype=torch.int32)"
"['Bi', 'Bi', 'Bi', 'Bi']","[[0.21767186488889234, 0.1514080261450995, -0.02751897419776803], [3.36153944396471, 0.1582219541681614, -0.12123262928461206], [3.793104023305711, 2.9361899886947245, -0.10859231916115882], [6.8441159619766605, 2.762824136280266, -0.13184114963451704]]",[-23374.185546875],"[[0.17789164048803524, 0.046305038107253914, -0.010897307940665497], [-0.2438643327871044, -1.5753738824505445, -0.001438386973149932], [-0.012972395024197565, 1.608285563723108, 0.012758468838815443], [0.07921686336167387, -0.07637548426944887, -0.00222415715591164]]","tensor(-6, dtype=torch.int32)"
"['Bi', 'Bi', 'Bi', 'Bi']","[[0.33743569524607075, 0.340192130018651, -0.010669168414515658], [3.385057885267295, -0.21412721835932272, 0.05498837246098045], [3.9158882975718705, 3.1158243454920154, -0.19993215595244884], [6.893974349282118, 2.724930685992416, 0.1952300892108598]]",[-23374.154296875],"[[0.010192593886637019, -0.14863036207449085, -0.007784775017341395], [-0.08948919748572065, 1.0990639036879273, -0.08606705729121554], [-0.18257115366580165, -1.0597738261760488, 0.08696709816010244], [0.2624861233427363, 0.10936044202251081, 0.00614396292381164]]","tensor(-6, dtype=torch.int32)"
"['Bi', 'Bi', 'Bi', 'Bi']","[[0.3178795469157505, 0.13014664368819973, -0.07161744256635857], [3.2843403278258227, 0.027980863684487666, -0.09333699416203142], [3.8625493654464567, 2.9882135179220737, 0.11605053604261702], [6.893927041077587, 2.7208378129158888, -0.022608448259303186]]",[-23374.3125],"[[-0.5605054261866742, 0.024511754058094786, 0.007275536902236908], [0.582495055208105, -0.1300263635625449, -0.017604260491907935], [-0.15737499727985166, 0.11733559704950085, 0.010776707709287993], [0.13710152914273963, -0.012609067093945193, 0.000576130542933516]]","tensor(-6, dtype=torch.int32)"
"['Bi', 'Bi', 'Bi', 'Bi']","[[0.20334775810417977, 0.25958782005800457, 0.06904789980784673], [3.432098799343212, 0.060592932138563926, 0.227778118861491], [3.9652274466871393, 2.8911730468370234, 0.08257624209988315], [6.950391862357568, 2.915424710064131, 0.02230989623225575]]",[-23374.23828125],"[[0.500170806274474, -0.0009456090695595122, 0.02871221903072205], [-0.5036282220238014, -0.9652919035527611, 0.025610962972080962], [-0.44492388810298505, 1.0584671908290557, -0.05256566747243736], [0.4480407353397925, -0.09589423036847297, 0.002104877443845856]]","tensor(-6, dtype=torch.int32)"
"['Bi', 'Bi', 'Bi', 'Bi']","[[0.37830252044035845, 0.2327758373762922, -0.002417979342674657], [3.2254536908816056, -0.10325425843004582, 0.06558041979878047], [3.784217808090453, 3.0754341267828758, -0.13442976035607568], [6.895776150879869, 2.872573595120372, 0.021847903129398917]]",[-23374.193359375],"[[-1.1817758237699636, 0.09173351467263538, -0.02755964427009639], [1.1762515484717564, 0.5313758397496606, -0.017041060033901666], [0.08876599718976994, -0.7278745640751365, 0.062125291407215295], [-0.0844953924842305, 0.10627197978025431, -0.01948598508447986]]","tensor(-6, dtype=torch.int32)"
"['Bi', 'Bi', 'Bi', 'Bi']","[[0.3160273209843405, 0.08039169462009199, -0.16493952989973407], [3.3929997420415954, 0.05466003493685692, 0.07151572547572253], [3.86978022906131, 2.8718858408497647, -0.06348270509911817], [6.888853891852611, 2.685458799763707, -0.09366845325829891]]",[-23374.23828125],"[[-0.028548208269634532, 0.03388926151334066, 0.0037013667797610086], [-0.02765243029213944, -1.1386959381087984, 0.053167254521806484], [-0.17781862111799474, 1.1728921432289763, -0.0648040224237796], [0.23282370119279314, -0.06500600839949734, 0.009658596034437803]]","tensor(-6, dtype=torch.int32)"
"['Bi', 'Bi', 'Bi', 'Bi']","[[0.3257073291120795, 0.0802885307210007, 0.11712472905799337], [3.473564241035116, 0.11146663244559869, -0.051742599536076246], [3.8664307398596054, 3.1994323073000137, 0.056364733016634416], [6.980434845192243, 2.927651485554507, -0.16184080476956442]]",[-23374.39453125],"[[0.22666158627065452, -0.02018538209423919, -0.01607046805536998], [-0.1761852498011163, 0.3653017158154946, 0.028667008727806812], [0.18450760679043987, -0.36214126264502916, -0.03422973232388668], [-0.23438461878263842, 0.01834492887236764, 0.02117816270528672]]","tensor(-6, dtype=torch.int32)"
"['Bi', 'Bi', 'Bi', 'Bi']","[[0.2688086727436381, 0.21709887665973593, -0.0004503798101009531], [3.289032660763127, 0.06235927651240808, -0.1094708737668143], [3.9135776848182204, 2.954744689796441, -0.06693667180805865], [6.917522642283864, 2.820073637656771, -0.07331612108535314]]",[-23374.306640625],"[[-0.23306672199759002, 0.046919655514628865, 0.0031772157438780336], [0.2537669420727065, -0.5396655951329239, -0.01621267584962849], [-0.34863432469446165, 0.5463324693059906, 0.014704316779584932], [0.32716914958503324, -0.05331025935848444, -0.0030632633604997135]]","tensor(-6, dtype=torch.int32)"
"['Bi', 'Bi', 'Bi', 'Bi']","[[0.29586181909244547, 0.20604457819258826, -0.05416437899618068], [3.31396670476424, 0.08073382813763452, 0.14627216904884346], [3.700642637067374, 2.869569430193044, 0.08043557318146133], [6.949102178155492, 2.931896876525897, -0.04028788687122029]]",[-23374.173828125],"[[-0.1886294473850446, 0.104873555999795, -0.00598739293937544], [0.1656957601843363, -1.5751023738070136, 0.048939062757400446], [0.4764403337647671, 1.5083199892539598, -0.0674203270211684], [-0.4531084853089716, -0.04007261375930092, 0.02834109036917732]]","tensor(-6, dtype=torch.int32)"
"['Bi', 'Bi', 'Bi', 'Bi']","[[0.43590196895869193, 0.3384945742101738, -0.03161553537204602], [3.1326437981752795, 0.008715080166480392, 0.09568399932233515], [3.7465496579402924, 2.994374212323344, 0.04534333888478858], [6.903927933716756, 2.818351889392394, -0.02004259870764848]]",[-23373.92578125],"[[-2.679783626778904, 0.35629385092334687, -0.1200216300030692], [2.656786638983463, -0.3539814508871831, 0.12421093638182407], [0.19719991596623127, -0.09021157502820612, -0.01671255514406581], [-0.1775142537579455, 0.0907308867310507, 0.012417869473040476]]","tensor(-6, dtype=torch.int32)"
"['Bi', 'Bi', 'Bi', 'Bi']","[[0.3811131528493513, 0.14878366150445646, 0.037204723066669186], [3.3851087177087678, 0.0027547480888656696, 0.06603591129257701], [3.9029557891998325, 3.0480543880995894, -0.1681723541556214], [6.787919254366116, 2.58639301409696, -0.03250597681204551]]",[-23374.2265625],"[[-0.4402632468328277, -0.07015978752788614, -0.00020232649280817539], [0.3742045767966404, 0.35253777566613526, -0.023624923524534238], [-0.7519401029335646, -0.21245088557475272, -0.007349965237586671], [0.8197668701665642, -0.07135586537798665, 0.030953173212847587]]","tensor(-6, dtype=torch.int32)"
"['Bi', 'Bi', 'Bi', 'Bi']","[[0.37257534173963014, 0.23658625176116263, -0.009833357983680364], [3.4411838508219463, 0.13822427765728076, -0.07265301458856559], [3.795230025464596, 2.9471359027636814, 0.00815788009420461], [6.861709566324394, 2.8649780650786556, 0.06308040373313899]]",[-23374.205078125],"[[-0.07466518550356999, 0.030071999109360602, -0.005578520462612578], [0.0157076286349876, -1.3293058045067805, -0.033069588231380766], [-0.0318474136698045, 1.3301547832387304, 0.043068048295683975], [0.09071540868148577, -0.03118002176984322, -0.007425684267435037]]","tensor(-6, dtype=torch.int32)"
"['Bi', 'Bi', 'Bi', 'Bi']","[[0.2024152974449115, 0.16851779660195323, 0.02591827891533454], [3.5129713950677894, -0.03352533279061608, -0.09644129241776744], [3.715388406682013, 3.1628002123921344, 0.07803923976648836], [7.100649246369503, 2.7105035332603244, 0.061689280884474576]]",[-23374.16796875],"[[0.6192176276875021, -0.06878686910484945, -0.034972149055460026], [-0.587984877704955, 0.8657011961312153, 0.08054782135798305], [0.7487797011851908, -0.9276329347857315, -0.04671555094873811], [-0.784921718250674, 0.12748554659559239, -0.001200754689329512]]","tensor(-6, dtype=torch.int32)"
"['Bi', 'Bi', 'Bi', 'Bi']","[[0.28983229517594855, 0.3687987882534508, -0.07747538837155014], [3.4110464463467096, 0.10287940458675299, 0.059310472775676464], [3.6658114505412813, 3.093729741092598, -0.026558904776873452], [6.6837173858994126, 2.833689509821728, 0.05337474257623333]]",[-23374.296875],"[[0.08163200473681019, -0.08102974920025055, 0.014277256309030989], [-0.17324843130692283, 0.08288341275744844, -0.015154296076355118], [-0.21379058532663014, -0.022284586138721266, -0.0047231396802610345], [0.30399347002135957, 0.019886054099164597, 0.0067552944595347655]]","tensor(-6, dtype=torch.int32)"
"['Bi', 'Bi', 'Bi', 'Bi']","[[0.2192887849934288, 0.07261516531513065, -0.06246747049430261], [3.4946732268817353, 0.0036092603888542435, -0.004123269142068028], [3.748897100683133, 2.86928742740685, 0.06363207435052658], [6.914237750681904, 2.9289046378576153, -0.059333633859619164]]",[-23374.2734375],"[[0.5742541508118407, 0.0170439550976575, 0.019142619210178007], [-0.507370413316287, -0.9015943302734618, -0.03850959300591012], [0.22782377696240522, 0.9483267270994007, 0.005031577098858642], [-0.29218094141037343, -0.06721623273969597, 0.018762075163665376]]","tensor(-6, dtype=torch.int32)"
"['Bi', 'Bi', 'Bi', 'Bi']","[[0.30011813976113344, 0.268806566534002, -0.007586335274812248], [3.199287060682742, 0.11450135106289916, 0.09429630696718197], [3.670606902527632, 3.120597962297446, -0.1665860928582415], [7.052584590160253, 2.6827755430665166, -0.008001046365175556]]",[-23374.1796875],"[[-0.9285235654118598, 0.09500812488640366, -0.03499087183900352], [0.9606885979147131, 0.035756402800741105, 0.023256849335229233], [0.6956231424584325, -0.2796868643976146, 0.05364763970132664], [-0.7274554740287771, 0.14655218966546413, -0.04480361073515505]]","tensor(-6, dtype=torch.int32)"
"['Bi', 'Bi', 'Bi', 'Bi']","[[0.24392238099457736, 0.3140655523071101, -0.3635130889786928], [3.2497095495868003, -0.10991502956316124, -0.018273570320049108], [3.9271193681254735, 3.086353399380749, 0.04376433372604099], [6.892699448727248, 2.5293091032312423, -0.012293240766618299]]",[-23374.259765625],"[[-0.15061340361409858, -0.08026381714619865, 0.00033708656843300976], [0.16507622682500653, 0.8269140266749679, 0.006742809175699667], [-0.3003310343929112, -0.7875894963617323, -0.017514847759072392], [0.28353225982789687, 0.042064942128647614, 0.010658575738306229]]","tensor(-6, dtype=torch.int32)"
"['Bi', 'Bi', 'Bi', 'Bi']","[[0.37824320760967434, 0.3046625605126046, 0.01855474185705999], [3.4204472089944598, 0.04816547318896033, -0.05726624071039595], [3.9854158799123405, 2.8777622969484074, 0.09597058371851214], [6.957577387144838, 2.869800759776269, -0.17248682794999948]]",[-23374.236328125],"[[-0.09536777099489907, 0.0460301716011429, 0.006468174069000751], [0.04389239584576829, -0.9677848465524547, -0.06702324563000435], [-0.44502590953267546, 0.9740434293183933, 0.10384341723921617], [0.495851299159844, -0.05508756110968925, -0.04433017268020705]]","tensor(-6, dtype=torch.int32)"
"['Bi', 'Bi', 'Bi', 'Bi']","[[0.2826749020048675, 0.25958807887652885, -0.027704396110485613], [3.3461938182352764, 0.14201084607623776, 0.05832877914924583], [3.767115196065642, 3.042839668834272, -0.10317479401868383], [7.0115626357465, 2.875676863266891, 0.06832942807596165]]",[-23374.322265625],"[[-0.04239083477623132, 0.05406616410467866, -0.0042495992953508], [0.07128300027422085, -0.5565474677979281, 0.035893180422128995], [0.47144282637268337, 0.4810724871961903, -0.00043262027851743046], [-0.49986458771912795, 0.022173956650900703, -0.031793132509934936]]","tensor(-6, dtype=torch.int32)"
"['Bi', 'Bi', 'Bi', 'Bi']","[[0.2569975220926772, 0.28462495703522717, -0.021139768349435085], [3.5010096255339462, 0.13347330611434172, -0.09630215047985413], [3.750668793479821, 3.1320147646929093, 0.0907102161666482], [6.851078688341391, 2.845515061074841, -0.018280616416996496]]",[-23374.337890625],"[[0.425222182202127, -0.06382736263844173, -0.014162456489583464], [-0.4261584242234846, 0.12417005581901969, 0.019669649368968423], [0.12570788488974652, -0.07268810892658528, -0.015434469342316966], [-0.12351344713166229, 0.00935555536435129, 0.010344756997824998]]","tensor(-6, dtype=torch.int32)"
"['Bi', 'Bi', 'Bi', 'Bi']","[[0.22445686100857343, 0.1843854053498794, 0.006025292836217572], [3.4462059711392827, -0.17049353780592175, -0.06745472138630147], [3.934223562026929, 3.0600556527540785, 0.10803302139073491], [6.79428234650307, 2.8716769496020826, 0.01454238462599475]]",[-23374.146484375],"[[0.44717632998036905, -0.14182665371573555, -0.01818325781644692], [-0.4578554128487965, 0.8531655186463699, 0.06027353046740577], [-1.1700243331816804, -0.6890575698057742, -0.011668058244698234], [1.1818735257439617, -0.020084347968707054, -0.031139192629130414]]","tensor(-6, dtype=torch.int32)"
"['Bi', 'Bi', 'Bi', 'Bi']","[[0.22109769270208413, 0.25342925710384795, -0.1584455652692064], [3.5612027440553047, 0.007113583114368282, 0.027786081545165885], [3.739707043119724, 3.250105379799893, -0.04282517111881992], [6.855392236638651, 2.7400709873187936, 0.12971925044606678]]",[-23374.181640625],"[[0.5591895348631973, -0.1503746508429027, 0.03908671856631567], [-0.6237175749214787, 1.066035494267482, -0.06615482934743781], [0.3374379355847611, -1.0029159052975176, 0.044387132931047825], [-0.27793789621886916, 0.0832816768567188, -0.01756584818949929]]","tensor(-6, dtype=torch.int32)"
"['Bi', 'Bi', 'Bi', 'Bi']","[[0.2517166182036577, 0.26852936191411475, -0.10883498370301599], [3.36144598376714, -0.11040755501381469, -0.06117617451968675], [3.933468476956577, 3.046760562355667, -0.03832289140488999], [6.878495272316967, 2.7979668241576814, -0.04683239426261653]]",[-23374.2890625],"[[0.17078983826440325, -0.08611369712827664, 0.005650835349998491], [-0.14165989187274863, 0.6749298643656789, -0.0015364221623012481], [-0.6341799136739056, -0.5837122161157524, -0.004600022851721713], [0.606047915813502, -0.003384759933474429, 0.0013783516812328064]]","tensor(-6, dtype=torch.int32)"
"['Bi', 'Bi', 'Bi', 'Bi']","[[0.28602303071861107, 0.31885763465767014, 0.10667209649063428], [3.3788295360514886, -0.05023627490846032, -0.1262569749733409], [3.864816909860639, 3.024485975927568, 0.14051067166470577], [6.881722100066663, 2.6881412744194346, 0.10754085284100919]]",[-23374.333984375],"[[0.1034723554263905, -0.07142322831795361, -0.027507959925851505], [-0.12434509661875065, 0.5032411679404951, 0.06487375077995915], [-0.20296464096465633, -0.45441450359086544, -0.03215817279583685], [0.2231893609589526, 0.02323026411388349, -0.006908069493612522]]","tensor(-6, dtype=torch.int32)"
"['Bi', 'Bi', 'Bi', 'Bi']","[[0.09337974320854833, 0.206176554365456, 0.05154803467553409], [3.2608332627746224, 0.07667764932906292, -0.012074648660418836], [3.845605953699081, 3.022560494201008, -0.10834106399995738], [6.912245153652783, 2.6451505902254553, 0.09254311133325051]]",[-23374.3828125],"[[0.27555623062535006, -0.010646882354681426, -0.016449793398312217], [-0.21937615575799801, -0.13498833828934836, 0.025265524787488523], [0.06135185172779304, 0.17126055609070678, 0.006069179776029991], [-0.1139537203527012, -0.02894120674672732, -0.01779256819126598]]","tensor(-6, dtype=torch.int32)"
"['Bi', 'Bi', 'Bi', 'Bi']","[[0.2676074211372812, 0.32241151690030556, -0.02871359237044154], [3.327352316552282, 0.12160672489747192, -0.08022175298842987], [3.753834134699969, 3.005317023285172, 0.07417736980975881], [6.703903482106442, 2.9026889279176458, 0.038244309736062014]]",[-23374.23046875],"[[-0.1005451528633221, -0.008144133162123954, -0.0024143463896005154], [0.03966186437619547, -0.6294727354108703, -0.031557825018874754], [-0.6274179086314199, 0.6739055363014484, 0.04175146791617996], [0.6870767908381958, -0.03686537676991791, -0.008155800834702968]]","tensor(-6, dtype=torch.int32)"
"['Bi', 'Bi', 'Bi', 'Bi']","[[0.33743569524607075, 0.340192130018651, -0.010669168414515658], [3.385057885267295, -0.21412721835932272, 0.05498837246098045], [3.9158882975718705, 3.1158243454920154, -0.19993215595244884], [6.893974349282118, 2.724930685992416, 0.1952300892108598]]",[-23374.154296875],"[[0.010192593886637019, -0.14863036207449085, -0.007784775017341395], [-0.08948919748572065, 1.0990639036879273, -0.08606705729121554], [-0.18257115366580165, -1.0597738261760488, 0.08696709816010244], [0.2624861233427363, 0.10936044202251081, 0.00614396292381164]]","tensor(-6, dtype=torch.int32)"
"['Bi', 'Bi', 'Bi', 'Bi']","[[0.3214845819833562, 0.4703332065732963, 0.09153557230459079], [3.3573505251716034, -0.1880806731664688, 0.009705134311783466], [3.7324863018236485, 3.0409395964074406, 0.0816904405793274], [6.904611899029331, 2.7031978832405374, -0.028973383466196267]]",[-23374.234375],"[[0.04537697734066625, -0.11115435310929526, 0.003565373859490595], [-0.12548260470654402, 0.9798731518405729, 0.025867050130347752], [0.3065343384104037, -1.025006835839357, -0.043645595517240454], [-0.22761947699256646, 0.15006390714349782, 0.01659681944255157]]","tensor(-6, dtype=torch.int32)"
"['Bi', 'Bi', 'Bi', 'Bi']","[[0.15075561946785654, 0.416581556183213, 0.07896282326350526], [3.373825485039047, -0.005179968481355605, 0.08367697419242916], [3.645111583664112, 2.8812600357042135, -0.19380823989961962], [7.022400500898538, 2.7841270009466785, 0.2212087850588404]]",[-23374.23828125],"[[0.5609188598029601, -0.018687595406224035, -0.026201725671172956], [-0.5063980729866417, -0.4826827699939502, 0.07201998169071443], [0.6211438992380078, 0.4833714660664522, 0.05501927257207388], [-0.6753253002499126, 0.022020040046389917, -0.10044590822657685]]","tensor(-6, dtype=torch.int32)"
"['Bi', 'Bi', 'Bi', 'Bi']","[[0.24569790165105415, 0.2849410213947138, -0.15996777244944643], [3.1941401204908417, -0.11203579965131666, 0.08278710556995782], [3.870326094356316, 2.9956872054998276, 0.022251808719771872], [6.788095206338496, 2.853334290056862, 0.1001595483401417]]",[-23374.2421875],"[[-0.4240173625964582, 0.018469375476195166, -0.026474771835242116], [0.467674409813493, 0.4125455053421752, 0.018068159748868245], [-0.8929410207027433, -0.4402966197702617, -0.015439616693683909], [0.8491731074562665, 0.010679957043984292, 0.02425479786648033]]","tensor(-6, dtype=torch.int32)"
"['Bi', 'Bi', 'Bi', 'Bi']","[[0.388470218980335, 0.23676899833960519, -0.11167788144642529], [3.487105721895068, -0.0019476049900020477, 0.18176146964332437], [3.71842526329861, 2.7948253596512806, -0.06375378565793556], [6.968478733448163, 2.8268357581872356, 0.20065852656769356]]",[-23374.1953125],"[[0.16578317774001863, 0.039592670809768325, 0.00943874088189676], [-0.1617276716435493, -1.3695564466893329, 0.11732356428007164], [0.4216679386543584, 1.342935744100402, -0.09453745848219172], [-0.4260382507954672, -0.01713787754792442, -0.03296036256666028]]","tensor(-6, dtype=torch.int32)"
"['Bi', 'Bi', 'Bi', 'Bi']","[[0.16525057024384793, 0.2858584637331902, 0.11857398333514366], [3.550769867838544, 0.06740738811984354, -0.0050756532341661425], [4.026234528601732, 3.112816493369773, 0.020699689555068443], [6.969711923774097, 2.7172380932242235, 0.09741188968359715]]",[-23374.2734375],"[[0.6635203306863883, -0.10660812599289864, -0.037713815569906446], [-0.6039869183830623, 0.3910425349954371, 0.04255315889271508], [-0.4979039147893566, -0.17335045273661326, -0.008205130047153586], [0.4384831168665861, -0.1138047505534002, 0.0003379836782426767]]","tensor(-6, dtype=torch.int32)"
"['Bi', 'Bi', 'Bi', 'Bi']","[[0.2122651330093427, 0.3772433065612667, 0.03141338399711692], [3.362357522386039, 0.0416571100462713, 0.12689667053922452], [3.7505238069674736, 3.118053141977063, 0.12698358591750783], [6.723974249332788, 2.761892520788192, -0.05679795310478165]]",[-23374.30078125],"[[0.20584612928831209, -0.10489088524465673, 0.026135098067115548], [-0.26308015134464346, 0.4998609881727175, -0.02082612706634484], [-0.34572604546109387, -0.3919893699676598, 0.004322616094286751], [0.40344832027695676, -0.0020523081254049166, -0.005945519930203607]]","tensor(-6, dtype=torch.int32)"
"['Bi', 'Bi', 'Bi', 'Bi']","[[0.361532785961515, 0.24758208101206228, -0.05059766368648354], [3.3869408296277217, 0.06498521084980236, -0.08744442599668197], [3.9141685531277908, 2.8656793566895113, 0.03856450184815179], [6.986411405240093, 2.8114461319085873, -0.1070330516259413]]",[-23374.23046875],"[[-0.201182042738019, 0.07330311714185621, 0.00633207007701253], [0.13699935344677444, -1.2685146078434604, -0.06695315731918375], [0.008304534092382706, 1.2396750420029459, 0.061898211450807566], [0.055772863324147104, -0.04661366835869494, 0.0003596002914118018]]","tensor(-6, dtype=torch.int32)"
"['Bi', 'Bi', 'Bi', 'Bi']","[[0.3582973448774914, 0.32413563767408576, -0.15909183387112152], [3.400923954159358, 0.11730729861592767, 0.041222130655695126], [3.7361059629053956, 2.944127184639034, -0.023324655360175264], [7.0658788823235845, 2.8239854970647804, -0.00369625887119983]]",[-23374.208984375],"[[-0.07562631581725135, 0.08659649914610096, 0.003790967203230811], [0.07425730547317458, -1.1837437472146475, 0.028703631541428548], [0.5967862828994177, 1.0723177311955465, -0.034695066257202006], [-0.5962993156921755, 0.026247928420455643, 0.0030217132820629894]]","tensor(-6, dtype=torch.int32)"
"['Bi', 'Bi', 'Bi', 'Bi']","[[0.3438183950448559, 0.29313789300978227, 0.06268905363060281], [3.4114849802827325, -0.17080157853418776, 0.2787435434709708], [3.8625485167705023, 3.2135467741716215, 0.0132025525263822], [6.791856466730186, 2.5557948072159125, 0.013640988116624734]]",[-23374.02734375],"[[-0.0372289463840007, -0.19486833548990895, 0.027357730285306855], [-0.14335198721820896, 1.2436525407864918, -0.11422111522890595], [-0.264814001428465, -1.1398318521117528, 0.0912132773721424], [0.44542659047024996, 0.09565110671949295, -0.0014567570011451987]]","tensor(-6, dtype=torch.int32)"
"['Bi', 'Bi', 'Bi', 'Bi']","[[0.4202118817956781, 0.17228597440102672, 0.19322088501260934], [3.468779328093307, -0.10611201345511156, 0.10934866232470272], [3.849654877566709, 3.252196909318464, -0.02152103394466569], [6.904431121684235, 2.899109425560265, 0.04042263971675346]]",[-23374.18359375],"[[-0.10910898799469519, -0.12112478813368856, -0.003024340436721701], [0.0074461142644189115, 1.0615427461263263, -0.03860816915546483], [0.056833392540848425, -1.0578686376830897, 0.053792084356568785], [0.04451783760342037, 0.11579997912871187, -0.014051312780847126]]","tensor(-6, dtype=torch.int32)"
"['Bi', 'Bi', 'Bi', 'Bi']","[[0.3124456961141177, 0.14469827100503027, 0.06195612319808592], [3.4411176913444432, 0.06672133416951731, 0.02948784752779953], [3.7125636696095308, 3.093977767274067, 0.07738047668896422], [6.959706872417773, 2.8671402013496357, 0.04482820490896335]]",[-23374.349609375],"[[0.16350168238089313, -0.005069299316798313, -0.003211929769460401], [-0.1334682498402159, 0.13603014986471534, 0.005949669692993938], [0.4807257480326809, -0.1868776509912624, -0.0094660203014788], [-0.5105648050671939, 0.055652329941488644, 0.006666539929471418]]","tensor(-6, dtype=torch.int32)"
"['Bi', 'Bi', 'Bi', 'Bi']","[[0.11054829895539078, 0.33864159950023753, -0.061690222389801194], [3.3053330600168893, -0.13334429304128317, 0.08200397370415743], [3.835519795359173, 3.0973558105422634, -0.09321823452476147], [6.793967483130344, 2.717410084922095, -0.057567416763508274]]",[-23374.224609375],"[[0.41215392611481, -0.15874632161804944, 0.03161829225636113], [-0.4133837368569856, 0.9650399353040297, -0.07794771471944126], [-0.4381572550722573, -0.8190253636060119, 0.042515080833901694], [0.4412901460016371, 0.012424888588540852, 0.006139802876602993]]","tensor(-6, dtype=torch.int32)"
"['Bi', 'Bi', 'Bi', 'Bi']","[[0.17882475635048867, 0.45340752179069954, -0.08411795136132964], [3.3013886788254396, 0.24208366466932463, -0.03844308360926885], [3.909062322179733, 3.0469954581846777, 0.1755892804838714], [6.864570309793998, 2.7410007425891005, -0.12154099140203403]]",[-23374.248046875],"[[0.12605071597429596, 0.004301246101468832, 0.015860177411862412], [-0.2140203906538915, -0.9551041587693598, -0.09660179834858401], [-0.333661702867651, 1.055554643562087, 0.11926130295699928], [0.4213480932447442, -0.10498694171172415, -0.038802770918832004]]","tensor(-6, dtype=torch.int32)"
"['Bi', 'Bi', 'Bi', 'Bi']","[[0.24515857865390434, 0.22428472124063312, -0.03631354088688727], [3.322873863153828, 0.25519156855890757, -0.020062741941601913], [3.7719607919609976, 3.156675707306285, -0.04997188849692675], [6.98241750371827, 2.833207265407679, -0.03658226973040135]]",[-23374.330078125],"[[-0.042398362970438315, 0.04844554951790047, -0.00025835507819373907], [0.07236163006715758, -0.5744644671663941, 0.006641070567512914], [0.4614254944007711, 0.501689969125958, -0.003762680424874759], [-0.49140452236855886, 0.02523350939327216, -0.002530145340287396]]","tensor(-6, dtype=torch.int32)"
"['Bi', 'Bi', 'Bi', 'Bi']","[[0.22484570184092895, 0.26034182917994764, 0.0007737981892097774], [3.436572998801748, -0.0633751117011211, 0.12357455539198005], [3.871944699492833, 3.0078775732122343, -0.02097594221413214], [6.871339206635368, 2.7702251189958513, 0.035294713866506976]]",[-23374.32421875],"[[0.4234475029775926, -0.09402097499438392, 0.025450099242998014], [-0.41195564252968586, 0.45172415118160464, -0.04453588161535504], [-0.3298137363327898, -0.34366479092019625, 0.014334463385911335], [0.31919641139634736, -0.012610856582732102, 0.006287903642556323]]","tensor(-6, dtype=torch.int32)"
"['Bi', 'Bi', 'Bi', 'Bi']","[[0.25839720147120276, 0.2568151750782832, -0.004871057326799113], [3.5222321249211497, 0.09372060631541869, -0.06174319592868037], [3.7142961161082795, 2.9535050267189327, -0.044436439005023996], [6.874440106404009, 2.841332217896849, 0.10393675928627893]]",[-23374.2578125],"[[0.5036619549158765, -0.024538982055585253, -0.020859613132380328], [-0.4765352589458197, -0.8628791517454236, 0.014496926342042355], [0.23392855625243458, 0.9083691908388419, 0.028198260367610715], [-0.2602135240054537, -0.022134269080620928, -0.025881761990748174]]","tensor(-6, dtype=torch.int32)"
"['Bi', 'Bi', 'Bi', 'Bi']","[[0.28676991042003186, 0.2658219153542274, 0.14397301106634786], [3.5907404657398145, 0.03138796525951743, 0.009281217256801604], [3.884759273671162, 2.8993294518259236, -0.10764501445430226], [6.903199810786945, 2.821652866084071, -0.23411916562939158]]",[-23374.23046875],"[[0.5873451868857267, -0.06130495478027405, -0.027680121088454107], [-0.5857860690690866, -0.7358789268501428, 0.05238538161936545], [-0.280196817279792, 0.8639708427496209, -0.020417995067700697], [0.2759521293084078, -0.06817669456618683, -0.004809834755556691]]","tensor(-6, dtype=torch.int32)"
"['Bi', 'Bi', 'Bi', 'Bi']","[[0.2676074211372812, 0.32241151690030556, -0.02871359237044154], [3.327352316552282, 0.12160672489747192, -0.08022175298842987], [3.753834134699969, 3.005317023285172, 0.07417736980975881], [6.703903482106442, 2.9026889279176458, 0.038244309736062014]]",[-23374.23046875],"[[-0.1005451528633221, -0.008144133162123954, -0.0024143463896005154], [0.03966186437619547, -0.6294727354108703, -0.031557825018874754], [-0.6274179086314199, 0.6739055363014484, 0.04175146791617996], [0.6870767908381958, -0.03686537676991791, -0.008155800834702968]]","tensor(-6, dtype=torch.int32)"
"['Bi', 'Bi', 'Bi', 'Bi']","[[0.2306555019934632, 0.16102984057578262, -0.09685251559541799], [3.5123945087650053, 0.13159952923042026, 0.04442261985561305], [3.963851393979915, 3.0494960446485737, -0.08725908006026353], [7.077983830411753, 2.965780400933589, 0.04445244180757536]]",[-23374.33984375],"[[0.5838155745198239, 0.01981098812987927, 0.02730749604404446], [-0.5050556992860022, -0.4441885007713303, -0.0012029858938830745], [0.11039011798426544, 0.48958870547076233, -0.01685826478276077], [-0.18912135111307823, -0.0652500062240342, -0.00870258736107759]]","tensor(-6, dtype=torch.int32)"
"['Bi', 'Bi', 'Bi', 'Bi']","[[0.4401010054558294, 0.2977070833008907, 0.05020335062187924], [3.4747271899283003, -0.01260183193784271, -0.09746740415591419], [3.816140902073711, 2.9805809970348296, 0.058446167967415044], [6.840309519666839, 2.7318435524626157, 0.059217145935990236]]",[-23374.294921875],"[[-0.19235266392573797, -0.041592697066224225, -0.005306281625381189], [0.09833775673816024, 0.07233334791678976, 0.0069164461523305515], [-0.20004484318277516, -0.06618295723153089, 0.00120314478814605], [0.29449277580352984, 0.036603242373681566, -0.005098150195498975]]","tensor(-6, dtype=torch.int32)"
"['Bi', 'Bi', 'Bi', 'Bi']","[[0.19288232840621694, 0.28387500053516246, 0.12516814401742843], [3.408370148836486, 0.08736081163331268, -0.11631315191423905], [4.006912517799115, 3.1103871924160327, 0.010218669110636075], [6.8030702709087585, 2.703838365305362, -0.10176400573203803]]",[-23374.166015625],"[[0.36396520423329504, -0.09998624614996256, -0.037412255856057376], [-0.34566762996506145, 0.3027792915950237, 0.04693145688464598], [-1.5105223974362385, 0.03671260173584016, 0.05754240033952365], [1.4945301269555311, -0.2422616604588979, -0.06846810355915844]]","tensor(-6, dtype=torch.int32)"
"['Bi', 'Bi', 'Bi', 'Bi']","[[0.43182017934693695, 0.31045010265336476, -0.06177627243436474], [3.3311032742925746, -0.024084114832032908, -0.12555659562173196], [3.8586989702964622, 3.1100945322095153, 0.029791592969216456], [6.963994866720058, 2.83231548459836, 0.17858446043769677]]",[-23374.259765625],"[[-0.8344350217891424, 0.051113147651638165, 0.0057386231447401756], [0.8207114939888491, 0.49005520668555647, 0.01567233251132857], [0.09575760187115065, -0.6350988264504015, -0.00796283943605713], [-0.0814656028484643, 0.09491397103672465, -0.01499369974214837]]","tensor(-6, dtype=torch.int32)"
"['Bi', 'Bi', 'Bi', 'Bi']","[[0.24859370870157455, 0.40054931499153185, -0.040044004782474905], [3.4853714837950553, 0.017023947653505133, -0.0009612588233020873], [3.730163020152865, 3.1155695249998696, -0.07103435056991364], [6.725670677487054, 2.594635142185206, 0.03219329851351753]]",[-23374.244140625],"[[0.33433584648823644, -0.15892794444550234, 0.004760048914932859], [-0.4489318287647448, 0.7055512056793656, -0.02131194241873562], [-0.1279991504462718, -0.571051582948373, 0.014509355061576716], [0.2412175863115015, 0.02493653652999183, 0.0012222856332940685]]","tensor(-6, dtype=torch.int32)"
"['Bi', 'Bi', 'Bi', 'Bi']","[[0.4267354106252186, 0.43117535843502663, -0.10154350174026124], [3.3282458741309138, 0.06310924521479176, 0.05594318098080705], [3.874022148002123, 3.020484290706035, -0.12018415426119966], [7.091999543135013, 2.8079968693868826, -0.07794850514404938]]",[-23374.28515625],"[[-0.7378684475732893, 0.13419870065107908, -0.03600185072826044], [0.7456789490630471, -0.2033677901626266, 0.044155682096855976], [0.36332541056988354, -0.0005667084730937088, -0.003206569016413411], [-0.3735818552676328, 0.07151254849102431, -0.005657571643995188]]","tensor(-6, dtype=torch.int32)"
"['Bi', 'Bi', 'Bi', 'Bi']","[[0.2969617069378818, 0.28726300306800107, 0.09566394014605298], [3.268265693900524, -0.0552549011500679, -0.14920851202588353], [3.7862838976785533, 2.9566079009686828, 0.06996284359648877], [6.87984377220965, 2.736539261328816, -0.08575869696998986]]",[-23374.3359375],"[[-0.3559674749081023, 0.02895010791077944, 0.0225351865598167], [0.3523646374837927, 0.1369298307789612, -0.009383246160665956], [0.03671164014272765, -0.2149816752338476, -0.017488838465152323], [-0.03216999473469059, 0.049622616620744645, 0.005256433049805633]]","tensor(-6, dtype=torch.int32)"
"['Bi', 'Bi', 'Bi', 'Bi']","[[0.32486707306541196, 0.16004794460864785, -0.06048712198831475], [3.4952129820739035, -0.1990495928433437, -0.09212757190814298], [3.9237679118950415, 3.0671099433867335, -0.03504276818729776], [6.921013316332461, 2.8651499229472357, 0.13021686536231375]]",[-23374.25390625],"[[0.3436138316274426, -0.1225057284030114, -0.014122069578858231], [-0.3639400588305135, 0.9292727852861488, 0.026730833282463118], [-0.28809694747516995, -0.861627023815503, -0.020887468479388042], [0.309099426604581, 0.05745935366162545, 0.007159981178043191]]","tensor(-6, dtype=torch.int32)"
"['Bi', 'Bi', 'Bi', 'Bi']","[[0.16192556245042128, 0.22952020073170604, -0.17700544765060763], [3.222921494384, -0.003751806986178517, -0.11996700598559326], [3.8154566206058793, 3.2067086939061213, -0.13028178585489347], [7.052699384601574, 2.818897600345176, -0.03899720560985683]]",[-23374.318359375],"[[0.010322126135321592, -0.026498739672126546, 0.0011892556812108759], [0.08859532726782308, 0.7386228096567362, -0.003954614924351786], [0.45631223588054554, -0.8213969504695818, 0.023672026160419538], [-0.5565459251351808, 0.10762643767241455, -0.02197825445477377]]","tensor(-6, dtype=torch.int32)"
"['Bi', 'Bi', 'Bi', 'Bi']","[[0.21082310352467665, 0.015856919957468657, 0.09672679885102806], [3.3069294855008597, 0.07682984835437673, 0.012915791781858369], [3.658472823459076, 3.11681212989229, -0.07225598719852817], [6.76861471587957, 2.890400547706478, 0.014612502387071343]]",[-23374.384765625],"[[0.03312622966525375, -0.010169932170878667, -0.01074931516110448], [-0.004579906015275546, 0.14777464704854407, 0.0036233131869550083], [0.14375338806506557, -0.15144129928850178, 0.01891109638505795], [-0.17328231846527262, 0.01536071977857603, -0.014923066357157053]]","tensor(-6, dtype=torch.int32)"
"['Bi', 'Bi', 'Bi', 'Bi']","[[0.22647975408300294, 0.3602646053191037, -0.11338264339718855], [3.2738147148850496, -0.07786618070326941, 0.17332103179207353], [3.7849531114646613, 2.968659513808479, -0.13097841118079032], [6.773318998332606, 2.804927835898711, 0.09369226990233633]]",[-23374.3203125],"[[0.026471542527891023, -0.050132332961300805, 0.009893893241079674], [-0.04449121638661053, 0.3742151697475054, -0.047357437491276785], [-0.40173951275173364, -0.34997633844046006, 0.01125872811132033], [0.4172145284132598, 0.02727819573626341, 0.027157415527565384]]","tensor(-6, dtype=torch.int32)"
"['Bi', 'Bi', 'Bi', 'Bi']","[[0.3566946431641054, 0.4336645610094118, -0.0018763182433335639], [3.2784198479693307, 0.055085237956589025, 0.02470009454302285], [3.952990678950593, 2.954485951209101, 0.12914513422736945], [6.7889099570956555, 2.6147370141712014, -0.10253701731448513]]",[-23374.095703125],"[[-0.7440421838881246, 0.05190921305135468, 0.004063293458017883], [0.6368281513901642, -0.3594657197981426, -0.017121463616292777], [-1.1927251297296326, 0.44010872344763624, 0.10497526889693597], [1.2995689231682324, -0.13158311596297237, -0.09185055135306654]]","tensor(-6, dtype=torch.int32)"
"['Bi', 'Bi', 'Bi', 'Bi']","[[0.4611782944150864, 0.3603130896011846, 0.10767804478143045], [3.4805175217183733, -0.11787615362395848, 0.02158710473183551], [3.8559789872291246, 2.995601999902727, -0.07552154067003247], [6.890182278479364, 2.703557511932593, -0.12027948795790692]]",[-23374.2734375],"[[-0.17233203821291415, -0.07463664624274428, 0.002159378176046459], [0.06581714047204615, 0.60104557474481, -0.02301345314916385], [-0.14286512285515, -0.6048760063464431, 0.027114400947960523], [0.25025507032839805, 0.07803317823564362, -0.006800921281391781]]","tensor(-6, dtype=torch.int32)"
"['Bi', 'Bi', 'Bi', 'Bi']","[[0.32481674235696967, 0.23188734374812256, -0.05637361315759543], [3.4858317491068003, 0.07422123560829691, 0.04609626509117753], [3.797286035462645, 2.967109464719873, -0.08284872329694407], [6.834619553385145, 2.716463188129213, -0.08918429452909793]]",[-23374.296875],"[[0.20725715148120796, -0.03799443106585587, 0.01763446582850076], [-0.25055393552464844, -0.5459272632243573, 0.007740531449747822], [-0.12528812635619663, 0.6072578776283286, -0.03145495512467329], [0.16897628393863606, -0.025009015968070793, 0.008275861134118902]]","tensor(-6, dtype=torch.int32)"
"['Bi', 'Bi', 'Bi', 'Bi']","[[0.3064683156994608, 0.28746916952698076, 0.016400621766464268], [3.2842854762295635, 0.023481943051927398, -0.06516280263096422], [3.839455494532373, 3.009066194703972, -0.04121744703537679], [6.795346581796539, 2.740825932763169, -0.1314822727817687]]",[-23374.26953125],"[[-0.45779540326792517, 0.008171705687627992, 0.010293005804861062], [0.43314442389688335, -0.005247768427374767, -0.010350495703245085], [-0.5439449415940316, 0.02165068030479547, 0.01438836916451238], [0.5688265490457999, -0.02461515874204866, -0.014417787743104062]]","tensor(-6, dtype=torch.int32)"
"['Bi', 'Bi', 'Bi', 'Bi']","[[0.4288674554557301, 0.2951565894451102, -0.03443814185196522], [3.4031500633739578, -0.03797115103412975, 0.04975107288528497], [3.776035268922384, 2.9357315599583735, 0.038703399492270946], [6.9603590722663675, 2.8581449466242956, -0.026788528931310573]]",[-23374.322265625],"[[-0.3764858664673996, 0.055415222677223236, 0.00013853882802443174], [0.3598267028810191, -0.15779352168320365, 0.002821010801751025], [0.27168095895986105, 0.05012622915903052, -0.015266195689837649], [-0.25596960736544316, 0.05474555277860505, 0.014957745415717148]]","tensor(-6, dtype=torch.int32)"
"['Bi', 'Bi', 'Bi', 'Bi']","[[0.24392238099457736, 0.3140655523071101, -0.3635130889786928], [3.2497095495868003, -0.10991502956316124, -0.018273570320049108], [3.9271193681254735, 3.086353399380749, 0.04376433372604099], [6.892699448727248, 2.5293091032312423, -0.012293240766618299]]",[-23374.259765625],"[[-0.15061340361409858, -0.08026381714619865, 0.00033708656843300976], [0.16507622682500653, 0.8269140266749679, 0.006742809175699667], [-0.3003310343929112, -0.7875894963617323, -0.017514847759072392], [0.28353225982789687, 0.042064942128647614, 0.010658575738306229]]","tensor(-6, dtype=torch.int32)"
"['Bi', 'Bi', 'Bi', 'Bi']","[[0.3273083411847895, 0.16246034278849641, -0.07329926400043166], [3.4318943166586857, 0.14138448986635857, -0.2159585133943881], [3.7245539117033366, 2.930131772123392, 0.23259626453351678], [6.91694594425025, 2.6286587940733974, -0.014677511320499775]]",[-23374.21875],"[[0.022040686016158422, 0.03426403600117826, 0.004103003654017953], [-0.054351556712935664, -1.1671909759357415, -0.19406825916704937], [0.4436982939723188, 1.1006502752131035, 0.1537236688231841], [-0.4109363538304299, 0.033495609975684834, 0.03577324353573284]]","tensor(-6, dtype=torch.int32)"
"['Bi', 'Bi', 'Bi', 'Bi']","[[0.4024782118277851, 0.21733436215923715, -0.13361173307680257], [3.497322933987004, 0.003624794140453025, -0.005761482245745617], [3.992116758931754, 3.066963812781145, -0.05882496568926781], [6.884494185296024, 2.8348976861158453, 0.061276266546652004]]",[-23374.259765625],"[[0.03348248191570501, -0.06760539512875705, 0.006930777489253294], [-0.04232202173328186, 0.3453638796701111, -0.013420507699043472], [-0.9439882452329788, -0.22342353716399807, -0.029358584437437153], [0.9534828202219107, -0.0547612365165363, 0.036934236092749796]]","tensor(-6, dtype=torch.int32)"
"['Bi', 'Bi', 'Bi', 'Bi']","[[0.354331052938713, 0.12111589395773434, -0.026856879330413752], [3.374524643582705, -0.03387102797476679, 0.17832075421229782], [3.7578047958272904, 3.1374975426494642, 0.04916144127761941], [6.851728343962734, 2.6394880677585624, 0.04897347930876749]]",[-23374.28125],"[[-0.2863828948966059, -0.07944409758435633, -0.0007191667470873455], [0.22453615695946774, 0.7318746885789765, -0.02958096955688383], [0.2159767955500619, -0.7667254969249404, 0.02581910417216058], [-0.1550035646825565, 0.11385658402171066, 0.006041072460773545]]","tensor(-6, dtype=torch.int32)"
"['Bi', 'Bi', 'Bi', 'Bi']","[[0.26302473833818246, 0.28864380121078914, 0.05399442642733116], [3.3814686027639347, 0.0035060726630764816, -0.17786392674235518], [3.7179340134455443, 2.8894119947071135, 0.019167833351654662], [6.871589948032641, 2.6753278589331426, 0.049839015023500174]]",[-23374.310546875],"[[0.17332052507931495, -0.011937273462944847, -0.02776327575274463], [-0.21061609392516387, -0.5570863713176638, -0.014561805594986111], [0.24866551063354397, 0.5483610708187363, 0.05672756587638124], [-0.21341684956504242, 0.021711502354713735, -0.01702323713696079]]","tensor(-6, dtype=torch.int32)"
"['Bi', 'Bi', 'Bi', 'Bi']","[[0.09172221048956447, 0.2578081148295933, -0.07083861282638403], [3.4076158760197144, -0.011410734332249695, -0.21538447676639316], [3.752387103596357, 3.0682727297921035, -0.17105096457003138], [7.082346177437074, 2.8209286401831344, -0.09484486548629062]]",[-23374.279296875],"[[0.6818595054267084, -0.04795076101052935, -0.04385861667381081], [-0.5941359882994959, 0.4468784932259502, 0.04748973624848825], [0.6017551996085843, -0.4478960335740924, 0.019936895121107606], [-0.6902083962152861, 0.04934431511891623, -0.02840240607117473]]","tensor(-6, dtype=torch.int32)"
"['Bi', 'Bi', 'Bi', 'Bi']","[[0.5032306543288515, 0.120623941400168, -0.1717278740919679], [3.4859959694700113, -0.02730744793274262, -0.13272875662572606], [3.775423452831785, 2.934353103036973, -0.011116945205557654], [6.859220928648403, 2.8063857649571746, 0.17377723580402257]]",[-23374.2890625],"[[-0.48391551179534575, 0.0015462746350475619, -0.013064707962998098], [0.42915216697305475, -0.2194154422359635, 0.0018173847573688174], [0.0198981125796396, 0.16952300361629163, 0.01723756441465722], [0.0372558658489417, 0.04856300785948256, -0.006651421834547533]]","tensor(-6, dtype=torch.int32)"
"['Bi', 'Bi', 'Bi', 'Bi']","[[0.24530619961682365, 0.17565867344550912, 0.07087710725483017], [3.425474239901861, -0.08502100734555147, 0.09675784877771497], [3.9022732675384777, 2.938134436956252, 0.0717320883173854], [7.1060079363710775, 2.75801963243628, -0.07351391719231695]]",[-23374.38671875],"[[0.39630522611378777, -0.017236618248172186, 0.009538427748629555], [-0.31436813410764625, 0.17390827958604962, -0.011012359728361752], [0.343115345871687, -0.17786695788407791, -0.024784743657863213], [-0.42489102393236566, 0.02257562489263351, 0.0284360772567399]]","tensor(-6, dtype=torch.int32)"
"['Bi', 'Bi', 'Bi', 'Bi']","[[0.33020864852761117, 0.10605988549801332, -0.13090325772674713], [3.3781259246039435, 0.08947515624514754, 0.028335073215277538], [3.748748512718789, 3.1195702685785087, 0.25327089271998854], [6.937258809466027, 2.800017614964881, -0.12987321882659394]]",[-23374.34765625],"[[-0.14914355454843767, -0.009054592146764521, 0.017278594101527173], [0.1642702369616155, 0.1716477130181963, 0.0004168188354185683], [0.44310066642400125, -0.2339767901743346, -0.0899016026601749], [-0.4597194636684931, 0.07227853196716778, 0.07366667132931153]]","tensor(-6, dtype=torch.int32)"
"['Bi', 'Bi', 'Bi', 'Bi']","[[0.2319923214506764, 0.24124532727346953, 0.07215890639215539], [3.4095963303423398, 0.3267139146262523, -0.0906208029457798], [3.90959022397103, 2.879573270455959, 0.11933381341202892], [6.9968090353993935, 2.8868173827879016, -0.0043005439643197555]]",[-23373.576171875],"[[0.2997353608840736, 0.1322380791433993, -0.008029719008363266], [-0.7627382279439948, -4.413893392162907, -0.3658757920458696], [0.49649901182535844, 4.435607912994397, 0.38179524884490296], [-0.03427109111214273, -0.15287150192155619, -0.007933338582118924]]","tensor(-6, dtype=torch.int32)"
"['Bi', 'Bi', 'Bi', 'Bi']","[[0.2585364201804262, 0.1545318236195568, 0.11858457060524777], [3.3371446123990363, 0.09052462754911973, -0.15341599313293747], [3.7289167224600956, 3.0333202684853173, -0.269957410465838], [6.851795384731153, 2.7939512763995067, -0.04815620979088337]]",[-23374.353515625],"[[0.0010168446072432065, 0.002371686622427541, -0.018959535995324274], [-0.0023002664794350824, -0.28439738509660245, 0.02712898939534116], [0.2100991476385319, 0.26666915622631865, 0.026368636638225456], [-0.20842263318681967, 0.016009059793607727, -0.03579037223443742]]","tensor(-6, dtype=torch.int32)"
"['Bi', 'Bi', 'Bi', 'Bi']","[[0.28057923369412274, 0.3226538494345554, -0.04517221869533977], [3.4498528539705604, -0.0775769911940696, 0.17032371499137428], [3.959562641849632, 2.9953603203496613, 0.04604343950178391], [7.042388497988284, 2.84855331874884, 0.08827938569743955]]",[-23374.375],"[[0.41066211981604533, -0.06718291122435353, 0.03837214175512256], [-0.35184131485780507, 0.4317731509807772, -0.05161785548047465], [-0.045695038403702655, -0.38052255207835145, 0.012576388354747477], [-0.014006596130011038, 0.01866103589592408, 0.002191244960418161]]","tensor(-6, dtype=torch.int32)"
"['Bi', 'Bi', 'Bi', 'Bi']","[[0.34295420686705147, 0.16247136710213197, -0.06426512269128781], [3.3617817127744214, 0.006489238509604768, -0.14693908175447032], [3.863797577432506, 3.055526708085098, 0.1999022012937792], [6.745748460619105, 2.8884158013264116, -0.1563798258498195]]",[-23374.25],"[[-0.2914394862719126, -0.04817166003152943, 0.00889888091125767], [0.27450603724905587, 0.3132044007531482, 0.026946296988383415], [-0.9044605976580105, -0.24743292309842316, 0.06625484531555671], [0.921107471364504, -0.01958546112063719, -0.10292064780585189]]","tensor(-6, dtype=torch.int32)"
"['Bi', 'Bi', 'Bi', 'Bi']","[[0.32486707306541196, 0.16004794460864785, -0.06048712198831475], [3.4952129820739035, -0.1990495928433437, -0.09212757190814298], [3.9237679118950415, 3.0671099433867335, -0.03504276818729776], [6.921013316332461, 2.8651499229472357, 0.13021686536231375]]",[-23374.25390625],"[[0.3436138316274426, -0.1225057284030114, -0.014122069578858231], [-0.3639400588305135, 0.9292727852861488, 0.026730833282463118], [-0.28809694747516995, -0.861627023815503, -0.020887468479388042], [0.309099426604581, 0.05745935366162545, 0.007159981178043191]]","tensor(-6, dtype=torch.int32)"
"['Bi', 'Bi', 'Bi', 'Bi']","[[0.2585364201804262, 0.1545318236195568, 0.11858457060524777], [3.3371446123990363, 0.09052462754911973, -0.15341599313293747], [3.7289167224600956, 3.0333202684853173, -0.269957410465838], [6.851795384731153, 2.7939512763995067, -0.04815620979088337]]",[-23374.353515625],"[[0.0010168446072432065, 0.002371686622427541, -0.018959535995324274], [-0.0023002664794350824, -0.28439738509660245, 0.02712898939534116], [0.2100991476385319, 0.26666915622631865, 0.026368636638225456], [-0.20842263318681967, 0.016009059793607727, -0.03579037223443742]]","tensor(-6, dtype=torch.int32)"
"['Bi', 'Bi', 'Bi', 'Bi']","[[0.5674985854136583, 0.5273449860544092, -0.10121125056303722], [3.5099142119573448, -0.060323704511558815, 0.14432661873123878], [3.9458332434407013, 2.9814845989520466, 0.12802254472654778], [6.7994388042684335, 2.686462835358406, 0.020384638661951508]]",[-23374.068359375],"[[-0.4699610988038679, -0.07385539040540219, -0.015521408672547617], [0.24802155178071467, 0.3427586308224116, 0.011013203050663629], [-1.1673287871411702, -0.2603848109924995, 0.03237072086916468], [1.3901062571465843, -0.009440484090801247, -0.02590969961310241]]","tensor(-6, dtype=torch.int32)"
"['Bi', 'Bi', 'Bi', 'Bi']","[[0.35701338419575157, 0.17227244799104058, 0.13680292385614154], [3.3765893539610596, 0.030089885474866334, -0.004498027813636391], [3.7611294527170664, 3.0065672050663768, 0.049590543331687276], [7.0191044363553985, 2.703854582585145, -0.01481980581500992]]",[-23374.31640625],"[[-0.24695752586178604, 0.033662968314934066, 0.004422627948638319], [0.2622393487252542, -0.11397423776724075, -0.0074250260646628406], [0.5112368403820247, 0.00295709113957712, -0.007784358498399614], [-0.5263441880887693, 0.07597017534363235, 0.010716003930180356]]","tensor(-6, dtype=torch.int32)"
"['Bi', 'Bi', 'Bi', 'Bi']","[[0.43182017934693695, 0.31045010265336476, -0.06177627243436474], [3.3311032742925746, -0.024084114832032908, -0.12555659562173196], [3.8586989702964622, 3.1100945322095153, 0.029791592969216456], [6.963994866720058, 2.83231548459836, 0.17858446043769677]]",[-23374.259765625],"[[-0.8344350217891424, 0.051113147651638165, 0.0057386231447401756], [0.8207114939888491, 0.49005520668555647, 0.01567233251132857], [0.09575760187115065, -0.6350988264504015, -0.00796283943605713], [-0.0814656028484643, 0.09491397103672465, -0.01499369974214837]]","tensor(-6, dtype=torch.int32)"
"['Bi', 'Bi', 'Bi', 'Bi']","[[0.16618327663155394, 0.1970952847561559, -0.053318458044435656], [3.3861728408573035, -0.14206656255767425, -0.036733205287286165], [3.876653076563792, 2.9197454663298745, 0.12851882782969426], [6.853413419554518, 2.697527228154013, -0.014992540486907785]]",[-23374.322265625],"[[0.45255760044189824, -0.09380567069694751, 0.00708517746142491], [-0.4212063225382642, 0.42245248550556147, 0.012179332674629203], [-0.44610464216979534, -0.2980709820459737, -0.007423467975288032], [0.41504513321377395, -0.029124896742261666, -0.010696021305393209]]","tensor(-6, dtype=torch.int32)"
"['Bi', 'Bi', 'Bi', 'Bi']","[[0.30673825622031575, 0.3100096777717059, -0.09362300317074254], [3.2935298905641357, -0.0017061748776357952, 0.09531570201300954], [3.9389271044834824, 2.9636356771526753, -0.06585993251659969], [6.836243456851569, 2.807460307375651, -0.0693606469306568]]",[-23374.234375],"[[-0.3254524744797987, 0.020297605666898665, -0.011530103057413211], [0.3323874634383522, -0.0781745375653911, 0.02040502127399561], [-1.0075258958074709, 0.1099125095976905, -0.012492009844677405], [1.0009073584004873, -0.05081041037189197, 0.00486371225200737]]","tensor(-6, dtype=torch.int32)"
"['Bi', 'Bi', 'Bi', 'Bi']","[[0.4718324618251692, 0.17339730335194553, -0.17607649353260038], [3.176521102294031, 0.10539164728910708, -0.1155384298016777], [3.6902951041513385, 3.0277677235063574, 0.06994276771022673], [6.916522889263163, 2.686011668433525, -0.23046344199808866]]",[-23373.814453125],"[[-2.9456116718532837, 0.13389736719443296, -0.045476977882157675], [2.893051095167913, -0.5065788730606294, 0.030235228254656132], [0.5156843885046835, 0.259437461799361, -0.0425826340356075], [-0.46419729940309123, 0.11350578251296664, 0.05932386728014626]]","tensor(-6, dtype=torch.int32)"
"['Bi', 'Bi', 'Bi', 'Bi']","[[0.33950145083107935, 0.18577168627435478, 0.018233398465534074], [3.4397054226843835, -0.0046892356233241735, -0.12725624927043477], [3.687866913762705, 3.1006883566564616, -0.18076249833872426], [6.918078292054465, 2.8542834653732183, 0.08278397058920937]]",[-23374.326171875],"[[0.08314818510698273, -0.03961834071788398, -0.030078509146154356], [-0.1040635552132609, 0.4963968875514849, 0.013315051273635645], [0.4791687899438872, -0.5499854946916801, 0.07314540558698698], [-0.45895851955732425, 0.0932509291730058, -0.05969842579519924]]","tensor(-6, dtype=torch.int32)"
"['Bi', 'Bi', 'Bi', 'Bi']","[[0.3286924697870697, 0.31292850963381635, 0.03954236555326141], [3.1799890226636034, -0.05787474291618297, -0.027733618280651632], [3.685389931963634, 2.9824554049316054, -0.06077192043683452], [6.823121658063651, 2.8056378177028036, 0.1848007514472519]]",[-23374.23046875],"[[-1.1376875508929571, 0.13605884339181581, 0.011220701474598518], [1.1092686177615492, 0.08984221014440251, -0.023403782819703747], [0.1740724189023661, -0.31529599432807676, 0.03923375489497334], [-0.14731503639402135, 0.09178735360251737, -0.028287822224511837]]","tensor(-6, dtype=torch.int32)"
"['Bi', 'Bi', 'Bi', 'Bi']","[[0.24515857865390434, 0.22428472124063312, -0.03631354088688727], [3.322873863153828, 0.25519156855890757, -0.020062741941601913], [3.7719607919609976, 3.156675707306285, -0.04997188849692675], [6.98241750371827, 2.833207265407679, -0.03658226973040135]]",[-23374.330078125],"[[-0.042398362970438315, 0.04844554951790047, -0.00025835507819373907], [0.07236163006715758, -0.5744644671663941, 0.006641070567512914], [0.4614254944007711, 0.501689969125958, -0.003762680424874759], [-0.49140452236855886, 0.02523350939327216, -0.002530145340287396]]","tensor(-6, dtype=torch.int32)"
"['Bi', 'Bi', 'Bi', 'Bi']","[[0.15968134916168697, 0.40224437613722186, 0.0539828328674275], [3.3408716905947866, -0.0062236491714430416, -0.15661259233864605], [3.874490893904346, 3.040329392733224, -0.024704926503211305], [6.80382418921726, 2.684269464401439, 0.05261223025070162]]",[-23374.287109375],"[[0.3563842509603407, -0.11080005489832397, -0.04326023836295614], [-0.35914644003153584, 0.4307903719665416, 0.05549904068649511], [-0.6343002413681977, -0.2574686641791203, -0.01791509160886849], [0.6385831873757158, -0.06188890405223197, 0.0023626738724366937]]","tensor(-6, dtype=torch.int32)"
"['Bi', 'Bi', 'Bi', 'Bi']","[[0.2119084027842681, 0.3827189856564668, 0.07010165317615749], [3.4991177559952678, -0.023923326026564027, 0.04058266441117422], [3.7270716643220925, 3.1493951196145824, 0.0568162848066932], [6.851398798398294, 2.7175477675354225, 0.003553753399428104]]",[-23374.240234375],"[[0.5227328145972577, -0.1503850381054014, -0.005013087771610915], [-0.5731146372624758, 0.9128521687825978, 0.01217407219466079], [0.26612644747180614, -0.8401248762222302, -0.014073218591859286], [-0.21593576072098278, 0.077952496973958, 0.007245382987735664]]","tensor(-6, dtype=torch.int32)"
"['Bi', 'Bi', 'Bi', 'Bi']","[[0.3873027472055186, 0.23788529488926552, 0.05703113448121485], [3.3779397475586657, -0.001785539519573557, 0.02674333429314058], [3.8872769098249735, 2.891796333566445, 0.014152244684138175], [6.759004584650184, 2.8424768531256723, 0.11386965616264616]]",[-23374.1328125],"[[-0.3941573253485815, 0.0173414061863895, -0.002377888640892744], [0.32785861698890884, -0.59724033996805, 0.004807676570373168], [-1.177629146305127, 0.6144795961695202, -0.03923949874260258], [1.2438664566874555, -0.03683489375403057, 0.03484337271152165]]","tensor(-6, dtype=torch.int32)"
"['Bi', 'Bi', 'Bi', 'Bi']","[[0.23523065014390715, 0.45466583631059576, -0.14601853821235314], [3.3849250854801913, -0.08998914031524596, -0.06115458963166259], [3.9493003898053742, 2.9722424355747337, 0.007961038784363463], [6.787531267065946, 2.829715231001478, -0.005874319171287114]]",[-23374.154296875],"[[0.34419356428789116, -0.13801915636694614, 0.012418321987446362], [-0.3538793266133095, 0.4373372269778656, -0.006093353301280732], [-1.4649727087165898, -0.25540694683939846, -0.003974091555757808], [1.476399725907017, -0.04517075932681165, -0.0017639880574743907]]","tensor(-6, dtype=torch.int32)"
"['Bi', 'Bi', 'Bi', 'Bi']","[[0.40827486686216014, 0.21690799922830167, -0.12986980832253195], [3.5400779993642333, 0.000712792655762004, -0.04277718725086727], [4.120123301122397, 2.8946120897618135, -0.12859995199229643], [7.085950035068225, 2.8362755208421815, 0.09082050787742615]]",[-23374.3046875],"[[0.22374425674916906, 0.004861501616290439, 0.0055111009583448745], [-0.20097182922764883, -0.510661015800536, 0.020028688696783203], [-0.5281989829319818, 0.572360275179029, -0.06054894718989668], [0.5051988069668634, -0.06932818946288935, 0.035605849201019515]]","tensor(-6, dtype=torch.int32)"
"['Bi', 'Bi', 'Bi', 'Bi']","[[0.3388973945490701, 0.28478333445461135, -0.03602887610528373], [3.4372382063129185, 0.1308660091317582, 0.031412657993538776], [3.8287588616731316, 3.0892534854482605, 0.09384691614336278], [6.928427404017648, 2.7906471667890465, 0.09140910956785549]]",[-23374.349609375],"[[0.03397304866935759, -0.015620699589175264, 0.006555329372016027], [-0.04348515344930844, -0.15571468078698641, -0.007806485424405557], [0.11989230344275095, 0.15274762610294518, -0.0006500405436001738], [-0.10994896786061917, 0.01660599828589821, 0.003326043618206275]]","tensor(-6, dtype=torch.int32)"
"['Bi', 'Bi', 'Bi', 'Bi']","[[0.23670193948531687, 0.31497383104050114, -0.10284830903588041], [3.324473233471311, -0.05252853529347741, -0.237525778391412], [3.952238031954718, 2.917263175072982, 0.010663572394656167], [6.812551653487777, 2.816786097336552, -0.025860697731201806]]",[-23374.216796875],"[[0.11579823077759824, -0.035214347106791645, -0.014609391598532244], [-0.10102728639395589, 0.013310305014583012, 0.007931045156834553], [-1.3078525079005063, 0.08420064105530634, 0.023139452700157027], [1.2916946582849183, -0.06040542813230293, -0.01871261739598581]]","tensor(-6, dtype=torch.int32)"
"['Bi', 'Bi', 'Bi', 'Bi']","[[0.25168153745897537, 0.12136742677885105, -0.07469787164488942], [3.3780890498141076, 0.17263402562948493, 0.0373783080095717], [3.7108437612431655, 3.0268438860650457, 0.04243254171831777], [7.087517872130817, 2.6389592872224124, -0.12304508396750986]]",[-23374.20703125],"[[0.14022177023759122, 0.0809161577999551, 0.01842003083711707], [-0.10871056962915011, -0.9755804356356549, -0.017417711428081857], [0.7499572670823231, 0.8222227892603218, -0.04912179630203145], [-0.7802880735785951, 0.07322721813468731, 0.05374379901257719]]","tensor(-6, dtype=torch.int32)"
"['Bi', 'Bi', 'Bi', 'Bi']","[[0.28454273894492854, 0.28283335235522034, -0.05047337500534144], [3.297206172339461, 0.10829507657338108, 0.08266057185979364], [4.042668204301515, 3.1484954172998423, -0.10875341707484586], [6.869072010882412, 2.9854842319923525, -0.02669409457474079]]",[-23374.17578125],"[[-0.2642793145202386, -0.004796779714946909, -0.006256279056235953], [0.35217566129724415, 0.2151366614178632, 0.0014451032125309133], [-1.5730927984681518, -0.10631481438253865, -0.037290431778900325], [1.4857138093545108, -0.10484455394014511, 0.04365763342887883]]","tensor(-6, dtype=torch.int32)"
"['Bi', 'Bi', 'Bi', 'Bi']","[[0.34220422458857974, 0.14457540651538828, -0.024958689249567928], [3.4894791460890624, 0.1155506722284542, 0.04034302260465456], [3.931720741486166, 3.0770239158581933, -0.08482184359927053], [6.9813638509721, 2.850959605961301, 0.013730044890665023]]",[-23374.369140625],"[[0.20474945034123151, -0.004632479447483812, 0.005797907674120265], [-0.16764203492846588, -0.16852268966882794, 0.0032998944561971133], [-0.08720173716397212, 0.2077445814872743, -0.006647328636057937], [0.051696736968955055, -0.03391489028378305, -0.0022635037977242543]]","tensor(-6, dtype=torch.int32)"
"['Bi', 'Bi', 'Bi', 'Bi']","[[0.4675789848613934, 0.28826831034486783, -0.03326280247986512], [3.444163860044042, 0.17448805614578033, 0.06365603917940461], [3.8756754166483556, 3.0813068191378012, 0.03427034282060685], [6.778786445632333, 2.958562355021265, 0.09434760002435878]]",[-23374.15625],"[[-0.5363133889829647, -0.003974653084997838, -0.011809530703047183], [0.462442469105906, -0.5375187228095492, 0.018004488915076566], [-0.9147229044741996, 0.5770638538956538, -0.024867008719969438], [0.9893384162373053, -0.0357763185768092, 0.019542446541032328]]","tensor(-6, dtype=torch.int32)"
"['Bi', 'Bi', 'Bi', 'Bi']","[[0.3214845819833562, 0.4703332065732963, 0.09153557230459079], [3.3573505251716034, -0.1880806731664688, 0.009705134311783466], [3.7324863018236485, 3.0409395964074406, 0.0816904405793274], [6.904611899029331, 2.7031978832405374, -0.028973383466196267]]",[-23374.234375],"[[0.04537697734066625, -0.11115435310929526, 0.003565373859490595], [-0.12548260470654402, 0.9798731518405729, 0.025867050130347752], [0.3065343384104037, -1.025006835839357, -0.043645595517240454], [-0.22761947699256646, 0.15006390714349782, 0.01659681944255157]]","tensor(-6, dtype=torch.int32)"
"['Bi', 'Bi', 'Bi', 'Bi']","[[0.4242662762851879, 0.1916561907266087, 0.05388044411742819], [3.5479159912363123, 0.1435562732006814, -0.0037882999936701836], [3.869047449455701, 3.0551829442457907, -0.10688788716162982], [6.8243370166341135, 2.863904138942924, 0.14815217537181288]]",[-23374.2734375],"[[0.072793627058503, -0.03529201503391081, -0.018518961799103673], [-0.12205527088078953, -0.4767742688274736, 0.03348056387168916], [-0.48327674657376585, 0.5565299842867916, -0.0500826849318824], [0.5317399081580317, -0.044965091529336934, 0.0329234517893257]]","tensor(-6, dtype=torch.int32)"
"['Bi', 'Bi', 'Bi', 'Bi']","[[0.320067405787731, 0.29040285829356643, -0.023112241845323074], [3.349593933268551, -0.018324570722981364, -0.10511282504583896], [3.6124615462791456, 2.9744259309680676, 0.03869458165344867], [6.782960639763525, 2.738534034749604, 0.09807010276759849]]",[-23374.314453125],"[[-0.1982070690518748, -0.010602078286289656, -0.009048339220428655], [0.13141789678273277, 0.04041117681024941, 0.007318834303345448], [0.29051589408508305, -0.110400402402581, 0.010394970670250758], [-0.2230520125523482, 0.08318387203853775, -0.011584507630302564]]","tensor(-6, dtype=torch.int32)"
"['Bi', 'Bi', 'Bi', 'Bi']","[[0.2833398847877804, 0.09668979695964999, -0.0648077014851732], [3.392103944083973, 0.1924966913762171, -0.07008839401125799], [3.7376395638880733, 3.0712853802252957, -0.05966549635586213], [6.978172778403996, 2.6749764118180392, 0.09738539328366903]]",[-23374.28125],"[[0.041995033795147546, 0.04893878507810593, -0.0069943557632801325], [-0.03312075321250071, -0.7756575142320108, 0.00783153826742228], [0.5742875751713663, 0.6729886804086156, 0.03542982109713026], [-0.5841153653137227, 0.054112495409190296, -0.03921596285128741]]","tensor(-6, dtype=torch.int32)"
"['Bi', 'Bi', 'Bi', 'Bi']","[[0.07953562854717625, 0.2958166818025225, -0.0363177776988139], [3.2850190653263796, 0.2143039711708216, -0.24326943974996398], [3.9491918983718666, 3.024213710132259, -0.03860848443233079], [6.824635366356367, 2.701842122394078, -0.10162334024162356]]",[-23374.19140625],"[[0.3562001084504005, -0.0005022570005297869, -0.02858945392928912], [-0.40249891420015516, -0.8845545917873137, -0.0487059921273239], [-0.9029765560950741, 1.103630699640955, 0.107517731370819], [0.9523268516032408, -0.21914640185282824, -0.03251796288618867]]","tensor(-6, dtype=torch.int32)"
"['Bi', 'Bi', 'Bi', 'Bi']","[[0.5102716456652566, 0.4274687178818707, -0.07360561270282848], [3.346585722197837, 0.012109939195757164, 0.10794389792332142], [3.6785136771767806, 2.9257851907543455, -0.14754648641474885], [6.840446112524982, 2.647033456173681, -0.12744751235155527]]",[-23374.123046875],"[[-1.2680559227865862, 0.1451146336733141, -0.06377995147000697], [1.1015085099215376, -0.47384135841223995, 0.0937787769430523], [0.274424893188546, 0.21159460490579857, -0.031070425866063373], [-0.10665779973336283, 0.11929133345848075, 0.0021414020412726786]]","tensor(-6, dtype=torch.int32)"
"['Bi', 'Bi', 'Bi', 'Bi']","[[0.3880942992800059, 0.09311157306451878, 0.05821227385152546], [3.50092348293333, 0.0884253952344039, 0.06772252627868945], [3.8608752056743008, 2.9962266512081044, -0.07421377773021662], [6.935932628000047, 2.64878066756626, -0.04923250499300896]]",[-23374.328125],"[[0.03520786792325283, -0.004663974964354322, 0.00011694391497795246], [-0.05672530330435181, -0.4808495724292003, 0.022024112676042883], [0.09328903294286496, 0.4894605101964588, -0.022935641240188268], [-0.07121841412719908, -0.004858056850375639, 0.00042645446120469823]]","tensor(-6, dtype=torch.int32)"
"['Bi', 'Bi', 'Bi', 'Bi']","[[0.4024782118277851, 0.21733436215923715, -0.13361173307680257], [3.497322933987004, 0.003624794140453025, -0.005761482245745617], [3.992116758931754, 3.066963812781145, -0.05882496568926781], [6.884494185296024, 2.8348976861158453, 0.061276266546652004]]",[-23374.259765625],"[[0.03348248191570501, -0.06760539512875705, 0.006930777489253294], [-0.04232202173328186, 0.3453638796701111, -0.013420507699043472], [-0.9439882452329788, -0.22342353716399807, -0.029358584437437153], [0.9534828202219107, -0.0547612365165363, 0.036934236092749796]]","tensor(-6, dtype=torch.int32)"
"['Bi', 'Bi', 'Bi', 'Bi']","[[0.20334775810417977, 0.25958782005800457, 0.06904789980784673], [3.432098799343212, 0.060592932138563926, 0.227778118861491], [3.9652274466871393, 2.8911730468370234, 0.08257624209988315], [6.950391862357568, 2.915424710064131, 0.02230989623225575]]",[-23374.23828125],"[[0.500170806274474, -0.0009456090695595122, 0.02871221903072205], [-0.5036282220238014, -0.9652919035527611, 0.025610962972080962], [-0.44492388810298505, 1.0584671908290557, -0.05256566747243736], [0.4480407353397925, -0.09589423036847297, 0.002104877443845856]]","tensor(-6, dtype=torch.int32)"
"['Bi', 'Bi', 'Bi', 'Bi']","[[0.19934207939225368, 0.06246496422300879, 0.10636337466882467], [3.3763525078461742, -0.0019249002238027751, -0.07222392996840674], [3.8630186324043363, 2.899865096117776, 0.07368715642449798], [6.9529230560194915, 2.8264250107449094, 0.12351262476738555]]",[-23374.35546875],"[[0.3486209035285598, 0.02547989320285821, -0.025789053101842492], [-0.29765142920079013, -0.5339711127115941, -0.003510076599091452], [0.01689602402460638, 0.5634462556040107, 0.03761108451535224], [-0.06824760563047266, -0.05447455835598985, -0.011595835917077161]]","tensor(-6, dtype=torch.int32)"
"['Bi', 'Bi', 'Bi', 'Bi']","[[0.22484570184092895, 0.26034182917994764, 0.0007737981892097774], [3.436572998801748, -0.0633751117011211, 0.12357455539198005], [3.871944699492833, 3.0078775732122343, -0.02097594221413214], [6.871339206635368, 2.7702251189958513, 0.035294713866506976]]",[-23374.32421875],"[[0.4234475029775926, -0.09402097499438392, 0.025450099242998014], [-0.41195564252968586, 0.45172415118160464, -0.04453588161535504], [-0.3298137363327898, -0.34366479092019625, 0.014334463385911335], [0.31919641139634736, -0.012610856582732102, 0.006287903642556323]]","tensor(-6, dtype=torch.int32)"
"['Bi', 'Bi', 'Bi', 'Bi']","[[0.11054829895539078, 0.33864159950023753, -0.061690222389801194], [3.3053330600168893, -0.13334429304128317, 0.08200397370415743], [3.835519795359173, 3.0973558105422634, -0.09321823452476147], [6.793967483130344, 2.717410084922095, -0.057567416763508274]]",[-23374.224609375],"[[0.41215392611481, -0.15874632161804944, 0.03161829225636113], [-0.4133837368569856, 0.9650399353040297, -0.07794771471944126], [-0.4381572550722573, -0.8190253636060119, 0.042515080833901694], [0.4412901460016371, 0.012424888588540852, 0.006139802876602993]]","tensor(-6, dtype=torch.int32)"
"['Bi', 'Bi', 'Bi', 'Bi']","[[0.2517166182036577, 0.26852936191411475, -0.10883498370301599], [3.36144598376714, -0.11040755501381469, -0.06117617451968675], [3.933468476956577, 3.046760562355667, -0.03832289140488999], [6.878495272316967, 2.7979668241576814, -0.04683239426261653]]",[-23374.2890625],"[[0.17078983826440325, -0.08611369712827664, 0.005650835349998491], [-0.14165989187274863, 0.6749298643656789, -0.0015364221623012481], [-0.6341799136739056, -0.5837122161157524, -0.004600022851721713], [0.606047915813502, -0.003384759933474429, 0.0013783516812328064]]","tensor(-6, dtype=torch.int32)"
"['Bi', 'Bi', 'Bi', 'Bi']","[[0.320067405787731, 0.29040285829356643, -0.023112241845323074], [3.349593933268551, -0.018324570722981364, -0.10511282504583896], [3.6124615462791456, 2.9744259309680676, 0.03869458165344867], [6.782960639763525, 2.738534034749604, 0.09807010276759849]]",[-23374.314453125],"[[-0.1982070690518748, -0.010602078286289656, -0.009048339220428655], [0.13141789678273277, 0.04041117681024941, 0.007318834303345448], [0.29051589408508305, -0.110400402402581, 0.010394970670250758], [-0.2230520125523482, 0.08318387203853775, -0.011584507630302564]]","tensor(-6, dtype=torch.int32)"
"['Bi', 'Bi', 'Bi', 'Bi']","[[0.3357319826118488, 0.3570668356821778, 0.04002329531924695], [3.4579331290545423, 0.11252828415261049, 0.14486778484350563], [3.883542743486, 3.011736957317962, -0.1349527303070629], [7.003311944108624, 2.7748441619066173, -0.07929148217963619]]",[-23374.34375],"[[0.16391532168554526, -0.005695330885840794, 0.010834819814980108], [-0.17405411263776438, -0.4035781610581908, 0.030140539615224702], [0.158074851946226, 0.405608048123226, -0.03853769517895741], [-0.14819132025659926, 0.0038240732600095394, -0.001652561013013458]]","tensor(-6, dtype=torch.int32)"
"['Bi', 'Bi', 'Bi', 'Bi']","[[0.34456589773499013, 0.12666137051038526, -0.04816265215637741], [3.5827995382108972, -0.07101292393516592, 0.04675432033820114], [3.938313190079399, 2.9714369458325445, -0.009364358475797467], [6.889864511110775, 2.954417344973419, -0.09151562746108052]]",[-23374.298828125],"[[0.48110935683585154, -0.0714288333259356, 0.02504529425367896], [-0.46053445239791024, 0.21255599232993783, -0.029020602456123496], [-0.6480237691684911, -0.12470402281796394, 0.013465064941395672], [0.6277105003324979, -0.01872568374945574, -0.006288752107067358]]","tensor(-6, dtype=torch.int32)"
"['Bi', 'Bi', 'Bi', 'Bi']","[[0.15064783994458814, 0.1560784738605394, -0.15220938393707797], [3.4547983362486656, 0.2570554934734496, -0.0023296171992551558], [3.736402046108065, 2.959405092925719, -0.006018036683846652], [6.965596394831938, 2.787280012286018, -0.006066970361538883]]",[-23373.970703125],"[[0.5580381942327696, 0.08830695217825459, 0.03154618305734153], [-0.5794153861435083, -2.5893270254843292, -0.02021902242654941], [0.5364152047242887, 2.571595659866459, -0.013019914179024645], [-0.5172671604834493, -0.06418207222614565, 0.0046839005106198185]]","tensor(-6, dtype=torch.int32)"
"['Bi', 'Bi', 'Bi', 'Bi']","[[0.41140432347065536, 0.21979331407542604, -0.003698725572640967], [3.451692781026472, -0.1514522319878213, -0.07304795588885232], [3.905648653174843, 2.845646498904374, 0.0137611991242343], [6.8603468839878525, 2.744450545220649, -0.03715896110081104]]",[-23374.279296875],"[[-0.09614146778477921, -0.030282089206711018, -0.0021700338618632184], [0.05172496769723128, 0.04833771224965258, 0.003257610070292657], [-0.6353266263160914, -0.027520357792130926, 0.006930119286481098], [0.6781216335899154, 0.011188927764212573, -0.008410324761385791]]","tensor(-6, dtype=torch.int32)"
"['Bi', 'Bi', 'Bi', 'Bi']","[[0.38143606076855063, 0.24060912589218236, -0.11283489960317075], [3.451164744359484, -0.0883346125486989, -0.00718108253300929], [3.9796173725764707, 3.0303624438117747, 0.09346613060136628], [6.895618454814976, 2.7088051180566173, 0.008104559268755848]]",[-23374.263671875],"[[-0.029402349779579052, -0.07954745598842779, 0.00925611018144891], [0.006406323577250927, 0.5844089854566321, 0.011089158622133251], [-0.7344031128218589, -0.4763485453313006, -0.008098233803181578], [0.7572869720158282, -0.028209496094620475, -0.010088335595962953]]","tensor(-6, dtype=torch.int32)"
"['Bi', 'Bi', 'Bi', 'Bi']","[[0.46797757552534497, 0.34828368861270975, 0.19643099364139166], [3.2278223497793137, 0.024326908227420948, -0.13805921548606542], [3.9982281610810784, 3.00725672711221, 0.028062697121592383], [6.90881166206951, 2.749544849448261, 0.07795513394422839]]",[-23374.01953125],"[[-1.8204474571431932, 0.19388154555253023, 0.20416627240064728], [1.8081066693854282, -0.11296394793401096, -0.21140310903676268], [-0.8681987671191508, -0.05040914322247346, 0.0035722644197620254], [0.8831214580950394, -0.0307616310639293, 0.003626451477204004]]","tensor(-6, dtype=torch.int32)"
"['Bi', 'Bi', 'Bi', 'Bi']","[[0.30419773560625424, 0.4055125749863838, -0.17454686833152064], [3.319901250189742, -0.009487821375803809, 0.08889480335350865], [3.8244650358345718, 3.0479074185058326, 0.018390356581289968], [6.895553217800687, 2.8202972290697166, -0.018637928758545193]]",[-23374.349609375],"[[-0.10493850210145782, -0.01790373246883895, 0.007360774161236333], [0.10141413478889597, 0.3404479791373614, -0.011972595297649663], [-0.06262151459094142, -0.370315832543158, -0.005495499495760159], [0.06526697551425488, 0.04929040419810603, 0.012464761278350308]]","tensor(-6, dtype=torch.int32)"
"['Bi', 'Bi', 'Bi', 'Bi']","[[0.21756620122809428, 0.1662877692948277, 0.053722751066136776], [3.3897756678359694, 0.07560131417150406, 0.0328976302054611], [3.728830969550153, 3.083554553489412, -0.041401585718222444], [7.063974662266328, 2.8302826392763505, 0.17891676155033398]]",[-23374.326171875],"[[0.3313471945257325, 0.017545407908097103, -0.012771041540206224], [-0.2591944409945641, 0.045583159359056755, 0.009271485386830683], [0.627642623171615, -0.12000707755115267, 0.05915659121624356], [-0.6951896542264313, 0.05707749320956842, -0.058603803731781805]]","tensor(-6, dtype=torch.int32)"
"['Bi', 'Bi', 'Bi', 'Bi']","[[0.17840584423270286, 0.22725035801627044, -0.004517044626518306], [3.4763912347943204, 0.3753189203737561, 0.04210710665693865], [3.7365314562941134, 2.9928533940608406, -0.022588158292751563], [6.795004777678214, 2.7648152892673936, -0.11918062345992718]]",[-23373.693359375],"[[0.4691851908640499, 0.07385564751586007, 0.01223449315226475], [-0.5993249915606156, -3.853223415283184, 0.0800644022750598], [0.12988335872586693, 3.9034304028370372, -0.10254259258857162], [0.0019121376744147202, -0.11952304140313048, 0.014131222711159087]]","tensor(-6, dtype=torch.int32)"
"['Bi', 'Bi', 'Bi', 'Bi']","[[0.4267354106252186, 0.43117535843502663, -0.10154350174026124], [3.3282458741309138, 0.06310924521479176, 0.05594318098080705], [3.874022148002123, 3.020484290706035, -0.12018415426119966], [7.091999543135013, 2.8079968693868826, -0.07794850514404938]]",[-23374.28515625],"[[-0.7378684475732893, 0.13419870065107908, -0.03600185072826044], [0.7456789490630471, -0.2033677901626266, 0.044155682096855976], [0.36332541056988354, -0.0005667084730937088, -0.003206569016413411], [-0.3735818552676328, 0.07151254849102431, -0.005657571643995188]]","tensor(-6, dtype=torch.int32)"
"['Bi', 'Bi', 'Bi', 'Bi']","[[0.19934207939225368, 0.06246496422300879, 0.10636337466882467], [3.3763525078461742, -0.0019249002238027751, -0.07222392996840674], [3.8630186324043363, 2.899865096117776, 0.07368715642449798], [6.9529230560194915, 2.8264250107449094, 0.12351262476738555]]",[-23374.35546875],"[[0.3486209035285598, 0.02547989320285821, -0.025789053101842492], [-0.29765142920079013, -0.5339711127115941, -0.003510076599091452], [0.01689602402460638, 0.5634462556040107, 0.03761108451535224], [-0.06824760563047266, -0.05447455835598985, -0.011595835917077161]]","tensor(-6, dtype=torch.int32)"
"['Bi', 'Bi', 'Bi', 'Bi']","[[0.28057923369412274, 0.3226538494345554, -0.04517221869533977], [3.4498528539705604, -0.0775769911940696, 0.17032371499137428], [3.959562641849632, 2.9953603203496613, 0.04604343950178391], [7.042388497988284, 2.84855331874884, 0.08827938569743955]]",[-23374.375],"[[0.41066211981604533, -0.06718291122435353, 0.03837214175512256], [-0.35184131485780507, 0.4317731509807772, -0.05161785548047465], [-0.045695038403702655, -0.38052255207835145, 0.012576388354747477], [-0.014006596130011038, 0.01866103589592408, 0.002191244960418161]]","tensor(-6, dtype=torch.int32)"
"['Bi', 'Bi', 'Bi', 'Bi']","[[0.35796097949646566, 0.5030907162654915, 0.1930072715010779], [3.3286408767057836, 0.033617031240869955, -0.09851267652375799], [3.896292416183661, 3.0237487579659446, -0.09827417850305435], [6.909689542609564, 2.8632371373950725, -0.0304271735187848]]",[-23374.31640625],"[[-0.24961784776956547, 0.015645752432191986, 0.005998988621026242], [0.22836201199495046, 0.03628487792030486, -0.010246252839198493], [-0.32920381890458505, -0.07323832530646814, 0.012600011663618337], [0.34803376608692405, 0.023322649043612236, -0.010723203023001254]]","tensor(-6, dtype=torch.int32)"
"['Bi', 'Bi', 'Bi', 'Bi']","[[0.41289169039887347, 0.26397804940635816, 0.03331811308986061], [3.412875323532802, 0.033181663798650785, 0.14937180637305872], [3.8211545428166214, 2.9948581435753288, -0.026420589870859653], [6.882080097136453, 2.6879574932601122, -0.1407345495154007]]",[-23374.302734375],"[[-0.37407411895030745, -0.0006539769047104574, 0.0029528035655813603], [0.3131905682105138, -0.11281194423130687, 0.005844110423402952], [-0.012638531952419294, 0.07707112232431385, -0.016950598290397936], [0.0755895490217732, 0.03524333888202323, 0.011152886020225667]]","tensor(-6, dtype=torch.int32)"
"['Bi', 'Bi', 'Bi', 'Bi']","[[0.19566544772539712, 0.2217261015662623, -0.0920245238703579], [3.3030481204285183, -0.010822169530334987, 0.1021803526884001], [3.657840178110258, 3.0871942264572803, -0.030521611617360347], [6.93044643970232, 2.6938219012578215, 0.10447437563878546]]",[-23374.314453125],"[[0.13228800999432136, -0.029104194208192435, 0.015859863737103786], [-0.11406510060305877, 0.5019422973293305, -0.03822397928265933], [0.5573542804147844, -0.586235498149477, 0.050431660956375406], [-0.5773816424216048, 0.11082890269169914, -0.029332729409791813]]","tensor(-6, dtype=torch.int32)"
"['Bi', 'Bi', 'Bi', 'Bi']","[[0.35981135244352874, 0.09904183169364036, -0.008327280344163917], [3.419012157067979, 0.06323661841181966, 0.009140394256289286], [3.9667511621636766, 3.0166976938966403, 0.06851300258173076], [6.899793055424691, 2.8483380476033417, 0.13384669266313093]]",[-23374.296875],"[[-0.11603261267101002, 0.0013911362416408884, -0.001620213946306419], [0.15149894345316053, -0.22841595376901563, -0.002003273561539038], [-0.7254222445277895, 0.3031103470206018, -0.0077996102907616], [0.6922184857750637, -0.07478037098870434, 0.010994855648388655]]","tensor(-6, dtype=torch.int32)"
"['Bi', 'Bi', 'Bi', 'Bi']","[[0.30282808193989136, 0.3508649562637941, -0.051196482742986146], [3.341064069106554, -0.08013023486521458, 0.23953271970858953], [3.8062606080568333, 2.9617063631347116, -0.05996278386631594], [7.075405568107125, 2.678010909914905, 0.11842652396762353]]",[-23374.33984375],"[[0.038597031130429074, 0.0070186424171323454, 0.00941288585425142], [-0.004899804903864938, 0.34908781612008655, -0.043616104947720565], [0.4752806113334121, -0.4519575560552764, 0.06612485026804794], [-0.509134910966689, 0.09716595011528448, -0.032895107932448]]","tensor(-6, dtype=torch.int32)"
"['Bi', 'Bi', 'Bi', 'Bi']","[[0.16525057024384793, 0.2858584637331902, 0.11857398333514366], [3.550769867838544, 0.06740738811984354, -0.0050756532341661425], [4.026234528601732, 3.112816493369773, 0.020699689555068443], [6.969711923774097, 2.7172380932242235, 0.09741188968359715]]",[-23374.2734375],"[[0.6635203306863883, -0.10660812599289864, -0.037713815569906446], [-0.6039869183830623, 0.3910425349954371, 0.04255315889271508], [-0.4979039147893566, -0.17335045273661326, -0.008205130047153586], [0.4384831168665861, -0.1138047505534002, 0.0003379836782426767]]","tensor(-6, dtype=torch.int32)"
"['Bi', 'Bi', 'Bi', 'Bi']","[[0.3185664457135622, 0.21686506840472972, -0.0077876461855788835], [3.6004750359628748, -0.02470319954147922, -0.047232480334198], [3.903508307312899, 3.1138942373301712, 0.004043965008469402], [6.639133462242324, 2.62664530449145, -0.07483436125072263]]",[-23373.94921875],"[[0.34658793113803, -0.19708143946723594, -0.006175042435961286], [-0.5078362974659824, 0.7904382802351444, 0.020591277231899695], [-1.8862085989575113, -0.3084285225757649, 0.04288678542287209], [2.0476215159785127, -0.2870836237385371, -0.05724960295007944]]","tensor(-6, dtype=torch.int32)"
"['Bi', 'Bi', 'Bi', 'Bi']","[[0.3582973448774914, 0.32413563767408576, -0.15909183387112152], [3.400923954159358, 0.11730729861592767, 0.041222130655695126], [3.7361059629053956, 2.944127184639034, -0.023324655360175264], [7.0658788823235845, 2.8239854970647804, -0.00369625887119983]]",[-23374.208984375],"[[-0.07562631581725135, 0.08659649914610096, 0.003790967203230811], [0.07425730547317458, -1.1837437472146475, 0.028703631541428548], [0.5967862828994177, 1.0723177311955465, -0.034695066257202006], [-0.5962993156921755, 0.026247928420455643, 0.0030217132820629894]]","tensor(-6, dtype=torch.int32)"
"['Bi', 'Bi', 'Bi', 'Bi']","[[0.15497019890616198, 0.43556315629205655, -0.03663471610135766], [3.2650436761211337, -0.04621045799451978, 0.12521149552933566], [3.7502775102872716, 3.0994835413555184, -0.003106724331634999], [6.758172456043983, 2.900670583364279, 0.06692222200622078]]",[-23374.3046875],"[[0.2287441295574654, -0.10221647368378496, 0.018313947062191995], [-0.2351946195691725, 0.6923712093870499, -0.04641620752703604], [-0.31978113199967895, -0.6330892511115397, 0.023622218722517244], [0.32653074431809437, 0.044934171425671174, 0.00575926397229952]]","tensor(-6, dtype=torch.int32)"
"['Bi', 'Bi', 'Bi', 'Bi']","[[0.2548875962671041, 0.05546195286783648, -0.06797351071584448], [3.2916417311353663, 0.19127560648697017, -0.07127762945491976], [3.9307523033001477, 3.1444343189998016, -0.1704308172747017], [6.945260311371116, 2.958865594374445, -0.12371642689362779]]",[-23374.36328125],"[[-0.19007029439105563, 0.04293334298458667, -0.0032681423430896295], [0.29397608662735575, -0.26253651699248254, 0.014985955575156749], [-0.289374940717154, 0.29798932376454806, -0.014521264417986143], [0.18532573226744328, -0.07434760266598525, 0.002171443341393367]]","tensor(-6, dtype=torch.int32)"
"['Bi', 'Bi', 'Bi', 'Bi']","[[0.2685555368397513, 0.1643830863673965, -0.05015527479039608], [3.4988077349876985, -0.042724966332772465, 0.004682232634491664], [3.9388838814675338, 3.090187369827304, -0.11724210586333783], [6.994178845418407, 2.610289441685774, 0.023864221895776427]]",[-23374.333984375],"[[0.4106838713607828, -0.09848441254334023, 0.008553514717593438], [-0.3856895981063674, 0.684992653466546, -0.032335275621440084], [0.07259004699794634, -0.6205242630344949, 0.035570553077360484], [-0.09681766828902777, 0.031989477482206596, -0.012769977102910564]]","tensor(-6, dtype=torch.int32)"
"['Bi', 'Bi', 'Bi', 'Bi']","[[0.2544669873395683, 0.20453471461900005, 0.08846625332886561], [3.4409053203962587, -0.16736199081188227, -0.024980631993924644], [3.9366983054063103, 3.0299971000477037, -0.15490013282006806], [7.023711634101294, 2.6635768315753867, -0.14778225938567943]]",[-23374.3125],"[[0.39596902847905185, -0.10811304492501564, -0.021781004453690342], [-0.35953431686830745, 0.8465963464473012, -0.010036476416606703], [0.08545904248039919, -0.796196011829115, 0.03808758218474912], [-0.12158768980207225, 0.05732992425712403, -0.007988576192891839]]","tensor(-6, dtype=torch.int32)"
"['Bi', 'Bi', 'Bi', 'Bi']","[[0.21082310352467665, 0.015856919957468657, 0.09672679885102806], [3.3069294855008597, 0.07682984835437673, 0.012915791781858369], [3.658472823459076, 3.11681212989229, -0.07225598719852817], [6.76861471587957, 2.890400547706478, 0.014612502387071343]]",[-23374.384765625],"[[0.03312622966525375, -0.010169932170878667, -0.01074931516110448], [-0.004579906015275546, 0.14777464704854407, 0.0036233131869550083], [0.14375338806506557, -0.15144129928850178, 0.01891109638505795], [-0.17328231846527262, 0.01536071977857603, -0.014923066357157053]]","tensor(-6, dtype=torch.int32)"
"['Bi', 'Bi', 'Bi', 'Bi']","[[0.47692220191651374, 0.12651682015605945, -0.004586854978389361], [3.329318487610472, 0.05615318949687588, 0.08894504104657393], [3.8158988376117673, 3.1674078104742316, 0.048087176555542545], [6.902975544621631, 2.692682828938671, -0.07767805848136135]]",[-23374.171875],"[[-1.3805026673235072, -0.027137833995092547, -0.028988088267618832], [1.3381174941195586, 0.44226865698227175, 0.02703710325990072], [0.17219875215154443, -0.5182966307568376, -0.010175264641775287], [-0.12995041313328445, 0.10290748375040795, 0.0153416730358556]]","tensor(-6, dtype=torch.int32)"
"['Bi', 'Bi', 'Bi', 'Bi']","[[0.3873027472055186, 0.23788529488926552, 0.05703113448121485], [3.3779397475586657, -0.001785539519573557, 0.02674333429314058], [3.8872769098249735, 2.891796333566445, 0.014152244684138175], [6.759004584650184, 2.8424768531256723, 0.11386965616264616]]",[-23374.1328125],"[[-0.3941573253485815, 0.0173414061863895, -0.002377888640892744], [0.32785861698890884, -0.59724033996805, 0.004807676570373168], [-1.177629146305127, 0.6144795961695202, -0.03923949874260258], [1.2438664566874555, -0.03683489375403057, 0.03484337271152165]]","tensor(-6, dtype=torch.int32)"
"['Bi', 'Bi', 'Bi', 'Bi']","[[0.30282808193989136, 0.3508649562637941, -0.051196482742986146], [3.341064069106554, -0.08013023486521458, 0.23953271970858953], [3.8062606080568333, 2.9617063631347116, -0.05996278386631594], [7.075405568107125, 2.678010909914905, 0.11842652396762353]]",[-23374.33984375],"[[0.038597031130429074, 0.0070186424171323454, 0.00941288585425142], [-0.004899804903864938, 0.34908781612008655, -0.043616104947720565], [0.4752806113334121, -0.4519575560552764, 0.06612485026804794], [-0.509134910966689, 0.09716595011528448, -0.032895107932448]]","tensor(-6, dtype=torch.int32)"
"['Bi', 'Bi', 'Bi', 'Bi']","[[0.06875571061240257, 0.3919790536306662, 0.10595781161009733], [3.6236394536457466, -0.07866524601857765, 0.07767249451492603], [3.9311353881229882, 2.9297658636527104, -0.14434652877503343], [6.831861343347598, 2.7619524546912433, 0.009513322931297861]]",[-23374.07421875],"[[0.8126063439143504, -0.18487686883006033, -0.011761363629866222], [-0.7763254872016069, 0.3178945068817796, 0.0012803612293011627], [-0.9213342427883622, 0.0029368344350418625, -0.029341841404419408], [0.8851269196665751, -0.1357066534865992, 0.03856488203877461]]","tensor(-6, dtype=torch.int32)"
"['Bi', 'Bi', 'Bi', 'Bi']","[[0.2870814139572282, 0.46720165261988045, 0.16471258387772453], [3.313600294294639, -0.05682744543727017, 0.03240658637171253], [3.7552562090649797, 3.0914321989761167, 0.015594467453522763], [6.580880104780044, 2.727022587515303, 0.04420612257509596]]",[-23374.0546875],"[[-0.18710174846635866, -0.13957004664893372, -0.0035709552133104533], [0.005559010921067946, 0.7495073237810171, -0.001431627539212025], [-1.3128620480620192, -0.5615148418443472, -0.002159210540027915], [1.4962275701985155, -0.04965625695305487, 0.00537560888924643]]","tensor(-6, dtype=torch.int32)"
"['Bi', 'Bi', 'Bi', 'Bi']","[[0.24530619961682365, 0.17565867344550912, 0.07087710725483017], [3.425474239901861, -0.08502100734555147, 0.09675784877771497], [3.9022732675384777, 2.938134436956252, 0.0717320883173854], [7.1060079363710775, 2.75801963243628, -0.07351391719231695]]",[-23374.38671875],"[[0.39630522611378777, -0.017236618248172186, 0.009538427748629555], [-0.31436813410764625, 0.17390827958604962, -0.011012359728361752], [0.343115345871687, -0.17786695788407791, -0.024784743657863213], [-0.42489102393236566, 0.02257562489263351, 0.0284360772567399]]","tensor(-6, dtype=torch.int32)"
"['Bi', 'Bi', 'Bi', 'Bi']","[[0.29586181909244547, 0.20604457819258826, -0.05416437899618068], [3.31396670476424, 0.08073382813763452, 0.14627216904884346], [3.700642637067374, 2.869569430193044, 0.08043557318146133], [6.949102178155492, 2.931896876525897, -0.04028788687122029]]",[-23374.173828125],"[[-0.1886294473850446, 0.104873555999795, -0.00598739293937544], [0.1656957601843363, -1.5751023738070136, 0.048939062757400446], [0.4764403337647671, 1.5083199892539598, -0.0674203270211684], [-0.4531084853089716, -0.04007261375930092, 0.02834109036917732]]","tensor(-6, dtype=torch.int32)"
"['Bi', 'Bi', 'Bi', 'Bi']","[[0.3880998780228854, 0.28404330641396947, 0.106493032069107], [3.5009268342452837, 0.25340527159480175, -0.05513528715103726], [3.915524647224849, 3.0001268045223655, -0.11675523892316442], [6.969504589225952, 2.7538199939220775, 0.07137197230330432]]",[-23374.125],"[[0.0573158346040317, 0.03942858291554345, -0.020146666401490237], [-0.19104757124149244, -1.8671613420161643, 0.06035158920242093], [0.09381256125721894, 1.8877558896930884, -0.03374118645843312], [0.0403256927252104, -0.058893155841090304, -0.010089837121037025]]","tensor(-6, dtype=torch.int32)"
"['Bi', 'Bi', 'Bi', 'Bi']","[[0.46698655979864045, 0.2669174753622111, -0.07526950972667884], [3.5144657409819033, 0.17597276371133752, -0.17492244585116784], [3.768843524898859, 3.051104186638583, -0.08546576398753908], [6.824509169895632, 2.784063771997859, -0.16867647317739523]]",[-23374.244140625],"[[-0.24137504075591285, -0.021236701614338927, 0.0023517518201855605], [0.15324960856092804, -0.7376298490683681, -0.025539846219428813], [-0.03006262486206596, 0.739799861332953, 0.02129196493615763], [0.11862839985385927, 0.01762320953265437, 0.001389995185428776]]","tensor(-6, dtype=torch.int32)"
"['Bi', 'Bi', 'Bi', 'Bi']","[[0.3286924697870697, 0.31292850963381635, 0.03954236555326141], [3.1799890226636034, -0.05787474291618297, -0.027733618280651632], [3.685389931963634, 2.9824554049316054, -0.06077192043683452], [6.823121658063651, 2.8056378177028036, 0.1848007514472519]]",[-23374.23046875],"[[-1.1376875508929571, 0.13605884339181581, 0.011220701474598518], [1.1092686177615492, 0.08984221014440251, -0.023403782819703747], [0.1740724189023661, -0.31529599432807676, 0.03923375489497334], [-0.14731503639402135, 0.09178735360251737, -0.028287822224511837]]","tensor(-6, dtype=torch.int32)"
"['Bi', 'Bi', 'Bi', 'Bi']","[[0.4024782118277851, 0.21733436215923715, -0.13361173307680257], [3.497322933987004, 0.003624794140453025, -0.005761482245745617], [3.992116758931754, 3.066963812781145, -0.05882496568926781], [6.884494185296024, 2.8348976861158453, 0.061276266546652004]]",[-23374.259765625],"[[0.03348248191570501, -0.06760539512875705, 0.006930777489253294], [-0.04232202173328186, 0.3453638796701111, -0.013420507699043472], [-0.9439882452329788, -0.22342353716399807, -0.029358584437437153], [0.9534828202219107, -0.0547612365165363, 0.036934236092749796]]","tensor(-6, dtype=torch.int32)"
"['Bi', 'Bi', 'Bi', 'Bi']","[[0.18222718844698874, 0.2695825145492856, 0.09004131169472042], [3.460140560039188, 0.28077729919249045, -0.026864389925073024], [3.828921258833215, 3.0943815292173658, -0.07866222359404064], [6.88360426855802, 2.6764921995904083, 0.1380321571793639]]",[-23374.2265625],"[[0.45190160881963976, 0.006721175901772869, -0.03589743817131164], [-0.4899302510030223, -1.186009404569567, 0.06197405903588487], [0.14644482033824957, 1.238767956307513, -0.006878841176759678], [-0.10724982227369846, -0.06191312385736514, -0.023922729425698126]]","tensor(-6, dtype=torch.int32)"
"['Bi', 'Bi', 'Bi', 'Bi']","[[0.3307280964401492, 0.4216433914927767, -0.06879138616662153], [3.4387253197416303, -0.1856340579363247, 0.17805337244744698], [3.9360889078820915, 2.931166773107096, 0.11688210649952505], [6.835230735236389, 2.7742032353173074, -0.061553751855270726]]",[-23374.2109375],"[[0.27479451518280756, -0.14909388080797348, 0.04231288402760847], [-0.3244576112740422, 0.6388562386819941, -0.05114995044258043], [-0.9358321872878179, -0.5104048309402953, 0.04797914600508032], [0.9865652228385126, 0.020397302818049776, -0.03784266904698219]]","tensor(-6, dtype=torch.int32)"
"['Bi', 'Bi', 'Bi', 'Bi']","[[0.44901663658373064, 0.16034399373216568, 0.08439043144377363], [3.3212291011018396, 0.0062621423099206985, 0.20829308411404965], [3.8937182400153136, 2.916621943860763, -0.031997865047597523], [6.931047385729844, 2.6547096412434, -0.07308473870934272]]",[-23374.193359375],"[[-1.1695764467640373, 0.07910815706007833, -0.04287784826335586], [1.1307507107391066, -0.4219439210198566, 0.07344293380885634], [-0.13020289560293163, 0.3370741757089395, -0.03352410295662811], [0.1698040767688561, 0.005489868776732385, 0.004137651345102184]]","tensor(-6, dtype=torch.int32)"
"['Bi', 'Bi', 'Bi', 'Bi']","[[0.26265571277237104, 0.14253028718707658, -0.003553570654959493], [3.4748899172069336, 0.19533191031258948, -0.05779177854339996], [3.828699538186389, 3.1909226306822402, -0.11914731125073086], [7.035783243053402, 2.7531325715903487, 0.07253602351721017]]",[-23374.353515625],"[[0.3637143672705783, 0.005811735074545546, -0.019263733662471288], [-0.31258779845303836, -0.0009176884164954935, 0.020125552490688377], [0.5017851514174686, -0.0581931469084412, 0.040834324059634275], [-0.5533382150625552, 0.053028620562912625, -0.04592632982941061]]","tensor(-6, dtype=torch.int32)"
"['Bi', 'Bi', 'Bi', 'Bi']","[[0.44551786514926295, 0.2473371798013417, -0.10138948064289588], [3.231174824281848, 0.006629409805730308, 0.09117135263810594], [3.702629967149909, 2.9950997707738147, -0.0029644929813431803], [6.943086135865192, 2.8319301799437913, 0.14867250889370415]]",[-23374.1015625],"[[-1.7675171556193776, 0.19278003292884138, -0.12201449316216832], [1.7534768677349648, -0.2198750528904862, 0.12186521483031784], [0.4225209797315431, -0.06631794022192272, 0.021411706418605785], [-0.40882542554906814, 0.0948790040144517, -0.023468543801836873]]","tensor(-6, dtype=torch.int32)"
"['Bi', 'Bi', 'Bi', 'Bi']","[[0.1706223872830145, 0.23212079070837174, -0.021284089631881727], [3.4955526003407047, 0.19104382595675654, -0.15522783240222424], [3.8779262561247227, 2.988582891205282, 0.046729825875611204], [6.848873499018826, 2.8277745308214173, 0.08110014431163362]]",[-23374.150390625],"[[0.5880234442736383, -0.00731411889754776, -0.031902080495360904], [-0.6082832341343907, -1.2866676346122687, -0.06216581201537863], [-0.4390472686332866, 1.428130836984732, 0.10040024540925574], [0.45851459264073285, -0.13315102695727224, -0.009520517434132994]]","tensor(-6, dtype=torch.int32)"
"['Bi', 'Bi', 'Bi', 'Bi']","[[0.4886091086806297, 0.22747637421677344, 0.10053846061466723], [3.0980387212910174, -0.017490392544804622, -0.09984647696503494], [3.851804781145936, 2.9332429733720513, -0.0227726314024846], [6.879017980541624, 2.8169263429049125, 0.09072656485507806]]",[-23373.58984375],"[[-4.005214262464378, 0.4298732589632508, 0.3047125565499841], [3.9954466361691683, -0.5829881930663364, -0.31651294954735787], [-0.28059734395109176, 0.11779083682623943, 0.01353056640164752], [0.29183816174791555, 0.03799712044124539, -0.0015536861011066756]]","tensor(-6, dtype=torch.int32)"
"['Bi', 'Bi', 'Bi', 'Bi']","[[0.6127005419086218, 0.2956170675922528, 0.1449460384835034], [3.5433636062752827, -0.05080714149175315, -0.04523001756492801], [3.770997164259404, 2.9375255372235674, 0.007355956858541185], [6.91849914710673, 2.7297565267985635, 0.02451810766528376]]",[-23374.23046875],"[[-0.6891151625483413, 0.024465150216497793, 0.024294644845243997], [0.553108872534118, -0.03681235030908284, -0.027108554256148127], [0.21932766472564014, -0.09492353554575812, 0.012889410052809249], [-0.08190608448492007, 0.11107058652211498, -0.012733883936832079]]","tensor(-6, dtype=torch.int32)"
"['Bi', 'Bi', 'Bi', 'Bi']","[[0.17882475635048867, 0.45340752179069954, -0.08411795136132964], [3.3013886788254396, 0.24208366466932463, -0.03844308360926885], [3.909062322179733, 3.0469954581846777, 0.1755892804838714], [6.864570309793998, 2.7410007425891005, -0.12154099140203403]]",[-23374.248046875],"[[0.12605071597429596, 0.004301246101468832, 0.015860177411862412], [-0.2140203906538915, -0.9551041587693598, -0.09660179834858401], [-0.333661702867651, 1.055554643562087, 0.11926130295699928], [0.4213480932447442, -0.10498694171172415, -0.038802770918832004]]","tensor(-6, dtype=torch.int32)"
"['Bi', 'Bi', 'Bi', 'Bi']","[[0.2726985085329978, 0.2271845120530249, -0.1441244386527765], [3.475159374084707, -0.07741913230938362, 0.17593494941266577], [3.759079939218168, 2.949910569372634, -0.0020746940551348817], [6.830001940296111, 2.984650804562733, -0.020536141091340342]]",[-23374.345703125],"[[0.46717978071460586, -0.07319595350300799, 0.06136439871813803], [-0.4580420236191325, 0.20092683489751825, -0.06959275612405733], [-0.09080359756854176, -0.1372354322692083, -0.00437782130914197], [0.08186942053362506, 0.008327432349762317, 0.013809243284744456]]","tensor(-6, dtype=torch.int32)"
"['Bi', 'Bi', 'Bi', 'Bi']","[[0.4024782118277851, 0.21733436215923715, -0.13361173307680257], [3.497322933987004, 0.003624794140453025, -0.005761482245745617], [3.992116758931754, 3.066963812781145, -0.05882496568926781], [6.884494185296024, 2.8348976861158453, 0.061276266546652004]]",[-23374.259765625],"[[0.03348248191570501, -0.06760539512875705, 0.006930777489253294], [-0.04232202173328186, 0.3453638796701111, -0.013420507699043472], [-0.9439882452329788, -0.22342353716399807, -0.029358584437437153], [0.9534828202219107, -0.0547612365165363, 0.036934236092749796]]","tensor(-6, dtype=torch.int32)"
"['Bi', 'Bi', 'Bi', 'Bi']","[[0.5674985854136583, 0.5273449860544092, -0.10121125056303722], [3.5099142119573448, -0.060323704511558815, 0.14432661873123878], [3.9458332434407013, 2.9814845989520466, 0.12802254472654778], [6.7994388042684335, 2.686462835358406, 0.020384638661951508]]",[-23374.068359375],"[[-0.4699610988038679, -0.07385539040540219, -0.015521408672547617], [0.24802155178071467, 0.3427586308224116, 0.011013203050663629], [-1.1673287871411702, -0.2603848109924995, 0.03237072086916468], [1.3901062571465843, -0.009440484090801247, -0.02590969961310241]]","tensor(-6, dtype=torch.int32)"
"['Bi', 'Bi', 'Bi', 'Bi']","[[0.3335584534189492, 0.17184477381881097, 0.05266960499124933], [3.3064201667120643, -0.030639990583781817, -0.04520941404019524], [3.714137210296385, 3.1034918594050755, 0.10694504557806642], [7.13485056753298, 2.526262899399095, -0.12750700556885]]",[-23374.1640625],"[[-0.4484854335877576, 0.03215827564002, 0.017218260561478897], [0.4767774055750598, 0.5460321642911761, 0.017731252489268563], [0.7512783006149578, -0.7809565607691069, -0.09596976942100081], [-0.7807611568211111, 0.20170454261054147, 0.06167807347676284]]","tensor(-6, dtype=torch.int32)"
"['Bi', 'Bi', 'Bi', 'Bi']","[[0.24515857865390434, 0.22428472124063312, -0.03631354088688727], [3.322873863153828, 0.25519156855890757, -0.020062741941601913], [3.7719607919609976, 3.156675707306285, -0.04997188849692675], [6.98241750371827, 2.833207265407679, -0.03658226973040135]]",[-23374.330078125],"[[-0.042398362970438315, 0.04844554951790047, -0.00025835507819373907], [0.07236163006715758, -0.5744644671663941, 0.006641070567512914], [0.4614254944007711, 0.501689969125958, -0.003762680424874759], [-0.49140452236855886, 0.02523350939327216, -0.002530145340287396]]","tensor(-6, dtype=torch.int32)"
"['Bi', 'Bi', 'Bi', 'Bi']","[[0.042646896597521744, 0.29923328134608895, -0.018497196141236936], [3.353748254412851, 0.10490925616908273, -0.012561164239040494], [3.943408165304031, 3.1108073786279067, 0.11160901819820722], [7.012075329268681, 2.874973830656431, -0.014086564905392524]]",[-23374.369140625],"[[0.6399417590352023, -0.042854204385648374, 0.0041293821585555515], [-0.5233195406621608, 0.15781352487682743, -0.004761577179494553], [-0.04589644845199473, -0.06541219150087069, -0.00493589961260617], [-0.06914882920746585, -0.050677011181920736, 0.006649832891917778]]","tensor(-6, dtype=torch.int32)"
"['Bi', 'Bi', 'Bi', 'Bi']","[[0.44901663658373064, 0.16034399373216568, 0.08439043144377363], [3.3212291011018396, 0.0062621423099206985, 0.20829308411404965], [3.8937182400153136, 2.916621943860763, -0.031997865047597523], [6.931047385729844, 2.6547096412434, -0.07308473870934272]]",[-23374.193359375],"[[-1.1695764467640373, 0.07910815706007833, -0.04287784826335586], [1.1307507107391066, -0.4219439210198566, 0.07344293380885634], [-0.13020289560293163, 0.3370741757089395, -0.03352410295662811], [0.1698040767688561, 0.005489868776732385, 0.004137651345102184]]","tensor(-6, dtype=torch.int32)"
"['Bi', 'Bi', 'Bi', 'Bi']","[[0.3812392255189922, 0.2652544919071646, 0.10309530725005332], [3.405915087880724, -0.017127260129091607, -0.06903021023644809], [3.680028881364824, 3.0273622810584304, 0.0206306817422507], [6.840917802325649, 2.7930454686648902, -0.027112929010129662]]",[-23374.322265625],"[[-0.2102160300526883, -0.022929501442453874, -0.0019760476209322356], [0.14675016471803878, 0.2669420532663222, 0.008181100503759264], [0.2710089750671218, -0.3310001982517653, -0.007294578502748182], [-0.20730235149970486, 0.08819233233612757, -9.396559340175459e-05]]","tensor(-6, dtype=torch.int32)"
