atoms,coordinates,total_energy,forces,charge
"['Bi', 'Bi', 'Bi', 'Bi', 'Bi', 'Bi', 'Bi', 'Bi', 'Bi', 'Bi', 'Bi']","[[-1.1556267445494133, 1.4648731153031842, 0.9210799546589682], [-1.7194707729029446, -0.8485320512350749, -0.8076623936700564], [1.7196366240389174, 0.8485305479803618, 0.8077604147949327], [1.1554608934134416, -1.4648716120484726, -0.9211779757838451], [2.732746238969401, 1.6545154837568772, -3.4744895659574713], [-1.2743739385687092, 3.9941298229472175, -4.481981288638552], [-1.9878565460827256, 1.3527768711636163, -3.1040268701696183], [0.46186724753970193, 2.945960244925753, -2.1791445385776242], [1.4354052905724537, 0.6963691077230509, -5.973606214859387], [0.15959289310559327, 3.219590123429342, -6.899133650420845], [-0.9232758001203893, -0.7222496073467677, -4.852910228172682]]",[-64250.046875],"[[0.4060280637672337, 0.19067532672056048, 0.37363281456038644], [0.31912030670081215, -0.5566873358870198, -0.056427723660390866], [-0.3691958593885927, 0.2548482458144053, 0.031295860315540616], [-0.19403411489824168, -0.1015704579472926, -0.14889904250298505], [-0.02329059251172261, -0.04286679765587579, 0.20226854011096718], [0.18315140054716597, 0.5795789083947258, -0.20991937600637575], [-0.15626309739366406, -0.16081240983555536, 0.025458424479624462], [-0.0844490097576273, 0.1766097905891829, -0.058842093704153504], [-0.1102032501034716, -0.03939193439087592, -0.09843977816785067], [0.029831266587638954, -0.16344414106041752, 0.12421648996771446], [-0.0016411797614845351, -0.13768115895900498, -0.17891447731161003]]","tensor(-3, dtype=torch.int32)"
"['Bi', 'Bi', 'Bi', 'Bi', 'Bi', 'Bi', 'Bi', 'Bi', 'Bi', 'Bi', 'Bi']","[[1.046960999698691, 1.7082202056248235, 0.20008930517022916], [0.20946542295517823, -1.3315437291795278, 0.28836427260534353], [-1.3768857296498376, 0.8181660058189181, 4.218787148402534], [-1.7369243309224327, 2.503779189380561, 1.8673325301189403], [1.4132675672727635, 3.5824787919120853, 2.414673227976343], [0.771052626032145, 2.3492280557616634, 5.166787570662328], [4.4151698324025554, 2.6711409959720838, 3.2140770345301455], [0.055583538778456745, -1.7369969623892116, 3.1772545684114255], [3.8875195595750465, 0.4291620781657791, 0.9940842387523788], [3.6012159065108276, 0.7876817315494652, 5.3773685826742375], [3.018024616668207, -1.32857478921943, 3.231486726977076]]",[-64250.9453125],"[[-0.2519153353991717, -0.6117341707001793, 0.02535149738239751], [0.07389544821474132, 0.3593938317141169, 0.15244418434054435], [-1.1352516864149147, -0.6652213734757831, -0.5212528868016475], [-0.0777056195122928, -0.014399954561744867, -0.07278725071914735], [-0.017894322226080204, 0.026156361101982984, 0.6123157545559248], [1.427363619378391, 0.6514243120845334, 0.059341916434290085], [0.3095096206290974, -0.33795549893649207, -0.3117481271196639], [0.06099688502963123, -0.024804839411251833, -0.30502597419815103], [-0.1292217106735349, 0.3915968651426462, 0.2713601365305069], [-0.4253305799711731, 0.18070010944165046, -0.12810873092342417], [0.16916577434610036, 0.032345174374068815, 0.21720254394700284]]","tensor(-3, dtype=torch.int32)"
"['Bi', 'Bi', 'Bi', 'Bi', 'Bi', 'Bi', 'Bi', 'Bi', 'Bi', 'Bi', 'Bi']","[[1.0139325528302618, 1.7169543804545295, 0.25390794290531915], [0.11822885015326226, -1.1580144397261192, 0.1546594414621126], [-1.4041166494676287, 0.8325770259922064, 4.134755493572271], [-1.8295991534988647, 2.503680001661093, 1.7181633368744191], [1.5118110036794654, 3.59307171888803, 2.74731386291936], [0.9831929952435001, 2.528618219545649, 5.2526022306255316], [4.46628921241195, 2.7359071199611043, 3.1313169189739787], [0.16271129217592634, -1.5918868259873709, 2.965861854997581], [3.9130231412449312, 0.5176961810891884, 1.1914832008350718], [3.5638469305809424, 0.9691731937882834, 5.444153883513214], [3.100026974731677, -1.3331875696895008, 3.1901783396246053]]",[-64250.83984375],"[[-0.12542028113155165, 0.24060844021467043, 0.4139972538316008], [0.10770074259474452, 0.21119700929371873, -0.32871824009381556], [-0.03508452175218508, 0.5267236831246136, -0.30162764243204643], [0.29895209958515995, -0.3897119883758605, 0.3226848346668963], [-0.04144867407213301, 0.5060562189218323, -1.8710473094767015], [-0.5288510150531889, -0.8763589388316378, 1.1654230844272955], [0.303400830415925, -0.003245785046113417, 0.3300788686369652], [-0.2781113429337612, -0.20544369999962395, 0.4476834032254181], [0.14441724726733543, 0.5161523295380417, -0.912759094796842], [0.1352815470555252, -0.42079998517061606, -0.37624994191124045], [0.021350843231014254, -0.10545220879632042, 1.103271259220826]]","tensor(-3, dtype=torch.int32)"
"['Bi', 'Bi', 'Bi', 'Bi', 'Bi', 'Bi', 'Bi', 'Bi', 'Bi', 'Bi', 'Bi']","[[0.25101888914356696, 0.9077888943652691, 1.8554308233105088], [0.42530807097373735, 1.8061733086411338, -0.9411460815975587], [-0.42541261785776385, -1.80633117743333, 0.9411816399086976], [-0.25091434225954073, -0.9076310255730737, -1.8554663816216495], [-2.740987372744269, 1.9797157232689442, -1.7558633870050933], [-6.642605920117198, -0.44379145686269017, -0.5517734388305554], [-6.893881082674577, 2.424092570156325, 0.4954434569221622], [-5.615245502695309, 1.9029493097061896, -2.2410301882024317], [-2.6542981423130154, 0.9705820948370834, 1.0407160122625496], [-4.263140615504888, -1.5147758100368705, 0.7482017686035396], [-4.6502443700625165, 2.758085996741558, 2.3263456235903313]]",[-64250.04296875],"[[0.23733748096940416, 0.14609180767956773, 0.428486713685946], [0.9626632062313021, 0.31917779659919615, -0.21894035353187583], [0.2189432845910958, -0.660444261168202, -0.0763939962224169], [-0.3268503326172506, 0.3679377664960493, 0.08865981057066169], [0.43892472978905656, -0.16654782424178108, -0.5835353241207247], [0.01431669705327119, -0.07904105123056925, 0.18298921527032946], [-0.16436757898097235, -0.0015147590635613366, -0.11428035347840361], [-0.4832491329105885, 0.15582544397224507, -0.02479283235286841], [-0.9118468668922511, 0.12494442109609036, -0.018821154004679153], [-0.08719695490945537, -0.4907493020776741, 0.06383492168590366], [0.11970456138640025, 0.28336858331040465, 0.26936264538316573]]","tensor(-3, dtype=torch.int32)"
"['Bi', 'Bi', 'Bi', 'Bi', 'Bi', 'Bi', 'Bi', 'Bi', 'Bi', 'Bi', 'Bi']","[[0.8169673337819752, 1.7315135878509549, 0.33957466867139996], [0.0359447377385298, -1.2218747447869933, 0.32111281150352594], [-1.462998843855081, 0.7810257186520748, 3.9259557319201277], [-1.6574886675053662, 2.455147770698528, 1.7461155376574076], [1.5785871169062384, 3.564640340682176, 2.670136265113602], [1.1239626120832305, 2.1408748520464513, 5.245133255309015], [4.365689185108052, 2.5029679372675018, 3.2474824498674746], [0.12399509683221573, -1.8461630179133541, 3.220566214577557], [3.7898181430660336, 0.45515698395903603, 1.1192051712172126], [3.654728842612247, 0.7440606694856615, 5.26395082386403], [3.1020134274880804, -1.1013368814621274, 3.479819205941909]]",[-64249.91015625],"[[0.6982292140595973, -0.27392964702455985, -0.35901335965853237], [0.23444884497501914, -0.08077819232825176, 0.36551594024900785], [0.1875775056576368, -0.455882450039138, 1.2425886177117462], [-0.8330533101884461, 0.6900860116373309, -0.35693703844480246], [-0.454166083466453, 0.13278639290589378, -0.06663778563153687], [-1.3200287449652226, 0.5674911173275234, -0.11838270510030036], [1.3584986401164347, 1.3946118608106344, -1.0804563056295708], [-0.014913440141613683, 0.3740322613677631, -0.56943435816825], [-0.07002038223761863, -0.04422811525505252, -0.5110447788699815], [0.9678126144819067, 1.0962860823008924, 3.874227282809068], [-0.7590656621635057, -3.424525665333403, -2.436303622704252]]","tensor(-3, dtype=torch.int32)"
"['Bi', 'Bi', 'Bi', 'Bi', 'Bi', 'Bi', 'Bi', 'Bi', 'Bi', 'Bi', 'Bi']","[[0.8897017572844712, 1.6647879363036135, 0.23496606580957757], [0.1975900045208247, -1.2354766785492644, 0.3486101247498641], [-1.4900569543362119, 0.9190260220846205, 3.9411202510240257], [-1.873224542985692, 2.3277089874775525, 1.8450382076389322], [1.7334775912512344, 3.619972159528082, 2.6375368839481066], [1.0205910320424838, 2.3698849133740887, 5.2108930276289644], [4.6818527353525985, 2.6681740876704203, 3.1933708001437577], [0.08942520524189607, -1.6105137509670364, 3.1409097508824333], [3.741118136285633, 0.5324549449304508, 1.22849281662405], [3.6148089266674166, 0.7515042179324414, 5.491241087551015], [3.145319429500563, -1.3879685621849638, 3.413813195755585]]",[-64250.51953125],"[[0.17959911103887735, 0.3756826533969538, 0.4752065120994485], [0.05111653636747315, -0.06555365367480133, -0.5398615133018355], [0.46682224291186514, -1.751539283324312, 3.372222199105921], [-0.28872501690170166, 2.0848685937920037, -3.183792629390839], [-0.18116295968794258, -0.0778065610780601, -0.2730267779406362], [0.005262927659971914, -0.11147743811067883, -0.0772550077237962], [-0.4713888331765266, -0.30814503258489634, 0.5042889444784852], [0.2316306572460957, -0.45254896153051316, 0.46903221014160584], [0.1020064658617811, -0.25549888953913963, -0.35432469334846517], [0.2307807529164972, 0.5197888998544266, -0.2229348216056423], [-0.3201031371371394, 0.04092671413157217, -0.17051041061876926]]","tensor(-3, dtype=torch.int32)"
"['Bi', 'Bi', 'Bi', 'Bi', 'Bi', 'Bi', 'Bi', 'Bi', 'Bi', 'Bi', 'Bi']","[[1.0449874942861166, 1.7750368104266108, 0.32417552089758433], [0.18535640722291555, -1.201880283540442, 0.3943615189553156], [-1.6263027449359662, 0.9996850959122877, 4.049986369826469], [-1.9377484709363286, 2.4774651022334164, 1.7399320099120728], [1.4376688413117518, 3.5862378435656606, 2.390636958356781], [0.6723115061564562, 2.50608091639199, 5.178943182728654], [4.579262317416715, 2.5712999137084656, 3.161557316179008], [0.10391719061912968, -1.642823208493665, 3.2572548143665574], [3.78822443072328, 0.27815971253918814, 1.1492222361301023], [3.713679668445268, 0.9783064523314217, 5.4247250767312565], [2.974817339155779, -1.426069452556093, 3.4647888192619334]]",[-64250.69140625],"[[-0.2500768413589893, -1.4144633592642586, -0.9269243383637891], [0.09617689760587635, 0.22187784051325987, 0.07397463823577119], [0.07419873571086741, -0.8331026753963606, 0.8039221810886852], [0.3105193962414114, 0.6304019326056819, -0.8701857167377184], [0.22224674259823926, 0.7170322160659494, 1.5173677062670803], [0.8311836029386759, -0.08713884794597242, -0.23099333184308], [-0.14995988025223586, 0.15062955015085402, -0.5698807019231455], [-0.8185234839922121, 0.036499220624628764, -0.09969874523595088], [-0.07861769315060892, 0.2928719000549048, -0.006657227388686671], [-0.918631497655031, -0.23292855083752034, 0.05827141133182266], [0.688069237205648, 0.5137573970448955, 0.2591044523343029]]","tensor(-3, dtype=torch.int32)"
"['Bi', 'Bi', 'Bi', 'Bi', 'Bi', 'Bi', 'Bi', 'Bi', 'Bi', 'Bi', 'Bi']","[[0.9705104083772622, 1.6619499806783236, 0.4036668444062018], [0.2098464107194677, -1.2604136264303754, 0.24197666375627988], [-1.573081652096997, 0.8484557360343812, 4.122893297351416], [-1.6425606619059807, 2.5452921151137757, 1.6998793935822374], [1.4802081961856624, 3.4718190470146144, 2.528230360720952], [1.0174684073367084, 2.3926342130999183, 5.188078020532373], [4.700881347954068, 2.627766873367037, 3.220239751554933], [0.05725067484349892, -1.8323872690481346, 3.0598737470212662], [4.024644544042395, 0.4799034864211908, 1.0139937014380462], [3.674496919223825, 0.8815026825967518, 5.384433213850698], [3.003046090401527, -1.5446461900642663, 3.317119653072365]]",[-64250.80859375],"[[0.30596211337532553, -0.7491807934994978, -1.0768783564975848], [0.07699059532890296, 0.1232219352945075, -0.0885883338633685], [0.5916096209402768, 0.16842272512280063, -0.2112685374231035], [-0.38885977005214106, -0.16254564285427797, 0.49899200624714357], [0.4006197967076262, 0.809273163938275, 0.3339149566686719], [-0.3962906222397796, -0.5408087082286992, 0.2744363603149679], [-0.24749329263393555, -0.2198288758522493, -0.37280563879526535], [-0.2681938726636931, 0.36448225336411016, 0.2633784508978865], [-0.390047877478047, -0.34997093912084437, 0.872527993009089], [-0.2552268666746929, -0.44620450387163946, -0.2401244554887398], [0.5698411069126307, 0.9921635459485918, -0.2557445842926986]]","tensor(-3, dtype=torch.int32)"
"['Bi', 'Bi', 'Bi', 'Bi', 'Bi', 'Bi', 'Bi', 'Bi', 'Bi', 'Bi', 'Bi']","[[0.9014699423033514, 1.5979498752560533, 0.27048286104040703], [0.1921393554672414, -1.2134357777594502, 0.28913316273628586], [-1.425862330483949, 0.9739513481096401, 4.00746122240642], [-1.6823700463432154, 2.4899910474564955, 1.88243534857087], [1.4478352185093, 3.630277779717443, 2.688159436141943], [1.0248228940948507, 2.530620634816159, 5.177064123598943], [4.581891550887986, 2.5586190410223097, 3.161671505730132], [0.15023074394367794, -1.7006279392952441, 3.056369086430153], [3.611142259431753, 0.5095575912159929, 1.0756052229620903], [3.636684147670694, 0.9554061692842338, 5.379247138492085], [3.1809565501701003, -1.457880855212098, 3.4794400414460664]]",[-64250.484375],"[[0.16148902171653653, 0.9573003963006493, 0.18082192837659836], [-0.17199290951895832, -0.5467736708517285, -0.5974321443696353], [0.286794220207137, -1.4863720121267072, 2.417643059891571], [-0.42776150792842377, 1.4401049852295476, -2.179671390266737], [0.522852628070634, 0.6217388528375635, -1.8425404445686955], [-0.3645962047190467, -0.9762751480928714, 1.3709222174416402], [-0.013034924287556217, 0.5008184160958052, -0.4533535629974315], [0.07073412086871901, -0.153762903879058, 0.6825896991271136], [0.3622255434531252, -0.5080436313392241, 0.41632646889171054], [-0.1253965241252427, -0.5386669781144823, 0.3862200684030843], [-0.30645237159642863, 0.6899872812215014, -0.3716023104302523]]","tensor(-3, dtype=torch.int32)"
"['Bi', 'Bi', 'Bi', 'Bi', 'Bi', 'Bi', 'Bi', 'Bi', 'Bi', 'Bi', 'Bi']","[[0.9891027557116214, -1.1534271954267812, -1.4216174390545742], [1.6424775427251839, -0.15426464624449865, 1.2678228833524037], [-1.6426640963300094, 0.15425152025077127, -1.2678691700763691], [-0.988916202106797, 1.1534403214205098, 1.4216637257785412], [-2.4725169494733557, -2.1896328317923417, 1.8806493512154634], [0.15892238750502785, -6.127206449532547, 2.222538171342799], [0.5981566995737118, -4.877592793305119, -0.5397254213960374], [0.3048676484346622, -3.0767454762738273, 1.923142363927842], [-3.7570050857256976, -4.549249298904127, 0.6043177347948456], [-2.692765703622556, -6.722111303090632, 2.3355045675637185], [-2.0331467469731797, -4.876158773236276, -1.7942772006661825]]",[-64250.21875],"[[-0.27811869629285685, 0.09429299785883068, -0.182883542872137], [0.043266193041160854, 0.6257127520746989, 0.012818797236654564], [0.03465135747936084, -0.7160839926972541, -0.2354600604058973], [0.3769961793042181, -0.10730129578736788, 0.5086551942743593], [0.08968383010234275, 0.5992864249919322, 0.003706495619174982], [0.10091837440399404, 0.023468070718594358, -0.03592327263012035], [-0.03686501167306771, -0.055498680731854065, -0.07769384385332147], [-0.017761756073992538, -0.07298440301825677, 0.30604356596838483], [0.06330491418801089, -0.28521638474916267, -0.2343881154848657], [-0.32198883665739025, -0.1523624232149356, 0.011697543672008967], [-0.047861841929772955, 0.047392872454583075, -0.06830617539277982]]","tensor(-3, dtype=torch.int32)"
"['Bi', 'Bi', 'Bi', 'Bi', 'Bi', 'Bi', 'Bi', 'Bi', 'Bi', 'Bi', 'Bi']","[[-0.18483853336128442, -0.9447416090125526, -1.8447256458117884], [1.420463554406595, -1.406199177339829, 0.5777474251269915], [-1.420625207201476, 1.406302136200011, -0.5777278076088671], [0.18500018615616554, 0.9446386501523716, 1.8447060282936656], [3.893264359578198, 0.29680170284636054, -2.5480975527584055], [6.1256236038054155, 1.588259000404701, 1.4387003099310978], [3.1014912817850027, 1.6983377754998246, 1.9152164048156066], [4.299324537385809, -0.5510071818871591, 0.21215151784930952], [4.04850362235394, 3.248694545801235, -2.2180196011808713], [6.615526687070005, 3.472693865976947, -0.7310227984319375], [2.1055875092757463, 3.651786098187524, -0.00568842822101262]]",[-64249.80859375],"[[-0.2000099275825938, 0.5435212235594302, -0.22697700938039295], [-1.0161097855545593, -0.41169827496133876, 0.5877308525725605], [0.019044480148401703, -0.26549251592683454, -0.7057224412443197], [-0.9192094819643659, -0.45808922909920097, 0.60392264076859], [-0.16965125031268674, 0.13680873175329542, -0.1752849518217715], [0.8965760483563806, 0.5438076446095188, 0.11268909685452741], [0.9530287631532783, 0.10067602208638769, 0.015297316339660557], [0.6080955435001316, 0.04051954372604054, -0.0017833356194305518], [0.06217851327199835, 0.15148567655353345, -0.1503150012166724], [-0.13015656429842, -0.20633191378744795, 0.09723393012035038], [-0.1023753165246689, -0.16305143054703758, -0.1430894774407041]]","tensor(-3, dtype=torch.int32)"
"['Bi', 'Bi', 'Bi', 'Bi', 'Bi', 'Bi', 'Bi', 'Bi', 'Bi', 'Bi', 'Bi']","[[0.9208103085514281, 1.805508053564479, 0.4813141748734186], [0.07139610910754217, -1.147755484556246, 0.3566650977363611], [-1.4425280176500217, 0.7461305849615116, 4.0887943964379465], [-1.8349432650327335, 2.5629668990878125, 1.806042721105224], [1.531914882711391, 3.5714265526472495, 2.5754868062466296], [0.919752514612243, 2.418142340834226, 5.039019649602576], [4.718183668932914, 2.6785912640607448, 3.111056223131727], [0.13529714012594612, -1.5097704303639472, 3.0874299988086493], [3.7676893513698095, 0.28131345794228146, 0.8056922385727483], [3.6001545438561147, 0.7014403261843475, 5.322004238002975], [3.0717000962666936, -1.4180514706265392, 3.2923905353549507]]",[-64250.4453125],"[[-0.18406748510862517, -0.8894042092440195, -1.3844842798743793], [0.18405483527409702, 0.3922224148866906, -1.1957533767026516], [-0.2799121960029087, 0.9015110264851057, 0.25630750192920115], [0.09191493181172199, -0.07173870284978365, 0.19884804542339257], [0.7317836714768837, 1.1553834352676384, -0.42440863329127404], [-0.03202039758587235, -0.9154937216269514, 1.531224931505476], [-0.6851952565073627, -0.8863538507716223, -0.03751223068650301], [-0.13048875101001284, -1.1195041850901177, 0.9409610267017913], [-0.11090701284880586, 0.3036027135474596, 0.9023841736000974], [-0.020479161645632536, 0.8362029132975886, -0.29048174981627534], [0.44205659227660477, 0.2863496762254466, -0.5192736504968165]]","tensor(-3, dtype=torch.int32)"
"['Bi', 'Bi', 'Bi', 'Bi', 'Bi', 'Bi', 'Bi', 'Bi', 'Bi', 'Bi', 'Bi']","[[0.9765876630398881, 1.6551172749673722, 0.14804821635602688], [0.31161140022190953, -1.318512589286148, 0.3686442974789663], [-1.5112759920449421, 0.9892584156457511, 4.207603806228525], [-1.6925745196113275, 2.6180739831177524, 1.797314558979584], [1.609377461428357, 3.737340256686903, 2.5789362499354294], [0.9031423556480894, 2.435721425845965, 5.025623110321416], [4.489702179820359, 2.715005399033763, 3.216482090998348], [-0.06545260383791712, -1.719429501575997, 3.0078016574708264], [3.7959055965193973, 0.31913942818111257, 1.0645272099114065], [3.525607823515454, 0.8593561426040938, 5.270253559028406], [2.933855276621616, -1.4182239119157407, 3.2995908519831483]]",[-64250.7734375],"[[0.08967843078272708, 0.3382136378362128, 0.7227035585460692], [0.10963688718683327, 0.28286845204771854, -1.912184468518056], [-0.2799696859012927, -0.29778337828777884, -0.5318005862260936], [0.09370514050791283, -0.2436150899092266, -0.030687182159742903], [-0.0803472237787379, -0.07062160933234671, -1.1731255995247398], [0.28914117588884114, -0.08902094791981285, 0.7705286748180372], [0.33608332342632613, -0.30807345303342, -0.4845814278812788], [-0.19638276750896785, -0.12000013556878968, 1.8201142419897691], [-0.3193710408193457, 0.6444838723842727, 0.1342423065847371], [0.008557659338174612, -0.24589797366482471, 0.4110200175734271], [-0.05004047767911531, 0.10203392525868366, 0.272139438328369]]","tensor(-3, dtype=torch.int32)"
"['Bi', 'Bi', 'Bi', 'Bi', 'Bi', 'Bi', 'Bi', 'Bi', 'Bi', 'Bi', 'Bi']","[[0.9770585762481802, 1.708928454386689, 0.11312833487581603], [0.0575470849985356, -1.2271083513742727, 0.2308782924445451], [-1.5454215957639006, 0.7839404746911885, 4.216686620317584], [-1.8836316813729337, 2.5252319912031425, 1.8763233852877637], [1.478605712246098, 3.717579242482008, 2.509868606330862], [1.0062283528946903, 2.2324847647577313, 5.1601263666228725], [4.475668117131806, 2.5728030170055773, 3.2649235577757003], [0.04142994618776555, -1.7473974159273808, 3.105540956454999], [3.801570541339306, 0.38403539926557917, 1.119737360258282], [3.6561651156137054, 0.9145381608042698, 5.455464874963238], [2.993542817796013, -1.3563699419367918, 3.4321175868924683]]",[-64250.96875],"[[-0.043690193897265917, 0.01531621910052457, 0.8165334490481498], [0.18356174883795714, 0.20467529968517628, 0.24262567744517743], [0.2062786405005733, 0.22842510690131648, -0.3906911678436857], [0.4255727780225047, -0.24067657448601107, 0.1864804667559152], [-0.1924637356435461, -0.8386356924501361, 0.052052577842673683], [-0.4395962508829715, 0.5643075756379395, -0.3582992096506994], [0.25933286926509164, 0.4407525794562823, -0.8620240023624841], [-0.16055272827308728, 0.09633676888859184, -0.17179467735592577], [-0.2758437829614533, 0.2522682452136704, 0.1730064903660491], [-0.15349185803435123, -0.8550619653837606, 0.3816116719779701], [0.18953874423041553, 0.11623562708855933, -0.05966978369019039]]","tensor(-3, dtype=torch.int32)"
"['Bi', 'Bi', 'Bi', 'Bi', 'Bi', 'Bi', 'Bi', 'Bi', 'Bi', 'Bi', 'Bi']","[[0.9203313830696256, 1.5199418041169783, -1.0828119675018715], [-0.5231905543292377, 1.3689946110564668, 1.4768311757775558], [0.5232681382831904, -1.3691576351797987, -1.4768984131577925], [-0.9204089670235792, -1.5197787799936482, 1.0828792048821092], [3.986546421255378, -0.7586566406846246, -1.3572628100111954], [6.4504582279902625, -0.9375231527284975, 2.6977331609055075], [3.4656189847747525, -0.7416664037431757, 3.358744546992438], [4.39695598312538, -2.4443695662970333, 0.9863616540985997], [4.424712575121372, 1.9263314837918164, -0.15494370422448656], [7.045937913294567, 1.4786751103829179, 1.1791193000876041], [2.5964323647716796, 1.7803899326442023, 2.1834120379598203]]",[-64250.5546875],"[[-0.26258819619451823, 0.27536802577017516, -0.7920076824701001], [0.13626175496518195, -0.004928770968050735, 0.7345491515619399], [0.5120960006881072, 0.22814151406626468, 0.10092243674922868], [-0.09805719780651155, -0.09192871293226484, 0.07455997590420171], [0.08232532879755416, -0.2479215358125958, -0.25566050917296884], [-0.3896038991393639, -0.2586507037982201, 0.18622320203175127], [0.12771499196821268, -0.5624625509921267, -0.028481467536975655], [0.10074461915655253, 0.02434825751792305, 0.31571652419300034], [0.3210219984915437, -0.05621972129995851, -0.29182031828213806], [-0.02404998881793496, 0.2984598359024853, -0.24110096100780296], [-0.5088849996016207, 0.3969645087499072, 0.20408050035189543]]","tensor(-3, dtype=torch.int32)"
"['Bi', 'Bi', 'Bi', 'Bi', 'Bi', 'Bi', 'Bi', 'Bi', 'Bi', 'Bi', 'Bi']","[[1.011199481780015, 1.7011868285118146, 0.3185376882776474], [0.07583694694360517, -1.3014697339384622, 0.18931643132665793], [-1.5973449198028455, 1.1162370334508496, 3.8654042416153707], [-1.6998209711326704, 2.651552924222824, 2.0139626712561913], [1.4082463205796323, 3.7645175213422064, 2.525282771943662], [1.1021385671480173, 2.4425131607075583, 5.268787557794978], [4.778601651091272, 2.5123021000905372, 3.1034312837850666], [0.07361976487813296, -1.8584030485640124, 3.294989422278501], [3.8589135756494777, 0.2872466050099337, 1.041980985085857], [3.499716431069459, 0.8112713647748055, 5.396210165013145], [3.058230708344947, -1.4599343602805295, 3.496906317265994]]",[-64249.24609375],"[[0.3382086498933297, -0.4374627997254987, 0.039670169043985286], [0.14420307425591375, 0.31709468766937793, 1.1656179741543755], [0.6964608083302355, -4.905013961741774, 6.19790984008595], [-0.33748056449867914, 4.737714243676941, -5.940984501726441], [0.3615411154142242, -0.6274703591648293, 0.14480574116920603], [-0.7410010813922112, 0.20652227837046908, -0.5163225366611645], [-0.7341182344345176, -0.4637608801118701, 0.1595364220551429], [0.01609299093148107, 0.6082755208206541, -1.0746301826538018], [-0.479336168851973, 0.2391819913943012, 0.6095147932276799], [0.7907360141453801, 0.24262511180217006, -0.12041953414769853], [-0.054696958902064004, 0.09305197710069113, -0.663063702513177]]","tensor(-3, dtype=torch.int32)"
"['Bi', 'Bi', 'Bi', 'Bi', 'Bi', 'Bi', 'Bi', 'Bi', 'Bi', 'Bi', 'Bi']","[[-0.8671723549530638, 1.0147449344492945, -1.5962517108354666], [0.43117802932806487, 1.815696422917797, 0.9199113706318571], [-0.4311361658784289, -1.815871341470117, -0.9199804209876782], [0.8671304915034284, -1.0145700158969753, 1.5963207611912889], [-1.5212036614907531, 0.8447507520246562, 3.6811012486218013], [-4.686835207383408, 1.7482848567682636, 0.25936923371130516], [-6.180205113467801, 1.271836826534383, 2.8913655909631046], [-3.5282753521857697, 2.808729239902879, 2.895549574708993], [-2.733834609754652, -1.6248285685217319, 2.5508684398805124], [-3.2340330283048484, -0.7290359746550044, -0.24167516272668665], [-5.478977347820199, -1.446874593643311, 3.6752966374035774]]",[-64250.41015625],"[[-0.05435243088849248, 0.5211546706067339, -0.1897842847176997], [-0.05738916250662169, -0.14908333927920003, 0.10849459684452319], [0.38513809617419503, -0.6371649660899991, -0.0486077553635736], [0.5002780727575054, 0.003834019320962525, -0.07755963219430331], [0.030104888679133784, 0.21371700031358223, 0.2808845877546456], [-0.13990927818707272, 0.8559885914739932, 0.4012493573748137], [-0.07159945182579086, 0.3538193170324382, -0.2042098269122137], [-0.31480146807337267, 0.014748416365322085, -0.20400650396211495], [-0.1104447796676127, -0.23929846243172498, 0.11224265025544863], [-0.38351500927563215, -0.6643487405817072, -0.21824373845727088], [0.2205124297155935, -0.2789922033624896, 0.03763519119188393]]","tensor(-3, dtype=torch.int32)"
"['Bi', 'Bi', 'Bi', 'Bi', 'Bi', 'Bi', 'Bi', 'Bi', 'Bi', 'Bi', 'Bi']","[[0.8941358256036108, 1.8041644698998642, 0.3299956039341715], [0.15444527390038726, -1.096609314366775, 0.022307481586629457], [-1.5695724159115312, 0.6715595134934287, 4.292921931146732], [-1.5919489366614288, 2.5654323972665516, 1.7774684729087022], [1.8053204324362648, 3.590253690999312, 2.4562247236182286], [0.7567888256412929, 2.3543808880214603, 5.044550553275103], [4.5713363109347815, 2.599847488147232, 3.210710882522719], [0.08442619693083642, -1.5545399600309902, 3.0718883291260384], [3.8214747167178413, 0.5807955475161459, 1.0271476416959702], [3.690000094902955, 0.8740739224705385, 5.296024039068614], [2.988204834390104, -1.3692826290441227, 3.437273477882398]]",[-64250.4453125],"[[0.181338309020223, -0.311813638864334, -0.6747149200228836], [0.08559027165810582, -0.17623127257307844, 0.9859003351944112], [0.17875136643712514, 0.7833733990732653, -0.8930706043735194], [-0.5746799257301052, -0.20442554258638274, 0.8318464336991142], [-0.7033868498448544, 0.4414566507341662, 0.7119028624310602], [0.5719396424699222, 0.15828033462417104, 0.07015325692225576], [0.7790200048002855, 0.36058091069819126, -0.569684783754234], [-0.3109442455620275, -0.5120669986284573, -0.9179491264997932], [-0.046087100998728724, -0.7987408911413022, 0.4619324648016369], [-0.6817690025455314, -0.18565457654308357, 0.8847525668398883], [0.5084376788269851, 0.43750023500816726, -0.893047978653225]]","tensor(-3, dtype=torch.int32)"
"['Bi', 'Bi', 'Bi', 'Bi', 'Bi', 'Bi', 'Bi', 'Bi', 'Bi', 'Bi', 'Bi']","[[1.1787894914217683, 1.833800501480763, 0.38046183592456395], [0.30427265924134683, -1.0417774899161427, 0.15676625180121628], [-1.4996337690033172, 0.8076726146079832, 4.1111401628703295], [-1.6296936410415146, 2.4385663134366373, 1.7704547584272892], [1.6428817632344381, 3.557794131248018, 2.4668530259961874], [0.9101017923678472, 2.331002450424271, 5.176169681645116], [4.488950343234268, 2.4476672808013866, 3.2760891705814297], [-0.0007341974224314013, -1.7359867470985204, 3.1391394744139722], [3.791878186175546, 0.5100839872884229, 1.1068091514649354], [3.6450653446610666, 0.9681898226700779, 5.451229094084565], [2.975569801890693, -1.2740269899186785, 3.3568742782360443]]",[-64250.58984375],"[[-0.7442391304988677, -0.9709601607073861, -1.5986758032490418], [-0.034944180579850846, -0.33017543932494836, 0.8570350310376023], [0.07278925618071888, 0.04223721641985169, 0.14574049194990793], [-0.2570469516060904, 0.3419380370850124, -0.10816703812117236], [-0.11930336622790996, 1.1602253394106077, 1.8206917120781883], [-0.03031723106409531, 0.17688639001978013, -0.21422710746203438], [1.1126763597704126, 1.4030779939680096, -1.0032012979057747], [0.32213266424753345, 0.15873187201031605, -0.9023934295765813], [0.4178727826075477, -0.7345681777358237, -0.1913688050475792], [-0.7430075714055785, -1.1771416648769688, 1.0620117156015163], [0.007235119138256727, -0.06838515972544337, 0.14402294266911658]]","tensor(-3, dtype=torch.int32)"
"['Bi', 'Bi', 'Bi', 'Bi', 'Bi', 'Bi', 'Bi', 'Bi', 'Bi', 'Bi', 'Bi']","[[-0.5497147345040049, -1.763496625843357, 0.9579186086713136], [0.5952293857430307, -1.091751511903723, -1.6681383448603442], [-0.5952065459206686, 1.091880074719164, 1.6682800027051696], [0.5496918946816431, 1.7633680630279178, -0.9580602665161397], [5.545529449303793, 2.0023361014950067, 3.6301375456790543], [4.408805894681998, 1.9492423920870485, -0.9797309516902903], [3.3981247551197793, 4.561501668519728, 0.26090853394751234], [6.097869510859459, 3.4003962728719417, 1.131540355567135], [2.737200568299496, 1.1511750191579, 3.144817293531192], [3.041566169335172, -0.16272849633351694, 0.4930326615343774], [1.5181647654551473, 3.736186155380098, 2.3302719124106153]]",[-64250.71484375],"[[-0.12322440355490326, -0.44829568606983544, -0.21466578932528493], [0.06610191601520422, -0.8788817066444465, 0.06784029124308462], [-0.33785496874745735, 0.42608103397566005, -0.03929732802679101], [0.43595808648174794, 0.39238701700183126, 0.6392053946838077], [0.048152176201030586, -0.20637089173286394, 0.05575969926870317], [0.28777936463758524, 0.5752615095858505, -0.15743315566542618], [0.07322685818004628, -0.05871369274148364, -0.03644485718941267], [0.05182781188038696, 0.01526201507379237, -0.21314410679131354], [-0.02562734605045766, 0.37151581847221843, 0.4451965280325307], [-0.39854640655311624, -0.1654264112686516, -0.5887952898682217], [-0.07858288039461071, -0.03375889108456336, 0.02998021581810332]]","tensor(-3, dtype=torch.int32)"
"['Bi', 'Bi', 'Bi', 'Bi', 'Bi', 'Bi', 'Bi', 'Bi', 'Bi', 'Bi', 'Bi']","[[0.5859630222414632, 1.565401355451346, 0.028153209090002906], [0.18796566718548363, -1.1553760875556482, 0.291434550908189], [-1.4034006884490613, 0.6766860440955533, 4.159656505417846], [-1.8842496189593614, 2.4266565475543618, 1.7948479353349873], [1.5649207275551447, 3.5522959189079844, 2.6412546526996072], [1.0602129772866689, 2.579044407007615, 5.199881161787934], [4.589823129353306, 2.5698468988130525, 3.211464399656322], [0.12227131519494011, -1.647858330108265, 3.0561468280771975], [3.834290100568754, 0.5667890417013067, 0.9861467296763873], [3.5696107283412517, 0.7635177811172479, 5.469021106467728], [3.113038546853639, -1.2515042845073028, 3.583382900016777]]",[-64250.203125],"[[0.48227386152172336, 1.7238356314867516, 0.8443671987774019], [-0.11950432376179615, -1.355072900375519, -0.7064073835041366], [0.15654756440427264, 1.0146848793969374, -0.04961392628726799], [0.18496891437398466, -0.2923709460387535, 0.2716337534797925], [0.13571647510609056, 0.17738225324886522, -1.5747064237018642], [-0.565898060930442, -0.9915521372797312, 0.8272528982584659], [-0.2735228468580876, -0.06371068591265161, 0.014909475498353033], [0.05660168459619869, -0.47703914402119096, 0.661622855507166], [-0.20440533370439262, -0.5126011713157679, 0.7285543641257956], [0.2736757247363485, 1.3241620526862492, 0.8910815978712887], [-0.127526272892122, -0.5446221705401116, -1.9103245314656858]]","tensor(-3, dtype=torch.int32)"
"['Bi', 'Bi', 'Bi', 'Bi', 'Bi', 'Bi', 'Bi', 'Bi', 'Bi', 'Bi', 'Bi']","[[0.8864866494335879, 1.632660259372476, 0.13193031881888254], [-0.03024163860136589, -1.1371952533653393, 0.16967080446827754], [-1.4464118291521348, 0.6963013941083669, 4.254602102447242], [-1.8349977140103488, 2.648430578828062, 1.7048856242391093], [1.6839039958112165, 3.598389853696777, 2.6175215486484706], [1.0117769168629085, 2.44114504135288, 5.300499558896569], [4.587568909555293, 2.6245980149007466, 3.004277168924157], [0.11454986957940791, -1.7876800887768856, 3.1051785620799888], [3.8160398335505192, 0.2802486662445605, 0.9570211597470302], [3.577215089488521, 0.8117849996427418, 5.318924251670244], [2.9892776015910143, -1.3716088606534471, 3.21618524822001]]",[-64250.65234375],"[[0.12562190715262836, 0.7036532162792276, 0.8087558576970018], [0.020058400381296877, -0.4368356044745238, 0.44011026611038356], [0.3784606290502633, 1.0276982681125408, -0.8420753161557777], [0.3681524023062952, -0.8744794613844679, 0.8155014076701826], [-0.474103353968829, -0.3814610566717386, -0.4692371271765436], [-0.4030804466338089, -0.3358597401721457, -0.4315079158324187], [0.01744218320146375, -0.6708299810041779, 0.11837020953204694], [-0.6580562192353272, 0.2378887257911186, -0.4746184490601643], [-0.05505372537343104, 0.6399073062338452, -0.12338550896781662], [0.2265838874902804, 0.08825763839243143, -0.29680810689891357], [0.4533339711805404, -0.004241294113340063, 0.4514973283356547]]","tensor(-3, dtype=torch.int32)"
"['Bi', 'Bi', 'Bi', 'Bi', 'Bi', 'Bi', 'Bi', 'Bi', 'Bi', 'Bi', 'Bi']","[[0.008954448342869514, 0.7924133901886568, 1.9239842869511938], [-2.039204066277158, 0.3851420658448516, -0.14905464831720328], [2.0393620364622382, -0.38525195540182755, 0.1490453367172614], [-0.009112418527949862, -0.7923035006316815, -1.9239749753512534], [3.560017166328265, 0.6221608833717354, -2.9732066368453047], [3.488254958943477, 5.160195446733954, -1.5778789219445617], [1.095925089391876, 3.7032808168442326, -0.33742788181298344], [3.7963727905790177, 2.2741013815146527, -0.5820001810357354], [1.7010762635630143, 2.294443580075799, -4.583961534849182], [3.111492443995174, 4.9108886598321995, -4.457930014178091], [-0.46907188642003916, 2.75464683759687, -2.606466905322687]]",[-64250.65234375],"[[-0.5218725230051604, -0.10025312680525154, 0.08287533948907072], [-0.3214973443060893, 0.6198058964151526, 0.6264938536457662], [-0.1307422104994, -0.40145813106661976, -0.21978208174891348], [0.6743503373935967, 0.34672440536907756, -0.5314329182713121], [-0.030864639797778023, -0.13413910244694038, -0.27249306805214984], [-0.05671486461976151, 0.05715375217137836, 0.09778394081186692], [0.05335232262939512, 0.09711231687376878, 0.1591904542230072], [0.15178526165906595, 0.35702003370060914, 0.014802872360303015], [0.48985903140618703, -0.07668036585041386, -0.15396144457464003], [-0.06863501966842009, -0.004750161475164273, -0.27850281931694326], [-0.26887963767697515, -0.7717941724917678, 0.46259982070613415]]","tensor(-3, dtype=torch.int32)"
"['Bi', 'Bi', 'Bi', 'Bi', 'Bi', 'Bi', 'Bi', 'Bi', 'Bi', 'Bi', 'Bi']","[[0.8560013710333785, 1.5047293499718792, 1.154454821832661], [-0.6826713076452564, 1.4260856822685521, -1.352458663152428], [0.6826530517747589, -1.4262357555335812, 1.3525780856725658], [-0.8559831151628817, -1.5045792767068518, -1.1545742443527995], [-3.704149566901857, 0.23747333544157784, 0.6591635991069036], [-1.8274936882463237, -0.906305126747216, 4.868175417478249], [-4.852871267352559, -0.552471910168068, 5.194447980200812], [-3.73286501638922, -1.8766566955783406, 2.6672147288656687], [-3.2437933112147874, 2.606072389722672, 2.398281961099979], [-0.8641976712396104, 1.6780860949963035, 3.9238338706134326], [-5.37599471759577, 2.2116567642738887, 4.430514358721572]]",[-64250.6171875],"[[-0.05511322073338659, 0.20478215479147502, 0.2372083600974522], [-0.058657077018656446, 0.5507023186482752, -0.06992134328923971], [-0.006175649216641904, -0.3547644550756388, -0.19280214442821986], [-0.3162008174514804, -0.20798883642226898, 0.6899158045142082], [0.1467299558360487, -0.15164205113402165, -0.5579266082940457], [-0.21161234552739291, -0.508561811756054, -0.2924401087519257], [0.09348999047675116, -0.30688925368647396, 0.014758412819924816], [0.12885795079771328, -0.04163831360366293, 0.4904811358700957], [-0.10847958159378246, 0.15610127207146862, 0.041957655076779614], [0.22660311935253052, 0.42079206616851306, -0.06526954661883376], [0.16758490498472292, 0.24233833079744047, -0.29517442704948565]]","tensor(-3, dtype=torch.int32)"
"['Bi', 'Bi', 'Bi', 'Bi', 'Bi', 'Bi', 'Bi', 'Bi', 'Bi', 'Bi', 'Bi']","[[1.0660941737472762, 1.5394391018379845, 0.23660508802740254], [0.22808764034296974, -1.269848109507, 0.0983471724365329], [-1.4633903563350348, 0.710064710659161, 4.222295346789969], [-1.8486926195338564, 2.4173540571271164, 1.7149366607454244], [1.3520457294161916, 3.684875005334227, 2.4492029668345237], [0.9299098244149242, 2.4083620361255917, 5.104698303006188], [4.551993575545137, 2.5949278642094766, 3.178994799140498], [0.09136270206880734, -1.859562192009171, 2.9924188915034464], [3.76756943396471, 0.5188811988090467, 1.0454012835728996], [3.72331772033039, 0.9063653049866114, 5.354715193537489], [3.0341995273326337, -1.338299015962751, 3.4379504442104096]]",[-64250.94921875],"[[-0.35075589734878004, 0.8287107145546977, 0.03024828432370774], [-0.07216488914478077, -0.3916444819994473, 0.4790962333726709], [0.2176126351273361, 0.4073772766060531, -0.7769055283946048], [0.42574771597805244, -0.4072799345866962, 0.6770109164118341], [-0.03952129180444913, -0.4299844849473337, -0.039778947336509045], [0.028087147512129325, -0.22603038009653656, 0.013421993797490074], [0.10793327329285952, 0.5141339610215201, -0.6445399224640925], [-0.03467966534077444, 0.2709470628688621, -0.17876334778446276], [0.23650238620218006, -0.49378809057946643, 0.5082640264237267], [-0.679881297563709, -0.214043839127651, 0.4118563978929406], [0.15271800697819635, 0.13923441465720518, -0.4809586386854369]]","tensor(-3, dtype=torch.int32)"
"['Bi', 'Bi', 'Bi', 'Bi', 'Bi', 'Bi', 'Bi', 'Bi', 'Bi', 'Bi', 'Bi']","[[0.8004544575075319, 1.6785144508710153, 0.2615559554011987], [0.010103668092867196, -1.3083650763502777, 0.2507342116960595], [-1.4039290133060267, 0.8504028939563439, 4.120705809362854], [-1.8005073921249095, 2.576384065121293, 1.7770850206716897], [1.3686269131179887, 3.686902161047096, 2.6105511938995707], [0.9346865779825395, 2.3870307489170473, 5.131481369111207], [4.66712161875552, 2.564184975837521, 3.0852637506775435], [-0.053994747476825075, -1.692464597811643, 3.155853217402792], [3.691702840750706, 0.3882102744589031, 0.9732382794626446], [3.654266579085077, 0.798707067710904, 5.4085510417858], [3.043819306888086, -1.2725707741117869, 3.362561507705551]]",[-64251.046875],"[[0.16432777828209108, 0.05349887559039196, 0.19413485077564266], [0.11709869547360174, 0.2357862821548671, 0.29610964062901185], [-0.40636081612183395, 0.16495070549946503, 0.046476901021725366], [0.15438038035472468, -0.09265196465030714, 0.1866250656774321], [0.28515015309521036, -0.11387046798643667, -0.9185631062732325], [0.2554028330720723, -0.2832064494556597, 0.7149491071361312], [-0.4999472744423851, -0.385934470106461, -0.013651624289640066], [0.4479437532750767, -0.15234020887137398, -0.35752813538748973], [-0.05662554444669081, 0.3172356870444844, 0.3400045664416857], [-0.15420605946427582, 0.5357354046736297, -0.2967746311172964], [-0.3033414379001526, -0.28735384682977866, -0.19230407004919692]]","tensor(-3, dtype=torch.int32)"
"['Bi', 'Bi', 'Bi', 'Bi', 'Bi', 'Bi', 'Bi', 'Bi', 'Bi', 'Bi', 'Bi']","[[0.1685840975114843, -2.0579193826971944, 0.25741390000529163], [2.0507552954862516, 0.2037009032668784, 0.28603073791614625], [-2.0509409083411825, -0.2036615916766744, -0.2859972794798388], [-0.16839848465655338, 2.0578800711069922, -0.2574473584415994], [-0.852986386818332, 2.0512344488087813, -3.3992598405431202], [2.5738701280924774, -1.2056533740671003, -2.9574645485071627], [3.4994115077167374, 0.9462630627829383, -4.931594744293869], [1.886474942686747, 1.7414984561348676, -2.4494941095264826], [-0.8748315375176532, 0.048936230387273405, -5.5985885274405485], [0.1620389349855389, -2.331693688394622, -4.146540520430964], [1.5551175310735301, 0.8655011692640713, -7.10204596467114]]",[-64249.921875],"[[-0.14960151969602992, 0.2271484506337135, -0.1890199467484867], [0.1745346006614677, -0.4436715544846983, 0.9175182093723708], [-0.3940784438601011, -0.5455853063153646, 0.10835267187176835], [-0.6507172583253382, 0.6987136101622605, 0.920234838470428], [-0.1881784242198154, 0.2254629373159751, 0.04025141865613538], [-0.27573440817266726, -0.06820862768505666, -0.03041731388093326], [0.6636072340211548, 0.04527113010736243, -0.8682764144774333], [0.9181090492046002, 0.17951123068437083, -0.9881063429231004], [-0.02161355355467627, -0.48234163583842293, -0.22934473958709453], [0.05544443042523945, -0.02775001913753586, 0.05445023570667353], [-0.13314650181321339, 0.20288627369709175, 0.2696539515319542]]","tensor(-3, dtype=torch.int32)"
"['Bi', 'Bi', 'Bi', 'Bi', 'Bi', 'Bi', 'Bi', 'Bi', 'Bi', 'Bi', 'Bi']","[[-1.3781236195117257, 0.8107678265791379, 1.331595103722802], [1.5546681215813616, 0.84419394852551, 1.0951020646501806], [-1.5547690788877846, -0.8442306341302114, -1.0952619983510936], [1.37822457681815, -0.8107311409744373, -1.3314351700218905], [-4.166288170852926, 1.1498517713179814, -1.6950970415910387], [0.24717147074076085, 2.8464386350518187, -2.1296243140130287], [-1.724223146329178, 4.9176869117706286, -3.228758094076234], [-2.445859339018934, 3.2969480350039193, -0.7293113645978435], [-3.048880595311802, 0.7707011185659047, -4.425365733817861], [-0.16226485351406694, 0.4717548042006494, -3.770367060581089], [-3.0894190426070236, 3.56963148507619, -5.423444126846935]]",[-64250.66015625],"[[-0.20908294426477064, -0.26817849745831135, -0.20014213378004042], [0.3355255994210729, -0.1868171271894753, -0.2047378803706265], [-0.9167725890444923, -0.4027366385295195, 0.2722889737706774], [1.3913054203221793, -0.20757200894793904, 0.4874817366904519], [-0.3775383738378148, -0.009943608119217127, 0.043235422061560676], [-0.10692889700016119, 0.5401988422225861, 0.11737596339138943], [0.14333008140719677, 0.26650362851352954, 0.05287332584634756], [0.16279000063345586, 0.2327291359663815, -0.12057739996884248], [-0.45655129718429094, 0.27066347003381036, -0.08881957900919404], [0.1091398412496419, 0.07972907881588072, -0.08292969263986849], [-0.0654221673866368, -0.3112905733488042, -0.2748884119220287]]","tensor(-3, dtype=torch.int32)"
"['Bi', 'Bi', 'Bi', 'Bi', 'Bi', 'Bi', 'Bi', 'Bi', 'Bi', 'Bi', 'Bi']","[[0.8864866494335879, 1.632660259372476, 0.13193031881888254], [-0.03024163860136589, -1.1371952533653393, 0.16967080446827754], [-1.4464118291521348, 0.6963013941083669, 4.254602102447242], [-1.8349977140103488, 2.648430578828062, 1.7048856242391093], [1.6839039958112165, 3.598389853696777, 2.6175215486484706], [1.0117769168629085, 2.44114504135288, 5.300499558896569], [4.587568909555293, 2.6245980149007466, 3.004277168924157], [0.11454986957940791, -1.7876800887768856, 3.1051785620799888], [3.8160398335505192, 0.2802486662445605, 0.9570211597470302], [3.577215089488521, 0.8117849996427418, 5.318924251670244], [2.9892776015910143, -1.3716088606534471, 3.21618524822001]]",[-64250.65234375],"[[0.12562190715262836, 0.7036532162792276, 0.8087558576970018], [0.020058400381296877, -0.4368356044745238, 0.44011026611038356], [0.3784606290502633, 1.0276982681125408, -0.8420753161557777], [0.3681524023062952, -0.8744794613844679, 0.8155014076701826], [-0.474103353968829, -0.3814610566717386, -0.4692371271765436], [-0.4030804466338089, -0.3358597401721457, -0.4315079158324187], [0.01744218320146375, -0.6708299810041779, 0.11837020953204694], [-0.6580562192353272, 0.2378887257911186, -0.4746184490601643], [-0.05505372537343104, 0.6399073062338452, -0.12338550896781662], [0.2265838874902804, 0.08825763839243143, -0.29680810689891357], [0.4533339711805404, -0.004241294113340063, 0.4514973283356547]]","tensor(-3, dtype=torch.int32)"
"['Bi', 'Bi', 'Bi', 'Bi', 'Bi', 'Bi', 'Bi', 'Bi', 'Bi', 'Bi', 'Bi']","[[-1.509277902662947, 1.3699168655663432, -0.4184766343545614], [-1.4323153890956961, -1.4406703250565285, 0.44927337295978503], [1.4324718069968292, 1.44077748349354, -0.44923920412043544], [1.5091214847618153, -1.3700240240033559, 0.41844246551521214], [1.7505321917773315, -3.3334882820027776, -2.2321062048683724], [-1.3580407355451547, -0.513335261751303, -4.452322014769111], [-0.853242515653647, -2.9896862353182128, -6.1836295667100085], [-1.0210671214396418, -3.2644560682073043, -3.135495105209027], [3.0218109945606546, -1.626761658685142, -4.310003333690098], [1.2503228482195168, 0.7598272887630975, -4.179751481880867], [1.9993623017853912, -2.924421457301897, -6.780325733420563]]",[-64250.6015625],"[[0.2372935150811051, 0.17685060024404192, 0.21520510422175332], [-0.3005835168625584, -0.30052258168403867, 0.09310206221788794], [-0.3675638250460953, 0.2861519068612382, -0.6591545951114298], [0.18282301907034992, -0.7203155166131944, -0.31605220760682046], [0.038434768720455204, 0.27058582267552783, 0.5316154666964134], [-0.02590699481108542, -0.07520794568017405, 0.1254007407367521], [-0.08183044258820905, 0.0041082872739275755, 0.16425043945635803], [-0.3593810276133139, 0.2543790706508491, -0.03709024043417864], [0.1700982625547729, 0.2616797221026126, -0.345217480975389], [0.19603890798258686, -0.02222663344151304, 0.2079853397200417], [0.30487463898263745, -0.12480321603261761, 0.025858421503380993]]","tensor(-3, dtype=torch.int32)"
"['Bi', 'Bi', 'Bi', 'Bi', 'Bi', 'Bi', 'Bi', 'Bi', 'Bi', 'Bi', 'Bi']","[[1.0618683991847242, 1.884970566564282, 0.19427100432996122], [0.3430043846472806, -1.210588597035542, 0.36923749172489717], [-1.4823188972745067, 0.9448817512507524, 4.005245398571066], [-1.8007708760547843, 2.4254222910908934, 1.7220573798332437], [1.3611712723524567, 3.7576350531499805, 2.546124359692112], [0.9262798920679508, 2.264652610337263, 5.1559075484257235], [4.423084928379759, 2.4041265242401995, 3.161025415247805], [-0.0734924094159694, -1.778708340225933, 3.128916984695572], [3.801526709572708, 0.3407939663513105, 1.033107263138953], [3.6132064529499734, 0.6905499550712401, 5.407611320211486], [2.929565278971309, -1.3870147331632945, 3.1596013862908157]]",[-64250.8515625],"[[-0.21428881397192778, -0.49950905537795875, 0.3724746347917788], [-0.03545783585262186, 0.3140911233003164, -0.511165415096823], [-0.260766002957366, -0.9879320220326515, 0.9545138331580462], [0.08432626522503099, 0.774802879069987, -1.0608814580286352], [0.24953773215088723, -0.5493026093155264, 0.10852035931240368], [0.41703902481470456, 0.1861683860821293, -0.10356347537266643], [0.32053631683659106, 0.5630868151838817, -0.09034506677794217], [0.1099394033515857, 0.20998144247091022, 0.15919220257412084], [-0.1435071276684993, 0.5078629855315112, -0.4847361569548365], [-0.41206563438357086, -0.1448217334396867, -0.1007861682065474], [-0.10480943265159745, -0.3906554809121307, 0.7651838626194367]]","tensor(-3, dtype=torch.int32)"
"['Bi', 'Bi', 'Bi', 'Bi', 'Bi', 'Bi', 'Bi', 'Bi', 'Bi', 'Bi', 'Bi']","[[0.25136926725135833, 1.2834519409084058, -1.6184187673128543], [2.061290903857527, -0.053373978708212144, 0.27773359728447167], [-2.06146575934189, 0.05329683914825012, -0.277757929318446], [-0.251194411766996, -1.283374801348445, 1.61844309934683], [-3.2084216709432796, -0.028265474836744797, 2.6097768824274516], [-2.707630067093624, 3.5264408913916174, -0.49813517618331704], [-3.8466668573351104, 4.64727459650331, 2.1154616218061824], [-1.7177894759356351, 2.4436384536118982, 2.197046543644552], [-5.746940870497638, 0.6515997039445485, 1.2167852631821814], [-4.674564941132935, 1.5731862673019141, -1.4007767081887623], [-6.383663293562924, 3.260920075240267, 2.4887313299715914]]",[-64250.18359375],"[[0.14255155094070832, 0.36710359732647363, -0.3823260276741694], [-0.22437726269649222, -0.23798051422458502, 0.24931517733853836], [-0.24596585082570746, -0.4930139309907621, -0.8496796150583084], [1.248914049196736, -0.8638500008344131, 0.774533941531035], [-0.08874501697640617, -0.020506518198351947, 0.4531721458583449], [0.05492054215624444, 0.2672150017284174, 0.18687348580184462], [-0.11655763222601974, 0.23805193950978665, 0.12867673934699297], [0.15050716557289878, 0.5510499319873414, -0.18621584867265564], [-0.5428763905310441, 0.22896694148027213, -0.2299408758947564], [-0.4211762920367827, 0.1693708970694044, -0.258571050978366], [0.03941843219466598, -0.2378775157751546, 0.10701667451048455]]","tensor(-3, dtype=torch.int32)"
"['Bi', 'Bi', 'Bi', 'Bi', 'Bi', 'Bi', 'Bi', 'Bi', 'Bi', 'Bi', 'Bi']","[[0.8882945246145325, 1.8353235090567879, 0.2898337468680433], [0.2502229382894429, -1.249940893732715, 0.13559537025226592], [-1.5377432687238248, 0.7716760160903388, 4.190361191181422], [-1.9351890164644445, 2.357130519045119, 1.8107584800664167], [1.4009463200259322, 3.398159031881401, 2.4408547346085827], [0.7950654676395174, 2.3064300064060195, 5.171701087076017], [4.466128683125515, 2.5606920865972933, 3.154083231121255], [0.09571458192096824, -1.5975699616571253, 3.1436160738012178], [3.6988421621597136, 0.4377777570724743, 0.9434034645080047], [3.648192941892557, 0.9212375533709305, 5.367319864993993], [2.9648627359836603, -1.316507732772832, 3.3709889580659755]]",[-64250.71484375],"[[-0.49854072597145654, -1.9247124326891647, -1.6541838942236546], [0.11546265020796126, 0.35931484738145325, 0.7860761442065965], [-0.2686053008184074, -0.0841338951804383, -0.07662452145896034], [0.08885557447329852, 0.23865424646843786, -0.03727898007910593], [0.32833560831038483, 1.4663307661551606, 1.8887524498278667], [0.5126788186740504, 0.0991098080211099, 0.1443519412110316], [0.18744324257652706, 0.38895808909123786, -0.7037221218819418], [-0.49008081488716226, -0.3661064201265962, -0.7544392165842476], [0.010634649039095058, -0.20829664906245393, 0.3924827135142576], [-0.6535063925725202, -0.3367787043707332, 0.40187886661990957], [0.6794128423094349, 0.3590362939113761, -0.3928110435689821]]","tensor(-3, dtype=torch.int32)"
"['Bi', 'Bi', 'Bi', 'Bi', 'Bi', 'Bi', 'Bi', 'Bi', 'Bi', 'Bi', 'Bi']","[[0.9705104083772622, 1.6619499806783236, 0.4036668444062018], [0.2098464107194677, -1.2604136264303754, 0.24197666375627988], [-1.573081652096997, 0.8484557360343812, 4.122893297351416], [-1.6425606619059807, 2.5452921151137757, 1.6998793935822374], [1.4802081961856624, 3.4718190470146144, 2.528230360720952], [1.0174684073367084, 2.3926342130999183, 5.188078020532373], [4.700881347954068, 2.627766873367037, 3.220239751554933], [0.05725067484349892, -1.8323872690481346, 3.0598737470212662], [4.024644544042395, 0.4799034864211908, 1.0139937014380462], [3.674496919223825, 0.8815026825967518, 5.384433213850698], [3.003046090401527, -1.5446461900642663, 3.317119653072365]]",[-64250.80859375],"[[0.30596211337532553, -0.7491807934994978, -1.0768783564975848], [0.07699059532890296, 0.1232219352945075, -0.0885883338633685], [0.5916096209402768, 0.16842272512280063, -0.2112685374231035], [-0.38885977005214106, -0.16254564285427797, 0.49899200624714357], [0.4006197967076262, 0.809273163938275, 0.3339149566686719], [-0.3962906222397796, -0.5408087082286992, 0.2744363603149679], [-0.24749329263393555, -0.2198288758522493, -0.37280563879526535], [-0.2681938726636931, 0.36448225336411016, 0.2633784508978865], [-0.390047877478047, -0.34997093912084437, 0.872527993009089], [-0.2552268666746929, -0.44620450387163946, -0.2401244554887398], [0.5698411069126307, 0.9921635459485918, -0.2557445842926986]]","tensor(-3, dtype=torch.int32)"
"['Bi', 'Bi', 'Bi', 'Bi', 'Bi', 'Bi', 'Bi', 'Bi', 'Bi', 'Bi', 'Bi']","[[1.0618683991847242, 1.884970566564282, 0.19427100432996122], [0.3430043846472806, -1.210588597035542, 0.36923749172489717], [-1.4823188972745067, 0.9448817512507524, 4.005245398571066], [-1.8007708760547843, 2.4254222910908934, 1.7220573798332437], [1.3611712723524567, 3.7576350531499805, 2.546124359692112], [0.9262798920679508, 2.264652610337263, 5.1559075484257235], [4.423084928379759, 2.4041265242401995, 3.161025415247805], [-0.0734924094159694, -1.778708340225933, 3.128916984695572], [3.801526709572708, 0.3407939663513105, 1.033107263138953], [3.6132064529499734, 0.6905499550712401, 5.407611320211486], [2.929565278971309, -1.3870147331632945, 3.1596013862908157]]",[-64250.8515625],"[[-0.21428881397192778, -0.49950905537795875, 0.3724746347917788], [-0.03545783585262186, 0.3140911233003164, -0.511165415096823], [-0.260766002957366, -0.9879320220326515, 0.9545138331580462], [0.08432626522503099, 0.774802879069987, -1.0608814580286352], [0.24953773215088723, -0.5493026093155264, 0.10852035931240368], [0.41703902481470456, 0.1861683860821293, -0.10356347537266643], [0.32053631683659106, 0.5630868151838817, -0.09034506677794217], [0.1099394033515857, 0.20998144247091022, 0.15919220257412084], [-0.1435071276684993, 0.5078629855315112, -0.4847361569548365], [-0.41206563438357086, -0.1448217334396867, -0.1007861682065474], [-0.10480943265159745, -0.3906554809121307, 0.7651838626194367]]","tensor(-3, dtype=torch.int32)"
"['Bi', 'Bi', 'Bi', 'Bi', 'Bi', 'Bi', 'Bi', 'Bi', 'Bi', 'Bi', 'Bi']","[[0.719945246033823, 1.7105077754226579, 0.43803315112533037], [-0.06161547827996472, -1.3002432560834334, 0.4494618097309381], [-1.535418303374695, 0.723298855740317, 4.156902644368494], [-1.8901554551909305, 2.3556798049302716, 1.7764278306586563], [1.6043373357856932, 3.535459697446329, 2.46259339129771], [0.9976309306558547, 2.3240000117727533, 5.233264734977105], [4.583514983129131, 2.4520577700780324, 3.0753003545448694], [0.17643312621936375, -1.7312761651316384, 3.1268153083205354], [3.7136175398568554, 0.3091784822626724, 0.8818742416537689], [3.686837486519207, 0.9739345912635111, 5.343671649542722], [3.2263232609323187, -1.3165734049880757, 3.156313550644274]]",[-64250.73828125],"[[0.15776945614434523, -0.6668288280585064, -0.958328838132206], [0.12379534303769198, 0.41506266814700193, -1.387795862571992], [0.38917200499220167, 0.32222167588805467, 0.13922824400621583], [-0.13382702177315448, 0.005857819553017604, 0.39606415934847083], [0.11402319159842284, 0.2554103921195342, 0.9243172383207926], [-0.4384330831714809, 0.000899559043888811, -0.4432568353161231], [0.1321236649896386, 0.49947804785673733, -1.2027020439375649], [0.1507985231437788, -0.25491812843685957, 1.4116310304601514], [0.12355551040257295, 0.6958961937647108, -0.3817732916117992], [-0.31889132412701604, -1.0320336646534682, 0.4537724473554246], [-0.2964188930877609, -0.238915624959928, 1.0490394645591752]]","tensor(-3, dtype=torch.int32)"
"['Bi', 'Bi', 'Bi', 'Bi', 'Bi', 'Bi', 'Bi', 'Bi', 'Bi', 'Bi', 'Bi']","[[0.87355346569269, -0.4148590888765979, 1.8424198703018995], [1.8561814392181448, 0.5619561046812992, -0.7534591721539904], [-1.8563688175370732, -0.5619323472065066, 0.7534971451442234], [-0.8733660873737625, 0.41483533140180573, -1.842457843292134], [-4.605391244792433, 5.987003853491769, 1.112066540928144], [-3.8614561779004872, 1.3836894595683011, 2.007557552381912], [-1.7653188605523402, 3.0375582422260416, 3.509385646096277], [-4.648652639981163, 4.055188267112128, 3.295837750723715], [-2.460329710230376, 4.814731378958885, -0.5823980640453008], [-3.444695157447157, 2.01629137434524, -0.8075664643875535], [-0.303466448889425, 4.468344878194274, 1.4324896015280772]]",[-64250.44921875],"[[-0.23248472676511206, 0.06437115125687735, 0.1390264637188644], [-0.04543493003787448, 0.10243306353351081, -0.15382661585052296], [0.5054423934146676, -1.1088567268080107, 0.1579418744174057], [0.16313895094690306, 0.1694197994784949, -0.6120504165633831], [-0.03627120478615431, -0.20926497846895623, -0.11551839175523164], [-0.32147991221704436, 0.2509961140901263, 0.8477039782998878], [-0.08730792378308033, -0.031991395526222446, -0.14577088240603045], [-0.21012840680863967, 0.3904450102913026, 0.20672102475441742], [0.2432442852068588, 0.4024338138322176, 0.11775072759480873], [0.14112659336099487, 0.13430416736090525, -0.3287374719560657], [-0.11145573798803299, -0.17266057395600498, -0.10521736410408443]]","tensor(-3, dtype=torch.int32)"
"['Bi', 'Bi', 'Bi', 'Bi', 'Bi', 'Bi', 'Bi', 'Bi', 'Bi', 'Bi', 'Bi']","[[1.413075845794515, 1.2878795990127285, 0.821156192212803], [1.0080582383005197, -1.6266107133333985, 0.8166156369143112], [-1.0081408937922087, 1.626711455149825, -0.8167575388386002], [-1.412993190302827, -1.287980340829156, -0.8210142902885148], [0.3972932825845392, -0.5240806845213428, -3.6844957084695036], [-3.048664148678008, -3.5436772049827194, -2.438196715373161], [-2.1690857301526125, -4.1711058969613575, -5.304768931216561], [-0.08420108211374844, -3.360454290752518, -3.2093245314564784], [-2.2776771237785773, 0.3004255594977232, -4.690201837399869], [-4.006406991168101, -0.7917264380395046, -2.5292669329013937], [-2.712826513181209, -1.735329513587168, -6.811088758531131]]",[-64250.16015625],"[[-0.14664022428624537, -0.1913001565553228, -0.07281471011604991], [0.9158984134876691, -0.041914640497174756, 0.8469146491941679], [0.22672699517114153, 0.6376539901809043, -0.09243619755404653], [0.8389776493591287, 0.232131611262247, -0.13758551386867024], [-0.42765624690696397, 0.3596774759712602, 0.6467397595417924], [-0.3529064206406568, -0.7274631873425138, -0.49938399685124146], [0.03853883160718127, -0.24913098340650655, -0.0656035845257234], [-0.15730748007360992, -0.569538745014153, -0.01985369931914382], [-0.23147207151566968, 0.12845233333934727, -0.2526943286644844], [-0.7880954897428581, 0.265439602594601, -0.4370383103595236], [0.08022823305882679, 0.15553542337574608, 0.07712712098204212]]","tensor(-3, dtype=torch.int32)"
"['Bi', 'Bi', 'Bi', 'Bi', 'Bi', 'Bi', 'Bi', 'Bi', 'Bi', 'Bi', 'Bi']","[[-1.6698842658615276, -1.2406603491742945, -0.04430729223642482], [-0.7488321877018294, 1.0657205022821297, -1.6224657434493701], [0.7489657339548081, -1.065820215269047, 1.6225623856686924], [1.6697507196085501, 1.2407600621612127, 0.04421065001710256], [-0.6158743904949229, 3.2240027049761513, 0.7439355356359918], [-4.439375450161093, 3.5017199504073613, -2.05777103768156], [-4.766651043177382, 5.472112892658271, 0.26494365978833007], [-2.0146907121030506, 5.073087769293072, -1.0243509310169079], [-2.9145006273513334, 1.6394623187302229, 1.7697382587284642], [-4.213081298381741, 0.8825923355042797, -0.7977076844077826], [-4.722089236834374, 3.8210702085885355, 2.6669703773516993]]",[-64250.8359375],"[[-0.08730782093889718, -0.08594888932476967, -0.26929307129326097], [-0.710926356911997, -0.10414891588528012, -0.15670820701836183], [0.5558177883184385, 0.30321303693748275, -0.006576633544556725], [1.3502952738470222, -0.5196145789639776, 0.47966300766604175], [-0.006520763442057404, -0.04946337782975555, 0.3710824330844004], [-0.036092991243373, 0.2843976422070603, -0.018886809731205736], [0.15137619892056425, -0.015372120056278837, -0.20602883197968813], [-0.31732819538723295, 0.4135567207730534, -0.5608833785597713], [-0.5698539624355252, -0.22317414001984556, 0.14733452536672934], [-0.3217330117517905, 0.013668501020095914, -0.046169227221187686], [-0.0050024737376883335, -0.01086862469798338, 0.27656688041322086]]","tensor(-3, dtype=torch.int32)"
"['Bi', 'Bi', 'Bi', 'Bi', 'Bi', 'Bi', 'Bi', 'Bi', 'Bi', 'Bi', 'Bi']","[[1.1542560117604497, 0.8712465515939113, -1.496107350821149], [-1.7176031809931487, 0.8003797618308268, -0.8591486905555666], [1.7177263378985883, -0.8004144881498351, 0.8592927164539699], [-1.15437916866589, -0.8712118252749039, 1.495963324922747], [-0.6255080854879191, 4.35337704140447, 5.109767280869984], [3.670927559530109, 3.162823569800246, 3.476038379210149], [2.3789624750325897, 5.1370249582667515, 1.5220894738609732], [1.9938187946668504, 5.501518103182011, 4.5409628311827275], [-0.7307406877206721, 2.231089823724757, 3.0285308444664665], [1.8671970211453621, 0.8733525963035036, 3.536676378477483], [-0.049814438466148525, 3.8110360794167244, 0.6053254645790926]]",[-64250.5703125],"[[-0.2575048653315911, 0.5527365765910944, 0.0012603107273531323], [-0.05774993990113181, -0.4498107351539932, -0.19970381187143094], [0.47857481336407154, -0.03895303655484077, 0.30147090789691716], [-0.4502826356884031, -0.06936058538058339, 0.09728206119806723], [0.06236964918639318, 0.1722083166605779, 0.26492142217777104], [0.252469151325465, 0.21742216770013179, -0.22713924607932107], [-0.030123266934663703, 0.24990144060461728, 0.2326154931439945], [0.1409752067233897, -0.025343537242621263, 0.13066245483536276], [-0.5013846761682604, 0.07189235205941823, -0.09615123798217899], [-0.0876769287122429, -0.3758028268249712, -0.11581144625513373], [0.45804701156201555, -0.3085683906648567, -0.406439491921948]]","tensor(-3, dtype=torch.int32)"
"['Bi', 'Bi', 'Bi', 'Bi', 'Bi', 'Bi', 'Bi', 'Bi', 'Bi', 'Bi', 'Bi']","[[0.7811469801773462, -1.5908299053280526, 1.0903138572008748], [1.6772506429341452, 1.1407892562975275, 0.4629633640825465], [-1.6774396036607766, -1.140824949458166, -0.46297506203428485], [-0.7809580194507159, 1.5908655984886924, -1.0903021592491375], [-2.328850448088481, 0.5836909658619034, 7.147455085613785], [0.8999605868456548, 0.18582384940875507, 3.688795229111297], [0.04575485484837882, 3.118999630244917, 3.9154527519032163], [0.3744787152797213, 1.4230157486217754, 6.447322920695569], [-3.5513287798627133, 0.4412689413408494, 4.439691297099949], [-1.5474351275325202, -1.2645724067548634, 3.0520825169004446], [-2.817866156347838, 3.1152167697671094, 3.370181768542501]]",[-64250.41796875],"[[1.002142517040187, -0.6315419603759626, -0.7547271802970834], [0.16442841131530891, 0.13808600508599733, -0.315872847351397], [-0.5176687670186721, 0.3251827656094729, -0.0396074855143519], [-0.08493109186616953, -0.23034495069037503, 0.18178069327406712], [-0.09691094796314999, -0.2527179314045186, -0.29318248948803494], [0.21071878384204482, 0.5227358999227524, 0.5731568033775697], [-0.20910130195146395, -0.05746881532647576, -0.13156079877522758], [0.23907811876931398, 0.1616470932260468, 0.5693844787394194], [-0.4652996862023369, 0.6243726923681803, 0.18402758156556076], [-0.3413084249957334, -0.5590923471101152, 0.08269150551167995], [0.10217384476986693, -0.05620105508071576, -0.046881659731162]]","tensor(-3, dtype=torch.int32)"
"['Bi', 'Bi', 'Bi', 'Bi', 'Bi', 'Bi', 'Bi', 'Bi', 'Bi', 'Bi', 'Bi']","[[0.917222161228704, 1.6619915775286491, 0.25809887379502006], [0.41175645681009765, -1.220367712192325, 0.44017724637366606], [-1.4186586998823083, 0.9510839703116015, 4.126367086772005], [-1.8924593737404523, 2.540744242869267, 1.8593485102634475], [1.4849071168825787, 3.7324005823746207, 2.551821546231582], [0.8251382699430531, 2.5543826277322887, 5.080770759720307], [4.516529697028675, 2.6499298475352666, 3.091066349991537], [-0.014998854576843815, -1.7058860052270497, 3.0152203366443344], [3.685495335490034, 0.4573506365781861, 1.0367623633980472], [3.8003228801905022, 0.8965914149669014, 5.3156952551691194], [3.1650344592961095, -1.1700797584765243, 3.315725459460027]]",[-64250.55078125],"[[-0.11804491338072554, 0.9019260027641388, 0.26450500608017374], [-0.02603119973108253, -0.04400561700700437, -2.314831272653589], [-0.3884881940183996, -0.6923424130157664, 0.35719456027942426], [0.26287801110265097, 0.2844803289303175, -0.5561741434130729], [0.17969593883731844, -0.11716806387514024, -0.8972378506749874], [0.6782584163535124, -0.3934813819547908, 0.7694241282909452], [0.12702804424682435, 0.3031265449794488, -0.43627608069606527], [0.1964474050780812, -0.3366874815802741, 2.2535402532601325], [0.3265904967885078, 0.5946157564139172, -0.5968361623282482], [-0.5481476691386883, 0.34813301072366926, 0.49643730531546504], [-0.6779858792681499, -0.8482063721346033, 0.6532014595694636]]","tensor(-3, dtype=torch.int32)"
"['Bi', 'Bi', 'Bi', 'Bi', 'Bi', 'Bi', 'Bi', 'Bi', 'Bi', 'Bi', 'Bi']","[[-1.3775919051802823, 0.570213096468024, 1.4514862269166067], [-1.5430692564460176, -0.21904985725340037, -1.3783538561769613], [1.5432246287547624, 0.2189927197593009, 1.3784524044009103], [1.3774365328715388, -0.5701559589739251, -1.4515847751405568], [0.5060451695441084, 2.770509047918488, -1.2223237541102252], [-3.665937168726628, 1.900234711086014, -3.315893168401721], [-2.0700050778009995, 3.850569505962579, -5.05766128601857], [-0.6314410271855064, 1.5585936151142736, -3.61815885711827], [-1.5108606767674897, 4.893389057872926, -0.7006022675266954], [-4.003867510566565, 3.271148198436398, -0.7653643105360144], [-1.640076481905015, 6.189507158921604, -3.3717810681221625]]",[-64249.96875],"[[-0.11778929416349211, 0.35130400542290824, 0.19993942789504057], [-0.7262557966322661, -0.48396076323593423, 0.5428619923454023], [0.2918666495866497, -0.27485329063348096, 0.4143526319064952], [0.7423426837614769, -0.11044807068147366, 0.03527789452756353], [0.10653644359723913, -0.1492221789264602, -0.08566437089206949], [-0.24911488829184267, 0.31480131380709797, -0.041730616258045146], [-0.3434227985572309, 0.4225711676929231, -0.3960878649326882], [0.3648666849207461, 0.373364288398167, -0.9150653756041081], [-0.48915089778306864, 0.07724940271581422, 0.19143596229917983], [0.10715237741015846, -0.23793238314686818, 0.1192042244353479], [0.3103952633123425, -0.27582449967711165, -0.06625782779686823]]","tensor(-3, dtype=torch.int32)"
"['Bi', 'Bi', 'Bi', 'Bi', 'Bi', 'Bi', 'Bi', 'Bi', 'Bi', 'Bi', 'Bi']","[[-1.6698842658615276, -1.2406603491742945, -0.04430729223642482], [-0.7488321877018294, 1.0657205022821297, -1.6224657434493701], [0.7489657339548081, -1.065820215269047, 1.6225623856686924], [1.6697507196085501, 1.2407600621612127, 0.04421065001710256], [-0.6158743904949229, 3.2240027049761513, 0.7439355356359918], [-4.439375450161093, 3.5017199504073613, -2.05777103768156], [-4.766651043177382, 5.472112892658271, 0.26494365978833007], [-2.0146907121030506, 5.073087769293072, -1.0243509310169079], [-2.9145006273513334, 1.6394623187302229, 1.7697382587284642], [-4.213081298381741, 0.8825923355042797, -0.7977076844077826], [-4.722089236834374, 3.8210702085885355, 2.6669703773516993]]",[-64250.8359375],"[[-0.08730782093889718, -0.08594888932476967, -0.26929307129326097], [-0.710926356911997, -0.10414891588528012, -0.15670820701836183], [0.5558177883184385, 0.30321303693748275, -0.006576633544556725], [1.3502952738470222, -0.5196145789639776, 0.47966300766604175], [-0.006520763442057404, -0.04946337782975555, 0.3710824330844004], [-0.036092991243373, 0.2843976422070603, -0.018886809731205736], [0.15137619892056425, -0.015372120056278837, -0.20602883197968813], [-0.31732819538723295, 0.4135567207730534, -0.5608833785597713], [-0.5698539624355252, -0.22317414001984556, 0.14733452536672934], [-0.3217330117517905, 0.013668501020095914, -0.046169227221187686], [-0.0050024737376883335, -0.01086862469798338, 0.27656688041322086]]","tensor(-3, dtype=torch.int32)"
"['Bi', 'Bi', 'Bi', 'Bi', 'Bi', 'Bi', 'Bi', 'Bi', 'Bi', 'Bi', 'Bi']","[[0.008954448342869514, 0.7924133901886568, 1.9239842869511938], [-2.039204066277158, 0.3851420658448516, -0.14905464831720328], [2.0393620364622382, -0.38525195540182755, 0.1490453367172614], [-0.009112418527949862, -0.7923035006316815, -1.9239749753512534], [3.560017166328265, 0.6221608833717354, -2.9732066368453047], [3.488254958943477, 5.160195446733954, -1.5778789219445617], [1.095925089391876, 3.7032808168442326, -0.33742788181298344], [3.7963727905790177, 2.2741013815146527, -0.5820001810357354], [1.7010762635630143, 2.294443580075799, -4.583961534849182], [3.111492443995174, 4.9108886598321995, -4.457930014178091], [-0.46907188642003916, 2.75464683759687, -2.606466905322687]]",[-64250.65234375],"[[-0.5218725230051604, -0.10025312680525154, 0.08287533948907072], [-0.3214973443060893, 0.6198058964151526, 0.6264938536457662], [-0.1307422104994, -0.40145813106661976, -0.21978208174891348], [0.6743503373935967, 0.34672440536907756, -0.5314329182713121], [-0.030864639797778023, -0.13413910244694038, -0.27249306805214984], [-0.05671486461976151, 0.05715375217137836, 0.09778394081186692], [0.05335232262939512, 0.09711231687376878, 0.1591904542230072], [0.15178526165906595, 0.35702003370060914, 0.014802872360303015], [0.48985903140618703, -0.07668036585041386, -0.15396144457464003], [-0.06863501966842009, -0.004750161475164273, -0.27850281931694326], [-0.26887963767697515, -0.7717941724917678, 0.46259982070613415]]","tensor(-3, dtype=torch.int32)"
"['Bi', 'Bi', 'Bi', 'Bi', 'Bi', 'Bi', 'Bi', 'Bi', 'Bi', 'Bi', 'Bi']","[[1.1139174898959463, 1.5928429516591687, 0.08476985454253766], [0.20200774700061913, -1.429203572120045, 0.2849709748778665], [-1.4223298333404875, 0.9628894656131662, 4.151041984524328], [-1.783435173724341, 2.427584068516529, 1.7214022626360477], [1.67626817657827, 3.642467221731694, 2.5628966167478286], [0.8899788644137132, 2.5539633053557993, 5.07087165572506], [4.537039133671727, 2.6986870723528766, 3.2993233253988716], [0.0878438511391354, -1.6821818713157966, 3.105009048982869], [3.858408753919944, 0.3716365507595677, 0.9973553409967743], [3.6049197504303523, 0.9078483708961818, 5.233331515953387], [3.132776048476802, -1.4605885958336253, 3.3954843967564314]]",[-64250.6796875],"[[-0.18737695950048322, -0.038655446626461504, 0.8273649984181055], [0.21461277314886817, 0.4914741993026469, -0.3849565247688337], [-0.25565639540564256, -0.2931663943733711, -0.17409000525768573], [0.34182727389975376, -0.009901287737848567, -0.23160391775847525], [-0.13637159255279221, 0.11208195621926789, -1.3079450676653466], [0.40642180272244527, -0.46920066891361484, 0.7947047711733577], [0.5780388167519697, 0.4077152740139942, -1.4519690901983862], [0.19793504618742802, -0.09162943635928184, 0.4036052090783608], [-0.25221337784195685, 0.18921236821517098, 0.5722620589841153], [-0.613969489021068, -0.7532894186165671, 1.291075536302321], [-0.29231792986233673, 0.45350731505124925, -0.3406046108283075]]","tensor(-3, dtype=torch.int32)"
"['Bi', 'Bi', 'Bi', 'Bi', 'Bi', 'Bi', 'Bi', 'Bi', 'Bi', 'Bi', 'Bi']","[[-1.5439641063090388, -0.9030691938463693, -1.0631818137484754], [1.0470552414988556, 0.2972715651547029, -1.7731919977232429], [-1.0470774626760626, -0.29733246637184535, 1.7733734206022693], [1.5439863274862473, 0.9031300950635125, 1.06300039086945], [-1.6843160417528944, 1.992516595675716, -2.742287598086003], [-1.056926384721728, 6.61642499773137, -1.8638228849082674], [-0.5460644764815299, 5.039290389495612, 0.7122648008495809], [0.3791888967785526, 3.9071916337262875, -1.9816256678256745], [-4.064465925772991, 3.261285980591505, -1.4885600293484738], [-3.8195812272291794, 6.0189676755351975, -2.57767239976788], [-3.063121924803437, 3.6819508370581913, 1.2776948958473509]]",[-64250.828125],"[[-0.5302790065363053, 0.140302194388819, 0.13137269676423585], [0.6131534204277277, 0.2642713440960441, -0.12010843049365261], [-0.04451393466666961, 0.18283016674107921, -0.2227865717156234], [-0.056846608018383926, -0.08078554568734739, -0.10779073125500574], [0.12654843039867783, -0.5263549867280006, -0.16164544771911632], [0.22701932976176153, 0.1034577001302908, -0.08640695731654505], [-0.015235275586171897, -0.13657892642603406, -0.07044744270817258], [0.1999159794212811, 0.20695545806992077, 0.3688527197714938], [-0.41374723962234927, 0.2578327325874914, 0.4237369065089927], [-0.105702325849755, -0.28801960864943693, -0.10108745024110195], [0.0036934930290986098, -0.11841057587393555, -0.05833167802315189]]","tensor(-3, dtype=torch.int32)"
"['Bi', 'Bi', 'Bi', 'Bi', 'Bi', 'Bi', 'Bi', 'Bi', 'Bi', 'Bi', 'Bi']","[[-0.5497147345040049, -1.763496625843357, 0.9579186086713136], [0.5952293857430307, -1.091751511903723, -1.6681383448603442], [-0.5952065459206686, 1.091880074719164, 1.6682800027051696], [0.5496918946816431, 1.7633680630279178, -0.9580602665161397], [5.545529449303793, 2.0023361014950067, 3.6301375456790543], [4.408805894681998, 1.9492423920870485, -0.9797309516902903], [3.3981247551197793, 4.561501668519728, 0.26090853394751234], [6.097869510859459, 3.4003962728719417, 1.131540355567135], [2.737200568299496, 1.1511750191579, 3.144817293531192], [3.041566169335172, -0.16272849633351694, 0.4930326615343774], [1.5181647654551473, 3.736186155380098, 2.3302719124106153]]",[-64250.71484375],"[[-0.12322440355490326, -0.44829568606983544, -0.21466578932528493], [0.06610191601520422, -0.8788817066444465, 0.06784029124308462], [-0.33785496874745735, 0.42608103397566005, -0.03929732802679101], [0.43595808648174794, 0.39238701700183126, 0.6392053946838077], [0.048152176201030586, -0.20637089173286394, 0.05575969926870317], [0.28777936463758524, 0.5752615095858505, -0.15743315566542618], [0.07322685818004628, -0.05871369274148364, -0.03644485718941267], [0.05182781188038696, 0.01526201507379237, -0.21314410679131354], [-0.02562734605045766, 0.37151581847221843, 0.4451965280325307], [-0.39854640655311624, -0.1654264112686516, -0.5887952898682217], [-0.07858288039461071, -0.03375889108456336, 0.02998021581810332]]","tensor(-3, dtype=torch.int32)"
"['Bi', 'Bi', 'Bi', 'Bi', 'Bi', 'Bi', 'Bi', 'Bi', 'Bi', 'Bi', 'Bi']","[[-1.8979196188545298, 0.8293503499709112, 0.19948387629254533], [-0.7440581172656039, -1.8473691951774278, 0.602087616406586], [0.7441788934535314, 1.8475191601956689, -0.6020812441437334], [1.897798842666604, -0.8295003149891527, -0.19949024855539801], [-1.3111821887004125, -1.097871518856757, -2.875561015439624], [-2.5552977760862654, -4.44185560677241, 0.2574557048540085], [-3.4545033603127915, -5.317349338069157, -2.537092786450971], [-0.773137950530336, -3.877005995044491, -2.1758756105170183], [-4.155321937613994, -0.8859659224558025, -2.0313530162020377], [-3.9537569337068588, -1.9311406977800532, 0.7467621433683518], [-5.311099306973924, -3.2485159463831854, -3.4149537887625967]]",[-64249.8203125],"[[-0.10789208419750565, 0.4150895104788056, -0.03973291428012857], [0.4721123934271183, 0.15319314710437557, -0.08240822120917764], [0.5447358133624987, 0.09080853408933323, 0.09975875481682221], [1.0798495249489524, 0.6780383298015592, -0.40099008718907825], [-0.11838517336069608, 0.21476477685157225, 0.8474612660276404], [-0.43515626180777467, -0.6595839695761049, -0.1698026369502919], [-0.10382068867473877, -0.3302004818835467, -0.13527198254649173], [0.026794406414280793, -0.4795867487042318, 0.164663975916827], [-0.48413313008690323, 0.022715313004404707, -0.22059655625741487], [-0.8855619505613235, -0.07582300531753658, 0.09591778168641561], [0.02963493704199477, -0.023519935040159767, -0.15560345480290355]]","tensor(-3, dtype=torch.int32)"
"['Bi', 'Bi', 'Bi', 'Bi', 'Bi', 'Bi', 'Bi', 'Bi', 'Bi', 'Bi', 'Bi']","[[0.8812402719867817, 1.6671425250421605, 0.35019399131925405], [0.1611687524431937, -0.9643434977623151, 0.2163712709917805], [-1.3252179670056659, 0.8658627903835163, 4.113945873723806], [-1.7361061371944868, 2.5321227543295093, 1.5757757830339623], [1.5934336927405535, 3.8197186340330695, 2.5138693542468533], [0.8736233813793718, 2.195739976872304, 5.105959241005336], [4.434737566221671, 2.680501743638885, 3.1562983907396323], [0.05214174980735996, -1.6899326985584873, 3.160472585202833], [3.58931683617163, 0.33237350563557894, 0.9916541880309712], [3.6789558226248475, 0.9989949864557355, 5.269304428327935], [3.070220157450233, -1.207389955589683, 3.3277802041849545]]",[-64250.2109375],"[[0.5523056594636722, 2.3424660188884348, -0.17869382511664952], [-0.38221819554813063, -2.1730384546741117, 0.4238301347610233], [-1.6433667430393406, -0.44606473862673085, -1.104090413139661], [-0.2541243256091725, -0.2424610239079452, 0.8468282600803172], [-0.26067951099933206, -0.6948055312023449, 0.3574724452623109], [1.3246747309392801, 1.6414816091620972, 0.2903843049527353], [0.6704895667579327, 0.5584459714189818, -1.2290882617889007], [0.30675679037856945, -0.09014112676274447, -0.6523905331852811], [0.4125320327541818, 0.6657186251013408, -0.4070862275677225], [-0.3333115698460975, -0.7021948857620801, 0.995893704471648], [-0.38047313544834516, -0.863703962094332, 0.6469737300584716]]","tensor(-3, dtype=torch.int32)"
"['Bi', 'Bi', 'Bi', 'Bi', 'Bi', 'Bi', 'Bi', 'Bi', 'Bi', 'Bi', 'Bi']","[[1.6563801161398972, -0.868558669704334, -0.9119898287088053], [-1.0106872970941432, -1.815493422466826, -0.10676958116300433], [1.0107090771644236, 1.8156828869951536, 0.10674227143864834], [-1.656401896210179, 0.8683692051760074, 0.9120171384331621], [-6.066549382309304, -1.9833795104496676, -3.684937920817558], [-1.3212050464809186, -2.1059280285365793, -3.7969019319333857], [-2.327750939199738, -4.33792695591449, -1.9558132918799722], [-3.8510319205167707, -3.6790874936166706, -4.532697625652045], [-4.822645685797981, -0.6240855478949028, -1.3500405876826262], [-2.308790422043359, 0.3615719343670065, -2.5990216292374155], [-3.7931846582406603, -2.968022934527377, 0.1592581107866855]]",[-64249.9921875],"[[1.2673725231895165, 0.4066194178203789, -0.026424609584907933], [0.4991896213450773, 0.5848938957802111, -0.6339521138082157], [0.10274822953279139, -0.17167476103836624, -0.01733958584434765], [-0.27102399031786256, 0.556324810141396, -0.09902897249314954], [-0.01142119620966051, 0.13223504523999619, 0.15780000086674248], [0.0584167815847132, -0.6016821802385437, -0.015365635730530873], [-0.06362630226037239, -0.4309566195886127, -0.5227153310861212], [0.15312485856676017, -0.09647185472316681, -0.17658603358287397], [-0.4453636498301587, 0.02004822909158278, 0.005449003640555478], [0.05903744623005771, 0.05576396730230414, 0.9787470080350181], [-1.357736564719251, -0.4447705474258999, 0.3563106659472928]]","tensor(-3, dtype=torch.int32)"
"['Bi', 'Bi', 'Bi', 'Bi', 'Bi', 'Bi', 'Bi', 'Bi', 'Bi', 'Bi', 'Bi']","[[1.0522785701688582, 1.855014041107744, 0.399321551618326], [0.2719139276152049, -1.2571632681809044, 0.1974459075505781], [-1.5101758637733353, 0.81007171543864, 4.206677032178533], [-1.7333383442916377, 2.431783105697972, 1.9311833789738637], [1.4913450703097944, 3.6430697194026433, 2.5639512601676384], [1.1646792594278623, 2.4445423636897727, 5.109873482343563], [4.775468570178097, 2.6705764934450027, 3.0174668943432175], [-0.0011574039700738697, -1.7361141564234466, 3.0901421204388426], [3.66065247611432, 0.4413396224359828, 1.1099711628852023], [3.743522845187666, 0.9946440001265765, 5.3574085623581675], [2.980029824180203, -1.2206239616593582, 3.101510857358019]]",[-64250.46875],"[[-0.6270049892360499, -0.8363859759436056, -1.0353190220843764], [0.13437867797160152, 0.3422571625853445, 0.45261107941713913], [0.527096493288553, -0.058052867442616854, 0.5219861658275475], [0.06642001307370472, 0.44271566922435795, -0.49642321566237274], [0.4231287374319016, 1.0241794543858693, -0.1660499041290329], [-0.7234553495249372, -0.6026088063287762, 0.9314397122252388], [-0.537451874090498, -0.1350203228303098, 0.17820474960365273], [0.12972415593034198, 0.14641170451127347, -0.28607636780871043], [0.886962174114988, 1.5582338708858197, -1.994540033505458], [0.18375015938149833, -0.38361589941930785, -0.4840108483531311], [-0.4655771083863994, -1.4982500010602717, 2.3889459332447265]]","tensor(-3, dtype=torch.int32)"
"['Bi', 'Bi', 'Bi', 'Bi', 'Bi', 'Bi', 'Bi', 'Bi', 'Bi', 'Bi', 'Bi']","[[-0.9905207390344388, -0.589863978585388, -1.7322366616142801], [0.5223512410530093, 1.7964021081085417, -0.9104908401203542], [-0.5223168084770984, -1.7965656722079046, 0.9105866429549468], [0.9904863064585285, 0.5900275426847511, 1.7321408587796894], [5.377682705719819, -2.7362615760877116, -4.150985529114444], [2.9403672568090604, 1.2698719500546065, -3.40517421392242], [3.245964016160011, -0.21521363245287772, -0.7432777734496505], [5.561746991009839, -0.18501607986573831, -2.7510189360441784], [2.4376734168441763, -3.176376869691275, -4.054207697075407], [1.484990452370844, -0.5726637269196826, -5.133103262442959], [1.923327453364061, -2.7802633002617796, -1.1541460924056812]]",[-64250.4296875],"[[-0.0036901289958675876, 0.43636699495397496, -0.7649288090452107], [-0.5652172324379515, 0.04478110328567143, -0.24663978875792658], [0.40132978152604143, -0.20135204417277539, 0.41818943984748397], [-0.40625678923057196, -0.19582622621182091, 0.5911313954886028], [-0.17774153940271956, -0.392622375914983, -0.14430262742520844], [0.19254086878091287, 0.026866243076215032, -0.4408919847465499], [0.6096402631311298, 0.07836320521939018, 0.08950400704809507], [0.07351348491850115, 0.13073465145193805, 0.13065109055312407], [0.060279084053296184, 0.10954340182434477, -0.4749353119884669], [-0.1876515534695089, 0.12718781268535667, 0.17345653651153833], [-0.0049464683950881634, -0.17319479806540714, 0.6728452127731134]]","tensor(-3, dtype=torch.int32)"
"['Bi', 'Bi', 'Bi', 'Bi', 'Bi', 'Bi', 'Bi', 'Bi', 'Bi', 'Bi', 'Bi']","[[-0.8685257347405713, -1.5846818555756275, 1.0315818747114727], [-0.1401160118665103, 1.1858435709834123, 1.7038331641817026], [0.14008988608617978, -1.1858851603467357, -1.7040194563405837], [0.8685518605209026, 1.5847234449389525, -1.0313955825525922], [1.629060256110959, -2.2142884343398164, 2.6412864276691166], [5.866922126802788, -0.5728865997327202, 4.016849485814329], [3.780102583958168, 1.6398543513054953, 4.382257347934544], [3.0475361283664677, -1.2699959541142967, 5.0074811822156455], [2.9744479742244505, -0.5929825824183851, 0.5417576087224272], [5.8213029146035025, -1.188454305684331, 1.167675316443706], [2.722009283262999, 2.1278384282915086, 1.7101850886711267]]",[-64250.2578125],"[[-0.6013273678066565, -0.25205900872304016, -0.30710085559331673], [-0.6181233655787257, 0.9737107283858846, 0.2988324918001499], [-0.37703541436009197, -0.7138877551659647, -0.1463925754932065], [-0.34917117133053427, 0.9337593627763151, -0.8783818839143102], [0.7146374892611695, -0.9680841231254377, 0.1387830315373349], [-0.26928520371324954, 0.09991317535783045, 0.15979353251303208], [0.5468400053498639, 0.22003770096614694, 0.7824611711686744], [-0.12460822346135444, 0.23996530411530642, 0.223807968720634], [0.5979216826814563, -0.2903350425890038, -0.34035187124820243], [0.2901214352205894, -0.12733385142543774, -0.19335776012771838], [0.19070278611746302, -0.11412675569086062, 0.2684477435298129]]","tensor(-3, dtype=torch.int32)"
"['Bi', 'Bi', 'Bi', 'Bi', 'Bi', 'Bi', 'Bi', 'Bi', 'Bi', 'Bi', 'Bi']","[[0.9374679131814355, 1.7240273291306265, 0.2580832584362604], [0.1401099629925914, -1.0465717032225932, 0.24965970462989973], [-1.4733934407350475, 0.8900296921399872, 4.0192827547431], [-1.7413072665683031, 2.6682541138375484, 2.0344150349590464], [1.6028733014837968, 3.4782179580315034, 2.482322542403517], [0.7292269103008024, 2.3063334679694356, 5.100961462259918], [4.555013321327246, 2.5596331632691713, 2.9981537376224283], [0.045027152030142986, -1.7769970119743965, 3.054707813616307], [3.846690910658672, 0.5275090243375088, 1.0487992293047914], [3.547861777415888, 0.7415435506835605, 5.436936188463767], [2.9364647928395384, -1.2093137377202825, 3.2467650011912093]]",[-64250.6328125],"[[-0.0206753112139562, 0.34892959034430154, -0.2511890497777263], [-0.23645734044995786, -0.6575419983195488, -0.119236003287943], [-0.6453549626156013, -1.9955000839552162, 1.2039773118086952], [-0.28422254998523777, 1.2890063113372288, -1.6811635230117987], [-0.13684966373819138, 0.4819379724195369, 0.4170049319679885], [1.2557161634706524, 0.4901252435742855, 0.4011431707557055], [0.21131779978683504, 0.07534020329971225, 1.2537595528861156], [-0.3212004845714104, 0.1745433938391275, -0.08117424527758427], [-0.15455495835563146, -0.6094330321020711, -0.7525381418586149], [-0.09277450349453713, 0.7552424296546933, -0.4465557681792077], [0.4202022033560237, -0.36249437814789415, 0.03207792862192964]]","tensor(-3, dtype=torch.int32)"
"['Bi', 'Bi', 'Bi', 'Bi', 'Bi', 'Bi', 'Bi', 'Bi', 'Bi', 'Bi', 'Bi']","[[-0.8302574224526857, 1.3431624623793021, 1.3551021775673933], [0.8755716559300875, 1.5811501481946622, -1.0306519330915465], [-0.8756779570716317, -1.5813099422599637, 1.030668753436401], [0.8303637235942307, -1.3430026683140017, -1.3551189979122489], [6.590318775472041, -0.6638174902663317, 3.3175535212911718], [2.275205856385595, 0.6154090835714439, 4.83057262658017], [1.9695541830588896, -1.205844405272033, 2.386360276871772], [4.1521172161455615, -1.78368472748655, 4.4593548314689455], [5.449526956292851, 1.602894753170198, 1.765995700950029], [3.806918021675217, 2.90527152784065, 3.8770601780142204], [3.3328741708231586, 0.19685532001088726, 0.22500603872693414]]",[-64250.49609375],"[[-0.4458801847400581, -0.0938715938183503, 0.3068633883744103], [0.4107705175850914, 0.27917063802026465, -0.03002222766692241], [-0.40202480251580747, 0.2318327460659966, -0.03334267553312319], [-0.37003542787778404, -0.5299447629410494, -0.39791016101402366], [0.24148564967489675, 0.05976887406066087, -0.04314805592796993], [-0.0769865844057599, -0.19798507988253328, -0.11186032700456741], [0.02256158666163276, -0.1586674915516606, 0.668581807160395], [-0.005845195429535244, -0.14153061673452194, 0.11365125561004036], [0.07134085012724592, 0.35415304640677836, 0.4498252876059098], [0.06649241537864632, 0.24138866761018093, -0.015232478224390063], [0.4741017084618986, -0.038606292249122244, -0.9256012479474912]]","tensor(-3, dtype=torch.int32)"
"['Bi', 'Bi', 'Bi', 'Bi', 'Bi', 'Bi', 'Bi', 'Bi', 'Bi', 'Bi', 'Bi']","[[-1.621905244146255, 0.23451656367074714, -1.2822402504622286], [-0.05418478447280217, -2.056995346572532, -0.30779713497705385], [0.054187614941814344, 2.0571558325806567, 0.307903686512198], [1.6219024136772442, -0.2346770496788716, 1.2821336989270855], [-0.9730419334808217, 1.740100663764214, 3.5955037961443357], [1.2473295967301237, -1.1629042246164984, 6.626734541322834], [1.8731003451329218, -2.052501928539768, 3.7628930439426367], [1.701228432568465, 0.9336192353903876, 4.432465814269247], [-2.4540519058518053, -0.7978993132751144, 4.055816317589335], [-1.6510772299115337, -1.3682428733678018, 6.863107270602295], [-0.7147941487274927, -2.715257302419263, 2.5961808025849833]]",[-64250.24609375],"[[-0.2920964034918194, -0.09604258310267502, -0.2791705351760815], [-0.34225428294821614, -0.6495664319158262, -0.6696385311423194], [-0.05765712302583381, 0.021049211526236972, 0.4669744523029355], [0.8571759275685255, 0.7729866507954579, -0.9764258148211945], [-0.13149919510951733, 0.31965730760315947, 0.11347333517318102], [-0.009852035658535313, -0.1049672984727414, 0.035252384027931766], [0.5191219553266619, -0.051395352090217346, 0.7256186769176168], [0.32004821834333425, 0.2798884904186913, 0.6564384802342884], [-0.21776479309631488, 0.33952839787367495, 0.07073262962806326], [-0.08617488941725426, -0.011274725524010196, -0.2539616261114202], [-0.5474812388318394, -0.8251836732933737, 0.11026691065284494]]","tensor(-3, dtype=torch.int32)"
"['Bi', 'Bi', 'Bi', 'Bi', 'Bi', 'Bi', 'Bi', 'Bi', 'Bi', 'Bi', 'Bi']","[[0.8987329242546809, -1.6844358266834263, 0.8274477483058674], [1.2537657835666014, 1.2213941025995967, 1.1247989727422627], [-1.2539358673417527, -1.2214558528044803, -1.1248651197121657], [-0.8985628404795305, 1.6844975768883113, -0.8273816013359653], [2.0296800619898314, 4.526939191805247, -5.438169513285343], [-2.0225958502546066, 3.4053190359860706, -3.232069991107646], [-0.2937100923632238, 5.0817105172122305, -1.3386004602380046], [-0.37400460299743005, 5.749497828900633, -4.328985076415829], [2.3146593323109728, 2.1889867776969743, -3.6217204047316485], [-0.4224919222286451, 1.0398466072750456, -3.8177369349117547], [2.14858954918147, 3.5321001460435384, -0.9759157354837331]]",[-64250.26171875],"[[-0.2111599853877827, -0.3569774047866911, -0.2084410937176961], [0.25955634967508895, 0.06447666938879508, 0.16674739337919467], [-0.27333993847834526, -1.4008025664156902, 0.04632162687399693], [-0.23757489676621904, -0.0026585468171781727, 0.9003874537841299], [-0.0017366726424282433, -0.1342360330895646, 0.03369712801036922], [-0.5695279463749217, 0.8627104872850482, -0.7229133606797068], [-0.0439371947719509, 0.4094420792712695, -0.022190108329865302], [-0.06088658464319676, 0.13032666857735947, -0.20292432604485935], [0.5641049725971229, 0.3291716286752574, -0.11227818292072893], [0.09711128843193724, -0.30582522776754534, 0.365136496635255], [0.47250458971958254, 0.3785741690284672, -0.2511855016534075]]","tensor(-3, dtype=torch.int32)"
"['Bi', 'Bi', 'Bi', 'Bi', 'Bi', 'Bi', 'Bi', 'Bi', 'Bi', 'Bi', 'Bi']","[[-1.0266886166645883, -0.15974631828821906, 1.8028051191782244], [1.0224964146466793, 1.6587410863011387, 0.7293723422509955], [-1.0226040601483115, -1.6588376312826476, -0.7294996549075695], [1.0267962621662212, 0.15984286326972796, -1.8026778065216518], [5.70081358832821, -4.188293894262126, 0.6690364482673699], [1.8529834436396073, -1.408701301412125, 0.7869989001242671], [2.8573236368732386, -1.8340058916871549, 3.649686100683459], [4.866372347583661, -1.481563851685055, 1.3618279011450884], [3.21584321406593, -5.686394684184494, 1.3227476240826126], [1.2242580678798705, -4.080409637939818, -0.1955880563051371], [2.7036494328411207, -4.712539519065759, 4.083377749391]]",[-64249.33984375],"[[-0.5260695941197436, 0.5461488924390577, 0.40667521078974084], [-0.30141233813461, 0.9370344357889077, 0.588789633438148], [-0.7245845786559865, -0.06252108724608992, -0.37451748022389153], [-0.1383377676463624, -0.21878300193164765, -1.0060675652903235], [-0.09886699290467935, -0.26718481696066115, -0.04926621524622781], [0.8156916694090206, -0.1010140709164204, 0.23751036204128884], [0.3113266202350003, -0.11386902816787249, 0.5972974184897014], [0.368327340261843, 0.07952164209845572, 0.2855269227602012], [0.17049215577625912, -0.32530155064101773, 0.000813511886947036], [0.14718442428141362, -0.7688877958757885, -0.7062700865196238], [-0.019239894380815803, 0.3109682082567028, 0.006430908479234291]]","tensor(-3, dtype=torch.int32)"
"['Bi', 'Bi', 'Bi', 'Bi', 'Bi', 'Bi', 'Bi', 'Bi', 'Bi', 'Bi', 'Bi']","[[0.9265833180191757, 1.6815499992247613, 0.2909492239257468], [0.26961465627146786, -0.915843468524058, 0.3068452646987662], [-1.4476806253662602, 0.9989076105328801, 3.9332231179785766], [-1.8349107584311883, 2.5986872994696357, 1.9700347277163925], [1.601015822430915, 3.6700260559309505, 2.4678410792424685], [0.7996145542419046, 2.36460993736993, 5.029494200420989], [4.514484183623471, 2.4248850035309006, 3.1154980062247506], [0.01934943783096832, -1.534398351430768, 3.0073228586936875], [3.855773681973185, 0.4771885151563703, 0.9918379995810631], [3.575909540862964, 0.9189691604753846, 5.359852860299466], [2.8319555408233144, -1.33917949188635, 3.16130945719128]]",[-64249.88671875],"[[0.574153877733264, 2.6842069550964296, -0.13275312281264293], [-0.6621812994217015, -2.2907713902252347, -1.1737323802053583], [-0.5259616077274302, -2.704658035137851, 2.8288943226108234], [-0.41279351408985515, 2.4284067321006435, -3.1593151995788724], [-0.02005751077911258, -0.26647447218760495, -0.02944137914708663], [1.134233014780758, 0.5414350293041174, 0.5757417919211876], [0.4957709778527994, 0.9861157937581222, -0.2383518331478686], [-0.9844440615609267, -0.654690129120642, 0.8732278476754635], [-0.2714372696678737, -0.3771796533269678, -0.2238719378025568], [-0.6049371986354207, -0.6851700596824896, 0.24722913734950022], [1.2805818300740317, 0.33263716911505414, 0.4250871477896435]]","tensor(-3, dtype=torch.int32)"
"['Bi', 'Bi', 'Bi', 'Bi', 'Bi', 'Bi', 'Bi', 'Bi', 'Bi', 'Bi', 'Bi']","[[0.952445017933502, 1.5912174916748998, 0.2492993573589935], [0.3206714532159789, -1.2240095107346243, 0.21257141897746004], [-1.4646700695364614, 0.7774096635159288, 4.141385271167815], [-1.7929854024816292, 2.4212761550404296, 1.7583388110640459], [1.6496870950127964, 3.42313700558357, 2.554032972656169], [0.9749959321009319, 2.2831214194897336, 5.308399149494914], [4.673278264623943, 2.5274638029586454, 3.0946516978700096], [0.09924213860331936, -1.8076051446231793, 3.2209184915611644], [3.744529679656908, 0.5720844922117242, 0.9336736303437311], [3.64070907562901, 0.8622203057722405, 5.265951700118939], [2.9350494544673875, -1.2709266836306754, 3.394972562408305]]",[-64250.85546875],"[[-0.19945955693643622, 0.7033626814618128, 0.042979154925973366], [-0.1529523888716081, -0.7562384755685561, 0.6060299180814498], [0.1670503723427713, 0.19138052928445895, -0.09561912217853154], [0.041816871674457815, -0.07399181321435819, 0.262098812148972], [-0.3183949466770152, 0.1553842938485988, 0.42377022802433517], [-0.22840150416128221, 0.21354885007412272, -0.5475187769586913], [0.029727229411958673, 0.3803879804646923, -0.14479941625194195], [-0.4574424934534265, 0.2219405754649848, -0.7565295246068867], [0.2385172580164745, -1.018973481834529, 0.3542644266571359], [0.16756479894691598, 0.11251935253022897, 0.8513066100358311], [0.7155142359225717, -0.13303512156285577, -1.0043665225009284]]","tensor(-3, dtype=torch.int32)"
"['Bi', 'Bi', 'Bi', 'Bi', 'Bi', 'Bi', 'Bi', 'Bi', 'Bi', 'Bi', 'Bi']","[[0.9798260389445311, 1.6285423714100915, 0.17135357285735928], [0.25147205194616074, -1.1977961340474594, 0.200238273836879], [-1.6785782940696095, 0.6320302597656404, 4.007187478438886], [-1.6858895883897165, 2.4180976668393273, 1.843207532442541], [1.568660503741627, 3.6964877394645814, 2.6459576915592242], [1.0703147693185806, 2.445147468487019, 5.383305465272292], [4.566948199916547, 2.493761223701244, 3.1390055805634565], [0.1744096137789602, -1.8280519930242582, 3.1192208808763366], [3.8690220511925095, 0.3966079013411323, 1.058938677143264], [3.57570835677878, 0.8739138702427861, 5.454894966668719], [3.1241261171120285, -1.328250169118592, 3.3126702456073036]]",[-64250.7265625],"[[0.18122178656070762, 0.7018061347497517, 0.7406020459615671], [-0.10147882378010088, -0.5658605228035902, 0.40953638738722337], [0.6749617460624572, 0.23831527204075673, 0.4402450948345007], [-0.052205147188385134, 0.1015361079901186, -0.43343727270841914], [-0.007504771444281751, -0.7392887257426692, -0.06864725812621562], [-0.5603470461446145, -0.18755297731995416, -0.7023254978746878], [-0.041069518422092985, 0.3702479039601837, 0.09083167403054325], [-0.131146850938026, 0.2628933863080327, -0.5067420867792974], [-0.17793581206470063, 0.16143780531332502, -0.23953505547507462], [0.27740326073273436, -0.26547909476093273, -0.004021877591240177], [-0.07270050165065553, -0.08318526043501034, 0.27249178249986034]]","tensor(-3, dtype=torch.int32)"
"['Bi', 'Bi', 'Bi', 'Bi', 'Bi', 'Bi', 'Bi', 'Bi', 'Bi', 'Bi', 'Bi']","[[1.6563801161398972, -0.868558669704334, -0.9119898287088053], [-1.0106872970941432, -1.815493422466826, -0.10676958116300433], [1.0107090771644236, 1.8156828869951536, 0.10674227143864834], [-1.656401896210179, 0.8683692051760074, 0.9120171384331621], [-6.066549382309304, -1.9833795104496676, -3.684937920817558], [-1.3212050464809186, -2.1059280285365793, -3.7969019319333857], [-2.327750939199738, -4.33792695591449, -1.9558132918799722], [-3.8510319205167707, -3.6790874936166706, -4.532697625652045], [-4.822645685797981, -0.6240855478949028, -1.3500405876826262], [-2.308790422043359, 0.3615719343670065, -2.5990216292374155], [-3.7931846582406603, -2.968022934527377, 0.1592581107866855]]",[-64249.9921875],"[[1.2673725231895165, 0.4066194178203789, -0.026424609584907933], [0.4991896213450773, 0.5848938957802111, -0.6339521138082157], [0.10274822953279139, -0.17167476103836624, -0.01733958584434765], [-0.27102399031786256, 0.556324810141396, -0.09902897249314954], [-0.01142119620966051, 0.13223504523999619, 0.15780000086674248], [0.0584167815847132, -0.6016821802385437, -0.015365635730530873], [-0.06362630226037239, -0.4309566195886127, -0.5227153310861212], [0.15312485856676017, -0.09647185472316681, -0.17658603358287397], [-0.4453636498301587, 0.02004822909158278, 0.005449003640555478], [0.05903744623005771, 0.05576396730230414, 0.9787470080350181], [-1.357736564719251, -0.4447705474258999, 0.3563106659472928]]","tensor(-3, dtype=torch.int32)"
"['Bi', 'Bi', 'Bi', 'Bi', 'Bi', 'Bi', 'Bi', 'Bi', 'Bi', 'Bi', 'Bi']","[[0.9155848076155985, 1.676286221509846, 0.3053597143618697], [0.24555636237690937, -1.3169159027324675, 0.08039603233174064], [-1.4584499626195926, 0.8047282686550764, 4.153623682944991], [-1.8073108187317137, 2.643934517371135, 1.873334118459491], [1.4791780143514175, 3.6577240843078713, 2.5685405661987453], [1.0571944061945566, 2.4299460297629487, 5.181174277057742], [4.558559750546991, 2.47765180669768, 3.074957555241698], [0.1404389322644657, -1.692857731174509, 3.0399665482243927], [3.8311792078325118, 0.4077254113304414, 0.9900044511427423], [3.502473496432132, 0.8640226426857733, 5.314557497234782], [3.0666901245563745, -1.2356343539148809, 3.1965017774477316]]",[-64251.02734375],"[[-0.02339745790243967, 0.10332256287362426, 0.0012861343875226066], [-0.00043940506354648516, 0.29549185562079566, 0.6074738504129554], [0.35027911171567033, 0.3777448335354998, -0.16649295687006754], [0.2571254217178382, -0.3323444231477016, 0.15149894345316053], [0.024159193913818815, -0.23787139654625686, -0.5717061861741588], [-1.0035607383259038, -0.09499490940886816, 0.20929464901579664], [0.18014341387822877, 0.4326146220873569, -0.11260754141728496], [-0.2869358366473424, 0.07881201723468156, -0.36561410502183], [-0.002996261917836538, 0.4948857979683785, -0.7070506738697754], [0.5399880116471169, -0.4345278324266019, 0.35374722326004604], [-0.04078318993176928, -0.6819042426463812, 0.5959568445622672]]","tensor(-3, dtype=torch.int32)"
"['Bi', 'Bi', 'Bi', 'Bi', 'Bi', 'Bi', 'Bi', 'Bi', 'Bi', 'Bi', 'Bi']","[[-0.5960589366151487, -1.7563358731064087, -0.9432458557827146], [-0.0806066145050488, 1.0047710619030896, -1.8201215920508367], [0.08068959116540203, -1.0048284029473697, 1.820285737956901], [0.5959759599547962, 1.7563932141506904, 0.9430817098766511], [-3.911236273855727, -2.3284037226345307, 0.1643568875731557], [-3.559983985859554, 1.798433890263138, -2.1576422708245224], [-4.796192478807563, 2.312876173348083, 0.5976615102196948], [-2.551753884737038, 0.24810375370646498, 0.2910713810618438], [-6.462586649868671, -1.5118758546776274, -1.128166047922131], [-5.404220097502348, -0.03069434520301556, -3.481228770934785], [-7.258980895984615, 0.7534840778363983, 0.6227524601265663]]",[-64249.7890625],"[[0.40925433721491883, -1.2878601129159588, -0.1997780653716693], [0.08789310718523613, 0.6223307211116244, -0.19527760391677695], [0.18188657136062591, -0.7834258496066748, 0.33099690723790426], [0.34194045392331657, 0.6995728733125262, -0.2716598759023141], [-0.24742366712193914, -0.5317095691240008, -0.11973088949728812], [-0.3407061180370822, 0.6689031952327563, -0.8324403588568381], [-0.23430116072800758, 0.32589424166854386, -0.03221874287750639], [-0.17106710618219095, 0.5083764351159159, 1.108181040524678], [-0.251609322532192, -0.15217169867727337, 0.15322991389985371], [0.33883018871423104, 0.0421170532762526, 0.12015301344705058], [-0.11430997260315244, -0.10508207258114315, -0.0602504933703789]]","tensor(-3, dtype=torch.int32)"
"['Bi', 'Bi', 'Bi', 'Bi', 'Bi', 'Bi', 'Bi', 'Bi', 'Bi', 'Bi', 'Bi']","[[0.9113483160830156, 1.607288000961123, 0.20212964710952402], [0.3347237896672104, -1.262499045898555, 0.25816011625706065], [-1.3798959536880893, 0.778793676923625, 4.122325562883799], [-1.7692198014169893, 2.6139486801449374, 1.8250861976661263], [1.7683383496683656, 3.728472828943318, 2.6016234600211714], [0.8516267087107697, 2.469970159072363, 5.2732210192051365], [4.880007104672671, 2.7349167257104683, 3.0292828984737143], [0.24271026509115406, -1.6636559989651891, 3.128757748071231], [3.63356079896321, 0.5396186980553057, 1.2489917167447087], [3.518419460327767, 0.9653224021914149, 5.214430685893905], [3.0252582748640586, -1.3363429870410395, 3.3507621553653166]]",[-64250.61328125],"[[-0.0006129199641319643, 0.9402827693138797, 0.6542936647945768], [-0.10065097952778929, -0.4212730169910406, -0.1422910980468666], [-0.046584362908704734, 0.49380963643583753, -0.1658057520382213], [0.457464964907446, -0.4171531818580074, 0.11242818116186147], [-0.34818319868504927, -0.28679689415589904, 0.07941247299803596], [0.2796807451687168, 0.0730959375348891, -0.6553596447529854], [-0.8332050053586005, -0.29792278357804636, 0.4241136761739835], [-1.2885337423156284, -0.4211714069380828, -0.06159214716173627], [0.4241321881269515, 0.08278416812070322, -1.0494241018041772], [0.5220818109178822, 0.42846856168761904, 0.3568901414972835], [0.939690386818903, -0.17951092215182138, 0.4510048589646138]]","tensor(-3, dtype=torch.int32)"
"['Bi', 'Bi', 'Bi', 'Bi', 'Bi', 'Bi', 'Bi', 'Bi', 'Bi', 'Bi', 'Bi']","[[1.1110524886050546, 1.532625666325636, 0.20233589855718853], [0.18558660531629595, -0.9175001113624526, 0.152249809229053], [-1.3325025497690532, 0.9143014253627387, 4.065822134813631], [-1.642887338944659, 2.349196016192289, 1.6322527274667695], [1.5033850184349726, 3.6372363688413585, 2.5609373330150667], [1.0141437329831873, 2.3706184664987044, 5.270188782392287], [4.43789933535996, 2.7430207158444606, 3.3147209595634566], [0.03582537115687998, -1.5717394463377883, 3.2711617985991084], [3.9103858521255375, 0.2515010570844044, 1.1499710169600539], [3.4616982595965538, 0.8858235286673289, 5.37887095542889], [3.0575694846604202, -1.2106325745749638, 3.2537758689899743]]",[-64249.8671875],"[[1.1335881817523719, 3.4963870098715994, 0.47678753572710064], [-1.056756892063177, -3.376562737856006, 0.8509363709764708], [-0.6730416451629407, 0.09047650164401512, 0.3234507667209482], [-0.3516624688232974, 0.4157126433845459, -0.32499147542880336], [-0.11650214778920726, -0.6050960928983963, -0.17456622524778806], [-0.5303396846043672, 0.8133946445782385, -0.2843946083036572], [0.40672971820681336, -0.14125987942236462, -0.5159934352750662], [0.4791542889140622, -0.2722842429382522, -1.0671086733187116], [0.7373069183332593, 1.7858938684865493, -1.4872035073475207], [0.8081927857942245, -0.5105279868496242, 0.47642115332460855], [-0.8329514944471218, -1.6988671207002168, 1.7360139254351308]]","tensor(-3, dtype=torch.int32)"
"['Bi', 'Bi', 'Bi', 'Bi', 'Bi', 'Bi', 'Bi', 'Bi', 'Bi', 'Bi', 'Bi']","[[0.9714054591779528, 1.6026105845909213, 0.31291418141087923], [0.32022371995230564, -1.2243316642497049, 0.15188985738716543], [-1.3018067047839943, 1.0171536760785753, 4.097363752835619], [-1.606998300707304, 2.497997651940659, 1.9053574550079948], [1.5249158810014398, 3.6088062565103254, 2.3246855868179246], [0.9556154428417337, 2.3973446286151616, 5.1823204350768455], [4.5170270873067215, 2.679016566128184, 3.103779052175158], [0.15668658422762916, -1.677976677699068, 2.8736074849583053], [3.5750746575934746, 0.33567423780676087, 1.02427691224259], [3.6489600174148076, 0.8642257013202026, 5.327244017476988], [3.129974845057401, -1.2686328974937653, 3.239078556494125]]",[-64250.38671875],"[[-0.2403143058508452, 0.7628672973938552, -0.7879947024433657], [-0.20123192216684954, -0.5665968871549849, -0.8773503567572586], [-0.6177412994383024, -1.9705593410981335, 1.3815712183864945], [-0.6964536092374145, 1.2545668797238878, -1.7700651202570592], [0.1998584895228971, 0.30935771977057647, 1.151653276744582], [1.005108029061481, 0.6578309904742163, -0.31491253979118083], [0.12860937640702602, -0.36965886390115954, -0.2269267699969214], [-0.12930820263156884, -0.32984834340042174, 1.1947187642201054], [1.036487332005025, 0.9981578191638203, -1.048283045592065], [-0.12067643891722139, 0.205470850863977, -0.014036420943126184], [-0.3554745941603288, -0.9485396145585332, 1.3057657994242777]]","tensor(-3, dtype=torch.int32)"
"['Bi', 'Bi', 'Bi', 'Bi', 'Bi', 'Bi', 'Bi', 'Bi', 'Bi', 'Bi', 'Bi']","[[0.6047381366967768, 1.9333966079888631, 0.47537778847161927], [-1.2644841800877482, -0.010654662833790352, 1.6522321748038968], [1.2646235981515432, 0.010585386442943379, -1.6523456665884408], [-0.6048775547605725, -1.9333273315980182, -0.4752642966870755], [-3.754474333102271, -2.9101017160440374, 0.6165103330369952], [-3.2973222313267394, 0.45730899523886137, -2.699723072805907], [-6.252370132261705, -0.31833372769847434, -2.4747086376395964], [-4.5190956494324075, -0.15425481382229078, 0.04791399207675706], [-3.679394054512514, -4.0135824467986385, -2.144542956512695], [-1.9290689547358149, -2.001232083961015, -3.4627806679623294], [-6.341590323164658, -3.153448337441631, -3.1468878981416952]]",[-64250.76953125],"[[0.35103475935140666, -0.3329493526330232, -0.4126680956084968], [-0.3415201811688509, -0.10486579126396675, -0.16178001933277555], [0.4649674994907441, 1.041146173501977, -0.2266846233676814], [-0.16707032411430348, -0.8260665906057653, 0.12427284858008379], [0.04132140439547787, -0.11586703353612939, -0.015103295645928218], [-0.32520703683669766, 0.28103710567826545, 0.25947165749026024], [-0.05284658635872708, 0.1980386102798658, -0.07452130649133519], [-0.029704151177258536, 0.15847661274772368, -0.22054307728217393], [-0.4034573705650745, -0.23764863604554165, 0.1354984968598921], [0.35797746162369687, 0.19533545376980202, 0.7083537096703578], [0.0949254381631465, -0.2597524735323668, -0.12610753738548947]]","tensor(-3, dtype=torch.int32)"
"['Bi', 'Bi', 'Bi', 'Bi', 'Bi', 'Bi', 'Bi', 'Bi', 'Bi', 'Bi', 'Bi']","[[1.0978002541763403, 1.5491308921015001, 0.052067319789315114], [0.14682126537879858, -1.1887017111486584, 0.3439729664816379], [-1.6847028626313405, 0.6371691198294115, 4.195410287759731], [-1.8351186570986158, 2.5036437033297334, 1.7311494837677088], [1.4001536270479198, 3.617371977064592, 2.4977888157042725], [0.9998730857149463, 2.4479047362726956, 5.276101210653434], [4.389692248457002, 2.7249745093089546, 3.009488769724951], [0.14362453381860055, -1.6977586932935318, 3.0454247310169045], [3.722423971387112, 0.5507013556437492, 0.9674427501025165], [3.5527398441240776, 0.5930859991077646, 5.456245527243127], [3.023667687871811, -1.4971334906303146, 3.2790847288045764]]",[-64250.22265625],"[[-0.5292701050995482, 1.0243373202070134, 0.6124571653077637], [-0.25924262349437255, -0.35757955747906756, -1.3758263423154187], [0.7277285253350554, 1.2352357728370311, -0.7368230364515119], [-0.005226726507501116, -0.7717597196904107, 0.7391822820131031], [-0.34070082156164966, -0.4288625063311968, -0.07696236460062673], [-0.1104607719380934, -0.6249871863625355, -0.7073910881160206], [0.032711819029227956, -0.6351852155642523, 0.8762643221831347], [-0.6538164677847346, -0.3061599855837171, 1.1655115304248094], [0.4996828620474919, -0.6916677551742652, 0.610289724147758], [-1.9218132551660065e-06, 0.8747921077012613, -0.7071879708542882], [0.6342411059628832, 0.6758040399225022, -0.39789992801779966]]","tensor(-3, dtype=torch.int32)"
"['Bi', 'Bi', 'Bi', 'Bi', 'Bi', 'Bi', 'Bi', 'Bi', 'Bi', 'Bi', 'Bi']","[[1.0297925032155109, 1.6815781919519392, 0.07127035555017758], [0.2732507004402247, -1.19241352145194, 0.15414596025630062], [-1.3865578082390901, 1.0744198966474356, 4.132916094630564], [-1.7374561042169252, 2.50642370737052, 1.7316316543599342], [1.5276877166455776, 3.5552828518889616, 2.337203215610216], [0.8855556097083884, 2.305195539939774, 5.083612649470327], [4.384237068059228, 2.6632792982540594, 3.280808071466732], [-0.10961230790230209, -1.817785288765348, 2.951922038870304], [3.7554471952603903, 0.3836089670907161, 0.9580074833110933], [3.55879224649285, 0.7954956723754205, 5.423091251440319], [3.05585165203415, -1.4572354218533383, 3.4970802676904182]]",[-64250.5625],"[[-0.027852148553618606, 0.13520683075646261, 0.2863570810066338], [-0.148052737719797, -0.33065356193243906, 0.11793785258606047], [-1.54517008852047, -1.612158161439835, -0.45607759687667593], [-0.10270884021064276, 0.3104861775702521, -0.4368051111742181], [-0.17364931793286364, 0.05571084828170422, 0.5771219608591368], [1.5896671670255205, 1.2219210506647815, 0.09142328519414629], [0.45896546153968726, -0.3724472268169678, -0.4936886402543549], [0.6331283319011388, 0.34235815557320337, 0.08852025101411944], [-0.07529320350801011, -0.1680750089395513, 0.9882487821167709], [-0.14452775334213622, -0.013239831038075585, 0.10289488533797139], [-0.4631574932892958, 0.4237936250760031, -0.8652373688651831]]","tensor(-3, dtype=torch.int32)"
"['Bi', 'Bi', 'Bi', 'Bi', 'Bi', 'Bi', 'Bi', 'Bi', 'Bi', 'Bi', 'Bi']","[[1.015859085213385, 1.6869303565790132, 0.24582674979484193], [0.06842899905677524, -1.0684663410845603, 0.34675822983045057], [-1.5083792401037666, 0.8145497431801516, 4.037048492854736], [-1.6251886900234058, 2.3097355062093876, 1.8705277927538984], [1.5300863499568385, 3.5260037473024823, 2.4469533057953288], [0.9258837187619925, 2.335912198224014, 5.258599823705382], [4.572324361855488, 2.517925914730127, 2.908335409353681], [0.182363702614961, -1.6538779050132322, 3.140451509986435], [3.8302308281243267, 0.4030587226360736, 1.201016946427693], [3.5818513893637016, 0.864045095928275, 5.325751169361617], [2.9537256684190476, -1.3797868872009276, 3.4256384968651874]]",[-64250.4453125],"[[0.2019828389701607, -0.040503921694619194, -0.19428407768540154], [-0.15793148715490699, -0.5750491363476341, -0.36057366018327874], [0.25397972668765556, -1.0650584745275031, 2.2162731208309263], [-0.6549786070543936, 1.6659322994864434, -2.1212553800133978], [-0.0920483207172749, 0.24298300955955182, 0.9061246165414694], [0.04208018363659129, 0.11862454319699092, -0.6083433979815367], [0.24997893369662508, 0.8223261476643933, 1.3610496900796112], [-1.2719470324562812, -0.41193054854899586, 0.07328419381215556], [-0.17945929437187721, -1.1743838981056494, -1.1076560209696682], [0.2577336422170209, 0.47735071047406114, 0.04250264697215817], [1.349757912990034, -0.06822328298115635, -0.19587790541385666]]","tensor(-3, dtype=torch.int32)"
"['Bi', 'Bi', 'Bi', 'Bi', 'Bi', 'Bi', 'Bi', 'Bi', 'Bi', 'Bi', 'Bi']","[[-0.7388477684791266, -1.2760631417690267, -1.468155827139093], [-1.6564945582722053, 1.2357475720202236, -0.24053822908259948], [1.6566828727651597, -1.23578699038946, 0.24054827118945876], [0.7386594539861729, 1.2761025601382647, 1.468145785032235], [5.510866786209031, 3.849988058593009, -0.8027473044913778], [1.3213587702757197, 1.7104866101064689, -1.4480403239821522], [3.405604389268694, 0.37433152802666125, -3.2522495753828577], [4.183856139761543, 1.2804827572620647, -0.42948472202135535], [4.0690803980483325, 4.839974657117677, -3.2085529044451793], [1.254571758555747, 4.495162137211446, -2.308226271524381], [4.349821775867357, 2.4961937278054407, -5.014014140552605]]",[-64249.69140625],"[[-0.39619538852617747, -0.3658695699727887, 0.1774086842039362], [-0.7355292566274135, -0.27713437461587387, -0.09463716591776114], [-0.009748013909482506, -0.7602709959900902, -0.07793835589877408], [0.17241580480009447, 0.26351456517429306, 0.4989502515087824], [0.256829950379632, 0.14192605261875552, -0.06220047050510209], [-0.33904245910826436, 0.6884045092427356, -0.5300203534156689], [0.651506587431058, -0.27683196129530463, -0.20895408050327663], [0.547510035203123, 0.09864047859127897, 0.0664890215206022], [0.04135188741136521, 0.10450172285559566, 0.14148881057406917], [0.03421511816546026, 0.6319137420980703, -0.060725324964008655], [-0.24287003522435532, -0.25915212061319554, 0.15320178601576062]]","tensor(-3, dtype=torch.int32)"
"['Bi', 'Bi', 'Bi', 'Bi', 'Bi', 'Bi', 'Bi', 'Bi', 'Bi', 'Bi', 'Bi']","[[1.0297925032155109, 1.6815781919519392, 0.07127035555017758], [0.2732507004402247, -1.19241352145194, 0.15414596025630062], [-1.3865578082390901, 1.0744198966474356, 4.132916094630564], [-1.7374561042169252, 2.50642370737052, 1.7316316543599342], [1.5276877166455776, 3.5552828518889616, 2.337203215610216], [0.8855556097083884, 2.305195539939774, 5.083612649470327], [4.384237068059228, 2.6632792982540594, 3.280808071466732], [-0.10961230790230209, -1.817785288765348, 2.951922038870304], [3.7554471952603903, 0.3836089670907161, 0.9580074833110933], [3.55879224649285, 0.7954956723754205, 5.423091251440319], [3.05585165203415, -1.4572354218533383, 3.4970802676904182]]",[-64250.5625],"[[-0.027852148553618606, 0.13520683075646261, 0.2863570810066338], [-0.148052737719797, -0.33065356193243906, 0.11793785258606047], [-1.54517008852047, -1.612158161439835, -0.45607759687667593], [-0.10270884021064276, 0.3104861775702521, -0.4368051111742181], [-0.17364931793286364, 0.05571084828170422, 0.5771219608591368], [1.5896671670255205, 1.2219210506647815, 0.09142328519414629], [0.45896546153968726, -0.3724472268169678, -0.4936886402543549], [0.6331283319011388, 0.34235815557320337, 0.08852025101411944], [-0.07529320350801011, -0.1680750089395513, 0.9882487821167709], [-0.14452775334213622, -0.013239831038075585, 0.10289488533797139], [-0.4631574932892958, 0.4237936250760031, -0.8652373688651831]]","tensor(-3, dtype=torch.int32)"
"['Bi', 'Bi', 'Bi', 'Bi', 'Bi', 'Bi', 'Bi', 'Bi', 'Bi', 'Bi', 'Bi']","[[0.9130878703347045, 1.762821220618645, 0.38921095636112774], [0.07164661868589264, -1.0265165762228603, 0.336014227810285], [-1.5033314205079005, 0.7413822717711016, 4.103177397550631], [-1.5870341622506134, 2.563379493243031, 1.612562327825368], [1.6114920660199854, 3.622243228964762, 2.4573346417102937], [1.1472987428760797, 2.5291324572627625, 5.031542379162811], [4.58962804051684, 2.5835544619460586, 3.236714134558475], [0.1435275017937082, -1.6923252859107016, 2.9504663397572957], [3.822008981261214, 0.21627056737686862, 1.0714263178705925], [3.6525799239790064, 0.9459043373630331, 5.3839201854869785], [3.106065464016199, -1.329496265606566, 3.413182855299393]]",[-64250.37890625],"[[0.8051054034158911, -0.19721020038454684, -1.2375209705867503], [0.02303318380570227, -0.19383613984566703, -1.7525363576800062], [0.5888878496330618, 0.953277646076515, -0.4689291088479923], [-0.913793707279388, -0.23977658503921576, 1.121735903864596], [0.39608704217922297, 0.8107721179077688, -0.28133365688039486], [-1.000237842768144, -0.7309454913841651, 0.8502570851467274], [0.3379292222476957, 0.19580077227648987, -1.1429989387320318], [-0.30310577045445136, -0.4053703237938616, 1.865101373027556], [0.18998380243302174, 0.7408000210141419, 0.030225452915047184], [-0.18102777100918443, -0.7228192582521193, 0.6306050498674143], [0.05356253613976532, -0.2335712241380602, 0.3795270718074961]]","tensor(-3, dtype=torch.int32)"
"['Bi', 'Bi', 'Bi', 'Bi', 'Bi', 'Bi', 'Bi', 'Bi', 'Bi', 'Bi', 'Bi']","[[1.000597128563136, 1.8140878875530924, 0.29391871810221887], [-0.05032715996391374, -1.0335700242263606, 0.3127999743936709], [-1.583302917781924, 0.8647703669111153, 4.051367927774848], [-1.7240106625154878, 2.670017664284661, 1.5240277000339302], [1.4885530200529453, 3.5593041547597526, 2.3345671120050717], [1.0071227630575283, 2.281936935515076, 5.044741092671339], [4.642577503344002, 2.447607210880444, 3.117087721561896], [0.21434245171922825, -1.802356495622224, 3.1683080029092903], [3.827044053926694, 0.27035263350597594, 1.0136610008201985], [3.623961113550341, 0.7962571849538285, 5.366143301188938], [3.0372191059710825, -1.4115868628691322, 3.3841238969460123]]",[-64250.66796875],"[[-0.08938799880949547, -1.5475149358964193, -1.5673180975839605], [0.19528778549090936, -0.12712173529767917, 0.31737231554180667], [0.5663099518839806, 0.4233356599284108, -0.5839806394337888], [-0.02619322045722598, -0.48240997579812983, 0.9287081707206241], [0.37268937344620784, 1.063998150999168, 1.7240207510164316], [-0.4509854214139974, 0.16355593268750776, -0.13332632486746107], [-0.12606069186006205, -0.04411025067894696, -0.3369396555173718], [-1.2335979792202771, 0.36695390761789054, -0.4211394223971214], [-0.007612043069522278, 0.14585742578615593, 0.2951541153233124], [-0.11124285052890073, -0.028558703518525567, 0.06507172583253382], [0.9095117897137015, 0.0569838021587136, -0.2772967655810767]]","tensor(-3, dtype=torch.int32)"
"['Bi', 'Bi', 'Bi', 'Bi', 'Bi', 'Bi', 'Bi', 'Bi', 'Bi', 'Bi', 'Bi']","[[0.3332107515064478, 1.9757822180297673, 0.5612218113441265], [-1.0553612123365923, -0.32293388838089876, 1.7637548974333517], [1.0554965608729803, 0.3228960720219235, -1.7638866839906768], [-0.33334610004283594, -1.9757444016707935, -0.5610900247868017], [-5.364290810545548, -0.7040223161442789, 1.3239861052792645], [-2.4397444070740915, 1.824905095435004, -1.4323523038341872], [-5.226205735840841, 3.095084774715804, -1.5150449403175306], [-4.151036964146382, 1.939043632094381, 1.1121909158062753], [-5.602401550319974, -1.4038921097539956, -1.5570219798724863], [-2.8142147010550485, -0.8800998102091897, -2.4529004996131305], [-6.968404956468261, 1.0225679474660156, -2.5953578243954176]]",[-64250.7109375],"[[-0.12886617833236572, -0.2803005356385045, 0.18536255048501302], [0.07190829290780736, 0.10838676471848446, 0.4601072890831732], [0.30355082865705757, 0.13617942819656584, -0.32633199793414597], [-0.6100115306323218, -0.20661859194799437, -0.3297703360874981], [0.19647028790883334, -0.11941988868742534, -0.06420135551048733], [0.014240494655761993, 0.5131202773302461, 0.013244104213885702], [-0.04316105543272081, 0.2040009503762245, 0.11834706959083692], [-0.11007495198498489, 0.1481320820071016, -0.24593427766147868], [-0.37152173201274985, -0.022761227789974556, 0.32595317138549207], [0.8013294792313305, -0.2387856813345108, -0.023053079012933735], [-0.11720493351480157, -0.26279928388044527, -0.09730103594985946]]","tensor(-3, dtype=torch.int32)"
"['Bi', 'Bi', 'Bi', 'Bi', 'Bi', 'Bi', 'Bi', 'Bi', 'Bi', 'Bi', 'Bi']","[[1.0139325528302618, 1.7169543804545295, 0.25390794290531915], [0.11822885015326226, -1.1580144397261192, 0.1546594414621126], [-1.4041166494676287, 0.8325770259922064, 4.134755493572271], [-1.8295991534988647, 2.503680001661093, 1.7181633368744191], [1.5118110036794654, 3.59307171888803, 2.74731386291936], [0.9831929952435001, 2.528618219545649, 5.2526022306255316], [4.46628921241195, 2.7359071199611043, 3.1313169189739787], [0.16271129217592634, -1.5918868259873709, 2.965861854997581], [3.9130231412449312, 0.5176961810891884, 1.1914832008350718], [3.5638469305809424, 0.9691731937882834, 5.444153883513214], [3.100026974731677, -1.3331875696895008, 3.1901783396246053]]",[-64250.83984375],"[[-0.12542028113155165, 0.24060844021467043, 0.4139972538316008], [0.10770074259474452, 0.21119700929371873, -0.32871824009381556], [-0.03508452175218508, 0.5267236831246136, -0.30162764243204643], [0.29895209958515995, -0.3897119883758605, 0.3226848346668963], [-0.04144867407213301, 0.5060562189218323, -1.8710473094767015], [-0.5288510150531889, -0.8763589388316378, 1.1654230844272955], [0.303400830415925, -0.003245785046113417, 0.3300788686369652], [-0.2781113429337612, -0.20544369999962395, 0.4476834032254181], [0.14441724726733543, 0.5161523295380417, -0.912759094796842], [0.1352815470555252, -0.42079998517061606, -0.37624994191124045], [0.021350843231014254, -0.10545220879632042, 1.103271259220826]]","tensor(-3, dtype=torch.int32)"
"['Bi', 'Bi', 'Bi', 'Bi', 'Bi', 'Bi', 'Bi', 'Bi', 'Bi', 'Bi', 'Bi']","[[-0.7388477684791266, -1.2760631417690267, -1.468155827139093], [-1.6564945582722053, 1.2357475720202236, -0.24053822908259948], [1.6566828727651597, -1.23578699038946, 0.24054827118945876], [0.7386594539861729, 1.2761025601382647, 1.468145785032235], [5.510866786209031, 3.849988058593009, -0.8027473044913778], [1.3213587702757197, 1.7104866101064689, -1.4480403239821522], [3.405604389268694, 0.37433152802666125, -3.2522495753828577], [4.183856139761543, 1.2804827572620647, -0.42948472202135535], [4.0690803980483325, 4.839974657117677, -3.2085529044451793], [1.254571758555747, 4.495162137211446, -2.308226271524381], [4.349821775867357, 2.4961937278054407, -5.014014140552605]]",[-64249.69140625],"[[-0.39619538852617747, -0.3658695699727887, 0.1774086842039362], [-0.7355292566274135, -0.27713437461587387, -0.09463716591776114], [-0.009748013909482506, -0.7602709959900902, -0.07793835589877408], [0.17241580480009447, 0.26351456517429306, 0.4989502515087824], [0.256829950379632, 0.14192605261875552, -0.06220047050510209], [-0.33904245910826436, 0.6884045092427356, -0.5300203534156689], [0.651506587431058, -0.27683196129530463, -0.20895408050327663], [0.547510035203123, 0.09864047859127897, 0.0664890215206022], [0.04135188741136521, 0.10450172285559566, 0.14148881057406917], [0.03421511816546026, 0.6319137420980703, -0.060725324964008655], [-0.24287003522435532, -0.25915212061319554, 0.15320178601576062]]","tensor(-3, dtype=torch.int32)"
"['Bi', 'Bi', 'Bi', 'Bi', 'Bi', 'Bi', 'Bi', 'Bi', 'Bi', 'Bi', 'Bi']","[[1.0447972541698036, 1.6901564132758646, 0.044372759721707594], [0.3842489348830844, -1.0767146319673677, 0.37711274621482704], [-1.405080796652438, 0.9745741706903402, 4.126564107040053], [-1.8396801690559181, 2.4623215677426713, 2.0566136992922948], [1.6181633687330184, 3.6828627881935634, 2.5131421332722548], [0.9466855661685476, 2.383699636084653, 5.280840332492397], [4.416758878216286, 2.6567912152384374, 3.21616244330446], [0.18023584047045677, -1.5795502699061124, 3.0879979481615423], [3.6666112498939647, 0.5803330919688598, 1.0359231087840628], [3.647842790851291, 0.779928402089493, 5.127817707143817], [3.0471644883282076, -1.2642030144984366, 3.3861989801898824]]",[-64249.8671875],"[[-0.09219513078872962, 1.2049533031068425, 0.8283723571921153], [-0.3581553306384646, -0.7975041898388552, -1.2390302089745597], [0.10474993729164189, -1.9360540892075726, 2.4031116910325894], [-0.4566682824426305, 1.8869830156566734, -2.7400143226440252], [-0.655351417218333, -0.36959417490995466, 0.2024076368686852], [0.6691027129480783, 0.31321041713786285, -0.6064037566872207], [0.8977669839973234, 0.951342632770441, -0.9257606564313824], [-0.6422896917366464, -0.44119074709861716, 0.936029133898561], [0.40252421386921144, -0.4194495382015989, -0.05765316352478232], [-0.01937976246990752, 0.7810496347548628, 2.7126073762748693], [0.15637195796153433, -1.1645550795214616, -1.520405723437499]]","tensor(-3, dtype=torch.int32)"
"['Bi', 'Bi', 'Bi', 'Bi', 'Bi', 'Bi', 'Bi', 'Bi', 'Bi', 'Bi', 'Bi']","[[-2.02975263975622, -0.39513183263516005, -0.23171049991645826], [0.28853167404241065, -1.9204326725216516, 0.7467213311370776], [-0.2885183851558144, 1.92062484961628, -0.7467184380775802], [2.029739350869625, 0.3949396555405317, 0.23170760685696082], [-1.263963648543551, 1.5331229769653183, 3.006380191734844], [-3.6673840313158745, -2.557858324974953, 3.188834009175354], [-4.606746618346231, -0.7527882153797361, 5.478786204316673], [-3.9633881340406436, 0.4632306804538897, 2.7397763174395573], [-0.13458274712914475, -0.3804446651009211, 4.9836206166378005], [-0.819119170180187, -2.9577241187553946, 3.6645364248987073], [-2.2256774685803626, -0.2809020161224597, 7.092940214960257]]",[-64250.39453125],"[[-0.23383882470263126, 0.6100228434924689, 0.45395098485738283], [0.019802755453017656, -0.5636678848187112, 0.2969585679388703], [0.10746008720616025, 0.059187290204915526, -0.6581570065348198], [0.1725442571848559, 0.2812225851625867, 0.2477507116243742], [0.13164785637626888, -0.6713740267330714, -0.3592205906875911], [-0.1689784950885739, 0.012250043192757888, -0.08682023666655612], [-0.12892670213415286, -0.001848061634541408, 0.049535451033311056], [-0.1679138006824548, -0.15698753181981265, 0.10287359659205815], [0.05746007357090754, 0.24298408942347496, 0.2853413404316968], [0.15624263140121608, 0.20551872483123598, -0.4296336834385897], [0.06365854391179168, -0.018758922989451653, 0.1043603121037566]]","tensor(-3, dtype=torch.int32)"
"['Bi', 'Bi', 'Bi', 'Bi', 'Bi', 'Bi', 'Bi', 'Bi', 'Bi', 'Bi', 'Bi']","[[-1.0602376331022985, 1.349709468321275, -1.176390756512494], [0.09103062885970192, 1.4059840243206383, 1.5309563256193988], [-0.090957285338646, -1.4061115639238706, -1.5310807096116432], [1.0601642895812433, -1.349581928718044, 1.1765151405047392], [-4.800844395104399, -2.012262883860924, -3.0005842122071393], [-5.9559046034137, -0.8737040826207811, 1.4620794224339575], [-2.9265089685657255, -0.5782834374097068, 1.115597162504081], [-4.812073004972432, 0.2460239860490958, -1.1559557844912927], [-4.359986393162173, -4.248143778761243, -1.0892488452303635], [-6.510286238117285, -3.6771765648780117, 0.8858839652574368], [-1.9869996991818226, -3.240438193363576, 0.3890199545028105]]",[-64250.55078125],"[[0.0028485463033491257, 0.3785071146210497, 0.08424414414478118], [0.23438127634668582, 0.0006215172236228631, -0.2454999152539207], [-0.33682184750556704, -0.6966505558481576, -0.2799227889537737], [0.29555916713867103, 0.028081655632748812, 0.5358917278320264], [0.1335076905844561, -0.013380640151443175, -0.06879026296289359], [-0.10433429252541822, 0.1142792736144805, 0.09235057977156944], [-0.5483975805037565, 0.4648876924046153, 0.10313867747414192], [-0.013883471073937063, 0.010446613876822379, 0.20890600084765132], [-0.3533745159402899, -0.02170051859595271, -0.324899069930238], [0.0672381899727997, -0.3097089326560531, -0.02059868715529606], [0.6153306317851334, 0.051542933493045735, -0.08011330468415032]]","tensor(-3, dtype=torch.int32)"
"['Bi', 'Bi', 'Bi', 'Bi', 'Bi', 'Bi', 'Bi', 'Bi', 'Bi', 'Bi', 'Bi']","[[1.1064548490617092, 1.6273286889197698, 0.22737144015046423], [0.2753061927564903, -1.2405194952147613, 0.18417121018218657], [-1.4746513914733554, 0.6500991018804498, 4.2620837358003465], [-1.6238485188095249, 2.583488329059722, 1.8633925440636452], [1.5776730273945598, 3.578514359715202, 2.5664596633999555], [1.0211809147481725, 2.5569497436482695, 5.204125788079649], [4.678219754019835, 2.7665328525911788, 3.0898539051627534], [0.10200136427208978, -1.7587870543401818, 3.1814132982700767], [3.779307308247325, 0.3245005979956805, 0.9328047165095503], [3.59191802439244, 0.9316081896055217, 5.370855416971413], [3.1641582791387295, -1.2191336757377638, 3.4893082700875477]]",[-64250.7109375],"[[-0.2619259310770873, 0.362594394116013, 0.3145968081488929], [0.03460906280903807, -0.21208018371656812, 0.6922771069594625], [0.601757770713163, 1.1309769679420494, -0.5466780257613937], [-0.1370732469923718, -0.5634431702785161, 0.5148878603061428], [0.032393948227930396, 0.1310236436066055, -0.7098922586503666], [-0.5853217275821389, -0.7244123146492008, 0.23938577714322418], [-0.24192253176494208, -0.7719782635796164, 0.11698983490573148], [0.4167334233244575, 0.05961964715090199, -0.6723628735541133], [0.1634364791687724, 0.12072868376226446, 0.6039617215581892], [0.4083383554976429, 0.8749972818466568, 0.20601505085914526], [-0.432832651755647, -0.4126011440452625, -0.7653936647530744]]","tensor(-3, dtype=torch.int32)"
"['Bi', 'Bi', 'Bi', 'Bi', 'Bi', 'Bi', 'Bi', 'Bi', 'Bi', 'Bi', 'Bi']","[[0.7363017751265554, 1.7139686806736127, 0.18077663283843334], [0.14690830847443045, -1.00939138455078, 0.3404616807785027], [-1.5679892624438068, 0.9039286893104389, 4.147385970825361], [-1.8319420458622966, 2.535382884572239, 1.7277627627106698], [1.4464016226317296, 3.6429344861090724, 2.5705539981113543], [0.7543279702881321, 2.416565200988614, 5.251583280207218], [4.258023666215279, 2.571204022697218, 3.1265537145950146], [0.11503462658714109, -1.7899402993325901, 3.09469760915122], [3.605528051864869, 0.27258971478553273, 1.1426326933146358], [3.717634405867423, 0.846052896570961, 5.4601095454750075], [3.084078920542347, -1.39365457835594, 3.274936585207496]]",[-64250.55859375],"[[0.5343084416323447, 1.4402469102023023, 0.5219244593176541], [-0.40530887439442614, -1.4546044723917504, -0.2775512535122954], [-0.012320913119370464, -0.20724948958956285, -0.32960928209667634], [-0.23686614607800172, -0.18364469267167216, 0.23514098632765681], [-0.3157671749532045, -0.2893610053303364, -0.08161590962214632], [0.643279052778604, -0.1766052654451241, -0.28358337338692524], [0.7766196215654321, 0.059990091898628736, -0.22079468557626428], [-0.39559405858726626, 0.210166613422682, 0.26896654101174167], [0.3800652554179497, 1.334877902350155, -1.2950298951446568], [-0.72305425721063, -0.13567729147230825, -0.22714973618600295], [-0.23882851593679513, -0.5970999576580426, 1.6856531858274597]]","tensor(-3, dtype=torch.int32)"
"['Bi', 'Bi', 'Bi', 'Bi', 'Bi', 'Bi', 'Bi', 'Bi', 'Bi', 'Bi', 'Bi']","[[1.0973674730648677, 1.6515790604071994, 0.11571245932790372], [0.31243683083412344, -1.2756190913090673, 0.42304922422099783], [-1.5005247806913415, 0.8473971698670598, 4.091847642497511], [-1.8017158709798253, 2.180007462199116, 1.8900077254439704], [1.4845511079410092, 3.57393248584592, 2.4314961881477584], [1.0742005413151776, 2.2229944326822033, 5.1438519103732], [4.5425570103682835, 2.614675295078239, 3.0722842183211134], [0.026575197443997667, -1.633743777653779, 3.0018260792113387], [3.7997938649786644, 0.4211559370707626, 1.1595834046540567], [3.679355595544013, 0.9028628637268137, 5.242567643864182], [2.9289683479497235, -1.523210947059341, 3.3428329004920747]]",[-64250.25],"[[-0.11361983671208628, -0.07770525955765176, 0.47062896892928086], [0.18349669989211115, 0.2924166088560747, -3.0213512705382812], [0.2457073005492541, -1.461123250941073, 2.5901739473326164], [-0.22847966574048056, 1.8586340165698116, -2.780514876191646], [-0.07518660551216926, -0.21155881513006042, 0.3047707149355586], [-0.3987053522381833, 0.5661711122367205, -0.3549909693890392], [0.07733558614129867, 0.5425822561672189, -0.19532640348168434], [-0.5407439163933112, -0.770144037573035, 2.793930899884304], [-0.11442695786149203, -0.4221760917633306, -0.22707306584746037], [0.3228681030012797, -0.8187276296957761, 0.4793703131207807], [0.644144486579859, 0.4881575772400595, -0.05177721254227436]]","tensor(-3, dtype=torch.int32)"
"['Bi', 'Bi', 'Bi', 'Bi', 'Bi', 'Bi', 'Bi', 'Bi', 'Bi', 'Bi', 'Bi']","[[0.2059765795535955, 1.7474149320750476, 1.1107787373581905], [1.8398884963327315, -0.6662172176284511, 0.7070147544340106], [-1.8400182020671072, 0.666259670966552, -0.70715073655252], [-0.20584687381922007, -1.74745738541315, -1.1106427552396823], [4.701091215089659, 1.2874743664476511, -5.800683763335386], [0.37311794118253383, 0.5367202932500645, -3.997668897458825], [1.2283945229139355, 3.4085190009617445, -3.360616797841865], [1.9352436197272014, 2.169650934555439, -6.07361468267996], [4.758268736870342, 0.6314637881102494, -2.9001488314261987], [2.380829021122117, -1.1480568347448332, -2.7211813695079674], [3.6452505851341837, 3.1371014280876004, -1.7535078013088539]]",[-64250.71484375],"[[0.23875045720177998, -0.2258704573917295, -0.26100979509353656], [0.33162096574129296, 0.30233181655411334, 0.05885263523292696], [0.014897036494400351, 0.036397122061800964, 0.06085367450458694], [-0.7917618848723581, -0.3721719643607516, -0.06335093695997306], [0.15860285398254725, -0.2846412800769561, 0.20326052367959524], [-0.2126851132018898, 0.2945309309954806, -0.11881223383125003], [0.09795095976531173, -0.11071325440774057, 0.059134428294773514], [-0.2866747666884017, 0.057861577261947295, -0.10527711657449787], [0.4748619326637854, 0.6901055520321304, 0.06869245814471253], [0.026855696405232422, -0.30030784302960967, 0.08672325460184033], [-0.0334012504376395, -0.08707014803162443, 0.014584282191214784]]","tensor(-3, dtype=torch.int32)"
"['Bi', 'Bi', 'Bi', 'Bi', 'Bi', 'Bi', 'Bi', 'Bi', 'Bi', 'Bi', 'Bi']","[[-0.6951360800458627, -0.9692498048712096, -1.7050088989521703], [1.0508801284686424, 1.3430142241369358, -1.1920019598746858], [-1.0509001337642108, -1.3431428518114257, 1.192143987018235], [0.6951560853414316, 0.9693784325457002, 1.7048668718086228], [6.383073223697943, -3.586013897985019, -0.9707217700450583], [2.7841058215167798, -0.9174837334117618, -2.543053587267171], [3.133820548662238, -0.4395252992301186, 0.4625772236128365], [5.597873978827758, -0.8001504133505557, -1.3243691872003582], [3.724838626224758, -4.819210121508393, -0.46107685621067906], [2.2052911893892713, -3.7639407355039216, -2.7909534005317385], [2.7069564827303356, -3.046176257035757, 1.6957916836643039]]",[-64249.80859375],"[[-0.4405047763969688, -0.3968353364558637, 0.06185383418577589], [-0.2029193381019763, 0.44309310737653923, -0.3133727566809741], [0.154123938384026, -0.020417352291555977, -0.1977230329038526], [-0.9616625323291972, 0.4724224686393327, 1.03644773699451], [0.08727233969570847, -0.4257788263434571, -0.14372649431117035], [0.5325657469487718, -0.2736727936771286, -0.9780486960313911], [1.035862553592354, -0.061402656754271936, 0.7025800372279981], [0.3195656734359678, 0.20036011202623888, -0.2560518827119677], [0.30055122378904753, 0.06284185825335246, -0.08409023782468872], [-0.27300415222034197, -0.02463098131962716, 0.1546951863993642], [-0.5620856270608612, 0.029968270466229786, 0.01721922729680056]]","tensor(-3, dtype=torch.int32)"
"['Bi', 'Bi', 'Bi', 'Bi', 'Bi', 'Bi', 'Bi', 'Bi', 'Bi', 'Bi', 'Bi']","[[0.9302722234965842, 1.7651444831032144, 0.28018980475741173], [0.13541359297623154, -1.353090393254648, 0.35542877136500967], [-1.3874551511467714, 0.8060588894353073, 4.251137168664792], [-1.6773572229239673, 2.519997641889044, 1.8652903301385235], [1.4511221495062858, 3.74670708371084, 2.639282666047668], [0.884461941231739, 2.3703333695903748, 5.178202181753312], [4.757357131816184, 2.574549470197767, 3.0776527359588157], [-0.09366084976476377, -1.691959013456513, 3.081441931593128], [3.794554599078666, 0.37441763044808024, 1.110333038645601], [3.656711651632728, 0.9041966594723435, 5.26823853079462], [3.2283977898757215, -1.3424334828014504, 3.3276087137630395]]",[-64250.8671875],"[[0.034678292370929314, -0.1847048105116409, 0.48145146801111893], [0.05684321416033979, 0.5539120856045638, -0.910705296459223], [-0.5421734505391751, 0.051880982323078445, -0.26873046218930785], [0.18083067013216658, 0.014204848861880233, 0.08922951592325255], [0.055560232975472745, -0.29350269485229014, -0.60255841267903], [0.5617884073715413, 0.0721615981309198, 0.3378929696731334], [-0.33340243268191555, -0.06828144136673088, -0.26258469949229096], [0.7462147672572882, -0.4449909939324941, 0.7682326784290868], [0.04329684060774125, 0.6732303642390314, -0.49678095915347975], [-0.04937046325248356, 0.01815053279736678, 0.2841307101296798], [-0.7571604736705467, -0.3948333201644637, 0.5761696237231152]]","tensor(-3, dtype=torch.int32)"
"['Bi', 'Bi', 'Bi', 'Bi', 'Bi', 'Bi', 'Bi', 'Bi', 'Bi', 'Bi', 'Bi']","[[0.9977567444210589, 1.6134587773922406, 0.20019435093715432], [0.3498205951833785, -1.1568259462500519, 0.11697286755311292], [-1.4973019579534772, 0.7701808518143582, 4.089792403251304], [-1.7490250964180114, 2.5566469244184526, 1.7516371959653947], [1.363306372289317, 3.512095750960461, 2.556202334214269], [0.8541263502195399, 2.404771203396119, 5.179816059183641], [4.506219806339095, 2.587497934301161, 3.1148585625671275], [0.18598989889148634, -1.5839791371874898, 2.8757085722877287], [3.646331982954867, 0.2714973825064705, 0.9360467590099568], [3.655858655303194, 1.0215377395055074, 5.1897077493362875], [3.0881249823812977, -1.382630486699077, 3.4059759035054373]]",[-64250.73828125],"[[0.0779037488311422, 1.2103670209081572, 0.16468382484417604], [-0.17712385723868657, -0.8198002945260898, -0.7746259870749593], [0.1425599841637271, 0.32888119670202576, -0.30006497649108754], [-0.09573050242888913, -0.21345125094430797, 0.2160675041196052], [0.15505400975439435, 0.19913179252471908, -0.6599223269386869], [-0.09262121423954359, -0.47658596112811547, 0.40912007413380913], [0.5949705688458042, 0.8395072969023805, -1.6658001447110882], [-0.5147171389621044, -0.5188777003916671, 0.9517987467227365], [0.42446884856051165, 0.17641736912249867, 0.3088945609917349], [-0.6478227087904218, -1.0130599413030776, 1.5087642761251923], [0.12933185679369463, 0.2778991239618195, -0.17067208167468997]]","tensor(-3, dtype=torch.int32)"
"['Bi', 'Bi', 'Bi', 'Bi', 'Bi', 'Bi', 'Bi', 'Bi', 'Bi', 'Bi', 'Bi']","[[0.986389298844879, 1.7426945418740587, 0.3795483978439925], [0.1398764310159208, -1.1741237267801898, 0.14415937055643377], [-1.341474189686568, 0.8476930322183825, 4.230192746098006], [-1.8854513750666326, 2.496548145537595, 1.940149511431904], [1.4168930443582626, 3.5711923820445945, 2.5234762197204605], [1.0714506396504389, 2.2906802392534136, 5.174308109504039], [4.66596629885268, 2.513775641779735, 3.3114456691219267], [0.0959099112963044, -1.7063868355768004, 3.03294263442586], [3.8631137559213213, 0.2537903581787513, 1.1637233980145691], [3.47315028937993, 0.7597608488990457, 5.348068209992929], [3.2439819814764945, -1.2870858557072458, 3.3242119206712304]]",[-64250.62109375],"[[-0.14205753890692005, -0.6294094862382296, -0.661131260311682], [0.0867300423179286, 0.16284754195393145, 0.500959004094179], [-0.28727465680874875, -0.5066663934604948, -0.013609406752454662], [0.48723449927414575, 0.2236652209944139, -0.2051734769083824], [0.20575660342687505, 0.3397378400526715, 0.4712466510933139], [-0.7149269956367528, 0.7065441662677336, 0.22233673125850045], [-0.18001239038888847, 0.006182930584809326, -0.7286757202619192], [0.3084613812922832, 0.07047870733985188, -0.16775670619268448], [0.42135734922122825, 1.7177889077381134, -1.46747336503002], [0.8431017011036713, -0.24217203175327773, 1.011994475565585], [-1.0208663290255093, -1.8335549482863842, 1.0362590179184192]]","tensor(-3, dtype=torch.int32)"
"['Bi', 'Bi', 'Bi', 'Bi', 'Bi', 'Bi', 'Bi', 'Bi', 'Bi', 'Bi', 'Bi']","[[0.9792520996702927, 1.7296447577850664, 0.40683142166673614], [0.24495106265343286, -1.4050472706958808, 0.18936871631587165], [-1.5965918832816048, 0.8755549214223415, 4.119532077609185], [-1.7538980860909754, 2.480330372559892, 1.76654605050447], [1.376733732919985, 3.6527702494092362, 2.488364812932392], [0.9879820426022373, 2.3668042763354693, 4.97176532012137], [4.548764813450475, 2.562302697859402, 3.1582139171347214], [0.15579570138661963, -1.8447041828160966, 3.1869120116215877], [3.740288156029833, 0.5515084639372313, 0.9543960203289603], [3.744350886313925, 0.933772376638798, 5.3714667809309224], [3.167382189313929, -1.2077073135928236, 3.482443280854404]]",[-64250.6796875],"[[-0.2687968481095348, -0.8761959308013361, -1.207091433674649], [0.14081939778590888, 0.33569436672563135, 1.0042698489687623], [0.5313696690986713, -0.2520499070128309, 0.19108618923226742], [-0.04709835242507101, 0.11015733017569257, -0.055182332024467214], [0.4071689657130712, 0.9166666595358418, -0.18107765043801494], [-0.3198939520686007, -0.5358865856228686, 1.2148546268401552], [0.21883977192074958, 0.70476136235273, -0.6955897180989069], [0.10601929162224082, 0.4435014502057588, -0.7438951167062119], [-0.030681715991408183, -0.4828848588138512, 0.6774598312713086], [-0.5088456617015636, 0.08671528417764576, 0.816985449233119], [-0.22471937387175958, -0.4493116837552304, -1.0077891769163494]]","tensor(-3, dtype=torch.int32)"
"['Bi', 'Bi', 'Bi', 'Bi', 'Bi', 'Bi', 'Bi', 'Bi', 'Bi', 'Bi', 'Bi']","[[1.4408273971758403, -0.5108901258627243, -1.4116381938634144], [0.05567119580049007, -1.9369248712327598, 0.7577121380495366], [-0.055756992183313314, 1.9370820455343687, -0.7577832170169487], [-1.4407416007930185, 0.510732951561116, 1.4117092728308278], [-2.289124850394216, -3.003073407451236, -1.3619054653214069], [-3.7747613911127895, -0.8231585912735409, -5.309905263667365], [-2.8933837226507335, 1.2946283284484488, -3.2794587131051878], [-1.3192908307998334, -1.3225950227922736, -3.538612629355285], [-5.091635312244189, -2.0283017233047334, -1.1558052127241925], [-5.938249414989576, -2.2708368442099647, -3.997523685368713], [-4.6363796662397005, 0.9029446014170479, -0.9759377017609889]]",[-64250.6640625],"[[0.3558177851995193, 0.029699266078558644, -0.2451272079341645], [-0.4913968604769138, -0.3837044996830965, -0.14858968720005278], [0.0004627898767566058, -0.18967840663114094, 0.1825645716380797], [-0.18784376924782684, 0.3619486869120701, -0.2046358075188445], [0.4648975140241067, -0.19570281319203411, 0.17407015633033668], [0.005260711367824909, -0.0846466762776525, -0.14798619753329528], [0.07514305100060283, 0.03949874835950141, 0.1805403924252097], [0.15367270953043047, 0.4265518546461467, -0.11277049802549514], [-0.32464113671888356, 0.22372960145306936, 0.08949032877173535], [-0.016336561952657817, -0.24491288065646807, 0.19160411253863938], [-0.015062533353934465, 0.012594581490747717, 0.04299461240670166]]","tensor(-3, dtype=torch.int32)"
"['Bi', 'Bi', 'Bi', 'Bi', 'Bi', 'Bi', 'Bi', 'Bi', 'Bi', 'Bi', 'Bi']","[[1.0110608037480069, 1.8942510224257465, 0.16870930968289466], [0.3649983358779324, -1.1570210837837738, 0.37862308435039527], [-1.3372980392681406, 0.9949049824378162, 4.228683244421773], [-1.6252291277151194, 2.4881205138578193, 1.7196494710013177], [1.7502308636771013, 3.6192067613648025, 2.551341790493595], [1.0324583637627172, 2.301959749660634, 5.180149506511154], [4.744194474482431, 2.5141774944720345, 2.9651001799391596], [0.1400553949245839, -1.6404826054133668, 2.8884275098363594], [3.8635072329027715, 0.5446906542147664, 1.1572143439438096], [3.6017908206154385, 0.8047915586005472, 5.351946265287107], [2.880771313186009, -1.3251680045245233, 3.5606141109499383]]",[-64250.0],"[[0.17607726340880284, -0.3564513053677582, 0.46515009933793694], [0.13367764059712087, 0.7196439440971878, -3.758622707628352], [-0.5567464712923342, -0.4866666451168517, -0.6082112432061817], [-0.01653818797373452, 0.04905946758482995, 0.1708322100678634], [-0.2087924094473559, 0.17223001678322372, 0.21720352096674284], [0.3136731645399718, 0.9684949856371445, -0.021013858838277208], [0.0952006491972711, 0.7071612313666676, 1.539840188728427], [-1.5407493313075231, -0.7127549264885049, 3.426476619487866], [-0.6023938619859809, -1.7168627958687968, -0.638798645939427], [0.838911829081909, 0.8480757600219956, 0.4089851425655089], [1.363026869500779, -0.18568589259685445, -1.2034332660798015]]","tensor(-3, dtype=torch.int32)"
"['Bi', 'Bi', 'Bi', 'Bi', 'Bi', 'Bi', 'Bi', 'Bi', 'Bi', 'Bi', 'Bi']","[[0.3292876498823661, 1.021031201781056, -1.7829132419035367], [-0.10724911065060852, 1.8116142138709357, 1.0175738259973794], [0.10731404794905769, -1.8117927273287187, -1.0176059677562095], [-0.32935258718081545, -1.0208526883232742, 1.7829453836623683], [3.3812816548136153, 1.3173395354089263, -0.899782365475778], [5.195165840094743, -1.728019060920034, 2.2595628399111423], [2.6358399931278798, -0.5053903855062701, 3.4169700964990444], [2.7831261771007196, -1.2045061010588265, 0.4363105636034872], [4.977700074077996, 2.6660703449831993, 1.2166049981822864], [6.9720133358226795, 0.5373287887839727, 1.8015123434505529], [3.1603075401787697, 2.359127946630523, 3.547846251835556]]",[-64250.125],"[[0.04867522114772372, 0.17855992199018086, -0.2192194212228688], [-0.31277610615239637, 0.15817656484336698, 0.6306281898086243], [-0.9409599982599597, -0.3730201203392365, -0.8891697245064246], [-0.49193123885259066, 0.3753113344736702, 0.17994888410578982], [0.29545591157878276, -0.28699456067592427, -0.7496425638818668], [0.1234577055843919, -0.276488050346832, 0.1741594250813158], [0.34490720007480835, 0.12446239040963969, 0.6230922822878922], [0.9891507256030462, -0.34738055125761075, 0.09411821416955761], [0.18532994887895266, 0.09037396599340893, 0.3042437413410689], [0.0851455219880491, 0.47167869950675084, -0.1279028368687465], [-0.32690278315066, -0.10818421309975935, -0.010706511412075088]]","tensor(-3, dtype=torch.int32)"
"['Bi', 'Bi', 'Bi', 'Bi', 'Bi', 'Bi', 'Bi', 'Bi', 'Bi', 'Bi', 'Bi']","[[0.7773550741304628, 1.7227767083292713, 0.335925755844716], [0.24718658806520266, -1.2906511446182785, 0.005246238331898412], [-1.4076388643482565, 0.7814750849638996, 4.24456085872131], [-1.9031510155756899, 2.579989850326118, 1.8014796071268178], [1.441710266684916, 3.4657596547522447, 2.585734471485827], [0.8388582433872096, 2.2188588526263273, 5.314343225231794], [4.561316382488449, 2.6042463071950825, 3.0547354403597153], [0.05540248990804966, -1.9077511551475408, 2.9250626431252025], [3.840392357825699, 0.5241272587624308, 1.0679573838237224], [3.6477873363177684, 0.864231703972536, 5.45196524524267], [3.039820932877498, -1.3152690471858275, 3.099571740733727]]",[-64250.82421875],"[[-0.04707979419222057, -0.34507982403623516, -0.3415898066808473], [-0.0016721425454862987, 0.23761366902326875, 0.694983451639204], [-0.6657433077052982, -0.43238970185879544, -0.9619474107165386], [0.3593986139686336, -0.5138030598622166, 0.6212308025727744], [0.026463736654389513, 0.1777699758193621, 0.5447224436186885], [0.7538874575416173, 0.48739365064757917, -0.12418543102440145], [-0.14247179527667111, 0.0374165650273316, 0.56703963136347], [0.049855383860480884, 0.5995476492171476, -0.3129282641213752], [0.008619540683179383, 0.13281297812723952, -0.9114899975767009], [-0.23742114471240133, -0.19522350787643708, -0.8146375165316749], [-0.10026557095141338, -0.1880069829664949, 1.0244900438189997]]","tensor(-3, dtype=torch.int32)"
"['Bi', 'Bi', 'Bi', 'Bi', 'Bi', 'Bi', 'Bi', 'Bi', 'Bi', 'Bi', 'Bi']","[[0.9996611007335607, 1.5532455094540203, 0.47214024062694493], [0.21740275768829304, -1.2277255114950316, 0.2139795731647382], [-1.3143515739427833, 0.930650451629334, 4.1680480632143455], [-1.8083922088589013, 2.457385257514933, 1.9102793131075197], [1.4829439884428532, 3.5708311993119883, 2.421478542093219], [0.8317928142513356, 2.4940534544035677, 5.218365319977789], [4.665697949378155, 2.5623802046914697, 2.909560818554423], [0.0990175054405415, -1.7038799274093464, 3.06830460006168], [3.657015050842275, 0.5003172070030188, 0.9669587488420714], [3.5734032261960986, 1.0564695679523926, 5.239972324333531], [3.183104939439764, -1.4056096260470103, 3.2625543559933963]]",[-64250.71484375],"[[-0.7855099869783245, 0.5840048078168304, -1.0761857009240314], [-0.2755132931788825, -0.5763403450671536, 0.07212477991335006], [-0.6770808504563799, -1.1933843609436605, 0.5450566872139444], [-0.035702651288414794, 0.662231178850532, -0.7824287752509804], [0.0039203570127217145, 0.5571002552823898, 0.8986576146234516], [0.917951697604372, 0.4726335563252598, -0.050433172765867784], [-0.14797025668490615, 0.29188315607804616, 0.1757049160436877], [0.4453607187709387, -0.10350428854526034, 0.09255426267630924], [0.9882251279546452, -0.8340714676016873, -0.039408044932167256], [0.020147823398550736, -0.39514159560347284, -0.13307980736043692], [-0.443631650941634, 0.5563104119557543, 0.2893236214697593]]","tensor(-3, dtype=torch.int32)"
"['Bi', 'Bi', 'Bi', 'Bi', 'Bi', 'Bi', 'Bi', 'Bi', 'Bi', 'Bi', 'Bi']","[[-1.1207651622127985, -1.7153096202035216, -0.3623714358746662], [-1.7514509275395804, 1.113734346451413, 0.14463878091537447], [1.7516269545376324, -1.1137748137977694, -0.1447058173967554], [1.1205891352147481, 1.7153500875498795, 0.3624384723560474], [-1.5434695357191277, 1.1416338597819347, 3.757139725443129], [0.2705737565374893, -2.7632356967215617, 5.75891084751477], [-0.3608569261287662, -3.3568969206015113, 2.820642161579465], [0.7734733053076388, -0.6233080098086159, 3.617871016803954], [-3.6333887306259998, -0.8019711332275405, 4.594611772153606], [-2.2892475250095927, -2.031592873275536, 6.946686897946659], [-3.234409536560527, -2.9374927284770753, 2.566761146530566]]",[-64250.6640625],"[[-0.09541086270764129, -0.21689920502878515, -0.05011335820950858], [-0.33169676190427866, 0.04764520580016468, 0.8053352601652441], [-0.21026081869445262, -0.014559779564577945, 0.0060193312004544345], [0.3998211602033308, 0.23845267186945274, 0.11783207734368488], [0.12858140278920768, 0.06288680116139149, -0.9802562464228277], [0.18032056298371443, -0.07867302332114666, -0.10328106524572093], [0.12427043174177964, -0.0036076474467558197, 0.24615585545408755], [0.3055545932995712, -0.08240138207099779, -0.10665800542172914], [-0.25669584156479697, -0.29200800891639717, 0.1590716691914624], [-0.3327643873696177, 0.15841315788671662, 0.09836598746643647], [0.08966228424597164, 0.17167614943483886, -0.19103944655102315]]","tensor(-3, dtype=torch.int32)"
"['Bi', 'Bi', 'Bi', 'Bi', 'Bi', 'Bi', 'Bi', 'Bi', 'Bi', 'Bi', 'Bi']","[[0.7566690345337801, 1.7569988631767, 0.321666379961959], [0.3324796163060243, -1.1120677834085482, 0.2872108108558069], [-1.4392302836165094, 0.8978064805277527, 3.9720347375295373], [-1.828171796906923, 2.5947728654382263, 1.8109665444289647], [1.4746854254410735, 3.572799227904666, 2.384491998097041], [0.6951293120795459, 2.5520928275971984, 5.080064499637452], [4.630559908735304, 2.5972009953836563, 3.1807000500943885], [-0.030412816746749227, -1.623907473441635, 3.0826154688950473], [3.7735008563199184, 0.4018643782675109, 0.7990485654347019], [3.6798079468504734, 0.8557403527404597, 5.33586236993226], [3.034540894276333, -1.3595551915055022, 3.325998180630146]]",[-64250.66015625],"[[0.18864112019983278, -0.1015899469200006, -0.8903575748218727], [-0.04354630974282197, -0.45558985833806015, -0.3461299145683462], [-0.462383385122683, -0.6900767556608469, 1.010099057270026], [-0.25965127485614165, 0.7668211420152751, -0.7670792809149959], [0.5291914292994342, 0.4806499518696952, 0.7143191865143027], [0.8566169694330744, -0.2570800674330666, 0.19147257482838326], [-0.2509821787033087, -0.14901844459962882, -0.665681086974489], [0.3499587520851404, -0.3392395085631907, 0.1878761651655209], [-0.18767998988615142, -0.0810646648004319, 1.0339866756915945], [-0.6626147876537025, 0.18205610999655805, 0.0012732037883744435], [-0.043979916245633764, 0.633629183073107, -0.47481554993718217]]","tensor(-3, dtype=torch.int32)"
"['Bi', 'Bi', 'Bi', 'Bi', 'Bi', 'Bi', 'Bi', 'Bi', 'Bi', 'Bi', 'Bi']","[[0.02991132367922633, 2.0447904291275703, -0.3842552708741185], [1.5123368580061194, 0.24257158570890036, 1.4081552388541352], [-1.5124199739387385, -0.2426501584227143, -1.4083102713358575], [-0.029828207746607327, -2.044711856413758, 0.38441030335584103], [-4.592149355761322, 3.775826162123166, 0.9692644498064653], [-2.7737859219855547, -0.5858388844181983, 1.4332465498227462], [-5.652824554891018, -0.5951168375168787, 2.4799612656470433], [-4.9356141503291875, 1.0491453849805574, -0.005355260274564344], [-3.5955817581151552, 3.22846775127206, 3.717713800350384], [-1.3718235021551526, 1.3506449296465255, 3.1015780431985736], [-5.663264712711834, 1.3213196506013771, 4.676509066448711]]",[-64249.89453125],"[[-0.5425745428534822, 0.2549335036422413, -0.31453263337860377], [-0.017307801849543388, -0.41041735066013485, 0.37644123209191005], [0.34535194974486505, 0.43974588916946306, -0.8117871899955155], [0.9822452529250584, -0.2540587624424107, -0.007174235381828568], [0.09317137919733488, 0.06295488401064055, -0.1510113077587279], [-0.7081783603380774, -0.30535898366320907, 0.5186730404671873], [-0.200195047112274, -0.1509484185407282, -0.14926203104743302], [-0.3131737531865678, 0.11742430015747261, 0.0940028744181485], [-0.39073389960178695, 0.2722187826156736, -0.11585906311193482], [0.61302280831512, -0.4126726207525556, 0.27805117908661514], [0.1336253443299862, 0.3760800433206673, 0.2915585284139153]]","tensor(-3, dtype=torch.int32)"
"['Bi', 'Bi', 'Bi', 'Bi', 'Bi', 'Bi', 'Bi', 'Bi', 'Bi', 'Bi', 'Bi']","[[0.7731699296427526, -1.5067725932794565, -1.2089496728849478], [0.38584617274074084, 1.3962102502345062, -1.4935275662373697], [-0.3858381508035958, -1.396281019013051, 1.4937065758139512], [-0.7731779515798984, 1.5068433620580026, 1.2087706633083675], [6.880133204051461, -0.3604052471714754, 3.337457666714973], [3.4008228471440267, -2.7638776001559267, 1.1779283121089668], [4.005654433881392, -0.2307855637597504, -0.4352005461444688], [6.2962656020054375, -1.7962203419758422, 0.8676047679297136], [4.176120549699686, 0.699185776067445, 3.979567055908081], [2.580002076065478, -1.8054506518303715, 3.805944523442217], [3.4629617790306817, 1.9748395501117852, 1.3919181118860542]]",[-64250.3203125],"[[-0.027547380101255077, 0.06604236923315708, -0.28333438761950536], [0.5595726294454523, -0.20488556461763807, -0.3441612712143803], [0.031201089400762657, 0.27549570682356295, 0.4181309215072684], [0.0342198387134671, -0.29845819039555477, 0.5368965155014573], [-0.1553789973731663, 0.12126054245545403, 0.28456018743853784], [-0.10088500146656001, -0.07581426356196834, -0.07646315893558907], [-0.014306057822523734, 0.19140053247808272, -0.20370162238114994], [-0.008085542830980168, -0.020894785843019566, -0.24105056735805666], [0.15925946266990468, -0.1746334853435719, 0.2309735857599141], [-0.13978391112780594, 0.08729403981835433, 0.0018894564182615674], [-0.3397176311706814, 0.01966483111898758, -0.3264814305322712]]","tensor(-3, dtype=torch.int32)"
"['Bi', 'Bi', 'Bi', 'Bi', 'Bi', 'Bi', 'Bi', 'Bi', 'Bi', 'Bi', 'Bi']","[[-0.7487886537070981, 0.8850072204443524, -1.7279445799479134], [-1.4751967628968123, 0.9443899113217294, 1.1228655881814178], [1.4753776501151354, -0.9444396095069926, -1.1229094847032508], [0.7486077664887758, -0.8849575222590899, 1.727988476469748], [1.3339020890352589, -3.9733596029650453, -0.2305373848727783], [-2.5944636853642096, -1.9953840028187244, -2.019783542449109], [-3.257927730775737, -4.829298183526089, -1.0641125199048052], [-1.3290456109403508, -3.082688155926177, 0.5556264819191881], [0.802579804899185, -4.800161755937536, -3.037816649451467], [-0.5402352556463652, -2.3491834113841543, -4.057863447059992], [-1.5453760139099195, -6.579312094907676, -2.6459715459004407]]",[-64250.37890625],"[[0.09501383273856881, -0.07178667966122577, -0.1971706567961235], [0.3782585402303624, 0.0748433630508872, 0.320639006753472], [0.7112996812968521, 0.20844901271979907, -0.6890801955260684], [-0.10478922376960735, 0.555649638078979, 0.9690724557255637], [-0.10056253353027539, 0.2934436622911588, -0.10316958215118019], [-0.08540479217378456, -0.21114265614292096, 0.3246147057638125], [-0.6010939115108932, -0.3781870121009776, -0.04146757169078787], [-0.7379229549903619, -0.2090801160497339, -0.023356762459164973], [-0.1288806279400991, -0.08927965246254095, -0.4359426598542746], [0.21954502590673963, 0.020436728135662503, -0.15374439192609], [0.3584306959388639, -0.1901731899963029, 0.035891822878911336]]","tensor(-3, dtype=torch.int32)"
"['Bi', 'Bi', 'Bi', 'Bi', 'Bi', 'Bi', 'Bi', 'Bi', 'Bi', 'Bi', 'Bi']","[[0.905388069422286, 1.8635765422325348, 0.4664139344970367], [0.1361113386218086, -1.2272849919758704, 0.17626868671492954], [-1.567587878612301, 0.8971708897201499, 4.148083551878553], [-1.8089933299842222, 2.3977006208507854, 2.030806423986921], [1.5110291053139777, 3.628532645543687, 2.595219920113896], [0.8174001421452086, 2.3780514209554195, 5.264564083108109], [4.557299108009997, 2.5451586902460184, 2.9037069016606556], [0.20678443044428002, -1.8207114855445425, 3.191368149942688], [3.883797385184468, 0.504620872353703, 1.228788553527633], [3.6468116695546238, 0.7162303328726397, 5.207868734920941], [3.044970039312895, -1.208483415939557, 3.3397048914946854]]",[-64249.73046875],"[[-0.22886085770534706, -1.2777129915849041, -0.9430575053754199], [0.09351868400385159, 0.35316070288350926, 1.1073973678490316], [0.5932546136498519, -2.002630271173399, 2.403853197593142], [-0.31864192698286353, 1.852068958138069, -2.6209819508387304], [0.15372356597900097, 0.49514979898653916, 1.012799745519694], [0.5576047060007684, -0.2248555395702577, -0.12940724157994776], [0.40459744975744677, 1.6675839770679233, 1.9864071155015073], [-0.8250952272958598, 0.3439007668984469, -0.9116020977363406], [-0.5477568612426967, -1.2888541019461583, -2.5235864525066427], [0.117257744002852, 2.0967861777360834, 1.4590910498819167], [0.011566962412656206, -2.0226329505762624, -0.8381538674520518]]","tensor(-3, dtype=torch.int32)"
"['Bi', 'Bi', 'Bi', 'Bi', 'Bi', 'Bi', 'Bi', 'Bi', 'Bi', 'Bi', 'Bi']","[[1.0668114617011943, 1.64990723839023, 0.19961920364852875], [0.23781501860767856, -1.1932962601975918, 0.14365124966485127], [-1.4665338729224673, 0.6477108504082818, 4.015919836769278], [-1.618764294685703, 2.537366474851366, 1.821438636163321], [1.4228454329256373, 3.6806297016784804, 2.507265643225886], [0.9562716975236065, 2.4759868261841733, 5.198683511109188], [4.50784813586474, 2.6723898927691088, 3.074185282724662], [-0.02221394846172793, -1.688727759873206, 3.0548359683958104], [3.663205288858742, 0.3388752128815623, 1.1484310965606739], [3.63107351022672, 0.8631372692696242, 5.5046444930743315], [3.070858707909102, -1.352201250983149, 3.2508605966297233]]",[-64250.68359375],"[[-0.33495836232887777, 0.6325544613591301, 0.2252300466632191], [-0.09082884581550647, -0.37051185355625277, 0.3500115111510993], [-0.049642923204708735, 1.1921934253027178, 0.49086685297902105], [-0.2987634319311609, -0.0866135712805048, -0.18969049082266173], [0.1342886893113403, -0.24061954738645125, -0.1112505638426374], [-0.022259106492344444, -0.6552711987554715, -0.24969822049870166], [-0.056344419872034764, -0.4646013227766183, 0.4314960373292642], [0.7436086956561234, -0.6591628226460824, -0.6038547636077073], [0.8023368380053404, 1.0990515623859485, -1.0602901039754904], [-0.2098134464977254, 0.20661843768171964, -0.8944934536474782], [-0.6206625884608393, -0.6533716666925862, 1.609903302724147]]","tensor(-3, dtype=torch.int32)"
"['Bi', 'Bi', 'Bi', 'Bi', 'Bi', 'Bi', 'Bi', 'Bi', 'Bi', 'Bi', 'Bi']","[[1.9880877776712642, 0.3797684344436296, 0.4826982742924074], [0.44545237063859644, 0.23441323664513242, -2.0187935860229764], [-0.4455504384322203, -0.23437876551469344, 2.0189557940653793], [-1.9879897098776422, -0.3798029055740689, -0.4828604823348105], [3.761979380389141, -2.154339744221853, -3.4296177068210136], [1.50545893209798, -5.739463938913314, -1.284659217774954], [0.9868666940458957, -3.1604042653526188, 0.2850778676454453], [1.0792230869973987, -3.092791150759391, -2.7778759384343976], [5.2773614756257725, -3.251915127321565, -1.1175477634666289], [4.398550293659803, -6.092385557068301, -1.2193379682751677], [3.622381253669449, -2.2548770961721343, 1.1404980000840286]]",[-64250.5],"[[0.845570989941239, 0.35949862993675247, 0.19007795628270074], [-0.3187876571903951, -0.051413900038649464, -0.4137999986883082], [-0.3824863103336175, -0.1884174341014692, 0.38590027441556174], [0.1898019224951109, 0.3928850399587626, -0.09530693866056249], [0.04214579308323545, 0.13121112855249828, 0.14757651772969463], [-0.1849713826343804, -0.3854494055166073, -0.040558845630633486], [-0.3519834455189262, -0.48654837430622266, -0.2362668730227536], [-0.002661766868552777, -0.17107430527501183, 0.25207340690868196], [0.18764543424061111, 0.0017280604705307869, -0.42737008296733325], [0.2429016083885841, 0.08842959386666772, 0.10842594835226678], [-0.26428183420272594, 0.30810487193137404, 0.12354388900987635]]","tensor(-3, dtype=torch.int32)"
"['Bi', 'Bi', 'Bi', 'Bi', 'Bi', 'Bi', 'Bi', 'Bi', 'Bi', 'Bi', 'Bi']","[[0.9374679131814355, 1.7240273291306265, 0.2580832584362604], [0.1401099629925914, -1.0465717032225932, 0.24965970462989973], [-1.4733934407350475, 0.8900296921399872, 4.0192827547431], [-1.7413072665683031, 2.6682541138375484, 2.0344150349590464], [1.6028733014837968, 3.4782179580315034, 2.482322542403517], [0.7292269103008024, 2.3063334679694356, 5.100961462259918], [4.555013321327246, 2.5596331632691713, 2.9981537376224283], [0.045027152030142986, -1.7769970119743965, 3.054707813616307], [3.846690910658672, 0.5275090243375088, 1.0487992293047914], [3.547861777415888, 0.7415435506835605, 5.436936188463767], [2.9364647928395384, -1.2093137377202825, 3.2467650011912093]]",[-64250.6328125],"[[-0.0206753112139562, 0.34892959034430154, -0.2511890497777263], [-0.23645734044995786, -0.6575419983195488, -0.119236003287943], [-0.6453549626156013, -1.9955000839552162, 1.2039773118086952], [-0.28422254998523777, 1.2890063113372288, -1.6811635230117987], [-0.13684966373819138, 0.4819379724195369, 0.4170049319679885], [1.2557161634706524, 0.4901252435742855, 0.4011431707557055], [0.21131779978683504, 0.07534020329971225, 1.2537595528861156], [-0.3212004845714104, 0.1745433938391275, -0.08117424527758427], [-0.15455495835563146, -0.6094330321020711, -0.7525381418586149], [-0.09277450349453713, 0.7552424296546933, -0.4465557681792077], [0.4202022033560237, -0.36249437814789415, 0.03207792862192964]]","tensor(-3, dtype=torch.int32)"
"['Bi', 'Bi', 'Bi', 'Bi', 'Bi', 'Bi', 'Bi', 'Bi', 'Bi', 'Bi', 'Bi']","[[-0.9905207390344388, -0.589863978585388, -1.7322366616142801], [0.5223512410530093, 1.7964021081085417, -0.9104908401203542], [-0.5223168084770984, -1.7965656722079046, 0.9105866429549468], [0.9904863064585285, 0.5900275426847511, 1.7321408587796894], [5.377682705719819, -2.7362615760877116, -4.150985529114444], [2.9403672568090604, 1.2698719500546065, -3.40517421392242], [3.245964016160011, -0.21521363245287772, -0.7432777734496505], [5.561746991009839, -0.18501607986573831, -2.7510189360441784], [2.4376734168441763, -3.176376869691275, -4.054207697075407], [1.484990452370844, -0.5726637269196826, -5.133103262442959], [1.923327453364061, -2.7802633002617796, -1.1541460924056812]]",[-64250.4296875],"[[-0.0036901289958675876, 0.43636699495397496, -0.7649288090452107], [-0.5652172324379515, 0.04478110328567143, -0.24663978875792658], [0.40132978152604143, -0.20135204417277539, 0.41818943984748397], [-0.40625678923057196, -0.19582622621182091, 0.5911313954886028], [-0.17774153940271956, -0.392622375914983, -0.14430262742520844], [0.19254086878091287, 0.026866243076215032, -0.4408919847465499], [0.6096402631311298, 0.07836320521939018, 0.08950400704809507], [0.07351348491850115, 0.13073465145193805, 0.13065109055312407], [0.060279084053296184, 0.10954340182434477, -0.4749353119884669], [-0.1876515534695089, 0.12718781268535667, 0.17345653651153833], [-0.0049464683950881634, -0.17319479806540714, 0.6728452127731134]]","tensor(-3, dtype=torch.int32)"
"['Bi', 'Bi', 'Bi', 'Bi', 'Bi', 'Bi', 'Bi', 'Bi', 'Bi', 'Bi', 'Bi']","[[0.9477626638676313, 1.8436502592035149, 0.24821561160882916], [0.3051941186811836, -1.1907778539894138, 0.27162118208727226], [-1.2489342226735745, 0.7247018883145542, 4.214073205487408], [-1.7201774459952215, 2.5819720538082924, 1.7999300653992634], [1.637221152617854, 3.668919641779885, 2.640975226460413], [0.9310365903997165, 2.422267195122875, 5.185200575182757], [4.63138786903067, 2.67435088233863, 3.1546846294749686], [0.07296421288968938, -1.6669213278357469, 3.1082027782496033], [3.6352946298623214, 0.45051550128388457, 1.0535472116063764], [3.4913608961144553, 0.9427826286214191, 5.39457595690397], [3.0527227507765233, -1.3661929859622342, 3.4477700284262967]]",[-64251.0],"[[-0.12299336409744405, -0.1368948637566883, 0.42657550880827244], [0.06146559739436321, 0.1381345475404468, -0.24374863308105424], [-0.8252248109666359, 0.8018519276817614, -0.4757290633940624], [0.14782637767267137, -0.4678430742738684, 0.5534842538026362], [-0.003839037602879606, 0.287713132983633, -0.5115213588147248], [-0.09435532143382301, 0.2522462365584751, 0.3034279812802781], [-0.20665371323654202, -0.3905680119343568, 0.05158391690003328], [0.3063090582272012, -0.6328352259791451, -0.18012824436121333], [0.12826736807594183, -0.14633863371914135, 0.3439965662550564], [0.6121938841988853, -0.13644687449486215, -0.017405118157854442], [0.0003648995950593559, 0.4264212939556306, -0.2633663667063657]]","tensor(-3, dtype=torch.int32)"
"['Bi', 'Bi', 'Bi', 'Bi', 'Bi', 'Bi', 'Bi', 'Bi', 'Bi', 'Bi', 'Bi']","[[0.9762010937492024, -0.1706626100825308, 1.8296503484581899], [1.6461067322989562, -0.8392828147426104, -0.9564736827259135], [-1.6462427448550028, 0.8394162714357336, 0.9565020886347796], [-0.976065081193157, 0.17052915338940788, -1.8296787543670576], [-1.1567940482228825, -5.893346880126909, 3.7166415882815964], [-1.4344195563564777, -2.486740800028918, 0.42061275999111003], [1.276774393760113, -3.890706277739483, 0.16987479169124553], [-1.2340352422594274, -5.521895180126846, 0.8255004403374375], [0.22139080270262423, -3.3863961470781234, 4.530598944571581], [-1.464450646727692, -1.3826484646745283, 3.1185520493680596], [2.589610755383361, -3.460279192115302, 2.7367509598485453]]",[-64249.89453125],"[[1.4970276979434665, 0.6563232947491542, 0.6007833220777631], [0.28448547113947525, 0.47503795048325625, -0.2802772928531113], [-0.9138919234743018, 1.5985786154959596, -0.6689962692185122], [0.015622941592368055, 0.3277926424454145, -0.11867833070478136], [-0.05029944961671962, 0.05868227384352959, 0.3577751156933381], [-0.2220999839488761, -1.3577324509519249, -0.4545669186703022], [-0.4288663115659736, -0.6925362743010148, 0.018198175365213648], [-0.11280052852697658, -0.535472637785667, -0.23043658485756677], [0.2975562469092795, -0.5031916998883972, 0.12768609275274592], [-0.4887173581289758, -0.28968835836532086, 0.5861398530591422], [0.13161890573871055, 0.2692639149673363, 0.05352201553160198]]","tensor(-3, dtype=torch.int32)"
"['Bi', 'Bi', 'Bi', 'Bi', 'Bi', 'Bi', 'Bi', 'Bi', 'Bi', 'Bi', 'Bi']","[[-0.41477511551653273, 1.8273708136445936, 0.9046503261032084], [0.5412565176137873, 0.9887059815543675, -1.7488301195852929], [-0.5413531382723451, -0.9888361385935143, 1.7489342377561403], [0.41487173617509077, -1.8272406566054487, -0.9047544442740565], [-1.3318060602496675, -4.688781372334102, 0.5291192788197991], [-4.036344642483957, -3.830369529646405, -3.2780380741390522], [-2.2370560011153193, -1.403205634566981, -2.772076575639728], [-1.1410684361573922, -4.2335728419895045, -2.3447359815372955], [-3.7255710308439607, -3.041149293324508, 1.1630907583732668], [-5.636742011952462, -4.099716776251639, -0.8562663092765035], [-2.9660033843825837, -0.4654485627410496, -0.10995196590387624]]",[-64250.453125],"[[0.09482120558351823, 0.8652368546442675, -0.3634450697769852], [0.3233501336877303, 0.6664966413469136, -0.14132575112167584], [-0.30695867351010403, -0.6883947390453358, 0.2673689594706014], [1.0783042910970384, -0.044952379988298895, 0.18934102628829874], [-0.011030074638910316, 0.10631928810450592, 0.2841688653216305], [-0.34718591864098863, -0.11169392511622153, -0.10870383333515342], [0.21230484683467166, -0.07484963654605968, -0.6437166547779314], [-0.34783748796337144, -0.3134152827507089, -0.3223684345374178], [-0.22797382662562934, -0.4004808542161829, 0.026014312716208368], [-0.2603323604590901, -0.18646154342621454, -0.014250275137580096], [-0.2037874972740849, 0.18032251702319438, 0.826797812748002]]","tensor(-3, dtype=torch.int32)"
"['Bi', 'Bi', 'Bi', 'Bi', 'Bi', 'Bi', 'Bi', 'Bi', 'Bi', 'Bi', 'Bi']","[[-0.9967654558628081, -0.3084570589957665, 1.800285413006724], [0.6608392731231096, 1.8508333613678412, 0.6830902184451472], [-0.6609238177292354, -1.85095324792752, -0.683215104082366], [0.9968500004689347, 0.3085769455554457, -1.8001605273695067], [1.1360057748194183, -3.1193237688619417, 2.0230411833884556], [5.119776345487384, -0.5623488509307442, 2.3935789736333577], [3.6110766674811474, 0.3115860147814562, -0.1252748050873278], [2.056655020143089, -0.3817294606475825, 2.423818023465694], [3.3435226298816922, -4.172254436966099, 0.33043125139151575], [5.688233782933128, -3.392660334133365, 1.9873878727891978], [3.4548558011364636, -2.083085923391668, -1.780207251000963]]",[-64249.875],"[[-1.3823878012007509, 0.3693330021068308, 0.4887422978433911], [-0.6330398859036249, 0.7381713236926828, -0.15440603997842203], [0.07506972309801282, -0.40779662376287035, -0.17461656747544277], [-0.8165797289305698, -0.3898031597442281, -0.8507101137735282], [-0.48910369230300016, 0.27803636952424077, -0.5229071354877065], [0.8856601667562373, 0.2356190060909644, 0.4006465876173383], [1.0507507917668857, 0.1456378534551186, 0.43508869317944143], [0.8142832183207036, -0.10586816209509356, 0.8914441236169123], [0.47125811821973573, -0.21428197483374797, -0.22210337780692024], [0.012408505510164152, -0.41626707637593807, -0.09466616797741104], [0.01953056803787785, -0.24366286103230242, -0.19717955281796645]]","tensor(-3, dtype=torch.int32)"
"['Bi', 'Bi', 'Bi', 'Bi', 'Bi', 'Bi', 'Bi', 'Bi', 'Bi', 'Bi', 'Bi']","[[-0.5960589366151487, -1.7563358731064087, -0.9432458557827146], [-0.0806066145050488, 1.0047710619030896, -1.8201215920508367], [0.08068959116540203, -1.0048284029473697, 1.820285737956901], [0.5959759599547962, 1.7563932141506904, 0.9430817098766511], [-3.911236273855727, -2.3284037226345307, 0.1643568875731557], [-3.559983985859554, 1.798433890263138, -2.1576422708245224], [-4.796192478807563, 2.312876173348083, 0.5976615102196948], [-2.551753884737038, 0.24810375370646498, 0.2910713810618438], [-6.462586649868671, -1.5118758546776274, -1.128166047922131], [-5.404220097502348, -0.03069434520301556, -3.481228770934785], [-7.258980895984615, 0.7534840778363983, 0.6227524601265663]]",[-64249.7890625],"[[0.40925433721491883, -1.2878601129159588, -0.1997780653716693], [0.08789310718523613, 0.6223307211116244, -0.19527760391677695], [0.18188657136062591, -0.7834258496066748, 0.33099690723790426], [0.34194045392331657, 0.6995728733125262, -0.2716598759023141], [-0.24742366712193914, -0.5317095691240008, -0.11973088949728812], [-0.3407061180370822, 0.6689031952327563, -0.8324403588568381], [-0.23430116072800758, 0.32589424166854386, -0.03221874287750639], [-0.17106710618219095, 0.5083764351159159, 1.108181040524678], [-0.251609322532192, -0.15217169867727337, 0.15322991389985371], [0.33883018871423104, 0.0421170532762526, 0.12015301344705058], [-0.11430997260315244, -0.10508207258114315, -0.0602504933703789]]","tensor(-3, dtype=torch.int32)"
"['Bi', 'Bi', 'Bi', 'Bi', 'Bi', 'Bi', 'Bi', 'Bi', 'Bi', 'Bi', 'Bi']","[[1.3981040233032282, 0.6028187550099097, -1.4183192123644537], [-0.1886603215583854, -1.833426684371482, -0.9653283374549708], [0.18859512788489863, 1.8335902110989526, 0.9654066049088719], [-1.3980388296297426, -0.6029822817373809, 1.4182409449105537], [3.6232874309837744, 2.335131366528403, 1.1197951540037003], [6.487123431294146, -0.7025525771525054, 3.3818222462991274], [4.921511393806347, -2.2270767954079296, 1.2349067653066883], [5.930177380626631, 0.6106112489071515, 0.6649008487179908], [2.2204371893556214, 0.7865249103777706, 3.2365264271334295], [4.454374709600913, 0.39271490306043977, 5.161462643060087], [2.1194752529319647, -1.8995853635456998, 1.9690749193311092]]",[-64249.671875],"[[0.3825968164084183, 0.24344534558492817, 0.5198485494806568], [0.03550886199409455, -0.3768715321542334, 0.39716248380248187], [-0.5313141332397673, 0.4489301832578143, -0.4711758428732112], [-0.5434703156887681, -0.16750386376839624, -0.0393795005291324], [0.22790492102291507, 0.0005686064624938468, -0.3236829888865137], [0.08507908464573054, -0.04756409773511896, -0.25744809534248914], [0.24590789812849922, -0.13987353983342612, 0.0565617296310427], [0.15460746031113243, 0.03481125961533129, 0.05969420918368986], [0.001092642312891687, -0.06676870627669404, 0.4221961463790459], [0.13698310406583583, 0.01815565443768793, 0.3827971054551139], [-0.18651003445857248, 0.06279892080688497, -0.7492507275440436]]","tensor(-3, dtype=torch.int32)"
"['Bi', 'Bi', 'Bi', 'Bi', 'Bi', 'Bi', 'Bi', 'Bi', 'Bi', 'Bi', 'Bi']","[[0.9295424430964299, 1.5851680441089113, 0.23731113699391282], [0.044278259767184414, -1.2647256888721683, 0.2765342114473756], [-1.2712803614884236, 0.9645789178500557, 4.2305351747226085], [-1.556794752247487, 2.6176536369269057, 1.9404462581336333], [1.518275669312189, 3.5414451770287845, 2.5775699112225796], [0.7879806392202553, 2.3595757225871408, 5.130132074420157], [4.4706457807762305, 2.4933782636776045, 3.034804316255341], [0.09809348491556046, -1.6229677082897163, 3.008194974900579], [3.751072961849456, 0.4381251671543245, 1.0350794379620032], [3.4204369685170812, 0.7466473452508339, 5.247405463643553], [2.9643748520756494, -1.3321023617185233, 3.106307408965809]]",[-64250.3671875],"[[0.014123062025225683, 0.5944589190346048, 0.23552222971461492], [-0.21003960085648474, -0.02276811835024599, -1.1637179278705743], [-2.6110101788399565, -2.037095928053445, -0.7035020353299887], [-0.623818876441887, 0.23053217852580996, -0.5571635044550306], [0.041802596901835805, 0.3541081034987393, -0.7522553203549368], [2.4508740723528324, 1.4864537732523158, 1.4196513340835466], [0.5448617974868645, 0.06535079352352674, 0.44497243055743446], [-0.6730930672545186, -0.43502688382536486, 1.0735107237201524], [0.30770794480648467, 0.2719877431582144, -1.0685376932436597], [0.285041549637798, 0.0637643191541673, 0.1814267035956453], [0.4682352705663325, -0.5801496936112398, 0.8811365653601348]]","tensor(-3, dtype=torch.int32)"
"['Bi', 'Bi', 'Bi', 'Bi', 'Bi', 'Bi', 'Bi', 'Bi', 'Bi', 'Bi', 'Bi']","[[0.9555056956438196, 1.6765497966115355, 0.27192874256108085], [0.051011347273602875, -1.287190693692951, 0.10749819812651143], [-1.5380613657408664, 0.8224343236157506, 4.285213261859516], [-1.5917879570024775, 2.4131360598756886, 1.7045035138559572], [1.5674355063730014, 3.581133133151276, 2.5090193312389384], [0.9561356863079613, 2.3763282782467705, 5.384449470012747], [4.4733464226808035, 2.5065327571585674, 3.0469141149342573], [0.2451491018866653, -1.8512336382429997, 3.203894435030728], [3.8057249836869556, 0.41828496615215166, 1.168252779443422], [3.797204429671065, 0.8874170343784616, 5.286152053467139], [3.23394991991924, -1.3100712628175828, 3.4547019051102392]]",[-64250.5234375],"[[0.20196196160098012, -0.4371475308820349, -0.07885958266939105], [0.21799259296200474, -0.02755623498542478, 1.2725023910453217], [0.7300420052351424, 0.2777719057072559, -0.6214184932070336], [-0.4536366416115676, -0.2065776599630984, 0.7040527659307874], [-0.41669686221734564, -0.044421457177176035, 0.8106939563285704], [0.05899826259627539, -0.15985575324384127, -0.9620769943873146], [0.8805251566912743, 1.2155102585077726, -0.1580275436219744], [-0.2864325686370701, 0.5370147863120863, -1.0176735313594414], [-0.09651278670806278, -0.5234146715315798, -0.9252016982959314], [-0.5069675212287746, 0.12787517178347765, 1.2599019217250884], [-0.32337846726018976, -0.7512068239076647, -0.2942644617169243]]","tensor(-3, dtype=torch.int32)"
"['Bi', 'Bi', 'Bi', 'Bi', 'Bi', 'Bi', 'Bi', 'Bi', 'Bi', 'Bi', 'Bi']","[[0.07881752528362179, 2.0334851197815187, -0.4340976443909904], [0.8703979673174254, -0.4266673828762053, -1.8409962644907139], [-0.8705315877091317, 0.4266510475571268, 1.84113408955473], [-0.07868390489191557, -2.0334687844624417, 0.4339598193269748], [4.07069039276889, 2.3415820098963835, -0.49810500319877193], [3.29576419884656, -0.9002726707359303, 2.8835683352957107], [6.0341070585321885, 0.38957771991905255, 3.355082469797453], [3.6854105944382285, 2.101919975807286, 2.3823049140247408], [5.398123881090948, -0.2584917494724155, -1.0675422859928694], [3.48218838863882, -2.1198458116766283, 0.24222671863622658], [7.575083160473712, -0.21250542354252674, 0.9549681823733039]]",[-64250.5625],"[[0.37230139376525306, -0.33950217260697024, -0.10397274379953445], [0.4169219367121818, 0.3580461101159533, -0.12796212654033576], [0.007509671969609119, -0.17077333177300674, -0.08727799612578205], [0.06563361502720486, -0.32850684387533907, 0.6851150380445012], [0.044728627041216246, 0.003561273976129094, -0.0212628446056971], [-0.09484151730969147, 0.24583153632250615, 0.19123320499208846], [-0.29609215711787534, -0.0847689580114246, 0.1989525865355703], [0.028564457650573128, -0.035801104024949716, -0.06944193512945952], [0.30805653516529086, 0.566851940729211, -0.22793603138831964], [-0.8342612151196094, -0.047772820004833405, -0.13809304991254348], [-0.022640329310465904, -0.16326406089571194, -0.3030950746594032]]","tensor(-3, dtype=torch.int32)"
"['Bi', 'Bi', 'Bi', 'Bi', 'Bi', 'Bi', 'Bi', 'Bi', 'Bi', 'Bi', 'Bi']","[[0.9339569659461676, 1.7391604815486987, 0.3983282552428785], [0.11221675340710119, -1.2474740541181994, 0.4214379832109335], [-1.4682963352672318, 0.8617198446470694, 4.068823639985091], [-1.5697546281571197, 2.4641204407075024, 1.692656905784501], [1.6408087200148709, 3.5566973622155187, 2.520049012701964], [0.8920096575333132, 2.383615968359782, 5.1625223023479485], [4.67686649185538, 2.6466356591400872, 3.1322453086870437], [-0.10413476871453387, -1.712865704460227, 3.090132377290447], [3.873923794636298, 0.6378370469004799, 1.0311186523905727], [3.5912335413951197, 0.6968537560016659, 5.432859523401891], [3.222482054782647, -1.2811518755278952, 3.3879828163008288]]",[-64250.6015625],"[[0.46355606592111565, -0.6392444754734068, -1.0573729287202795], [0.07468236048215698, 0.2656700764090528, -1.3565404868691506], [-0.076601175829384, 0.1043137236887871, 0.3917631641868089], [-0.9511719114264027, 0.4060552660536784, 0.19328484360186102], [0.09254840055786938, 0.6978774869532048, 0.6340595859796134], [0.2666770752284216, -0.1565196422085459, -0.049955230135697574], [-0.2842201331469336, -0.3576075825189775, 0.6468981395838522], [0.7045258491733035, -0.376634064935327, 1.1485586952734277], [0.023772530638408423, -0.8625973586835769, 0.4313830629940677], [0.14540285449660786, 1.196844553485933, 0.09903514314413887], [-0.4594479550249621, -0.28745375995371436, -1.0813695619759933]]","tensor(-3, dtype=torch.int32)"
"['Bi', 'Bi', 'Bi', 'Bi', 'Bi', 'Bi', 'Bi', 'Bi', 'Bi', 'Bi', 'Bi']","[[0.8004544575075319, 1.6785144508710153, 0.2615559554011987], [0.010103668092867196, -1.3083650763502777, 0.2507342116960595], [-1.4039290133060267, 0.8504028939563439, 4.120705809362854], [-1.8005073921249095, 2.576384065121293, 1.7770850206716897], [1.3686269131179887, 3.686902161047096, 2.6105511938995707], [0.9346865779825395, 2.3870307489170473, 5.131481369111207], [4.66712161875552, 2.564184975837521, 3.0852637506775435], [-0.053994747476825075, -1.692464597811643, 3.155853217402792], [3.691702840750706, 0.3882102744589031, 0.9732382794626446], [3.654266579085077, 0.798707067710904, 5.4085510417858], [3.043819306888086, -1.2725707741117869, 3.362561507705551]]",[-64251.046875],"[[0.16432777828209108, 0.05349887559039196, 0.19413485077564266], [0.11709869547360174, 0.2357862821548671, 0.29610964062901185], [-0.40636081612183395, 0.16495070549946503, 0.046476901021725366], [0.15438038035472468, -0.09265196465030714, 0.1866250656774321], [0.28515015309521036, -0.11387046798643667, -0.9185631062732325], [0.2554028330720723, -0.2832064494556597, 0.7149491071361312], [-0.4999472744423851, -0.385934470106461, -0.013651624289640066], [0.4479437532750767, -0.15234020887137398, -0.35752813538748973], [-0.05662554444669081, 0.3172356870444844, 0.3400045664416857], [-0.15420605946427582, 0.5357354046736297, -0.2967746311172964], [-0.3033414379001526, -0.28735384682977866, -0.19230407004919692]]","tensor(-3, dtype=torch.int32)"
"['Bi', 'Bi', 'Bi', 'Bi', 'Bi', 'Bi', 'Bi', 'Bi', 'Bi', 'Bi', 'Bi']","[[0.8139320731675435, 1.553717775129313, 0.30764584589035965], [0.12383422320592531, -1.466745358607344, 0.19227996090038635], [-1.3823914501522139, 0.82489107310536, 3.9479519507627687], [-1.6626871424263903, 2.496461464253532, 1.9541023016155388], [1.6894714426228437, 3.6147799131102327, 2.4167863983926043], [0.8845143237171054, 2.307169004964742, 5.085019910538602], [4.584663957653979, 2.4896222222911875, 2.965394429231034], [0.05756342528593213, -1.9361581027950696, 3.1330738360944363], [3.693727554371149, 0.2632043068240645, 0.9946508027379077], [3.4062747029968685, 0.9219007439963828, 5.315810035947473], [2.9609304757059243, -1.3592480300918603, 3.3507813074396897]]",[-64250.6875],"[[0.3277017796095964, 0.022215649682752015, -0.16862316843577105], [0.06678382437161794, 0.1612520172964543, 0.518977973470244], [-0.15632511243610694, -2.099784599895987, 2.2596096027290646], [-0.5641517667004587, 1.6750134408590893, -2.3133667714854522], [-0.24887387294861738, -0.3016627122985025, 0.2119334764892965], [-0.21813590633123217, 0.9049521928534947, -0.2682431350274247], [-0.04613503667249758, -0.23799141570799953, 0.26816718459816424], [-0.16685733381098808, 0.2341680803550041, -0.5433309618205922], [-0.23188360251456708, 0.14498427867116426, -0.13602279650561974], [1.013022403176226, -0.32591259935523714, -0.0009293231789358951], [0.22527761209792857, -0.16916099209158367, 0.15584565285423516]]","tensor(-3, dtype=torch.int32)"
"['Bi', 'Bi', 'Bi', 'Bi', 'Bi', 'Bi', 'Bi', 'Bi', 'Bi', 'Bi', 'Bi']","[[0.8036220109565823, 1.7053428154121288, 0.1632474690852494], [0.2509273642610714, -1.2868016483013165, 0.2803662987524495], [-1.309385408356451, 0.8221411331080062, 4.098907052066028], [-1.8995354539603475, 2.517116639573373, 1.8563525916263615], [1.5011200801478135, 3.6203581314142266, 2.645470483962725], [1.0089072180321996, 2.2489526345283535, 5.057707330213763], [4.587150094745753, 2.629490196139338, 3.010167373892204], [0.0838222053784229, -1.7381496306951396, 3.0877014928773874], [3.778779466279077, 0.31136820084832667, 0.9925527682050318], [3.5907576073283916, 0.7384034846724431, 5.225545577113989], [3.0314436356613896, -1.3174070512191958, 3.303507159392605]]",[-64250.85546875],"[[0.11738989877820703, 0.11947948689156405, 0.7245989768416282], [-0.019873080305459506, 0.2295619979240109, -0.45487216020590826], [-0.8079526446265561, -0.4586888621090901, 0.040774962397116817], [0.31681464295864503, 0.01266856759610991, -0.28739045935898205], [0.20535335138472166, 0.07077027059909824, -1.5151174755396342], [0.15048819082110654, 0.14259983628469994, 1.1869833389840512], [-0.28988036845527254, -0.4455314401149772, 0.07616177405685137], [-0.18745553245641416, -0.18600938897497063, 0.24271299215667658], [-0.1367737133089309, 0.6182524350285861, -0.16232622478951533], [0.6233308807928134, 0.7494024227141983, 0.5285599660148583], [0.02952376762221264, -0.8523859597380499, -0.39179674281260923]]","tensor(-3, dtype=torch.int32)"
"['Bi', 'Bi', 'Bi', 'Bi', 'Bi', 'Bi', 'Bi', 'Bi', 'Bi', 'Bi', 'Bi']","[[-0.8671723549530638, 1.0147449344492945, -1.5962517108354666], [0.43117802932806487, 1.815696422917797, 0.9199113706318571], [-0.4311361658784289, -1.815871341470117, -0.9199804209876782], [0.8671304915034284, -1.0145700158969753, 1.5963207611912889], [-1.5212036614907531, 0.8447507520246562, 3.6811012486218013], [-4.686835207383408, 1.7482848567682636, 0.25936923371130516], [-6.180205113467801, 1.271836826534383, 2.8913655909631046], [-3.5282753521857697, 2.808729239902879, 2.895549574708993], [-2.733834609754652, -1.6248285685217319, 2.5508684398805124], [-3.2340330283048484, -0.7290359746550044, -0.24167516272668665], [-5.478977347820199, -1.446874593643311, 3.6752966374035774]]",[-64250.41015625],"[[-0.05435243088849248, 0.5211546706067339, -0.1897842847176997], [-0.05738916250662169, -0.14908333927920003, 0.10849459684452319], [0.38513809617419503, -0.6371649660899991, -0.0486077553635736], [0.5002780727575054, 0.003834019320962525, -0.07755963219430331], [0.030104888679133784, 0.21371700031358223, 0.2808845877546456], [-0.13990927818707272, 0.8559885914739932, 0.4012493573748137], [-0.07159945182579086, 0.3538193170324382, -0.2042098269122137], [-0.31480146807337267, 0.014748416365322085, -0.20400650396211495], [-0.1104447796676127, -0.23929846243172498, 0.11224265025544863], [-0.38351500927563215, -0.6643487405817072, -0.21824373845727088], [0.2205124297155935, -0.2789922033624896, 0.03763519119188393]]","tensor(-3, dtype=torch.int32)"
"['Bi', 'Bi', 'Bi', 'Bi', 'Bi', 'Bi', 'Bi', 'Bi', 'Bi', 'Bi', 'Bi']","[[-1.1207651622127985, -1.7153096202035216, -0.3623714358746662], [-1.7514509275395804, 1.113734346451413, 0.14463878091537447], [1.7516269545376324, -1.1137748137977694, -0.1447058173967554], [1.1205891352147481, 1.7153500875498795, 0.3624384723560474], [-1.5434695357191277, 1.1416338597819347, 3.757139725443129], [0.2705737565374893, -2.7632356967215617, 5.75891084751477], [-0.3608569261287662, -3.3568969206015113, 2.820642161579465], [0.7734733053076388, -0.6233080098086159, 3.617871016803954], [-3.6333887306259998, -0.8019711332275405, 4.594611772153606], [-2.2892475250095927, -2.031592873275536, 6.946686897946659], [-3.234409536560527, -2.9374927284770753, 2.566761146530566]]",[-64250.6640625],"[[-0.09541086270764129, -0.21689920502878515, -0.05011335820950858], [-0.33169676190427866, 0.04764520580016468, 0.8053352601652441], [-0.21026081869445262, -0.014559779564577945, 0.0060193312004544345], [0.3998211602033308, 0.23845267186945274, 0.11783207734368488], [0.12858140278920768, 0.06288680116139149, -0.9802562464228277], [0.18032056298371443, -0.07867302332114666, -0.10328106524572093], [0.12427043174177964, -0.0036076474467558197, 0.24615585545408755], [0.3055545932995712, -0.08240138207099779, -0.10665800542172914], [-0.25669584156479697, -0.29200800891639717, 0.1590716691914624], [-0.3327643873696177, 0.15841315788671662, 0.09836598746643647], [0.08966228424597164, 0.17167614943483886, -0.19103944655102315]]","tensor(-3, dtype=torch.int32)"
"['Bi', 'Bi', 'Bi', 'Bi', 'Bi', 'Bi', 'Bi', 'Bi', 'Bi', 'Bi', 'Bi']","[[-1.3538015619311803, 1.5124528520380993, -0.4576269231645063], [-1.030223746620598, -1.3015894076039811, -1.2543559976743581], [1.0303052677228761, 1.3016440556580875, 1.2545217833796096], [1.3537200408289034, -1.5125075000922072, 0.4574611374592549], [4.515747383615732, -0.8481539729337357, -4.492719268587446], [0.15252763720880957, -0.2309960275331875, -6.261129984355331], [1.0304337993415107, 2.349873558597897, -4.8636486154734415], [3.0626069501812103, 0.7182610010408395, -6.476999166900927], [2.3820782130052782, -1.221163642452643, -2.4543273298413952], [0.19346256803819184, -2.268156914303532, -4.1761604370016885], [1.4836639621910588, 1.587668481505325, -2.086728398572949]]",[-64250.3359375],"[[0.4473915828557139, 0.6840572856207452, -0.26380818531720246], [-0.29506932029430055, -0.7506730625970867, -0.09084072431866096], [-0.07957311561212513, 0.22610159969337185, 0.8925363288420257], [-0.18626711649795874, -0.5808670317887507, 1.0969304011083627], [0.536342699575164, -0.05146400058247375, -0.21814120280666466], [0.014229372057353704, 0.14895308712123337, -0.0592783073070083], [0.03003405989019447, 0.043439979141857314, -0.8192855593893956], [-0.20995022926132245, 0.17395759337187278, -0.08266286340667109], [0.4682224664655296, -0.15194976093002344, -0.6541142016949701], [-0.2556478079163491, -0.18651358258289133, -0.08912605467499794], [-0.465992393197982, 0.44258032627932503, 0.2900867253087744]]","tensor(-3, dtype=torch.int32)"
"['Bi', 'Bi', 'Bi', 'Bi', 'Bi', 'Bi', 'Bi', 'Bi', 'Bi', 'Bi', 'Bi']","[[0.8110177078227092, 1.6616618476389833, 0.430325674866054], [0.2971756557260692, -1.1983662320502606, 0.33851643813462445], [-1.4334503056796162, 0.8686793210224102, 3.961332236668213], [-1.6793180497565527, 2.579352088943551, 1.854043877742019], [1.5037550802390376, 3.500488633684243, 2.6030214682935346], [0.9108701836151923, 2.2834720245170614, 5.202910209937289], [4.529639370287933, 2.6330083877576755, 3.1268504267741224], [-0.08784593596711496, -1.7150855815047288, 3.119165609432482], [3.6793415326070456, 0.4183805997925375, 1.1378030563456316], [3.9420948649931664, 0.7979013347589423, 5.36450561802764], [3.116650834018502, -1.3864335369497855, 3.3636110247926587]]",[-64250.7734375],"[[0.36222790886933776, 0.26491849111855115, -0.8414227698136548], [-0.08888241680510216, -0.44087280430639136, -0.2993851250183369], [-0.36839130934376585, -0.8314021468278816, 1.488634069935216], [-0.7034130751115591, 0.9426116758414399, -0.9426872663160593], [0.2638743655490632, 0.5160628550986964, 0.17000529141320017], [0.5750234253018451, -0.3072500825030756, 0.28419318797094684], [0.20953952101589027, 0.03767327439290648, -0.1618784926381471], [0.5548752213798167, -0.22701120507129224, 0.24959105685985344], [0.3549833589194857, 0.03363027929131803, -0.1545738302632405], [-0.7250494343638502, 0.07407635113291217, -0.05135573651086577], [-0.4258819790591622, -0.06421601080658702, 0.25640623234503057]]","tensor(-3, dtype=torch.int32)"
"['Bi', 'Bi', 'Bi', 'Bi', 'Bi', 'Bi', 'Bi', 'Bi', 'Bi', 'Bi', 'Bi']","[[1.6560576996810306, -0.28015645541898715, 1.2282914781698764], [-1.2226988306077158, -0.8452110403635824, 1.4558608415186989], [1.2227711883771513, 0.8452301342614316, -1.45603837116768], [-1.6561300574504678, 0.2801373615211382, -1.2281139485208965], [3.5414061138141824, -5.707630918282967, 3.373705833481907], [4.307618963867495, -1.7167191105709632, 0.9178174491844686], [3.6855940936120346, -0.9868399361812163, 3.8272714663627467], [5.388230529928757, -3.457650668885064, 3.202042913235834], [1.0219811876696874, -4.385058573727823, 2.5076674543942916], [1.9383130056997164, -3.127562145156441, -0.028073331452122208], [1.0024091325577025, -2.0201594765552287, 4.307301927215079]]",[-64250.40234375],"[[-0.9764057602054792, 0.5209135009972338, 0.2169074325634376], [-0.589938402963997, -0.12090742695258903, 0.11540202356199099], [-0.43086195151801787, 0.32008688775620076, -0.9985049182819707], [0.3027797029717563, 0.046324413951360444, -0.11712301812291806], [0.01641880644592741, 0.03554160243980216, -0.13281698905038258], [1.4796048648750635, -0.42875050901574024, 0.08861378779869954], [0.44755073422914726, -0.19127012605384133, 0.3069023663198263], [0.23315773909968276, -0.21257363010734903, 0.1355942962165016], [-0.07383024500262063, -0.20004808277454456, 0.35357166823939934], [-0.3148367436281951, 0.35872904691419855, 0.0710891389889724], [-0.10143938303586068, -0.1284440029605117, -0.04306956010517636]]","tensor(-3, dtype=torch.int32)"
"['Bi', 'Bi', 'Bi', 'Bi', 'Bi', 'Bi', 'Bi', 'Bi', 'Bi', 'Bi', 'Bi']","[[-2.077393472049823, 0.012994859836898187, 0.11824633369833937], [-0.08613126539100413, -1.5918704486990094, -1.3369498130709538], [0.08619073435827884, 1.591961975022033, 1.3371085687767574], [2.0773340030825502, -0.013086386159921748, -0.11840508940414318], [-0.3503338759315525, -1.6848993744502234, 2.487244489081754], [-0.8831046050560479, -1.2311300405072458, 7.183636262178426], [-1.898515558365635, 1.3169660621834836, 5.819558524712474], [-2.413399153335098, -1.4156884302810486, 4.530263537827109], [1.8458899225187426, -0.1278080996313294, 3.751677100222584], [1.9266451333895633, -1.4207380155647868, 6.429876762310999], [0.4161261516563498, 2.392598455957795, 4.411329580689931]]",[-64250.5390625],"[[-0.32042586218388186, -0.799773960961101, 0.061374734558545176], [-0.15379159740615844, -0.038034581434959844, -0.3114800637562686], [0.19937553323879803, 0.9507399658571487, -0.5261760378493097], [0.43843765973763127, -0.12431676304629126, -0.15472254295208362], [-0.3669073706250126, 0.28254639548816657, -0.39985957250573945], [-0.15251838641869117, 0.0009763507385674909, -0.10782837222604073], [9.139438597867953e-05, -0.005217953898677937, 0.06694102170557138], [-0.21956466914572237, -0.03590696668488101, 0.4025768186688956], [0.46862782681343773, -0.15148408246869455, 0.46317384551441754], [0.22580638546562348, -0.15478985446995902, 0.18586083055240227], [-0.12624565712346753, 0.05987356943911335, 0.3222966492975752]]","tensor(-3, dtype=torch.int32)"
"['Bi', 'Bi', 'Bi', 'Bi', 'Bi', 'Bi', 'Bi', 'Bi', 'Bi', 'Bi', 'Bi']","[[-0.07531540920616853, -0.47857656100643264, -2.0236123057349356], [1.8116478106368095, 0.9785121862264567, -0.29891643415957025], [-1.8117662110824997, -0.9786379494723239, 0.29900176844605275], [0.07543380965185875, 0.4787023242523, 2.0235269714484545], [-3.8873565372215624, 6.462348929285668, 0.25795911095436275], [-2.4753837344136027, 1.9398462491218753, 0.5728388605270048], [-0.3399557021832007, 3.5432703225719404, -0.9283405379275538], [-1.8065685087339167, 4.80335923184436, 1.4498962188216717], [-4.448614267176243, 4.904530749286708, -2.2128533703448205], [-4.889722362643484, 2.2065939648563058, -1.039182480810792], [-1.69751299952244, 4.582150963163903, -3.2895743785577456]]",[-64250.07421875],"[[0.051260379384243826, -0.09441116582527655, 0.07784476769210243], [-0.02164615516073662, -0.23362629719814004, 0.20030575887544108], [-0.14074113336252742, -0.7422722354960154, -0.4316069547807976], [0.9651993437879209, 0.027706145809001652, 0.37057926791831125], [0.30681808551173023, -0.36264237092745516, 0.28041916640377457], [-0.32510372985471775, 0.6418927131896655, -0.2222448399808509], [-0.11604454259625606, -0.17418076524932058, -0.03128626495325219], [-0.13428462696610566, 0.8356691519870105, 0.4490260340365154], [-0.1822362415833552, -0.004168574534093432, -0.21272506816704576], [-0.40222185197073373, 0.060124714934379514, -0.2883116347075074], [-0.018027767695933852, 0.049270195316115935, -0.18510297176672807]]","tensor(-3, dtype=torch.int32)"
"['Bi', 'Bi', 'Bi', 'Bi', 'Bi', 'Bi', 'Bi', 'Bi', 'Bi', 'Bi', 'Bi']","[[0.9035835875095972, 1.7344355151496114, 0.29697439404684595], [0.3131413677624906, -1.2318497367002037, 0.4011653885865588], [-1.4372643578787314, 0.9184302098428514, 4.134242784213649], [-1.6601033229781954, 2.354984893439618, 1.7145218955436845], [1.6338816540238221, 3.5678746499575142, 2.3960152846904608], [0.9759127545764974, 2.5636131103881725, 5.175900249878561], [4.564159690442716, 2.750836136872689, 2.981286135065387], [0.04429536307883522, -1.6589523132155266, 3.0902718764770682], [3.761498239978282, 0.45753663822426305, 1.1547562777241644], [3.597141647690155, 0.8916684994455105, 5.494155000721089], [3.127679849787412, -1.1963460048411563, 3.4504850716700193]]",[-64250.8203125],"[[0.2069421397482021, -0.5361020441865798, -0.6731650581827275], [-0.02932771061365382, 0.028956304272814568, -1.2365172113591507], [0.19722218173188447, -0.06959429878680466, 0.4509703547411651], [-0.6816090798407243, 0.4595008683571957, -0.2318498182004005], [-0.12334509120383644, 0.7506545506441187, 0.8052483568304775], [0.06319409958066065, -0.27537244807005085, -0.3912887439699118], [0.06053717153092535, -0.5007311013843061, 0.8510201889857426], [0.2391246557621919, -0.24136084825863735, 1.2388173215154274], [0.2610710902266973, -0.031248089192464804, -0.49562205947559007], [0.16695791542211433, 0.9321760765766336, -0.34173563973256205], [-0.3494665398245574, -0.5208075714885834, 0.025242081455938186]]","tensor(-3, dtype=torch.int32)"
"['Bi', 'Bi', 'Bi', 'Bi', 'Bi', 'Bi', 'Bi', 'Bi', 'Bi', 'Bi', 'Bi']","[[1.6560576996810306, -0.28015645541898715, 1.2282914781698764], [-1.2226988306077158, -0.8452110403635824, 1.4558608415186989], [1.2227711883771513, 0.8452301342614316, -1.45603837116768], [-1.6561300574504678, 0.2801373615211382, -1.2281139485208965], [3.5414061138141824, -5.707630918282967, 3.373705833481907], [4.307618963867495, -1.7167191105709632, 0.9178174491844686], [3.6855940936120346, -0.9868399361812163, 3.8272714663627467], [5.388230529928757, -3.457650668885064, 3.202042913235834], [1.0219811876696874, -4.385058573727823, 2.5076674543942916], [1.9383130056997164, -3.127562145156441, -0.028073331452122208], [1.0024091325577025, -2.0201594765552287, 4.307301927215079]]",[-64250.40234375],"[[-0.9764057602054792, 0.5209135009972338, 0.2169074325634376], [-0.589938402963997, -0.12090742695258903, 0.11540202356199099], [-0.43086195151801787, 0.32008688775620076, -0.9985049182819707], [0.3027797029717563, 0.046324413951360444, -0.11712301812291806], [0.01641880644592741, 0.03554160243980216, -0.13281698905038258], [1.4796048648750635, -0.42875050901574024, 0.08861378779869954], [0.44755073422914726, -0.19127012605384133, 0.3069023663198263], [0.23315773909968276, -0.21257363010734903, 0.1355942962165016], [-0.07383024500262063, -0.20004808277454456, 0.35357166823939934], [-0.3148367436281951, 0.35872904691419855, 0.0710891389889724], [-0.10143938303586068, -0.1284440029605117, -0.04306956010517636]]","tensor(-3, dtype=torch.int32)"
"['Bi', 'Bi', 'Bi', 'Bi', 'Bi', 'Bi', 'Bi', 'Bi', 'Bi', 'Bi', 'Bi']","[[1.4878285114550247, -0.4912446977814757, -1.3692186337227554], [1.1457767964759515, 1.6022148533092437, 0.6700806067049259], [-1.145880606072983, -1.6023758379699122, -0.6700600031471308], [-1.4877247018579949, 0.49140568244214455, 1.3691980301649613], [0.33684417895382746, -2.9725373203727656, -2.9702831029283527], [-1.0162595087782509, -0.5861679174212902, -6.845873177684953], [-1.6483326648050074, 1.103324296035975, -4.369856050806254], [0.9322273198078641, -0.5472249622602441, -4.475613161752151], [-2.57278070328106, -3.2351063674595775, -3.528729679875987], [-2.5536902852456573, -3.0384201034576996, -6.497212907233219], [-3.5125678592548075, -0.5082505750724261, -2.812578417986834]]",[-64250.0703125],"[[0.13823785452242668, -0.01739625813147558, 0.47660133633349727], [-0.843585068764503, 0.27587283644319477, 0.9407980186714895], [-0.4700433741503925, -0.14369055026915742, -0.13523974089507243], [0.40774036799468416, 1.5830506865022, 0.8826216353649027], [0.2865759848504807, -1.4508393468464211, -1.238004338247582], [-0.14360056160889623, 0.08938054260621668, -0.31097427606350897], [0.4058639244509173, 0.06565798909861276, -0.1440670114015988], [-0.1480462071141666, 0.32213168722779345, -0.6614896722899795], [0.04640338799960569, -0.44633383043195773, -0.4927217506664168], [-0.26439172321242776, -0.12172544958540928, 0.006562919272732916], [0.5835435516553771, -0.13370895665089175, 0.6857089632022253]]","tensor(-3, dtype=torch.int32)"
"['Bi', 'Bi', 'Bi', 'Bi', 'Bi', 'Bi', 'Bi', 'Bi', 'Bi', 'Bi', 'Bi']","[[1.0145981731729394, 1.7769741443286162, 0.2443800667915848], [0.04473433745602859, -1.2124137423824612, 0.39456570435208116], [-1.5017847468662686, 0.8850816173846668, 4.135673105658588], [-1.8343259810344423, 2.3971846062340307, 1.7493071288658224], [1.5380339301742842, 3.5994100958050814, 2.5731409304159087], [1.0473733722509846, 2.2361721657535307, 5.186015726773311], [4.408394673843552, 2.4254041999082703, 2.9679939717989647], [0.07211891280129845, -1.7218529140879628, 3.0642631629007058], [3.819087236306382, 0.37799877811564847, 0.996386668852336], [3.505286995972694, 0.7770584734629129, 5.3352285002176405], [3.011841876912319, -1.5452568017792028, 3.3679757849935887]]",[-64250.828125],"[[-0.24963029191572733, -0.43934304850404227, 0.24875832750884194], [0.01483383874385119, 0.47408633325651683, -1.5506331715296995], [0.09971021236237274, -0.1313241543097864, 0.13315236393165325], [0.156470174156448, 0.09915413386404999, -0.17822326155662074], [-0.26656142694446305, 0.02294513375829354, -0.07308822422115242], [-0.972529048721426, 0.6287307146294021, -0.10279589781168404], [0.6109314718506493, 0.5105411509050681, 0.7148802015334169], [-0.2906117962858757, -0.24720347772580287, 1.34642576145579], [-0.4503913419899986, -0.8865158303600924, -7.044266045365582e-05], [0.9254968611015881, -0.5796231313934828, -0.031041896889655987], [0.4148561570272254, 0.5419559350918007, -0.49538623776361407]]","tensor(-3, dtype=torch.int32)"
"['Bi', 'Bi', 'Bi', 'Bi', 'Bi', 'Bi', 'Bi', 'Bi', 'Bi', 'Bi', 'Bi']","[[1.1060290673608197, 1.7399712515513897, 0.17855412360997022], [-0.034603626496369805, -1.1313272020064145, 0.2620556915196806], [-1.3882173769551998, 0.9860933667542424, 4.097701075725017], [-1.9181184570168268, 2.550045181995932, 1.7185583055658098], [1.5112584971851344, 3.680941678078313, 2.477923581352261], [1.1030953526828386, 2.301518436633475, 5.183574705549266], [4.462206638974822, 2.617977180109258, 3.1330981483295184], [0.014851244770799528, -1.6259645564456953, 3.0052880647303004], [3.707958876246368, 0.5762076671664728, 1.0456768375804595], [3.483213861152721, 0.8229068694318056, 5.260990805506753], [3.070134616313802, -1.3766816473349095, 3.3519897979228888]]",[-64250.82421875],"[[-0.7230120910955361, 0.15336885639129702, 0.1827617753592807], [0.11071983643546256, 0.2744008276496876, -0.7673579886513477], [-0.3226247222418418, -0.0563341354537192, -0.13504078882275777], [0.43779154115695573, -0.05238327331361077, 0.16608327706646692], [-0.3361061034128951, -0.16761889498725588, 0.21382298124432417], [-1.2276294170508373, 1.2098461151204738, -0.42466934329557365], [0.29210298551954145, 0.3156514238250628, -0.08583216117688798], [0.26221173506207696, -0.15605941448892424, 0.7084051317619355], [0.4532023306261011, -0.7669903206965661, 0.16634023325808134], [1.3239301390532332, -0.6558656381341114, 0.699696286332313], [-0.2745874384200236, -0.08979988976303394, -0.7271304864100052]]","tensor(-3, dtype=torch.int32)"
"['Bi', 'Bi', 'Bi', 'Bi', 'Bi', 'Bi', 'Bi', 'Bi', 'Bi', 'Bi', 'Bi']","[[0.8517201224919146, 1.8400315554171596, 0.17616155686182783], [0.18164567586467106, -1.2365121703025455, 0.19640773105295967], [-1.5544496323653976, 0.7774939416965481, 4.1714066850552145], [-1.6365685081962182, 2.443938260621353, 1.7838954353585492], [1.5673502393907706, 3.833502292956827, 2.4659716078969414], [0.9568735956147367, 2.359718385252971, 5.398684517539231], [4.450796326820679, 2.4755819920033653, 3.0944290982074456], [0.1372384923428479, -1.7950429521964717, 2.964526788328768], [3.7731123588060274, 0.352814030887163, 0.956050708986828], [3.6643507296302773, 0.8355264371722145, 5.531330834238303], [2.936190452942457, -1.4298216544434457, 3.418490925903681]]",[-64250.57421875],"[[0.5153419173747751, -0.33204458093171113, 0.3727177070186672], [0.04734973446195843, 0.2221231753121777, -0.40441700963810007], [0.6716013123778455, 0.22763809178971767, -0.10632777274961627], [-0.43428332038114936, -0.010492055579149714, 0.2395833408190662], [-0.09135695069601087, -0.9168178404850806, 0.7833410031555713], [-0.009221544251490287, 0.03990599589817041, -1.2045758649546612], [0.15355834679876137, 0.01884817117159415, 0.12068857453083377], [-1.060912311283582, 0.051616055707269425, 0.36521044160294397], [-0.5493360336750521, -0.07218926321618867, 0.6895476223385109], [-0.40036314904856124, 0.026238194218519955, -0.5567783529891125], [1.1528616958966613, 0.7313717805233453, -0.29666818738773026]]","tensor(-3, dtype=torch.int32)"
"['Bi', 'Bi', 'Bi', 'Bi', 'Bi', 'Bi', 'Bi', 'Bi', 'Bi', 'Bi', 'Bi']","[[-0.4446194838826049, -1.8827641069539323, -0.7663077264705256], [-1.3640451767478965, -0.3052227579659752, 1.5411439734171308], [1.364123339716437, 0.3053192626749015, -1.541291263578052], [0.44454132091406506, 1.8826676022450077, 0.7664550166314477], [0.9271355583758178, 1.245302190149452, 3.853128798674389], [3.332203350082941, -2.42239336966601, 5.672333334303071], [2.3009384372825736, -3.193455262956609, 2.892671940744321], [3.3262011407423593, -0.3512820919264561, 3.4081089490525533], [-0.8475417452967784, -0.8047584588701933, 5.075623723933183], [0.9382698950070782, -1.8252144817717344, 7.225155973583839], [-0.6011918738106736, -2.9957639310487867, 3.082981808631729]]",[-64250.5625],"[[0.03121345127157797, -0.28466082047175567, -0.3440353899341977], [-0.6209495237318436, -0.29843350779159744, -0.026842167252938292], [0.10532853866607571, 0.19317408041660233, -0.075159351803633], [0.292531794341209, 0.23274579672405268, -0.3732635010986744], [0.1992349966625158, 0.02939715100612053, 0.31843829550021524], [-0.014000080951008124, 0.11165674694401075, -0.30506027273323344], [0.10729229692134176, -0.029068322157107734, -0.04601557286934395], [0.13443591075952765, -0.12119271671666289, 0.08962289492382303], [-0.1349886982439894, -0.11512141320825073, 0.5994304068483501], [-0.1302704642312649, 0.056783615956201086, 0.222740086144837], [0.03872873339137823, 0.2262606996447137, -0.05941159336837806]]","tensor(-3, dtype=torch.int32)"
"['Bi', 'Bi', 'Bi', 'Bi', 'Bi', 'Bi', 'Bi', 'Bi', 'Bi', 'Bi', 'Bi']","[[0.9374679131814355, 1.7240273291306265, 0.2580832584362604], [0.1401099629925914, -1.0465717032225932, 0.24965970462989973], [-1.4733934407350475, 0.8900296921399872, 4.0192827547431], [-1.7413072665683031, 2.6682541138375484, 2.0344150349590464], [1.6028733014837968, 3.4782179580315034, 2.482322542403517], [0.7292269103008024, 2.3063334679694356, 5.100961462259918], [4.555013321327246, 2.5596331632691713, 2.9981537376224283], [0.045027152030142986, -1.7769970119743965, 3.054707813616307], [3.846690910658672, 0.5275090243375088, 1.0487992293047914], [3.547861777415888, 0.7415435506835605, 5.436936188463767], [2.9364647928395384, -1.2093137377202825, 3.2467650011912093]]",[-64250.6328125],"[[-0.0206753112139562, 0.34892959034430154, -0.2511890497777263], [-0.23645734044995786, -0.6575419983195488, -0.119236003287943], [-0.6453549626156013, -1.9955000839552162, 1.2039773118086952], [-0.28422254998523777, 1.2890063113372288, -1.6811635230117987], [-0.13684966373819138, 0.4819379724195369, 0.4170049319679885], [1.2557161634706524, 0.4901252435742855, 0.4011431707557055], [0.21131779978683504, 0.07534020329971225, 1.2537595528861156], [-0.3212004845714104, 0.1745433938391275, -0.08117424527758427], [-0.15455495835563146, -0.6094330321020711, -0.7525381418586149], [-0.09277450349453713, 0.7552424296546933, -0.4465557681792077], [0.4202022033560237, -0.36249437814789415, 0.03207792862192964]]","tensor(-3, dtype=torch.int32)"
"['Bi', 'Bi', 'Bi', 'Bi', 'Bi', 'Bi', 'Bi', 'Bi', 'Bi', 'Bi', 'Bi']","[[0.8657731773945659, 1.868830364706802, 0.40863138975266244], [0.20598378582125243, -1.0773169371436935, 0.2158670119608222], [-1.3007839531644405, 0.7508927791638834, 4.059449407151498], [-1.8594930158471321, 2.470540144064457, 1.7365209441565976], [1.5760496689102619, 3.876770279004064, 2.630896083283759], [1.0943499810477597, 2.4152541101046636, 4.977512715290865], [4.486393500875416, 2.6263331450684326, 2.920672347871519], [0.20162662666334075, -1.6073836879588463, 3.117075580639929], [3.7716954290271607, 0.3965737069192802, 1.157763078378912], [3.469156181518174, 0.8290358922190119, 5.464390054092538], [3.0380911023683295, -1.3403931589171747, 3.332129635432454]]",[-64250.61328125],"[[0.04223835799028471, 0.10363181533237338, -0.2802378006867795], [0.024304651584265046, -0.036321181916958815, 0.2570630981428459], [-0.3874550727765092, 0.7968449586248273, 0.17616406389938621], [0.11361844831561367, -0.1481724997710818, 0.20898323682920125], [0.16549583109228166, 0.10799693384223287, -1.237763168638082], [-0.9584604786866453, -0.11116227211139826, 1.2116006368851095], [0.09881778196303936, 0.04626885238141059, 1.1675529874604496], [-0.7438190120106768, -0.6923645245151449, -0.516488115796045], [-0.058060735022628256, 0.18333682860939568, -0.8867981376428548], [0.895902418956711, 0.05361884333004305, -0.6061163071953006], [0.8132048970603165, -0.2915241784567413, 0.5055774792492426]]","tensor(-3, dtype=torch.int32)"
"['Bi', 'Bi', 'Bi', 'Bi', 'Bi', 'Bi', 'Bi', 'Bi', 'Bi', 'Bi', 'Bi']","[[0.8560013710333785, 1.5047293499718792, 1.154454821832661], [-0.6826713076452564, 1.4260856822685521, -1.352458663152428], [0.6826530517747589, -1.4262357555335812, 1.3525780856725658], [-0.8559831151628817, -1.5045792767068518, -1.1545742443527995], [-3.704149566901857, 0.23747333544157784, 0.6591635991069036], [-1.8274936882463237, -0.906305126747216, 4.868175417478249], [-4.852871267352559, -0.552471910168068, 5.194447980200812], [-3.73286501638922, -1.8766566955783406, 2.6672147288656687], [-3.2437933112147874, 2.606072389722672, 2.398281961099979], [-0.8641976712396104, 1.6780860949963035, 3.9238338706134326], [-5.37599471759577, 2.2116567642738887, 4.430514358721572]]",[-64250.6171875],"[[-0.05511322073338659, 0.20478215479147502, 0.2372083600974522], [-0.058657077018656446, 0.5507023186482752, -0.06992134328923971], [-0.006175649216641904, -0.3547644550756388, -0.19280214442821986], [-0.3162008174514804, -0.20798883642226898, 0.6899158045142082], [0.1467299558360487, -0.15164205113402165, -0.5579266082940457], [-0.21161234552739291, -0.508561811756054, -0.2924401087519257], [0.09348999047675116, -0.30688925368647396, 0.014758412819924816], [0.12885795079771328, -0.04163831360366293, 0.4904811358700957], [-0.10847958159378246, 0.15610127207146862, 0.041957655076779614], [0.22660311935253052, 0.42079206616851306, -0.06526954661883376], [0.16758490498472292, 0.24233833079744047, -0.29517442704948565]]","tensor(-3, dtype=torch.int32)"
"['Bi', 'Bi', 'Bi', 'Bi', 'Bi', 'Bi', 'Bi', 'Bi', 'Bi', 'Bi', 'Bi']","[[0.7036108620924764, 0.08378810934558922, 1.9564319581851728], [-1.2648710756099872, 1.6061958693421374, 0.38618766731083753], [1.264913835869494, -1.6063736421107928, -0.3862483748304022], [-0.7036536223519838, -0.08361033657693406, -1.95637125066561], [1.73565358510015, -4.992845237389149, -0.2656970292403944], [-2.593767095891427, -5.463739953489924, -2.157844401407743], [-2.369953320963483, -2.6928061194467228, -0.8708345692750781], [0.030767280397783203, -3.8862053591565973, -2.356474533607789], [-0.3232430956780271, -5.754131736057407, 1.7413180090537932], [-2.160096506323746, -7.345916983285408, 0.025762158573991667], [-1.8465938833707631, -3.210944019674182, 1.9496774527740233]]",[-64249.86328125],"[[-0.547911641738346, 0.08447281818602784, 0.28492569566547316], [0.2015786099082673, 0.1336487928037457, 0.47915038083510225], [0.9884138470307358, 0.45313162525018164, 0.05943884707691431], [0.05523287994048823, -0.06856606264361421, -0.3992235326550132], [-0.11619382092810654, 0.1033962507308553, 0.18682124095680153], [-0.030199052813231125, -0.25196660322447484, -0.16837438835671747], [-0.4678599407199059, -0.014387875512433234, 0.17025767103866418], [-0.39165564059331964, -0.6365977804198955, -0.6234620071263368], [0.0009343404324111446, -0.3254604963260848, -0.012367516960967459], [0.1379257224265492, -0.03907613075765979, 0.012886561268935838], [0.16657368955384474, 0.559798372427479, 0.0231473614178417]]","tensor(-3, dtype=torch.int32)"
"['Bi', 'Bi', 'Bi', 'Bi', 'Bi', 'Bi', 'Bi', 'Bi', 'Bi', 'Bi', 'Bi']","[[1.4733542089766463, 1.464447921135001, 0.11972619055442113], [-0.7673766056061455, 0.9115889555931371, -1.7055918750388388], [0.7673667510278619, -0.9116642457922093, 1.7057689379463343], [-1.4733443543983638, -1.4643726309359302, -0.11990325346191633], [-0.3997582368637803, -4.317967732275449, -0.5996195128539314], [1.5108891693180921, -3.810090407819585, -4.916717387260189], [0.45354451905624565, -1.0937520520285129, -3.974332405461399], [1.8001009366956209, -2.9867726834711075, -1.974820975684142], [-2.432062649253575, -4.35099093197695, -2.7711098496446414], [-0.8266284884873087, -5.551363011805815, -4.969434354130052], [-2.4075075196484312, -1.4922860735778105, -3.5829094672161412]]",[-64250.66015625],"[[-0.019229568824826973, -0.15992069934550407, 0.466079605065298], [-0.038735171437243775, 0.13667009779440156, 0.045028788074174396], [0.8678352129316956, 0.293452044092086, 0.3481227777274453], [-1.03621993712882, -0.14727112192781386, 0.2745135962965178], [-0.05527298917191894, 0.5487451938428227, 0.08611801658396917], [0.3036210198120613, -0.16372254026421995, -0.11902908079143378], [0.43240291733633096, -0.26634663686794247, -0.10934362699856488], [0.32227839445506506, 0.2981102171018476, -0.4570886580412794], [-0.21885118762507988, -0.09954746144252888, -0.4234702829641616], [-0.2207575588261451, -0.21546452867376348, 0.04290253086731322], [-0.3383160192205443, -0.2240789117211576, -0.15137131382186433]]","tensor(-3, dtype=torch.int32)"
"['Bi', 'Bi', 'Bi', 'Bi', 'Bi', 'Bi', 'Bi', 'Bi', 'Bi', 'Bi', 'Bi']","[[-0.8825602846806443, 1.3765589851826032, -1.2868128860669525], [-0.7242388180533327, 1.0639456842444737, 1.634748493925524], [0.7243747796460731, -1.0640323430989849, -1.6348539533406299], [0.8824243230879049, -1.3764723263280936, 1.2869183454820594], [-5.653701737789669, -4.137787914382744, 1.0567189168630025], [-2.0139718651191583, -1.3894476772849635, -0.26420475231255647], [-4.611663078862865, -0.18717427932233965, -1.3555801511049048], [-4.569185096878372, -1.4574093167622435, 1.4335928133183438], [-4.744592389011222, -4.685200126580258, -1.7218746304219616], [-1.851458031264254, -4.04330915873969, -1.4597827094519888], [-5.717310012291501, -2.2408494634487015, -3.1041862095973274]]",[-64249.234375],"[[0.22338111393844634, 0.8243922873039908, -0.03721818374023346], [0.3332578337603987, 0.7260578215796916, 0.43775780826488064], [0.6554722591335409, -0.11487181037573191, -0.5911524785461498], [0.44923727598871727, -0.056105769945022026, 0.47464955942556886], [0.6569922961605817, 0.5302743785480634, 0.040885046810766656], [-0.9172271603340403, -0.93301939887851, -0.0946331035725265], [-0.19609377535430042, 0.1484713135452406, -0.3946394074571237], [-0.8602334851337438, -0.3608565331090484, 0.6910722873537938], [-0.3044464986481603, -0.29686292284853555, -0.2573148092811194], [0.04825231043996011, -0.48809041998845887, -0.16999768094364665], [-0.10110524228478789, 0.006625083439241364, -0.10032244378469847]]","tensor(-3, dtype=torch.int32)"
"['Bi', 'Bi', 'Bi', 'Bi', 'Bi', 'Bi', 'Bi', 'Bi', 'Bi', 'Bi', 'Bi']","[[0.7693497633535428, 1.6538496300998973, 0.3160946441239862], [0.05960648774239655, -1.2100065007341907, 0.34928786578046817], [-1.5257733399147848, 0.6446594420254926, 4.200557683409608], [-1.6443407250030218, 2.44300485560094, 1.7680909870880959], [1.6507985597158497, 3.6261097618668128, 2.60423705492225], [0.8813260810517034, 2.3205775422189197, 5.221421070201273], [4.451626850644733, 2.451853977809696, 3.017236261251295], [-0.01683109396721652, -1.5542777414347386, 3.2109807839151894], [4.016944791588894, 0.3958385745026918, 0.9977631617069449], [3.635473625700976, 0.6608303315787981, 5.44068095187249], [2.9810228332924806, -1.4581013213598657, 3.3432493523070326]]",[-64250.6171875],"[[0.6092839080364955, 0.3781510680589647, -0.023833656078666995], [0.0036330299053795563, -0.2699576504048129, -0.16937794189595054], [-0.19226776605254295, 1.58756606036365, 0.027376771885818125], [-0.8337675630404622, -0.010065432196374183, 0.601690407773196], [-0.5335098565501409, -0.5065761991118674, -0.13333959176708815], [0.25573357996510093, -0.22125830715393005, -0.18293871877640003], [0.610762807390274, 0.1327913808487768, 0.9463042962376446], [0.4907163405169727, -1.244489178216463, -0.3284970222558477], [-0.5089049513731528, -0.8581061532051687, 0.27140960458260477], [-0.2601664213695684, 0.5143854664714272, -0.4487143647394622], [0.3551301175688488, 0.48122613640582484, -0.5711266592020766]]","tensor(-3, dtype=torch.int32)"
"['Bi', 'Bi', 'Bi', 'Bi', 'Bi', 'Bi', 'Bi', 'Bi', 'Bi', 'Bi', 'Bi']","[[1.9968168425936135, -0.1632634970560074, 0.5619450393001217], [-0.4628861007145273, -1.662613478097466, 1.1620489676444135], [0.46288829060182146, 1.6627182488699213, -1.162210631770406], [-1.996819032480909, 0.1631587262835521, -0.5617833751741299], [-0.3713359608754888, -6.243714973009075, -3.875146167017302], [-1.95379791056879, -4.630700696609495, 0.3009580063185382], [-3.350801813197953, -3.0926256812441544, -1.9501009821681703], [-2.79632176539718, -6.090854404152244, -2.2630924460817825], [0.9883069825289099, -3.7419795708640367, -3.0152548464320668], [0.8863487144256106, -4.082049679845443, -0.061460771999702235], [-1.200456632118607, -1.7704698829935932, -3.408037777250268]]",[-64250.56640625],"[[0.6962170676161564, 0.12965782143220655, -0.10904949263473963], [0.058394567241151586, -0.16841007528827248, 0.6539681629548891], [-0.14087956163305493, 0.4038994977084607, 0.3125930435063793], [0.13765339102955296, 0.02562573653899128, -0.8435680994742824], [0.21557452052764847, 0.021200253635828555, 0.0683841827057034], [-0.5409388061203911, -0.4835037236859905, -0.04718015983056219], [-0.09799621120590025, -0.16263357463087608, -0.08653222153162865], [-0.22747071288163181, -0.06814183038809705, 0.10645941330405553], [0.04781461073865871, 0.0812848541965682, -0.3746936523096372], [-0.028637960388274493, 0.24578463937498718, 0.010411862827334077], [-0.1208181582016099, -0.02211953150917472, 0.3143742019144524]]","tensor(-3, dtype=torch.int32)"
"['Bi', 'Bi', 'Bi', 'Bi', 'Bi', 'Bi', 'Bi', 'Bi', 'Bi', 'Bi', 'Bi']","[[1.1344721465290044, 1.2055494222098782, -1.2606895886338563], [1.0139014284255048, 0.7678998766014106, 1.6465839170664092], [-1.013969452573103, -0.7680401516002118, -1.6466971099992942], [-1.1344041223814072, -1.205409147211078, 1.260802781566742], [0.7091350308123092, 1.6735293031671399, 5.367174605990414], [-3.8897694354468335, 2.0071936997867525, 4.2337758565208485], [-2.262130271941553, 1.6140641454285887, 1.6684686364372618], [-1.4738944114390762, 0.11518767007209707, 4.223236883187606], [-0.05926186342183537, 4.398941338800013, 4.457000178711888], [-2.881832601558439, 4.484762555622489, 5.393307686193856], [-0.46748778662574675, 3.908389500422658, 1.554496857369616]]",[-64250.0234375],"[[0.3233897286982453, 0.06147469910457249, -0.5831044069933023], [0.30417709831038403, 1.0271814760921836, 0.08946765162934954], [-0.05397735815252374, -0.18190683166470756, -0.23126052103091843], [-0.23204033704969634, -1.2558848279310277, -0.6355739665765807], [-0.02589629387382807, 0.05226978475749847, -0.08216802861941756], [-0.14617362022726807, 0.13099705838525974, 0.3724765888312587], [-0.6660127594651661, 0.22472683007503835, -0.34408223545962513], [-0.17275236238947142, -0.0481832351443436, 1.1024742168013695], [0.02777384299256387, 0.20670811780943135, 0.24688136974415925], [-0.05405058321093057, -0.04370693693028366, -0.09497768300818958], [0.6869734324341243, -0.16699036276189996, 0.1436616510536907]]","tensor(-3, dtype=torch.int32)"
"['Bi', 'Bi', 'Bi', 'Bi', 'Bi', 'Bi', 'Bi', 'Bi', 'Bi', 'Bi', 'Bi']","[[0.9418868757468196, 1.7708335877265153, 0.6008353180484667], [0.23637198725728678, -1.2741627027440072, 0.23622183566532282], [-1.3482722809811416, 0.9151889792354071, 4.125569730823839], [-1.7286223598392196, 2.5780005806102437, 1.9157932336702344], [1.6464771748774238, 3.732781721248716, 2.4117777490905117], [0.9069589463979538, 2.2364479196437363, 5.2013727596371355], [4.584851917276868, 2.4332606775694336, 3.2044388163227535], [-0.0026354462244737586, -1.776610556575819, 2.794519653107735], [3.629682737026962, 0.4488278835074099, 0.9852413892129261], [3.4438430643116633, 0.7716860392133725, 5.379848494272397], [2.972786425476548, -1.424498645785013, 3.3380332121747784]]",[-64250.3046875],"[[-0.4146143703526264, -0.6899888238842488, -1.7477762146626457], [0.1303301138574952, 0.5564117134761626, -2.597372525932598], [-0.7774146071012255, -1.1722020587600017, 0.27404652943871627], [-0.1448428679193252, 0.5031603838346264, -0.4813062006024116], [0.23478673953877707, 0.6140008564969305, 1.850309808385191], [0.426753532089315, 1.3022017342570178, -0.16941954236803702], [-0.04313011990242758, 0.07277928029495277, -0.2747055035422863], [-0.1851602559767458, -0.5616238566784922, 2.743897204779068], [0.22723303997435904, -0.43504220760865503, 0.5306821557342757], [0.463900851045145, -0.37786469843096776, 0.1289189888204162], [0.09257231183045307, 0.1831854933938821, -0.2574672757826477]]","tensor(-3, dtype=torch.int32)"
"['Bi', 'Bi', 'Bi', 'Bi', 'Bi', 'Bi', 'Bi', 'Bi', 'Bi', 'Bi', 'Bi']","[[0.9938849140344447, 1.8135460799886696, 0.37595827071945565], [0.11808632371502911, -1.2095525252271095, 0.13319901257700045], [-1.3625507368063006, 0.7667673490651981, 4.125458669420767], [-1.8284192462111497, 2.4711736474229085, 1.558885801990972], [1.448658496325964, 3.6795311057073605, 2.638374470333805], [1.0929913288525483, 2.432053230022404, 5.253842784112832], [4.652149570219268, 2.4753099568228123, 3.1643455140285397], [0.21245761544870564, -1.5206597879338877, 3.2373403601950077], [3.8043425983951975, 0.34678840869098754, 1.0045748440618798], [3.6771550264898996, 0.8809463689585147, 5.204398247022521], [3.046642343877737, -1.384235129186455, 3.435140417657683]]",[-64250.45703125],"[[-0.05440035627784302, -0.6324778424426791, -0.3455130551577784], [0.34219365630224585, 0.38119520445828114, 0.9972126811206197], [-0.21160859171470772, 1.320716772550534, -0.2064966701688633], [0.3822208694968927, -0.28986375911969287, 0.8787464665435969], [0.13040534437747356, 0.0688802516231548, -0.29354871762425233], [-0.5439613966633364, -0.420266840925137, 0.20288555378780965], [0.3057894894138987, 0.9801539164605878, -1.5539370409135755], [-0.785476562618799, -0.7270785500975115, -1.1540896554435398], [-0.06116945756896645, 0.03998477454246766, 0.441725742539393], [-0.3824997314995193, -0.6257322924694984, 1.704994577132632], [0.8858355160885176, -0.09494569846722817, -0.6773297333796167]]","tensor(-3, dtype=torch.int32)"
"['Bi', 'Bi', 'Bi', 'Bi', 'Bi', 'Bi', 'Bi', 'Bi', 'Bi', 'Bi', 'Bi']","[[0.8187522838344602, 1.7389848589289514, 0.18239012122645423], [0.06000719531756553, -1.1955809306741862, 0.2799162606349523], [-1.449334222747393, 0.879910020734316, 4.092935981018739], [-1.9366207931514958, 2.646727812634035, 1.799318775248704], [1.7072716219998676, 3.5395096190157864, 2.4655250243761375], [0.94288422125643, 2.3675181608824887, 5.014626450806848], [4.476593431077561, 2.4615196044159755, 3.0312376674580124], [0.1641509167673675, -1.6989782279560757, 2.9934862176618857], [3.734987345005856, 0.36100008717513415, 1.1030791173782193], [3.5331867474815364, 1.0281706040826832, 5.394736408817189], [3.102885119021758, -1.3531190691310286, 3.2025277237879086]]",[-64250.73828125],"[[-0.10030249201316627, 0.02327592693120461, 0.29698823848571076], [0.02406054577333589, 0.2692456601248262, -1.064467634695274], [-0.25322711295532235, -0.058962935619361424, -0.34697133425283433], [0.502755537707634, -0.41446761170326324, 0.13239589354245165], [-0.5416402034495128, 0.417239108173034, -0.6089527497667342], [-0.3909371197077025, 0.3393716633385457, 0.4903240413803254], [0.8660066433551876, 0.6023943762068967, -0.035591790401182134], [-0.43102028013798604, -0.16663765863576757, 1.0943700951687023], [0.18179108053656584, 0.4791591740127621, -1.6009270624183196], [0.2178745792618336, -1.1115980385100253, 0.1571776392923759], [-0.08089404630057663, -0.374234350187664, 1.4906544439133094]]","tensor(-3, dtype=torch.int32)"
"['Bi', 'Bi', 'Bi', 'Bi', 'Bi', 'Bi', 'Bi', 'Bi', 'Bi', 'Bi', 'Bi']","[[0.9339569659461676, 1.7391604815486987, 0.3983282552428785], [0.11221675340710119, -1.2474740541181994, 0.4214379832109335], [-1.4682963352672318, 0.8617198446470694, 4.068823639985091], [-1.5697546281571197, 2.4641204407075024, 1.692656905784501], [1.6408087200148709, 3.5566973622155187, 2.520049012701964], [0.8920096575333132, 2.383615968359782, 5.1625223023479485], [4.67686649185538, 2.6466356591400872, 3.1322453086870437], [-0.10413476871453387, -1.712865704460227, 3.090132377290447], [3.873923794636298, 0.6378370469004799, 1.0311186523905727], [3.5912335413951197, 0.6968537560016659, 5.432859523401891], [3.222482054782647, -1.2811518755278952, 3.3879828163008288]]",[-64250.6015625],"[[0.46355606592111565, -0.6392444754734068, -1.0573729287202795], [0.07468236048215698, 0.2656700764090528, -1.3565404868691506], [-0.076601175829384, 0.1043137236887871, 0.3917631641868089], [-0.9511719114264027, 0.4060552660536784, 0.19328484360186102], [0.09254840055786938, 0.6978774869532048, 0.6340595859796134], [0.2666770752284216, -0.1565196422085459, -0.049955230135697574], [-0.2842201331469336, -0.3576075825189775, 0.6468981395838522], [0.7045258491733035, -0.376634064935327, 1.1485586952734277], [0.023772530638408423, -0.8625973586835769, 0.4313830629940677], [0.14540285449660786, 1.196844553485933, 0.09903514314413887], [-0.4594479550249621, -0.28745375995371436, -1.0813695619759933]]","tensor(-3, dtype=torch.int32)"
"['Bi', 'Bi', 'Bi', 'Bi', 'Bi', 'Bi', 'Bi', 'Bi', 'Bi', 'Bi', 'Bi']","[[0.9339569659461676, 1.7391604815486987, 0.3983282552428785], [0.11221675340710119, -1.2474740541181994, 0.4214379832109335], [-1.4682963352672318, 0.8617198446470694, 4.068823639985091], [-1.5697546281571197, 2.4641204407075024, 1.692656905784501], [1.6408087200148709, 3.5566973622155187, 2.520049012701964], [0.8920096575333132, 2.383615968359782, 5.1625223023479485], [4.67686649185538, 2.6466356591400872, 3.1322453086870437], [-0.10413476871453387, -1.712865704460227, 3.090132377290447], [3.873923794636298, 0.6378370469004799, 1.0311186523905727], [3.5912335413951197, 0.6968537560016659, 5.432859523401891], [3.222482054782647, -1.2811518755278952, 3.3879828163008288]]",[-64250.6015625],"[[0.46355606592111565, -0.6392444754734068, -1.0573729287202795], [0.07468236048215698, 0.2656700764090528, -1.3565404868691506], [-0.076601175829384, 0.1043137236887871, 0.3917631641868089], [-0.9511719114264027, 0.4060552660536784, 0.19328484360186102], [0.09254840055786938, 0.6978774869532048, 0.6340595859796134], [0.2666770752284216, -0.1565196422085459, -0.049955230135697574], [-0.2842201331469336, -0.3576075825189775, 0.6468981395838522], [0.7045258491733035, -0.376634064935327, 1.1485586952734277], [0.023772530638408423, -0.8625973586835769, 0.4313830629940677], [0.14540285449660786, 1.196844553485933, 0.09903514314413887], [-0.4594479550249621, -0.28745375995371436, -1.0813695619759933]]","tensor(-3, dtype=torch.int32)"
"['Bi', 'Bi', 'Bi', 'Bi', 'Bi', 'Bi', 'Bi', 'Bi', 'Bi', 'Bi', 'Bi']","[[-1.6267742628975426, 0.9047246671364975, 0.9299427260747893], [-0.7372743072481551, 0.5825573788306235, -1.8563292863151317], [0.7373418482476818, -0.5826832738181367, 1.856458536713592], [1.6267067218980171, -0.9045987721489852, -0.9300719764732506], [5.791136001901135, 0.9034288031699099, 5.074714483625101], [3.481449013783606, 0.5724464550581867, 0.9393011249863283], [1.9792880877338044, 2.524468914306283, 2.7607516725827255], [5.044222719929662, 2.4957713718084955, 2.7489446329861633], [3.4848968300904337, -0.9713857764582314, 5.1889651445974945], [3.4774107128455345, -1.96020972872233, 2.383058205462415], [1.2180306385757529, 0.9478954950989865, 5.091537677569753]]",[-64249.84765625],"[[-0.8128002051995988, 0.5297668425041901, -0.035521763796871435], [0.18560032623646894, -0.0663463252164737, 0.0774710319305147], [-0.9598195645670475, 0.15724068277665035, 0.9931832460245804], [-0.23865722894974936, -0.7195812091454629, -1.5650334140551572], [0.12003268575275844, -0.023866777047852283, -0.17013739476646364], [0.9061436427153532, 0.09702495074017804, -0.5079241778204888], [0.08284772582589342, 0.23882759033914672, 0.08302929723125477], [-0.029161056757059208, 0.42580572009735224, 0.6100835215605308], [-0.08037761423486041, 0.10723737812753664, 0.18507468961636028], [1.0263618079524328, -0.6722857404167465, 0.1371352106127231], [-0.19474327696319163, -0.06488948593998196, 0.19195666239849704]]","tensor(-3, dtype=torch.int32)"
"['Bi', 'Bi', 'Bi', 'Bi', 'Bi', 'Bi', 'Bi', 'Bi', 'Bi', 'Bi', 'Bi']","[[0.02991132367922633, 2.0447904291275703, -0.3842552708741185], [1.5123368580061194, 0.24257158570890036, 1.4081552388541352], [-1.5124199739387385, -0.2426501584227143, -1.4083102713358575], [-0.029828207746607327, -2.044711856413758, 0.38441030335584103], [-4.592149355761322, 3.775826162123166, 0.9692644498064653], [-2.7737859219855547, -0.5858388844181983, 1.4332465498227462], [-5.652824554891018, -0.5951168375168787, 2.4799612656470433], [-4.9356141503291875, 1.0491453849805574, -0.005355260274564344], [-3.5955817581151552, 3.22846775127206, 3.717713800350384], [-1.3718235021551526, 1.3506449296465255, 3.1015780431985736], [-5.663264712711834, 1.3213196506013771, 4.676509066448711]]",[-64249.89453125],"[[-0.5425745428534822, 0.2549335036422413, -0.31453263337860377], [-0.017307801849543388, -0.41041735066013485, 0.37644123209191005], [0.34535194974486505, 0.43974588916946306, -0.8117871899955155], [0.9822452529250584, -0.2540587624424107, -0.007174235381828568], [0.09317137919733488, 0.06295488401064055, -0.1510113077587279], [-0.7081783603380774, -0.30535898366320907, 0.5186730404671873], [-0.200195047112274, -0.1509484185407282, -0.14926203104743302], [-0.3131737531865678, 0.11742430015747261, 0.0940028744181485], [-0.39073389960178695, 0.2722187826156736, -0.11585906311193482], [0.61302280831512, -0.4126726207525556, 0.27805117908661514], [0.1336253443299862, 0.3760800433206673, 0.2915585284139153]]","tensor(-3, dtype=torch.int32)"
"['Bi', 'Bi', 'Bi', 'Bi', 'Bi', 'Bi', 'Bi', 'Bi', 'Bi', 'Bi', 'Bi']","[[-0.7369951422373311, -1.4887117438545572, 1.25311220709025], [-1.7590387014544773, 1.0823479565987197, 0.2514173236302948], [1.759177989000709, -1.0824333063170537, -0.2515194578804034], [0.7368558546911, 1.488797093572892, -1.2530100728401425], [4.833461186459015, -0.32529346856763275, -1.001284314428826], [6.000735036973062, 0.26849641036609384, 3.56278539168117], [2.956281125773101, 0.00813492178642039, 3.3435286829061726], [4.7688861183324285, -1.7082814770894403, 1.5649997566915812], [4.522896134235266, 2.4884040931275555, -0.08838923898981199], [6.673673485082258, 2.6111589320958393, 1.9634466799380283], [2.12840160000818, 2.2342362232631214, 1.6533368188043522]]",[-64250.515625],"[[-0.6080688040125111, 0.041856564386946744, 0.1599352517974206], [-0.3261449243649858, -0.17087195934465305, 0.3613607267169691], [-0.23217100058439563, -0.7096726863193292, -0.2601898698433279], [0.5252046745394043, 0.4625741610824368, 0.31404777447711635], [0.19423214137290792, 0.3861735828322979, -0.10331639222263492], [-0.053711865893707356, 0.019212280717638506, 0.03858007726683586], [0.12743083349015355, -0.5366023811376321, 0.04980779785693476], [0.15637051814297015, 0.020833357012420683, 0.3860293438654221], [0.4535582743440029, 0.12799143713253514, -0.12066234926412907], [0.08125163552540891, 0.1481494626740549, -0.018461389625373126], [-0.32037762826198185, 0.21462624573686157, -0.7968135911489648]]","tensor(-3, dtype=torch.int32)"
"['Bi', 'Bi', 'Bi', 'Bi', 'Bi', 'Bi', 'Bi', 'Bi', 'Bi', 'Bi', 'Bi']","[[-1.509277902662947, 1.3699168655663432, -0.4184766343545614], [-1.4323153890956961, -1.4406703250565285, 0.44927337295978503], [1.4324718069968292, 1.44077748349354, -0.44923920412043544], [1.5091214847618153, -1.3700240240033559, 0.41844246551521214], [1.7505321917773315, -3.3334882820027776, -2.2321062048683724], [-1.3580407355451547, -0.513335261751303, -4.452322014769111], [-0.853242515653647, -2.9896862353182128, -6.1836295667100085], [-1.0210671214396418, -3.2644560682073043, -3.135495105209027], [3.0218109945606546, -1.626761658685142, -4.310003333690098], [1.2503228482195168, 0.7598272887630975, -4.179751481880867], [1.9993623017853912, -2.924421457301897, -6.780325733420563]]",[-64250.6015625],"[[0.2372935150811051, 0.17685060024404192, 0.21520510422175332], [-0.3005835168625584, -0.30052258168403867, 0.09310206221788794], [-0.3675638250460953, 0.2861519068612382, -0.6591545951114298], [0.18282301907034992, -0.7203155166131944, -0.31605220760682046], [0.038434768720455204, 0.27058582267552783, 0.5316154666964134], [-0.02590699481108542, -0.07520794568017405, 0.1254007407367521], [-0.08183044258820905, 0.0041082872739275755, 0.16425043945635803], [-0.3593810276133139, 0.2543790706508491, -0.03709024043417864], [0.1700982625547729, 0.2616797221026126, -0.345217480975389], [0.19603890798258686, -0.02222663344151304, 0.2079853397200417], [0.30487463898263745, -0.12480321603261761, 0.025858421503380993]]","tensor(-3, dtype=torch.int32)"
"['Bi', 'Bi', 'Bi', 'Bi', 'Bi', 'Bi', 'Bi', 'Bi', 'Bi', 'Bi', 'Bi']","[[0.008954448342869514, 0.7924133901886568, 1.9239842869511938], [-2.039204066277158, 0.3851420658448516, -0.14905464831720328], [2.0393620364622382, -0.38525195540182755, 0.1490453367172614], [-0.009112418527949862, -0.7923035006316815, -1.9239749753512534], [3.560017166328265, 0.6221608833717354, -2.9732066368453047], [3.488254958943477, 5.160195446733954, -1.5778789219445617], [1.095925089391876, 3.7032808168442326, -0.33742788181298344], [3.7963727905790177, 2.2741013815146527, -0.5820001810357354], [1.7010762635630143, 2.294443580075799, -4.583961534849182], [3.111492443995174, 4.9108886598321995, -4.457930014178091], [-0.46907188642003916, 2.75464683759687, -2.606466905322687]]",[-64250.65234375],"[[-0.5218725230051604, -0.10025312680525154, 0.08287533948907072], [-0.3214973443060893, 0.6198058964151526, 0.6264938536457662], [-0.1307422104994, -0.40145813106661976, -0.21978208174891348], [0.6743503373935967, 0.34672440536907756, -0.5314329182713121], [-0.030864639797778023, -0.13413910244694038, -0.27249306805214984], [-0.05671486461976151, 0.05715375217137836, 0.09778394081186692], [0.05335232262939512, 0.09711231687376878, 0.1591904542230072], [0.15178526165906595, 0.35702003370060914, 0.014802872360303015], [0.48985903140618703, -0.07668036585041386, -0.15396144457464003], [-0.06863501966842009, -0.004750161475164273, -0.27850281931694326], [-0.26887963767697515, -0.7717941724917678, 0.46259982070613415]]","tensor(-3, dtype=torch.int32)"
"['Bi', 'Bi', 'Bi', 'Bi', 'Bi', 'Bi', 'Bi', 'Bi', 'Bi', 'Bi', 'Bi']","[[0.2059765795535955, 1.7474149320750476, 1.1107787373581905], [1.8398884963327315, -0.6662172176284511, 0.7070147544340106], [-1.8400182020671072, 0.666259670966552, -0.70715073655252], [-0.20584687381922007, -1.74745738541315, -1.1106427552396823], [4.701091215089659, 1.2874743664476511, -5.800683763335386], [0.37311794118253383, 0.5367202932500645, -3.997668897458825], [1.2283945229139355, 3.4085190009617445, -3.360616797841865], [1.9352436197272014, 2.169650934555439, -6.07361468267996], [4.758268736870342, 0.6314637881102494, -2.9001488314261987], [2.380829021122117, -1.1480568347448332, -2.7211813695079674], [3.6452505851341837, 3.1371014280876004, -1.7535078013088539]]",[-64250.71484375],"[[0.23875045720177998, -0.2258704573917295, -0.26100979509353656], [0.33162096574129296, 0.30233181655411334, 0.05885263523292696], [0.014897036494400351, 0.036397122061800964, 0.06085367450458694], [-0.7917618848723581, -0.3721719643607516, -0.06335093695997306], [0.15860285398254725, -0.2846412800769561, 0.20326052367959524], [-0.2126851132018898, 0.2945309309954806, -0.11881223383125003], [0.09795095976531173, -0.11071325440774057, 0.059134428294773514], [-0.2866747666884017, 0.057861577261947295, -0.10527711657449787], [0.4748619326637854, 0.6901055520321304, 0.06869245814471253], [0.026855696405232422, -0.30030784302960967, 0.08672325460184033], [-0.0334012504376395, -0.08707014803162443, 0.014584282191214784]]","tensor(-3, dtype=torch.int32)"
"['Bi', 'Bi', 'Bi', 'Bi', 'Bi', 'Bi', 'Bi', 'Bi', 'Bi', 'Bi', 'Bi']","[[1.0119439349283657, 1.9566536824465948, 0.33385037577152554], [0.030263279417155148, -1.2298603438203737, 0.11706985318272967], [-1.4103585748172187, 0.6837060202581788, 4.172590974738735], [-1.6714280335304874, 2.6611508814493825, 1.9525921497519918], [1.4862775540007864, 3.6122953275464873, 2.4245475554611087], [0.9539515357909765, 2.46515342057867, 4.957268072832537], [4.566996414953749, 2.4583040735663904, 3.0376834082803854], [0.023659698032977905, -1.8840602235891424, 2.9830910671468076], [3.819097976154478, 0.3335932226255351, 0.9778327415044141], [3.515946883317866, 0.7556083293126117, 5.371432726569712], [3.141337666087427, -1.3591839132005714, 3.411100945756046]]",[-64250.6015625],"[[-0.4997211200836258, -2.168426921501411, -1.7756788699946118], [0.19423687220533312, 0.4786354914321334, 0.569598908861299], [0.33627327663261464, 0.4031355711159804, -0.24534323214088297], [-0.10538412594707136, -0.24788867709607754, 0.0989682430029961], [0.717754696452618, 1.77458409366492, 0.7888138563622006], [-0.38133466117064024, -0.8470478324113545, 1.1250438870157982], [0.08960967944628752, -0.11535358395172467, 0.26546947882980765], [0.27321945651777835, 0.31815084600829513, -0.3984260274367325], [-0.29875247902565477, -0.03662440770657501, 0.2567644900570534], [0.026486218392827342, 0.7873575827287161, 0.10865415959468921], [-0.35253535882783116, -0.34645577636267494, -0.7959209036391736]]","tensor(-3, dtype=torch.int32)"
"['Bi', 'Bi', 'Bi', 'Bi', 'Bi', 'Bi', 'Bi', 'Bi', 'Bi', 'Bi', 'Bi']","[[-0.07531540920616853, -0.47857656100643264, -2.0236123057349356], [1.8116478106368095, 0.9785121862264567, -0.29891643415957025], [-1.8117662110824997, -0.9786379494723239, 0.29900176844605275], [0.07543380965185875, 0.4787023242523, 2.0235269714484545], [-3.8873565372215624, 6.462348929285668, 0.25795911095436275], [-2.4753837344136027, 1.9398462491218753, 0.5728388605270048], [-0.3399557021832007, 3.5432703225719404, -0.9283405379275538], [-1.8065685087339167, 4.80335923184436, 1.4498962188216717], [-4.448614267176243, 4.904530749286708, -2.2128533703448205], [-4.889722362643484, 2.2065939648563058, -1.039182480810792], [-1.69751299952244, 4.582150963163903, -3.2895743785577456]]",[-64250.07421875],"[[0.051260379384243826, -0.09441116582527655, 0.07784476769210243], [-0.02164615516073662, -0.23362629719814004, 0.20030575887544108], [-0.14074113336252742, -0.7422722354960154, -0.4316069547807976], [0.9651993437879209, 0.027706145809001652, 0.37057926791831125], [0.30681808551173023, -0.36264237092745516, 0.28041916640377457], [-0.32510372985471775, 0.6418927131896655, -0.2222448399808509], [-0.11604454259625606, -0.17418076524932058, -0.03128626495325219], [-0.13428462696610566, 0.8356691519870105, 0.4490260340365154], [-0.1822362415833552, -0.004168574534093432, -0.21272506816704576], [-0.40222185197073373, 0.060124714934379514, -0.2883116347075074], [-0.018027767695933852, 0.049270195316115935, -0.18510297176672807]]","tensor(-3, dtype=torch.int32)"
"['Bi', 'Bi', 'Bi', 'Bi', 'Bi', 'Bi', 'Bi', 'Bi', 'Bi', 'Bi', 'Bi']","[[1.4878285114550247, -0.4912446977814757, -1.3692186337227554], [1.1457767964759515, 1.6022148533092437, 0.6700806067049259], [-1.145880606072983, -1.6023758379699122, -0.6700600031471308], [-1.4877247018579949, 0.49140568244214455, 1.3691980301649613], [0.33684417895382746, -2.9725373203727656, -2.9702831029283527], [-1.0162595087782509, -0.5861679174212902, -6.845873177684953], [-1.6483326648050074, 1.103324296035975, -4.369856050806254], [0.9322273198078641, -0.5472249622602441, -4.475613161752151], [-2.57278070328106, -3.2351063674595775, -3.528729679875987], [-2.5536902852456573, -3.0384201034576996, -6.497212907233219], [-3.5125678592548075, -0.5082505750724261, -2.812578417986834]]",[-64250.0703125],"[[0.13823785452242668, -0.01739625813147558, 0.47660133633349727], [-0.843585068764503, 0.27587283644319477, 0.9407980186714895], [-0.4700433741503925, -0.14369055026915742, -0.13523974089507243], [0.40774036799468416, 1.5830506865022, 0.8826216353649027], [0.2865759848504807, -1.4508393468464211, -1.238004338247582], [-0.14360056160889623, 0.08938054260621668, -0.31097427606350897], [0.4058639244509173, 0.06565798909861276, -0.1440670114015988], [-0.1480462071141666, 0.32213168722779345, -0.6614896722899795], [0.04640338799960569, -0.44633383043195773, -0.4927217506664168], [-0.26439172321242776, -0.12172544958540928, 0.006562919272732916], [0.5835435516553771, -0.13370895665089175, 0.6857089632022253]]","tensor(-3, dtype=torch.int32)"
"['Bi', 'Bi', 'Bi', 'Bi', 'Bi', 'Bi', 'Bi', 'Bi', 'Bi', 'Bi', 'Bi']","[[-0.03149376283727401, -0.22490932651623163, 2.068366175820631], [-1.9711344428794932, 0.6646367090601577, 0.04233173813264224], [1.9712798213475966, -0.6647480023955334, -0.04239170391049196], [0.03134838436917087, 0.22502061985160748, -2.0683062100427834], [0.3115407774610306, 2.660252334721398, 1.0695534640431807], [-3.028351463410746, 6.031709643723106, 1.2252531030679699], [-4.068740201120191, 3.6813006878450123, -0.44139930252666754], [-2.385132957790123, 3.1510253871411624, 2.0644063584201207], [0.2967063636532583, 4.381431897952271, -1.356151153258016], [-0.6375007015448855, 6.945133784132114, -0.17055746242596154], [-2.202000137203089, 3.450772478073341, -2.668459770803009]]",[-64250.5625],"[[0.5973195299890799, -0.8797327422600598, 0.7198537462308254], [-0.25724693212023664, -0.09781248007269262, -0.7472421806470134], [0.30608223538125134, -0.3546967321810308, 0.09355195409710246], [-0.10968378413435226, 0.05984955532234651, -0.3844402469693922], [0.1736208815162211, 0.30577637678054637, 0.3449511659631074], [-0.0986645441301374, 0.1033681742688538, 0.09130501438351726], [-0.05467844694909598, 0.1970234867700277, -0.0019623822000954254], [-0.6246786538130685, 0.615809371457723, 0.4663516279297447], [-0.2804936255923793, 0.388338812842366, -0.6745930496658441], [0.16917369334820337, -0.09582938711099331, 0.08290542141264375], [0.19259126243065913, -0.2444080699834484, 0.01184248712153942]]","tensor(-3, dtype=torch.int32)"
"['Bi', 'Bi', 'Bi', 'Bi', 'Bi', 'Bi', 'Bi', 'Bi', 'Bi', 'Bi', 'Bi']","[[0.9476744460667947, 1.7516260882333448, 0.47893673415344223], [0.08974998761361755, -1.282884526977478, 0.16731874663046528], [-1.443504124757971, 0.9793386841044049, 4.185181021790093], [-1.7366680469881195, 2.7599637386293563, 1.7813171270595556], [1.605367281446203, 3.632350121127829, 2.538133431923295], [0.8280963676916806, 2.4001317173633634, 5.268885439547315], [4.396229320707641, 2.6227675357189173, 2.9032026072161132], [0.016679191023782687, -1.686258318878253, 3.0878136938767926], [3.7827456732242135, 0.2488081317817059, 1.1076647539292677], [3.5319895573778455, 0.937687866897595, 5.369109521372405], [3.2133752842785017, -1.3402271503063137, 3.271191269215556]]",[-64250.6328125],"[[-0.36094369355427286, -0.5532600534833568, -0.811312564090252], [0.0290126114630923, 0.4000527653037974, 0.6526013637607502], [-0.4402877237484187, -0.2854309177152254, -0.6889747802383338], [-0.02498195252127338, -0.46448197210206615, 0.3583117052189528], [-0.6264671141581457, 0.42710793314446943, 0.6569907534978344], [0.5613492627094666, 0.4675909003367707, -0.13341425664405918], [0.9265371300142078, -0.4869880846113048, 0.5613868008363183], [0.34879044216449195, 0.20421106104241157, -0.33439266789943], [0.32735020676947874, 1.1071849946108152, -1.4795709262946222], [0.1435539731939267, -0.04770953483672856, -0.470898883487973], [-0.8798854658720461, -0.7608386958811095, 1.7017673266652067]]","tensor(-3, dtype=torch.int32)"
"['Bi', 'Bi', 'Bi', 'Bi', 'Bi', 'Bi', 'Bi', 'Bi', 'Bi', 'Bi', 'Bi']","[[0.8139320731675435, 1.553717775129313, 0.30764584589035965], [0.12383422320592531, -1.466745358607344, 0.19227996090038635], [-1.3823914501522139, 0.82489107310536, 3.9479519507627687], [-1.6626871424263903, 2.496461464253532, 1.9541023016155388], [1.6894714426228437, 3.6147799131102327, 2.4167863983926043], [0.8845143237171054, 2.307169004964742, 5.085019910538602], [4.584663957653979, 2.4896222222911875, 2.965394429231034], [0.05756342528593213, -1.9361581027950696, 3.1330738360944363], [3.693727554371149, 0.2632043068240645, 0.9946508027379077], [3.4062747029968685, 0.9219007439963828, 5.315810035947473], [2.9609304757059243, -1.3592480300918603, 3.3507813074396897]]",[-64250.6875],"[[0.3277017796095964, 0.022215649682752015, -0.16862316843577105], [0.06678382437161794, 0.1612520172964543, 0.518977973470244], [-0.15632511243610694, -2.099784599895987, 2.2596096027290646], [-0.5641517667004587, 1.6750134408590893, -2.3133667714854522], [-0.24887387294861738, -0.3016627122985025, 0.2119334764892965], [-0.21813590633123217, 0.9049521928534947, -0.2682431350274247], [-0.04613503667249758, -0.23799141570799953, 0.26816718459816424], [-0.16685733381098808, 0.2341680803550041, -0.5433309618205922], [-0.23188360251456708, 0.14498427867116426, -0.13602279650561974], [1.013022403176226, -0.32591259935523714, -0.0009293231789358951], [0.22527761209792857, -0.16916099209158367, 0.15584565285423516]]","tensor(-3, dtype=torch.int32)"
"['Bi', 'Bi', 'Bi', 'Bi', 'Bi', 'Bi', 'Bi', 'Bi', 'Bi', 'Bi', 'Bi']","[[1.3256105258024216, 0.46445391014090054, -1.5351723026315818], [0.9711386009325116, 1.3524664663235977, 1.2476494692975675], [-0.9712120562316637, -1.352638020244146, -1.2476973292115996], [-1.3255370705032705, -0.46428235622035285, 1.5352201625456154], [-3.536208867705476, 1.0673930660045325, -0.2150877672018508], [-2.873133225511668, 5.631558991303469, -1.3440550137233638], [-1.0486317788726178, 4.917255768969534, 1.0108391673969617], [-1.5025859580737277, 2.8879794788960442, -1.2409935520772046], [-5.064532159979558, 2.922340946880699, 1.5370875415610925], [-5.579080777866582, 5.1416366645097025, -0.37626261958378043], [-2.85713861228425, 4.095437386998167, 3.1442818386797855]]",[-64250.78125],"[[-0.10476664947140468, -0.21897974285402447, 0.2690966389034336], [0.22855865007314413, 0.13071238568628485, -0.052330102870919284], [0.18713332163058743, -0.04415982157522799, -0.5538411231181865], [-0.5750553069986234, 0.2616349334608483, 0.30373162873104526], [0.14050032370766838, -0.5872737101784334, -0.06683102985168639], [0.09284443753908297, -0.022555919947140884, -0.10473564195018324], [0.0007775719587014536, -0.12540799125166457, -0.2373805212600548], [0.30742615174463817, 0.5391369760315038, -0.08765949662319801], [0.010332045456786957, 0.3580878648543145, 0.37149854064944826], [-0.269531566953999, -0.11345991400727921, 0.08276591327819309], [-0.03584909626301932, -0.17497436238864136, 0.06787109307593973]]","tensor(-3, dtype=torch.int32)"
"['Bi', 'Bi', 'Bi', 'Bi', 'Bi', 'Bi', 'Bi', 'Bi', 'Bi', 'Bi', 'Bi']","[[-0.07531540920616853, -0.47857656100643264, -2.0236123057349356], [1.8116478106368095, 0.9785121862264567, -0.29891643415957025], [-1.8117662110824997, -0.9786379494723239, 0.29900176844605275], [0.07543380965185875, 0.4787023242523, 2.0235269714484545], [-3.8873565372215624, 6.462348929285668, 0.25795911095436275], [-2.4753837344136027, 1.9398462491218753, 0.5728388605270048], [-0.3399557021832007, 3.5432703225719404, -0.9283405379275538], [-1.8065685087339167, 4.80335923184436, 1.4498962188216717], [-4.448614267176243, 4.904530749286708, -2.2128533703448205], [-4.889722362643484, 2.2065939648563058, -1.039182480810792], [-1.69751299952244, 4.582150963163903, -3.2895743785577456]]",[-64250.07421875],"[[0.051260379384243826, -0.09441116582527655, 0.07784476769210243], [-0.02164615516073662, -0.23362629719814004, 0.20030575887544108], [-0.14074113336252742, -0.7422722354960154, -0.4316069547807976], [0.9651993437879209, 0.027706145809001652, 0.37057926791831125], [0.30681808551173023, -0.36264237092745516, 0.28041916640377457], [-0.32510372985471775, 0.6418927131896655, -0.2222448399808509], [-0.11604454259625606, -0.17418076524932058, -0.03128626495325219], [-0.13428462696610566, 0.8356691519870105, 0.4490260340365154], [-0.1822362415833552, -0.004168574534093432, -0.21272506816704576], [-0.40222185197073373, 0.060124714934379514, -0.2883116347075074], [-0.018027767695933852, 0.049270195316115935, -0.18510297176672807]]","tensor(-3, dtype=torch.int32)"
"['Bi', 'Bi', 'Bi', 'Bi', 'Bi', 'Bi', 'Bi', 'Bi', 'Bi', 'Bi', 'Bi']","[[0.8897017572844712, 1.6647879363036135, 0.23496606580957757], [0.1975900045208247, -1.2354766785492644, 0.3486101247498641], [-1.4900569543362119, 0.9190260220846205, 3.9411202510240257], [-1.873224542985692, 2.3277089874775525, 1.8450382076389322], [1.7334775912512344, 3.619972159528082, 2.6375368839481066], [1.0205910320424838, 2.3698849133740887, 5.2108930276289644], [4.6818527353525985, 2.6681740876704203, 3.1933708001437577], [0.08942520524189607, -1.6105137509670364, 3.1409097508824333], [3.741118136285633, 0.5324549449304508, 1.22849281662405], [3.6148089266674166, 0.7515042179324414, 5.491241087551015], [3.145319429500563, -1.3879685621849638, 3.413813195755585]]",[-64250.51953125],"[[0.17959911103887735, 0.3756826533969538, 0.4752065120994485], [0.05111653636747315, -0.06555365367480133, -0.5398615133018355], [0.46682224291186514, -1.751539283324312, 3.372222199105921], [-0.28872501690170166, 2.0848685937920037, -3.183792629390839], [-0.18116295968794258, -0.0778065610780601, -0.2730267779406362], [0.005262927659971914, -0.11147743811067883, -0.0772550077237962], [-0.4713888331765266, -0.30814503258489634, 0.5042889444784852], [0.2316306572460957, -0.45254896153051316, 0.46903221014160584], [0.1020064658617811, -0.25549888953913963, -0.35432469334846517], [0.2307807529164972, 0.5197888998544266, -0.2229348216056423], [-0.3201031371371394, 0.04092671413157217, -0.17051041061876926]]","tensor(-3, dtype=torch.int32)"
"['Bi', 'Bi', 'Bi', 'Bi', 'Bi', 'Bi', 'Bi', 'Bi', 'Bi', 'Bi', 'Bi']","[[0.8767695463763966, 1.692482327014594, 0.41439596518254074], [0.16160141958693222, -1.2822233764076278, 0.4040703154011531], [-1.283023774003501, 0.8298442851033655, 4.170484814832655], [-2.0633898588207633, 2.588065687256484, 1.7479251477110573], [1.83479194785516, 3.6917194234919632, 2.5373675248504686], [0.9076230676045193, 2.352445446238123, 5.167672806462192], [4.578041776869632, 2.5041354475779376, 3.203820141513742], [0.09851350743884776, -1.8975053835139257, 3.143606105446597], [3.8306395555702726, 0.48921821718363445, 1.0218607096934857], [3.5446961207133243, 1.0825406963604736, 5.214572257466669], [3.093114918193178, -1.3062909971747203, 3.192914806271589]]",[-64250.2578125],"[[-0.16004241543626882, 0.2746175203435966, -0.011474202101658944], [0.14875459784774292, 0.3550395118434887, -0.7554815423805303], [-1.0062408577389408, -0.2180432951443005, -0.8242935568881614], [0.8764545839219727, -0.6837549237222675, 0.673899365650459], [-0.6911679324441286, -0.21758651270481452, 0.0240052567404714], [0.08680244462287019, 1.0378921835469312, -0.06526918666419272], [1.360372461133531, 1.6579649606173732, -2.27392242769884], [0.15275137991563034, 0.2711174756803511, 0.6357950815703655], [-0.15039239146449704, 0.05977473617910075, -0.4803402366121219], [-0.45152638181739624, -2.423807026009006, 2.2605269728428135], [-0.17142644375813687, -0.10179429831193093, 0.8017501119404372]]","tensor(-3, dtype=torch.int32)"
"['Bi', 'Bi', 'Bi', 'Bi', 'Bi', 'Bi', 'Bi', 'Bi', 'Bi', 'Bi', 'Bi']","[[0.7804358975898351, 1.825397171251013, 0.427733171321532], [0.13388043805913052, -1.243176150452495, 0.1867324989388935], [-1.301752035931971, 0.882447453107027, 3.998051582314641], [-1.699384241249439, 2.5785758597404347, 1.8415214907155313], [1.4068260095825602, 3.633623874209738, 2.509701460614121], [0.8981471017544856, 2.3111954035661206, 5.177649811365433], [4.595908714244846, 2.6184432392335673, 3.099692342729044], [0.07671359146362733, -1.8269920881102149, 2.9436710624658255], [3.7753731574253124, 0.5170819496866417, 1.1676639134159061], [3.6662892063190076, 1.1183059211837674, 5.243117942544672], [3.182122469977875, -1.3256553804649915, 3.5365717249857958]]",[-64250.625],"[[0.6104208504812815, -1.052557249844015, -1.2952885482652934], [0.10137968198753881, 0.34507499035962685, -0.22708401875296644], [-0.6421266837063446, -1.322181273718671, 0.854657273523043], [-0.6748193068687866, 0.7441625115824168, -0.5147032549973783], [0.39395497941822266, 0.835865584376838, 0.8555437903818449], [0.26968192514977257, 0.5742212406732309, 0.16210557259455483], [0.43221882624848235, 1.1069104006417894, -1.0373244836559121], [0.29522811171309293, 0.16344882047075113, 0.45302415307878396], [-0.21050131981676215, -0.5893897292468615, -0.09075109561304079], [-0.2979162015503244, -0.9721264137443715, 1.36166984050404], [-0.270963157983526, 0.17148917870986183, -0.5202552982250375]]","tensor(-3, dtype=torch.int32)"
"['Bi', 'Bi', 'Bi', 'Bi', 'Bi', 'Bi', 'Bi', 'Bi', 'Bi', 'Bi', 'Bi']","[[-0.9967654558628081, -0.3084570589957665, 1.800285413006724], [0.6608392731231096, 1.8508333613678412, 0.6830902184451472], [-0.6609238177292354, -1.85095324792752, -0.683215104082366], [0.9968500004689347, 0.3085769455554457, -1.8001605273695067], [1.1360057748194183, -3.1193237688619417, 2.0230411833884556], [5.119776345487384, -0.5623488509307442, 2.3935789736333577], [3.6110766674811474, 0.3115860147814562, -0.1252748050873278], [2.056655020143089, -0.3817294606475825, 2.423818023465694], [3.3435226298816922, -4.172254436966099, 0.33043125139151575], [5.688233782933128, -3.392660334133365, 1.9873878727891978], [3.4548558011364636, -2.083085923391668, -1.780207251000963]]",[-64249.875],"[[-1.3823878012007509, 0.3693330021068308, 0.4887422978433911], [-0.6330398859036249, 0.7381713236926828, -0.15440603997842203], [0.07506972309801282, -0.40779662376287035, -0.17461656747544277], [-0.8165797289305698, -0.3898031597442281, -0.8507101137735282], [-0.48910369230300016, 0.27803636952424077, -0.5229071354877065], [0.8856601667562373, 0.2356190060909644, 0.4006465876173383], [1.0507507917668857, 0.1456378534551186, 0.43508869317944143], [0.8142832183207036, -0.10586816209509356, 0.8914441236169123], [0.47125811821973573, -0.21428197483374797, -0.22210337780692024], [0.012408505510164152, -0.41626707637593807, -0.09466616797741104], [0.01953056803787785, -0.24366286103230242, -0.19717955281796645]]","tensor(-3, dtype=torch.int32)"
"['Bi', 'Bi', 'Bi', 'Bi', 'Bi', 'Bi', 'Bi', 'Bi', 'Bi', 'Bi', 'Bi']","[[-0.7078034606156313, 1.8527223273728581, -0.6294036370447313], [0.5934697819171928, 0.8410613339961407, 1.808124545875447], [-0.5934446312959057, -0.8411626422030457, -1.8082864751608243], [0.7077783099943449, -1.8526210191659547, 0.6295655663301087], [-2.8580231006660926, 3.2509038751415744, 1.4256892616536545], [-4.174523923673456, -1.218684708023146, 0.5116594892099331], [-6.457482640359853, 0.2084451979776073, 1.9731522041431544], [-4.800883136660711, 1.7187450903247905, -0.1171730275571301], [-2.4993526125752874, 1.4429828163018619, 3.760105455285284], [-1.9182215435588383, -1.1140021828031852, 2.3547382447013194], [-5.331246676805968, 0.9974693129173734, 4.5435011204450575]]",[-64250.78515625],"[[0.0556962958297877, 0.2897307815908726, 0.00010331736924237489], [-0.11790622799974011, 0.5696163923724356, 0.1702015181146612], [0.13298899594671046, -0.24821181351955265, -0.2967815730996594], [-0.1668561511028818, -0.9169592512369197, -0.47806156946803313], [0.030139434040255778, 0.07762051595073148, 0.21485455982346718], [-0.16856089628287027, 0.2002690949241461, -0.5360207972818867], [0.21350678680321203, -0.13856567035623538, -0.2543152044131094], [-0.17714992823911652, -0.20668266387410036, 0.012399331809026666], [-0.47652718567744207, 0.5767193258820823, 0.304980054270372], [0.6242703624059405, -0.37861196426577687, 0.5384967709913596], [0.04663804243010283, 0.17370793911726237, 0.3162069366803782]]","tensor(-3, dtype=torch.int32)"
"['Bi', 'Bi', 'Bi', 'Bi', 'Bi', 'Bi', 'Bi', 'Bi', 'Bi', 'Bi', 'Bi']","[[-2.035475731093603, 0.3150553673123907, 0.2954545027362353], [-0.4106857750344809, -0.9704137800146544, -1.794028765859538], [0.41076474386887163, 0.9704312269473131, 1.7942036273125113], [2.0353967622592135, -0.31507281424504974, -0.2956293641892088], [-1.649670731563016, 3.4690557895225327, 1.1316237890504737], [2.9404413144156503, 3.6904169309358856, 2.326495160823483], [1.662827367228962, 6.436751037808709, 2.784657579491906], [0.08650674820493509, 3.8900872782720985, 3.436197491289767], [0.04783822068481092, 4.622545401701724, -1.0211992670194328], [2.5905805775639132, 3.161979115777518, -0.5190538373245375], [0.7024276201831823, 7.26926372867101, 0.16125997399619973]]",[-64250.29296875],"[[-0.9340817792905082, -0.4018820547895874, -0.4038406194136041], [-0.27671178786728723, 0.029681330053016295, -0.04209657185717715], [0.3702677528875327, -0.4757338456485791, 0.5726441251245385], [0.04498322295882728, 0.32148479731574425, 0.08958479115396384], [-0.21437540877414488, -0.2631649463736553, -0.36091242892259356], [0.2077909127917859, 0.041467047185453784, 0.07664925548500927], [-0.11238416385147085, 0.12813480192385415, 0.08214787115951905], [0.433024610423507, 0.29202425829733575, 0.630522260299974], [0.38120682585097776, 0.0929397740968683, -0.4276497163013335], [0.2242350806132795, 0.31264210018174454, -0.19460176336716944], [-0.12669616606778097, -0.08797260573881548, -0.019175123114264357]]","tensor(-3, dtype=torch.int32)"
"['Bi', 'Bi', 'Bi', 'Bi', 'Bi', 'Bi', 'Bi', 'Bi', 'Bi', 'Bi', 'Bi']","[[1.0297925032155109, 1.6815781919519392, 0.07127035555017758], [0.2732507004402247, -1.19241352145194, 0.15414596025630062], [-1.3865578082390901, 1.0744198966474356, 4.132916094630564], [-1.7374561042169252, 2.50642370737052, 1.7316316543599342], [1.5276877166455776, 3.5552828518889616, 2.337203215610216], [0.8855556097083884, 2.305195539939774, 5.083612649470327], [4.384237068059228, 2.6632792982540594, 3.280808071466732], [-0.10961230790230209, -1.817785288765348, 2.951922038870304], [3.7554471952603903, 0.3836089670907161, 0.9580074833110933], [3.55879224649285, 0.7954956723754205, 5.423091251440319], [3.05585165203415, -1.4572354218533383, 3.4970802676904182]]",[-64250.5625],"[[-0.027852148553618606, 0.13520683075646261, 0.2863570810066338], [-0.148052737719797, -0.33065356193243906, 0.11793785258606047], [-1.54517008852047, -1.612158161439835, -0.45607759687667593], [-0.10270884021064276, 0.3104861775702521, -0.4368051111742181], [-0.17364931793286364, 0.05571084828170422, 0.5771219608591368], [1.5896671670255205, 1.2219210506647815, 0.09142328519414629], [0.45896546153968726, -0.3724472268169678, -0.4936886402543549], [0.6331283319011388, 0.34235815557320337, 0.08852025101411944], [-0.07529320350801011, -0.1680750089395513, 0.9882487821167709], [-0.14452775334213622, -0.013239831038075585, 0.10289488533797139], [-0.4631574932892958, 0.4237936250760031, -0.8652373688651831]]","tensor(-3, dtype=torch.int32)"
"['Bi', 'Bi', 'Bi', 'Bi', 'Bi', 'Bi', 'Bi', 'Bi', 'Bi', 'Bi', 'Bi']","[[-1.3775919051802823, 0.570213096468024, 1.4514862269166067], [-1.5430692564460176, -0.21904985725340037, -1.3783538561769613], [1.5432246287547624, 0.2189927197593009, 1.3784524044009103], [1.3774365328715388, -0.5701559589739251, -1.4515847751405568], [0.5060451695441084, 2.770509047918488, -1.2223237541102252], [-3.665937168726628, 1.900234711086014, -3.315893168401721], [-2.0700050778009995, 3.850569505962579, -5.05766128601857], [-0.6314410271855064, 1.5585936151142736, -3.61815885711827], [-1.5108606767674897, 4.893389057872926, -0.7006022675266954], [-4.003867510566565, 3.271148198436398, -0.7653643105360144], [-1.640076481905015, 6.189507158921604, -3.3717810681221625]]",[-64249.96875],"[[-0.11778929416349211, 0.35130400542290824, 0.19993942789504057], [-0.7262557966322661, -0.48396076323593423, 0.5428619923454023], [0.2918666495866497, -0.27485329063348096, 0.4143526319064952], [0.7423426837614769, -0.11044807068147366, 0.03527789452756353], [0.10653644359723913, -0.1492221789264602, -0.08566437089206949], [-0.24911488829184267, 0.31480131380709797, -0.041730616258045146], [-0.3434227985572309, 0.4225711676929231, -0.3960878649326882], [0.3648666849207461, 0.373364288398167, -0.9150653756041081], [-0.48915089778306864, 0.07724940271581422, 0.19143596229917983], [0.10715237741015846, -0.23793238314686818, 0.1192042244353479], [0.3103952633123425, -0.27582449967711165, -0.06625782779686823]]","tensor(-3, dtype=torch.int32)"
"['Bi', 'Bi', 'Bi', 'Bi', 'Bi', 'Bi', 'Bi', 'Bi', 'Bi', 'Bi', 'Bi']","[[-2.0706881783084574, 0.014179631321994457, 0.2043626820133151], [-0.19628612558955139, -0.733139583046043, -1.9372359256584155], [0.1963539477566426, 0.7331401634681702, 1.9374162498574607], [2.070620356141368, -0.014180211744121984, -0.20454300621236055], [-0.39245107521771194, 2.712478839962893, -1.7840321942921333], [-4.388340031349648, 2.4717927095916323, 0.7695512841864413], [-4.8412271436890535, 4.352315378292502, -1.6059673923299185], [-3.1606875306050792, 1.8142445629709583, -1.9648133203151854], [-0.7061662880454276, 5.004805844888157, 0.08506965067079397], [-2.2112479706772628, 3.6821237048202233, 2.284202135665827], [-2.901254720675982, 6.498757536316511, -1.2496625912129136]]",[-64250.10546875],"[[-0.13029535252358856, -0.4493511244994705, 0.9767595441955346], [0.7254171023186317, 0.13047728388359095, -0.6523658505813237], [-0.1959466567502962, 0.4467186219432347, 0.19349197178673652], [0.4079718702509676, -0.37522463682727, -0.04524356786627671], [0.09745303965256354, -0.33763441939668, -0.42744618766286846], [-0.34908606776897294, 0.42176831457711833, 0.27175953191579194], [-0.32711284239475547, 0.4084170827198485, -0.008892000635404556], [-0.3632535739079493, 0.23602318373076622, -0.6187949380947323], [-0.10590672866377693, 0.08853212951727392, 0.5299067105932819], [0.15054362383582748, -0.2566587148146778, 0.033074900133440756], [0.0796102937843359, -0.30509050892308115, -0.23060668913650623]]","tensor(-3, dtype=torch.int32)"
"['Bi', 'Bi', 'Bi', 'Bi', 'Bi', 'Bi', 'Bi', 'Bi', 'Bi', 'Bi', 'Bi']","[[0.646955245907012, 0.14185033382827694, 1.9725724554795703], [1.427058774693939, -1.4700972915482198, -0.362245952277071], [-1.4271513532282722, 1.470262781852403, 0.36221190562962635], [-0.6468626673726795, -0.14201582413246028, -1.9725384088321276], [3.5919079174998627, 0.7301097522655091, -0.8273687373963932], [5.284342418711693, 5.059851261094257, 0.13950812678136165], [2.6239801166745034, 4.683542015555485, 1.6110464375705924], [4.590700703072506, 2.343347990346368, 1.3867936467811546], [2.3578697382579867, 2.8520217441000164, -2.5070595750791176], [4.630965558518225, 4.76302660617562, -2.6860523421056786], [0.6577318064043114, 4.221957177872119, -0.49096856500989117]]",[-64250.76171875],"[[-0.3859049024038037, 0.13498283612554954, 0.5055692002924985], [0.349388378245359, 0.09213861791008558, -0.10937113781755901], [0.5179598160570028, 0.3263167255729474, 0.0677537992850507], [-0.212184827672929, -0.10575580482499598, -0.2684396188393436], [0.40702220706370806, -0.3725330502878112, -0.7094325451516608], [-0.09108734466986826, -0.22897707163231298, 0.3381909092717354], [0.3000663648875601, -0.1082270477020437, 0.18041960193209336], [-0.1573391046599303, 0.42040341800036773, 0.5280508873082377], [-0.15879342425393472, 0.1069165556981825, -0.18813610383844684], [-0.23029687103474977, -0.22912280183984454, -0.20900318860073344], [-0.34649886807541713, -0.05078712130661636, -0.14015163050467908]]","tensor(-3, dtype=torch.int32)"
"['Bi', 'Bi', 'Bi', 'Bi', 'Bi', 'Bi', 'Bi', 'Bi', 'Bi', 'Bi', 'Bi']","[[0.8735987524834529, 1.5373176043391306, 0.22223915478432238], [0.1524613207068302, -0.9798299724207482, 0.3688560247293376], [-1.4892944078983794, 0.8342589935874918, 4.189888228094284], [-1.7769775184203902, 2.5328497321633248, 1.7377901780449723], [1.727301688784873, 3.6890252627863958, 2.435946870583667], [0.9570783683926686, 2.497459857999377, 5.293948568341656], [4.614515442642938, 2.5199950607874637, 3.110913446371684], [0.0955344772453767, -1.8287608047058732, 3.101181348759084], [3.842599420538222, 0.5583665126050859, 1.1249602297699226], [3.5281504145122335, 0.7306202652934798, 5.212634400027085], [2.9760232455787508, -1.3233083628828053, 3.408385689066046]]",[-64250.08203125],"[[0.9957445804060724, 3.5295228914634427, 0.3352348589152918], [-0.9742974544507879, -3.2060311413355067, -0.29515519518723554], [0.5136761501402025, 0.5320304429754465, -0.4149792615144627], [0.10724570850637223, -0.3396947997620208, 0.5152272461105565], [-0.5797136342746597, -0.5732982141294087, 0.558853748605194], [-0.05191106424665148, -0.12620822184079886, -1.1157529435095146], [0.2093060647201269, 0.6979679898343818, 0.46316587509022294], [-0.5446185709937013, 0.19654464425325488, 0.29303809625488436], [-0.20569710806691952, -1.1359140029544372, -0.45267088330964417], [0.24796056518010334, 1.2985682492661277, 1.5457516723762152], [0.2896864557479325, -0.8713211165197571, -1.4367491795331777]]","tensor(-3, dtype=torch.int32)"
"['Bi', 'Bi', 'Bi', 'Bi', 'Bi', 'Bi', 'Bi', 'Bi', 'Bi', 'Bi', 'Bi']","[[0.1799795642792119, 2.0518045683719235, 0.2956688505413964], [-1.9526293967208488, 0.0682962874908205, 0.7151775857547875], [1.9528104937927222, -0.06836164944107515, -0.7151845618581418], [-0.180160661351085, -2.0517392064216704, -0.2956618744380422], [1.1913390748251365, 0.23231632598009666, 2.5618671650679126], [3.0413474720357363, -4.030886735077961, 3.535733447000127], [3.9932523471534185, -2.030005682801012, 5.651132546429189], [1.1261009254244598, -1.8722843153830881, 4.579053281682203], [3.9863482685679834, -0.06143962310721518, 1.5880329448939852], [4.030951062432773, -2.9781975884691243, 1.0036733262632107], [5.468711093212292, -0.0035567149028121747, 4.163118393178053]]",[-64249.51953125],"[[-0.5930417261907195, 0.8693130838436426, -0.652082000635814], [-0.5540092733576459, 0.16333152667986206, -0.20698379164238018], [-0.3974903510583822, -0.13695806150723744, -0.872024570732542], [-0.0436424227741901, -0.3124394457188363, 0.2842934610495236], [0.5624764349568528, -0.0004134034315180599, 0.12928490842408405], [0.06816682152460389, -0.02260666840931905, 0.027075258451851474], [-0.19432166723434494, 0.009620044892381899, -0.13610388914403798], [-0.07246935934901315, -0.7754276574826579, 0.47262759136263666], [1.047865498208453, 0.11005962820169468, 0.6697830272196532], [-0.22585564782935508, -0.02736584983356699, -0.07088663879233888], [0.3969911968154361, 0.1271606618210036, 0.35385233001523114]]","tensor(-3, dtype=torch.int32)"
"['Bi', 'Bi', 'Bi', 'Bi', 'Bi', 'Bi', 'Bi', 'Bi', 'Bi', 'Bi', 'Bi']","[[0.9798260389445311, 1.6285423714100915, 0.17135357285735928], [0.25147205194616074, -1.1977961340474594, 0.200238273836879], [-1.6785782940696095, 0.6320302597656404, 4.007187478438886], [-1.6858895883897165, 2.4180976668393273, 1.843207532442541], [1.568660503741627, 3.6964877394645814, 2.6459576915592242], [1.0703147693185806, 2.445147468487019, 5.383305465272292], [4.566948199916547, 2.493761223701244, 3.1390055805634565], [0.1744096137789602, -1.8280519930242582, 3.1192208808763366], [3.8690220511925095, 0.3966079013411323, 1.058938677143264], [3.57570835677878, 0.8739138702427861, 5.454894966668719], [3.1241261171120285, -1.328250169118592, 3.3126702456073036]]",[-64250.7265625],"[[0.18122178656070762, 0.7018061347497517, 0.7406020459615671], [-0.10147882378010088, -0.5658605228035902, 0.40953638738722337], [0.6749617460624572, 0.23831527204075673, 0.4402450948345007], [-0.052205147188385134, 0.1015361079901186, -0.43343727270841914], [-0.007504771444281751, -0.7392887257426692, -0.06864725812621562], [-0.5603470461446145, -0.18755297731995416, -0.7023254978746878], [-0.041069518422092985, 0.3702479039601837, 0.09083167403054325], [-0.131146850938026, 0.2628933863080327, -0.5067420867792974], [-0.17793581206470063, 0.16143780531332502, -0.23953505547507462], [0.27740326073273436, -0.26547909476093273, -0.004021877591240177], [-0.07270050165065553, -0.08318526043501034, 0.27249178249986034]]","tensor(-3, dtype=torch.int32)"
"['Bi', 'Bi', 'Bi', 'Bi', 'Bi', 'Bi', 'Bi', 'Bi', 'Bi', 'Bi', 'Bi']","[[-1.994584117714483, -0.5330128277642255, 0.25931876586629826], [0.5826197573245794, -1.9296788573719428, 0.515556639736372], [-0.5826175388346007, 1.929871080625994, -0.5155439000776464], [1.9945818992245061, 0.532820604510175, -0.2593315055250242], [-2.066410014011281, 4.587394243912593, 4.909217192387701], [0.4146886555160625, 0.5485858092408518, 5.188542745717546], [2.2683912667238597, 2.7861753149381725, 4.218212358842226], [0.15396852556553256, 3.373561217983559, 6.35806785100497], [-1.7867208146184073, 3.2219530760658337, 2.28165817154626], [-1.687923764065887, 0.386142004719332, 3.1757260168688157], [1.089792776573389, 3.7111966826758396, 1.717632202291198]]",[-64250.09765625],"[[-0.20080825555433973, 0.18444502610498964, -0.43225358758238897], [0.5120241126040813, -0.008283893264823362, -0.006990000312123491], [-0.019563447323232716, -0.09236950310127008, -1.1945614126198771], [-0.13483294072860014, -0.19971286215954864, 0.2743010687920266], [-0.23379141353419647, 0.09042765065701618, -0.16149442103615225], [0.7853860597376219, 0.4159398776072283, 0.1999031753204782], [-0.043001466971508986, -0.4629130326659347, 0.5377542359889756], [0.28111125633432066, -0.1262475597408559, 0.17903362229779587], [-0.43675985973362963, 0.22742422731084544, 0.5011140417002863], [-0.6681375202891623, -0.12790736201280536, 0.39709326966721814], [0.15420158574230852, 0.10584070269819097, -0.3058517101447079]]","tensor(-3, dtype=torch.int32)"
"['Bi', 'Bi', 'Bi', 'Bi', 'Bi', 'Bi', 'Bi', 'Bi', 'Bi', 'Bi', 'Bi']","[[0.8092132875381156, 1.9399979328027142, 0.2735704950332693], [0.4830612487613889, -1.0650942030799428, 0.15067130324271483], [-1.31846133463594, 0.6236986368081142, 4.064797166667849], [-1.4705910867844527, 2.656480089841665, 1.78162486117612], [1.4804923747228274, 3.6327982606929203, 2.540408623259882], [0.9107255317341696, 2.3766966707622075, 5.129043486854359], [4.574124609148508, 2.588199335048588, 3.0748765612142797], [0.13887021874103878, -1.7997698607426138, 3.0898469994064257], [3.8859022420754905, 0.6118037265993652, 1.237506996533745], [3.63330782011313, 0.9050019078273015, 5.305999211113982], [3.072626888813999, -1.2908136960895222, 3.2608245563551543]]",[-64250.5390625],"[[0.9998454922094049, -0.8786744756153879, -1.0030665720258407], [-0.14045116418811998, -0.12712636328592117, 0.493349511560399], [-0.2508652962891523, 0.6703219307393888, -0.1727436206339032], [-1.7911301800719208, -0.09709797011021858, 0.9783140340239328], [0.4872552737991432, 0.7134491247248057, 0.18349418020962385], [0.053454035526536076, -0.3767773268824628, 0.1644042943543589], [0.6264887114366083, 1.3288471194499059, 1.1309409724779447], [-0.0961456843962886, 0.10854468196172, -0.7819392369391595], [-0.10024356229621807, -1.0745237389242357, -1.575092089388698], [-0.1142451293456728, -0.010285858134131742, 0.294052551277532], [0.315764552426534, -0.2649731013798068, 0.27816801007868]]","tensor(-3, dtype=torch.int32)"
"['Bi', 'Bi', 'Bi', 'Bi', 'Bi', 'Bi', 'Bi', 'Bi', 'Bi', 'Bi', 'Bi']","[[1.0061431185290286, 1.6595187166311194, 0.3735087518488687], [0.09601850443791751, -1.2407899762052355, 0.06569848495365435], [-1.5867149935723508, 0.9942690903395108, 4.069799705256759], [-1.7305138566065041, 2.340848941874697, 1.8892776723017153], [1.486384512978206, 3.4541559340858283, 2.543105594058996], [0.7967314642587336, 2.266353367576036, 4.948682214453707], [4.622982163499473, 2.6246579601188764, 2.987893672352025], [-0.029790429033022203, -1.7549566679404953, 3.2038713779676984], [3.6785735084208495, 0.4612947090061754, 0.9899125943924084], [3.5980783864548305, 0.8489953261935278, 5.359938164189783], [2.881200186259393, -1.4288870067608217, 3.402589520878608]]",[-64249.97265625],"[[-0.46325432108773684, -0.5794015021787823, -1.155446684440279], [0.049081445386770325, -0.037523132169917504, 1.2431516896145234], [-0.6017701120151417, -2.683395000270415, 2.719801326886609], [-0.5341726873105792, 2.1300958659974594, -3.207188652616924], [0.6342822436361455, 1.398514797561392, -0.5749648041174464], [0.9813433094387831, -0.01368360883060148, 2.048096141883776], [-0.4553801076265141, -0.39149669490825256, 0.5145998965933068], [-0.18721765386077507, 0.11625192789158949, -1.068308864936138], [0.252152339819254, -0.6579837140862025, 0.5125882643707819], [-0.1598282938469387, 0.3290618425097387, -0.5397519842467747], [0.4888448334939973, 0.39533345142714976, -0.47698448233784374]]","tensor(-3, dtype=torch.int32)"
"['Bi', 'Bi', 'Bi', 'Bi', 'Bi', 'Bi', 'Bi', 'Bi', 'Bi', 'Bi', 'Bi']","[[0.9126281751365926, 1.7603236386233005, 0.351879503014053], [0.02967970530761188, -1.3597080498646876, 0.2990550185807768], [-1.3046794263982928, 0.8833593370006739, 4.216080736912461], [-1.6251953938150168, 2.5045904156085155, 1.67848828373132], [1.4778029558053665, 3.599890464843412, 2.7308317775953332], [0.872126619560314, 2.4905558085473234, 5.011625355997819], [4.63378730942637, 2.371911197452713, 3.0010687146161805], [-0.04242005680284611, -1.7677655342066463, 2.995055049569614], [3.7028039249555587, 0.402114983397123, 1.0428518064220749], [3.6247250650511935, 0.9316463564099016, 5.3198906328637], [2.954889510609271, -1.3663062487956792, 3.1995395658158463]]",[-64250.15234375],"[[0.3246147057638125, -0.3933174483268406, -0.3940818377181452], [0.08358753545742378, 0.5415250179643786, -1.314175882501833], [-1.0930830002165088, -0.3727447036167456, -0.6035025222803991], [-0.28487046833911855, -0.18313499689995266, 0.7324773554922689], [1.0276936401242986, 1.7965361845594987, -3.638158230572614], [0.1585071574701209, -1.2680384392754496, 3.7461605637344624], [0.27772937963752103, 0.7740788560205711, -0.03131980758358841], [0.03716308496910781, -0.17836960882925126, 1.1921111499561932], [-0.12760649135498342, -0.011188850631075206, -0.7384448892198769], [-0.44818415155320307, -0.6533469840886288, 0.06500415720420054], [0.04824985246398269, -0.055118465786727536, 0.9859383875421788]]","tensor(-3, dtype=torch.int32)"
"['Bi', 'Bi', 'Bi', 'Bi', 'Bi', 'Bi', 'Bi', 'Bi', 'Bi', 'Bi', 'Bi']","[[1.0463228929327173, 1.6676564437439816, 0.02523063339648368], [0.07007624621718686, -1.181845437257495, 0.11438079293032172], [-1.3954193554840706, 0.7790171098209508, 4.1767811268251895], [-2.0143940817403445, 2.512039726239736, 1.8484314204393928], [1.4294758062837274, 3.3920637109933187, 2.4819537959918136], [0.9322835306028643, 2.4470227870699466, 5.163072678367256], [4.607085405781376, 2.3915045784408253, 3.139534210526056], [0.06795516500700678, -1.637397869119346, 3.148575782727687], [3.791887900350926, 0.303646835733967, 0.9572835854460096], [3.803388919982978, 0.8730959967326177, 5.372501749849517], [3.217596884968733, -1.3400575445360299, 3.355206317661328]]",[-64250.73046875],"[[-0.09983131138803854, -0.3332842647154697, 0.5833563752420339], [0.14145718598774878, 0.04292843731705014, 0.813345279370324], [-0.28666479080263557, 0.43577661792056976, -0.1523399003388245], [0.6166845754563779, -0.09438560904576236, 0.27755927535858155], [0.04918417129911537, 0.2278234684298558, -0.6615981729032088], [0.2891272405020235, -0.5783365506622052, 0.4749215822900156], [0.23837893259013013, 0.8320711482393093, -1.2626977408441753], [0.5454531515400095, -0.17789148622176054, -0.8899770513441967], [0.06958288308247437, 0.23003400130260387, -0.0730634901951035], [-0.9360538165025182, -0.5687864398143693, 0.7632884443238777], [-0.6269617946791245, -0.012031905538075543, 0.12382948730649967]]","tensor(-3, dtype=torch.int32)"
"['Bi', 'Bi', 'Bi', 'Bi', 'Bi', 'Bi', 'Bi', 'Bi', 'Bi', 'Bi', 'Bi']","[[-0.5948593340432023, 1.8787851163769922, -0.6678499522441161], [-1.1788051998273976, -0.8933162925663449, -1.4633212994024618], [1.178868275603283, 0.8933450308630242, 1.4635010563405773], [0.5947962582673179, -1.8788138546736735, 0.6676701953060014], [3.1912129834607956, 3.2213662035155646, -6.201433641541094], [2.9668097011568295, 3.0109255942003754, -1.4631634021508515], [1.9009369565453773, 0.38402308089233284, -2.624137004076986], [4.303045729322528, 1.7689022602585889, -3.9305712186733057], [0.4821261231584, 3.8494524573777045, -5.146408485367404], [1.2108370354600215, 5.076072019254283, -2.535790271548455], [-0.39182885562114267, 1.153662627392037, -4.251570551143387]]",[-64250.1328125],"[[-0.1313178808146139, 0.5353944762064687, 0.006141489521206746], [-0.18211827930527563, -0.7519030790276287, 0.0007328542794235343], [-0.04276796953807234, 0.22530620278084587, 0.163407785641672], [-0.22691982801455843, -0.1559135814372095, -0.10459273995768843], [-0.1723948245867307, -0.33843480425208905, 0.05453364233921278], [0.06231719865298378, -0.12166009210701385, -0.24055007614072957], [0.39820074725353, 0.03663817854269955, 0.1510294597570549], [0.41284719875346243, 0.1876301618794125, -0.27358043960065476], [0.05230007236943782, 0.48040528555796785, 0.12997386160704394], [-0.07581966288158401, -0.008177182140381033, 0.10206601264382821], [-0.09455057111554407, -0.10253246243653077, 0.004815572432534946]]","tensor(-3, dtype=torch.int32)"
"['Bi', 'Bi', 'Bi', 'Bi', 'Bi', 'Bi', 'Bi', 'Bi', 'Bi', 'Bi', 'Bi']","[[1.9968168425936135, -0.1632634970560074, 0.5619450393001217], [-0.4628861007145273, -1.662613478097466, 1.1620489676444135], [0.46288829060182146, 1.6627182488699213, -1.162210631770406], [-1.996819032480909, 0.1631587262835521, -0.5617833751741299], [-0.3713359608754888, -6.243714973009075, -3.875146167017302], [-1.95379791056879, -4.630700696609495, 0.3009580063185382], [-3.350801813197953, -3.0926256812441544, -1.9501009821681703], [-2.79632176539718, -6.090854404152244, -2.2630924460817825], [0.9883069825289099, -3.7419795708640367, -3.0152548464320668], [0.8863487144256106, -4.082049679845443, -0.061460771999702235], [-1.200456632118607, -1.7704698829935932, -3.408037777250268]]",[-64250.56640625],"[[0.6962170676161564, 0.12965782143220655, -0.10904949263473963], [0.058394567241151586, -0.16841007528827248, 0.6539681629548891], [-0.14087956163305493, 0.4038994977084607, 0.3125930435063793], [0.13765339102955296, 0.02562573653899128, -0.8435680994742824], [0.21557452052764847, 0.021200253635828555, 0.0683841827057034], [-0.5409388061203911, -0.4835037236859905, -0.04718015983056219], [-0.09799621120590025, -0.16263357463087608, -0.08653222153162865], [-0.22747071288163181, -0.06814183038809705, 0.10645941330405553], [0.04781461073865871, 0.0812848541965682, -0.3746936523096372], [-0.028637960388274493, 0.24578463937498718, 0.010411862827334077], [-0.1208181582016099, -0.02211953150917472, 0.3143742019144524]]","tensor(-3, dtype=torch.int32)"
"['Bi', 'Bi', 'Bi', 'Bi', 'Bi', 'Bi', 'Bi', 'Bi', 'Bi', 'Bi', 'Bi']","[[-1.8029511727849896, -0.29334858025246513, -0.9965080925650296], [0.4121105520623829, 1.630014961078364, -1.2256104774882752], [-0.4120723316215006, -1.630183827269787, 1.225694978418999], [1.802912952344109, 0.29351744644388844, 0.9964235916343067], [3.8557863851567786, -1.6750392825536167, -2.282602788049714], [1.6291384570645142, -1.2306700632904608, -6.452785271580007], [-0.39157422595858926, -0.7743675003708557, -4.196002284617908], [2.468440080951713, 0.2942878823302775, -3.9256671369672804], [2.4002607851813065, -4.142903121771431, -3.0812362070913544], [2.6184526859016826, -3.941918697695474, -6.04146257636582], [-0.4122020653150449, -3.2678422102093414, -2.686095527651649]]",[-64250.38671875],"[[-0.03799112462536741, 0.12139125741224492, -0.524862203409496], [-0.246416102659563, 0.14729780999334277, 0.026458476174421094], [0.5208579651383297, -0.07739523576752896, 0.362806098867039], [-0.1486903202332706, -0.4840887528218715, -0.1066269979005077], [-0.03215687695912909, -0.018062030235552164, 0.1387404026234169], [0.011668377061666017, -0.02572122736305132, -0.43759953106700406], [0.23119089551892208, 0.2817461134769407, -0.09688863077540519], [-0.27593690836930074, 0.030753053859054115, 0.13938832097729764], [0.30895719309927666, -0.09552990484964398, -2.8246432583000833e-05], [-0.15313761124547148, -0.05421184289011868, 0.2748672260202986], [-0.18746021186674774, 0.18310002987767973, 0.23236439907081988]]","tensor(-3, dtype=torch.int32)"
"['Bi', 'Bi', 'Bi', 'Bi', 'Bi', 'Bi', 'Bi', 'Bi', 'Bi', 'Bi', 'Bi']","[[0.8470359102973709, 1.6034333898164268, 0.19300594082609127], [-0.012519096034863203, -1.3259950290889533, 0.28537366631159283], [-1.3674604168181625, 0.8671907974814438, 4.078423505801897], [-1.740752240530645, 2.3484565452303188, 1.7935662392485896], [1.396698060573542, 3.67430585173318, 2.4633391838045076], [0.8267786028943747, 2.3779159342865044, 5.148044443418893], [4.6209487546521935, 2.3976413526458806, 2.9775829865514427], [0.16580577477563968, -1.8452845209850608, 3.1522985254277884], [3.624592040345984, 0.34063107428119754, 0.9413767623375953], [3.485467689681658, 0.7403789864030753, 5.402267644089408], [2.817362088796838, -1.3203382430369748, 3.2050406952812094]]",[-64250.625],"[[0.1460269644220881, 0.1239572712040706, 0.19639222917381818], [0.05006496487912468, -0.04190165641905135, 0.03648674048300282], [-0.5770134602459075, -1.2129304121733124, 0.8611487983638293], [-0.25440277623506646, 0.7816584723191444, -0.9285256222955228], [0.18153628407279768, -0.48350938011606404, 0.007631069243406078], [0.8914394956286704, 0.42322859913374583, -0.0023319764264274714], [-0.45771832155264996, -0.17357295612687054, 0.4421399474870525], [-2.3520289852591656, -0.17602291025800507, -0.227608575509152], [0.05422423561418894, 0.28208467652788916, -0.26090427696161883], [-0.061689129226452075, 0.3999905959950798, -0.638550277237106], [2.382898695275173, 0.08671410146953948, 0.5172820728900069]]","tensor(-3, dtype=torch.int32)"
"['Bi', 'Bi', 'Bi', 'Bi', 'Bi', 'Bi', 'Bi', 'Bi', 'Bi', 'Bi', 'Bi']","[[1.0485175159628355, 1.6510884708639055, 0.30831846193534423], [0.2549920302190327, -1.0893150619443617, 0.46633606010540696], [-1.2418549464832902, 0.9166885638818406, 4.1741300034508955], [-1.8582466706856329, 2.53637203305674, 1.9740244926669483], [1.6499624140673763, 3.5849996730667715, 2.451114898486396], [0.9894094876513664, 2.3655545084341028, 5.176627440615377], [4.750224115698153, 2.5768563439017185, 3.2846683260627105], [0.20302492251952836, -1.743950507079589, 2.950591103024235], [3.8234399662403984, 0.38164948845022206, 0.9956637704128557], [3.6159485030939704, 0.930807283119921, 5.440621536299452], [2.94115873583765, -1.3295966982001182, 3.482084663917178]]",[-64250.19140625],"[[0.13863051361371506, 0.8533953753957227, -0.12923199509185046], [-0.1440670114015988, 0.005619503869600115, -3.882609597957171], [-0.8245249563002616, -1.1196024012850314, 0.2427067186615041], [0.31412089669134, 0.38445320533646976, -0.5313259603208302], [0.05187167492450286, 0.006993059926572371, 0.5324140517786172], [0.5859434206693148, 0.9378340493129431, 0.016309441941559664], [-0.3604680392071779, -0.1631172508242572, -0.6666385663196683], [-1.3605246705246015, -0.9317611002976004, 3.686319133102585], [-0.055305282245429827, -0.07745272566591299, 0.7946034696529494], [0.07703363561955362, -0.3880674584651097, 0.17152085471827377], [1.5728104911853893, 0.4905615085992318, -0.23540611863183217]]","tensor(-3, dtype=torch.int32)"
"['Bi', 'Bi', 'Bi', 'Bi', 'Bi', 'Bi', 'Bi', 'Bi', 'Bi', 'Bi', 'Bi']","[[1.0110002486849945, 1.756656812023811, 0.23741089379698205], [0.1313917041735113, -1.2296881077037547, 0.21979886047567404], [-1.5473853754084423, 0.8442134960457895, 4.064290829709233], [-1.770863641842337, 2.289567546105055, 1.7734612692633678], [1.6250859028574098, 3.6400890613139216, 2.444116890107883], [1.001674066007406, 2.3474763540678825, 5.323500563472631], [4.636850736453197, 2.5326667547149593, 3.009145577494268], [0.13957873309090785, -1.8535460928627214, 3.033345034089422], [3.946220997196103, 0.561415327068659, 0.9493437893995734], [3.524096068890985, 0.786308595739487, 5.5545047073761795], [2.9159663269326335, -1.6831207264244914, 3.4330322302289478]]",[-64250.18359375],"[[0.10496477879025408, -0.5665902022830798, 0.06570596591005487], [0.07930901174978135, 0.21825381718722012, -0.1276061314003424], [0.5704098352454816, -0.5659967913462716, 1.138683082585904], [-0.08721505548569077, 0.6863501966842009, -1.0373399102833853], [-0.07638268336226976, -0.2595940934903071, 0.9925960057387614], [-0.26014158449933633, 0.20941636510656136, -1.0308175321876525], [-0.3795578222182597, -0.06022694205243625, 0.9958119433460394], [-1.0664957219871036, 0.19806596683258523, 0.026607790501735666], [-0.6013247967020777, -1.0324234441076283, 0.3692658448552301], [0.2925233611181903, -0.017535766265926258, -0.9539636167781634], [1.4135778708472881, 1.186095279462502, -0.4332236139179133]]","tensor(-3, dtype=torch.int32)"
"['Bi', 'Bi', 'Bi', 'Bi', 'Bi', 'Bi', 'Bi', 'Bi', 'Bi', 'Bi', 'Bi']","[[0.9014699423033514, 1.5979498752560533, 0.27048286104040703], [0.1921393554672414, -1.2134357777594502, 0.28913316273628586], [-1.425862330483949, 0.9739513481096401, 4.00746122240642], [-1.6823700463432154, 2.4899910474564955, 1.88243534857087], [1.4478352185093, 3.630277779717443, 2.688159436141943], [1.0248228940948507, 2.530620634816159, 5.177064123598943], [4.581891550887986, 2.5586190410223097, 3.161671505730132], [0.15023074394367794, -1.7006279392952441, 3.056369086430153], [3.611142259431753, 0.5095575912159929, 1.0756052229620903], [3.636684147670694, 0.9554061692842338, 5.379247138492085], [3.1809565501701003, -1.457880855212098, 3.4794400414460664]]",[-64250.484375],"[[0.16148902171653653, 0.9573003963006493, 0.18082192837659836], [-0.17199290951895832, -0.5467736708517285, -0.5974321443696353], [0.286794220207137, -1.4863720121267072, 2.417643059891571], [-0.42776150792842377, 1.4401049852295476, -2.179671390266737], [0.522852628070634, 0.6217388528375635, -1.8425404445686955], [-0.3645962047190467, -0.9762751480928714, 1.3709222174416402], [-0.013034924287556217, 0.5008184160958052, -0.4533535629974315], [0.07073412086871901, -0.153762903879058, 0.6825896991271136], [0.3622255434531252, -0.5080436313392241, 0.41632646889171054], [-0.1253965241252427, -0.5386669781144823, 0.3862200684030843], [-0.30645237159642863, 0.6899872812215014, -0.3716023104302523]]","tensor(-3, dtype=torch.int32)"
"['Bi', 'Bi', 'Bi', 'Bi', 'Bi', 'Bi', 'Bi', 'Bi', 'Bi', 'Bi', 'Bi']","[[-1.2106714018814118, -1.5055674344569927, 0.7728234963428493], [0.6103314278980216, -1.274686388511033, -1.5269496003647798], [-0.610304562264408, 1.2748087242877144, 1.5270959875072294], [1.210644536247799, 1.5054450986803127, -0.7729698834852994], [-5.695833850296405, 3.745999405322431, -2.8014143396227733], [-1.541596962222366, 1.446456726052996, -2.8177326922436334], [-3.5127357500899485, -0.07933461216511706, -1.0369649090440674], [-4.49157447660398, 1.223857574774182, -3.6327985181453424], [-4.026922676157903, 4.3632579084832015, -0.4180449867476559], [-1.3100172546349298, 4.083966860269399, -1.5976059400246359], [-4.235598519387987, 1.7998811561976535, 1.0710383081718096]]",[-64249.390625],"[[0.3907041776328549, -0.6818116828815409, 0.3033866379186495], [0.06427051822365953, -0.04326157533733717, 0.290206384515876], [-0.5636396026683435, 0.2842475925438362, 0.49414763384377874], [-0.03485687101056083, 0.13719686570052492, 0.13756036846588865], [-0.3524303549168292, 0.5294804214541016, 0.1318363697639932], [-0.35577047687526764, -0.21736904867953186, -0.4163799478669514], [-0.07516727080573599, 0.04469712072570651, -0.40180651573705956], [-0.32570819654121524, -0.32922125099363, -0.5809585631117592], [0.052983780499056755, 0.05350082962987191, -0.009554779973751308], [0.140634843899236, 0.3123517710526961, 0.10315425836789], [1.0580259892833181, -0.08128716819068921, -0.057536075422259574]]","tensor(-3, dtype=torch.int32)"
"['Bi', 'Bi', 'Bi', 'Bi', 'Bi', 'Bi', 'Bi', 'Bi', 'Bi', 'Bi', 'Bi']","[[0.8890398509140007, 0.18079600525439227, -1.8726013050036472], [1.781440126815557, 0.5844494867944958, 0.9021057559657406], [-1.7815920020174094, -0.5845646896998793, -0.9021336703644212], [-0.8888879757121495, -0.18068080234900896, 1.872629219402329], [-2.7642249443706266, -4.828063281214501, -0.7854623185105807], [1.3426943831385438, -5.299000046333637, 1.5506196888769457], [1.306807649362695, -2.5764023518631265, 0.14679093760357098], [-1.2551778338979647, -3.6706538743309496, 1.424926784805071], [-0.5305441921573969, -5.701079397125395, -2.5447903713946873], [1.0913719927233456, -7.256417035277403, -0.5951095456750981], [1.0585353269651072, -3.1940516511363217, -2.691259493261187]]",[-64249.859375],"[[-0.15860871610098715, -0.00979921488606656, -0.4603804946557263], [0.3102410484597006, 0.557127508990926, 0.293174930440573], [-0.5811693936872283, 0.33271265674549044, -0.0823563363187756], [-0.329386418751778, 0.23524064234113468, -0.02074454077584744], [-0.09093960900076514, 0.3144576085469917, 0.09447724321295407], [0.20711548361891102, -0.3752481367231211, 0.28425371177273395], [0.44526049711445354, -0.8364903627895086, 0.28192809625903464], [-0.11830809164542092, -0.2832681559655531, 0.1678471062296783], [-0.1786435343110864, -0.3114994498847934, 0.09718034830092627], [-0.007635157299686517, 0.1606872484646549, -0.24308873337983583], [0.5098826910224139, 0.2207459374334485, -0.3994000132733083]]","tensor(-3, dtype=torch.int32)"
"['Bi', 'Bi', 'Bi', 'Bi', 'Bi', 'Bi', 'Bi', 'Bi', 'Bi', 'Bi', 'Bi']","[[-2.077393472049823, 0.012994859836898187, 0.11824633369833937], [-0.08613126539100413, -1.5918704486990094, -1.3369498130709538], [0.08619073435827884, 1.591961975022033, 1.3371085687767574], [2.0773340030825502, -0.013086386159921748, -0.11840508940414318], [-0.3503338759315525, -1.6848993744502234, 2.487244489081754], [-0.8831046050560479, -1.2311300405072458, 7.183636262178426], [-1.898515558365635, 1.3169660621834836, 5.819558524712474], [-2.413399153335098, -1.4156884302810486, 4.530263537827109], [1.8458899225187426, -0.1278080996313294, 3.751677100222584], [1.9266451333895633, -1.4207380155647868, 6.429876762310999], [0.4161261516563498, 2.392598455957795, 4.411329580689931]]",[-64250.5390625],"[[-0.32042586218388186, -0.799773960961101, 0.061374734558545176], [-0.15379159740615844, -0.038034581434959844, -0.3114800637562686], [0.19937553323879803, 0.9507399658571487, -0.5261760378493097], [0.43843765973763127, -0.12431676304629126, -0.15472254295208362], [-0.3669073706250126, 0.28254639548816657, -0.39985957250573945], [-0.15251838641869117, 0.0009763507385674909, -0.10782837222604073], [9.139438597867953e-05, -0.005217953898677937, 0.06694102170557138], [-0.21956466914572237, -0.03590696668488101, 0.4025768186688956], [0.46862782681343773, -0.15148408246869455, 0.46317384551441754], [0.22580638546562348, -0.15478985446995902, 0.18586083055240227], [-0.12624565712346753, 0.05987356943911335, 0.3222966492975752]]","tensor(-3, dtype=torch.int32)"
"['Bi', 'Bi', 'Bi', 'Bi', 'Bi', 'Bi', 'Bi', 'Bi', 'Bi', 'Bi', 'Bi']","[[0.8673475500224418, 1.7345836799696186, 0.21339754304051411], [0.30460386771206677, -1.1785918341723833, 0.12271445986512536], [-1.4839378608390814, 0.9425668178284684, 4.194388025666161], [-1.9041335891316105, 2.557288514239835, 1.9614010545512854], [1.346818762903297, 3.5171099478923797, 2.4579437901498573], [1.018873035455038, 2.393724632813652, 5.175028620818533], [4.667307204424124, 2.56408011083239, 3.022487478704162], [0.0754962436651621, -1.7001042780076636, 3.0478751202672063], [3.6681720429898768, 0.42652387867800556, 0.9039893932662271], [3.6188660205200622, 1.026106321659079, 5.529325042659977], [3.107028197420086, -1.2381910135351433, 3.392045582023647]]",[-64250.98828125],"[[0.0024751231880781937, -0.13390209802685812, -0.23893100016530977], [-0.1393392643019324, -0.2493537953293133, 0.5711343725158133], [0.2195413749382376, -0.7632462782087839, 0.45694287641165626], [0.08668530509825588, 0.47612213386208346, -0.5938727071906175], [0.30907453831225734, 0.3132563884877334, 0.2555521628260143], [-0.3933035129400231, 0.2489600049520102, 0.09522949699064626], [-0.4851679482578156, -0.22602158691887675, 0.24280529481105884], [0.21464321502708228, 0.26821037915508955, -0.27106528225739956], [0.06998654650136041, -0.030636006894204638, 0.44393010476115174], [0.34147780936539074, -0.27115516807347767, -0.8005638042877365], [-0.218682471742613, 0.3740257307621327, -0.1565632995642955]]","tensor(-3, dtype=torch.int32)"
"['Bi', 'Bi', 'Bi', 'Bi', 'Bi', 'Bi', 'Bi', 'Bi', 'Bi', 'Bi', 'Bi']","[[0.8011522593266706, 1.5361576882063686, 0.006175654804174979], [0.33666661613387505, -1.1202685281391045, 0.1367803928419985], [-1.365652919698614, 0.9928317508456211, 4.197885195307406], [-1.6063602708971616, 2.6758375335950753, 1.7798134693821712], [1.4774638826408766, 3.6008710902937406, 2.6284735838840483], [0.9262276326969828, 2.2974440908454126, 5.254388529604124], [4.608489251223679, 2.7370195112515563, 3.1371528944910123], [-0.12691824395909873, -1.6292769373572935, 2.7607962133746686], [3.6968434429055708, 0.519376304499837, 0.8711144784003632], [3.467749351530321, 0.9034120171693094, 5.367157581810915], [3.214218117604641, -1.2677140054051934, 3.3506677352326415]]",[-64249.97265625],"[[0.5108954491160393, 2.826110844793715, 0.6638072659573926], [-0.3911607543839745, -2.0191192790587484, -1.453800230879473], [-0.9200414914060954, -0.7453117953291813, -0.9245044147341359], [-0.23759083761460817, -0.2896598191044952, 0.09215126774461373], [0.11847850445690987, -0.10717670005947477, -0.32541740461334256], [0.19589070951465953, 1.1543719627263023, 0.09391190873814731], [-0.2532685077390425, -0.7506406666793927, -0.0019330325271064589], [0.44908491233137204, -0.2854358028139253, 1.7884603450771992], [0.13195165809331072, 0.022029362871592982, 0.8531356938332547], [1.1463249196152865, -0.05183542234994048, -0.12971772816889474], [-0.7470169518859024, 0.23595530656988348, -0.6547826888854821]]","tensor(-3, dtype=torch.int32)"
"['Bi', 'Bi', 'Bi', 'Bi', 'Bi', 'Bi', 'Bi', 'Bi', 'Bi', 'Bi', 'Bi']","[[1.6563801161398972, -0.868558669704334, -0.9119898287088053], [-1.0106872970941432, -1.815493422466826, -0.10676958116300433], [1.0107090771644236, 1.8156828869951536, 0.10674227143864834], [-1.656401896210179, 0.8683692051760074, 0.9120171384331621], [-6.066549382309304, -1.9833795104496676, -3.684937920817558], [-1.3212050464809186, -2.1059280285365793, -3.7969019319333857], [-2.327750939199738, -4.33792695591449, -1.9558132918799722], [-3.8510319205167707, -3.6790874936166706, -4.532697625652045], [-4.822645685797981, -0.6240855478949028, -1.3500405876826262], [-2.308790422043359, 0.3615719343670065, -2.5990216292374155], [-3.7931846582406603, -2.968022934527377, 0.1592581107866855]]",[-64249.9921875],"[[1.2673725231895165, 0.4066194178203789, -0.026424609584907933], [0.4991896213450773, 0.5848938957802111, -0.6339521138082157], [0.10274822953279139, -0.17167476103836624, -0.01733958584434765], [-0.27102399031786256, 0.556324810141396, -0.09902897249314954], [-0.01142119620966051, 0.13223504523999619, 0.15780000086674248], [0.0584167815847132, -0.6016821802385437, -0.015365635730530873], [-0.06362630226037239, -0.4309566195886127, -0.5227153310861212], [0.15312485856676017, -0.09647185472316681, -0.17658603358287397], [-0.4453636498301587, 0.02004822909158278, 0.005449003640555478], [0.05903744623005771, 0.05576396730230414, 0.9787470080350181], [-1.357736564719251, -0.4447705474258999, 0.3563106659472928]]","tensor(-3, dtype=torch.int32)"
"['Bi', 'Bi', 'Bi', 'Bi', 'Bi', 'Bi', 'Bi', 'Bi', 'Bi', 'Bi', 'Bi']","[[0.917222161228704, 1.6619915775286491, 0.25809887379502006], [0.41175645681009765, -1.220367712192325, 0.44017724637366606], [-1.4186586998823083, 0.9510839703116015, 4.126367086772005], [-1.8924593737404523, 2.540744242869267, 1.8593485102634475], [1.4849071168825787, 3.7324005823746207, 2.551821546231582], [0.8251382699430531, 2.5543826277322887, 5.080770759720307], [4.516529697028675, 2.6499298475352666, 3.091066349991537], [-0.014998854576843815, -1.7058860052270497, 3.0152203366443344], [3.685495335490034, 0.4573506365781861, 1.0367623633980472], [3.8003228801905022, 0.8965914149669014, 5.3156952551691194], [3.1650344592961095, -1.1700797584765243, 3.315725459460027]]",[-64250.55078125],"[[-0.11804491338072554, 0.9019260027641388, 0.26450500608017374], [-0.02603119973108253, -0.04400561700700437, -2.314831272653589], [-0.3884881940183996, -0.6923424130157664, 0.35719456027942426], [0.26287801110265097, 0.2844803289303175, -0.5561741434130729], [0.17969593883731844, -0.11716806387514024, -0.8972378506749874], [0.6782584163535124, -0.3934813819547908, 0.7694241282909452], [0.12702804424682435, 0.3031265449794488, -0.43627608069606527], [0.1964474050780812, -0.3366874815802741, 2.2535402532601325], [0.3265904967885078, 0.5946157564139172, -0.5968361623282482], [-0.5481476691386883, 0.34813301072366926, 0.49643730531546504], [-0.6779858792681499, -0.8482063721346033, 0.6532014595694636]]","tensor(-3, dtype=torch.int32)"
"['Bi', 'Bi', 'Bi', 'Bi', 'Bi', 'Bi', 'Bi', 'Bi', 'Bi', 'Bi', 'Bi']","[[0.8362961950771566, 1.703556539683424, 0.3971322718329745], [0.01947554361965584, -1.2365375984910498, 0.014199436087226375], [-1.47613510858219, 0.99948352619859, 4.072092802518243], [-1.8349061134943583, 2.5171224890627255, 1.7634847718682911], [1.4021517494048232, 3.69455382588492, 2.6390850756958284], [0.983799478763828, 2.2680040581114937, 5.024172766638586], [4.747455175878996, 2.550157169018901, 3.0327155469283618], [0.07066215120511368, -1.8065090350774182, 3.085212500116095], [3.767684918839027, 0.35513066157590506, 0.9239366804305948], [3.61977326108824, 0.9627986819887633, 5.325273079177198], [3.0101624573623917, -1.140187613933484, 3.3931431041205817]]",[-64250.58203125],"[[0.28891167909412924, -0.052296267134661054, -0.5499099042170608], [0.24029003462362045, 0.13493938445816625, 1.2638495956955191], [-0.20095151750147558, -1.1575087103125505, 0.5511034109625823], [0.0741374919997982, 0.5350957138544015, -0.5090371575705995], [0.43675050091296236, 0.16671474035104275, -1.1289139136279465], [-0.31717238644975204, 0.25748151970201477, 1.4068364346414337], [-0.5692564377313907, -0.13751434569392648, -0.24977792474064733], [-0.13428611820676142, 0.5207875168728681, -0.8409507150129704], [-0.23426511384181148, 0.40603361735312415, 0.3578518374539722], [0.42885109062686655, 0.1788739052813551, 0.2270461206714736], [-0.0029851516607302306, -0.8556245230656221, -0.5106758253629105]]","tensor(-3, dtype=torch.int32)"
"['Bi', 'Bi', 'Bi', 'Bi', 'Bi', 'Bi', 'Bi', 'Bi', 'Bi', 'Bi', 'Bi']","[[1.046960999698691, 1.7082202056248235, 0.20008930517022916], [0.20946542295517823, -1.3315437291795278, 0.28836427260534353], [-1.3768857296498376, 0.8181660058189181, 4.218787148402534], [-1.7369243309224327, 2.503779189380561, 1.8673325301189403], [1.4132675672727635, 3.5824787919120853, 2.414673227976343], [0.771052626032145, 2.3492280557616634, 5.166787570662328], [4.4151698324025554, 2.6711409959720838, 3.2140770345301455], [0.055583538778456745, -1.7369969623892116, 3.1772545684114255], [3.8875195595750465, 0.4291620781657791, 0.9940842387523788], [3.6012159065108276, 0.7876817315494652, 5.3773685826742375], [3.018024616668207, -1.32857478921943, 3.231486726977076]]",[-64250.9453125],"[[-0.2519153353991717, -0.6117341707001793, 0.02535149738239751], [0.07389544821474132, 0.3593938317141169, 0.15244418434054435], [-1.1352516864149147, -0.6652213734757831, -0.5212528868016475], [-0.0777056195122928, -0.014399954561744867, -0.07278725071914735], [-0.017894322226080204, 0.026156361101982984, 0.6123157545559248], [1.427363619378391, 0.6514243120845334, 0.059341916434290085], [0.3095096206290974, -0.33795549893649207, -0.3117481271196639], [0.06099688502963123, -0.024804839411251833, -0.30502597419815103], [-0.1292217106735349, 0.3915968651426462, 0.2713601365305069], [-0.4253305799711731, 0.18070010944165046, -0.12810873092342417], [0.16916577434610036, 0.032345174374068815, 0.21720254394700284]]","tensor(-3, dtype=torch.int32)"
"['Bi', 'Bi', 'Bi', 'Bi', 'Bi', 'Bi', 'Bi', 'Bi', 'Bi', 'Bi', 'Bi']","[[-0.26684064259995044, -1.3299654159741865, -1.5778791979425915], [1.8966451442674752, -0.7846552973646759, 0.3405263338328781], [-1.8968231124823662, 0.784709537898625, -0.3404763110484136], [0.2670186108148416, 1.3299111754402384, 1.5778291751581281], [-4.218202125460483, -3.052449313480294, 2.241762086198582], [-1.261279613310117, -0.7236423161136254, 5.136432045071857], [0.3317322897425026, -1.8088062659907354, 2.755404219716012], [-2.494279744456315, -0.7022271326389542, 2.3265384377318528], [-2.722151788426434, -4.865915820782774, 4.063819894026159], [-2.395046100135289, -3.0817781471316548, 6.421954163264308], [-0.0008795810545121352, -4.702129464285309, 2.880744814530171]]",[-64249.94921875],"[[0.035784057601591666, 0.08974821056099822, 0.060245351161221115], [0.26314412042656626, -0.12752452454100838, -0.4199655588905825], [0.024814455342376886, 0.10130136614206577, -0.38233770048895754], [0.28196779411373274, 1.271292943451411, -0.012968600073839119], [-0.36019827891476053, -0.3101845355810565, -0.007121049512509609], [-0.054469313302648904, 0.22845678290972843, 1.1468370836474018], [-0.19710355096661442, -0.5274127391517567, 0.09978019782901017], [-0.22743949967204402, -0.43176245518572903, -0.06099163997629028], [-0.0638019087031107, -0.25776912346020964, -0.17441447865554185], [0.2911319821642771, 0.5570066670757181, -0.31482944169119104], [0.004571889311198562, -0.5973735231852366, 0.04878986670089651]]","tensor(-3, dtype=torch.int32)"
"['Bi', 'Bi', 'Bi', 'Bi', 'Bi', 'Bi', 'Bi', 'Bi', 'Bi', 'Bi', 'Bi']","[[-0.15309979222815423, 1.2509190180199725, -1.6557405483668453], [-0.8435772405779984, -1.5541753082148082, -1.0962761848657094], [0.8435926822264768, 1.554294106706473, 1.0964270671836613], [0.15308435057967612, -1.2510378165116387, 1.6555896660488951], [-2.7325774066292836, 1.1672418018820365, 0.7743254030498818], [-5.309122578306681, -0.437396400735459, 4.425681063849767], [-2.9645439273675707, -2.3507351259433187, 3.9496063862208253], [-2.5572250342346248, 0.6716056816416632, 3.6424669767232642], [-4.637174321851715, -0.9774502360399491, -0.012776046645277095], [-6.826718528393036, -0.4714862585667552, 1.9367980665163205], [-3.3392707921669444, -3.3423135756896456, 1.2340931739735903]]",[-64250.26953125],"[[-0.20933069590199269, 0.30452882541677645, -0.16747295909135798], [-0.09369665586280249, -0.47774660915711886, 0.2750272001471973], [0.006035899398360814, 0.39723663445853713, 0.2154319784897947], [-0.1736572883570582, -0.37749507643670627, 0.012058835287434856], [0.243369600844034, 0.6470966288573426, -0.4395568615608229], [0.2606902067943803, 0.12099597579428607, 0.29672341471408487], [-0.026669106203733077, -0.006938285114623659, -0.0901642667039545], [0.0035891488635316085, -0.32154079597347257, 0.4452742782349964], [-0.2627421025146108, -0.4939198339780888, -0.060666035292419415], [0.08809658440160964, 0.19664661426085372, -0.38327949609620565], [0.17145698848053412, 0.011836141635438713, -0.11449663479558]]","tensor(-3, dtype=torch.int32)"
"['Bi', 'Bi', 'Bi', 'Bi', 'Bi', 'Bi', 'Bi', 'Bi', 'Bi', 'Bi', 'Bi']","[[0.8289766059887089, 1.815643995133185, 0.2094150446127558], [0.16295128740489812, -1.3635373230640517, 0.2384355514461557], [-1.5821920846923372, 0.795417718850403, 3.922844987920806], [-1.7871281276943627, 2.4317465106910507, 1.9485063416268775], [1.4110631658889556, 3.686132628944269, 2.584152762615723], [0.9524013761278799, 2.2823094051821227, 4.99357369908458], [4.475186357872937, 2.54513419608614, 3.0800503727398176], [-0.07756285282531561, -1.7674785604172945, 3.0541435070663767], [3.8058005032987765, 0.3888058060615519, 0.8687456105933704], [3.718206450567924, 0.8942833526952519, 5.449907172104525], [3.303551489669154, -1.5511414102658563, 3.3668990186019627]]",[-64250.12890625],"[[0.13372397190163252, -0.5387960475643426, 0.26236008779627895], [0.10074539048792619, 0.5721232193368552, -0.01080390999573267], [0.35591024212017625, -2.030506701238661, 2.954284521818802], [-0.28988617915162085, 2.2376868224266855, -2.9702515954746365], [0.40558357120763494, 0.11386522293309573, -1.0624256634387177], [-0.01674334669250262, -0.7061847258476045, 1.020978429185149], [-0.05857680713370343, 0.01913040646342827, -0.3030704434775374], [0.7984621834049503, -0.22701027947364383, -0.02886553399676137], [-0.4618561029956439, -0.09209460059969495, 1.051431620259376], [-0.36067922973728805, -0.43848923609548385, -0.5698061398903578], [-0.6097153393848335, 1.0776388892320212, -0.345914713115093]]","tensor(-3, dtype=torch.int32)"
"['Bi', 'Bi', 'Bi', 'Bi', 'Bi', 'Bi', 'Bi', 'Bi', 'Bi', 'Bi', 'Bi']","[[1.6041793089606236, 0.7349134774553756, 1.1028261988579904], [1.3226010357055988, -0.9960390864239104, -1.2599752226356675], [-1.3227477552361449, 0.9961570672273431, 1.2600160993940754], [-1.6040325894300793, -0.7350314582588088, -1.1028670756163987], [0.9738059803540569, 6.37293149629905, -2.5787657704855524], [-2.094073051188861, 2.931109742882377, -1.4439405812268444], [-1.9595488070058544, 4.9405007568146, 0.8644814355097882], [-1.8567457195383585, 5.933147107814487, -2.03359930902042], [2.17460457919037, 4.288838083490394, -0.8290916834529687], [0.6229603186478583, 1.9091554217369295, -1.7125242613469593], [0.8187612663824091, 4.892580518376716, 1.7455925737610065]]",[-64250.1015625],"[[0.02057525410816404, 0.5927563335824625, 0.4142878400711071], [0.15260729521502925, -1.2977413820335562, -0.2143575138862758], [-0.3165207657052777, -0.06302702920512426, 0.6582541942879019], [-0.3765060753493897, -0.7293092404301582, -0.09150422356628979], [0.2573730705108771, -0.0381559787087568, -0.05659026889186841], [-0.5906223167819823, 0.17734157837442716, 0.20518376132669797], [0.1028041253463365, 0.03754515110953114, -0.1395717435779558], [-0.30222398442807463, 0.15816473776230408, -0.017365883101980555], [0.23916101118093744, 0.529419229165124, 0.2625743122297922], [0.7343547760557757, 0.8849356294859054, -1.129246100339539], [0.07954437066293313, -0.24494105996265272, 0.12526946013695386]]","tensor(-3, dtype=torch.int32)"
"['Bi', 'Bi', 'Bi', 'Bi', 'Bi', 'Bi', 'Bi', 'Bi', 'Bi', 'Bi', 'Bi']","[[1.014112364202864, 1.6789707039793327, 0.13311277209564415], [0.02942714652933079, -1.1853986361404676, 0.16384028265165257], [-1.441533778635136, 1.0908477293886205, 4.134123016507232], [-1.6215230207879139, 2.538055900293323, 1.7431397143542195], [1.4819826126664724, 3.590619827478514, 2.523543721131652], [1.037118603411237, 2.349858115935267, 5.247466893966078], [4.58541927028775, 2.6530328504346916, 3.221600743015384], [0.15110837098039248, -1.7391403442081108, 2.8889500602767244], [3.753643085043818, 0.41087825142313006, 1.1461869048672177], [3.3935968956292273, 0.8595162373660519, 5.398767371247805], [2.9265970837347117, -1.3934887624341892, 3.3783787710260245]]",[-64250.75390625],"[[0.18467107761956583, 0.14112278812621812, 0.4769861278447743], [0.01942113668479105, 0.13883543064865272, -0.7566848193234517], [-0.16624849624670648, -0.7979273936525407, 0.22516792877659306], [-0.2166302160677415, 0.282467411155503, -0.46121630933223245], [0.08391103183553995, -0.018803799048771632, 0.002875100671439921], [-1.1018478957259514, 1.1508480067904732, -0.3905188009927168], [-0.2832357086257675, -0.544419567499295, -0.0529493276976996], [-1.1790957043569266, -0.0407164491991104, 0.8298569129759675], [0.11855116387230935, 0.24576119090122767, 0.08407398844375012], [1.5049734395340741, -0.7179716976790765, 0.013018438364996361], [1.032004354061269, 0.16357974111590828, 0.03560226508123654]]","tensor(-3, dtype=torch.int32)"
"['Bi', 'Bi', 'Bi', 'Bi', 'Bi', 'Bi', 'Bi', 'Bi', 'Bi', 'Bi', 'Bi']","[[0.9303456529356232, 1.6965697034434277, 0.16576458506719732], [0.04845622132444835, -1.2343173983317206, 0.2652074448709582], [-1.3826611447485153, 0.6965859611868239, 4.095250916027992], [-1.7697962830359313, 2.6719219139073003, 1.7964719058110414], [1.5571798701239836, 3.5391992406274073, 2.5601772803782823], [0.9176604298478395, 2.3259186746409, 5.192190508751618], [4.463742635507684, 2.431704706799439, 3.1312462968190142], [0.05582454344876108, -1.7974552294230042, 3.0556170716310764], [3.758840588351843, 0.523890165348036, 1.1972351117423274], [3.507268962325064, 0.937905942585687, 5.312086664752536], [2.9637348869197333, -1.2949505520497142, 3.2151866700662213]]",[-64250.65625],"[[-0.1925728018997827, 0.0546059932220628, 0.5340960683941283], [0.09461294611262798, 0.21925922192175, -0.4846365523634502], [-0.32980237205055113, 0.7457154587480673, -0.32043064443839864], [0.27711982216395736, -0.6226947895199956, 0.4616376105285296], [-0.4498029189960734, 0.18642169130524175, -0.40202341411933484], [-0.6084534412575133, 0.1725684255678975, -0.08933997057596176], [1.142132990709861, 1.820496822351108, 0.034482158229233124], [-0.21447285363768487, -0.07778033581135539, 0.2125328009666362], [0.04203680396013622, -0.6228279727371822, -1.9659256964260543], [0.05712140767577589, -1.3028815343076767, 1.0321282813019717], [0.16762105471510214, -0.575833837465112, 0.9781643957374412]]","tensor(-3, dtype=torch.int32)"
"['Bi', 'Bi', 'Bi', 'Bi', 'Bi', 'Bi', 'Bi', 'Bi', 'Bi', 'Bi', 'Bi']","[[0.43286288843085174, 1.9897565725261335, -0.4280341124710192], [-0.5508642697821433, 0.5358419684475283, 1.9334753332062875], [0.5509610589195371, -0.5359434909081234, -1.9336074015706957], [-0.4329596775682457, -1.98965505006554, 0.42816618083542757], [3.456278661499552, 0.895268705746461, -3.7654406073711204], [3.7845601899803447, 0.16164174135937892, 0.9142890493325126], [6.605272963085515, 0.4584822743207917, -0.2433060336440529], [4.324080043605167, 2.2060679412061317, -1.309556686995623], [4.040061228660176, -1.939759920063007, -3.0809461631035155], [2.644106818286411, -2.141694379903656, -0.46150416914833514], [6.860769637229861, -1.7107893328882722, -2.1737573266713546]]",[-64251.00390625],"[[0.16643886082972764, 0.021169374669836063, -0.1523843804480393], [-0.14523928082329876, -0.32179194146873874, -0.1147324050854644], [-0.03360370435439061, 0.6258320513271595, -0.9596344450373674], [-0.6620090354149156, -0.19854059273784866, 1.0948699178988388], [-0.19910135064650497, -0.09772768504368078, 0.04652226559091533], [0.1904922640745434, 0.5616433970732918, 0.07035827680137659], [-0.076452206030083, 0.022220123404719287, 0.12627764166442895], [0.04144730624449705, -0.1460055728319917, 0.2206430932502928], [0.4417027054423661, 0.20711553504100258, -0.5355261167609079], [0.30838162562824595, -0.4297150846095574, 0.3391998621305842], [-0.03473548402118219, -0.24184375312064482, -0.13798640049461106]]","tensor(-3, dtype=torch.int32)"
"['Bi', 'Bi', 'Bi', 'Bi', 'Bi', 'Bi', 'Bi', 'Bi', 'Bi', 'Bi', 'Bi']","[[0.8633651275079995, 1.6452881123588652, 0.26503198400256595], [0.1253998108469705, -1.161792795083752, 0.34441566026599524], [-1.5176113263130746, 0.7840485213592441, 4.15516798926657], [-1.8065203518715554, 2.60196762584754, 1.728041566790691], [1.460752645168544, 3.6395037845251066, 2.509602913690979], [0.9811453138800179, 2.313833553960653, 4.9808888044599495], [4.644424353628234, 2.4219207278698387, 2.9168668358344814], [0.01177168829445837, -1.572188463256332, 3.1362888326292926], [3.6426463015749406, 0.5526178644647416, 1.1244970905810203], [3.558294754171062, 0.7377232282503678, 5.3499363466898595], [2.9155384668958715, -1.1618665756359046, 3.266166344233791]]",[-64250.5078125],"[[-0.12559645321729734, 0.9062259180618778, -0.12535214686021104], [-0.20898431669312434, -0.5392753014578481, -0.5996417516447351], [-0.12075609173707547, 0.9159580631138994, -0.32592591767695583], [0.15112279085326866, -0.3703480741945773, 0.5519981553560367], [0.042122802266091, 0.19478708858521598, -0.8153671960111645], [-0.29107603492864037, -0.08271192008203634, 0.9889527505504715], [0.239040477798279, 1.1624961389746848, 1.7307735000824336], [-0.29394492483985957, -0.6608612943308984, 0.32921847420068473], [0.028815232906779932, -1.0194362806587296, -1.9390874783897494], [0.3756774597657044, 0.849524834562659, 0.1434342625647335], [0.20255115592627898, -1.360878968735573, 0.05809652479836644]]","tensor(-3, dtype=torch.int32)"
"['Bi', 'Bi', 'Bi', 'Bi', 'Bi', 'Bi', 'Bi', 'Bi', 'Bi', 'Bi', 'Bi']","[[0.8857024140907418, 1.7866278929576478, 0.43086874171457545], [0.3914543607667309, -1.090003913614125, 0.3384737886875776], [-1.296018931316021, 0.707960537307301, 4.191505718486605], [-1.5661653160800688, 2.337116965141222, 1.6944822247639308], [1.415410500545181, 3.725447273390358, 2.542665074701459], [1.1548239416711676, 2.487520185720822, 5.2042536904978105], [4.571660010129614, 2.689806800062131, 3.1087384934796325], [-0.05334657674259424, -1.861168109295812, 3.091162387604448], [3.7891120167873846, 0.2757517872590332, 0.9053455675285238], [3.7718687117686334, 0.7571083626452706, 5.279504531148354], [2.9102090851818843, -1.3008769638913642, 3.373881555374349]]",[-64250.53125],"[[1.272067874371489, -0.19151103855288348, -1.2412079345528813], [-0.07697141488874443, -0.6175782914080007, -0.29982318981648853], [0.029781675122521285, 0.6857084489813096, -0.06992792531696167], [-1.697729664034515, 0.21729006434686832, 1.1096028613568052], [0.5244354000493999, 0.16105568775081014, 0.2970639318045133], [-0.20591076685742543, -0.6855510973810813, -0.03217161967278446], [-0.04528331714306638, -0.4356183921447847, -0.23555920219845936], [0.1497660189669874, 0.15588493933220066, 0.029801837724628955], [-0.17706143081951106, 0.2769925524873022, 0.8208333643458886], [-0.15135953816289302, 0.8027420440869738, 0.23688409238796237], [0.3813457169203295, -0.3675446960280283, -0.6088205949913791]]","tensor(-3, dtype=torch.int32)"
"['Bi', 'Bi', 'Bi', 'Bi', 'Bi', 'Bi', 'Bi', 'Bi', 'Bi', 'Bi', 'Bi']","[[0.8517201224919146, 1.8400315554171596, 0.17616155686182783], [0.18164567586467106, -1.2365121703025455, 0.19640773105295967], [-1.5544496323653976, 0.7774939416965481, 4.1714066850552145], [-1.6365685081962182, 2.443938260621353, 1.7838954353585492], [1.5673502393907706, 3.833502292956827, 2.4659716078969414], [0.9568735956147367, 2.359718385252971, 5.398684517539231], [4.450796326820679, 2.4755819920033653, 3.0944290982074456], [0.1372384923428479, -1.7950429521964717, 2.964526788328768], [3.7731123588060274, 0.352814030887163, 0.956050708986828], [3.6643507296302773, 0.8355264371722145, 5.531330834238303], [2.936190452942457, -1.4298216544434457, 3.418490925903681]]",[-64250.57421875],"[[0.5153419173747751, -0.33204458093171113, 0.3727177070186672], [0.04734973446195843, 0.2221231753121777, -0.40441700963810007], [0.6716013123778455, 0.22763809178971767, -0.10632777274961627], [-0.43428332038114936, -0.010492055579149714, 0.2395833408190662], [-0.09135695069601087, -0.9168178404850806, 0.7833410031555713], [-0.009221544251490287, 0.03990599589817041, -1.2045758649546612], [0.15355834679876137, 0.01884817117159415, 0.12068857453083377], [-1.060912311283582, 0.051616055707269425, 0.36521044160294397], [-0.5493360336750521, -0.07218926321618867, 0.6895476223385109], [-0.40036314904856124, 0.026238194218519955, -0.5567783529891125], [1.1528616958966613, 0.7313717805233453, -0.29666818738773026]]","tensor(-3, dtype=torch.int32)"
"['Bi', 'Bi', 'Bi', 'Bi', 'Bi', 'Bi', 'Bi', 'Bi', 'Bi', 'Bi', 'Bi']","[[0.7745688672933952, 1.859462505033957, 0.21601982460702854], [0.11672199104122565, -1.226075952256258, 0.14737110521621752], [-1.3995979720973244, 1.0242493303697495, 4.206546009513543], [-1.8459084707014504, 2.416030436348103, 1.7358316836445218], [1.4287453401784789, 3.5495953608310593, 2.5380878799803366], [0.9099924502557831, 2.421228350219973, 5.35345170986256], [4.543149416149167, 2.635915702182403, 2.9507962102339955], [-0.1372848993887115, -1.673954052069228, 3.1143245483352056], [3.782564061307844, 0.49111533865642104, 0.826973976174], [3.5959806762160733, 0.8182220813956609, 5.37236253098985], [2.9342284217472483, -1.1880008405656999, 3.4884794773840344]]",[-64250.6640625],"[[0.15017708716706063, -0.8352330926504306, -0.07705543858638261], [0.016754104194060704, 0.33651506330721365, 0.735231008496262], [-0.4404503718240794, -0.6450351172059872, 0.007116143844973085], [-0.21725910824773847, 0.354453094311135, -0.0845230061474078], [0.21329652187075027, 0.19530609175551109, 0.6136295889957385], [0.5253178031408756, 0.3315591049651248, -0.4338038607992775], [-0.33279153823397084, -0.4383520419551542, 0.378667860079322], [0.49570171229544413, 0.30381956050764336, -0.5841580456497323], [-0.37981606396216355, -0.37160421304764074, 0.8783458884502054], [0.22986420555621384, 1.316371091591291, 0.26950446751173746], [-0.2530701727318268, -0.5520881440162979, -1.7082979322955922]]","tensor(-3, dtype=torch.int32)"
"['Bi', 'Bi', 'Bi', 'Bi', 'Bi', 'Bi', 'Bi', 'Bi', 'Bi', 'Bi', 'Bi']","[[-1.9607976583116122, 0.4390360305202534, 0.5405872793501679], [-0.05470209306400975, -1.7070441270078915, 1.1882394339743914], [0.054775177359045135, 1.7072111840150188, -1.1883016243449405], [1.9607245740165786, -0.4392030875273807, -0.5405250889796196], [-5.005690047503653, -3.7019584345493453, -4.3340211080557065], [-0.6014237583040609, -2.0326413922315205, -3.732634368347949], [-1.0452232471460594, -4.3755015284816725, -1.8094574076465935], [-2.2126182693998713, -4.480934437214987, -4.641569696828656], [-4.781161937795154, -1.8489923126042065, -2.0182435457697014], [-2.614159118742462, -0.058100751060802924, -2.991767453344297], [-3.2626686948934815, -3.545973549630578, -0.10872842580955311]]",[-64250.71875],"[[-0.4300395065853219, -0.6021100120404712, -0.21276142358579128], [-0.33134117814101793, 0.023486474685170067, -0.2543344362753595], [0.5561556314601049, 0.05984868114678968, -0.6013757045727397], [-0.11579843646596455, 0.2850903492027054, -0.008097148797049286], [-0.24605846201263915, 0.19256272316983344, 0.047757619634562994], [0.21401715106212207, -0.1284537217358199, 0.04321134623828393], [-0.041908032758407, -0.008630128491835259, -0.048855743542416875], [0.3115858389986442, 0.1565437077474043, 0.10230589670103883], [-0.3150645434938849, -0.4687429094543889, 0.22234855833956338], [0.46324938456694537, 0.40768956296820524, 0.6617565529452685], [-0.0641434542353707, 0.08754348838459841, 0.05722636016468626]]","tensor(-3, dtype=torch.int32)"
"['Bi', 'Bi', 'Bi', 'Bi', 'Bi', 'Bi', 'Bi', 'Bi', 'Bi', 'Bi', 'Bi']","[[2.043323183731318, 0.33823502115071513, 0.20035502694912632], [-0.17044935917979298, 1.7179931284773482, -1.1611854070084204], [0.17040376154352377, -1.7181103468642975, 1.1613313443419846], [-2.0432775860950505, -0.33811780276376635, -0.2005009642826906], [-1.0717124302589363, 3.8167876498555096, 5.964256551259073], [0.385080240813643, 4.936900398059233, 1.586020663430538], [-2.5195857648024407, 3.973271848018828, 1.4485556138203397], [-1.5932608491421556, 5.703436261266532, 3.802964352446919], [-0.21394823275879815, 1.4423077894993417, 4.391740092406293], [1.876449676921709, 2.6811992159220868, 2.675253210910086], [-2.4548929435141376, 1.2366309634803847, 2.450689117421234]]",[-64250.9140625],"[[-0.10330363954392362, 0.42883031610186906, 0.4066413750534826], [0.11451272991024387, 0.17060908961250712, -0.5468816572440418], [0.2788973296035285, -0.45033405777998087, 0.1780465238278677], [-0.29334410912186415, 0.30082345234186064, 0.19072530899357412], [0.08138800691227334, -0.4662650845496193, 0.009455139386900931], [-0.41550443533574716, 0.07294851039833544, -0.09870491047202601], [0.3077386437951567, 0.5367684744934285, -0.15138149539599677], [-0.05928329524989135, 0.029362631356044326, -0.4428303919106681], [0.29056104268148836, -0.03415949488900051, 0.18908504711642427], [0.3760054298657879, -0.2327588065132219, 0.055276280185779916], [-0.5791855293941554, -0.34872009674321347, 0.20825016349166756]]","tensor(-3, dtype=torch.int32)"
"['Bi', 'Bi', 'Bi', 'Bi', 'Bi', 'Bi', 'Bi', 'Bi', 'Bi', 'Bi', 'Bi']","[[1.1021800508111308, 1.7402213801112754, 0.21212836290760845], [0.04409169254753814, -1.166934146987507, 0.3415119384954578], [-1.4570412145405254, 0.8524171544901666, 4.090227757391279], [-1.6371616487822607, 2.4069208390146883, 1.7914817459420296], [1.4394539305298732, 3.650042893375144, 2.7186179023637913], [0.7984064804154808, 2.249258133661014, 5.0795351181762864], [4.569612658223639, 2.5347997953645587, 3.2016461096901083], [0.06367133542301695, -1.700085115135379, 3.102798652092594], [3.8296421360625037, 0.3766328181691933, 1.1254217206220087], [3.5497300695776057, 1.0737962211708476, 5.399295278578075], [2.994944454588593, -1.128719768006495, 3.23988643402398]]",[-64250.46484375],"[[-0.2445717979230323, 0.09900639819494687, 0.5644926951676198], [0.20791653696151055, 0.19783621292741543, -0.6659315125604731], [-0.9681489149608257, -0.9875144746490395, 0.36087993016071634], [-0.09237726783709832, 0.6488136124951267, -0.8038748727644335], [0.3050810472582309, 0.18864137731029068, -1.5158471550191237], [0.41882553112030185, 0.41160895478826803, 1.4824747318060227], [0.3551696097351806, 0.6796869220575448, -0.9303228243961682], [-0.04013048418116262, -0.21815858347361802, 0.3739877298364567], [0.4875302791449015, 1.3307003716303714, -1.5432031935176176], [-0.158642346148879, -1.1056233056895963, 0.6513075839366519], [-0.2837654075911108, -1.2445606549237562, 2.0262396960795317]]","tensor(-3, dtype=torch.int32)"
"['Bi', 'Bi', 'Bi', 'Bi', 'Bi', 'Bi', 'Bi', 'Bi', 'Bi', 'Bi', 'Bi']","[[-0.26684064259995044, -1.3299654159741865, -1.5778791979425915], [1.8966451442674752, -0.7846552973646759, 0.3405263338328781], [-1.8968231124823662, 0.784709537898625, -0.3404763110484136], [0.2670186108148416, 1.3299111754402384, 1.5778291751581281], [-4.218202125460483, -3.052449313480294, 2.241762086198582], [-1.261279613310117, -0.7236423161136254, 5.136432045071857], [0.3317322897425026, -1.8088062659907354, 2.755404219716012], [-2.494279744456315, -0.7022271326389542, 2.3265384377318528], [-2.722151788426434, -4.865915820782774, 4.063819894026159], [-2.395046100135289, -3.0817781471316548, 6.421954163264308], [-0.0008795810545121352, -4.702129464285309, 2.880744814530171]]",[-64249.94921875],"[[0.035784057601591666, 0.08974821056099822, 0.060245351161221115], [0.26314412042656626, -0.12752452454100838, -0.4199655588905825], [0.024814455342376886, 0.10130136614206577, -0.38233770048895754], [0.28196779411373274, 1.271292943451411, -0.012968600073839119], [-0.36019827891476053, -0.3101845355810565, -0.007121049512509609], [-0.054469313302648904, 0.22845678290972843, 1.1468370836474018], [-0.19710355096661442, -0.5274127391517567, 0.09978019782901017], [-0.22743949967204402, -0.43176245518572903, -0.06099163997629028], [-0.0638019087031107, -0.25776912346020964, -0.17441447865554185], [0.2911319821642771, 0.5570066670757181, -0.31482944169119104], [0.004571889311198562, -0.5973735231852366, 0.04878986670089651]]","tensor(-3, dtype=torch.int32)"
"['Bi', 'Bi', 'Bi', 'Bi', 'Bi', 'Bi', 'Bi', 'Bi', 'Bi', 'Bi', 'Bi']","[[1.1180497887673329, 1.7318507393323799, 0.27442812485475826], [0.2967174212350315, -1.266793348087707, 0.023814167849411316], [-1.4907116367971764, 0.8463125277813216, 4.138541048855833], [-1.7773560705521485, 2.5516929002164086, 1.8704362758149096], [1.2766858449293548, 3.5259022264288538, 2.5776198056976125], [1.0080974001634577, 2.090972332646053, 5.023592934918069], [4.718205065616055, 2.4572520930230493, 3.3587661978855925], [0.21262339326732874, -1.5559261382205287, 2.994230503542666], [3.8497964667640696, 0.3824395986404667, 1.170106777963209], [3.537340214359992, 0.8684186357727265, 5.307428936103506], [3.1602460905323095, -1.3201671654435845, 3.4301439956115023]]",[-64250.5625],"[[-0.046865605754171404, -0.521163412362302, -0.32414439931424166], [0.12241286010562182, 0.378654953134336, 0.7462425351867402], [-0.318769762302526, -0.6335309668781932, -0.05775307664871805], [0.23051263813101036, 0.2887048080197116, -0.28672053234990597], [0.20142357230216015, 0.5360814753499485, -0.5408575592156981], [-0.8852343918379727, 0.8252510362333407, 1.1616939543460707], [0.34731555373385636, 0.8398230285446684, -1.2999808141217708], [-0.2857944204805891, -0.3716214394483193, -0.41208316931679884], [0.19497971574026654, 0.51172097937423, -0.3777632426442847], [0.6135786811250764, -0.992118808728919, 1.7191140550380746], [-0.16534819826736172, -0.8660904613644594, -0.320761905552343]]","tensor(-3, dtype=torch.int32)"
"['Bi', 'Bi', 'Bi', 'Bi', 'Bi', 'Bi', 'Bi', 'Bi', 'Bi', 'Bi', 'Bi']","[[1.0461965884649729, 1.604240904099255, 0.277140283979714], [0.09165751057394196, -1.0482840985472937, 0.2596921642424872], [-1.4921254751909812, 0.7743078193116281, 4.102357670432547], [-1.67132771352216, 2.527971496117027, 1.6321600997576247], [1.341956431021497, 3.720574687496161, 2.2955147497392203], [1.0193852464692246, 2.3312931346690062, 5.135121342050157], [4.5002272344631855, 2.5381693601665423, 3.1475328172864807], [0.011464859623812274, -1.8198499523916947, 3.13908294615288], [3.535658359254133, 0.35630654789955485, 0.9001730621136632], [3.5742766191615347, 0.9476090975661258, 5.45056334225745], [3.0353854689310693, -1.3213873900984734, 3.561766856293255]]",[-64250.46875],"[[-0.5114423230599697, 1.411926193265808, -0.6671147348876791], [-0.33442429248575034, -1.417989372083751, 0.35951436509677526], [0.27025929239400853, 0.5684743077184917, -0.44421004662770147], [-0.4387125622392064, -0.2664710783295608, 0.7780568690250327], [0.10535959760938872, -0.2595272447712559, 1.0563465437723858], [-0.8448155994159606, 0.6667264980962665, -0.7327905160299778], [0.13407266510462182, -0.002316924151780807, -0.4533411702733613], [0.28198491767022815, 0.26412463686877247, -0.372193355950848], [1.2158707273697333, -0.7373542266575109, 1.2976585924661157], [0.2956864882374178, -0.29334544609624513, 0.060305926385099816], [-0.17561544160434225, 0.061132690773488284, -0.8606942270742811]]","tensor(-3, dtype=torch.int32)"
"['Bi', 'Bi', 'Bi', 'Bi', 'Bi', 'Bi', 'Bi', 'Bi', 'Bi', 'Bi', 'Bi']","[[0.6011005957581329, 1.6906434803869037, -1.0536210872676064], [-1.3351806113211895, 1.15859371229664, 1.0972047520714465], [1.3353241951711652, -1.158720152325345, -1.0972274147537093], [-0.6012441796081092, -1.6905170403582004, 1.0536437499498703], [4.361802438619335, -0.8106737517355964, 0.07641731200916357], [4.6250429587598445, -3.399997020580818, 4.047809559398212], [1.6867050618115527, -2.7386425437082402, 3.488040065966239], [3.5740112824775188, -3.3986046146978106, 1.1648283775801573], [4.260885612316897, 0.8481265807504628, 2.5431802293212766], [5.933696588481917, -0.8134358686055512, 4.357527568317002], [1.5449008706586254, 0.1724707774096519, 3.5425456076516166]]",[-64249.26171875],"[[0.2790768955473183, 0.4395556274306251, -0.43185321517736386], [-0.9876101197393742, 0.1607572853533839, 0.1593770649933432], [0.7868562173358323, 0.06400667147177365, -0.1353392940643671], [0.4713665674108734, 0.37053550771837857, 0.8469804694713875], [-0.5864144470281678, -0.24585164236031307, -0.18286096857393436], [0.32506706590342277, -0.24791238268029495, 0.0586395420854284], [-0.05913915912719867, -0.1375493127161994, 0.0473775949511753], [0.08740032928164572, -0.25382515188037263, 0.1692253725502391], [-0.05099701600001878, 0.22107133642895305, 0.1509581373160364], [-0.1294477107660195, 0.04110744221463165, -0.07707251072078646], [-0.12979511841671937, -0.4054140325717028, -0.5987773462853115]]","tensor(-3, dtype=torch.int32)"
"['Bi', 'Bi', 'Bi', 'Bi', 'Bi', 'Bi', 'Bi', 'Bi', 'Bi', 'Bi', 'Bi']","[[-0.5960589366151487, -1.7563358731064087, -0.9432458557827146], [-0.0806066145050488, 1.0047710619030896, -1.8201215920508367], [0.08068959116540203, -1.0048284029473697, 1.820285737956901], [0.5959759599547962, 1.7563932141506904, 0.9430817098766511], [-3.911236273855727, -2.3284037226345307, 0.1643568875731557], [-3.559983985859554, 1.798433890263138, -2.1576422708245224], [-4.796192478807563, 2.312876173348083, 0.5976615102196948], [-2.551753884737038, 0.24810375370646498, 0.2910713810618438], [-6.462586649868671, -1.5118758546776274, -1.128166047922131], [-5.404220097502348, -0.03069434520301556, -3.481228770934785], [-7.258980895984615, 0.7534840778363983, 0.6227524601265663]]",[-64249.7890625],"[[0.40925433721491883, -1.2878601129159588, -0.1997780653716693], [0.08789310718523613, 0.6223307211116244, -0.19527760391677695], [0.18188657136062591, -0.7834258496066748, 0.33099690723790426], [0.34194045392331657, 0.6995728733125262, -0.2716598759023141], [-0.24742366712193914, -0.5317095691240008, -0.11973088949728812], [-0.3407061180370822, 0.6689031952327563, -0.8324403588568381], [-0.23430116072800758, 0.32589424166854386, -0.03221874287750639], [-0.17106710618219095, 0.5083764351159159, 1.108181040524678], [-0.251609322532192, -0.15217169867727337, 0.15322991389985371], [0.33883018871423104, 0.0421170532762526, 0.12015301344705058], [-0.11430997260315244, -0.10508207258114315, -0.0602504933703789]]","tensor(-3, dtype=torch.int32)"
"['Bi', 'Bi', 'Bi', 'Bi', 'Bi', 'Bi', 'Bi', 'Bi', 'Bi', 'Bi', 'Bi']","[[-1.9607976583116122, 0.4390360305202534, 0.5405872793501679], [-0.05470209306400975, -1.7070441270078915, 1.1882394339743914], [0.054775177359045135, 1.7072111840150188, -1.1883016243449405], [1.9607245740165786, -0.4392030875273807, -0.5405250889796196], [-5.005690047503653, -3.7019584345493453, -4.3340211080557065], [-0.6014237583040609, -2.0326413922315205, -3.732634368347949], [-1.0452232471460594, -4.3755015284816725, -1.8094574076465935], [-2.2126182693998713, -4.480934437214987, -4.641569696828656], [-4.781161937795154, -1.8489923126042065, -2.0182435457697014], [-2.614159118742462, -0.058100751060802924, -2.991767453344297], [-3.2626686948934815, -3.545973549630578, -0.10872842580955311]]",[-64250.71875],"[[-0.4300395065853219, -0.6021100120404712, -0.21276142358579128], [-0.33134117814101793, 0.023486474685170067, -0.2543344362753595], [0.5561556314601049, 0.05984868114678968, -0.6013757045727397], [-0.11579843646596455, 0.2850903492027054, -0.008097148797049286], [-0.24605846201263915, 0.19256272316983344, 0.047757619634562994], [0.21401715106212207, -0.1284537217358199, 0.04321134623828393], [-0.041908032758407, -0.008630128491835259, -0.048855743542416875], [0.3115858389986442, 0.1565437077474043, 0.10230589670103883], [-0.3150645434938849, -0.4687429094543889, 0.22234855833956338], [0.46324938456694537, 0.40768956296820524, 0.6617565529452685], [-0.0641434542353707, 0.08754348838459841, 0.05722636016468626]]","tensor(-3, dtype=torch.int32)"
"['Bi', 'Bi', 'Bi', 'Bi', 'Bi', 'Bi', 'Bi', 'Bi', 'Bi', 'Bi', 'Bi']","[[0.8812402719867817, 1.6671425250421605, 0.35019399131925405], [0.1611687524431937, -0.9643434977623151, 0.2163712709917805], [-1.3252179670056659, 0.8658627903835163, 4.113945873723806], [-1.7361061371944868, 2.5321227543295093, 1.5757757830339623], [1.5934336927405535, 3.8197186340330695, 2.5138693542468533], [0.8736233813793718, 2.195739976872304, 5.105959241005336], [4.434737566221671, 2.680501743638885, 3.1562983907396323], [0.05214174980735996, -1.6899326985584873, 3.160472585202833], [3.58931683617163, 0.33237350563557894, 0.9916541880309712], [3.6789558226248475, 0.9989949864557355, 5.269304428327935], [3.070220157450233, -1.207389955589683, 3.3277802041849545]]",[-64250.2109375],"[[0.5523056594636722, 2.3424660188884348, -0.17869382511664952], [-0.38221819554813063, -2.1730384546741117, 0.4238301347610233], [-1.6433667430393406, -0.44606473862673085, -1.104090413139661], [-0.2541243256091725, -0.2424610239079452, 0.8468282600803172], [-0.26067951099933206, -0.6948055312023449, 0.3574724452623109], [1.3246747309392801, 1.6414816091620972, 0.2903843049527353], [0.6704895667579327, 0.5584459714189818, -1.2290882617889007], [0.30675679037856945, -0.09014112676274447, -0.6523905331852811], [0.4125320327541818, 0.6657186251013408, -0.4070862275677225], [-0.3333115698460975, -0.7021948857620801, 0.995893704471648], [-0.38047313544834516, -0.863703962094332, 0.6469737300584716]]","tensor(-3, dtype=torch.int32)"
"['Bi', 'Bi', 'Bi', 'Bi', 'Bi', 'Bi', 'Bi', 'Bi', 'Bi', 'Bi', 'Bi']","[[0.7745688672933952, 1.859462505033957, 0.21601982460702854], [0.11672199104122565, -1.226075952256258, 0.14737110521621752], [-1.3995979720973244, 1.0242493303697495, 4.206546009513543], [-1.8459084707014504, 2.416030436348103, 1.7358316836445218], [1.4287453401784789, 3.5495953608310593, 2.5380878799803366], [0.9099924502557831, 2.421228350219973, 5.35345170986256], [4.543149416149167, 2.635915702182403, 2.9507962102339955], [-0.1372848993887115, -1.673954052069228, 3.1143245483352056], [3.782564061307844, 0.49111533865642104, 0.826973976174], [3.5959806762160733, 0.8182220813956609, 5.37236253098985], [2.9342284217472483, -1.1880008405656999, 3.4884794773840344]]",[-64250.6640625],"[[0.15017708716706063, -0.8352330926504306, -0.07705543858638261], [0.016754104194060704, 0.33651506330721365, 0.735231008496262], [-0.4404503718240794, -0.6450351172059872, 0.007116143844973085], [-0.21725910824773847, 0.354453094311135, -0.0845230061474078], [0.21329652187075027, 0.19530609175551109, 0.6136295889957385], [0.5253178031408756, 0.3315591049651248, -0.4338038607992775], [-0.33279153823397084, -0.4383520419551542, 0.378667860079322], [0.49570171229544413, 0.30381956050764336, -0.5841580456497323], [-0.37981606396216355, -0.37160421304764074, 0.8783458884502054], [0.22986420555621384, 1.316371091591291, 0.26950446751173746], [-0.2530701727318268, -0.5520881440162979, -1.7082979322955922]]","tensor(-3, dtype=torch.int32)"
"['Bi', 'Bi', 'Bi', 'Bi', 'Bi', 'Bi', 'Bi', 'Bi', 'Bi', 'Bi', 'Bi']","[[1.069072387568539, 1.7366118351755289, 0.4168444215659566], [0.36320223742835256, -1.2062247239005977, 0.21556591801864944], [-1.405549234122677, 0.92845547037856, 4.37096506063153], [-1.8195140008357897, 2.4982130616363527, 1.8292539968774235], [1.4847935151049414, 3.449059607887612, 2.369129235094204], [0.9781777238094242, 2.2521253746888004, 5.268728802404352], [4.5986202923283415, 2.508389553355287, 3.16274732357065], [-0.20499950360663682, -1.6504360837070187, 3.174088108820762], [3.7613965085464263, 0.3198580303173229, 1.139257151766817], [3.424286444847969, 0.8919878857682774, 5.531554132647787], [3.185317506079626, -1.3113825728752575, 3.416095321378934]]",[-64250.0625],"[[-0.9310247359462057, -2.0087171041534675, -2.4052626771232903], [-0.2459069725308508, -0.03837767477217634, 0.7995050234221488], [-0.8100707205786473, -0.40631047389417924, -0.8923198418364829], [0.2658885688761671, -0.039404177990880605, 0.38545058822471356], [0.2803172478182673, 1.870575254676017, 3.056183566931277], [-0.4092426129780391, 1.617634099971959, -0.4259627117429394], [-0.16019477909361396, -0.16306567446640463, 0.2676948726870218], [1.0390682067813166, 0.07170039339155816, -0.6164284934403201], [0.5234784349251363, 0.17241554768963657, -0.45451832479376114], [1.3953657086731655, -0.6714177355109126, -0.26083686259956024], [-0.9380217399472021, -0.4003393406201607, 0.5464003464668733]]","tensor(-3, dtype=torch.int32)"
"['Bi', 'Bi', 'Bi', 'Bi', 'Bi', 'Bi', 'Bi', 'Bi', 'Bi', 'Bi', 'Bi']","[[0.7745688672933952, 1.859462505033957, 0.21601982460702854], [0.11672199104122565, -1.226075952256258, 0.14737110521621752], [-1.3995979720973244, 1.0242493303697495, 4.206546009513543], [-1.8459084707014504, 2.416030436348103, 1.7358316836445218], [1.4287453401784789, 3.5495953608310593, 2.5380878799803366], [0.9099924502557831, 2.421228350219973, 5.35345170986256], [4.543149416149167, 2.635915702182403, 2.9507962102339955], [-0.1372848993887115, -1.673954052069228, 3.1143245483352056], [3.782564061307844, 0.49111533865642104, 0.826973976174], [3.5959806762160733, 0.8182220813956609, 5.37236253098985], [2.9342284217472483, -1.1880008405656999, 3.4884794773840344]]",[-64250.6640625],"[[0.15017708716706063, -0.8352330926504306, -0.07705543858638261], [0.016754104194060704, 0.33651506330721365, 0.735231008496262], [-0.4404503718240794, -0.6450351172059872, 0.007116143844973085], [-0.21725910824773847, 0.354453094311135, -0.0845230061474078], [0.21329652187075027, 0.19530609175551109, 0.6136295889957385], [0.5253178031408756, 0.3315591049651248, -0.4338038607992775], [-0.33279153823397084, -0.4383520419551542, 0.378667860079322], [0.49570171229544413, 0.30381956050764336, -0.5841580456497323], [-0.37981606396216355, -0.37160421304764074, 0.8783458884502054], [0.22986420555621384, 1.316371091591291, 0.26950446751173746], [-0.2530701727318268, -0.5520881440162979, -1.7082979322955922]]","tensor(-3, dtype=torch.int32)"
"['Bi', 'Bi', 'Bi', 'Bi', 'Bi', 'Bi', 'Bi', 'Bi', 'Bi', 'Bi', 'Bi']","[[0.973388598096868, 1.75433981711782, 0.08709140383942085], [0.2699203327192813, -0.9865649463242913, 0.2910518487649576], [-1.442736432622616, 0.7867983990671623, 4.1220995939410985], [-1.8838435738424397, 2.376011268598243, 1.8029455384175097], [1.6261007166657029, 3.462910097972714, 2.3874084685951327], [0.977229882433578, 2.275908706752796, 5.320997114259254], [4.591339142379113, 2.6784081572025853, 3.0706059047961487], [0.17888292248031462, -1.769246006033337, 2.938066462591929], [3.781340718668782, 0.43698223203680037, 0.9751662079831329], [3.429000672340348, 0.5884171382386485, 5.385291015142634], [3.0091454968318767, -1.4462987069350075, 3.441050312606463]]",[-64250.3125],"[[0.1974205167391002, 0.5439583113378418, 0.3114106439326385], [-0.3393485233973357, -0.9111063887735303, -1.2578692064450165], [0.20816408291036628, -0.1600445751641151, 0.12217235898331227], [0.10820370207246735, 0.18699900712738612, -0.22344883683305436], [-0.3566465036273877, 0.22469875361303687, 1.1378356465167012], [-0.2314693975669076, 0.42888549200613213, -1.1244777297875264], [-0.3385503496918645, -0.9048436922402655, 0.5684172291968403], [-0.8414690496960749, -0.21583245373900292, 1.0080905103729956], [0.011744615454639321, -0.38143657975614753, 0.5086389963155123], [0.9199062513052456, 1.2928177167649781, 0.38790707296147847], [0.6769939471216134, -0.09946914559705583, -1.445712050095195]]","tensor(-3, dtype=torch.int32)"
"['Bi', 'Bi', 'Bi', 'Bi', 'Bi', 'Bi', 'Bi', 'Bi', 'Bi', 'Bi', 'Bi']","[[0.9607702939156165, 1.9578724793595352, 0.3295193503412829], [0.1766461510489188, -1.2842334989665452, 0.3513705625520045], [-1.68671357500327, 0.8803384504419361, 4.085496225124045], [-1.7650905581051624, 2.527245535784358, 1.8255483628529734], [1.5244808788375286, 3.5611313441717907, 2.536708096101031], [0.909858143121637, 2.3199931338547484, 5.265433580488894], [4.590403472387562, 2.574023691239544, 3.024285286954166], [0.17992696714609874, -1.742843704332226, 3.2076440873584406], [3.5028191602120655, 0.6332650446107694, 1.1271482650024338], [3.635752779674592, 0.9763899611389395, 5.306130213163718], [3.093711111833888, -1.0747218451645653, 3.3698474951255046]]",[-64250.5234375],"[[-0.8633743464873181, -1.2357453657645676, -1.177389519358374], [0.13128965008633764, 0.2948470225924096, 0.16289161068641367], [0.6280077200218177, -0.27660344152033267, 0.5970932727861373], [-0.07899106895755559, 0.3884107523484834, -0.36103923580042446], [0.003234564745731133, 1.2429007498076237, 1.5472614249849406], [-0.36249828622685404, 0.03798349872918642, -0.4616321083647308], [0.2973234591007067, 0.8609585366249912, 0.40072248662450716], [-0.36184481428708287, 0.23448808003089303, -0.2813523230996376], [0.6125800641066348, -0.7302662055544218, -1.3553490370072923], [0.13180752197061804, 0.4785366581721208, 1.0415765764084834], [-0.13850956885432397, -1.2963761255021644, -0.11048781995826333]]","tensor(-3, dtype=torch.int32)"
"['Bi', 'Bi', 'Bi', 'Bi', 'Bi', 'Bi', 'Bi', 'Bi', 'Bi', 'Bi', 'Bi']","[[-0.8825602846806443, 1.3765589851826032, -1.2868128860669525], [-0.7242388180533327, 1.0639456842444737, 1.634748493925524], [0.7243747796460731, -1.0640323430989849, -1.6348539533406299], [0.8824243230879049, -1.3764723263280936, 1.2869183454820594], [-5.653701737789669, -4.137787914382744, 1.0567189168630025], [-2.0139718651191583, -1.3894476772849635, -0.26420475231255647], [-4.611663078862865, -0.18717427932233965, -1.3555801511049048], [-4.569185096878372, -1.4574093167622435, 1.4335928133183438], [-4.744592389011222, -4.685200126580258, -1.7218746304219616], [-1.851458031264254, -4.04330915873969, -1.4597827094519888], [-5.717310012291501, -2.2408494634487015, -3.1041862095973274]]",[-64249.234375],"[[0.22338111393844634, 0.8243922873039908, -0.03721818374023346], [0.3332578337603987, 0.7260578215796916, 0.43775780826488064], [0.6554722591335409, -0.11487181037573191, -0.5911524785461498], [0.44923727598871727, -0.056105769945022026, 0.47464955942556886], [0.6569922961605817, 0.5302743785480634, 0.040885046810766656], [-0.9172271603340403, -0.93301939887851, -0.0946331035725265], [-0.19609377535430042, 0.1484713135452406, -0.3946394074571237], [-0.8602334851337438, -0.3608565331090484, 0.6910722873537938], [-0.3044464986481603, -0.29686292284853555, -0.2573148092811194], [0.04825231043996011, -0.48809041998845887, -0.16999768094364665], [-0.10110524228478789, 0.006625083439241364, -0.10032244378469847]]","tensor(-3, dtype=torch.int32)"
"['Bi', 'Bi', 'Bi', 'Bi', 'Bi', 'Bi', 'Bi', 'Bi', 'Bi', 'Bi', 'Bi']","[[1.1625842772055153, 0.9434836042344523, 1.444974458758975], [-1.5585276838894089, -0.17358600412175157, 1.3673932428942503], [1.5586536251709724, 0.17352056221897666, -1.3675235239402992], [-1.1627102184870797, -0.9434181623316783, -1.444844177712928], [-0.26925473477564354, 3.1760168254085945, -2.2790530751345535], [3.9183714212814893, 4.002972319347981, -4.358903726695534], [4.221209206133725, 1.6502053551105365, -2.4205182865527033], [1.6619571699315556, 1.9418872207032631, -4.081824386957563], [1.558218741714115, 4.80082982500266, -0.5858178734600901], [3.0778778161611573, 6.245423129333637, -2.696440787232672], [3.5498048493728174, 2.7393223826363506, 0.1987755765273458]]",[-64250.09375],"[[0.3450360638363024, 0.0635090598915749, 0.3194337243489791], [-0.4980417259947852, -0.35543870154040746, -0.47859461086932903], [-0.1251078919252163, 0.054822994448521276, 0.42174882560441035], [-1.2544450093668482, -0.26107489546147405, 0.29095596434480614], [0.1747791641290119, -0.5799362919311918, 0.4145667534958253], [0.13000882862931687, 0.37648092994660814, -0.2408202478098795], [0.5795022894782749, 0.2233833765104758, -0.28572242955238014], [0.3531905276966244, 0.03238493907748596, -0.5043620666927088], [0.19928179076585162, 0.13370175755807087, 0.16796558272867365], [-0.14312413593042755, -0.06614531626049593, -0.12420358302272845], [0.2537883336628029, 0.39006206997532245, 0.029005083268885307]]","tensor(-3, dtype=torch.int32)"
"['Bi', 'Bi', 'Bi', 'Bi', 'Bi', 'Bi', 'Bi', 'Bi', 'Bi', 'Bi', 'Bi']","[[1.8629760368272463, -0.9266522035970158, -0.01872643336945612], [-0.8832942659500234, -1.762534812589417, -0.6649565377825071], [0.8833325040207599, 1.762723568445043, 0.6649514312265887], [-1.8630142748979845, 0.9264634477413907, 0.018731539925374435], [1.18641893864947, -1.9036353605921406, 6.990926773867314], [-1.6034828388577518, -2.4120097856756777, 3.1825346642714503], [1.125230215914407, -3.671124391459837, 2.5881301717615086], [-0.11384146484407853, -3.954942997110665, 5.377204502752306], [1.6898840504427213, 0.16012683467626232, 4.9090693047544685], [-1.0343396310125672, 0.3930180542847188, 3.736333352019806], [3.0349621571728194, -1.481944898748571, 2.8291221059062504]]",[-64250.453125],"[[0.22105513847010602, 0.2951973098802378, -0.16499801382371665], [-0.3847414775818551, -0.04666693136115126, -0.21539505742804183], [0.6588373208063946, 0.13516641299248242, 0.3742428862548659], [-0.7654481721701469, -0.5555323957101815, 0.4495948137914579], [0.20354756179478276, 0.3856488718098377, 0.0027984889540817637], [0.04928701034006189, -0.1830864030234116, -0.1592109202154552], [-0.18348255881692724, -0.17489707498499987, 0.10448465072119181], [-0.22376482558580016, -0.060990714378641876, -0.35204736317875746], [0.39617528248837053, -0.09334971101092682, 0.28539960166145445], [-0.30178576536364826, 0.3705923805516636, -0.7475820806723429], [0.3196017717442554, -0.08352603463589668, 0.43029882819314896]]","tensor(-3, dtype=torch.int32)"
"['Bi', 'Bi', 'Bi', 'Bi', 'Bi', 'Bi', 'Bi', 'Bi', 'Bi', 'Bi', 'Bi']","[[1.069332650715251, 1.6466922236636035, 0.3547307042620428], [0.24356189172250897, -1.2483526645852432, 0.3200019248370881], [-1.3441348079536477, 0.7904281881661679, 4.103442485876438], [-1.8798691214159964, 2.566669457980766, 1.7698034706085566], [1.5733106125190386, 3.7175953118886045, 2.5819787972131985], [1.1148522568376196, 2.383533903266862, 5.212852041907761], [4.562777843308074, 2.4786551962337104, 3.1497081112522944], [0.09703041767754435, -1.7437020387163353, 3.2939917828939826], [4.041258845948604, 0.4825627043048418, 0.9219816457558846], [3.657578812234101, 0.7709252614497002, 5.293369980760245], [3.0844573893861824, -1.4016342888813857, 3.394910923911687]]",[-64250.83984375],"[[-0.10038487020387397, 0.21872762033901835, 0.1084219374291237], [-0.012716842655683186, 0.03383604479076675, 0.4691477555813813], [-0.04875489967862358, 0.7187440574945756, 0.011527516526206847], [0.5603033373667733, -0.367528292380815, 0.33289679925543064], [-0.09773107890172492, -0.619350296683773, -0.21918471131105374], [-0.4828789452733197, -0.08286752333115088, -0.12938199333298303], [0.37836781217496535, 0.6804489974547283, -0.48511503492558194], [0.21373859759204494, 0.0035883950156690774, -0.7116992309484118], [-0.5821243019278288, -0.5190407084219689, 0.726854863999148], [-0.021744397066696078, -0.10499748324049758, 0.8301063101201201], [0.19418267332081007, 0.04621846387387347, -0.9365304992914448]]","tensor(-3, dtype=torch.int32)"
"['Bi', 'Bi', 'Bi', 'Bi', 'Bi', 'Bi', 'Bi', 'Bi', 'Bi', 'Bi', 'Bi']","[[-1.994584117714483, -0.5330128277642255, 0.25931876586629826], [0.5826197573245794, -1.9296788573719428, 0.515556639736372], [-0.5826175388346007, 1.929871080625994, -0.5155439000776464], [1.9945818992245061, 0.532820604510175, -0.2593315055250242], [-2.066410014011281, 4.587394243912593, 4.909217192387701], [0.4146886555160625, 0.5485858092408518, 5.188542745717546], [2.2683912667238597, 2.7861753149381725, 4.218212358842226], [0.15396852556553256, 3.373561217983559, 6.35806785100497], [-1.7867208146184073, 3.2219530760658337, 2.28165817154626], [-1.687923764065887, 0.386142004719332, 3.1757260168688157], [1.089792776573389, 3.7111966826758396, 1.717632202291198]]",[-64250.09765625],"[[-0.20080825555433973, 0.18444502610498964, -0.43225358758238897], [0.5120241126040813, -0.008283893264823362, -0.006990000312123491], [-0.019563447323232716, -0.09236950310127008, -1.1945614126198771], [-0.13483294072860014, -0.19971286215954864, 0.2743010687920266], [-0.23379141353419647, 0.09042765065701618, -0.16149442103615225], [0.7853860597376219, 0.4159398776072283, 0.1999031753204782], [-0.043001466971508986, -0.4629130326659347, 0.5377542359889756], [0.28111125633432066, -0.1262475597408559, 0.17903362229779587], [-0.43675985973362963, 0.22742422731084544, 0.5011140417002863], [-0.6681375202891623, -0.12790736201280536, 0.39709326966721814], [0.15420158574230852, 0.10584070269819097, -0.3058517101447079]]","tensor(-3, dtype=torch.int32)"
"['Bi', 'Bi', 'Bi', 'Bi', 'Bi', 'Bi', 'Bi', 'Bi', 'Bi', 'Bi', 'Bi']","[[1.0466039337352293, 1.8880352245099623, 0.3568720297351885], [0.22782674865432934, -1.4079890081863233, 0.38771336635550135], [-1.2343140242609711, 0.9035333079956245, 4.083559115964783], [-1.707380630061047, 2.6647330691696283, 1.7140371616255228], [1.4312968725964232, 3.4639936336130983, 2.548211004041282], [0.9122014409894149, 2.3418633644656466, 5.054411462404841], [4.652665566518365, 2.4986744996684913, 3.2940910523758933], [0.28251842963739965, -1.7726459069318823, 3.197079747091513], [3.9113425412056495, 0.47548546884089865, 1.0048859168225812], [3.640046798094889, 0.7189098644757529, 5.26641738154223], [3.0116148277538994, -1.4660286187077272, 3.190728060508475]]",[-64250.078125],"[[-0.16362581530996204, -2.028789203379961, -1.6278305865109284], [0.15961967442140743, 0.6733532630379024, -0.5635506424499138], [-1.6936493210678136, -0.8636864785831955, -0.5969323216394987], [0.17816016665025472, -0.31141141526401217, 0.4252506186187695], [0.8253441102190966, 2.1140768560291314, 0.1435124241439318], [1.2148140033878088, -0.02733513027605839, 1.9541299828390142], [0.1922412322532888, 0.3656983344078345, -0.9865590521875233], [-1.9111627115584044, -0.03827882608553626, 0.28569826116933855], [-0.227851699158132, 0.02126462381006569, 0.32134976290326084], [-0.5945370806138031, -0.4383040651437121, 0.6980734051221164], [2.030103037819775, 0.5357240918134826, -0.06537958989481034]]","tensor(-3, dtype=torch.int32)"
"['Bi', 'Bi', 'Bi', 'Bi', 'Bi', 'Bi', 'Bi', 'Bi', 'Bi', 'Bi', 'Bi']","[[-0.5948593340432023, 1.8787851163769922, -0.6678499522441161], [-1.1788051998273976, -0.8933162925663449, -1.4633212994024618], [1.178868275603283, 0.8933450308630242, 1.4635010563405773], [0.5947962582673179, -1.8788138546736735, 0.6676701953060014], [3.1912129834607956, 3.2213662035155646, -6.201433641541094], [2.9668097011568295, 3.0109255942003754, -1.4631634021508515], [1.9009369565453773, 0.38402308089233284, -2.624137004076986], [4.303045729322528, 1.7689022602585889, -3.9305712186733057], [0.4821261231584, 3.8494524573777045, -5.146408485367404], [1.2108370354600215, 5.076072019254283, -2.535790271548455], [-0.39182885562114267, 1.153662627392037, -4.251570551143387]]",[-64250.1328125],"[[-0.1313178808146139, 0.5353944762064687, 0.006141489521206746], [-0.18211827930527563, -0.7519030790276287, 0.0007328542794235343], [-0.04276796953807234, 0.22530620278084587, 0.163407785641672], [-0.22691982801455843, -0.1559135814372095, -0.10459273995768843], [-0.1723948245867307, -0.33843480425208905, 0.05453364233921278], [0.06231719865298378, -0.12166009210701385, -0.24055007614072957], [0.39820074725353, 0.03663817854269955, 0.1510294597570549], [0.41284719875346243, 0.1876301618794125, -0.27358043960065476], [0.05230007236943782, 0.48040528555796785, 0.12997386160704394], [-0.07581966288158401, -0.008177182140381033, 0.10206601264382821], [-0.09455057111554407, -0.10253246243653077, 0.004815572432534946]]","tensor(-3, dtype=torch.int32)"
"['Bi', 'Bi', 'Bi', 'Bi', 'Bi', 'Bi', 'Bi', 'Bi', 'Bi', 'Bi', 'Bi']","[[0.9924249501920798, 1.7387315824049447, 0.2014397887371573], [0.2173759735109947, -0.9944769037296012, 0.253070645985773], [-1.3037144832083245, 0.9069773941743965, 4.204319294953798], [-1.7395361432307368, 2.5058902402304155, 1.8237003953419886], [1.628157991544822, 3.5718228905581646, 2.450016547565885], [1.0630771820846352, 2.3393375114180985, 5.080089112199751], [4.495380075745766, 2.5751140649396262, 3.0425580988441925], [0.1972745769139863, -1.6667052704664496, 2.997071365981431], [3.80229139834322, 0.6375755158839682, 1.0438082904866057], [3.6092399628789082, 0.7083338291418648, 5.413773006543553], [2.8847785122344587, -1.3106548082402165, 3.2950251451281116]]",[-64250.59375],"[[0.024038280007682686, 0.8171767394137887, -0.052462771867190096], [-0.3515905807392715, -0.9153301993757338, -0.661423337791844], [-0.5597243246156068, -0.3324753952149503, -0.35104062146984655], [-0.04809179123889073, -0.016235029032837377, 0.0643397323589233], [-0.32860413447260434, 0.4550268378573744, 0.19051334713209028], [0.35898913985339925, 0.5107034904481793, 0.29671539286779874], [0.5561098657986007, 0.3392149288034164, 1.2405713290591476], [-2.0473525784395603, -0.2925485579430634, 0.4222142469552813], [-0.0649462559290839, -1.3031093341733666, -0.47106322849265575], [0.16476599734651742, 0.4422918483455734, -0.266052039705293], [2.2836484020998724, 0.2836756760413075, -0.42257492150560827]]","tensor(-3, dtype=torch.int32)"
"['Bi', 'Bi', 'Bi', 'Bi', 'Bi', 'Bi', 'Bi', 'Bi', 'Bi', 'Bi', 'Bi']","[[-1.4029971594285495, 1.4633574908970814, -0.4689333897274963], [1.117593324359413, 0.5361038818814675, -1.6710723240387888], [-1.1176862965597336, -0.5362267323941905, 1.671187999971858], [1.4030901316288713, -1.4632346403843597, 0.4688177137944277], [1.5319820137290026, 0.5992675911464445, 3.0317755518288], [3.613561887496576, 2.969135137853022, -0.5173933628386496], [5.270093845873292, 3.34503738933709, 2.0319517677203365], [3.9736311806703286, 0.6318721532623011, 1.4380610250301764], [0.8715170301222332, 3.4993477864099547, 3.038325787142288], [0.9895038252244679, 4.067466156263629, 0.12040474029655446], [3.4680577644424044, 4.64678935027624, 3.917626141652721]]",[-64250.6015625],"[[0.1877357828555134, 0.22015247507454866, 0.09161154147141275], [-0.00593316834380661, -0.5077875493231665, -0.20416205578913788], [-0.6593643972450675, 0.24878388428835616, 0.17032251429614387], [0.3474883833836495, -0.5751386107869796, -0.3828459564421129], [-0.03364084653113728, -0.2928200151645028, 0.3533231966928952], [0.07336436085292541, -0.3721895507160713, 0.09236358956073862], [0.4678480107946599, 0.16253818665099917, 0.05655956990319644], [0.3198742059854348, 0.46623536258068726, -0.4301176681645203], [-0.05521061417483502, 0.47765178682024934, 0.0569898185434282], [-0.32114685132989473, 0.3509748011926269, 0.12914951405695962], [-0.3194735764699519, -0.1877795944775377, 0.0629860972202283]]","tensor(-3, dtype=torch.int32)"
"['Bi', 'Bi', 'Bi', 'Bi', 'Bi', 'Bi', 'Bi', 'Bi', 'Bi', 'Bi', 'Bi']","[[0.8720564770863233, 1.7080833656364374, 0.19417994433914149], [0.22455476540684313, -1.350184321533868, 0.09324333385602995], [-1.4892746764175582, 0.7760835007339528, 4.037992300371139], [-1.6559195452002295, 2.4620558235238867, 1.950827532357238], [1.616036828761055, 3.50931102903593, 2.5766459750389417], [0.9706113290199321, 2.3864686333210043, 5.233836554168654], [4.4703531907716085, 2.3743288209680102, 3.036199626931836], [0.19768410588982402, -1.5916007365715814, 3.2218887256279625], [3.7419566403367357, 0.5913196768654889, 1.144311117744641], [3.486307190940306, 0.8083016811980869, 5.202282573165603], [3.0456912313015883, -1.2486430822309522, 3.228617796856945]]",[-64250.03125],"[[-0.05042816939635726, -0.3116588583686847, 0.30944354324141987], [0.03290930042972349, 0.3161239414245715, 1.0193586333004472], [0.19594382853525943, -0.48970671917093345, 1.6419819461131495], [-0.4312322419994699, 1.1509791331239965, -1.6178279612572075], [-0.482995107778194, 0.36642544278274514, -0.28381940078726753], [-0.4646367525977154, -0.228659643061003, -0.0899109100587505], [1.4511468509540566, 2.530077463126513, 1.3051189095122284], [-0.6132783761102618, -0.4959571772464028, -1.1143948860709438], [-0.294546717577595, -1.6405066463057814, -2.719053135454151], [0.321420519701272, -0.06673260796840641, 1.7643850360213713], [0.32146397136865523, -1.1385375580667387, -0.21514792285591874]]","tensor(-3, dtype=torch.int32)"
"['Bi', 'Bi', 'Bi', 'Bi', 'Bi', 'Bi', 'Bi', 'Bi', 'Bi', 'Bi', 'Bi']","[[1.0297925032155109, 1.6815781919519392, 0.07127035555017758], [0.2732507004402247, -1.19241352145194, 0.15414596025630062], [-1.3865578082390901, 1.0744198966474356, 4.132916094630564], [-1.7374561042169252, 2.50642370737052, 1.7316316543599342], [1.5276877166455776, 3.5552828518889616, 2.337203215610216], [0.8855556097083884, 2.305195539939774, 5.083612649470327], [4.384237068059228, 2.6632792982540594, 3.280808071466732], [-0.10961230790230209, -1.817785288765348, 2.951922038870304], [3.7554471952603903, 0.3836089670907161, 0.9580074833110933], [3.55879224649285, 0.7954956723754205, 5.423091251440319], [3.05585165203415, -1.4572354218533383, 3.4970802676904182]]",[-64250.5625],"[[-0.027852148553618606, 0.13520683075646261, 0.2863570810066338], [-0.148052737719797, -0.33065356193243906, 0.11793785258606047], [-1.54517008852047, -1.612158161439835, -0.45607759687667593], [-0.10270884021064276, 0.3104861775702521, -0.4368051111742181], [-0.17364931793286364, 0.05571084828170422, 0.5771219608591368], [1.5896671670255205, 1.2219210506647815, 0.09142328519414629], [0.45896546153968726, -0.3724472268169678, -0.4936886402543549], [0.6331283319011388, 0.34235815557320337, 0.08852025101411944], [-0.07529320350801011, -0.1680750089395513, 0.9882487821167709], [-0.14452775334213622, -0.013239831038075585, 0.10289488533797139], [-0.4631574932892958, 0.4237936250760031, -0.8652373688651831]]","tensor(-3, dtype=torch.int32)"
"['Bi', 'Bi', 'Bi', 'Bi', 'Bi', 'Bi', 'Bi', 'Bi', 'Bi', 'Bi', 'Bi']","[[0.9144964687135821, 1.761708367387602, 0.23112471039091045], [0.0854738890162616, -1.0297866176043058, 0.2659663949476962], [-1.301969326672759, 0.6874807624833699, 4.1083590027951296], [-1.8362216024529103, 2.677581848089872, 1.7260792547817012], [1.5264884870111424, 3.5743946401507145, 2.592274843306686], [0.909604786854307, 2.3445856386259236, 5.197412189086981], [4.469895232884279, 2.5852807817364285, 3.2807210061526884], [0.08787240308148159, -1.7445234195507722, 3.171048228111844], [3.7583722817844842, 0.30081619136777416, 0.960764384980582], [3.593862093700006, 0.7280799820307741, 5.532366916109591], [2.943628093508029, -1.3294347185585433, 3.319861870847511]]",[-64250.8125],"[[0.07572334930405873, 0.4165265008279483, 0.3257089678725889], [0.0421295745555518, -0.5392495904120592, 0.20688845508459483], [-0.7684414521208928, 0.9874039171521471, -0.35444121580798055], [0.27247759000258487, -0.652529887053457, 0.6853634067468223], [0.019756419006296867, -0.06712341586439798, -0.33091422051464714], [0.2351531219412692, -0.15249894886807475, 0.23931049520115422], [0.15167300723315152, -0.4744660339807275, -0.2786581140335084], [-0.41551955343067104, -0.29598422214765346, -0.6419945289309896], [-0.044198768667389046, 0.48790077531471976, 0.4187186245919115], [-0.3645276590709734, 0.18862456228634472, -0.4829547928583971], [0.795384057003101, 0.0852411156562923, 0.2037425543660459]]","tensor(-3, dtype=torch.int32)"
"['Bi', 'Bi', 'Bi', 'Bi', 'Bi', 'Bi', 'Bi', 'Bi', 'Bi', 'Bi', 'Bi']","[[0.7722072878843277, 1.740703715813734, 0.3263154074660139], [0.23167948173606745, -1.0169754186932916, 0.4798411228118238], [-1.3615690468866986, 0.8598300521261436, 4.141540298656203], [-1.8228229852183047, 2.5408694763875603, 1.7449074271405938], [1.5012763879333741, 3.7148410751224916, 2.401179641640551], [0.9553053510628853, 2.4036262212244113, 5.2813477482858255], [4.395885521794978, 2.6082754378941533, 3.222677200148042], [0.07965716407694637, -1.6501865171236803, 2.97486434622089], [3.735462714786621, 0.42723962456302883, 1.2120587259477344], [3.8311687808322694, 0.8827510464505869, 5.366830576000134], [3.0326239017532837, -1.2499386047909824, 3.127937609623068]]",[-64249.74609375],"[[0.4123266529204199, 1.1408762347916988, -0.3581972396431005], [-0.08672490010877082, -0.4364424311623196, -3.7061953141601673], [-0.35758115156390646, 0.17910309354351756, -0.09567414381651983], [-0.02806593075714431, -0.12533780009666082, 0.4429258827347281], [-0.13473379893603807, -0.29306951515283847, 0.9627506237869844], [0.44902809092017854, 0.030298662546826553, -0.7682748445441806], [0.6793516500204573, 0.9709920424041644, -1.1074097091510104], [-0.5373953097897624, -0.870295760013695, 3.630188834819881], [0.898190187811009, 2.0714016622286837, -2.5010574057445605], [-0.9685376659731542, -0.8165715013959174, 0.6596302494585249], [-0.31000368408497725, -1.8499591097206303, 2.8287040608719853]]","tensor(-3, dtype=torch.int32)"
"['Bi', 'Bi', 'Bi', 'Bi', 'Bi', 'Bi', 'Bi', 'Bi', 'Bi', 'Bi', 'Bi']","[[0.905388069422286, 1.8635765422325348, 0.4664139344970367], [0.1361113386218086, -1.2272849919758704, 0.17626868671492954], [-1.567587878612301, 0.8971708897201499, 4.148083551878553], [-1.8089933299842222, 2.3977006208507854, 2.030806423986921], [1.5110291053139777, 3.628532645543687, 2.595219920113896], [0.8174001421452086, 2.3780514209554195, 5.264564083108109], [4.557299108009997, 2.5451586902460184, 2.9037069016606556], [0.20678443044428002, -1.8207114855445425, 3.191368149942688], [3.883797385184468, 0.504620872353703, 1.228788553527633], [3.6468116695546238, 0.7162303328726397, 5.207868734920941], [3.044970039312895, -1.208483415939557, 3.3397048914946854]]",[-64249.73046875],"[[-0.22886085770534706, -1.2777129915849041, -0.9430575053754199], [0.09351868400385159, 0.35316070288350926, 1.1073973678490316], [0.5932546136498519, -2.002630271173399, 2.403853197593142], [-0.31864192698286353, 1.852068958138069, -2.6209819508387304], [0.15372356597900097, 0.49514979898653916, 1.012799745519694], [0.5576047060007684, -0.2248555395702577, -0.12940724157994776], [0.40459744975744677, 1.6675839770679233, 1.9864071155015073], [-0.8250952272958598, 0.3439007668984469, -0.9116020977363406], [-0.5477568612426967, -1.2888541019461583, -2.5235864525066427], [0.117257744002852, 2.0967861777360834, 1.4590910498819167], [0.011566962412656206, -2.0226329505762624, -0.8381538674520518]]","tensor(-3, dtype=torch.int32)"
"['Bi', 'Bi', 'Bi', 'Bi', 'Bi', 'Bi', 'Bi', 'Bi', 'Bi', 'Bi', 'Bi']","[[-1.3419911243285925, 1.1044287659746939, 1.1441204580993192], [0.7775042848895146, 1.7615227015165507, -0.788308177053733], [-0.7775805389137056, -1.7616993747041567, 0.7882987479193131], [1.3420673783527846, -1.1042520927870887, -1.1441110289649001], [-2.5919199517009064, 0.1070873714099323, -7.049185352431172], [-1.3349767757132345, 0.32833392837044006, -2.4756756762612246], [0.1967420083220598, 2.478135685643946, -4.030266039526154], [-2.7248018644797845, 1.8737506102704677, -4.733179501285708], [-0.0340531353685648, -1.302834684902396, -6.486905009414583], [-0.5344336033207848, -2.1964191407540894, -3.693686648963481], [1.7667529776625355, 1.0105131461035137, -5.999735432199335]]",[-64250.1796875],"[[-0.06022097708981323, 0.6078764853900099, 0.4422407862086366], [0.16223428208977414, 0.8712671233236005, 0.4687776707882955], [0.06001276904101456, -0.5142661672189667, -0.0717195738317167], [0.4087983261068066, -1.0626447215488393, -0.17441087910913142], [0.06079957846424706, -0.20143581075995565, 0.13107547707491596], [-1.1182700548922497, -0.2619397636197217, 0.20496362335265322], [0.14515607987912582, 0.5698971569924506, -0.6113623889780716], [-0.022522500729824448, 0.3486209549506514, -0.19356905350201173], [0.07604592008452651, -0.03604415568300153, -0.3690731148559964], [0.3126600979137968, -0.23658054778137838, -0.017089869883227353], [-0.025083310605982453, -0.08414654501496645, 0.17804076455361098]]","tensor(-3, dtype=torch.int32)"
"['Bi', 'Bi', 'Bi', 'Bi', 'Bi', 'Bi', 'Bi', 'Bi', 'Bi', 'Bi', 'Bi']","[[1.7902648621410044, -0.997852596602296, 0.3591053026172216], [0.27921426326902066, -0.2363105388180376, -2.048194728882039], [-0.27924868113434953, 0.23641054300826098, 2.048355761712493], [-1.7902304442756771, 0.9977525924120734, -0.3592663354476763], [1.6612844621615084, 2.3873921264962306, -0.9884536551775585], [6.391978206432659, 2.020674996872152, -0.8098418151359128], [5.171642583317313, 0.1328880954205207, 1.2714084841222815], [3.817533504612689, 0.48097783292448293, -1.4562295769806093], [2.8620333953579804, 4.01153883546408, 1.1949087760943138], [5.486127033726878, 4.681515641299976, -0.03643449786417097], [3.68217568206036, 1.866301288495396, 3.080946298932176]]",[-64250.07421875],"[[-0.2598400453543239, -0.5385173398279908, 0.9005643457791577], [-0.419582052931595, -0.04618717353114835, -0.62567727083151], [0.1912156700588604, 0.09602612803337011, 0.16496690345831203], [-0.5759680491241301, 0.06491648253806033, 0.07683134111128641], [0.004255057236150872, 0.23347079679320862, -0.823681633998385], [0.5131541130665044, 0.06965034886662451, -0.04407025457611772], [0.17012268804827238, 0.1977645819538475, 0.21261970430140278], [0.6925460444984146, 0.2458850152977471, -0.43446561169579273], [0.28862685212887956, 0.021285691440985133, 0.8262455394844561], [-0.4295766049169383, -0.21506112236533537, -0.23635567897490853], [-0.1902956774184413, -0.14112597629589593, -0.025786286593315604]]","tensor(-3, dtype=torch.int32)"
"['Bi', 'Bi', 'Bi', 'Bi', 'Bi', 'Bi', 'Bi', 'Bi', 'Bi', 'Bi', 'Bi']","[[0.9938849140344447, 1.8135460799886696, 0.37595827071945565], [0.11808632371502911, -1.2095525252271095, 0.13319901257700045], [-1.3625507368063006, 0.7667673490651981, 4.125458669420767], [-1.8284192462111497, 2.4711736474229085, 1.558885801990972], [1.448658496325964, 3.6795311057073605, 2.638374470333805], [1.0929913288525483, 2.432053230022404, 5.253842784112832], [4.652149570219268, 2.4753099568228123, 3.1643455140285397], [0.21245761544870564, -1.5206597879338877, 3.2373403601950077], [3.8043425983951975, 0.34678840869098754, 1.0045748440618798], [3.6771550264898996, 0.8809463689585147, 5.204398247022521], [3.046642343877737, -1.384235129186455, 3.435140417657683]]",[-64250.45703125],"[[-0.05440035627784302, -0.6324778424426791, -0.3455130551577784], [0.34219365630224585, 0.38119520445828114, 0.9972126811206197], [-0.21160859171470772, 1.320716772550534, -0.2064966701688633], [0.3822208694968927, -0.28986375911969287, 0.8787464665435969], [0.13040534437747356, 0.0688802516231548, -0.29354871762425233], [-0.5439613966633364, -0.420266840925137, 0.20288555378780965], [0.3057894894138987, 0.9801539164605878, -1.5539370409135755], [-0.785476562618799, -0.7270785500975115, -1.1540896554435398], [-0.06116945756896645, 0.03998477454246766, 0.441725742539393], [-0.3824997314995193, -0.6257322924694984, 1.704994577132632], [0.8858355160885176, -0.09494569846722817, -0.6773297333796167]]","tensor(-3, dtype=torch.int32)"
"['Bi', 'Bi', 'Bi', 'Bi', 'Bi', 'Bi', 'Bi', 'Bi', 'Bi', 'Bi', 'Bi']","[[-2.077393472049823, 0.012994859836898187, 0.11824633369833937], [-0.08613126539100413, -1.5918704486990094, -1.3369498130709538], [0.08619073435827884, 1.591961975022033, 1.3371085687767574], [2.0773340030825502, -0.013086386159921748, -0.11840508940414318], [-0.3503338759315525, -1.6848993744502234, 2.487244489081754], [-0.8831046050560479, -1.2311300405072458, 7.183636262178426], [-1.898515558365635, 1.3169660621834836, 5.819558524712474], [-2.413399153335098, -1.4156884302810486, 4.530263537827109], [1.8458899225187426, -0.1278080996313294, 3.751677100222584], [1.9266451333895633, -1.4207380155647868, 6.429876762310999], [0.4161261516563498, 2.392598455957795, 4.411329580689931]]",[-64250.5390625],"[[-0.32042586218388186, -0.799773960961101, 0.061374734558545176], [-0.15379159740615844, -0.038034581434959844, -0.3114800637562686], [0.19937553323879803, 0.9507399658571487, -0.5261760378493097], [0.43843765973763127, -0.12431676304629126, -0.15472254295208362], [-0.3669073706250126, 0.28254639548816657, -0.39985957250573945], [-0.15251838641869117, 0.0009763507385674909, -0.10782837222604073], [9.139438597867953e-05, -0.005217953898677937, 0.06694102170557138], [-0.21956466914572237, -0.03590696668488101, 0.4025768186688956], [0.46862782681343773, -0.15148408246869455, 0.46317384551441754], [0.22580638546562348, -0.15478985446995902, 0.18586083055240227], [-0.12624565712346753, 0.05987356943911335, 0.3222966492975752]]","tensor(-3, dtype=torch.int32)"
"['Bi', 'Bi', 'Bi', 'Bi', 'Bi', 'Bi', 'Bi', 'Bi', 'Bi', 'Bi', 'Bi']","[[1.0668114617011943, 1.64990723839023, 0.19961920364852875], [0.23781501860767856, -1.1932962601975918, 0.14365124966485127], [-1.4665338729224673, 0.6477108504082818, 4.015919836769278], [-1.618764294685703, 2.537366474851366, 1.821438636163321], [1.4228454329256373, 3.6806297016784804, 2.507265643225886], [0.9562716975236065, 2.4759868261841733, 5.198683511109188], [4.50784813586474, 2.6723898927691088, 3.074185282724662], [-0.02221394846172793, -1.688727759873206, 3.0548359683958104], [3.663205288858742, 0.3388752128815623, 1.1484310965606739], [3.63107351022672, 0.8631372692696242, 5.5046444930743315], [3.070858707909102, -1.352201250983149, 3.2508605966297233]]",[-64250.68359375],"[[-0.33495836232887777, 0.6325544613591301, 0.2252300466632191], [-0.09082884581550647, -0.37051185355625277, 0.3500115111510993], [-0.049642923204708735, 1.1921934253027178, 0.49086685297902105], [-0.2987634319311609, -0.0866135712805048, -0.18969049082266173], [0.1342886893113403, -0.24061954738645125, -0.1112505638426374], [-0.022259106492344444, -0.6552711987554715, -0.24969822049870166], [-0.056344419872034764, -0.4646013227766183, 0.4314960373292642], [0.7436086956561234, -0.6591628226460824, -0.6038547636077073], [0.8023368380053404, 1.0990515623859485, -1.0602901039754904], [-0.2098134464977254, 0.20661843768171964, -0.8944934536474782], [-0.6206625884608393, -0.6533716666925862, 1.609903302724147]]","tensor(-3, dtype=torch.int32)"
"['Bi', 'Bi', 'Bi', 'Bi', 'Bi', 'Bi', 'Bi', 'Bi', 'Bi', 'Bi', 'Bi']","[[1.4733542089766463, 1.464447921135001, 0.11972619055442113], [-0.7673766056061455, 0.9115889555931371, -1.7055918750388388], [0.7673667510278619, -0.9116642457922093, 1.7057689379463343], [-1.4733443543983638, -1.4643726309359302, -0.11990325346191633], [-0.3997582368637803, -4.317967732275449, -0.5996195128539314], [1.5108891693180921, -3.810090407819585, -4.916717387260189], [0.45354451905624565, -1.0937520520285129, -3.974332405461399], [1.8001009366956209, -2.9867726834711075, -1.974820975684142], [-2.432062649253575, -4.35099093197695, -2.7711098496446414], [-0.8266284884873087, -5.551363011805815, -4.969434354130052], [-2.4075075196484312, -1.4922860735778105, -3.5829094672161412]]",[-64250.66015625],"[[-0.019229568824826973, -0.15992069934550407, 0.466079605065298], [-0.038735171437243775, 0.13667009779440156, 0.045028788074174396], [0.8678352129316956, 0.293452044092086, 0.3481227777274453], [-1.03621993712882, -0.14727112192781386, 0.2745135962965178], [-0.05527298917191894, 0.5487451938428227, 0.08611801658396917], [0.3036210198120613, -0.16372254026421995, -0.11902908079143378], [0.43240291733633096, -0.26634663686794247, -0.10934362699856488], [0.32227839445506506, 0.2981102171018476, -0.4570886580412794], [-0.21885118762507988, -0.09954746144252888, -0.4234702829641616], [-0.2207575588261451, -0.21546452867376348, 0.04290253086731322], [-0.3383160192205443, -0.2240789117211576, -0.15137131382186433]]","tensor(-3, dtype=torch.int32)"
"['Bi', 'Bi', 'Bi', 'Bi', 'Bi', 'Bi', 'Bi', 'Bi', 'Bi', 'Bi', 'Bi']","[[0.8882945246145325, 1.8353235090567879, 0.2898337468680433], [0.2502229382894429, -1.249940893732715, 0.13559537025226592], [-1.5377432687238248, 0.7716760160903388, 4.190361191181422], [-1.9351890164644445, 2.357130519045119, 1.8107584800664167], [1.4009463200259322, 3.398159031881401, 2.4408547346085827], [0.7950654676395174, 2.3064300064060195, 5.171701087076017], [4.466128683125515, 2.5606920865972933, 3.154083231121255], [0.09571458192096824, -1.5975699616571253, 3.1436160738012178], [3.6988421621597136, 0.4377777570724743, 0.9434034645080047], [3.648192941892557, 0.9212375533709305, 5.367319864993993], [2.9648627359836603, -1.316507732772832, 3.3709889580659755]]",[-64250.71484375],"[[-0.49854072597145654, -1.9247124326891647, -1.6541838942236546], [0.11546265020796126, 0.35931484738145325, 0.7860761442065965], [-0.2686053008184074, -0.0841338951804383, -0.07662452145896034], [0.08885557447329852, 0.23865424646843786, -0.03727898007910593], [0.32833560831038483, 1.4663307661551606, 1.8887524498278667], [0.5126788186740504, 0.0991098080211099, 0.1443519412110316], [0.18744324257652706, 0.38895808909123786, -0.7037221218819418], [-0.49008081488716226, -0.3661064201265962, -0.7544392165842476], [0.010634649039095058, -0.20829664906245393, 0.3924827135142576], [-0.6535063925725202, -0.3367787043707332, 0.40187886661990957], [0.6794128423094349, 0.3590362939113761, -0.3928110435689821]]","tensor(-3, dtype=torch.int32)"
"['Bi', 'Bi', 'Bi', 'Bi', 'Bi', 'Bi', 'Bi', 'Bi', 'Bi', 'Bi', 'Bi']","[[1.0110608037480069, 1.8942510224257465, 0.16870930968289466], [0.3649983358779324, -1.1570210837837738, 0.37862308435039527], [-1.3372980392681406, 0.9949049824378162, 4.228683244421773], [-1.6252291277151194, 2.4881205138578193, 1.7196494710013177], [1.7502308636771013, 3.6192067613648025, 2.551341790493595], [1.0324583637627172, 2.301959749660634, 5.180149506511154], [4.744194474482431, 2.5141774944720345, 2.9651001799391596], [0.1400553949245839, -1.6404826054133668, 2.8884275098363594], [3.8635072329027715, 0.5446906542147664, 1.1572143439438096], [3.6017908206154385, 0.8047915586005472, 5.351946265287107], [2.880771313186009, -1.3251680045245233, 3.5606141109499383]]",[-64250.0],"[[0.17607726340880284, -0.3564513053677582, 0.46515009933793694], [0.13367764059712087, 0.7196439440971878, -3.758622707628352], [-0.5567464712923342, -0.4866666451168517, -0.6082112432061817], [-0.01653818797373452, 0.04905946758482995, 0.1708322100678634], [-0.2087924094473559, 0.17223001678322372, 0.21720352096674284], [0.3136731645399718, 0.9684949856371445, -0.021013858838277208], [0.0952006491972711, 0.7071612313666676, 1.539840188728427], [-1.5407493313075231, -0.7127549264885049, 3.426476619487866], [-0.6023938619859809, -1.7168627958687968, -0.638798645939427], [0.838911829081909, 0.8480757600219956, 0.4089851425655089], [1.363026869500779, -0.18568589259685445, -1.2034332660798015]]","tensor(-3, dtype=torch.int32)"
"['Bi', 'Bi', 'Bi', 'Bi', 'Bi', 'Bi', 'Bi', 'Bi', 'Bi', 'Bi', 'Bi']","[[1.3981040233032282, 0.6028187550099097, -1.4183192123644537], [-0.1886603215583854, -1.833426684371482, -0.9653283374549708], [0.18859512788489863, 1.8335902110989526, 0.9654066049088719], [-1.3980388296297426, -0.6029822817373809, 1.4182409449105537], [3.6232874309837744, 2.335131366528403, 1.1197951540037003], [6.487123431294146, -0.7025525771525054, 3.3818222462991274], [4.921511393806347, -2.2270767954079296, 1.2349067653066883], [5.930177380626631, 0.6106112489071515, 0.6649008487179908], [2.2204371893556214, 0.7865249103777706, 3.2365264271334295], [4.454374709600913, 0.39271490306043977, 5.161462643060087], [2.1194752529319647, -1.8995853635456998, 1.9690749193311092]]",[-64249.671875],"[[0.3825968164084183, 0.24344534558492817, 0.5198485494806568], [0.03550886199409455, -0.3768715321542334, 0.39716248380248187], [-0.5313141332397673, 0.4489301832578143, -0.4711758428732112], [-0.5434703156887681, -0.16750386376839624, -0.0393795005291324], [0.22790492102291507, 0.0005686064624938468, -0.3236829888865137], [0.08507908464573054, -0.04756409773511896, -0.25744809534248914], [0.24590789812849922, -0.13987353983342612, 0.0565617296310427], [0.15460746031113243, 0.03481125961533129, 0.05969420918368986], [0.001092642312891687, -0.06676870627669404, 0.4221961463790459], [0.13698310406583583, 0.01815565443768793, 0.3827971054551139], [-0.18651003445857248, 0.06279892080688497, -0.7492507275440436]]","tensor(-3, dtype=torch.int32)"
"['Bi', 'Bi', 'Bi', 'Bi', 'Bi', 'Bi', 'Bi', 'Bi', 'Bi', 'Bi', 'Bi']","[[1.0978002541763403, 1.5491308921015001, 0.052067319789315114], [0.14682126537879858, -1.1887017111486584, 0.3439729664816379], [-1.6847028626313405, 0.6371691198294115, 4.195410287759731], [-1.8351186570986158, 2.5036437033297334, 1.7311494837677088], [1.4001536270479198, 3.617371977064592, 2.4977888157042725], [0.9998730857149463, 2.4479047362726956, 5.276101210653434], [4.389692248457002, 2.7249745093089546, 3.009488769724951], [0.14362453381860055, -1.6977586932935318, 3.0454247310169045], [3.722423971387112, 0.5507013556437492, 0.9674427501025165], [3.5527398441240776, 0.5930859991077646, 5.456245527243127], [3.023667687871811, -1.4971334906303146, 3.2790847288045764]]",[-64250.22265625],"[[-0.5292701050995482, 1.0243373202070134, 0.6124571653077637], [-0.25924262349437255, -0.35757955747906756, -1.3758263423154187], [0.7277285253350554, 1.2352357728370311, -0.7368230364515119], [-0.005226726507501116, -0.7717597196904107, 0.7391822820131031], [-0.34070082156164966, -0.4288625063311968, -0.07696236460062673], [-0.1104607719380934, -0.6249871863625355, -0.7073910881160206], [0.032711819029227956, -0.6351852155642523, 0.8762643221831347], [-0.6538164677847346, -0.3061599855837171, 1.1655115304248094], [0.4996828620474919, -0.6916677551742652, 0.610289724147758], [-1.9218132551660065e-06, 0.8747921077012613, -0.7071879708542882], [0.6342411059628832, 0.6758040399225022, -0.39789992801779966]]","tensor(-3, dtype=torch.int32)"
"['Bi', 'Bi', 'Bi', 'Bi', 'Bi', 'Bi', 'Bi', 'Bi', 'Bi', 'Bi', 'Bi']","[[0.057701818619530165, 0.7111679122521146, 1.9546420133214844], [-1.3378740220562935, 1.5097000704412122, -0.5097094480252591], [1.3379353149774138, -1.509882354421079, 0.5097209688110224], [-0.05776311154065039, -0.7109856282722484, -1.9546535341072497], [2.124686158000646, 2.655137319522681, -0.48139923284117714], [0.7669897359707532, 1.154073276545835, -4.776665709922458], [3.0627756906704735, 3.1555276520056763, -5.105464219127038], [3.100239064446182, 1.1549119593458388, -2.7836286089531517], [0.2802438576686139, 4.554538619170635, -1.8367697883552538], [-1.3483495312226235, 2.647376767510873, -3.437194684075905], [2.0701990478879413, 5.639339295201304, -3.946528767766008]]",[-64250.4140625],"[[1.3471477276215427, -0.5556902615313255, 0.43339742058744635], [-0.4604008063818995, -0.11768393029784911, -0.6256011661359749], [-0.1323293019338584, -0.09994778242546234, 0.7574669493363506], [-0.3946324140526691, 0.10568021435037656, -0.08824941085777897], [-0.3800314196816915, 0.07170491853561702, 0.4233899102350254], [-0.0759507892151075, 0.02882102817650075, -0.2706128706956978], [0.09408993201918979, -0.03911580290131209, 0.1716351660278513], [-0.014340124958194053, -0.18275786728032078, 0.004193100814892398], [0.004434883889944981, 0.3282813065816787, -0.2796599706437194], [0.01629750687410445, 0.19872432387105626, -0.5138684687627036], [-0.021573305483598294, 0.2622067985412854, -0.007466318004199844]]","tensor(-3, dtype=torch.int32)"
"['Bi', 'Bi', 'Bi', 'Bi', 'Bi', 'Bi', 'Bi', 'Bi', 'Bi', 'Bi', 'Bi']","[[0.9891027557116214, -1.1534271954267812, -1.4216174390545742], [1.6424775427251839, -0.15426464624449865, 1.2678228833524037], [-1.6426640963300094, 0.15425152025077127, -1.2678691700763691], [-0.988916202106797, 1.1534403214205098, 1.4216637257785412], [-2.4725169494733557, -2.1896328317923417, 1.8806493512154634], [0.15892238750502785, -6.127206449532547, 2.222538171342799], [0.5981566995737118, -4.877592793305119, -0.5397254213960374], [0.3048676484346622, -3.0767454762738273, 1.923142363927842], [-3.7570050857256976, -4.549249298904127, 0.6043177347948456], [-2.692765703622556, -6.722111303090632, 2.3355045675637185], [-2.0331467469731797, -4.876158773236276, -1.7942772006661825]]",[-64250.21875],"[[-0.27811869629285685, 0.09429299785883068, -0.182883542872137], [0.043266193041160854, 0.6257127520746989, 0.012818797236654564], [0.03465135747936084, -0.7160839926972541, -0.2354600604058973], [0.3769961793042181, -0.10730129578736788, 0.5086551942743593], [0.08968383010234275, 0.5992864249919322, 0.003706495619174982], [0.10091837440399404, 0.023468070718594358, -0.03592327263012035], [-0.03686501167306771, -0.055498680731854065, -0.07769384385332147], [-0.017761756073992538, -0.07298440301825677, 0.30604356596838483], [0.06330491418801089, -0.28521638474916267, -0.2343881154848657], [-0.32198883665739025, -0.1523624232149356, 0.011697543672008967], [-0.047861841929772955, 0.047392872454583075, -0.06830617539277982]]","tensor(-3, dtype=torch.int32)"
"['Bi', 'Bi', 'Bi', 'Bi', 'Bi', 'Bi', 'Bi', 'Bi', 'Bi', 'Bi', 'Bi']","[[0.9607702939156165, 1.9578724793595352, 0.3295193503412829], [0.1766461510489188, -1.2842334989665452, 0.3513705625520045], [-1.68671357500327, 0.8803384504419361, 4.085496225124045], [-1.7650905581051624, 2.527245535784358, 1.8255483628529734], [1.5244808788375286, 3.5611313441717907, 2.536708096101031], [0.909858143121637, 2.3199931338547484, 5.265433580488894], [4.590403472387562, 2.574023691239544, 3.024285286954166], [0.17992696714609874, -1.742843704332226, 3.2076440873584406], [3.5028191602120655, 0.6332650446107694, 1.1271482650024338], [3.635752779674592, 0.9763899611389395, 5.306130213163718], [3.093711111833888, -1.0747218451645653, 3.3698474951255046]]",[-64250.5234375],"[[-0.8633743464873181, -1.2357453657645676, -1.177389519358374], [0.13128965008633764, 0.2948470225924096, 0.16289161068641367], [0.6280077200218177, -0.27660344152033267, 0.5970932727861373], [-0.07899106895755559, 0.3884107523484834, -0.36103923580042446], [0.003234564745731133, 1.2429007498076237, 1.5472614249849406], [-0.36249828622685404, 0.03798349872918642, -0.4616321083647308], [0.2973234591007067, 0.8609585366249912, 0.40072248662450716], [-0.36184481428708287, 0.23448808003089303, -0.2813523230996376], [0.6125800641066348, -0.7302662055544218, -1.3553490370072923], [0.13180752197061804, 0.4785366581721208, 1.0415765764084834], [-0.13850956885432397, -1.2963761255021644, -0.11048781995826333]]","tensor(-3, dtype=torch.int32)"
"['Bi', 'Bi', 'Bi', 'Bi', 'Bi', 'Bi', 'Bi', 'Bi', 'Bi', 'Bi', 'Bi']","[[-0.7388477684791266, -1.2760631417690267, -1.468155827139093], [-1.6564945582722053, 1.2357475720202236, -0.24053822908259948], [1.6566828727651597, -1.23578699038946, 0.24054827118945876], [0.7386594539861729, 1.2761025601382647, 1.468145785032235], [5.510866786209031, 3.849988058593009, -0.8027473044913778], [1.3213587702757197, 1.7104866101064689, -1.4480403239821522], [3.405604389268694, 0.37433152802666125, -3.2522495753828577], [4.183856139761543, 1.2804827572620647, -0.42948472202135535], [4.0690803980483325, 4.839974657117677, -3.2085529044451793], [1.254571758555747, 4.495162137211446, -2.308226271524381], [4.349821775867357, 2.4961937278054407, -5.014014140552605]]",[-64249.69140625],"[[-0.39619538852617747, -0.3658695699727887, 0.1774086842039362], [-0.7355292566274135, -0.27713437461587387, -0.09463716591776114], [-0.009748013909482506, -0.7602709959900902, -0.07793835589877408], [0.17241580480009447, 0.26351456517429306, 0.4989502515087824], [0.256829950379632, 0.14192605261875552, -0.06220047050510209], [-0.33904245910826436, 0.6884045092427356, -0.5300203534156689], [0.651506587431058, -0.27683196129530463, -0.20895408050327663], [0.547510035203123, 0.09864047859127897, 0.0664890215206022], [0.04135188741136521, 0.10450172285559566, 0.14148881057406917], [0.03421511816546026, 0.6319137420980703, -0.060725324964008655], [-0.24287003522435532, -0.25915212061319554, 0.15320178601576062]]","tensor(-3, dtype=torch.int32)"
"['Bi', 'Bi', 'Bi', 'Bi', 'Bi', 'Bi', 'Bi', 'Bi', 'Bi', 'Bi', 'Bi']","[[-2.059319431455653, -0.2719088815190077, 0.12240808351880406], [-0.0029303974178762626, -0.8360653049852389, -1.905227320180039], [0.0029891763103677693, 0.836083269951656, 1.9054099107104046], [2.059260652563163, 0.2718909165525908, -0.12259067404916979], [1.8838706974015493, -4.221306706193522, -2.1344908666052165], [0.6792567818281043, -5.912568089259364, 2.1356832742473575], [0.7969706342691247, -2.8546821356635927, 2.2772395183490373], [-0.32031278975500754, -4.226789820173585, -0.2255160644581492], [4.193785879577062, -4.392431553877788, -0.2685513775614019], [3.3688120026373753, -6.7353740850315695, 1.368818769866113], [3.549270953375016, -2.1733982678814234, 1.600220097621413]]",[-64250.77734375],"[[0.1679533956929697, 0.08784379339941299, -0.17936087248859725], [-0.1271884811725472, -0.3756493833037029, -0.14368684787856384], [-0.17429358531824238, 0.01391897802817156, 0.44124895690628324], [0.8134383533560797, -0.1993971819393523, 0.07869189522875572], [-0.07597464906559961, 0.2687117959700651, -0.005584948224059807], [-0.2527471905746264, -0.03308620785137872, 0.08159642064943833], [-0.4447140859693475, -0.06845601936763764, 0.05779920226486337], [0.005200876622064937, -0.035579042864679986, 0.26714501626177994], [0.06506498953853712, -0.2915294749321738, -0.2540066718636424], [0.4106362545039817, 0.02879152218035339, -0.05544350482759104], [-0.38862759930866714, 0.6045978128310071, -0.27999827658421]]","tensor(-3, dtype=torch.int32)"
"['Bi', 'Bi', 'Bi', 'Bi', 'Bi', 'Bi', 'Bi', 'Bi', 'Bi', 'Bi', 'Bi']","[[0.7773550741304628, 1.7227767083292713, 0.335925755844716], [0.24718658806520266, -1.2906511446182785, 0.005246238331898412], [-1.4076388643482565, 0.7814750849638996, 4.24456085872131], [-1.9031510155756899, 2.579989850326118, 1.8014796071268178], [1.441710266684916, 3.4657596547522447, 2.585734471485827], [0.8388582433872096, 2.2188588526263273, 5.314343225231794], [4.561316382488449, 2.6042463071950825, 3.0547354403597153], [0.05540248990804966, -1.9077511551475408, 2.9250626431252025], [3.840392357825699, 0.5241272587624308, 1.0679573838237224], [3.6477873363177684, 0.864231703972536, 5.45196524524267], [3.039820932877498, -1.3152690471858275, 3.099571740733727]]",[-64250.82421875],"[[-0.04707979419222057, -0.34507982403623516, -0.3415898066808473], [-0.0016721425454862987, 0.23761366902326875, 0.694983451639204], [-0.6657433077052982, -0.43238970185879544, -0.9619474107165386], [0.3593986139686336, -0.5138030598622166, 0.6212308025727744], [0.026463736654389513, 0.1777699758193621, 0.5447224436186885], [0.7538874575416173, 0.48739365064757917, -0.12418543102440145], [-0.14247179527667111, 0.0374165650273316, 0.56703963136347], [0.049855383860480884, 0.5995476492171476, -0.3129282641213752], [0.008619540683179383, 0.13281297812723952, -0.9114899975767009], [-0.23742114471240133, -0.19522350787643708, -0.8146375165316749], [-0.10026557095141338, -0.1880069829664949, 1.0244900438189997]]","tensor(-3, dtype=torch.int32)"
"['Bi', 'Bi', 'Bi', 'Bi', 'Bi', 'Bi', 'Bi', 'Bi', 'Bi', 'Bi', 'Bi']","[[1.0447972541698036, 1.6901564132758646, 0.044372759721707594], [0.3842489348830844, -1.0767146319673677, 0.37711274621482704], [-1.405080796652438, 0.9745741706903402, 4.126564107040053], [-1.8396801690559181, 2.4623215677426713, 2.0566136992922948], [1.6181633687330184, 3.6828627881935634, 2.5131421332722548], [0.9466855661685476, 2.383699636084653, 5.280840332492397], [4.416758878216286, 2.6567912152384374, 3.21616244330446], [0.18023584047045677, -1.5795502699061124, 3.0879979481615423], [3.6666112498939647, 0.5803330919688598, 1.0359231087840628], [3.647842790851291, 0.779928402089493, 5.127817707143817], [3.0471644883282076, -1.2642030144984366, 3.3861989801898824]]",[-64249.8671875],"[[-0.09219513078872962, 1.2049533031068425, 0.8283723571921153], [-0.3581553306384646, -0.7975041898388552, -1.2390302089745597], [0.10474993729164189, -1.9360540892075726, 2.4031116910325894], [-0.4566682824426305, 1.8869830156566734, -2.7400143226440252], [-0.655351417218333, -0.36959417490995466, 0.2024076368686852], [0.6691027129480783, 0.31321041713786285, -0.6064037566872207], [0.8977669839973234, 0.951342632770441, -0.9257606564313824], [-0.6422896917366464, -0.44119074709861716, 0.936029133898561], [0.40252421386921144, -0.4194495382015989, -0.05765316352478232], [-0.01937976246990752, 0.7810496347548628, 2.7126073762748693], [0.15637195796153433, -1.1645550795214616, -1.520405723437499]]","tensor(-3, dtype=torch.int32)"
"['Bi', 'Bi', 'Bi', 'Bi', 'Bi', 'Bi', 'Bi', 'Bi', 'Bi', 'Bi', 'Bi']","[[-1.8029511727849896, -0.29334858025246513, -0.9965080925650296], [0.4121105520623829, 1.630014961078364, -1.2256104774882752], [-0.4120723316215006, -1.630183827269787, 1.225694978418999], [1.802912952344109, 0.29351744644388844, 0.9964235916343067], [3.8557863851567786, -1.6750392825536167, -2.282602788049714], [1.6291384570645142, -1.2306700632904608, -6.452785271580007], [-0.39157422595858926, -0.7743675003708557, -4.196002284617908], [2.468440080951713, 0.2942878823302775, -3.9256671369672804], [2.4002607851813065, -4.142903121771431, -3.0812362070913544], [2.6184526859016826, -3.941918697695474, -6.04146257636582], [-0.4122020653150449, -3.2678422102093414, -2.686095527651649]]",[-64250.38671875],"[[-0.03799112462536741, 0.12139125741224492, -0.524862203409496], [-0.246416102659563, 0.14729780999334277, 0.026458476174421094], [0.5208579651383297, -0.07739523576752896, 0.362806098867039], [-0.1486903202332706, -0.4840887528218715, -0.1066269979005077], [-0.03215687695912909, -0.018062030235552164, 0.1387404026234169], [0.011668377061666017, -0.02572122736305132, -0.43759953106700406], [0.23119089551892208, 0.2817461134769407, -0.09688863077540519], [-0.27593690836930074, 0.030753053859054115, 0.13938832097729764], [0.30895719309927666, -0.09552990484964398, -2.8246432583000833e-05], [-0.15313761124547148, -0.05421184289011868, 0.2748672260202986], [-0.18746021186674774, 0.18310002987767973, 0.23236439907081988]]","tensor(-3, dtype=torch.int32)"
"['Bi', 'Bi', 'Bi', 'Bi', 'Bi', 'Bi', 'Bi', 'Bi', 'Bi', 'Bi', 'Bi']","[[0.9265833180191757, 1.6815499992247613, 0.2909492239257468], [0.26961465627146786, -0.915843468524058, 0.3068452646987662], [-1.4476806253662602, 0.9989076105328801, 3.9332231179785766], [-1.8349107584311883, 2.5986872994696357, 1.9700347277163925], [1.601015822430915, 3.6700260559309505, 2.4678410792424685], [0.7996145542419046, 2.36460993736993, 5.029494200420989], [4.514484183623471, 2.4248850035309006, 3.1154980062247506], [0.01934943783096832, -1.534398351430768, 3.0073228586936875], [3.855773681973185, 0.4771885151563703, 0.9918379995810631], [3.575909540862964, 0.9189691604753846, 5.359852860299466], [2.8319555408233144, -1.33917949188635, 3.16130945719128]]",[-64249.88671875],"[[0.574153877733264, 2.6842069550964296, -0.13275312281264293], [-0.6621812994217015, -2.2907713902252347, -1.1737323802053583], [-0.5259616077274302, -2.704658035137851, 2.8288943226108234], [-0.41279351408985515, 2.4284067321006435, -3.1593151995788724], [-0.02005751077911258, -0.26647447218760495, -0.02944137914708663], [1.134233014780758, 0.5414350293041174, 0.5757417919211876], [0.4957709778527994, 0.9861157937581222, -0.2383518331478686], [-0.9844440615609267, -0.654690129120642, 0.8732278476754635], [-0.2714372696678737, -0.3771796533269678, -0.2238719378025568], [-0.6049371986354207, -0.6851700596824896, 0.24722913734950022], [1.2805818300740317, 0.33263716911505414, 0.4250871477896435]]","tensor(-3, dtype=torch.int32)"
"['Bi', 'Bi', 'Bi', 'Bi', 'Bi', 'Bi', 'Bi', 'Bi', 'Bi', 'Bi', 'Bi']","[[-1.892385948774594, -0.6170860013518509, 0.6064610353077617], [-0.42256169926059883, 1.9316917026105764, 0.6472354280885331], [0.42261892069978624, -1.9318244733845167, -0.6473627647622955], [1.8923287273354084, 0.6172187721257912, -0.606333698634], [-5.178260842478386, 2.7455425000741593, -3.861290883000862], [-1.2455300004010257, 5.068766222973504, -2.5643303586285118], [-0.44401774946801265, 2.433418246242356, -3.9048826252866746], [-2.820017562977132, 4.038320688686514, -4.988257117881184], [-4.059749880425684, 1.769756728669742, -1.283792600711306], [-2.845622407986281, 4.284282376518343, -0.2571486270824397], [-1.6321324619494821, 0.3512983732174817, -2.246322914141804]]",[-64250.19921875],"[[-0.29234451508368253, -0.4334634465530323, 0.6905256705203214], [0.10135299392200992, 0.6024077459507069, 0.33305435654402515], [0.5482227453923919, -0.4122093591295309, 0.07581868586184404], [0.4394800369560057, -0.20576153994766652, -0.14022526693981854], [-0.29099129132172014, -0.071044607457666, 0.008196275162983883], [0.0289147397961922, 0.0328517693936662, -0.2769433415456622], [0.29032234133238405, 0.764074173883187, -0.13897977245971171], [0.27372159324203593, -0.012694869995951975, 0.028873298732589623], [-0.7183676477842259, 0.3645091471180054, -0.16165778902109504], [0.1325111304496776, -0.3157645010044424, 0.03657127325934763], [-0.5024142492858319, -0.3128192492872302, -0.4351094162823473]]","tensor(-3, dtype=torch.int32)"
"['Bi', 'Bi', 'Bi', 'Bi', 'Bi', 'Bi', 'Bi', 'Bi', 'Bi', 'Bi', 'Bi']","[[0.7804358975898351, 1.825397171251013, 0.427733171321532], [0.13388043805913052, -1.243176150452495, 0.1867324989388935], [-1.301752035931971, 0.882447453107027, 3.998051582314641], [-1.699384241249439, 2.5785758597404347, 1.8415214907155313], [1.4068260095825602, 3.633623874209738, 2.509701460614121], [0.8981471017544856, 2.3111954035661206, 5.177649811365433], [4.595908714244846, 2.6184432392335673, 3.099692342729044], [0.07671359146362733, -1.8269920881102149, 2.9436710624658255], [3.7753731574253124, 0.5170819496866417, 1.1676639134159061], [3.6662892063190076, 1.1183059211837674, 5.243117942544672], [3.182122469977875, -1.3256553804649915, 3.5365717249857958]]",[-64250.625],"[[0.6104208504812815, -1.052557249844015, -1.2952885482652934], [0.10137968198753881, 0.34507499035962685, -0.22708401875296644], [-0.6421266837063446, -1.322181273718671, 0.854657273523043], [-0.6748193068687866, 0.7441625115824168, -0.5147032549973783], [0.39395497941822266, 0.835865584376838, 0.8555437903818449], [0.26968192514977257, 0.5742212406732309, 0.16210557259455483], [0.43221882624848235, 1.1069104006417894, -1.0373244836559121], [0.29522811171309293, 0.16344882047075113, 0.45302415307878396], [-0.21050131981676215, -0.5893897292468615, -0.09075109561304079], [-0.2979162015503244, -0.9721264137443715, 1.36166984050404], [-0.270963157983526, 0.17148917870986183, -0.5202552982250375]]","tensor(-3, dtype=torch.int32)"
"['Bi', 'Bi', 'Bi', 'Bi', 'Bi', 'Bi', 'Bi', 'Bi', 'Bi', 'Bi', 'Bi']","[[-0.8825602846806443, 1.3765589851826032, -1.2868128860669525], [-0.7242388180533327, 1.0639456842444737, 1.634748493925524], [0.7243747796460731, -1.0640323430989849, -1.6348539533406299], [0.8824243230879049, -1.3764723263280936, 1.2869183454820594], [-5.653701737789669, -4.137787914382744, 1.0567189168630025], [-2.0139718651191583, -1.3894476772849635, -0.26420475231255647], [-4.611663078862865, -0.18717427932233965, -1.3555801511049048], [-4.569185096878372, -1.4574093167622435, 1.4335928133183438], [-4.744592389011222, -4.685200126580258, -1.7218746304219616], [-1.851458031264254, -4.04330915873969, -1.4597827094519888], [-5.717310012291501, -2.2408494634487015, -3.1041862095973274]]",[-64249.234375],"[[0.22338111393844634, 0.8243922873039908, -0.03721818374023346], [0.3332578337603987, 0.7260578215796916, 0.43775780826488064], [0.6554722591335409, -0.11487181037573191, -0.5911524785461498], [0.44923727598871727, -0.056105769945022026, 0.47464955942556886], [0.6569922961605817, 0.5302743785480634, 0.040885046810766656], [-0.9172271603340403, -0.93301939887851, -0.0946331035725265], [-0.19609377535430042, 0.1484713135452406, -0.3946394074571237], [-0.8602334851337438, -0.3608565331090484, 0.6910722873537938], [-0.3044464986481603, -0.29686292284853555, -0.2573148092811194], [0.04825231043996011, -0.48809041998845887, -0.16999768094364665], [-0.10110524228478789, 0.006625083439241364, -0.10032244378469847]]","tensor(-3, dtype=torch.int32)"
"['Bi', 'Bi', 'Bi', 'Bi', 'Bi', 'Bi', 'Bi', 'Bi', 'Bi', 'Bi', 'Bi']","[[0.9143982111926185, 1.7955309689849592, 0.23184631038232012], [0.1348174235196728, -1.0995131907293896, 0.1896948389765787], [-1.441348508219635, 0.9681777243908427, 4.403227302039068], [-1.6856918205112197, 2.506838075983493, 1.828297616505117], [1.4615708118736053, 3.6506802630857447, 2.7142675359168016], [1.1241181470301478, 2.4481685165478315, 5.241461197583118], [4.626332278998032, 2.576739155829716, 3.2183355556617665], [-0.0008645183643307824, -1.8758083902104956, 3.250817944119276], [3.8738192075348836, 0.42088464710657214, 1.104055768348442], [3.6391695374175326, 0.987348003293525, 5.281171681086065], [3.3354927946734945, -1.1573392587234956, 3.2678709359197144]]",[-64250.16796875],"[[0.08902953540910635, 0.06167072011766721, 0.6015068309062632], [0.0028181831009351597, -0.2798283779936368, 1.128357526597074], [0.2608058550783388, -0.10140302761711516, -0.7278334264018742], [0.03304549183926739, -0.13551094100605393, 0.5249912728593563], [0.13706820762739716, 0.20225753578336952, -1.4204735733278764], [-0.942989628214537, -0.2590373465047938, 0.7897209420576337], [0.4840371764640189, 0.95107112412691, -1.4445211144542522], [0.5888677950173465, 0.9599974850039069, -1.0016108126132721], [0.2595973845041681, 1.3970991473802543, -1.3860053453432515], [0.22628702775560156, -1.161468211364044, 1.5589049291809105], [-1.1506937405157396, -1.6312439849498654, 1.3711973256315817]]","tensor(-3, dtype=torch.int32)"
"['Bi', 'Bi', 'Bi', 'Bi', 'Bi', 'Bi', 'Bi', 'Bi', 'Bi', 'Bi', 'Bi']","[[0.616113531371297, 0.33573226537048595, 1.9589289578698077], [-1.1481599852209037, 1.733936259447968, 0.06402046156209173], [1.1481910865670275, -1.7341239290267323, -0.06405095476585654], [-0.6161446327174214, -0.335544595791722, -1.9588984646660446], [-3.5542393656020064, -0.4665495701214965, 1.593111912869965], [-0.10697956367952743, -0.42765052487930594, 4.858189808874536], [-2.662263505956504, -1.5434160951625824, 6.127107612757383], [-1.951038175305233, -2.2660009883066343, 3.2345625645337615], [-3.697516142550727, 1.8970620513567622, 3.392982437967004], [-0.8082185406553983, 2.2679304968185567, 3.997431414681871], [-4.615120360357604, 0.6098759165933727, 5.909521608107203]]",[-64250.11328125],"[[0.8488116101524744, 0.5504950876192165, -0.8099941016621962], [-0.5916332751024026, 0.1245065105642135, 1.1008287098708787], [-0.030826865129304947, -0.34756335679317, -1.1118242957129678], [0.32388194095882833, -1.0271084567221431, -0.14477715048628872], [0.43197297722864864, 0.4725762206931504, -0.49176206017129964], [-0.25694261618227904, -0.37876026557788733, 0.8146987088206527], [-0.029975279297311846, -0.10004862114704649, -0.052386872860021215], [0.03131595092672008, -0.22788399223164288, 0.11377579991584186], [-0.0521031257586947, 0.1899596854720717, 0.2964449640881909], [-0.45979947644298824, 0.6533474983095446, 0.26824364924834043], [-0.1963084111645463, 0.08433428707131713, 0.014846915381739432]]","tensor(-3, dtype=torch.int32)"
"['Bi', 'Bi', 'Bi', 'Bi', 'Bi', 'Bi', 'Bi', 'Bi', 'Bi', 'Bi', 'Bi']","[[0.9705104083772622, 1.6619499806783236, 0.4036668444062018], [0.2098464107194677, -1.2604136264303754, 0.24197666375627988], [-1.573081652096997, 0.8484557360343812, 4.122893297351416], [-1.6425606619059807, 2.5452921151137757, 1.6998793935822374], [1.4802081961856624, 3.4718190470146144, 2.528230360720952], [1.0174684073367084, 2.3926342130999183, 5.188078020532373], [4.700881347954068, 2.627766873367037, 3.220239751554933], [0.05725067484349892, -1.8323872690481346, 3.0598737470212662], [4.024644544042395, 0.4799034864211908, 1.0139937014380462], [3.674496919223825, 0.8815026825967518, 5.384433213850698], [3.003046090401527, -1.5446461900642663, 3.317119653072365]]",[-64250.80859375],"[[0.30596211337532553, -0.7491807934994978, -1.0768783564975848], [0.07699059532890296, 0.1232219352945075, -0.0885883338633685], [0.5916096209402768, 0.16842272512280063, -0.2112685374231035], [-0.38885977005214106, -0.16254564285427797, 0.49899200624714357], [0.4006197967076262, 0.809273163938275, 0.3339149566686719], [-0.3962906222397796, -0.5408087082286992, 0.2744363603149679], [-0.24749329263393555, -0.2198288758522493, -0.37280563879526535], [-0.2681938726636931, 0.36448225336411016, 0.2633784508978865], [-0.390047877478047, -0.34997093912084437, 0.872527993009089], [-0.2552268666746929, -0.44620450387163946, -0.2401244554887398], [0.5698411069126307, 0.9921635459485918, -0.2557445842926986]]","tensor(-3, dtype=torch.int32)"
"['Bi', 'Bi', 'Bi', 'Bi', 'Bi', 'Bi', 'Bi', 'Bi', 'Bi', 'Bi', 'Bi']","[[0.917222161228704, 1.6619915775286491, 0.25809887379502006], [0.41175645681009765, -1.220367712192325, 0.44017724637366606], [-1.4186586998823083, 0.9510839703116015, 4.126367086772005], [-1.8924593737404523, 2.540744242869267, 1.8593485102634475], [1.4849071168825787, 3.7324005823746207, 2.551821546231582], [0.8251382699430531, 2.5543826277322887, 5.080770759720307], [4.516529697028675, 2.6499298475352666, 3.091066349991537], [-0.014998854576843815, -1.7058860052270497, 3.0152203366443344], [3.685495335490034, 0.4573506365781861, 1.0367623633980472], [3.8003228801905022, 0.8965914149669014, 5.3156952551691194], [3.1650344592961095, -1.1700797584765243, 3.315725459460027]]",[-64250.55078125],"[[-0.11804491338072554, 0.9019260027641388, 0.26450500608017374], [-0.02603119973108253, -0.04400561700700437, -2.314831272653589], [-0.3884881940183996, -0.6923424130157664, 0.35719456027942426], [0.26287801110265097, 0.2844803289303175, -0.5561741434130729], [0.17969593883731844, -0.11716806387514024, -0.8972378506749874], [0.6782584163535124, -0.3934813819547908, 0.7694241282909452], [0.12702804424682435, 0.3031265449794488, -0.43627608069606527], [0.1964474050780812, -0.3366874815802741, 2.2535402532601325], [0.3265904967885078, 0.5946157564139172, -0.5968361623282482], [-0.5481476691386883, 0.34813301072366926, 0.49643730531546504], [-0.6779858792681499, -0.8482063721346033, 0.6532014595694636]]","tensor(-3, dtype=torch.int32)"
"['Bi', 'Bi', 'Bi', 'Bi', 'Bi', 'Bi', 'Bi', 'Bi', 'Bi', 'Bi', 'Bi']","[[0.8864866494335879, 1.632660259372476, 0.13193031881888254], [-0.03024163860136589, -1.1371952533653393, 0.16967080446827754], [-1.4464118291521348, 0.6963013941083669, 4.254602102447242], [-1.8349977140103488, 2.648430578828062, 1.7048856242391093], [1.6839039958112165, 3.598389853696777, 2.6175215486484706], [1.0117769168629085, 2.44114504135288, 5.300499558896569], [4.587568909555293, 2.6245980149007466, 3.004277168924157], [0.11454986957940791, -1.7876800887768856, 3.1051785620799888], [3.8160398335505192, 0.2802486662445605, 0.9570211597470302], [3.577215089488521, 0.8117849996427418, 5.318924251670244], [2.9892776015910143, -1.3716088606534471, 3.21618524822001]]",[-64250.65234375],"[[0.12562190715262836, 0.7036532162792276, 0.8087558576970018], [0.020058400381296877, -0.4368356044745238, 0.44011026611038356], [0.3784606290502633, 1.0276982681125408, -0.8420753161557777], [0.3681524023062952, -0.8744794613844679, 0.8155014076701826], [-0.474103353968829, -0.3814610566717386, -0.4692371271765436], [-0.4030804466338089, -0.3358597401721457, -0.4315079158324187], [0.01744218320146375, -0.6708299810041779, 0.11837020953204694], [-0.6580562192353272, 0.2378887257911186, -0.4746184490601643], [-0.05505372537343104, 0.6399073062338452, -0.12338550896781662], [0.2265838874902804, 0.08825763839243143, -0.29680810689891357], [0.4533339711805404, -0.004241294113340063, 0.4514973283356547]]","tensor(-3, dtype=torch.int32)"
"['Bi', 'Bi', 'Bi', 'Bi', 'Bi', 'Bi', 'Bi', 'Bi', 'Bi', 'Bi', 'Bi']","[[0.6237175085386981, -0.36065898059105295, 1.952079985244406], [1.8708191730988792, -0.5770013608966639, -0.7042797555506786], [-1.8709703619471063, 0.5771195436463268, 0.7042968368227074], [-0.6235663196904718, 0.36054079784139037, -1.9520970665164366], [-2.1963257237201126, -2.3197880383442433, 4.051644913826447], [-1.9129059637229722, -2.6680290565907603, -0.6753254031422125], [-3.697950427375206, -4.922919802652866, 0.37996849554525225], [-3.841998156972945, -2.137684853124275, 1.6513865158222991], [-0.1917555906555659, -4.328850378378927, 3.1616510180086554], [0.675280633789282, -3.0986867798871907, 0.5953524562557022], [-1.9830736761922627, -6.475343966264189, 2.153901131126692]]",[-64250.6484375],"[[-0.2855058397026543, 0.24080888352764082, 1.0477590544788868], [0.4664804402691472, 0.6053727437510851, -1.170389430031883], [0.006211223019595452, 0.2606690208926502, 0.26227796671602915], [0.38957433143670667, 0.39770323851751443, -0.23804592312507203], [0.24938032912856745, 0.17699129108659892, 0.05078601573164744], [-0.7032690932551411, -0.23893053736648556, -0.1734978798731669], [-0.0397652742023585, -0.1366906666310327, -0.12017903302538896], [-0.08846625781796272, -0.13451684913167117, -0.17830322290902428], [-0.44346236941615974, -0.06884759859500288, 0.46094253811667196], [0.28350032670902703, -0.8173757429081948, -0.15316872161087608], [0.17004936014568237, -0.26952796740758855, 0.2243378733743436]]","tensor(-3, dtype=torch.int32)"
"['Bi', 'Bi', 'Bi', 'Bi', 'Bi', 'Bi', 'Bi', 'Bi', 'Bi', 'Bi', 'Bi']","[[0.9303456529356232, 1.6965697034434277, 0.16576458506719732], [0.04845622132444835, -1.2343173983317206, 0.2652074448709582], [-1.3826611447485153, 0.6965859611868239, 4.095250916027992], [-1.7697962830359313, 2.6719219139073003, 1.7964719058110414], [1.5571798701239836, 3.5391992406274073, 2.5601772803782823], [0.9176604298478395, 2.3259186746409, 5.192190508751618], [4.463742635507684, 2.431704706799439, 3.1312462968190142], [0.05582454344876108, -1.7974552294230042, 3.0556170716310764], [3.758840588351843, 0.523890165348036, 1.1972351117423274], [3.507268962325064, 0.937905942585687, 5.312086664752536], [2.9637348869197333, -1.2949505520497142, 3.2151866700662213]]",[-64250.65625],"[[-0.1925728018997827, 0.0546059932220628, 0.5340960683941283], [0.09461294611262798, 0.21925922192175, -0.4846365523634502], [-0.32980237205055113, 0.7457154587480673, -0.32043064443839864], [0.27711982216395736, -0.6226947895199956, 0.4616376105285296], [-0.4498029189960734, 0.18642169130524175, -0.40202341411933484], [-0.6084534412575133, 0.1725684255678975, -0.08933997057596176], [1.142132990709861, 1.820496822351108, 0.034482158229233124], [-0.21447285363768487, -0.07778033581135539, 0.2125328009666362], [0.04203680396013622, -0.6228279727371822, -1.9659256964260543], [0.05712140767577589, -1.3028815343076767, 1.0321282813019717], [0.16762105471510214, -0.575833837465112, 0.9781643957374412]]","tensor(-3, dtype=torch.int32)"
"['Bi', 'Bi', 'Bi', 'Bi', 'Bi', 'Bi', 'Bi', 'Bi', 'Bi', 'Bi', 'Bi']","[[1.7902648621410044, -0.997852596602296, 0.3591053026172216], [0.27921426326902066, -0.2363105388180376, -2.048194728882039], [-0.27924868113434953, 0.23641054300826098, 2.048355761712493], [-1.7902304442756771, 0.9977525924120734, -0.3592663354476763], [1.6612844621615084, 2.3873921264962306, -0.9884536551775585], [6.391978206432659, 2.020674996872152, -0.8098418151359128], [5.171642583317313, 0.1328880954205207, 1.2714084841222815], [3.817533504612689, 0.48097783292448293, -1.4562295769806093], [2.8620333953579804, 4.01153883546408, 1.1949087760943138], [5.486127033726878, 4.681515641299976, -0.03643449786417097], [3.68217568206036, 1.866301288495396, 3.080946298932176]]",[-64250.07421875],"[[-0.2598400453543239, -0.5385173398279908, 0.9005643457791577], [-0.419582052931595, -0.04618717353114835, -0.62567727083151], [0.1912156700588604, 0.09602612803337011, 0.16496690345831203], [-0.5759680491241301, 0.06491648253806033, 0.07683134111128641], [0.004255057236150872, 0.23347079679320862, -0.823681633998385], [0.5131541130665044, 0.06965034886662451, -0.04407025457611772], [0.17012268804827238, 0.1977645819538475, 0.21261970430140278], [0.6925460444984146, 0.2458850152977471, -0.43446561169579273], [0.28862685212887956, 0.021285691440985133, 0.8262455394844561], [-0.4295766049169383, -0.21506112236533537, -0.23635567897490853], [-0.1902956774184413, -0.14112597629589593, -0.025786286593315604]]","tensor(-3, dtype=torch.int32)"
"['Bi', 'Bi', 'Bi', 'Bi', 'Bi', 'Bi', 'Bi', 'Bi', 'Bi', 'Bi', 'Bi']","[[1.56785554712336, -0.508325757168392, 1.2700978731909565], [-1.3629112636783702, -0.7445920944972969, 1.3845433987926337], [1.3629916845356087, 0.7446083720833927, -1.3847177103697366], [-1.5679359679806, 0.5083094795822967, -1.269923561613855], [-0.4670477738018963, -0.02302618500118747, 4.4865465915821625], [1.2936411564324581, 4.31995743781895, 3.72214179861231], [3.09366779163539, 2.262573946764497, 2.339521637542898], [0.052727283344583764, 1.8785614066239957, 2.337956768891357], [1.7523446950716786, 0.6646399203290783, 6.34346189277394], [1.3679131366702162, 3.6076466636465496, 6.548074422453592], [4.070229010228598, 0.5502730993362839, 4.487081658899546]]",[-64249.8984375],"[[0.5208543655919193, -0.5177088762501029, 0.3789778324473532], [-0.9729784778018162, -0.8593731935416465, -0.537319719315143], [-0.13949661590216056, 0.26690605780221777, -0.6829769074766948], [0.09193560349253628, -0.059509192498192795, -0.27285687935006303], [-0.15803391996133007, 0.010365490385149183, 0.6103303476001044], [0.5518228060237563, 0.23114960357938502, 0.16834728891445594], [0.7406848355290075, 0.3578673669256287, 0.344037549662044], [-0.8626744918209437, 0.5570802006666744, -0.042879262370874256], [0.2921828954498534, 0.06694534116126392, 0.12484173117920942], [-0.18384194781496477, -0.09298924214896617, -0.04262426536094891], [0.13191617685012202, 0.049242195987251804, -0.05743209995308919]]","tensor(-3, dtype=torch.int32)"
"['Bi', 'Bi', 'Bi', 'Bi', 'Bi', 'Bi', 'Bi', 'Bi', 'Bi', 'Bi', 'Bi']","[[-1.0266886166645883, -0.15974631828821906, 1.8028051191782244], [1.0224964146466793, 1.6587410863011387, 0.7293723422509955], [-1.0226040601483115, -1.6588376312826476, -0.7294996549075695], [1.0267962621662212, 0.15984286326972796, -1.8026778065216518], [5.70081358832821, -4.188293894262126, 0.6690364482673699], [1.8529834436396073, -1.408701301412125, 0.7869989001242671], [2.8573236368732386, -1.8340058916871549, 3.649686100683459], [4.866372347583661, -1.481563851685055, 1.3618279011450884], [3.21584321406593, -5.686394684184494, 1.3227476240826126], [1.2242580678798705, -4.080409637939818, -0.1955880563051371], [2.7036494328411207, -4.712539519065759, 4.083377749391]]",[-64249.33984375],"[[-0.5260695941197436, 0.5461488924390577, 0.40667521078974084], [-0.30141233813461, 0.9370344357889077, 0.588789633438148], [-0.7245845786559865, -0.06252108724608992, -0.37451748022389153], [-0.1383377676463624, -0.21878300193164765, -1.0060675652903235], [-0.09886699290467935, -0.26718481696066115, -0.04926621524622781], [0.8156916694090206, -0.1010140709164204, 0.23751036204128884], [0.3113266202350003, -0.11386902816787249, 0.5972974184897014], [0.368327340261843, 0.07952164209845572, 0.2855269227602012], [0.17049215577625912, -0.32530155064101773, 0.000813511886947036], [0.14718442428141362, -0.7688877958757885, -0.7062700865196238], [-0.019239894380815803, 0.3109682082567028, 0.006430908479234291]]","tensor(-3, dtype=torch.int32)"
"['Bi', 'Bi', 'Bi', 'Bi', 'Bi', 'Bi', 'Bi', 'Bi', 'Bi', 'Bi', 'Bi']","[[1.0618683991847242, 1.884970566564282, 0.19427100432996122], [0.3430043846472806, -1.210588597035542, 0.36923749172489717], [-1.4823188972745067, 0.9448817512507524, 4.005245398571066], [-1.8007708760547843, 2.4254222910908934, 1.7220573798332437], [1.3611712723524567, 3.7576350531499805, 2.546124359692112], [0.9262798920679508, 2.264652610337263, 5.1559075484257235], [4.423084928379759, 2.4041265242401995, 3.161025415247805], [-0.0734924094159694, -1.778708340225933, 3.128916984695572], [3.801526709572708, 0.3407939663513105, 1.033107263138953], [3.6132064529499734, 0.6905499550712401, 5.407611320211486], [2.929565278971309, -1.3870147331632945, 3.1596013862908157]]",[-64250.8515625],"[[-0.21428881397192778, -0.49950905537795875, 0.3724746347917788], [-0.03545783585262186, 0.3140911233003164, -0.511165415096823], [-0.260766002957366, -0.9879320220326515, 0.9545138331580462], [0.08432626522503099, 0.774802879069987, -1.0608814580286352], [0.24953773215088723, -0.5493026093155264, 0.10852035931240368], [0.41703902481470456, 0.1861683860821293, -0.10356347537266643], [0.32053631683659106, 0.5630868151838817, -0.09034506677794217], [0.1099394033515857, 0.20998144247091022, 0.15919220257412084], [-0.1435071276684993, 0.5078629855315112, -0.4847361569548365], [-0.41206563438357086, -0.1448217334396867, -0.1007861682065474], [-0.10480943265159745, -0.3906554809121307, 0.7651838626194367]]","tensor(-3, dtype=torch.int32)"
"['Bi', 'Bi', 'Bi', 'Bi', 'Bi', 'Bi', 'Bi', 'Bi', 'Bi', 'Bi', 'Bi']","[[0.8385876908078574, 1.7366282818600132, 0.2998389373347999], [0.20719400037693608, -1.1057116529562516, 0.3309857702230635], [-1.3787859339881643, 1.0058317592494066, 4.235415456937561], [-1.8041915197792893, 2.452537993592489, 1.8591818642270257], [1.6104906992489592, 3.3398308414789017, 2.5651542034453283], [1.192829812878691, 2.297664069153491, 5.070026801733223], [4.669758002785777, 2.5464163268138433, 3.1050353600806577], [-0.05627607866045091, -1.8539483076374177, 3.0157380659994377], [3.6872173740211442, 0.5255376689308618, 0.936284215635169], [3.2384541990558486, 0.84982422192008, 5.570681220698299], [3.072769368001093, -1.3473684806652018, 3.3950811419893525]]",[-64249.5234375],"[[-0.04451901002710835, 0.027959363614558398, -0.5820811073709035], [-0.1388345050510043, -0.45928654107949934, -0.836772670072271], [-0.2756405628555377, -0.7902557318100432, 0.20615363339594756], [-0.1491297734278948, 0.3196140616241425, -0.2072094317802237], [0.3725843181131143, 1.6854284712872647, -1.1296492495375094], [-4.156497541665462, 2.390743135345372, 0.8244452520583159], [-0.43612957915716005, -0.5640540647264608, 0.5548433396830385], [0.49435008261832064, 0.3047463408641507, 0.8434565135355585], [0.20692959275785713, -0.710605997281467, 0.6293009856250003], [4.500942251448619, -2.6671579606337974, 0.199432663182541], [-0.35365944574972263, 0.46129210549521815, -0.5078041586587462]]","tensor(-3, dtype=torch.int32)"
"['Bi', 'Bi', 'Bi', 'Bi', 'Bi', 'Bi', 'Bi', 'Bi', 'Bi', 'Bi', 'Bi']","[[1.4207671293614477, -0.04928369353935613, 1.5194428522348735], [0.6087689206336515, -1.8870547739742771, -0.6303408635658374], [-0.6088106334736245, 1.887241436616997, 0.6303177530315613], [-1.420725416521476, 0.04909703089663686, -1.5194197417005988], [4.2580730468829, -0.21602111930234935, -2.193164316069053], [2.7981412738324924, 2.778173279387467, 1.190509141216891], [2.885027631430316, 4.269940527716068, -1.4837463559591915], [1.9378043679344703, 1.3564188666465338, -1.3891584374182928], [6.446666378864184, 1.5140121001691549, -1.161773834318757], [5.536522329677708, 1.88782659957568, 1.6458663013419526], [5.669703751544882, 4.1317159444124165, -2.3347063560339434]]",[-64249.69921875],"[[0.2804863750774668, -0.4589510633540455, 0.4805853143005818], [-0.08811134254189248, -0.12893019883638013, -0.22828678147497206], [-0.9381965750585667, 0.3918225567025813, -0.06103000085660735], [-0.49349004813668124, -0.17138782576736192, 0.15719162610128506], [0.40157321370757093, -0.18300680162564908, -0.011342540978383048], [0.5934968117011834, 0.6678634405410525, 0.8987584019229441], [0.023903055333460446, 0.05590193277400748, -0.048105222689210865], [0.05407182053475223, -0.26415641572136755, -1.1006456472248616], [0.13651562583130172, 0.08607009119461863, -0.23201364898416746], [-0.04172491354808916, -0.0320465919993221, 0.05886518222327195], [0.07956545372048003, 0.020520031924018602, 0.06916091339898664]]","tensor(-3, dtype=torch.int32)"
"['Bi', 'Bi', 'Bi', 'Bi', 'Bi', 'Bi', 'Bi', 'Bi', 'Bi', 'Bi', 'Bi']","[[1.9968168425936135, -0.1632634970560074, 0.5619450393001217], [-0.4628861007145273, -1.662613478097466, 1.1620489676444135], [0.46288829060182146, 1.6627182488699213, -1.162210631770406], [-1.996819032480909, 0.1631587262835521, -0.5617833751741299], [-0.3713359608754888, -6.243714973009075, -3.875146167017302], [-1.95379791056879, -4.630700696609495, 0.3009580063185382], [-3.350801813197953, -3.0926256812441544, -1.9501009821681703], [-2.79632176539718, -6.090854404152244, -2.2630924460817825], [0.9883069825289099, -3.7419795708640367, -3.0152548464320668], [0.8863487144256106, -4.082049679845443, -0.061460771999702235], [-1.200456632118607, -1.7704698829935932, -3.408037777250268]]",[-64250.56640625],"[[0.6962170676161564, 0.12965782143220655, -0.10904949263473963], [0.058394567241151586, -0.16841007528827248, 0.6539681629548891], [-0.14087956163305493, 0.4038994977084607, 0.3125930435063793], [0.13765339102955296, 0.02562573653899128, -0.8435680994742824], [0.21557452052764847, 0.021200253635828555, 0.0683841827057034], [-0.5409388061203911, -0.4835037236859905, -0.04718015983056219], [-0.09799621120590025, -0.16263357463087608, -0.08653222153162865], [-0.22747071288163181, -0.06814183038809705, 0.10645941330405553], [0.04781461073865871, 0.0812848541965682, -0.3746936523096372], [-0.028637960388274493, 0.24578463937498718, 0.010411862827334077], [-0.1208181582016099, -0.02211953150917472, 0.3143742019144524]]","tensor(-3, dtype=torch.int32)"
"['Bi', 'Bi', 'Bi', 'Bi', 'Bi', 'Bi', 'Bi', 'Bi', 'Bi', 'Bi', 'Bi']","[[0.5761052956310199, -1.921853997696867, 0.5516290414879961], [1.9062240835319448, 0.7009460445138298, 0.4515410380383086], [-1.9064164924108522, -0.7009470313891353, -0.45153129897290845], [-0.5759128867521128, 1.9218549845721742, -0.5516387805533967], [1.3922314744667914, 2.4820753531761834, -2.9015573161450336], [-0.1749778165152116, 0.34862571551595184, -6.843396306575277], [-1.0666421961922796, -1.2849642043288, -4.410110496339305], [-1.0776071011916144, 1.7774354451075407, -4.282144044667248], [3.1362924360437896, 0.23345630775643927, -3.766823627746095], [2.7372642316850637, 0.36768516567667103, -6.711938516411166], [1.4067634688447106, -2.0872683906931897, -3.09244875681808]]",[-64250.625],"[[0.2933808759173423, 0.3135150930304615, -0.5809786177274745], [0.37487712633238696, -0.27800186530079196, 0.5068742415546525], [-0.2679481779101342, -0.02719718537319168, 0.061900576867020135], [-0.31315318434993666, 0.34375349402816796, -0.0068313014530959676], [0.047331191655735454, 0.1627873266846938, 0.06521714750751595], [-0.31511797104703426, 0.03313620555101985, -0.06776043273486423], [-0.14830645431964207, 0.38041040049662017, 0.015262925244813298], [-0.3353460848993747, -0.4310341126806205, -0.3148655914215703], [0.22264001875462655, -0.348122572039079, -0.12326775237810338], [0.25707111998913207, 0.08893877541747147, 0.3285387255721174], [0.17119931237963756, -0.2456033250800837, 0.11454990808245463]]","tensor(-3, dtype=torch.int32)"
"['Bi', 'Bi', 'Bi', 'Bi', 'Bi', 'Bi', 'Bi', 'Bi', 'Bi', 'Bi', 'Bi']","[[-1.8979196188545298, 0.8293503499709112, 0.19948387629254533], [-0.7440581172656039, -1.8473691951774278, 0.602087616406586], [0.7441788934535314, 1.8475191601956689, -0.6020812441437334], [1.897798842666604, -0.8295003149891527, -0.19949024855539801], [-1.3111821887004125, -1.097871518856757, -2.875561015439624], [-2.5552977760862654, -4.44185560677241, 0.2574557048540085], [-3.4545033603127915, -5.317349338069157, -2.537092786450971], [-0.773137950530336, -3.877005995044491, -2.1758756105170183], [-4.155321937613994, -0.8859659224558025, -2.0313530162020377], [-3.9537569337068588, -1.9311406977800532, 0.7467621433683518], [-5.311099306973924, -3.2485159463831854, -3.4149537887625967]]",[-64249.8203125],"[[-0.10789208419750565, 0.4150895104788056, -0.03973291428012857], [0.4721123934271183, 0.15319314710437557, -0.08240822120917764], [0.5447358133624987, 0.09080853408933323, 0.09975875481682221], [1.0798495249489524, 0.6780383298015592, -0.40099008718907825], [-0.11838517336069608, 0.21476477685157225, 0.8474612660276404], [-0.43515626180777467, -0.6595839695761049, -0.1698026369502919], [-0.10382068867473877, -0.3302004818835467, -0.13527198254649173], [0.026794406414280793, -0.4795867487042318, 0.164663975916827], [-0.48413313008690323, 0.022715313004404707, -0.22059655625741487], [-0.8855619505613235, -0.07582300531753658, 0.09591778168641561], [0.02963493704199477, -0.023519935040159767, -0.15560345480290355]]","tensor(-3, dtype=torch.int32)"
"['Bi', 'Bi', 'Bi', 'Bi', 'Bi', 'Bi', 'Bi', 'Bi', 'Bi', 'Bi', 'Bi']","[[1.9968168425936135, -0.1632634970560074, 0.5619450393001217], [-0.4628861007145273, -1.662613478097466, 1.1620489676444135], [0.46288829060182146, 1.6627182488699213, -1.162210631770406], [-1.996819032480909, 0.1631587262835521, -0.5617833751741299], [-0.3713359608754888, -6.243714973009075, -3.875146167017302], [-1.95379791056879, -4.630700696609495, 0.3009580063185382], [-3.350801813197953, -3.0926256812441544, -1.9501009821681703], [-2.79632176539718, -6.090854404152244, -2.2630924460817825], [0.9883069825289099, -3.7419795708640367, -3.0152548464320668], [0.8863487144256106, -4.082049679845443, -0.061460771999702235], [-1.200456632118607, -1.7704698829935932, -3.408037777250268]]",[-64250.56640625],"[[0.6962170676161564, 0.12965782143220655, -0.10904949263473963], [0.058394567241151586, -0.16841007528827248, 0.6539681629548891], [-0.14087956163305493, 0.4038994977084607, 0.3125930435063793], [0.13765339102955296, 0.02562573653899128, -0.8435680994742824], [0.21557452052764847, 0.021200253635828555, 0.0683841827057034], [-0.5409388061203911, -0.4835037236859905, -0.04718015983056219], [-0.09799621120590025, -0.16263357463087608, -0.08653222153162865], [-0.22747071288163181, -0.06814183038809705, 0.10645941330405553], [0.04781461073865871, 0.0812848541965682, -0.3746936523096372], [-0.028637960388274493, 0.24578463937498718, 0.010411862827334077], [-0.1208181582016099, -0.02211953150917472, 0.3143742019144524]]","tensor(-3, dtype=torch.int32)"
"['Bi', 'Bi', 'Bi', 'Bi', 'Bi', 'Bi', 'Bi', 'Bi', 'Bi', 'Bi', 'Bi']","[[1.0373114380383774, 1.5967699873182826, 0.23407245004886423], [0.083627662004056, -1.2863526854408924, 0.30464022737937696], [-1.5351875138989632, 0.8262604068117533, 4.031949672454022], [-1.4794608912306124, 2.378495391581687, 1.671541528565524], [1.4318990020026015, 3.718197881865228, 2.6042860157621464], [0.8376841754074507, 2.3685731587692573, 5.370566750413641], [4.57900145076513, 2.5198428100564874, 3.1014569694831984], [0.0950988755125115, -1.7489728925580628, 3.1059393891691194], [3.84237450766542, 0.3627875000791695, 1.1434109840358808], [3.641515013882908, 0.8582126234728366, 5.525491313947627], [3.233819838789833, -1.270945285447122, 3.4265089907185913]]",[-64250.88671875],"[[0.3943307720634735, 0.2495499191865912, 0.2586088976377673], [0.016338402863536303, -0.13272314373325303, -0.2270776938357024], [0.35195778589522886, -0.15122774334217903, 0.6198449772047517], [-0.5909930700622584, 0.4676470018386821, -0.3006049598747464], [0.06846455543483956, -0.6657453645889614, 0.2630407620224948], [0.2028181394257511, -0.06758194665499755, -0.8174199659069517], [-0.044042399229110005, 0.03503850412243207, 0.43702807736329957], [0.32998188657224936, 0.034760459731061545, 0.1738062581563592], [0.027637718431739018, 0.32400309140658573, -0.47632082882394017], [-0.20211545654433996, 0.4277766774454392, -0.38449130910632895], [-0.5600570255481154, -0.5166500953845152, 0.45614459986200184]]","tensor(-3, dtype=torch.int32)"
"['Bi', 'Bi', 'Bi', 'Bi', 'Bi', 'Bi', 'Bi', 'Bi', 'Bi', 'Bi', 'Bi']","[[0.943848206699227, 1.7486805024270042, 0.2953068506581264], [0.2588344571258142, -1.2714766697427966, 0.08460628266478179], [-1.3996350930863592, 0.8267071399561589, 4.142854209903305], [-1.7397703665040594, 2.536330541050324, 1.6446644527829757], [1.4843231653656157, 3.7740150566070874, 2.5406716747004734], [1.0594286706780611, 2.477588740735484, 5.125469250066285], [4.680225888967639, 2.664777983529019, 3.104650063705491], [0.052241538443831295, -1.6332895126407327, 3.0586735466992527], [3.757990489806296, 0.36573765359127386, 0.9728940033358503], [3.633995015872881, 0.9536632992955514, 5.446162912462009], [3.07096157001575, -1.1672245092649238, 3.339250981306544]]",[-64250.99609375],"[[0.07986812415150718, 0.0017466315589041229, -0.1748650390219469], [0.10455977839698703, 0.22074917702521787, 0.7147768431293454], [0.09343471172830498, 0.6742510927568515, -0.41776351066294476], [0.16889632258623252, -0.330016647906156, 0.6619730399508111], [0.25408745596951116, -0.2720144312237433, -0.4084704588509063], [-0.4945893496104323, -0.17087812999564236, 0.27239536607815196], [-0.43800833669504796, -0.3849604328477936, -0.08311614914392974], [0.28616856761890946, -0.11668397630502648, -0.536242940717503], [0.019639922257827274, 0.6926442606933283, 0.025737409895270864], [0.14459912720524626, 0.11099587022305238, -0.4227488824414161], [-0.2162241872326429, -0.4349271249677038, 0.3730846036420751]]","tensor(-3, dtype=torch.int32)"
"['Bi', 'Bi', 'Bi', 'Bi', 'Bi', 'Bi', 'Bi', 'Bi', 'Bi', 'Bi', 'Bi']","[[1.4878285114550247, -0.4912446977814757, -1.3692186337227554], [1.1457767964759515, 1.6022148533092437, 0.6700806067049259], [-1.145880606072983, -1.6023758379699122, -0.6700600031471308], [-1.4877247018579949, 0.49140568244214455, 1.3691980301649613], [0.33684417895382746, -2.9725373203727656, -2.9702831029283527], [-1.0162595087782509, -0.5861679174212902, -6.845873177684953], [-1.6483326648050074, 1.103324296035975, -4.369856050806254], [0.9322273198078641, -0.5472249622602441, -4.475613161752151], [-2.57278070328106, -3.2351063674595775, -3.528729679875987], [-2.5536902852456573, -3.0384201034576996, -6.497212907233219], [-3.5125678592548075, -0.5082505750724261, -2.812578417986834]]",[-64250.0703125],"[[0.13823785452242668, -0.01739625813147558, 0.47660133633349727], [-0.843585068764503, 0.27587283644319477, 0.9407980186714895], [-0.4700433741503925, -0.14369055026915742, -0.13523974089507243], [0.40774036799468416, 1.5830506865022, 0.8826216353649027], [0.2865759848504807, -1.4508393468464211, -1.238004338247582], [-0.14360056160889623, 0.08938054260621668, -0.31097427606350897], [0.4058639244509173, 0.06565798909861276, -0.1440670114015988], [-0.1480462071141666, 0.32213168722779345, -0.6614896722899795], [0.04640338799960569, -0.44633383043195773, -0.4927217506664168], [-0.26439172321242776, -0.12172544958540928, 0.006562919272732916], [0.5835435516553771, -0.13370895665089175, 0.6857089632022253]]","tensor(-3, dtype=torch.int32)"
"['Bi', 'Bi', 'Bi', 'Bi', 'Bi', 'Bi', 'Bi', 'Bi', 'Bi', 'Bi', 'Bi']","[[1.3886157471646576, 1.5387579928492605, -0.18353431749771565], [-0.3907970770065403, 0.10936876588651434, -2.040642310803416], [0.390749995154662, -0.10937131091725605, 2.0408291096846822], [-1.3885686653127807, -1.5387554478185204, 0.18334751861644938], [4.58536702767644, -5.381198935737048, 2.851394446626932], [1.2408972915951935, -3.6123327230170643, -0.017661399916192755], [3.772826771320762, -1.9073979855864611, -0.27668239770990666], [4.002843480609629, -4.9487060263927924, 0.02716784358944957], [3.1517528519171387, -3.06364487010029, 4.0432063390938175], [0.4761291419223852, -3.4041094966725938, 2.7877923825934605], [4.242765442860068, -0.8434605600339973, 2.3963037321818415]]",[-64250.46484375],"[[0.20840710371516316, -0.19557070983877065, 0.10108544477953042], [-0.21827526019940807, -0.14655609774442405, 0.1722753710679954], [0.1805162240421681, 0.24376282557832973, 0.5729254039654694], [-0.6100228434924689, -0.02468339585757245, -0.5610623274384622], [-0.20672339017063002, -0.09930058398086368, 0.14548178740717985], [0.2802056104574518, -0.03643321008567029, -0.37903578514456143], [-0.2053347365875705, -0.0855900659697395, -0.010242858981154356], [0.2847146594016377, -0.21374137438499016, -0.12434190844907284], [0.3274352589089485, 0.1051362200435746, 0.12328004225799048], [0.11378284474238805, 0.4025221055634568, -0.1221384204028709], [-0.14779763272347934, 0.05001931748843103, 0.09986453005919782]]","tensor(-3, dtype=torch.int32)"
"['Bi', 'Bi', 'Bi', 'Bi', 'Bi', 'Bi', 'Bi', 'Bi', 'Bi', 'Bi', 'Bi']","[[-0.6824895576907744, -1.348858190226014, -1.4298616317090795], [-0.901428847144828, 1.5596212053599878, -1.0411112583754454], [0.9015751071544771, -1.5597110998146295, 1.041198688327992], [0.682343297681126, 1.3489480846806572, 1.4297742017565342], [-3.7816108384877145, -1.092092578016827, -0.25776448100740534], [-5.094395406540074, -1.9485436719589189, 4.224303696320777], [-6.391795218295531, 0.6657204673302102, 3.2932086609013105], [-6.1389454997042865, -1.691502985317156, 1.3504395369803635], [-2.1643888272515452, 0.4221829394179056, 1.7267467088789106], [-2.224443837561987, -1.4831249160857534, 4.010852217191006], [-4.160697539240035, 2.4248458071562737, 2.6410267565310526]]",[-64250.0859375],"[[0.10075284669120498, -0.08041859764184794, -0.22141581302043298], [-0.17035871544861464, 0.09376689843989781, -1.085736840213699], [0.4529472256297835, -0.18046829865281755, 0.09952812673609561], [0.5390485300339899, -0.11956104232880652, 0.5251429680295109], [-0.07391457723280828, 0.29576105027020566, -0.6971961442397985], [0.16169039062715537, -0.08733553744625765, 0.06559926507003086], [-0.020041770476880605, 0.10690627127986695, -0.04346745396538735], [-0.1380512951741823, -0.27628796698850266, 0.15068837702361906], [-0.9189055774031409, 0.15691898617173938, 0.7975011045133605], [0.14576522597595687, -0.2900903762772764, 0.36981801527459296], [-0.07626132722614606, 0.3704673734470379, 0.020707059213296356]]","tensor(-3, dtype=torch.int32)"
"['Bi', 'Bi', 'Bi', 'Bi', 'Bi', 'Bi', 'Bi', 'Bi', 'Bi', 'Bi', 'Bi']","[[0.057701818619530165, 0.7111679122521146, 1.9546420133214844], [-1.3378740220562935, 1.5097000704412122, -0.5097094480252591], [1.3379353149774138, -1.509882354421079, 0.5097209688110224], [-0.05776311154065039, -0.7109856282722484, -1.9546535341072497], [2.124686158000646, 2.655137319522681, -0.48139923284117714], [0.7669897359707532, 1.154073276545835, -4.776665709922458], [3.0627756906704735, 3.1555276520056763, -5.105464219127038], [3.100239064446182, 1.1549119593458388, -2.7836286089531517], [0.2802438576686139, 4.554538619170635, -1.8367697883552538], [-1.3483495312226235, 2.647376767510873, -3.437194684075905], [2.0701990478879413, 5.639339295201304, -3.946528767766008]]",[-64250.4140625],"[[1.3471477276215427, -0.5556902615313255, 0.43339742058744635], [-0.4604008063818995, -0.11768393029784911, -0.6256011661359749], [-0.1323293019338584, -0.09994778242546234, 0.7574669493363506], [-0.3946324140526691, 0.10568021435037656, -0.08824941085777897], [-0.3800314196816915, 0.07170491853561702, 0.4233899102350254], [-0.0759507892151075, 0.02882102817650075, -0.2706128706956978], [0.09408993201918979, -0.03911580290131209, 0.1716351660278513], [-0.014340124958194053, -0.18275786728032078, 0.004193100814892398], [0.004434883889944981, 0.3282813065816787, -0.2796599706437194], [0.01629750687410445, 0.19872432387105626, -0.5138684687627036], [-0.021573305483598294, 0.2622067985412854, -0.007466318004199844]]","tensor(-3, dtype=torch.int32)"
"['Bi', 'Bi', 'Bi', 'Bi', 'Bi', 'Bi', 'Bi', 'Bi', 'Bi', 'Bi', 'Bi']","[[-1.3538015619311803, 1.5124528520380993, -0.4576269231645063], [-1.030223746620598, -1.3015894076039811, -1.2543559976743581], [1.0303052677228761, 1.3016440556580875, 1.2545217833796096], [1.3537200408289034, -1.5125075000922072, 0.4574611374592549], [4.515747383615732, -0.8481539729337357, -4.492719268587446], [0.15252763720880957, -0.2309960275331875, -6.261129984355331], [1.0304337993415107, 2.349873558597897, -4.8636486154734415], [3.0626069501812103, 0.7182610010408395, -6.476999166900927], [2.3820782130052782, -1.221163642452643, -2.4543273298413952], [0.19346256803819184, -2.268156914303532, -4.1761604370016885], [1.4836639621910588, 1.587668481505325, -2.086728398572949]]",[-64250.3359375],"[[0.4473915828557139, 0.6840572856207452, -0.26380818531720246], [-0.29506932029430055, -0.7506730625970867, -0.09084072431866096], [-0.07957311561212513, 0.22610159969337185, 0.8925363288420257], [-0.18626711649795874, -0.5808670317887507, 1.0969304011083627], [0.536342699575164, -0.05146400058247375, -0.21814120280666466], [0.014229372057353704, 0.14895308712123337, -0.0592783073070083], [0.03003405989019447, 0.043439979141857314, -0.8192855593893956], [-0.20995022926132245, 0.17395759337187278, -0.08266286340667109], [0.4682224664655296, -0.15194976093002344, -0.6541142016949701], [-0.2556478079163491, -0.18651358258289133, -0.08912605467499794], [-0.465992393197982, 0.44258032627932503, 0.2900867253087744]]","tensor(-3, dtype=torch.int32)"
"['Bi', 'Bi', 'Bi', 'Bi', 'Bi', 'Bi', 'Bi', 'Bi', 'Bi', 'Bi', 'Bi']","[[0.42052683780284983, 1.46970346636769, -1.4116811251712726], [-1.5701521357813557, -0.6848821110264578, -1.1808741200850703], [1.5702333659949785, 0.6849449574750668, 1.181037120012347], [-0.4206080680164729, -1.4697663128163005, 1.4115181252439974], [-5.227907117793674, 1.1623636116934986, -0.6745847836906658], [-4.036930727557301, 5.386595493463969, 1.137399540629622], [-1.4811557504955406, 3.802131410967081, 0.5525499322675618], [-3.8564957319386624, 3.637766793426125, -1.3776136617890171], [-4.631650517793479, 1.041420499430611, 2.236870671861653], [-5.506371480681317, 3.762741440918539, 3.0616240726505355], [-1.682755808273015, 1.408519302350749, 2.204106331934977]]",[-64250.625],"[[-0.04449549984683896, -0.14196986424077984, -0.2825017096905854], [-0.22151639463155923, 0.1707346623601402, -0.505470726987127], [0.40375273905909753, 0.3838836542501537, -0.011021965375068492], [-0.4829193116152083, 0.24275628955778514, 0.267725057454778], [0.38267502940970816, -0.13793641822159738, -0.040158169835268126], [0.2773960616399135, 0.0940620612455546, -0.264060256410117], [0.2005855464757161, 0.13113389257094837, -0.4457536863947766], [-0.13775052736054352, 0.06911581622467287, 0.04924234511131738], [-0.700549893052505, 0.019020178067922017, -0.09123029808445465], [-0.06378823042675098, -0.41630368890514147, 0.2107379128601118], [0.3971295736638721, -0.40767120528151196, 1.1028028039665518]]","tensor(-3, dtype=torch.int32)"
"['Bi', 'Bi', 'Bi', 'Bi', 'Bi', 'Bi', 'Bi', 'Bi', 'Bi', 'Bi', 'Bi']","[[0.5761052956310199, -1.921853997696867, 0.5516290414879961], [1.9062240835319448, 0.7009460445138298, 0.4515410380383086], [-1.9064164924108522, -0.7009470313891353, -0.45153129897290845], [-0.5759128867521128, 1.9218549845721742, -0.5516387805533967], [1.3922314744667914, 2.4820753531761834, -2.9015573161450336], [-0.1749778165152116, 0.34862571551595184, -6.843396306575277], [-1.0666421961922796, -1.2849642043288, -4.410110496339305], [-1.0776071011916144, 1.7774354451075407, -4.282144044667248], [3.1362924360437896, 0.23345630775643927, -3.766823627746095], [2.7372642316850637, 0.36768516567667103, -6.711938516411166], [1.4067634688447106, -2.0872683906931897, -3.09244875681808]]",[-64250.625],"[[0.2933808759173423, 0.3135150930304615, -0.5809786177274745], [0.37487712633238696, -0.27800186530079196, 0.5068742415546525], [-0.2679481779101342, -0.02719718537319168, 0.061900576867020135], [-0.31315318434993666, 0.34375349402816796, -0.0068313014530959676], [0.047331191655735454, 0.1627873266846938, 0.06521714750751595], [-0.31511797104703426, 0.03313620555101985, -0.06776043273486423], [-0.14830645431964207, 0.38041040049662017, 0.015262925244813298], [-0.3353460848993747, -0.4310341126806205, -0.3148655914215703], [0.22264001875462655, -0.348122572039079, -0.12326775237810338], [0.25707111998913207, 0.08893877541747147, 0.3285387255721174], [0.17119931237963756, -0.2456033250800837, 0.11454990808245463]]","tensor(-3, dtype=torch.int32)"
"['Bi', 'Bi', 'Bi', 'Bi', 'Bi', 'Bi', 'Bi', 'Bi', 'Bi', 'Bi', 'Bi']","[[0.973388598096868, 1.75433981711782, 0.08709140383942085], [0.2699203327192813, -0.9865649463242913, 0.2910518487649576], [-1.442736432622616, 0.7867983990671623, 4.1220995939410985], [-1.8838435738424397, 2.376011268598243, 1.8029455384175097], [1.6261007166657029, 3.462910097972714, 2.3874084685951327], [0.977229882433578, 2.275908706752796, 5.320997114259254], [4.591339142379113, 2.6784081572025853, 3.0706059047961487], [0.17888292248031462, -1.769246006033337, 2.938066462591929], [3.781340718668782, 0.43698223203680037, 0.9751662079831329], [3.429000672340348, 0.5884171382386485, 5.385291015142634], [3.0091454968318767, -1.4462987069350075, 3.441050312606463]]",[-64250.3125],"[[0.1974205167391002, 0.5439583113378418, 0.3114106439326385], [-0.3393485233973357, -0.9111063887735303, -1.2578692064450165], [0.20816408291036628, -0.1600445751641151, 0.12217235898331227], [0.10820370207246735, 0.18699900712738612, -0.22344883683305436], [-0.3566465036273877, 0.22469875361303687, 1.1378356465167012], [-0.2314693975669076, 0.42888549200613213, -1.1244777297875264], [-0.3385503496918645, -0.9048436922402655, 0.5684172291968403], [-0.8414690496960749, -0.21583245373900292, 1.0080905103729956], [0.011744615454639321, -0.38143657975614753, 0.5086389963155123], [0.9199062513052456, 1.2928177167649781, 0.38790707296147847], [0.6769939471216134, -0.09946914559705583, -1.445712050095195]]","tensor(-3, dtype=torch.int32)"
"['Bi', 'Bi', 'Bi', 'Bi', 'Bi', 'Bi', 'Bi', 'Bi', 'Bi', 'Bi', 'Bi']","[[0.7773550741304628, 1.7227767083292713, 0.335925755844716], [0.24718658806520266, -1.2906511446182785, 0.005246238331898412], [-1.4076388643482565, 0.7814750849638996, 4.24456085872131], [-1.9031510155756899, 2.579989850326118, 1.8014796071268178], [1.441710266684916, 3.4657596547522447, 2.585734471485827], [0.8388582433872096, 2.2188588526263273, 5.314343225231794], [4.561316382488449, 2.6042463071950825, 3.0547354403597153], [0.05540248990804966, -1.9077511551475408, 2.9250626431252025], [3.840392357825699, 0.5241272587624308, 1.0679573838237224], [3.6477873363177684, 0.864231703972536, 5.45196524524267], [3.039820932877498, -1.3152690471858275, 3.099571740733727]]",[-64250.82421875],"[[-0.04707979419222057, -0.34507982403623516, -0.3415898066808473], [-0.0016721425454862987, 0.23761366902326875, 0.694983451639204], [-0.6657433077052982, -0.43238970185879544, -0.9619474107165386], [0.3593986139686336, -0.5138030598622166, 0.6212308025727744], [0.026463736654389513, 0.1777699758193621, 0.5447224436186885], [0.7538874575416173, 0.48739365064757917, -0.12418543102440145], [-0.14247179527667111, 0.0374165650273316, 0.56703963136347], [0.049855383860480884, 0.5995476492171476, -0.3129282641213752], [0.008619540683179383, 0.13281297812723952, -0.9114899975767009], [-0.23742114471240133, -0.19522350787643708, -0.8146375165316749], [-0.10026557095141338, -0.1880069829664949, 1.0244900438189997]]","tensor(-3, dtype=torch.int32)"
"['Bi', 'Bi', 'Bi', 'Bi', 'Bi', 'Bi', 'Bi', 'Bi', 'Bi', 'Bi', 'Bi']","[[0.9208103085514281, 1.805508053564479, 0.4813141748734186], [0.07139610910754217, -1.147755484556246, 0.3566650977363611], [-1.4425280176500217, 0.7461305849615116, 4.0887943964379465], [-1.8349432650327335, 2.5629668990878125, 1.806042721105224], [1.531914882711391, 3.5714265526472495, 2.5754868062466296], [0.919752514612243, 2.418142340834226, 5.039019649602576], [4.718183668932914, 2.6785912640607448, 3.111056223131727], [0.13529714012594612, -1.5097704303639472, 3.0874299988086493], [3.7676893513698095, 0.28131345794228146, 0.8056922385727483], [3.6001545438561147, 0.7014403261843475, 5.322004238002975], [3.0717000962666936, -1.4180514706265392, 3.2923905353549507]]",[-64250.4453125],"[[-0.18406748510862517, -0.8894042092440195, -1.3844842798743793], [0.18405483527409702, 0.3922224148866906, -1.1957533767026516], [-0.2799121960029087, 0.9015110264851057, 0.25630750192920115], [0.09191493181172199, -0.07173870284978365, 0.19884804542339257], [0.7317836714768837, 1.1553834352676384, -0.42440863329127404], [-0.03202039758587235, -0.9154937216269514, 1.531224931505476], [-0.6851952565073627, -0.8863538507716223, -0.03751223068650301], [-0.13048875101001284, -1.1195041850901177, 0.9409610267017913], [-0.11090701284880586, 0.3036027135474596, 0.9023841736000974], [-0.020479161645632536, 0.8362029132975886, -0.29048174981627534], [0.44205659227660477, 0.2863496762254466, -0.5192736504968165]]","tensor(-3, dtype=torch.int32)"
"['Bi', 'Bi', 'Bi', 'Bi', 'Bi', 'Bi', 'Bi', 'Bi', 'Bi', 'Bi', 'Bi']","[[-1.6698842658615276, -1.2406603491742945, -0.04430729223642482], [-0.7488321877018294, 1.0657205022821297, -1.6224657434493701], [0.7489657339548081, -1.065820215269047, 1.6225623856686924], [1.6697507196085501, 1.2407600621612127, 0.04421065001710256], [-0.6158743904949229, 3.2240027049761513, 0.7439355356359918], [-4.439375450161093, 3.5017199504073613, -2.05777103768156], [-4.766651043177382, 5.472112892658271, 0.26494365978833007], [-2.0146907121030506, 5.073087769293072, -1.0243509310169079], [-2.9145006273513334, 1.6394623187302229, 1.7697382587284642], [-4.213081298381741, 0.8825923355042797, -0.7977076844077826], [-4.722089236834374, 3.8210702085885355, 2.6669703773516993]]",[-64250.8359375],"[[-0.08730782093889718, -0.08594888932476967, -0.26929307129326097], [-0.710926356911997, -0.10414891588528012, -0.15670820701836183], [0.5558177883184385, 0.30321303693748275, -0.006576633544556725], [1.3502952738470222, -0.5196145789639776, 0.47966300766604175], [-0.006520763442057404, -0.04946337782975555, 0.3710824330844004], [-0.036092991243373, 0.2843976422070603, -0.018886809731205736], [0.15137619892056425, -0.015372120056278837, -0.20602883197968813], [-0.31732819538723295, 0.4135567207730534, -0.5608833785597713], [-0.5698539624355252, -0.22317414001984556, 0.14733452536672934], [-0.3217330117517905, 0.013668501020095914, -0.046169227221187686], [-0.0050024737376883335, -0.01086862469798338, 0.27656688041322086]]","tensor(-3, dtype=torch.int32)"
"['Bi', 'Bi', 'Bi', 'Bi', 'Bi', 'Bi', 'Bi', 'Bi', 'Bi', 'Bi', 'Bi']","[[0.9915107422096784, 1.6923336315438662, 0.3439415318303538], [0.2044206670618268, -1.1689598654521562, 0.18149651674034872], [-1.4849059424745912, 0.8686844061439825, 4.132822381958751], [-1.7985828423617447, 2.544026989932918, 1.7937518271999713], [1.3930991273355113, 3.7252852697171566, 2.65985417601995], [0.9829353955456441, 2.292943553903055, 5.275298075512367], [4.616909572206648, 2.635102975470052, 3.175859005714623], [0.0008164140438711859, -1.6128805540028845, 3.2363238932669907], [3.6686953572091934, 0.37720755329423905, 1.0761349757527652], [3.6587287164807485, 0.7410309145843372, 5.410207423112871], [3.0823748168256455, -1.334760986901682, 3.2374166219648646]]",[-64250.94140625],"[[-0.22859407989424124, 0.6249738166187252, 0.0970888684000093], [-0.05102528272375911, -0.2721797018260744, 0.8988226795374165], [-0.07231992675088794, 0.21520587555312698, 0.14168493443134703], [0.16268581947591915, 0.034793981792561136, 0.012631800800631756], [0.1296226487215673, -0.6244081736113691, -0.07195143604264116], [0.133858749203658, 0.051657501913081154, -0.15322754848364112], [-0.42343248772685194, -0.40547702463388563, 0.02547191763645449], [0.4392864842033066, -0.17976669563532954, -0.9378638741260582], [0.5481044745817629, 0.9147115916140525, -0.5382710280093329], [-0.07375732847676325, 0.3131275761483309, -0.40211463690979404], [-0.5675024301876707, -0.6735404394512458, 0.9284675153320398]]","tensor(-3, dtype=torch.int32)"
"['Bi', 'Bi', 'Bi', 'Bi', 'Bi', 'Bi', 'Bi', 'Bi', 'Bi', 'Bi', 'Bi']","[[0.943848206699227, 1.7486805024270042, 0.2953068506581264], [0.2588344571258142, -1.2714766697427966, 0.08460628266478179], [-1.3996350930863592, 0.8267071399561589, 4.142854209903305], [-1.7397703665040594, 2.536330541050324, 1.6446644527829757], [1.4843231653656157, 3.7740150566070874, 2.5406716747004734], [1.0594286706780611, 2.477588740735484, 5.125469250066285], [4.680225888967639, 2.664777983529019, 3.104650063705491], [0.052241538443831295, -1.6332895126407327, 3.0586735466992527], [3.757990489806296, 0.36573765359127386, 0.9728940033358503], [3.633995015872881, 0.9536632992955514, 5.446162912462009], [3.07096157001575, -1.1672245092649238, 3.339250981306544]]",[-64250.99609375],"[[0.07986812415150718, 0.0017466315589041229, -0.1748650390219469], [0.10455977839698703, 0.22074917702521787, 0.7147768431293454], [0.09343471172830498, 0.6742510927568515, -0.41776351066294476], [0.16889632258623252, -0.330016647906156, 0.6619730399508111], [0.25408745596951116, -0.2720144312237433, -0.4084704588509063], [-0.4945893496104323, -0.17087812999564236, 0.27239536607815196], [-0.43800833669504796, -0.3849604328477936, -0.08311614914392974], [0.28616856761890946, -0.11668397630502648, -0.536242940717503], [0.019639922257827274, 0.6926442606933283, 0.025737409895270864], [0.14459912720524626, 0.11099587022305238, -0.4227488824414161], [-0.2162241872326429, -0.4349271249677038, 0.3730846036420751]]","tensor(-3, dtype=torch.int32)"
"['Bi', 'Bi', 'Bi', 'Bi', 'Bi', 'Bi', 'Bi', 'Bi', 'Bi', 'Bi', 'Bi']","[[0.8191706104468717, 1.8088984485984545, 0.10039530911016029], [0.24183797153699088, -1.3327500413671036, 0.248471959997598], [-1.4118468502260526, 0.6733153090501012, 3.9918292334795438], [-1.7789779342681826, 2.4583328622433616, 1.8451393585561298], [1.2986157341974816, 3.542308048122892, 2.620350413135377], [0.9552572376310593, 2.2968316575653747, 5.291015346081744], [4.710646790757019, 2.483125626223604, 3.04205359991504], [-0.09681487098032429, -1.9357901996827545, 3.0075100114893036], [3.7592061383802906, 0.5551762957271509, 1.086060976790559], [3.4728004918787563, 0.8569105321010237, 5.438454519076974], [3.0818792305653524, -1.2981329662419205, 3.458855726432258]]",[-64250.66796875],"[[0.2137498076080089, -0.5343392948872915, 0.7708125247635469], [-0.016665277673069145, 0.45288587907453115, -0.39739953964465574], [0.018208598623176475, -0.11146802786792008, 0.882709567141501], [-0.01724945834443917, 0.37793411825459783, -0.5171010671276529], [0.12443061155704459, 0.1237482404018067, -0.4320185372017866], [-0.8754785926238253, 0.021950985319610043, -0.34397646021724954], [-0.36767345694533926, 0.3571100737829619, 0.9723927801787446], [0.7179506146215295, 0.19935640422073106, 0.12593121103346905], [-0.42080168209963814, -0.9624343779237807, -0.22399416811423734], [0.985227734236573, 0.17294997748740504, -0.027764504740733335], [-0.35753898544881263, -0.08553458153292702, -0.8022694750653734]]","tensor(-3, dtype=torch.int32)"
"['Bi', 'Bi', 'Bi', 'Bi', 'Bi', 'Bi', 'Bi', 'Bi', 'Bi', 'Bi', 'Bi']","[[1.1180497887673329, 1.7318507393323799, 0.27442812485475826], [0.2967174212350315, -1.266793348087707, 0.023814167849411316], [-1.4907116367971764, 0.8463125277813216, 4.138541048855833], [-1.7773560705521485, 2.5516929002164086, 1.8704362758149096], [1.2766858449293548, 3.5259022264288538, 2.5776198056976125], [1.0080974001634577, 2.090972332646053, 5.023592934918069], [4.718205065616055, 2.4572520930230493, 3.3587661978855925], [0.21262339326732874, -1.5559261382205287, 2.994230503542666], [3.8497964667640696, 0.3824395986404667, 1.170106777963209], [3.537340214359992, 0.8684186357727265, 5.307428936103506], [3.1602460905323095, -1.3201671654435845, 3.4301439956115023]]",[-64250.5625],"[[-0.046865605754171404, -0.521163412362302, -0.32414439931424166], [0.12241286010562182, 0.378654953134336, 0.7462425351867402], [-0.318769762302526, -0.6335309668781932, -0.05775307664871805], [0.23051263813101036, 0.2887048080197116, -0.28672053234990597], [0.20142357230216015, 0.5360814753499485, -0.5408575592156981], [-0.8852343918379727, 0.8252510362333407, 1.1616939543460707], [0.34731555373385636, 0.8398230285446684, -1.2999808141217708], [-0.2857944204805891, -0.3716214394483193, -0.41208316931679884], [0.19497971574026654, 0.51172097937423, -0.3777632426442847], [0.6135786811250764, -0.992118808728919, 1.7191140550380746], [-0.16534819826736172, -0.8660904613644594, -0.320761905552343]]","tensor(-3, dtype=torch.int32)"
"['Bi', 'Bi', 'Bi', 'Bi', 'Bi', 'Bi', 'Bi', 'Bi', 'Bi', 'Bi', 'Bi']","[[0.8966048445080851, 1.7691226116231482, 0.3580609475599411], [0.19753476982360363, -1.2718262012698067, 0.37932408520004135], [-1.3891047574725253, 0.9161219795081272, 4.207685386758702], [-1.600823232506293, 2.6354176996865637, 1.7709982215740059], [1.5198310171527887, 3.492742732128651, 2.351763017264303], [0.8796786833067574, 2.3608207654836693, 5.117666928150702], [4.551712739248621, 2.627689152829557, 3.2183157544038035], [0.048474378993232134, -1.8205869313442062, 3.0759358903321137], [3.8842116267122333, 0.5657122225124923, 1.0909411671372697], [3.5885971086731225, 0.9834797841160401, 5.42588605733282], [3.099204508193615, -1.4224499789268281, 3.313732156266699]]",[-64250.578125],"[[-0.030959395285928504, -1.767177255594048, -1.8226287822679252], [0.06818322517181721, 0.35513582542101396, -1.0656050913609754], [-0.7721135036804662, -0.5491010347165414, -0.6695207745526062], [-0.6922395688326107, -0.16803963054054574, 0.5638272933026025], [0.4789246892751671, 1.6631349377046087, 1.8970190652699201], [0.7015659935820832, 0.6519287628029121, 0.060179736572367803], [0.3124962671300298, 0.18171734125724326, -0.2918291628818894], [0.14249323828885907, 0.16635478570999787, 1.041763238600911], [-0.09729075153154389, -0.5773929552817519, 0.3020836021180671], [-0.15102750571757492, -0.7603075056751104, -0.07266548320629103], [0.03906831459973996, 0.7835508052892088, 0.05468554319773372]]","tensor(-3, dtype=torch.int32)"
"['Bi', 'Bi', 'Bi', 'Bi', 'Bi', 'Bi', 'Bi', 'Bi', 'Bi', 'Bi', 'Bi']","[[-2.035475731093603, 0.3150553673123907, 0.2954545027362353], [-0.4106857750344809, -0.9704137800146544, -1.794028765859538], [0.41076474386887163, 0.9704312269473131, 1.7942036273125113], [2.0353967622592135, -0.31507281424504974, -0.2956293641892088], [-1.649670731563016, 3.4690557895225327, 1.1316237890504737], [2.9404413144156503, 3.6904169309358856, 2.326495160823483], [1.662827367228962, 6.436751037808709, 2.784657579491906], [0.08650674820493509, 3.8900872782720985, 3.436197491289767], [0.04783822068481092, 4.622545401701724, -1.0211992670194328], [2.5905805775639132, 3.161979115777518, -0.5190538373245375], [0.7024276201831823, 7.26926372867101, 0.16125997399619973]]",[-64250.29296875],"[[-0.9340817792905082, -0.4018820547895874, -0.4038406194136041], [-0.27671178786728723, 0.029681330053016295, -0.04209657185717715], [0.3702677528875327, -0.4757338456485791, 0.5726441251245385], [0.04498322295882728, 0.32148479731574425, 0.08958479115396384], [-0.21437540877414488, -0.2631649463736553, -0.36091242892259356], [0.2077909127917859, 0.041467047185453784, 0.07664925548500927], [-0.11238416385147085, 0.12813480192385415, 0.08214787115951905], [0.433024610423507, 0.29202425829733575, 0.630522260299974], [0.38120682585097776, 0.0929397740968683, -0.4276497163013335], [0.2242350806132795, 0.31264210018174454, -0.19460176336716944], [-0.12669616606778097, -0.08797260573881548, -0.019175123114264357]]","tensor(-3, dtype=torch.int32)"
"['Bi', 'Bi', 'Bi', 'Bi', 'Bi', 'Bi', 'Bi', 'Bi', 'Bi', 'Bi', 'Bi']","[[-0.07531540920616853, -0.47857656100643264, -2.0236123057349356], [1.8116478106368095, 0.9785121862264567, -0.29891643415957025], [-1.8117662110824997, -0.9786379494723239, 0.29900176844605275], [0.07543380965185875, 0.4787023242523, 2.0235269714484545], [-3.8873565372215624, 6.462348929285668, 0.25795911095436275], [-2.4753837344136027, 1.9398462491218753, 0.5728388605270048], [-0.3399557021832007, 3.5432703225719404, -0.9283405379275538], [-1.8065685087339167, 4.80335923184436, 1.4498962188216717], [-4.448614267176243, 4.904530749286708, -2.2128533703448205], [-4.889722362643484, 2.2065939648563058, -1.039182480810792], [-1.69751299952244, 4.582150963163903, -3.2895743785577456]]",[-64250.07421875],"[[0.051260379384243826, -0.09441116582527655, 0.07784476769210243], [-0.02164615516073662, -0.23362629719814004, 0.20030575887544108], [-0.14074113336252742, -0.7422722354960154, -0.4316069547807976], [0.9651993437879209, 0.027706145809001652, 0.37057926791831125], [0.30681808551173023, -0.36264237092745516, 0.28041916640377457], [-0.32510372985471775, 0.6418927131896655, -0.2222448399808509], [-0.11604454259625606, -0.17418076524932058, -0.03128626495325219], [-0.13428462696610566, 0.8356691519870105, 0.4490260340365154], [-0.1822362415833552, -0.004168574534093432, -0.21272506816704576], [-0.40222185197073373, 0.060124714934379514, -0.2883116347075074], [-0.018027767695933852, 0.049270195316115935, -0.18510297176672807]]","tensor(-3, dtype=torch.int32)"
"['Bi', 'Bi', 'Bi', 'Bi', 'Bi', 'Bi', 'Bi', 'Bi', 'Bi', 'Bi', 'Bi']","[[1.0463228929327173, 1.6676564437439816, 0.02523063339648368], [0.07007624621718686, -1.181845437257495, 0.11438079293032172], [-1.3954193554840706, 0.7790171098209508, 4.1767811268251895], [-2.0143940817403445, 2.512039726239736, 1.8484314204393928], [1.4294758062837274, 3.3920637109933187, 2.4819537959918136], [0.9322835306028643, 2.4470227870699466, 5.163072678367256], [4.607085405781376, 2.3915045784408253, 3.139534210526056], [0.06795516500700678, -1.637397869119346, 3.148575782727687], [3.791887900350926, 0.303646835733967, 0.9572835854460096], [3.803388919982978, 0.8730959967326177, 5.372501749849517], [3.217596884968733, -1.3400575445360299, 3.355206317661328]]",[-64250.73046875],"[[-0.09983131138803854, -0.3332842647154697, 0.5833563752420339], [0.14145718598774878, 0.04292843731705014, 0.813345279370324], [-0.28666479080263557, 0.43577661792056976, -0.1523399003388245], [0.6166845754563779, -0.09438560904576236, 0.27755927535858155], [0.04918417129911537, 0.2278234684298558, -0.6615981729032088], [0.2891272405020235, -0.5783365506622052, 0.4749215822900156], [0.23837893259013013, 0.8320711482393093, -1.2626977408441753], [0.5454531515400095, -0.17789148622176054, -0.8899770513441967], [0.06958288308247437, 0.23003400130260387, -0.0730634901951035], [-0.9360538165025182, -0.5687864398143693, 0.7632884443238777], [-0.6269617946791245, -0.012031905538075543, 0.12382948730649967]]","tensor(-3, dtype=torch.int32)"
"['Bi', 'Bi', 'Bi', 'Bi', 'Bi', 'Bi', 'Bi', 'Bi', 'Bi', 'Bi', 'Bi']","[[-1.9607976583116122, 0.4390360305202534, 0.5405872793501679], [-0.05470209306400975, -1.7070441270078915, 1.1882394339743914], [0.054775177359045135, 1.7072111840150188, -1.1883016243449405], [1.9607245740165786, -0.4392030875273807, -0.5405250889796196], [-5.005690047503653, -3.7019584345493453, -4.3340211080557065], [-0.6014237583040609, -2.0326413922315205, -3.732634368347949], [-1.0452232471460594, -4.3755015284816725, -1.8094574076465935], [-2.2126182693998713, -4.480934437214987, -4.641569696828656], [-4.781161937795154, -1.8489923126042065, -2.0182435457697014], [-2.614159118742462, -0.058100751060802924, -2.991767453344297], [-3.2626686948934815, -3.545973549630578, -0.10872842580955311]]",[-64250.71875],"[[-0.4300395065853219, -0.6021100120404712, -0.21276142358579128], [-0.33134117814101793, 0.023486474685170067, -0.2543344362753595], [0.5561556314601049, 0.05984868114678968, -0.6013757045727397], [-0.11579843646596455, 0.2850903492027054, -0.008097148797049286], [-0.24605846201263915, 0.19256272316983344, 0.047757619634562994], [0.21401715106212207, -0.1284537217358199, 0.04321134623828393], [-0.041908032758407, -0.008630128491835259, -0.048855743542416875], [0.3115858389986442, 0.1565437077474043, 0.10230589670103883], [-0.3150645434938849, -0.4687429094543889, 0.22234855833956338], [0.46324938456694537, 0.40768956296820524, 0.6617565529452685], [-0.0641434542353707, 0.08754348838459841, 0.05722636016468626]]","tensor(-3, dtype=torch.int32)"
"['Bi', 'Bi', 'Bi', 'Bi', 'Bi', 'Bi', 'Bi', 'Bi', 'Bi', 'Bi', 'Bi']","[[1.3981040233032282, 0.6028187550099097, -1.4183192123644537], [-0.1886603215583854, -1.833426684371482, -0.9653283374549708], [0.18859512788489863, 1.8335902110989526, 0.9654066049088719], [-1.3980388296297426, -0.6029822817373809, 1.4182409449105537], [3.6232874309837744, 2.335131366528403, 1.1197951540037003], [6.487123431294146, -0.7025525771525054, 3.3818222462991274], [4.921511393806347, -2.2270767954079296, 1.2349067653066883], [5.930177380626631, 0.6106112489071515, 0.6649008487179908], [2.2204371893556214, 0.7865249103777706, 3.2365264271334295], [4.454374709600913, 0.39271490306043977, 5.161462643060087], [2.1194752529319647, -1.8995853635456998, 1.9690749193311092]]",[-64249.671875],"[[0.3825968164084183, 0.24344534558492817, 0.5198485494806568], [0.03550886199409455, -0.3768715321542334, 0.39716248380248187], [-0.5313141332397673, 0.4489301832578143, -0.4711758428732112], [-0.5434703156887681, -0.16750386376839624, -0.0393795005291324], [0.22790492102291507, 0.0005686064624938468, -0.3236829888865137], [0.08507908464573054, -0.04756409773511896, -0.25744809534248914], [0.24590789812849922, -0.13987353983342612, 0.0565617296310427], [0.15460746031113243, 0.03481125961533129, 0.05969420918368986], [0.001092642312891687, -0.06676870627669404, 0.4221961463790459], [0.13698310406583583, 0.01815565443768793, 0.3827971054551139], [-0.18651003445857248, 0.06279892080688497, -0.7492507275440436]]","tensor(-3, dtype=torch.int32)"
"['Bi', 'Bi', 'Bi', 'Bi', 'Bi', 'Bi', 'Bi', 'Bi', 'Bi', 'Bi', 'Bi']","[[0.8503207059377039, 1.5895559901963967, 0.28498221221252673], [0.03843009245664439, -1.214606331736783, 0.22205428304032895], [-1.4841037697348507, 0.7949856566622414, 4.027872400313847], [-1.6249345198753935, 2.465710149627742, 1.8910716205795464], [1.4026825427111846, 3.539402114726546, 2.4966379894069854], [0.9722411626989428, 2.297854305354802, 5.111722052680381], [4.581380806108738, 2.5551350496578524, 3.157225364478726], [-0.006235517548693337, -1.8071643313804542, 3.100600531206906], [3.7547940930322956, 0.2553169354168756, 0.8982973301723673], [3.5030317150814168, 0.8879463172822718, 5.42913996288808], [3.0180098665449875, -1.3968758629317153, 3.335592910403274]]",[-64250.86328125],"[[0.4950459263615519, 0.36303189327115726, -0.2883755009452471], [-0.011987857374429966, -0.5149145997937632, 0.23471084053160823], [0.08126155998908344, -0.8673724141074949, 1.3668963818920115], [-0.8000295287562428, 1.0108431349351572, -1.1546897512522534], [0.46795584292069853, 0.06854276843612946, -0.22274944496550422], [-0.6506601798036867, 0.17843594332738666, 0.24978327263817143], [-0.22447527320303962, -0.44126798308016707, -0.2980328782761145], [0.22602102127586937, 0.07430646499272298, -0.23738026414959693], [-0.10745725899112346, 0.3387089868443821, 0.7578649563251632], [0.5619138772749912, -0.5069011867306393, -0.36037640503998614], [-0.037200191150390374, 0.28584301435713017, -0.04629255282341881]]","tensor(-3, dtype=torch.int32)"
"['Bi', 'Bi', 'Bi', 'Bi', 'Bi', 'Bi', 'Bi', 'Bi', 'Bi', 'Bi', 'Bi']","[[1.0178131578913514, 1.6841240314842663, 0.3019257768939564], [0.11228582509150374, -1.4044201549597068, 0.47361170800695873], [-1.44803823671836, 0.8652490660977221, 4.1807207367235195], [-1.7176008036433734, 2.386293070361285, 1.6298048734219004], [1.383876087563777, 3.5894268080104403, 2.7292223652663754], [1.0940952215217763, 2.278344598672668, 5.316333048481011], [4.575054029796955, 2.5047796424608175, 3.162063321930649], [-0.0847426522702151, -1.6918224394492187, 3.0532151583731966], [3.9121345218390906, 0.41722502436481945, 0.8959193250752236], [3.6959412550850668, 0.9591612759952346, 5.272662610196431], [3.1104235058476224, -1.2922847653057188, 3.1634943001191975]]",[-64250.32421875],"[[-0.08490532939828901, -0.09560014742673931, 0.22004855102746987], [0.32579509987598176, 0.7471953865436775, -3.1850313875769496], [-0.09347744348640616, 0.3684028793143709, -0.25621190826095797], [0.1556614075001118, -0.1279407349502394, 0.588103148515584], [0.11231340705345974, -0.10742799982101568, -0.847232437720119], [-0.9164990235172982, 0.0002650566622786208, 0.19192514065635982], [0.49551695272040486, 1.0051332258863541, -1.6728274877461153], [0.5174250263045932, -0.31798572967223876, 2.9943171343330643], [-0.1565962611249969, 0.3145103676129506, 0.35146382528353215], [0.039617317418261584, -1.7037414207608799, 1.0863857870094114], [-0.389417648323669, -0.09144261990057954, 0.5368219534686695]]","tensor(-3, dtype=torch.int32)"
"['Bi', 'Bi', 'Bi', 'Bi', 'Bi', 'Bi', 'Bi', 'Bi', 'Bi', 'Bi', 'Bi']","[[-1.5117094426467859, -0.05867936019777749, 1.4286378103738622], [-1.427937132599575, -0.043050894930452624, -1.5126291973839758], [1.4280952997815495, 0.04299122726328976, 1.5127216090284898], [1.511551275464813, 0.058739027864940355, -1.4287302220183773], [-0.8611003329405977, 6.616347740941881, -0.7377125796173523], [-4.217317019361095, 4.302684226464584, 1.6971627026544467], [-1.610202840249383, 4.247961137266485, 3.3048076470007666], [-2.3889324789476056, 6.766686498118399, 1.7413531509640778], [-0.7068805513958247, 3.66582759425218, -1.080304409746812], [-3.5841014880979083, 2.958665292632996, -0.8111134697417022], [0.3005446514925303, 2.8591063159752834, 1.5966547383678273]]",[-64250.61328125],"[[-0.39567283723156355, 0.5133670519477282, -0.2844080808916506], [-0.2891902839862979, 0.04969646388645958, 0.15852371538360896], [0.9601846614172502, -0.7884636719185555, -0.0517729445086734], [0.26966243617706454, -0.15027453203060062, 0.2422563125613738], [0.19416647536196302, -0.07714583862337644, -0.0943087330188535], [-0.046482007235419044, 0.12453726097497703, 0.07530857871339189], [-0.6382294033856604, 0.22744109375688296, 0.47001005263505], [-0.032936261032337745, -0.20554664702696274, 0.28111274757497645], [-0.34515279198418414, 0.06730467873720986, -0.586291034008381], [0.016279606844026205, -0.09976857643631358, -0.03487386086961815], [0.3094319218487233, 0.33709006513523704, -0.17253788084550026]]","tensor(-3, dtype=torch.int32)"
"['Bi', 'Bi', 'Bi', 'Bi', 'Bi', 'Bi', 'Bi', 'Bi', 'Bi', 'Bi', 'Bi']","[[1.4733542089766463, 1.464447921135001, 0.11972619055442113], [-0.7673766056061455, 0.9115889555931371, -1.7055918750388388], [0.7673667510278619, -0.9116642457922093, 1.7057689379463343], [-1.4733443543983638, -1.4643726309359302, -0.11990325346191633], [-0.3997582368637803, -4.317967732275449, -0.5996195128539314], [1.5108891693180921, -3.810090407819585, -4.916717387260189], [0.45354451905624565, -1.0937520520285129, -3.974332405461399], [1.8001009366956209, -2.9867726834711075, -1.974820975684142], [-2.432062649253575, -4.35099093197695, -2.7711098496446414], [-0.8266284884873087, -5.551363011805815, -4.969434354130052], [-2.4075075196484312, -1.4922860735778105, -3.5829094672161412]]",[-64250.66015625],"[[-0.019229568824826973, -0.15992069934550407, 0.466079605065298], [-0.038735171437243775, 0.13667009779440156, 0.045028788074174396], [0.8678352129316956, 0.293452044092086, 0.3481227777274453], [-1.03621993712882, -0.14727112192781386, 0.2745135962965178], [-0.05527298917191894, 0.5487451938428227, 0.08611801658396917], [0.3036210198120613, -0.16372254026421995, -0.11902908079143378], [0.43240291733633096, -0.26634663686794247, -0.10934362699856488], [0.32227839445506506, 0.2981102171018476, -0.4570886580412794], [-0.21885118762507988, -0.09954746144252888, -0.4234702829641616], [-0.2207575588261451, -0.21546452867376348, 0.04290253086731322], [-0.3383160192205443, -0.2240789117211576, -0.15137131382186433]]","tensor(-3, dtype=torch.int32)"
"['Bi', 'Bi', 'Bi', 'Bi', 'Bi', 'Bi', 'Bi', 'Bi', 'Bi', 'Bi', 'Bi']","[[-1.2106714018814118, -1.5055674344569927, 0.7728234963428493], [0.6103314278980216, -1.274686388511033, -1.5269496003647798], [-0.610304562264408, 1.2748087242877144, 1.5270959875072294], [1.210644536247799, 1.5054450986803127, -0.7729698834852994], [-5.695833850296405, 3.745999405322431, -2.8014143396227733], [-1.541596962222366, 1.446456726052996, -2.8177326922436334], [-3.5127357500899485, -0.07933461216511706, -1.0369649090440674], [-4.49157447660398, 1.223857574774182, -3.6327985181453424], [-4.026922676157903, 4.3632579084832015, -0.4180449867476559], [-1.3100172546349298, 4.083966860269399, -1.5976059400246359], [-4.235598519387987, 1.7998811561976535, 1.0710383081718096]]",[-64249.390625],"[[0.3907041776328549, -0.6818116828815409, 0.3033866379186495], [0.06427051822365953, -0.04326157533733717, 0.290206384515876], [-0.5636396026683435, 0.2842475925438362, 0.49414763384377874], [-0.03485687101056083, 0.13719686570052492, 0.13756036846588865], [-0.3524303549168292, 0.5294804214541016, 0.1318363697639932], [-0.35577047687526764, -0.21736904867953186, -0.4163799478669514], [-0.07516727080573599, 0.04469712072570651, -0.40180651573705956], [-0.32570819654121524, -0.32922125099363, -0.5809585631117592], [0.052983780499056755, 0.05350082962987191, -0.009554779973751308], [0.140634843899236, 0.3123517710526961, 0.10315425836789], [1.0580259892833181, -0.08128716819068921, -0.057536075422259574]]","tensor(-3, dtype=torch.int32)"
"['Bi', 'Bi', 'Bi', 'Bi', 'Bi', 'Bi', 'Bi', 'Bi', 'Bi', 'Bi', 'Bi']","[[0.8703672099277157, 1.782348007913556, 0.24339966543612956], [0.3555567637344219, -1.2209179556397733, 0.36951900800833415], [-1.5351706949690813, 0.6919589609806084, 4.068000369170415], [-1.9157328311387953, 2.64402376378011, 2.0019201513262495], [1.543802233673848, 3.662404024125028, 2.543696412693023], [0.9775125873901919, 2.3693916435190836, 5.069127403830365], [4.5856059528284305, 2.6415821214236277, 3.0366256723008065], [0.03941578857924863, -1.805536748689195, 3.193170627222119], [3.7306073963420414, 0.5223804906293074, 1.050909636774571], [3.443130805046099, 0.8098206332810173, 5.223874422763483], [3.261534742249496, -1.267608126986072, 3.451880088355437]]",[-64250.640625],"[[-0.10791722960028723, -0.07456635224355737, 0.43050780757332135], [-0.15614153556917404, 0.12048298900870556, -0.07884153351524724], [0.40499725651946444, 0.3682462476234247, 0.4094373484388444], [0.24715915188286278, -0.04602524536476974, -0.3765874250982658], [-0.14871253457683223, 0.07845010855415674, -0.6135226310452566], [-0.9833055764533933, -0.14622056859687863, 0.23277675282318258], [-0.143408500096853, 0.00548071564443153, 0.4680167266771267], [0.5600796512684098, 0.03376488175823218, -0.21516782320535938], [-0.0539902136754182, -0.43625072960491745, -0.09184072973357517], [1.066933838207347, 1.4831154510670828, 1.5407560161794283], [-0.7070614725090066, -1.3813326198815734, -1.7169867231094993]]","tensor(-3, dtype=torch.int32)"
"['Bi', 'Bi', 'Bi', 'Bi', 'Bi', 'Bi', 'Bi', 'Bi', 'Bi', 'Bi', 'Bi']","[[0.9155848076155985, 1.676286221509846, 0.3053597143618697], [0.24555636237690937, -1.3169159027324675, 0.08039603233174064], [-1.4584499626195926, 0.8047282686550764, 4.153623682944991], [-1.8073108187317137, 2.643934517371135, 1.873334118459491], [1.4791780143514175, 3.6577240843078713, 2.5685405661987453], [1.0571944061945566, 2.4299460297629487, 5.181174277057742], [4.558559750546991, 2.47765180669768, 3.074957555241698], [0.1404389322644657, -1.692857731174509, 3.0399665482243927], [3.8311792078325118, 0.4077254113304414, 0.9900044511427423], [3.502473496432132, 0.8640226426857733, 5.314557497234782], [3.0666901245563745, -1.2356343539148809, 3.1965017774477316]]",[-64251.02734375],"[[-0.02339745790243967, 0.10332256287362426, 0.0012861343875226066], [-0.00043940506354648516, 0.29549185562079566, 0.6074738504129554], [0.35027911171567033, 0.3777448335354998, -0.16649295687006754], [0.2571254217178382, -0.3323444231477016, 0.15149894345316053], [0.024159193913818815, -0.23787139654625686, -0.5717061861741588], [-1.0035607383259038, -0.09499490940886816, 0.20929464901579664], [0.18014341387822877, 0.4326146220873569, -0.11260754141728496], [-0.2869358366473424, 0.07881201723468156, -0.36561410502183], [-0.002996261917836538, 0.4948857979683785, -0.7070506738697754], [0.5399880116471169, -0.4345278324266019, 0.35374722326004604], [-0.04078318993176928, -0.6819042426463812, 0.5959568445622672]]","tensor(-3, dtype=torch.int32)"
"['Bi', 'Bi', 'Bi', 'Bi', 'Bi', 'Bi', 'Bi', 'Bi', 'Bi', 'Bi', 'Bi']","[[-0.628693357334594, 1.6632233271743324, 1.0808087369729196], [1.8347650352110092, 0.0571698429479669, 0.9794252383995153], [-1.8348804493481081, -0.05717557086752323, -0.9795793934120691], [0.6288087714716932, -1.6632175992547777, -1.0806545819603668], [2.5540322942145615, -2.3977998382481442, -3.3359165990607136], [4.410581929717217, 1.7563515408508776, -4.693155235076372], [1.9655337265455641, 2.292503261429226, -2.927130930830547], [3.857424021644198, -0.023641122626703343, -2.255555500755275], [1.1322928581963518, -1.2036962772645925, -5.659598096346865], [3.3835176180256967, 0.24090003502178922, -6.961931071], [-0.2682537330927892, 1.0589562319171346, -4.336462461109114]]",[-64250.4296875],"[[-0.45459664063923416, -0.31413040977828194, -0.12043434371007293], [0.4444530160104067, 0.12754103103240486, 0.006672731149297389], [-0.04500264508281623, 0.743347471430908, -0.275688025446064], [-0.08070923530344588, -0.9360353045495503, 0.6560193901879291], [0.012275476559252287, 0.11216166046121354, 0.057206511237337214], [0.11139896799893105, 0.08783140067534273, 0.01065761928740288], [0.1791119895653605, -0.14264174528933585, 0.08010579705877996], [0.12375785633293175, 0.405414495370527, -0.05975766404469691], [-0.15905053471182393, 0.16683527373370122, -0.4076829809404833], [-0.06481410115372886, -0.13937505407767056, -0.08949675653318258], [-0.07551406139133693, -0.09775622430450648, 0.15545340513967942]]","tensor(-3, dtype=torch.int32)"
"['Bi', 'Bi', 'Bi', 'Bi', 'Bi', 'Bi', 'Bi', 'Bi', 'Bi', 'Bi', 'Bi']","[[-0.5549892693112677, -0.2710178201935274, -1.9870206218399924], [-0.8223358427699919, 1.9109436348929225, -0.03103399664060269], [0.8224749779684992, -1.9110732527294831, 0.03106494196305898], [0.5548501341127612, 0.2711474380300879, 1.9869896765175383], [-5.742739311175233, -3.628427046443082, 2.632096212365196], [-1.7389831264003042, -4.297897328616657, 0.16884776797069434], [-1.0171380750487722, -3.487255186611332, 3.033522315967957], [-3.394665852784645, -5.354137300621959, 2.5266691880851964], [-4.5716475128210625, -1.0875831686255273, 1.6224534896668996], [-3.2892594983566066, -2.0623102377253906, -0.8788123344171561], [-2.194365616621617, -0.844276145072969, 3.3891304604814207]]",[-64250.7578125],"[[-0.7262177442844986, -0.2008888339718422, 0.21497828137580346], [-0.02028492497911557, 0.4782226748809465, -0.2638616128703518], [0.7946127256294333, -0.07150483517728765, -0.06685905489159631], [-0.2505175286838114, -0.31166477190921615, 0.256785367426234], [-0.038605659757395834, 0.5289240344232293, -0.10433856055901918], [0.2649689876124806, -0.09964058685037634, 0.41930231675341156], [-0.11070147874876925, -0.40681888411360934, -0.13893467528539796], [0.22575630034842667, -0.22259898392554744, -0.009924211706273969], [-0.28384187224128704, 0.03513835039764875, 0.015251797504195854], [-0.06637203626226261, 0.14245909402005139, -0.5370255849513177], [0.20919859254872922, 0.1319951611827856, 0.21741635700378348]]","tensor(-3, dtype=torch.int32)"
"['Bi', 'Bi', 'Bi', 'Bi', 'Bi', 'Bi', 'Bi', 'Bi', 'Bi', 'Bi', 'Bi']","[[0.6728910535570156, -0.48189372717627355, 1.9091125596154848], [1.4507082042729114, 1.4851794363794752, -0.1363549441725821], [-1.4508873759514562, -1.4852496958520172, 0.1363461058398362], [-0.6727118818784716, 0.4819639866488159, -1.9091037212827404], [-0.2594451818965502, 3.4122389340094177, 1.7690910144140586], [-4.30076340357179, 3.8002998100068215, 4.231407552214346], [-3.773863345488609, 0.838975625260437, 3.6504629523366106], [-1.438141023867836, 2.700308215081167, 4.339396534851444], [-2.677202024132226, 3.3170865067473776, 0.03931648965029577], [-4.510145936629894, 5.056847522624385, 1.6091861730575947], [-3.7443030500517107, 0.6341220671359027, 0.7427454179549784]]",[-64250.828125],"[[0.12320748568677414, -0.643262597709299, 0.2991845788611834], [-0.29569985798122805, 0.3410919379901907, 0.11804902714805175], [-0.21200793567790124, 0.027178431736393244, 0.3824543257926561], [0.14520611357423105, 0.07326491052781388, -0.49054649334849115], [0.2594248119648328, 0.7668257700035171, -0.46823887011274296], [0.1960083632601896, -0.2986137936446694, 0.18166931302370953], [0.15611993829071136, 0.21637577955861434, 0.5419651910682848], [-0.36122492097311204, -0.5387821635996166, 0.2327959332633411], [0.05037254611989752, 0.255830407763542, -0.15061047255487864], [0.06428013415478459, -0.008749859689865096, -0.35575654148845004], [-0.12309790520962177, -0.1809906956811568, -0.3033578929694575]]","tensor(-3, dtype=torch.int32)"
"['Bi', 'Bi', 'Bi', 'Bi', 'Bi', 'Bi', 'Bi', 'Bi', 'Bi', 'Bi', 'Bi']","[[0.8036220109565823, 1.7053428154121288, 0.1632474690852494], [0.2509273642610714, -1.2868016483013165, 0.2803662987524495], [-1.309385408356451, 0.8221411331080062, 4.098907052066028], [-1.8995354539603475, 2.517116639573373, 1.8563525916263615], [1.5011200801478135, 3.6203581314142266, 2.645470483962725], [1.0089072180321996, 2.2489526345283535, 5.057707330213763], [4.587150094745753, 2.629490196139338, 3.010167373892204], [0.0838222053784229, -1.7381496306951396, 3.0877014928773874], [3.778779466279077, 0.31136820084832667, 0.9925527682050318], [3.5907576073283916, 0.7384034846724431, 5.225545577113989], [3.0314436356613896, -1.3174070512191958, 3.303507159392605]]",[-64250.85546875],"[[0.11738989877820703, 0.11947948689156405, 0.7245989768416282], [-0.019873080305459506, 0.2295619979240109, -0.45487216020590826], [-0.8079526446265561, -0.4586888621090901, 0.040774962397116817], [0.31681464295864503, 0.01266856759610991, -0.28739045935898205], [0.20535335138472166, 0.07077027059909824, -1.5151174755396342], [0.15048819082110654, 0.14259983628469994, 1.1869833389840512], [-0.28988036845527254, -0.4455314401149772, 0.07616177405685137], [-0.18745553245641416, -0.18600938897497063, 0.24271299215667658], [-0.1367737133089309, 0.6182524350285861, -0.16232622478951533], [0.6233308807928134, 0.7494024227141983, 0.5285599660148583], [0.02952376762221264, -0.8523859597380499, -0.39179674281260923]]","tensor(-3, dtype=torch.int32)"
"['Bi', 'Bi', 'Bi', 'Bi', 'Bi', 'Bi', 'Bi', 'Bi', 'Bi', 'Bi', 'Bi']","[[0.6237175085386981, -0.36065898059105295, 1.952079985244406], [1.8708191730988792, -0.5770013608966639, -0.7042797555506786], [-1.8709703619471063, 0.5771195436463268, 0.7042968368227074], [-0.6235663196904718, 0.36054079784139037, -1.9520970665164366], [-2.1963257237201126, -2.3197880383442433, 4.051644913826447], [-1.9129059637229722, -2.6680290565907603, -0.6753254031422125], [-3.697950427375206, -4.922919802652866, 0.37996849554525225], [-3.841998156972945, -2.137684853124275, 1.6513865158222991], [-0.1917555906555659, -4.328850378378927, 3.1616510180086554], [0.675280633789282, -3.0986867798871907, 0.5953524562557022], [-1.9830736761922627, -6.475343966264189, 2.153901131126692]]",[-64250.6484375],"[[-0.2855058397026543, 0.24080888352764082, 1.0477590544788868], [0.4664804402691472, 0.6053727437510851, -1.170389430031883], [0.006211223019595452, 0.2606690208926502, 0.26227796671602915], [0.38957433143670667, 0.39770323851751443, -0.23804592312507203], [0.24938032912856745, 0.17699129108659892, 0.05078601573164744], [-0.7032690932551411, -0.23893053736648556, -0.1734978798731669], [-0.0397652742023585, -0.1366906666310327, -0.12017903302538896], [-0.08846625781796272, -0.13451684913167117, -0.17830322290902428], [-0.44346236941615974, -0.06884759859500288, 0.46094253811667196], [0.28350032670902703, -0.8173757429081948, -0.15316872161087608], [0.17004936014568237, -0.26952796740758855, 0.2243378733743436]]","tensor(-3, dtype=torch.int32)"
"['Bi', 'Bi', 'Bi', 'Bi', 'Bi', 'Bi', 'Bi', 'Bi', 'Bi', 'Bi', 'Bi']","[[-0.13981687353328642, -1.680068627597504, 1.2196455829332211], [2.0683365284236563, -0.00857434434259119, 0.22542273354072662], [-2.0685121607304198, 0.008653434054876397, -0.22541884635258186], [0.13999250584005019, 1.6799895378852203, -1.2196494701213672], [2.203630934970274, 1.5503160236794673, -3.8805102171793826], [2.237271557401373, -2.898074861070411, -2.220228979061683], [3.519946606937313, -2.868042392416771, -5.002027676779321], [4.0397267197540145, -0.5589762305106104, -3.0545089094696922], [-0.03988329919147371, -0.0918039410446101, -4.937301559725871], [-0.47821901963329294, -1.9206939819566688, -2.6320975305678367], [1.4298206529359518, -1.8955212008846722, -6.7861902477139]]",[-64250.57421875],"[[-0.06603311325667308, -0.30721609250054266, 0.30650153111597706], [0.12215492689426738, 0.2343429154663688, -0.1091384528531693], [-0.07499490395476707, -0.8151275690644117, -0.41604164192646087], [0.72905932906509, 0.4298335611085527, -0.11734469875971011], [0.05365370750813283, 0.024710155914029558, 0.07457113449807411], [0.2827985694252643, 0.18639968265004642, 0.31599924285249525], [-0.0577362616247721, -0.11104009322180933, 0.414778612513126], [0.1719231297406872, 0.1087539698744418, -0.1422328368171089], [0.13087410816429712, 0.11471399597667951, -0.4246872381834427], [-0.95360469057895, -0.07401017090105148, 0.2302548077638391], [-0.33915810739222296, 0.20980521896307297, -0.12748930040827755]]","tensor(-3, dtype=torch.int32)"
"['Bi', 'Bi', 'Bi', 'Bi', 'Bi', 'Bi', 'Bi', 'Bi', 'Bi', 'Bi', 'Bi']","[[-0.7487886537070981, 0.8850072204443524, -1.7279445799479134], [-1.4751967628968123, 0.9443899113217294, 1.1228655881814178], [1.4753776501151354, -0.9444396095069926, -1.1229094847032508], [0.7486077664887758, -0.8849575222590899, 1.727988476469748], [1.3339020890352589, -3.9733596029650453, -0.2305373848727783], [-2.5944636853642096, -1.9953840028187244, -2.019783542449109], [-3.257927730775737, -4.829298183526089, -1.0641125199048052], [-1.3290456109403508, -3.082688155926177, 0.5556264819191881], [0.802579804899185, -4.800161755937536, -3.037816649451467], [-0.5402352556463652, -2.3491834113841543, -4.057863447059992], [-1.5453760139099195, -6.579312094907676, -2.6459715459004407]]",[-64250.37890625],"[[0.09501383273856881, -0.07178667966122577, -0.1971706567961235], [0.3782585402303624, 0.0748433630508872, 0.320639006753472], [0.7112996812968521, 0.20844901271979907, -0.6890801955260684], [-0.10478922376960735, 0.555649638078979, 0.9690724557255637], [-0.10056253353027539, 0.2934436622911588, -0.10316958215118019], [-0.08540479217378456, -0.21114265614292096, 0.3246147057638125], [-0.6010939115108932, -0.3781870121009776, -0.04146757169078787], [-0.7379229549903619, -0.2090801160497339, -0.023356762459164973], [-0.1288806279400991, -0.08927965246254095, -0.4359426598542746], [0.21954502590673963, 0.020436728135662503, -0.15374439192609], [0.3584306959388639, -0.1901731899963029, 0.035891822878911336]]","tensor(-3, dtype=torch.int32)"
"['Bi', 'Bi', 'Bi', 'Bi', 'Bi', 'Bi', 'Bi', 'Bi', 'Bi', 'Bi', 'Bi']","[[-0.15309979222815423, 1.2509190180199725, -1.6557405483668453], [-0.8435772405779984, -1.5541753082148082, -1.0962761848657094], [0.8435926822264768, 1.554294106706473, 1.0964270671836613], [0.15308435057967612, -1.2510378165116387, 1.6555896660488951], [-2.7325774066292836, 1.1672418018820365, 0.7743254030498818], [-5.309122578306681, -0.437396400735459, 4.425681063849767], [-2.9645439273675707, -2.3507351259433187, 3.9496063862208253], [-2.5572250342346248, 0.6716056816416632, 3.6424669767232642], [-4.637174321851715, -0.9774502360399491, -0.012776046645277095], [-6.826718528393036, -0.4714862585667552, 1.9367980665163205], [-3.3392707921669444, -3.3423135756896456, 1.2340931739735903]]",[-64250.26953125],"[[-0.20933069590199269, 0.30452882541677645, -0.16747295909135798], [-0.09369665586280249, -0.47774660915711886, 0.2750272001471973], [0.006035899398360814, 0.39723663445853713, 0.2154319784897947], [-0.1736572883570582, -0.37749507643670627, 0.012058835287434856], [0.243369600844034, 0.6470966288573426, -0.4395568615608229], [0.2606902067943803, 0.12099597579428607, 0.29672341471408487], [-0.026669106203733077, -0.006938285114623659, -0.0901642667039545], [0.0035891488635316085, -0.32154079597347257, 0.4452742782349964], [-0.2627421025146108, -0.4939198339780888, -0.060666035292419415], [0.08809658440160964, 0.19664661426085372, -0.38327949609620565], [0.17145698848053412, 0.011836141635438713, -0.11449663479558]]","tensor(-3, dtype=torch.int32)"
"['Bi', 'Bi', 'Bi', 'Bi', 'Bi', 'Bi', 'Bi', 'Bi', 'Bi', 'Bi', 'Bi']","[[0.7036108620924764, 0.08378810934558922, 1.9564319581851728], [-1.2648710756099872, 1.6061958693421374, 0.38618766731083753], [1.264913835869494, -1.6063736421107928, -0.3862483748304022], [-0.7036536223519838, -0.08361033657693406, -1.95637125066561], [1.73565358510015, -4.992845237389149, -0.2656970292403944], [-2.593767095891427, -5.463739953489924, -2.157844401407743], [-2.369953320963483, -2.6928061194467228, -0.8708345692750781], [0.030767280397783203, -3.8862053591565973, -2.356474533607789], [-0.3232430956780271, -5.754131736057407, 1.7413180090537932], [-2.160096506323746, -7.345916983285408, 0.025762158573991667], [-1.8465938833707631, -3.210944019674182, 1.9496774527740233]]",[-64249.86328125],"[[-0.547911641738346, 0.08447281818602784, 0.28492569566547316], [0.2015786099082673, 0.1336487928037457, 0.47915038083510225], [0.9884138470307358, 0.45313162525018164, 0.05943884707691431], [0.05523287994048823, -0.06856606264361421, -0.3992235326550132], [-0.11619382092810654, 0.1033962507308553, 0.18682124095680153], [-0.030199052813231125, -0.25196660322447484, -0.16837438835671747], [-0.4678599407199059, -0.014387875512433234, 0.17025767103866418], [-0.39165564059331964, -0.6365977804198955, -0.6234620071263368], [0.0009343404324111446, -0.3254604963260848, -0.012367516960967459], [0.1379257224265492, -0.03907613075765979, 0.012886561268935838], [0.16657368955384474, 0.559798372427479, 0.0231473614178417]]","tensor(-3, dtype=torch.int32)"
"['Bi', 'Bi', 'Bi', 'Bi', 'Bi', 'Bi', 'Bi', 'Bi', 'Bi', 'Bi', 'Bi']","[[0.7363017751265554, 1.7139686806736127, 0.18077663283843334], [0.14690830847443045, -1.00939138455078, 0.3404616807785027], [-1.5679892624438068, 0.9039286893104389, 4.147385970825361], [-1.8319420458622966, 2.535382884572239, 1.7277627627106698], [1.4464016226317296, 3.6429344861090724, 2.5705539981113543], [0.7543279702881321, 2.416565200988614, 5.251583280207218], [4.258023666215279, 2.571204022697218, 3.1265537145950146], [0.11503462658714109, -1.7899402993325901, 3.09469760915122], [3.605528051864869, 0.27258971478553273, 1.1426326933146358], [3.717634405867423, 0.846052896570961, 5.4601095454750075], [3.084078920542347, -1.39365457835594, 3.274936585207496]]",[-64250.55859375],"[[0.5343084416323447, 1.4402469102023023, 0.5219244593176541], [-0.40530887439442614, -1.4546044723917504, -0.2775512535122954], [-0.012320913119370464, -0.20724948958956285, -0.32960928209667634], [-0.23686614607800172, -0.18364469267167216, 0.23514098632765681], [-0.3157671749532045, -0.2893610053303364, -0.08161590962214632], [0.643279052778604, -0.1766052654451241, -0.28358337338692524], [0.7766196215654321, 0.059990091898628736, -0.22079468557626428], [-0.39559405858726626, 0.210166613422682, 0.26896654101174167], [0.3800652554179497, 1.334877902350155, -1.2950298951446568], [-0.72305425721063, -0.13567729147230825, -0.22714973618600295], [-0.23882851593679513, -0.5970999576580426, 1.6856531858274597]]","tensor(-3, dtype=torch.int32)"
"['Bi', 'Bi', 'Bi', 'Bi', 'Bi', 'Bi', 'Bi', 'Bi', 'Bi', 'Bi', 'Bi']","[[0.8289766059887089, 1.815643995133185, 0.2094150446127558], [0.16295128740489812, -1.3635373230640517, 0.2384355514461557], [-1.5821920846923372, 0.795417718850403, 3.922844987920806], [-1.7871281276943627, 2.4317465106910507, 1.9485063416268775], [1.4110631658889556, 3.686132628944269, 2.584152762615723], [0.9524013761278799, 2.2823094051821227, 4.99357369908458], [4.475186357872937, 2.54513419608614, 3.0800503727398176], [-0.07756285282531561, -1.7674785604172945, 3.0541435070663767], [3.8058005032987765, 0.3888058060615519, 0.8687456105933704], [3.718206450567924, 0.8942833526952519, 5.449907172104525], [3.303551489669154, -1.5511414102658563, 3.3668990186019627]]",[-64250.12890625],"[[0.13372397190163252, -0.5387960475643426, 0.26236008779627895], [0.10074539048792619, 0.5721232193368552, -0.01080390999573267], [0.35591024212017625, -2.030506701238661, 2.954284521818802], [-0.28988617915162085, 2.2376868224266855, -2.9702515954746365], [0.40558357120763494, 0.11386522293309573, -1.0624256634387177], [-0.01674334669250262, -0.7061847258476045, 1.020978429185149], [-0.05857680713370343, 0.01913040646342827, -0.3030704434775374], [0.7984621834049503, -0.22701027947364383, -0.02886553399676137], [-0.4618561029956439, -0.09209460059969495, 1.051431620259376], [-0.36067922973728805, -0.43848923609548385, -0.5698061398903578], [-0.6097153393848335, 1.0776388892320212, -0.345914713115093]]","tensor(-3, dtype=torch.int32)"
"['Bi', 'Bi', 'Bi', 'Bi', 'Bi', 'Bi', 'Bi', 'Bi', 'Bi', 'Bi', 'Bi']","[[0.25136926725135833, 1.2834519409084058, -1.6184187673128543], [2.061290903857527, -0.053373978708212144, 0.27773359728447167], [-2.06146575934189, 0.05329683914825012, -0.277757929318446], [-0.251194411766996, -1.283374801348445, 1.61844309934683], [-3.2084216709432796, -0.028265474836744797, 2.6097768824274516], [-2.707630067093624, 3.5264408913916174, -0.49813517618331704], [-3.8466668573351104, 4.64727459650331, 2.1154616218061824], [-1.7177894759356351, 2.4436384536118982, 2.197046543644552], [-5.746940870497638, 0.6515997039445485, 1.2167852631821814], [-4.674564941132935, 1.5731862673019141, -1.4007767081887623], [-6.383663293562924, 3.260920075240267, 2.4887313299715914]]",[-64250.18359375],"[[0.14255155094070832, 0.36710359732647363, -0.3823260276741694], [-0.22437726269649222, -0.23798051422458502, 0.24931517733853836], [-0.24596585082570746, -0.4930139309907621, -0.8496796150583084], [1.248914049196736, -0.8638500008344131, 0.774533941531035], [-0.08874501697640617, -0.020506518198351947, 0.4531721458583449], [0.05492054215624444, 0.2672150017284174, 0.18687348580184462], [-0.11655763222601974, 0.23805193950978665, 0.12867673934699297], [0.15050716557289878, 0.5510499319873414, -0.18621584867265564], [-0.5428763905310441, 0.22896694148027213, -0.2299408758947564], [-0.4211762920367827, 0.1693708970694044, -0.258571050978366], [0.03941843219466598, -0.2378775157751546, 0.10701667451048455]]","tensor(-3, dtype=torch.int32)"
"['Bi', 'Bi', 'Bi', 'Bi', 'Bi', 'Bi', 'Bi', 'Bi', 'Bi', 'Bi', 'Bi']","[[1.046960999698691, 1.7082202056248235, 0.20008930517022916], [0.20946542295517823, -1.3315437291795278, 0.28836427260534353], [-1.3768857296498376, 0.8181660058189181, 4.218787148402534], [-1.7369243309224327, 2.503779189380561, 1.8673325301189403], [1.4132675672727635, 3.5824787919120853, 2.414673227976343], [0.771052626032145, 2.3492280557616634, 5.166787570662328], [4.4151698324025554, 2.6711409959720838, 3.2140770345301455], [0.055583538778456745, -1.7369969623892116, 3.1772545684114255], [3.8875195595750465, 0.4291620781657791, 0.9940842387523788], [3.6012159065108276, 0.7876817315494652, 5.3773685826742375], [3.018024616668207, -1.32857478921943, 3.231486726977076]]",[-64250.9453125],"[[-0.2519153353991717, -0.6117341707001793, 0.02535149738239751], [0.07389544821474132, 0.3593938317141169, 0.15244418434054435], [-1.1352516864149147, -0.6652213734757831, -0.5212528868016475], [-0.0777056195122928, -0.014399954561744867, -0.07278725071914735], [-0.017894322226080204, 0.026156361101982984, 0.6123157545559248], [1.427363619378391, 0.6514243120845334, 0.059341916434290085], [0.3095096206290974, -0.33795549893649207, -0.3117481271196639], [0.06099688502963123, -0.024804839411251833, -0.30502597419815103], [-0.1292217106735349, 0.3915968651426462, 0.2713601365305069], [-0.4253305799711731, 0.18070010944165046, -0.12810873092342417], [0.16916577434610036, 0.032345174374068815, 0.21720254394700284]]","tensor(-3, dtype=torch.int32)"
"['Bi', 'Bi', 'Bi', 'Bi', 'Bi', 'Bi', 'Bi', 'Bi', 'Bi', 'Bi', 'Bi']","[[0.46757492701756975, -1.6436633305907562, 1.1872064870216619], [-2.025530196796897, -0.4306877882503676, 0.20159457806555792], [2.0256915839210867, 0.43072586726905393, -0.2016926657023006], [-0.46773631414175987, 1.6436252515720713, -1.1871083993849205], [-1.904547656769231, 1.4101846770426725, -7.329659705759589], [-2.320446166096891, -0.7379861301065138, -3.1156073143078595], [-3.2082320816836414, 2.180326417321631, -2.8330311827817702], [-3.908936433442938, 0.6085631064040167, -5.369438240144978], [0.4038770638366489, 1.942669507215656, -5.531227818240825], [0.45829924436586467, -0.5992188882595477, -3.986305744858502], [-0.8608085844259877, 3.7553931965994365, -3.544668461478641]]",[-64249.87109375],"[[0.022885437852180827, 0.26047886199799536, -0.24977597070116733], [-0.720332485903415, -0.6725423366537199, 0.9539780149638053], [0.8492044749321291, -0.3275318295969317, 0.5543476307202281], [0.7222279041989742, -0.8201885313175026, -0.7758853140977007], [0.13776826798213784, -0.009953064641858292, 0.19989242810333846], [-0.371598453773384, -0.04198232225410951, 0.37484812427273706], [-0.7748548153824807, 0.11357787628535877, -0.24154092842334293], [-0.3201955426357047, 0.11002034172372922, -0.35032081503193996], [0.12490857989826061, 0.04629295905794228, -0.1949378067356306], [0.38743393829687073, 0.5156267957621162, 0.3479466570637912], [-0.0711434407176786, 0.8252078416764153, -0.6175968033609687]]","tensor(-3, dtype=torch.int32)"
"['Bi', 'Bi', 'Bi', 'Bi', 'Bi', 'Bi', 'Bi', 'Bi', 'Bi', 'Bi', 'Bi']","[[-0.5948593340432023, 1.8787851163769922, -0.6678499522441161], [-1.1788051998273976, -0.8933162925663449, -1.4633212994024618], [1.178868275603283, 0.8933450308630242, 1.4635010563405773], [0.5947962582673179, -1.8788138546736735, 0.6676701953060014], [3.1912129834607956, 3.2213662035155646, -6.201433641541094], [2.9668097011568295, 3.0109255942003754, -1.4631634021508515], [1.9009369565453773, 0.38402308089233284, -2.624137004076986], [4.303045729322528, 1.7689022602585889, -3.9305712186733057], [0.4821261231584, 3.8494524573777045, -5.146408485367404], [1.2108370354600215, 5.076072019254283, -2.535790271548455], [-0.39182885562114267, 1.153662627392037, -4.251570551143387]]",[-64250.1328125],"[[-0.1313178808146139, 0.5353944762064687, 0.006141489521206746], [-0.18211827930527563, -0.7519030790276287, 0.0007328542794235343], [-0.04276796953807234, 0.22530620278084587, 0.163407785641672], [-0.22691982801455843, -0.1559135814372095, -0.10459273995768843], [-0.1723948245867307, -0.33843480425208905, 0.05453364233921278], [0.06231719865298378, -0.12166009210701385, -0.24055007614072957], [0.39820074725353, 0.03663817854269955, 0.1510294597570549], [0.41284719875346243, 0.1876301618794125, -0.27358043960065476], [0.05230007236943782, 0.48040528555796785, 0.12997386160704394], [-0.07581966288158401, -0.008177182140381033, 0.10206601264382821], [-0.09455057111554407, -0.10253246243653077, 0.004815572432534946]]","tensor(-3, dtype=torch.int32)"
"['Bi', 'Bi', 'Bi', 'Bi', 'Bi', 'Bi', 'Bi', 'Bi', 'Bi', 'Bi', 'Bi']","[[1.0139325528302618, 1.7169543804545295, 0.25390794290531915], [0.11822885015326226, -1.1580144397261192, 0.1546594414621126], [-1.4041166494676287, 0.8325770259922064, 4.134755493572271], [-1.8295991534988647, 2.503680001661093, 1.7181633368744191], [1.5118110036794654, 3.59307171888803, 2.74731386291936], [0.9831929952435001, 2.528618219545649, 5.2526022306255316], [4.46628921241195, 2.7359071199611043, 3.1313169189739787], [0.16271129217592634, -1.5918868259873709, 2.965861854997581], [3.9130231412449312, 0.5176961810891884, 1.1914832008350718], [3.5638469305809424, 0.9691731937882834, 5.444153883513214], [3.100026974731677, -1.3331875696895008, 3.1901783396246053]]",[-64250.83984375],"[[-0.12542028113155165, 0.24060844021467043, 0.4139972538316008], [0.10770074259474452, 0.21119700929371873, -0.32871824009381556], [-0.03508452175218508, 0.5267236831246136, -0.30162764243204643], [0.29895209958515995, -0.3897119883758605, 0.3226848346668963], [-0.04144867407213301, 0.5060562189218323, -1.8710473094767015], [-0.5288510150531889, -0.8763589388316378, 1.1654230844272955], [0.303400830415925, -0.003245785046113417, 0.3300788686369652], [-0.2781113429337612, -0.20544369999962395, 0.4476834032254181], [0.14441724726733543, 0.5161523295380417, -0.912759094796842], [0.1352815470555252, -0.42079998517061606, -0.37624994191124045], [0.021350843231014254, -0.10545220879632042, 1.103271259220826]]","tensor(-3, dtype=torch.int32)"
"['Bi', 'Bi', 'Bi', 'Bi', 'Bi', 'Bi', 'Bi', 'Bi', 'Bi', 'Bi', 'Bi']","[[1.8629760368272463, -0.9266522035970158, -0.01872643336945612], [-0.8832942659500234, -1.762534812589417, -0.6649565377825071], [0.8833325040207599, 1.762723568445043, 0.6649514312265887], [-1.8630142748979845, 0.9264634477413907, 0.018731539925374435], [1.18641893864947, -1.9036353605921406, 6.990926773867314], [-1.6034828388577518, -2.4120097856756777, 3.1825346642714503], [1.125230215914407, -3.671124391459837, 2.5881301717615086], [-0.11384146484407853, -3.954942997110665, 5.377204502752306], [1.6898840504427213, 0.16012683467626232, 4.9090693047544685], [-1.0343396310125672, 0.3930180542847188, 3.736333352019806], [3.0349621571728194, -1.481944898748571, 2.8291221059062504]]",[-64250.453125],"[[0.22105513847010602, 0.2951973098802378, -0.16499801382371665], [-0.3847414775818551, -0.04666693136115126, -0.21539505742804183], [0.6588373208063946, 0.13516641299248242, 0.3742428862548659], [-0.7654481721701469, -0.5555323957101815, 0.4495948137914579], [0.20354756179478276, 0.3856488718098377, 0.0027984889540817637], [0.04928701034006189, -0.1830864030234116, -0.1592109202154552], [-0.18348255881692724, -0.17489707498499987, 0.10448465072119181], [-0.22376482558580016, -0.060990714378641876, -0.35204736317875746], [0.39617528248837053, -0.09334971101092682, 0.28539960166145445], [-0.30178576536364826, 0.3705923805516636, -0.7475820806723429], [0.3196017717442554, -0.08352603463589668, 0.43029882819314896]]","tensor(-3, dtype=torch.int32)"
"['Bi', 'Bi', 'Bi', 'Bi', 'Bi', 'Bi', 'Bi', 'Bi', 'Bi', 'Bi', 'Bi']","[[-0.35477986281381846, 1.57139595463019, 1.3170272215273995], [1.8610378575439408, -0.3137494696296398, 0.8757878088240771], [-1.8611587051431577, 0.31377948338700723, -0.8759348191370909], [0.3549007104130356, -1.5714259683875589, -1.3168802112143871], [2.6676713089446284, -0.7265500421064788, 4.566879409457497], [0.6146393137410896, -4.9857697278344935, 5.002716810361232], [0.9123175997973484, -4.328302177626875, 2.025522613649569], [3.129942792461391, -3.547648497029063, 3.992120078967232], [-0.2917549694947027, -0.6135980860872521, 4.291634069393133], [-1.0677158476461246, -2.861943225755564, 6.078746670802834], [-0.6400890850179547, -1.8925917159002252, 1.6318119550827652]]",[-64250.59375],"[[-0.07209490367814334, 0.6107669211576003, -0.09765852233050859], [0.4336857956770149, 0.17152229453683795, 0.6205093506279374], [-0.06854909335339353, 0.2664515893568528, -0.5742109562549154], [-0.438955120245179, -0.09479719146675138, -1.2745356205463094], [0.02756477619483586, 0.20872885174216568, -0.06808963696514554], [0.13251637550301854, 0.001181944488230339, -0.19022764599128383], [0.46460055144524465, -0.7414345696242124, 0.3431742755886352], [-0.13337538154282633, -0.07737734087965989, -0.0836935163881657], [0.22230058152812124, -0.055954023352775814, 0.7263473279552747], [-0.2758507249438163, 0.046714337387376875, 0.2347257015160742], [-0.29694319273348857, -0.31780770639119627, 0.3710986310432474]]","tensor(-3, dtype=torch.int32)"
"['Bi', 'Bi', 'Bi', 'Bi', 'Bi', 'Bi', 'Bi', 'Bi', 'Bi', 'Bi', 'Bi']","[[1.0844317788386573, 1.6745836334768207, 0.2916846419831976], [0.15152445047435498, -1.40788699841789, 0.46260033323629524], [-1.491618131950208, 1.0043253713562545, 4.178348360291239], [-1.797306932050897, 2.2821451056861393, 1.9423950567904638], [1.4715573542896712, 3.41933276425548, 2.5370999740463236], [0.9086259973109717, 2.385391167450811, 5.084495842406835], [4.556937744295497, 2.40732108835534, 2.9993605978197713], [0.23321864932567316, -1.8425485872556757, 3.043123166637764], [3.799699308698142, 0.38163273866017255, 0.986602898079342], [3.528894015440878, 0.912598108424068, 5.431935250698342], [3.0037125963352533, -1.280184477718048, 3.242262293181945]]",[-64250.015625],"[[-0.5424778693213158, -0.839199792794745, -0.5234450105656108], [-0.04914052936999326, 0.8237083734860056, -2.90367901305522], [-0.11881115396732692, -2.243174588039872, 2.461928793600236], [-0.21047134073737228, 1.6263151774721296, -2.848166294092365], [0.4911194382928514, 1.1505075925442279, -0.7049079153137269], [0.2028117116643039, -0.07199216233917081, 1.4270885111884495], [0.05604534898741806, 0.4637367117288286, 0.4957134879544154], [-1.072641690372487, -0.3668205701344292, 2.7605106541260356], [-0.020152096574360855, -0.16013960318935094, -0.6337140295242103], [0.10399866053368968, -0.31471991263613025, -0.32449046999056047], [1.1557372192576938, -0.06260284837169867, 0.7995168505032118]]","tensor(-3, dtype=torch.int32)"
"['Bi', 'Bi', 'Bi', 'Bi', 'Bi', 'Bi', 'Bi', 'Bi', 'Bi', 'Bi', 'Bi']","[[1.1787894914217683, 1.833800501480763, 0.38046183592456395], [0.30427265924134683, -1.0417774899161427, 0.15676625180121628], [-1.4996337690033172, 0.8076726146079832, 4.1111401628703295], [-1.6296936410415146, 2.4385663134366373, 1.7704547584272892], [1.6428817632344381, 3.557794131248018, 2.4668530259961874], [0.9101017923678472, 2.331002450424271, 5.176169681645116], [4.488950343234268, 2.4476672808013866, 3.2760891705814297], [-0.0007341974224314013, -1.7359867470985204, 3.1391394744139722], [3.791878186175546, 0.5100839872884229, 1.1068091514649354], [3.6450653446610666, 0.9681898226700779, 5.451229094084565], [2.975569801890693, -1.2740269899186785, 3.3568742782360443]]",[-64250.58984375],"[[-0.7442391304988677, -0.9709601607073861, -1.5986758032490418], [-0.034944180579850846, -0.33017543932494836, 0.8570350310376023], [0.07278925618071888, 0.04223721641985169, 0.14574049194990793], [-0.2570469516060904, 0.3419380370850124, -0.10816703812117236], [-0.11930336622790996, 1.1602253394106077, 1.8206917120781883], [-0.03031723106409531, 0.17688639001978013, -0.21422710746203438], [1.1126763597704126, 1.4030779939680096, -1.0032012979057747], [0.32213266424753345, 0.15873187201031605, -0.9023934295765813], [0.4178727826075477, -0.7345681777358237, -0.1913688050475792], [-0.7430075714055785, -1.1771416648769688, 1.0620117156015163], [0.007235119138256727, -0.06838515972544337, 0.14402294266911658]]","tensor(-3, dtype=torch.int32)"
"['Bi', 'Bi', 'Bi', 'Bi', 'Bi', 'Bi', 'Bi', 'Bi', 'Bi', 'Bi', 'Bi']","[[0.9302722234965842, 1.7651444831032144, 0.28018980475741173], [0.13541359297623154, -1.353090393254648, 0.35542877136500967], [-1.3874551511467714, 0.8060588894353073, 4.251137168664792], [-1.6773572229239673, 2.519997641889044, 1.8652903301385235], [1.4511221495062858, 3.74670708371084, 2.639282666047668], [0.884461941231739, 2.3703333695903748, 5.178202181753312], [4.757357131816184, 2.574549470197767, 3.0776527359588157], [-0.09366084976476377, -1.691959013456513, 3.081441931593128], [3.794554599078666, 0.37441763044808024, 1.110333038645601], [3.656711651632728, 0.9041966594723435, 5.26823853079462], [3.2283977898757215, -1.3424334828014504, 3.3276087137630395]]",[-64250.8671875],"[[0.034678292370929314, -0.1847048105116409, 0.48145146801111893], [0.05684321416033979, 0.5539120856045638, -0.910705296459223], [-0.5421734505391751, 0.051880982323078445, -0.26873046218930785], [0.18083067013216658, 0.014204848861880233, 0.08922951592325255], [0.055560232975472745, -0.29350269485229014, -0.60255841267903], [0.5617884073715413, 0.0721615981309198, 0.3378929696731334], [-0.33340243268191555, -0.06828144136673088, -0.26258469949229096], [0.7462147672572882, -0.4449909939324941, 0.7682326784290868], [0.04329684060774125, 0.6732303642390314, -0.49678095915347975], [-0.04937046325248356, 0.01815053279736678, 0.2841307101296798], [-0.7571604736705467, -0.3948333201644637, 0.5761696237231152]]","tensor(-3, dtype=torch.int32)"
"['Bi', 'Bi', 'Bi', 'Bi', 'Bi', 'Bi', 'Bi', 'Bi', 'Bi', 'Bi', 'Bi']","[[1.0119439349283657, 1.9566536824465948, 0.33385037577152554], [0.030263279417155148, -1.2298603438203737, 0.11706985318272967], [-1.4103585748172187, 0.6837060202581788, 4.172590974738735], [-1.6714280335304874, 2.6611508814493825, 1.9525921497519918], [1.4862775540007864, 3.6122953275464873, 2.4245475554611087], [0.9539515357909765, 2.46515342057867, 4.957268072832537], [4.566996414953749, 2.4583040735663904, 3.0376834082803854], [0.023659698032977905, -1.8840602235891424, 2.9830910671468076], [3.819097976154478, 0.3335932226255351, 0.9778327415044141], [3.515946883317866, 0.7556083293126117, 5.371432726569712], [3.141337666087427, -1.3591839132005714, 3.411100945756046]]",[-64250.6015625],"[[-0.4997211200836258, -2.168426921501411, -1.7756788699946118], [0.19423687220533312, 0.4786354914321334, 0.569598908861299], [0.33627327663261464, 0.4031355711159804, -0.24534323214088297], [-0.10538412594707136, -0.24788867709607754, 0.0989682430029961], [0.717754696452618, 1.77458409366492, 0.7888138563622006], [-0.38133466117064024, -0.8470478324113545, 1.1250438870157982], [0.08960967944628752, -0.11535358395172467, 0.26546947882980765], [0.27321945651777835, 0.31815084600829513, -0.3984260274367325], [-0.29875247902565477, -0.03662440770657501, 0.2567644900570534], [0.026486218392827342, 0.7873575827287161, 0.10865415959468921], [-0.35253535882783116, -0.34645577636267494, -0.7959209036391736]]","tensor(-3, dtype=torch.int32)"
"['Bi', 'Bi', 'Bi', 'Bi', 'Bi', 'Bi', 'Bi', 'Bi', 'Bi', 'Bi', 'Bi']","[[1.4733542089766463, 1.464447921135001, 0.11972619055442113], [-0.7673766056061455, 0.9115889555931371, -1.7055918750388388], [0.7673667510278619, -0.9116642457922093, 1.7057689379463343], [-1.4733443543983638, -1.4643726309359302, -0.11990325346191633], [-0.3997582368637803, -4.317967732275449, -0.5996195128539314], [1.5108891693180921, -3.810090407819585, -4.916717387260189], [0.45354451905624565, -1.0937520520285129, -3.974332405461399], [1.8001009366956209, -2.9867726834711075, -1.974820975684142], [-2.432062649253575, -4.35099093197695, -2.7711098496446414], [-0.8266284884873087, -5.551363011805815, -4.969434354130052], [-2.4075075196484312, -1.4922860735778105, -3.5829094672161412]]",[-64250.66015625],"[[-0.019229568824826973, -0.15992069934550407, 0.466079605065298], [-0.038735171437243775, 0.13667009779440156, 0.045028788074174396], [0.8678352129316956, 0.293452044092086, 0.3481227777274453], [-1.03621993712882, -0.14727112192781386, 0.2745135962965178], [-0.05527298917191894, 0.5487451938428227, 0.08611801658396917], [0.3036210198120613, -0.16372254026421995, -0.11902908079143378], [0.43240291733633096, -0.26634663686794247, -0.10934362699856488], [0.32227839445506506, 0.2981102171018476, -0.4570886580412794], [-0.21885118762507988, -0.09954746144252888, -0.4234702829641616], [-0.2207575588261451, -0.21546452867376348, 0.04290253086731322], [-0.3383160192205443, -0.2240789117211576, -0.15137131382186433]]","tensor(-3, dtype=torch.int32)"
"['Bi', 'Bi', 'Bi', 'Bi', 'Bi', 'Bi', 'Bi', 'Bi', 'Bi', 'Bi', 'Bi']","[[0.9418868757468196, 1.7708335877265153, 0.6008353180484667], [0.23637198725728678, -1.2741627027440072, 0.23622183566532282], [-1.3482722809811416, 0.9151889792354071, 4.125569730823839], [-1.7286223598392196, 2.5780005806102437, 1.9157932336702344], [1.6464771748774238, 3.732781721248716, 2.4117777490905117], [0.9069589463979538, 2.2364479196437363, 5.2013727596371355], [4.584851917276868, 2.4332606775694336, 3.2044388163227535], [-0.0026354462244737586, -1.776610556575819, 2.794519653107735], [3.629682737026962, 0.4488278835074099, 0.9852413892129261], [3.4438430643116633, 0.7716860392133725, 5.379848494272397], [2.972786425476548, -1.424498645785013, 3.3380332121747784]]",[-64250.3046875],"[[-0.4146143703526264, -0.6899888238842488, -1.7477762146626457], [0.1303301138574952, 0.5564117134761626, -2.597372525932598], [-0.7774146071012255, -1.1722020587600017, 0.27404652943871627], [-0.1448428679193252, 0.5031603838346264, -0.4813062006024116], [0.23478673953877707, 0.6140008564969305, 1.850309808385191], [0.426753532089315, 1.3022017342570178, -0.16941954236803702], [-0.04313011990242758, 0.07277928029495277, -0.2747055035422863], [-0.1851602559767458, -0.5616238566784922, 2.743897204779068], [0.22723303997435904, -0.43504220760865503, 0.5306821557342757], [0.463900851045145, -0.37786469843096776, 0.1289189888204162], [0.09257231183045307, 0.1831854933938821, -0.2574672757826477]]","tensor(-3, dtype=torch.int32)"
"['Bi', 'Bi', 'Bi', 'Bi', 'Bi', 'Bi', 'Bi', 'Bi', 'Bi', 'Bi', 'Bi']","[[-2.035475731093603, 0.3150553673123907, 0.2954545027362353], [-0.4106857750344809, -0.9704137800146544, -1.794028765859538], [0.41076474386887163, 0.9704312269473131, 1.7942036273125113], [2.0353967622592135, -0.31507281424504974, -0.2956293641892088], [-1.649670731563016, 3.4690557895225327, 1.1316237890504737], [2.9404413144156503, 3.6904169309358856, 2.326495160823483], [1.662827367228962, 6.436751037808709, 2.784657579491906], [0.08650674820493509, 3.8900872782720985, 3.436197491289767], [0.04783822068481092, 4.622545401701724, -1.0211992670194328], [2.5905805775639132, 3.161979115777518, -0.5190538373245375], [0.7024276201831823, 7.26926372867101, 0.16125997399619973]]",[-64250.29296875],"[[-0.9340817792905082, -0.4018820547895874, -0.4038406194136041], [-0.27671178786728723, 0.029681330053016295, -0.04209657185717715], [0.3702677528875327, -0.4757338456485791, 0.5726441251245385], [0.04498322295882728, 0.32148479731574425, 0.08958479115396384], [-0.21437540877414488, -0.2631649463736553, -0.36091242892259356], [0.2077909127917859, 0.041467047185453784, 0.07664925548500927], [-0.11238416385147085, 0.12813480192385415, 0.08214787115951905], [0.433024610423507, 0.29202425829733575, 0.630522260299974], [0.38120682585097776, 0.0929397740968683, -0.4276497163013335], [0.2242350806132795, 0.31264210018174454, -0.19460176336716944], [-0.12669616606778097, -0.08797260573881548, -0.019175123114264357]]","tensor(-3, dtype=torch.int32)"
"['Bi', 'Bi', 'Bi', 'Bi', 'Bi', 'Bi', 'Bi', 'Bi', 'Bi', 'Bi', 'Bi']","[[0.9174868872277503, 1.6132441080020765, 0.38645428933970993], [0.11915475713487157, -1.0931495015951733, 0.14835192375893508], [-1.5162088408474717, 0.9598247498740831, 4.105336704610046], [-1.6530542947192788, 2.553228317341012, 1.8201610592048605], [1.4588716944930695, 3.699236319302099, 2.64111941951882], [0.9793324556093588, 2.383048903647581, 5.2180706103508205], [4.4723032892524675, 2.798431252379334, 3.1733607347297803], [0.03453740270806592, -1.5540968661126486, 3.1903967175989068], [3.810104571729254, 0.4596152178976421, 0.9127196239469688], [3.643718361770314, 0.8856262107320977, 5.433811741076117], [3.0161241895275306, -1.1873596122484897, 3.3443268705995908]]",[-64250.82421875],"[[0.4533073859591947, 1.3313205220548001, -0.2417373093910787], [-0.19367230906190003, -1.0480537030636279, 0.8047557331931618], [0.06915499985845519, -0.3016469257163881, 0.6666401089824157], [-0.5813406292521826, 0.4465716061834136, -0.5325343794729094], [0.16205954982259266, -0.26562014555813074, -0.3114726075529898], [-0.06703702675054721, 0.019573618612946812, 0.2647829939072436], [0.05542972370704819, -0.6094608000315233, -0.05616500819451969], [0.11559999861456566, -0.10760149795799931, -0.75230365712102], [-0.10687603509001917, 0.31311821732766376, 0.7948811489474696], [0.02002727973147397, 0.369553808568066, -0.3212125173408396], [0.0747656128484215, -0.1566279885555004, -0.30832902082856184]]","tensor(-3, dtype=torch.int32)"
"['Bi', 'Bi', 'Bi', 'Bi', 'Bi', 'Bi', 'Bi', 'Bi', 'Bi', 'Bi', 'Bi']","[[0.8191706104468717, 1.8088984485984545, 0.10039530911016029], [0.24183797153699088, -1.3327500413671036, 0.248471959997598], [-1.4118468502260526, 0.6733153090501012, 3.9918292334795438], [-1.7789779342681826, 2.4583328622433616, 1.8451393585561298], [1.2986157341974816, 3.542308048122892, 2.620350413135377], [0.9552572376310593, 2.2968316575653747, 5.291015346081744], [4.710646790757019, 2.483125626223604, 3.04205359991504], [-0.09681487098032429, -1.9357901996827545, 3.0075100114893036], [3.7592061383802906, 0.5551762957271509, 1.086060976790559], [3.4728004918787563, 0.8569105321010237, 5.438454519076974], [3.0818792305653524, -1.2981329662419205, 3.458855726432258]]",[-64250.66796875],"[[0.2137498076080089, -0.5343392948872915, 0.7708125247635469], [-0.016665277673069145, 0.45288587907453115, -0.39739953964465574], [0.018208598623176475, -0.11146802786792008, 0.882709567141501], [-0.01724945834443917, 0.37793411825459783, -0.5171010671276529], [0.12443061155704459, 0.1237482404018067, -0.4320185372017866], [-0.8754785926238253, 0.021950985319610043, -0.34397646021724954], [-0.36767345694533926, 0.3571100737829619, 0.9723927801787446], [0.7179506146215295, 0.19935640422073106, 0.12593121103346905], [-0.42080168209963814, -0.9624343779237807, -0.22399416811423734], [0.985227734236573, 0.17294997748740504, -0.027764504740733335], [-0.35753898544881263, -0.08553458153292702, -0.8022694750653734]]","tensor(-3, dtype=torch.int32)"
"['Bi', 'Bi', 'Bi', 'Bi', 'Bi', 'Bi', 'Bi', 'Bi', 'Bi', 'Bi', 'Bi']","[[-1.621905244146255, 0.23451656367074714, -1.2822402504622286], [-0.05418478447280217, -2.056995346572532, -0.30779713497705385], [0.054187614941814344, 2.0571558325806567, 0.307903686512198], [1.6219024136772442, -0.2346770496788716, 1.2821336989270855], [-0.9730419334808217, 1.740100663764214, 3.5955037961443357], [1.2473295967301237, -1.1629042246164984, 6.626734541322834], [1.8731003451329218, -2.052501928539768, 3.7628930439426367], [1.701228432568465, 0.9336192353903876, 4.432465814269247], [-2.4540519058518053, -0.7978993132751144, 4.055816317589335], [-1.6510772299115337, -1.3682428733678018, 6.863107270602295], [-0.7147941487274927, -2.715257302419263, 2.5961808025849833]]",[-64250.24609375],"[[-0.2920964034918194, -0.09604258310267502, -0.2791705351760815], [-0.34225428294821614, -0.6495664319158262, -0.6696385311423194], [-0.05765712302583381, 0.021049211526236972, 0.4669744523029355], [0.8571759275685255, 0.7729866507954579, -0.9764258148211945], [-0.13149919510951733, 0.31965730760315947, 0.11347333517318102], [-0.009852035658535313, -0.1049672984727414, 0.035252384027931766], [0.5191219553266619, -0.051395352090217346, 0.7256186769176168], [0.32004821834333425, 0.2798884904186913, 0.6564384802342884], [-0.21776479309631488, 0.33952839787367495, 0.07073262962806326], [-0.08617488941725426, -0.011274725524010196, -0.2539616261114202], [-0.5474812388318394, -0.8251836732933737, 0.11026691065284494]]","tensor(-3, dtype=torch.int32)"
"['Bi', 'Bi', 'Bi', 'Bi', 'Bi', 'Bi', 'Bi', 'Bi', 'Bi', 'Bi', 'Bi']","[[0.8735987524834529, 1.5373176043391306, 0.22223915478432238], [0.1524613207068302, -0.9798299724207482, 0.3688560247293376], [-1.4892944078983794, 0.8342589935874918, 4.189888228094284], [-1.7769775184203902, 2.5328497321633248, 1.7377901780449723], [1.727301688784873, 3.6890252627863958, 2.435946870583667], [0.9570783683926686, 2.497459857999377, 5.293948568341656], [4.614515442642938, 2.5199950607874637, 3.110913446371684], [0.0955344772453767, -1.8287608047058732, 3.101181348759084], [3.842599420538222, 0.5583665126050859, 1.1249602297699226], [3.5281504145122335, 0.7306202652934798, 5.212634400027085], [2.9760232455787508, -1.3233083628828053, 3.408385689066046]]",[-64250.08203125],"[[0.9957445804060724, 3.5295228914634427, 0.3352348589152918], [-0.9742974544507879, -3.2060311413355067, -0.29515519518723554], [0.5136761501402025, 0.5320304429754465, -0.4149792615144627], [0.10724570850637223, -0.3396947997620208, 0.5152272461105565], [-0.5797136342746597, -0.5732982141294087, 0.558853748605194], [-0.05191106424665148, -0.12620822184079886, -1.1157529435095146], [0.2093060647201269, 0.6979679898343818, 0.46316587509022294], [-0.5446185709937013, 0.19654464425325488, 0.29303809625488436], [-0.20569710806691952, -1.1359140029544372, -0.45267088330964417], [0.24796056518010334, 1.2985682492661277, 1.5457516723762152], [0.2896864557479325, -0.8713211165197571, -1.4367491795331777]]","tensor(-3, dtype=torch.int32)"
"['Bi', 'Bi', 'Bi', 'Bi', 'Bi', 'Bi', 'Bi', 'Bi', 'Bi', 'Bi', 'Bi']","[[1.1076190685938632, 1.711731026170635, 0.28978982646384815], [0.16728108478527753, -1.2632980315716202, 0.19990794029515024], [-1.5021935344671347, 0.912331204932043, 4.13950166600913], [-1.9207628113946755, 2.5339336732986557, 1.8232286008336407], [1.4326268796288208, 3.701318549651367, 2.6552075694656345], [0.9850186556830015, 2.2015057214647946, 5.266400049285508], [4.521091671631352, 2.429449808200999, 3.2493711951730804], [-0.028245966409525106, -1.6381489616045928, 2.947567826317014], [3.752432230928787, 0.3315686223946676, 0.9712646767005609], [3.651726450305622, 0.8849524544960616, 5.4710608976114425], [3.126296556886061, -1.3385666178564417, 3.3154506682017364]]",[-64250.8359375],"[[-0.4155583771098123, 0.2553858637818516, 0.24013623114771113], [0.15976463329756532, 0.45865754605531917, -0.6501942956539916], [-0.11958870741407539, -0.2986219697572302, -0.042380473224778385], [0.5245022487684511, 0.10290774086086585, -0.07164758290350771], [0.022123737836265787, -0.7775878995498429, -0.09475811067715222], [-0.24505208025836925, 0.5757469341303454, -0.1442187065717534], [0.26498575121433493, 0.6424537282087797, -1.0888540474051476], [0.4602116245069846, -0.21556017376409828, 0.8926067771074874], [0.14137393362148426, 0.364015392194675, 0.21942294986133387], [-0.20651240532888615, -1.0560426392111608, 0.3186775624923269], [-0.5779873946603917, -0.06064767760572612, 0.42475336699321187]]","tensor(-3, dtype=torch.int32)"
"['Bi', 'Bi', 'Bi', 'Bi', 'Bi', 'Bi', 'Bi', 'Bi', 'Bi', 'Bi', 'Bi']","[[-0.4902063935338199, 1.0614355546036829, 1.7212689954484846], [-0.9351649276749037, 1.451235748026664, -1.1611573040229213], [0.9351993165572222, -1.4514154257898515, 1.161217721786775], [0.4901720046515019, -1.0612558768404965, -1.7213294132123398], [6.190001313259656, 1.4481541022875182, 3.59361126834367], [4.276527433428082, -2.737177909586933, 2.424226555671973], [4.041339417763611, -0.8364960988692467, 0.033273507577185946], [6.564466174592784, -0.7987009006296459, 1.7731557296616969], [3.2275423822540628, 1.4206501135319227, 3.8578131832131874], [2.7942088202578765, -1.43510840002605, 4.570419622910341], [2.426268500509465, 1.391059054704559, 0.9961878449507813]]",[-64250.79296875],"[[-0.7564930149218664, 0.3870986148376917, 0.2313126630317784], [-0.2593843427787611, 0.11756211136290122, -0.1808997814232472], [0.10229165278167178, -0.43563196757696127, 0.12263767749000011], [-0.14135778708472882, -0.12071341140106587, -0.4313673792561365], [-0.0470436136085864, 0.12288908009572418, 0.02543897150238057], [0.2997128380079625, -0.0006116097292385611, -0.03696965562942861], [0.37458129503953963, -0.5995887868904098, -0.1897996085009899], [0.25140990766105314, -0.1665210847541606, -0.0316495517458313], [0.2046202266250964, 0.04838479945891041, 0.4080583622090015], [-0.18451650281228282, 0.10759774414531412, -0.09596781538152085], [0.15582153589328515, 0.5368589773746055, 0.17953267369655881]]","tensor(-3, dtype=torch.int32)"
"['Bi', 'Bi', 'Bi', 'Bi', 'Bi', 'Bi', 'Bi', 'Bi', 'Bi', 'Bi', 'Bi']","[[0.8372946985390544, 1.859306934789592, 0.41428252385567044], [-0.31753865391094543, 0.5824715224721352, -1.9720043234665885], [0.3174868367587887, -0.5825421311726907, 1.9721759229833373], [-0.8372428813868984, -1.8592363260890388, -0.4144541233724195], [6.720103493382329, -0.8570832861576279, -2.431085286810781], [4.411329124095877, 1.799382482588275, 0.7561701902189761], [4.196584456783655, -1.1443059156532087, 1.5766240697383866], [6.808400152295328, -0.07865064549324594, 0.377630795102462], [3.7847214463335215, -0.7792511222990908, -2.904579142362927], [3.1624274902054097, 1.9414143231128558, -1.8742042746973626], [2.8239004824157234, -2.447327013281992, -0.6404764640085022]]",[-64250.50390625],"[[0.028521983002929834, 0.25480998777827135, 0.20683050238738665], [-0.3882537092808046, -0.24967081252389065, -0.2266690424739333], [-0.06337176290706208, 0.14042031093317325, 0.3293924351364926], [0.43398584358137154, 0.18234443366403497, -0.37375602189180696], [-0.2786513777395117, 0.09412145376132701, -0.2214827645836673], [0.20010562409502017, -0.3407279724260027, 0.4746604609089834], [0.07775575605158119, 0.4162130831797813, 0.07671882957491409], [0.20790512125718028, 0.03663016183862257, 0.21752105238223596], [0.1022588454872451, -0.4201870338390082, -0.08223204912343197], [-0.19626434243206412, 0.06867574596494974, -0.1365523926267799], [-0.11603065863153006, -0.19051360424254818, -0.2793896961303863]]","tensor(-3, dtype=torch.int32)"
"['Bi', 'Bi', 'Bi', 'Bi', 'Bi', 'Bi', 'Bi', 'Bi', 'Bi', 'Bi', 'Bi']","[[0.8703353751429694, 0.8238743905530992, 1.7010179372646266], [-1.4692025029053246, -0.8828157680038287, 1.1794003765515928], [1.4693418823969517, 0.8828173961866546, -1.1795333716881005], [-0.8704747546345972, -0.8238760187359256, -1.7008849421281207], [3.8651356421586334, 1.2105564992983258, 1.0046121867713775], [5.935135150671863, -2.9322704406010947, -0.04321123606645538], [2.904517233570544, -3.2242275901521404, -0.38185159082278775], [4.292562554230253, -0.6236374418142157, -1.2215231474003705], [3.79396536175621, -0.7187717344575674, 3.267210117631563], [6.314667646868152, -2.214202918022842, 2.7566338092691502], [1.7937203299330071, -2.670106050075379, 2.255711604398365]]",[-64250.25],"[[0.32837026680010833, 0.4375777795222667, -0.07379280971995196], [-0.7060962798500906, -1.1101731323524033, -0.9086787518301405], [-0.3446601169247769, 0.4182063062935215, 0.3272074590432587], [-1.0393284025647005, -0.4267449960221131, 0.445241316674295], [1.4325459377676053, 0.5136273505752952, 0.42230624107711406], [-0.1041162114350366, -0.18282615581793615, 0.014991030935595482], [0.049254588711322066, 0.007542448410780833, -0.10529814820995322], [0.36719564287039796, -0.17525445852146584, -0.2029511169545714], [0.47800932462299006, 0.09807766379895955, 0.08036131343183023], [0.029111095052882174, -0.0610790575319726, 0.24141633269544985], [-0.5017482303557157, 0.47388681554119483, -0.21154179441774815]]","tensor(-3, dtype=torch.int32)"
"['Bi', 'Bi', 'Bi', 'Bi', 'Bi', 'Bi', 'Bi', 'Bi', 'Bi', 'Bi', 'Bi']","[[0.07881752528362179, 2.0334851197815187, -0.4340976443909904], [0.8703979673174254, -0.4266673828762053, -1.8409962644907139], [-0.8705315877091317, 0.4266510475571268, 1.84113408955473], [-0.07868390489191557, -2.0334687844624417, 0.4339598193269748], [4.07069039276889, 2.3415820098963835, -0.49810500319877193], [3.29576419884656, -0.9002726707359303, 2.8835683352957107], [6.0341070585321885, 0.38957771991905255, 3.355082469797453], [3.6854105944382285, 2.101919975807286, 2.3823049140247408], [5.398123881090948, -0.2584917494724155, -1.0675422859928694], [3.48218838863882, -2.1198458116766283, 0.24222671863622658], [7.575083160473712, -0.21250542354252674, 0.9549681823733039]]",[-64250.5625],"[[0.37230139376525306, -0.33950217260697024, -0.10397274379953445], [0.4169219367121818, 0.3580461101159533, -0.12796212654033576], [0.007509671969609119, -0.17077333177300674, -0.08727799612578205], [0.06563361502720486, -0.32850684387533907, 0.6851150380445012], [0.044728627041216246, 0.003561273976129094, -0.0212628446056971], [-0.09484151730969147, 0.24583153632250615, 0.19123320499208846], [-0.29609215711787534, -0.0847689580114246, 0.1989525865355703], [0.028564457650573128, -0.035801104024949716, -0.06944193512945952], [0.30805653516529086, 0.566851940729211, -0.22793603138831964], [-0.8342612151196094, -0.047772820004833405, -0.13809304991254348], [-0.022640329310465904, -0.16326406089571194, -0.3030950746594032]]","tensor(-3, dtype=torch.int32)"
"['Bi', 'Bi', 'Bi', 'Bi', 'Bi', 'Bi', 'Bi', 'Bi', 'Bi', 'Bi', 'Bi']","[[-0.06722093556326358, 0.5996870301804136, 1.9913742770222511], [1.8533993142021687, -0.8861426266973824, 0.3294952962551857], [-1.8535238160735594, 0.8862581103707071, -0.32958628969020065], [0.06734543743465415, -0.5998025138537388, -1.991283283587238], [-2.8233794382093302, -1.81453636289105, -1.4782828931013563], [-0.243646118801224, -5.396820955684609, 0.2704480872436837], [-2.575914187161848, -6.5509542739227395, -1.346049103455097], [-1.1327901751037852, -4.032334380737486, -2.3302920481775606], [-3.9829396140036746, -2.964293240380109, 1.007718185034248], [-1.4958222065843585, -3.834196392861655, 2.3891877317935974], [-4.975940636164372, -5.573455534693082, -0.011122397607259138]]",[-64250.72265625],"[[-0.035343051459801815, -0.11934609798601116, -0.12538366860234826], [-0.12522734544395162, 0.07659557082140202, -0.0710341687730757], [-0.22016013696619374, 0.4892005715235328, 0.5532132593800211], [0.6764411596371516, -0.14554560222282792, -0.3357982393506186], [-0.5474066767990515, 0.024521133447598584, -0.2745928891617308], [-0.0880138462562609, 0.14699082010662307, -0.13133125055842412], [0.0452457738740054, -0.16508404298292634, -0.15966615999219377], [0.45089810670249814, -0.48782333364480357, 0.10689763236848186], [-0.049201027460734584, -0.2692713711706151, 0.5647642038111508], [-0.0739275355998859, 0.1514512751742679, -0.08824961654614528], [-0.041838073002815356, 0.2821221632326494, -0.04835713437364153]]","tensor(-3, dtype=torch.int32)"
"['Bi', 'Bi', 'Bi', 'Bi', 'Bi', 'Bi', 'Bi', 'Bi', 'Bi', 'Bi', 'Bi']","[[0.8517201224919146, 1.8400315554171596, 0.17616155686182783], [0.18164567586467106, -1.2365121703025455, 0.19640773105295967], [-1.5544496323653976, 0.7774939416965481, 4.1714066850552145], [-1.6365685081962182, 2.443938260621353, 1.7838954353585492], [1.5673502393907706, 3.833502292956827, 2.4659716078969414], [0.9568735956147367, 2.359718385252971, 5.398684517539231], [4.450796326820679, 2.4755819920033653, 3.0944290982074456], [0.1372384923428479, -1.7950429521964717, 2.964526788328768], [3.7731123588060274, 0.352814030887163, 0.956050708986828], [3.6643507296302773, 0.8355264371722145, 5.531330834238303], [2.936190452942457, -1.4298216544434457, 3.418490925903681]]",[-64250.57421875],"[[0.5153419173747751, -0.33204458093171113, 0.3727177070186672], [0.04734973446195843, 0.2221231753121777, -0.40441700963810007], [0.6716013123778455, 0.22763809178971767, -0.10632777274961627], [-0.43428332038114936, -0.010492055579149714, 0.2395833408190662], [-0.09135695069601087, -0.9168178404850806, 0.7833410031555713], [-0.009221544251490287, 0.03990599589817041, -1.2045758649546612], [0.15355834679876137, 0.01884817117159415, 0.12068857453083377], [-1.060912311283582, 0.051616055707269425, 0.36521044160294397], [-0.5493360336750521, -0.07218926321618867, 0.6895476223385109], [-0.40036314904856124, 0.026238194218519955, -0.5567783529891125], [1.1528616958966613, 0.7313717805233453, -0.29666818738773026]]","tensor(-3, dtype=torch.int32)"
"['Bi', 'Bi', 'Bi', 'Bi', 'Bi', 'Bi', 'Bi', 'Bi', 'Bi', 'Bi', 'Bi']","[[1.1317966162974997, 1.598077448670769, 0.374690620643821], [0.045586752839262557, -1.2712625143275469, 0.298437466910776], [-1.5581660528603765, 0.8953025193015061, 4.203365451738713], [-1.49324852659822, 2.4242016795845616, 1.6016292127762168], [1.3799782889283725, 3.6239223898997306, 2.389525924562391], [0.9399646698653792, 2.326368004078209, 5.218696485350425], [4.532766454247739, 2.6221653960134694, 3.121468951000753], [0.026618344585385284, -1.7621491586342395, 3.2629781394834376], [3.821176373931288, 0.49365684499419993, 1.0761981498028201], [3.6233605411951424, 0.937045664821583, 5.347573541245437], [3.026791768691287, -1.3251541375832732, 3.2068981619379526]]",[-64250.8046875],"[[-0.2885328525454753, -0.33295305502361683, -1.0765631390762127], [0.11120263845328686, -0.14134236045725548, 0.651741072168653], [0.25721772437222046, 0.18037944127857106, -0.5890236039548273], [-0.9595639967719057, -0.15734717792830802, 0.7102342155593593], [0.11951404253710438, 0.33003603403468085, 1.186227434237857], [-0.11849382824020006, 0.3745389746581711, -0.5342462209015355], [0.29575945618536675, 0.15634115612867922, -0.15696634591808256], [0.1070474249212481, 0.39723601739343817, -0.6716645615504863], [0.6048245842548653, -0.10733502867944293, -0.08470776572244697], [-0.1083806454895867, -0.5179022233144356, -0.10740095180084573], [-0.02721805245795397, -0.18552447865139163, 0.6775097107001391]]","tensor(-3, dtype=torch.int32)"
"['Bi', 'Bi', 'Bi', 'Bi', 'Bi', 'Bi', 'Bi', 'Bi', 'Bi', 'Bi', 'Bi']","[[1.6563801161398972, -0.868558669704334, -0.9119898287088053], [-1.0106872970941432, -1.815493422466826, -0.10676958116300433], [1.0107090771644236, 1.8156828869951536, 0.10674227143864834], [-1.656401896210179, 0.8683692051760074, 0.9120171384331621], [-6.066549382309304, -1.9833795104496676, -3.684937920817558], [-1.3212050464809186, -2.1059280285365793, -3.7969019319333857], [-2.327750939199738, -4.33792695591449, -1.9558132918799722], [-3.8510319205167707, -3.6790874936166706, -4.532697625652045], [-4.822645685797981, -0.6240855478949028, -1.3500405876826262], [-2.308790422043359, 0.3615719343670065, -2.5990216292374155], [-3.7931846582406603, -2.968022934527377, 0.1592581107866855]]",[-64249.9921875],"[[1.2673725231895165, 0.4066194178203789, -0.026424609584907933], [0.4991896213450773, 0.5848938957802111, -0.6339521138082157], [0.10274822953279139, -0.17167476103836624, -0.01733958584434765], [-0.27102399031786256, 0.556324810141396, -0.09902897249314954], [-0.01142119620966051, 0.13223504523999619, 0.15780000086674248], [0.0584167815847132, -0.6016821802385437, -0.015365635730530873], [-0.06362630226037239, -0.4309566195886127, -0.5227153310861212], [0.15312485856676017, -0.09647185472316681, -0.17658603358287397], [-0.4453636498301587, 0.02004822909158278, 0.005449003640555478], [0.05903744623005771, 0.05576396730230414, 0.9787470080350181], [-1.357736564719251, -0.4447705474258999, 0.3563106659472928]]","tensor(-3, dtype=torch.int32)"
"['Bi', 'Bi', 'Bi', 'Bi', 'Bi', 'Bi', 'Bi', 'Bi', 'Bi', 'Bi', 'Bi']","[[0.9700346160911801, 1.674928217825392, 0.19159695307588487], [0.2882841103582211, -1.283975187197816, 0.24984543673995685], [-1.456335199743526, 0.8432770947761323, 4.076922518705009], [-1.8149998367971965, 2.593029817881753, 1.922774844478551], [1.5465328594498262, 3.636170414301867, 2.541504635077847], [0.7800548652087353, 2.344341024346592, 5.052309263277503], [4.593385111060357, 2.4236562826169665, 3.1612596812756504], [0.04984730463192111, -1.7935289270993773, 3.2042821973306697], [3.808873529141238, 0.5131577077298116, 1.059894104749659], [3.712628940928917, 0.8132567162340782, 5.330126122186229], [3.099779122019684, -1.5656054031923496, 3.2609476501499497]]",[-64250.78515625],"[[-0.024946646113196035, 0.10570988489721696, 0.5189167811812664], [-0.07774176924267201, 0.015052742587698046, 0.5312262014631691], [-0.5373906818015203, -0.8887619473202124, 0.341542704044962], [0.2546583440302083, 0.3877632967934268, -0.6934335897990481], [-0.01921869305245826, -0.24145109402935644, -0.5330552852605929], [1.060176461153103, 0.0433743028464941, 0.6079592749574503], [0.3315496433002745, 1.0474998871373347, -0.32019441134969], [0.28348407732808845, 0.10563660841671853, -0.6701357827678771], [-0.28153039780277167, -0.7772932509651018, -0.10690992224836897], [-0.8216016103940617, -0.6476627860856147, 0.34985631927871735], [-0.17723647161924203, 0.8354547218651311, -0.031225144655202774]]","tensor(-3, dtype=torch.int32)"
"['Bi', 'Bi', 'Bi', 'Bi', 'Bi', 'Bi', 'Bi', 'Bi', 'Bi', 'Bi', 'Bi']","[[-1.776751056707643, 1.0793181831503458, -0.08912149875204095], [-0.9787627557344233, -1.5268884066594341, 1.0195784347394135], [0.9789017610272019, 1.527019035421033, -1.0196054653743094], [1.776612051414866, -1.0794488119119454, 0.08914852938693696], [-2.7129378416007555, -2.402506449267868, 3.7819243267260707], [-2.76248009451188, 2.2102832102735137, 4.906897244912809], [-0.5235803501386627, 1.7085000677711857, 2.8770935994719435], [-3.1913585273550558, 0.22345958196289548, 2.6080181315428557], [-0.6840567211989071, -1.6954704672939638, 5.8387333987072605], [-2.084397040011639, 0.5469772813916016, 7.203071218871859], [1.2672144715417906, -0.18575938361758962, 4.181890552472588]]",[-64249.6640625],"[[-0.4242866600900514, 0.5636272613663648, -0.7175397521098227], [0.36128004545528347, -1.1718246206078204, -0.4854877936674298], [0.3557294420461885, 0.06619355018239594, 0.06640720897290185], [0.20990672617184764, -0.07004542479621703, -0.07346612517215796], [-0.0769225124796539, -0.156265051433144, 0.0935527768505677], [0.002386528066498737, -0.0517093868034832, -0.06701830910921287], [0.9615524890532208, 0.8091878032662557, 0.36932405466289625], [-1.3966348058933065, -0.08049110279097269, 0.6614403070820647], [-0.004307142672710063, 0.1410917291829051, 0.30933740804440324], [-0.03873842645564066, -0.1332436381442039, 0.03314477761368588], [0.03948971864022034, 0.07961584737022633, -0.1583655924520071]]","tensor(-3, dtype=torch.int32)"
"['Bi', 'Bi', 'Bi', 'Bi', 'Bi', 'Bi', 'Bi', 'Bi', 'Bi', 'Bi', 'Bi']","[[1.0119439349283657, 1.9566536824465948, 0.33385037577152554], [0.030263279417155148, -1.2298603438203737, 0.11706985318272967], [-1.4103585748172187, 0.6837060202581788, 4.172590974738735], [-1.6714280335304874, 2.6611508814493825, 1.9525921497519918], [1.4862775540007864, 3.6122953275464873, 2.4245475554611087], [0.9539515357909765, 2.46515342057867, 4.957268072832537], [4.566996414953749, 2.4583040735663904, 3.0376834082803854], [0.023659698032977905, -1.8840602235891424, 2.9830910671468076], [3.819097976154478, 0.3335932226255351, 0.9778327415044141], [3.515946883317866, 0.7556083293126117, 5.371432726569712], [3.141337666087427, -1.3591839132005714, 3.411100945756046]]",[-64250.6015625],"[[-0.4997211200836258, -2.168426921501411, -1.7756788699946118], [0.19423687220533312, 0.4786354914321334, 0.569598908861299], [0.33627327663261464, 0.4031355711159804, -0.24534323214088297], [-0.10538412594707136, -0.24788867709607754, 0.0989682430029961], [0.717754696452618, 1.77458409366492, 0.7888138563622006], [-0.38133466117064024, -0.8470478324113545, 1.1250438870157982], [0.08960967944628752, -0.11535358395172467, 0.26546947882980765], [0.27321945651777835, 0.31815084600829513, -0.3984260274367325], [-0.29875247902565477, -0.03662440770657501, 0.2567644900570534], [0.026486218392827342, 0.7873575827287161, 0.10865415959468921], [-0.35253535882783116, -0.34645577636267494, -0.7959209036391736]]","tensor(-3, dtype=torch.int32)"
"['Bi', 'Bi', 'Bi', 'Bi', 'Bi', 'Bi', 'Bi', 'Bi', 'Bi', 'Bi', 'Bi']","[[-1.4799268871053937, 0.8426292684149335, -1.195619933073865], [0.43453922789027954, 1.8771996703464215, 0.7849853374842786], [-0.43449683144910245, -1.8773676661734904, -0.7850695808452222], [1.479884490664218, -0.8424612725878653, 1.1957041764348098], [0.5111129747749672, -0.7765510003681858, -4.068365914450853], [5.001981928841509, -2.283602180981264, -4.395076368925474], [4.376691302342283, -1.6580861184716937, -1.4621081600193953], [2.245199285199152, -2.9671292851640887, -3.233529911989845], [2.475580987887299, 1.4561108172290889, -4.121362827707266], [4.604680487799135, 0.23730091054789126, -5.804330543517622], [3.6916158868042808, 1.17509282006129, -1.424308313835183]]",[-64250.46484375],"[[0.2076214770000369, 0.4789171302277052, 0.027108425700919175], [-0.22076655769217118, 0.0051503801281355, -0.4338746175972887], [0.3738626713097394, -0.25366821165687703, 0.12359541394563735], [-0.16331116353159725, -0.3937083076449238, -0.07958468558273014], [-0.27522049578943836, 0.21079154610162748, 0.1811086065371448], [0.11440566911557881, -0.1598570902182223, -0.06691695616671295], [-0.24610983268212538, -0.27856164618970836, -0.12504793376643655], [0.40349290323035475, -0.12873664608368116, 0.39480776338494955], [0.24149912226289016, 0.19780078310631832, 0.018714442880236826], [-0.2655891894590009, 0.11865313387990821, 0.03279670147579549], [-0.15593728702142687, 0.21187830058503349, -0.0663787725562593]]","tensor(-3, dtype=torch.int32)"
"['Bi', 'Bi', 'Bi', 'Bi', 'Bi', 'Bi', 'Bi', 'Bi', 'Bi', 'Bi', 'Bi']","[[0.7811469801773462, -1.5908299053280526, 1.0903138572008748], [1.6772506429341452, 1.1407892562975275, 0.4629633640825465], [-1.6774396036607766, -1.140824949458166, -0.46297506203428485], [-0.7809580194507159, 1.5908655984886924, -1.0903021592491375], [-2.328850448088481, 0.5836909658619034, 7.147455085613785], [0.8999605868456548, 0.18582384940875507, 3.688795229111297], [0.04575485484837882, 3.118999630244917, 3.9154527519032163], [0.3744787152797213, 1.4230157486217754, 6.447322920695569], [-3.5513287798627133, 0.4412689413408494, 4.439691297099949], [-1.5474351275325202, -1.2645724067548634, 3.0520825169004446], [-2.817866156347838, 3.1152167697671094, 3.370181768542501]]",[-64250.41796875],"[[1.002142517040187, -0.6315419603759626, -0.7547271802970834], [0.16442841131530891, 0.13808600508599733, -0.315872847351397], [-0.5176687670186721, 0.3251827656094729, -0.0396074855143519], [-0.08493109186616953, -0.23034495069037503, 0.18178069327406712], [-0.09691094796314999, -0.2527179314045186, -0.29318248948803494], [0.21071878384204482, 0.5227358999227524, 0.5731568033775697], [-0.20910130195146395, -0.05746881532647576, -0.13156079877522758], [0.23907811876931398, 0.1616470932260468, 0.5693844787394194], [-0.4652996862023369, 0.6243726923681803, 0.18402758156556076], [-0.3413084249957334, -0.5590923471101152, 0.08269150551167995], [0.10217384476986693, -0.05620105508071576, -0.046881659731162]]","tensor(-3, dtype=torch.int32)"
"['Bi', 'Bi', 'Bi', 'Bi', 'Bi', 'Bi', 'Bi', 'Bi', 'Bi', 'Bi', 'Bi']","[[1.0463228929327173, 1.6676564437439816, 0.02523063339648368], [0.07007624621718686, -1.181845437257495, 0.11438079293032172], [-1.3954193554840706, 0.7790171098209508, 4.1767811268251895], [-2.0143940817403445, 2.512039726239736, 1.8484314204393928], [1.4294758062837274, 3.3920637109933187, 2.4819537959918136], [0.9322835306028643, 2.4470227870699466, 5.163072678367256], [4.607085405781376, 2.3915045784408253, 3.139534210526056], [0.06795516500700678, -1.637397869119346, 3.148575782727687], [3.791887900350926, 0.303646835733967, 0.9572835854460096], [3.803388919982978, 0.8730959967326177, 5.372501749849517], [3.217596884968733, -1.3400575445360299, 3.355206317661328]]",[-64250.73046875],"[[-0.09983131138803854, -0.3332842647154697, 0.5833563752420339], [0.14145718598774878, 0.04292843731705014, 0.813345279370324], [-0.28666479080263557, 0.43577661792056976, -0.1523399003388245], [0.6166845754563779, -0.09438560904576236, 0.27755927535858155], [0.04918417129911537, 0.2278234684298558, -0.6615981729032088], [0.2891272405020235, -0.5783365506622052, 0.4749215822900156], [0.23837893259013013, 0.8320711482393093, -1.2626977408441753], [0.5454531515400095, -0.17789148622176054, -0.8899770513441967], [0.06958288308247437, 0.23003400130260387, -0.0730634901951035], [-0.9360538165025182, -0.5687864398143693, 0.7632884443238777], [-0.6269617946791245, -0.012031905538075543, 0.12382948730649967]]","tensor(-3, dtype=torch.int32)"
"['Bi', 'Bi', 'Bi', 'Bi', 'Bi', 'Bi', 'Bi', 'Bi', 'Bi', 'Bi', 'Bi']","[[1.9016469858303786, 0.6989452773099709, -0.4742667394397607], [0.6213377408276157, -0.36600230811591783, 1.9516369143020826], [-0.6214175418224173, 0.3659563978150363, -1.9518061509573967], [-1.901567184835579, -0.69889936700909, 0.4744359760950748], [-1.0462590815368518, 2.602567476713697, 1.922894421490312], [2.7773767391274795, 1.5787837234674849, 4.545397592540959], [1.0263976841426197, 3.5697087502677807, 6.079950007143852], [-0.2797036224348266, 1.3370321375723404, 4.435552921631199], [1.0899006912651104, 4.660114475033245, 1.6991896743751098], [3.498023816866729, 2.954805767114124, 2.078409695269187], [0.9019795111333042, 5.933087047853617, 4.378003124359815]]",[-64250.6328125],"[[0.3482993611899236, 0.3271834449264918, -0.04770834184420395], [0.3144745778372124, 0.1613620091503393, -0.041108948881914874], [-0.16259048291813386, -0.18767505336535995, -0.08183183098468165], [-0.6168300999755431, 0.10113321590260625, -0.4485934714021627], [0.03634510861616998, -0.6403289673847835, -0.18449701383957484], [0.0245723755618559, 0.03655236535627446, 0.03655967757769683], [0.007279187870738934, 0.21061362566476816, 0.23102778464443716], [-0.018492571981705928, 0.1329705868379256, 0.8307408587301905], [0.45950241101994305, 0.13987271707996088, -0.024966587600309918], [-0.1907464948953042, -0.1631845623421326, -0.2159304642455503], [-0.188900904606484, -0.1101148041059577, -0.05140902008215874]]","tensor(-3, dtype=torch.int32)"
"['Bi', 'Bi', 'Bi', 'Bi', 'Bi', 'Bi', 'Bi', 'Bi', 'Bi', 'Bi', 'Bi']","[[1.0241152139766276, 1.5627744233312713, 0.1995934801877402], [0.024715292799229377, -1.3292606101511664, 0.020438531292703344], [-1.4326035807074415, 1.024656871924882, 4.330971447997244], [-1.581222547137572, 2.3561762208693695, 1.658511232594329], [1.7034375881835657, 3.5239258607871644, 2.510051849942195], [1.0692234235784837, 2.4000209063465543, 5.218526285673868], [4.563357437927558, 2.354204054724604, 3.21733822734619], [0.08992972587403014, -1.7149065041786797, 3.3011699812468347], [3.8167263390789876, 0.5010652090249925, 1.2754451421049988], [3.6423865437553484, 0.8507793931147061, 5.4858228634713555], [3.13685993017069, -1.2240069332942212, 3.112832187542973]]",[-64249.796875],"[[-0.22541161806858045, 0.07503717291404406, 0.10450480818109033], [0.21693792586374328, 0.02609335875538182, 1.5141985627631382], [-0.028561475169261615, -0.23794482729303001, -0.7519868970369005], [-0.026153815708449882, -0.019365086604971205, 0.4939441566274052], [-0.3657330443196495, 0.04684452269662449, 0.07367165927219457], [0.04513788518366594, 0.2705021075104391, -0.1629914723882578], [1.011024654918427, 1.8669587389753477, 0.3786986104900856], [0.14983178782211545, 0.47800922177880695, -1.2645319668507569], [0.7559566825067096, 1.0423026563415625, -3.862546240486246], [-0.3348333038021605, -0.9589052797787937, 0.39295379129520214], [-1.2050067820820833, -2.5819381851455097, 3.0829323105282365]]","tensor(-3, dtype=torch.int32)"
"['Bi', 'Bi', 'Bi', 'Bi', 'Bi', 'Bi', 'Bi', 'Bi', 'Bi', 'Bi', 'Bi']","[[0.9700346160911801, 1.674928217825392, 0.19159695307588487], [0.2882841103582211, -1.283975187197816, 0.24984543673995685], [-1.456335199743526, 0.8432770947761323, 4.076922518705009], [-1.8149998367971965, 2.593029817881753, 1.922774844478551], [1.5465328594498262, 3.636170414301867, 2.541504635077847], [0.7800548652087353, 2.344341024346592, 5.052309263277503], [4.593385111060357, 2.4236562826169665, 3.1612596812756504], [0.04984730463192111, -1.7935289270993773, 3.2042821973306697], [3.808873529141238, 0.5131577077298116, 1.059894104749659], [3.712628940928917, 0.8132567162340782, 5.330126122186229], [3.099779122019684, -1.5656054031923496, 3.2609476501499497]]",[-64250.78515625],"[[-0.024946646113196035, 0.10570988489721696, 0.5189167811812664], [-0.07774176924267201, 0.015052742587698046, 0.5312262014631691], [-0.5373906818015203, -0.8887619473202124, 0.341542704044962], [0.2546583440302083, 0.3877632967934268, -0.6934335897990481], [-0.01921869305245826, -0.24145109402935644, -0.5330552852605929], [1.060176461153103, 0.0433743028464941, 0.6079592749574503], [0.3315496433002745, 1.0474998871373347, -0.32019441134969], [0.28348407732808845, 0.10563660841671853, -0.6701357827678771], [-0.28153039780277167, -0.7772932509651018, -0.10690992224836897], [-0.8216016103940617, -0.6476627860856147, 0.34985631927871735], [-0.17723647161924203, 0.8354547218651311, -0.031225144655202774]]","tensor(-3, dtype=torch.int32)"
"['Bi', 'Bi', 'Bi', 'Bi', 'Bi', 'Bi', 'Bi', 'Bi', 'Bi', 'Bi', 'Bi']","[[1.004604515506027, 1.734627837415524, 0.29906920206595555], [0.2192586314775682, -1.244095172919524, 0.2558472473548159], [-1.336024454313398, 0.9013347942916401, 4.038419793655343], [-1.8036095984339782, 2.516983496799728, 1.7521485124114675], [1.6559672793970268, 3.5859481375977746, 2.658908222418606], [0.8948065486868694, 2.4263583950770773, 5.196604659305031], [4.631739446594528, 2.433552386788371, 3.0546123565311416], [-0.10849272316159575, -1.620677258511826, 3.005621905936736], [3.6944072164083135, 0.3585778429488683, 1.0298138931272445], [3.7429240467701006, 0.9591046640018321, 5.524980257751338], [3.087897046252926, -1.2775020012600964, 3.054716634321979]]",[-64250.4140625],"[[-0.4309784225554417, 0.22887222198758575, 0.020182872696170192], [0.13946303727636022, 0.3206692429433198, -0.7456568375636686], [-0.803627532503944, -0.08606870279814603, 0.44686892871691675], [0.29020381341129714, 0.2216005725954721, -0.314732973847391], [0.17202833934005546, 0.12870085630794298, -0.7598004838521529], [0.6157245250066197, -0.2648324619593414, 0.634988783174425], [0.0431089957072074, 0.29714620715103784, 0.04958673942745079], [0.8161575535587159, -0.5381527571987039, 0.6109540975709435], [0.8197416733416911, 1.4407873563847853, -2.0556073668005506], [-0.5692883194281689, -0.3791105528657156, -0.6417070794390695], [-1.0763224836876284, -1.361862159126541, 2.75183626149777]]","tensor(-3, dtype=torch.int32)"
"['Bi', 'Bi', 'Bi', 'Bi', 'Bi', 'Bi', 'Bi', 'Bi', 'Bi', 'Bi', 'Bi']","[[0.7811469801773462, -1.5908299053280526, 1.0903138572008748], [1.6772506429341452, 1.1407892562975275, 0.4629633640825465], [-1.6774396036607766, -1.140824949458166, -0.46297506203428485], [-0.7809580194507159, 1.5908655984886924, -1.0903021592491375], [-2.328850448088481, 0.5836909658619034, 7.147455085613785], [0.8999605868456548, 0.18582384940875507, 3.688795229111297], [0.04575485484837882, 3.118999630244917, 3.9154527519032163], [0.3744787152797213, 1.4230157486217754, 6.447322920695569], [-3.5513287798627133, 0.4412689413408494, 4.439691297099949], [-1.5474351275325202, -1.2645724067548634, 3.0520825169004446], [-2.817866156347838, 3.1152167697671094, 3.370181768542501]]",[-64250.41796875],"[[1.002142517040187, -0.6315419603759626, -0.7547271802970834], [0.16442841131530891, 0.13808600508599733, -0.315872847351397], [-0.5176687670186721, 0.3251827656094729, -0.0396074855143519], [-0.08493109186616953, -0.23034495069037503, 0.18178069327406712], [-0.09691094796314999, -0.2527179314045186, -0.29318248948803494], [0.21071878384204482, 0.5227358999227524, 0.5731568033775697], [-0.20910130195146395, -0.05746881532647576, -0.13156079877522758], [0.23907811876931398, 0.1616470932260468, 0.5693844787394194], [-0.4652996862023369, 0.6243726923681803, 0.18402758156556076], [-0.3413084249957334, -0.5590923471101152, 0.08269150551167995], [0.10217384476986693, -0.05620105508071576, -0.046881659731162]]","tensor(-3, dtype=torch.int32)"
"['Bi', 'Bi', 'Bi', 'Bi', 'Bi', 'Bi', 'Bi', 'Bi', 'Bi', 'Bi', 'Bi']","[[0.986389298844879, 1.7426945418740587, 0.3795483978439925], [0.1398764310159208, -1.1741237267801898, 0.14415937055643377], [-1.341474189686568, 0.8476930322183825, 4.230192746098006], [-1.8854513750666326, 2.496548145537595, 1.940149511431904], [1.4168930443582626, 3.5711923820445945, 2.5234762197204605], [1.0714506396504389, 2.2906802392534136, 5.174308109504039], [4.66596629885268, 2.513775641779735, 3.3114456691219267], [0.0959099112963044, -1.7063868355768004, 3.03294263442586], [3.8631137559213213, 0.2537903581787513, 1.1637233980145691], [3.47315028937993, 0.7597608488990457, 5.348068209992929], [3.2439819814764945, -1.2870858557072458, 3.3242119206712304]]",[-64250.62109375],"[[-0.14205753890692005, -0.6294094862382296, -0.661131260311682], [0.0867300423179286, 0.16284754195393145, 0.500959004094179], [-0.28727465680874875, -0.5066663934604948, -0.013609406752454662], [0.48723449927414575, 0.2236652209944139, -0.2051734769083824], [0.20575660342687505, 0.3397378400526715, 0.4712466510933139], [-0.7149269956367528, 0.7065441662677336, 0.22233673125850045], [-0.18001239038888847, 0.006182930584809326, -0.7286757202619192], [0.3084613812922832, 0.07047870733985188, -0.16775670619268448], [0.42135734922122825, 1.7177889077381134, -1.46747336503002], [0.8431017011036713, -0.24217203175327773, 1.011994475565585], [-1.0208663290255093, -1.8335549482863842, 1.0362590179184192]]","tensor(-3, dtype=torch.int32)"
"['Bi', 'Bi', 'Bi', 'Bi', 'Bi', 'Bi', 'Bi', 'Bi', 'Bi', 'Bi', 'Bi']","[[0.8472879876947206, 1.7111022042964177, 0.29548350060968714], [0.2657832641917108, -1.280767868728239, 0.3491339579753469], [-1.581484273186111, 0.917814599903316, 3.9431095775869642], [-1.8497386366282111, 2.3727811898801963, 1.7433232372620484], [1.5184018981042982, 3.6537905495795204, 2.5369249881958056], [0.8393465531063538, 2.4879799097634088, 5.303174758311562], [4.523070470584086, 2.6335150055631638, 3.0716200684955197], [0.27369407755680303, -1.5945354911489755, 3.143649048715739], [3.7951219820666173, 0.6004019676369061, 0.9545006716700926], [3.5867233246671035, 0.9184624715651216, 5.404749048619857], [2.9538832821218737, -1.5128532827005552, 3.3876977488495355]]",[-64250.328125],"[[0.40083844344101516, -0.13804836411496232, -0.0027624976037446034], [-0.015980967904978754, 0.13420014046964326, -0.7462867581854972], [0.4526170958018538, -0.9687711222689176, 2.0632296634351337], [-0.33760588013585435, 1.1463182347433813, -1.711971526517913], [-0.00922706184191659, -0.2150203960688057, 0.4190041200443516], [0.3186966915103939, -0.33075913148644837, -0.6681766010787615], [-0.2172936124711872, 0.05368672049092579, 0.280154548320515], [-2.4441897146686293, -0.23274353415202328, 0.5046980072169869], [-0.34662037847781557, -0.7105576605153838, 0.531286879531231], [-0.3497314150182748, 0.10002363001053965, -0.32361896838249926], [2.5585642734188037, 1.1579447696491305, -0.34311776270999117]]","tensor(-3, dtype=torch.int32)"
"['Bi', 'Bi', 'Bi', 'Bi', 'Bi', 'Bi', 'Bi', 'Bi', 'Bi', 'Bi', 'Bi']","[[0.9113483160830156, 1.607288000961123, 0.20212964710952402], [0.3347237896672104, -1.262499045898555, 0.25816011625706065], [-1.3798959536880893, 0.778793676923625, 4.122325562883799], [-1.7692198014169893, 2.6139486801449374, 1.8250861976661263], [1.7683383496683656, 3.728472828943318, 2.6016234600211714], [0.8516267087107697, 2.469970159072363, 5.2732210192051365], [4.880007104672671, 2.7349167257104683, 3.0292828984737143], [0.24271026509115406, -1.6636559989651891, 3.128757748071231], [3.63356079896321, 0.5396186980553057, 1.2489917167447087], [3.518419460327767, 0.9653224021914149, 5.214430685893905], [3.0252582748640586, -1.3363429870410395, 3.3507621553653166]]",[-64250.61328125],"[[-0.0006129199641319643, 0.9402827693138797, 0.6542936647945768], [-0.10065097952778929, -0.4212730169910406, -0.1422910980468666], [-0.046584362908704734, 0.49380963643583753, -0.1658057520382213], [0.457464964907446, -0.4171531818580074, 0.11242818116186147], [-0.34818319868504927, -0.28679689415589904, 0.07941247299803596], [0.2796807451687168, 0.0730959375348891, -0.6553596447529854], [-0.8332050053586005, -0.29792278357804636, 0.4241136761739835], [-1.2885337423156284, -0.4211714069380828, -0.06159214716173627], [0.4241321881269515, 0.08278416812070322, -1.0494241018041772], [0.5220818109178822, 0.42846856168761904, 0.3568901414972835], [0.939690386818903, -0.17951092215182138, 0.4510048589646138]]","tensor(-3, dtype=torch.int32)"
"['Bi', 'Bi', 'Bi', 'Bi', 'Bi', 'Bi', 'Bi', 'Bi', 'Bi', 'Bi', 'Bi']","[[-0.2952861533359826, 1.5780704860916117, -1.323712328304425], [2.058974830554911, 0.1950235300074008, -0.22692155665411562], [-2.059141947545977, -0.19511938054175604, 0.2269228161623737], [0.2954532703270486, -1.577974635557258, 1.3237110687961682], [-2.503372727050409, 4.120419290232599, 1.606984665758382], [-0.4946105962958436, 0.45875261762902264, 3.8659487702628397], [-1.5961867877339149, 2.4221475118952362, 5.943488567745707], [-3.162923937303263, 1.8884726324872414, 3.3636992193664295], [0.26411343977905977, 4.709250890335982, 2.524055929205346], [1.4623302544412407, 1.9921536803423665, 2.343496193619811], [-0.166977508361712, 4.915847093210061, 5.457193096864422]]",[-64250.515625],"[[-0.4711721404826176, 0.037918583480778555, 0.021316020190597744], [0.12941438925067705, 0.412308860876734, 0.2028506381876283], [0.16752037025979274, 0.061250241674835226, -0.08436256922168495], [-0.11654899331463467, -0.5948872650574482, -0.14742857637222523], [-0.009991687774842406, 0.0016171594740666954, -0.03129774750630152], [-0.317524782043335, -0.18676812193620163, 0.08438252099321715], [-0.0172620618990849, -0.07216062111117981, 0.2894671919494446], [-0.04100024258031933, 0.0669235896165265, -0.2423210015525787], [-0.3337959145266692, 0.45598549991065995, -0.14372376894031674], [0.7528271340132823, -0.22997831117742507, 0.32561234576251413], [0.26307356931692144, 0.05347249605741253, -0.2739426053916375]]","tensor(-3, dtype=torch.int32)"
"['Bi', 'Bi', 'Bi', 'Bi', 'Bi', 'Bi', 'Bi', 'Bi', 'Bi', 'Bi', 'Bi']","[[0.041078242912445884, -0.9644116368953478, -1.843349525215053], [-1.7578244078834757, 0.9696532508589583, -0.5465627568150455], [1.7580054551218594, -0.9696627303830584, 0.5466279414458765], [-0.04125929015082974, 0.9644211164194488, 1.8432843405842236], [0.2655382512581119, 2.6876850021617296, -3.655540400244937], [4.1210309003356, 1.464546904240109, -1.1685831084984284], [4.7661735352504495, 3.9493473207343452, -2.8401449821077174], [2.009595551839255, 3.6614908883072252, -1.531250887673028], [2.2163943840056377, 1.1110176920468329, -5.253977944113765], [3.3962884904781685, -0.5837197184146499, -3.112329604936044], [4.378964004568538, 3.118559356376067, -5.6073674503454125]]",[-64250.41015625],"[[0.47406406749086366, -0.08397340683262387, -0.4848713970556862], [-0.02606152333848598, 0.4010570387523126, 0.2796027892778848], [0.13576943986041573, 0.02417027023234468, 0.2053112366917194], [-0.13004101885864458, -0.1420028772235728, -0.2362228042902714], [0.0010151908727780634, -0.33165927519951843, 0.26019933150817826], [0.011525716753001621, 0.10173583139380692, 0.10151600195231165], [-0.0504667051117857, -0.03538560838279163, 0.16907974518689067], [0.017925905674727315, -0.002060583482602538, 0.02235281296982674], [0.06664333921742728, 0.0892496219610595, -0.2398284699296178], [-0.5104897802355819, 0.04090115220984883, 0.20562902521767046], [0.02401920755391647, -0.055478831804505024, -0.27283127114845723]]","tensor(-3, dtype=torch.int32)"
"['Bi', 'Bi', 'Bi', 'Bi', 'Bi', 'Bi', 'Bi', 'Bi', 'Bi', 'Bi', 'Bi']","[[1.0373114380383774, 1.5967699873182826, 0.23407245004886423], [0.083627662004056, -1.2863526854408924, 0.30464022737937696], [-1.5351875138989632, 0.8262604068117533, 4.031949672454022], [-1.4794608912306124, 2.378495391581687, 1.671541528565524], [1.4318990020026015, 3.718197881865228, 2.6042860157621464], [0.8376841754074507, 2.3685731587692573, 5.370566750413641], [4.57900145076513, 2.5198428100564874, 3.1014569694831984], [0.0950988755125115, -1.7489728925580628, 3.1059393891691194], [3.84237450766542, 0.3627875000791695, 1.1434109840358808], [3.641515013882908, 0.8582126234728366, 5.525491313947627], [3.233819838789833, -1.270945285447122, 3.4265089907185913]]",[-64250.88671875],"[[0.3943307720634735, 0.2495499191865912, 0.2586088976377673], [0.016338402863536303, -0.13272314373325303, -0.2270776938357024], [0.35195778589522886, -0.15122774334217903, 0.6198449772047517], [-0.5909930700622584, 0.4676470018386821, -0.3006049598747464], [0.06846455543483956, -0.6657453645889614, 0.2630407620224948], [0.2028181394257511, -0.06758194665499755, -0.8174199659069517], [-0.044042399229110005, 0.03503850412243207, 0.43702807736329957], [0.32998188657224936, 0.034760459731061545, 0.1738062581563592], [0.027637718431739018, 0.32400309140658573, -0.47632082882394017], [-0.20211545654433996, 0.4277766774454392, -0.38449130910632895], [-0.5600570255481154, -0.5166500953845152, 0.45614459986200184]]","tensor(-3, dtype=torch.int32)"
"['Bi', 'Bi', 'Bi', 'Bi', 'Bi', 'Bi', 'Bi', 'Bi', 'Bi', 'Bi', 'Bi']","[[0.7755579104296415, 1.7897477139853504, 0.25869027931249383], [0.1814908943519471, -1.2859417649647307, 0.25500801724774796], [-1.5517706380960854, 0.7947490718511812, 4.222008420666068], [-1.6956260783499262, 2.689554195907568, 1.7573510489654893], [1.679272454769255, 3.539393985217463, 2.615182779868891], [1.0473805114071588, 2.4476424223758912, 5.271917226178991], [4.490479866569932, 2.7724480175039106, 3.2445629391173902], [0.014680523843356816, -1.66354910721235, 3.221345237610985], [3.788756801065745, 0.34573974250004963, 1.2060001766277593], [3.4517397013138758, 0.6265857579584466, 5.397894570249855], [3.1508142767578304, -1.2503860957157502, 3.5054631448420857]]",[-64250.28125],"[[0.16928332524744732, -0.4452474873252843, 0.2893303063416644], [0.09498981862180195, 0.42488901847079413, 0.5605259950233054], [0.5389564844900655, 0.8603640972463514, -0.5691664490711295], [-0.3368091976710389, -0.539663024028345, 0.6571182802849475], [-0.7446402228131748, 0.3045847726524131, -0.4624285337190883], [-0.6054488484466202, -0.35979908921784176, -0.22308373998285172], [0.4641518422741364, -1.0466303395687535, 0.3843243929970673], [0.19832755101244168, 0.08149198238144373, -0.46641960793481063], [0.2077296176586251, 0.6548618789065119, -0.3016638435845172], [0.8240811836499449, 2.3533284215133374, 1.8053638150206663], [-0.8027070770647008, -2.293940019508261, -1.6827632642807853]]","tensor(-3, dtype=torch.int32)"
