atoms,coordinates,total_energy,forces,charge,source
"['Bi', 'Bi', 'Bi', 'Bi', 'Bi', 'Bi', 'Bi', 'Bi', 'Bi', 'Bi', 'Bi', 'Bi', 'Bi', 'Bi']","[[1.825299, 0.420928, -0.905989], [-0.711937, 1.871597, -0.564956], [0.711975, -1.871739, 0.56508], [-1.825337, -0.420786, 0.905865], [1.894174, 4.235093, -3.964066], [3.186338, 4.42, -6.601193], [3.576989, 1.913385, -3.302504], [4.869138, 2.098632, -5.939811], [4.59164, 2.918089, 0.346868], [2.326986, 2.011673, 1.992489], [5.633271, 4.457298, 2.628468], [3.368438, 3.550559, 4.27398], [8.382841, 1.968484, -1.967207], [6.496151, 0.360316, -3.389332]]",[-81777.546875],"[[-0.027521355380707536, -0.032830470363334655, -0.18231306618817247], [-0.03478764144866958, 0.026475538024406626, -0.019040716051298204], [-0.19140253793965425, -0.2978091921777509, 0.12344567281496269], [0.07061590148018157, -0.014622812764434058, -0.0036640734220650967], [-0.10626205531657977, 0.3152967142373589, 0.009409769675501806], [-0.04128006103384929, 0.08575492519533806, 0.09303752749295777], [0.04511183989428177, -0.3392694876425805, 0.2969473579229064], [0.33592386352034326, -0.4298720248330529, -0.5020294577745549], [-0.03921068180248236, -0.23534214954990934, -0.390972138152067], [-0.28317245945312675, -0.10407512518386591, -0.1536717325106905], [0.07500128029412273, 0.22221126135505054, 0.3240235059769421], [0.3243657714184842, 0.3069992969624505, 0.4248382134443152], [-0.6343177248793341, -0.7337629077817147, -0.36930132609841887], [0.507656782944284, 1.2403898090758778, 0.3442874610271123]]","tensor(-6, dtype=torch.int32)",
"['Bi', 'Bi', 'Bi', 'Bi', 'Bi', 'Bi', 'Bi', 'Bi', 'Bi', 'Bi', 'Bi', 'Bi', 'Bi', 'Bi']","[[0.075729, -0.934739, 1.857483], [-1.978537, -0.603763, -0.223084], [1.978721, 0.603782, 0.22303], [-0.075913, 0.93472, -1.857429], [5.299774, 1.044812, -0.056331], [5.120225, 3.561749, 1.457308], [3.887244, 2.300694, -2.311852], [3.70795, 4.817685, -0.797929], [-3.299092, 1.694253, -7.261346], [-1.59731, 3.147428, -5.350709], [-1.494966, -0.625267, -7.103812], [0.206654, 0.828197, -5.192979], [8.688969, 4.776014, -3.188049], [7.817468, 2.330666, -1.99264]]",[-81777.6171875],"[[-0.29212514844101145, -0.3249284319445289, 0.27594426172839637], [-0.20602559238791876, -0.11056937539550578, 0.14920814069545943], [0.33550343649960285, 0.12733991923224391, 0.20800230901026237], [0.05795933065803676, 0.26193302732572504, -0.39450606997366233], [0.27240426209999485, 0.09546691278746114, 0.012872965267922656], [-0.007567645235653974, 0.12161514919897481, -0.13536315391485923], [0.12727533308522215, 0.09287102276042872, -0.19386946136100944], [0.11158048798220081, 0.01482696875241639, 0.06746059051887386], [-0.11993457240202793, -0.018147992546042838, -0.09433583246111502], [0.05496270827133826, 0.05261693529774046, 0.11276818403137413], [-0.0453048989949016, -0.11914766013461227, -0.17252039733436378], [0.09509338271423971, 0.01441275352033859, 0.029945073960719024], [-0.37602018800607073, -0.537426163044709, 0.39627853804825885], [-0.023028015885498698, 0.3351893503642454, -0.26918482779048963]]","tensor(-6, dtype=torch.int32)",
"['Bi', 'Bi', 'Bi', 'Bi', 'Bi', 'Bi', 'Bi', 'Bi', 'Bi', 'Bi', 'Bi', 'Bi', 'Bi', 'Bi']","[[2.052302, 0.271899, -0.209386], [0.180356, 0.225934, 2.06042], [-0.180411, -0.226023, -2.060582], [-2.052247, -0.27181, 0.209548], [2.216868, 7.281177, 1.795056], [-0.485753, 6.261661, 2.356072], [3.040232, 4.602983, 0.895494], [0.337324, 3.583724, 1.456521], [3.097137, 3.330269, -4.048904], [4.905962, 3.394489, -1.728916], [5.350785, 2.577159, -5.784921], [7.159451, 2.641339, -3.464584], [-5.049837, -2.731237, -0.973181], [-4.942727, 0.057897, -1.587595]]",[-81777.453125],"[[-0.02265784881706647, 0.1723366147790646, 0.057270120364619], [0.5504683481315961, 0.4799121476997364, 0.4095057912427345], [0.013412897229489953, 0.02531511111039703, -0.28741133672816266], [-0.8622255769614691, -0.6497700633984744, -0.2633396786408368], [-0.21034000871548247, 0.11525367082778894, 0.02693886135394126], [-0.11758098327051028, 0.4952392734258846, 0.26017356904029776], [0.26693901936291914, -0.2963936448407962, 0.042991064282382786], [-0.11335362454398783, -0.464672130996721, -0.23213032570995756], [-0.13205234254862014, -0.031701138388102186, 0.14203573594009106], [-0.1827454745562505, -0.025247917863332272, 0.06738104054320294], [0.06896869762066868, 0.0033843295305679227, -0.02500378119914817], [0.32797663068908, -0.11180504825612123, -0.292867734865487], [0.236960505616047, 1.0935216306576678, -0.24028103575759432], [0.1780467809383256, -0.8045860402909549, 0.32880514342858214]]","tensor(-6, dtype=torch.int32)",
"['Bi', 'Bi', 'Bi', 'Bi', 'Bi', 'Bi', 'Bi', 'Bi', 'Bi', 'Bi', 'Bi', 'Bi', 'Bi', 'Bi']","[[0.213466, 0.927276, -1.850488], [-1.184881, 1.57989, 0.654913], [1.185028, -1.580014, -0.654902], [-0.213613, -0.927152, 1.850477], [2.064762, 6.723081, -1.353433], [0.53365, 4.210923, -1.297976], [3.850424, 5.589369, -3.399397], [2.31895, 3.077228, -3.343809], [1.935141, -4.827223, 0.401241], [3.307187, -7.295787, -0.424589], [4.473539, -3.765828, 1.445194], [5.845419, -6.234602, 0.619086], [-2.858375, 1.968532, -2.516363], [-5.147152, 0.454356, -1.718231]]",[-81777.859375],"[[-0.48803555261674525, 0.06187532862005543, -0.5161271327131687], [-0.1596621490690507, 0.1701550839659664, 0.06342303073236519], [0.15203748701825523, -0.5546052553990332, 0.13003968188426357], [0.0054436660274496985, 0.054486076904503286, -0.02872884893513832], [0.31319545330921367, 0.3922523425439889, -0.1545267276273552], [-0.1663312858141468, -0.054359835669679696, 0.07213876672225923], [0.09482387953228028, 0.37690588211140735, 0.08851886261764684], [-0.0011458276679897287, -0.09590508042979588, -0.05556866619849151], [-0.08642140692427841, 0.07680254474000281, 0.12882658332185082], [0.07049495672079048, -0.14798918001460679, -0.05477126382439397], [-0.05897522549924853, 0.07096408046225511, -0.0020437139512395125], [0.05833579179047811, -0.06822713963802468, -0.017900405459513862], [-0.1214005648108205, -0.6362347404533559, 0.6539265110607111], [0.37472368281111873, 0.36378944352428194, -0.3042596307673665]]","tensor(-6, dtype=torch.int32)",
"['Bi', 'Bi', 'Bi', 'Bi', 'Bi', 'Bi', 'Bi', 'Bi', 'Bi', 'Bi', 'Bi', 'Bi', 'Bi', 'Bi']","[[-0.079798, 1.529661, 1.408362], [1.896629, 0.630888, -0.577653], [-1.896813, -0.630939, 0.577624], [0.079982, -1.529611, -1.408333], [-4.521511, 1.390697, -3.051138], [-2.230854, 2.580358, -4.463905], [-3.383141, 2.254295, -0.478558], [-1.092533, 3.444047, -1.891696], [6.582469, 0.61309, -1.404862], [8.34568, -1.654904, -2.041733], [4.247998, -0.962529, -2.257817], [6.011552, -3.230533, -2.894513], [-4.943668, -2.288508, -4.575602], [-2.383871, -1.410748, -3.656245]]",[-81777.4765625],"[[-0.08660215557617451, 0.12217981518659106, 0.46418485525692943], [-0.10190377594490015, 0.41771039164234486, -0.025014538700706253], [-0.1954063134119963, 0.20322951615837379, -0.008058859907660428], [0.16155257942172677, -0.15261541990549854, -0.03313590216067955], [0.3054343170273706, -0.9129437001056063, -0.41145736246229664], [-0.07599326386275079, -0.12196955025412928, -0.48153384620182665], [0.5337237724511047, 0.15096847315644354, 0.6262742813147288], [0.24018245960803963, -0.26862370992719226, 0.29600278552271303], [-0.036993644035149674, 0.0974865668562723, 0.058735238597854754], [-0.017788654970096903, -0.05534004357933643, -0.011815485381251897], [-0.04768821009535123, 0.007834474468851374, -0.05804217164756866], [0.20398372397554596, -0.20673398312149505, -0.08075644078351434], [-0.054893237025616604, -0.3033703885377109, -0.17924157323613665], [-0.8221256015072398, 1.022927326455949, -0.1500126393181947]]","tensor(-6, dtype=torch.int32)",
"['Bi', 'Bi', 'Bi', 'Bi', 'Bi', 'Bi', 'Bi', 'Bi', 'Bi', 'Bi', 'Bi', 'Bi', 'Bi', 'Bi']","[[0.622814, -0.4379, -1.936508], [-1.816481, 0.692987, -0.740994], [1.816643, -0.692975, 0.741097], [-0.622976, 0.437888, 1.936405], [-4.51723, 0.300617, 2.234242], [-5.841069, 2.922037, 2.050058], [-2.835261, 1.304539, 4.430371], [-4.159449, 3.925968, 4.246024], [-2.953366, 3.089139, -2.994813], [-2.621863, 2.288157, -5.806724], [-1.727717, 5.696718, -3.593291], [-1.396443, 4.895455, -6.405335], [-2.972942, 8.740387, 0.572961], [-4.088778, 6.911235, 2.464352]]",[-81777.5859375],"[[0.12779063386492368, -0.08556929144474207, 0.06714403612312068], [-0.5533767816312386, 0.19679445277414004, -0.1659018085052887], [0.4716788537730256, -0.12425510795848944, -0.19022785167965015], [-0.17937737897999373, -0.12613114012552368, 0.45429345598729126], [0.3194521848798555, 0.04171306075598047, -0.06238620709988125], [-0.1408142555767511, 0.3284167523708947, -0.14087364809252348], [0.22571835084484226, -0.24715272412141553, -0.08109078722295343], [-0.04682521884344617, 0.5287440571027069, 0.012967129402019993], [-0.07782311899154816, -0.035534351924889684, 0.11476048154746588], [-0.0043485539114995276, -0.06862437529546347, -0.08890792216252476], [0.017282183363519308, 0.15189993292328452, 0.07501321021936878], [0.03717097311795584, -0.02290387267201148, -0.08588646290559417], [-0.21305067285091664, -0.6983649683813627, 0.6324495602923114], [0.02794336620186853, 0.1580080546492664, -0.5464887924643872]]","tensor(-6, dtype=torch.int32)",
"['Bi', 'Bi', 'Bi', 'Bi', 'Bi', 'Bi', 'Bi', 'Bi', 'Bi', 'Bi', 'Bi', 'Bi', 'Bi', 'Bi']","[[-1.232551, 0.723926, -1.512106], [1.43129, 1.431224, -0.481573], [-1.431353, -1.431402, 0.481608], [1.232614, -0.723748, 1.512071], [-1.381164, 3.846894, -2.783496], [-2.271491, 3.644453, 0.013762], [-4.18453, 4.007575, -3.663941], [-5.074604, 3.805233, -0.86641], [4.331283, 0.473106, 2.077612], [4.659012, -2.441167, 1.836935], [6.075991, 0.473411, 4.447391], [6.403654, -2.441018, 4.206369], [-1.49584, -2.064936, -3.442412], [-1.60013, -2.413771, -6.27714]]",[-81777.6171875],"[[-0.34210083942694786, -0.1526756351747362, -0.599771849536427], [0.4503624427745319, 0.18450832669972195, 0.08834510737020533], [-0.13534474480607436, -0.6632745330886461, 0.1641996858519707], [-0.20825108908931597, 0.09087414867818655, 0.25092602577930573], [0.09220366685593155, 0.26654795435646966, -0.19261255117657236], [0.05642597530927722, -0.17749203941438388, 0.09874681947666195], [0.004412403694169897, -0.00435984260326361, 0.047641832510957174], [-0.06185861644029263, 0.05923063902811565, -0.056848253525314425], [0.19264206745713805, 0.11426754937760074, -0.143282670238762], [-0.11759239897484057, 0.01658301261096292, -0.20816140896160423], [0.10720359381336998, -0.01777373227912102, 0.10523171086763465], [0.10454131786611061, 0.017557877765304725, 0.15945214124704682], [-0.30591732473356126, 0.12969520529278364, -0.14148048019523354], [0.1734927890861007, 0.1396744849169283, 0.4312321391552868]]","tensor(-6, dtype=torch.int32)",
"['Bi', 'Bi', 'Bi', 'Bi', 'Bi', 'Bi', 'Bi', 'Bi', 'Bi', 'Bi', 'Bi', 'Bi', 'Bi', 'Bi']","[[-1.519331, -0.317937, -1.385736], [1.371323, 0.206575, -1.551034], [-1.37139, -0.206649, 1.551199], [1.519398, 0.318011, 1.385571], [6.175248, -1.719826, 4.958243], [3.800297, -0.46611, 3.755696], [5.042705, -1.29206, 7.640448], [2.667676, -0.038431, 6.437534], [-7.04407, -1.996709, 0.691651], [-4.375281, -0.829894, 0.274013], [-8.262791, 0.294928, -0.695064], [-5.593701, 1.461502, -1.11269], [4.089921, 2.346082, 0.693666], [2.971258, 4.925664, 1.206104]]",[-81777.7890625],"[[-0.0798126397146947, -0.0822774548302952, -0.052769504643451905], [0.48999226604546514, 0.10734680433841426, -0.05861038575950376], [-0.5497083296180756, 0.02202189638389588, 0.026875689314437887], [0.7980878305782637, 0.16366319917053912, -0.2606582736755105], [0.29733533760386116, -0.2021239411894503, 0.19423584376350156], [0.06513620913537244, 0.15385752052756121, -0.15068986826427483], [0.02553331047158927, 0.007721885799341698, -0.09950092444965093], [-0.10606793692087345, 0.06133333977482502, 0.14555717219343298], [-0.31107357212234577, -0.12190609539312222, 0.11495804522330794], [-0.1869162689820374, 0.05315254780361521, -0.04323476900099764], [-0.006761912482720833, -0.09445220065435567, 0.007436246365045126], [0.16087473341054773, 0.12434957034071792, 0.014597076007599349], [-1.1382017718087354, 0.48313482160101107, 0.30758951972958093], [0.5481831503818769, -0.660337817438636, -0.13369610112799732]]","tensor(-6, dtype=torch.int32)",
"['Bi', 'Bi', 'Bi', 'Bi', 'Bi', 'Bi', 'Bi', 'Bi', 'Bi', 'Bi', 'Bi', 'Bi', 'Bi', 'Bi']","[[-1.484349, -1.288168, -0.683408], [-1.406696, 1.521546, 0.187106], [1.406862, -1.521624, -0.187166], [1.484184, 1.288246, 0.683468], [0.638812, -3.005741, 2.789708], [2.802014, -4.477174, 4.136466], [1.375851, -0.570005, 4.267485], [3.539185, -2.041756, 5.614069], [-4.493072, -4.494084, 3.695185], [-2.909797, -2.795818, 5.502793], [-3.832113, -2.71565, 1.445704], [-2.248709, -1.017546, 3.253637], [4.656631, -1.25003, 2.391147], [3.828381, 1.38317, 3.131757]]",[-81777.703125],"[[-0.46360347708955035, 0.2425848483044646, -0.12086634070141834], [-0.673247333529252, -0.16541982924092966, -0.054255911622600884], [0.6315388750504678, -0.3993483340712726, 0.5440220747313983], [0.5032278496187764, 0.21997681720971876, 0.10212571369215008], [-0.4529596697759453, -0.02108815347618887, -0.5557103161470408], [-0.0315637385594062, -0.44029826527719224, 0.03632978483287978], [-0.44516881152517024, 0.6952966121769132, 0.3859587927557773], [0.5912023579749803, 0.04370466407383592, -0.2448510713023915], [-0.008629192609768542, -0.0574318428426313, 0.11945264455976042], [-0.0441945469136705, -0.20714232595071466, 0.2714422061886651], [-0.09948997154414485, 0.06384978267036966, -0.3354977800695293], [0.514434831679342, 0.24015145208681818, -0.19425512704784323], [0.3725909001408363, 0.015741006714630773, 0.3020885900609502], [-0.3879682138283645, -0.25161158510422144, -0.257984067803005]]","tensor(-6, dtype=torch.int32)",
"['Bi', 'Bi', 'Bi', 'Bi', 'Bi', 'Bi', 'Bi', 'Bi', 'Bi', 'Bi', 'Bi', 'Bi', 'Bi', 'Bi']","[[0.622814, -0.4379, -1.936508], [-1.816481, 0.692987, -0.740994], [1.816643, -0.692975, 0.741097], [-0.622976, 0.437888, 1.936405], [-4.51723, 0.300617, 2.234242], [-5.841069, 2.922037, 2.050058], [-2.835261, 1.304539, 4.430371], [-4.159449, 3.925968, 4.246024], [-2.953366, 3.089139, -2.994813], [-2.621863, 2.288157, -5.806724], [-1.727717, 5.696718, -3.593291], [-1.396443, 4.895455, -6.405335], [-2.972942, 8.740387, 0.572961], [-4.088778, 6.911235, 2.464352]]",[-81777.5859375],"[[0.12779063386492368, -0.08556929144474207, 0.06714403612312068], [-0.5533767816312386, 0.19679445277414004, -0.1659018085052887], [0.4716788537730256, -0.12425510795848944, -0.19022785167965015], [-0.17937737897999373, -0.12613114012552368, 0.45429345598729126], [0.3194521848798555, 0.04171306075598047, -0.06238620709988125], [-0.1408142555767511, 0.3284167523708947, -0.14087364809252348], [0.22571835084484226, -0.24715272412141553, -0.08109078722295343], [-0.04682521884344617, 0.5287440571027069, 0.012967129402019993], [-0.07782311899154816, -0.035534351924889684, 0.11476048154746588], [-0.0043485539114995276, -0.06862437529546347, -0.08890792216252476], [0.017282183363519308, 0.15189993292328452, 0.07501321021936878], [0.03717097311795584, -0.02290387267201148, -0.08588646290559417], [-0.21305067285091664, -0.6983649683813627, 0.6324495602923114], [0.02794336620186853, 0.1580080546492664, -0.5464887924643872]]","tensor(-6, dtype=torch.int32)",
"['Bi', 'Bi', 'Bi', 'Bi', 'Bi', 'Bi', 'Bi', 'Bi', 'Bi', 'Bi', 'Bi', 'Bi', 'Bi', 'Bi']","[[-1.161322, 0.713615, 1.572196], [-1.559632, 0.378956, -1.323951], [1.559768, -0.379064, 1.324034], [1.161186, -0.713506, -1.57228], [3.137435, -3.416198, 1.7485], [2.630997, -5.521838, 3.740512], [5.816069, -4.529437, 1.253038], [5.309262, -6.635159, 3.24513], [0.622344, 3.086751, 3.037581], [-1.45024, 4.01717, 1.167546], [2.144249, 5.564072, 2.583107], [0.071313, 6.494336, 0.713108], [-2.919705, 6.473085, 2.928612], [-4.286219, 6.265966, 0.427015]]",[-81777.9453125],"[[-0.4370775968374891, -0.2723680095254325, -0.026114477808392836], [-0.0685431283907705, 0.059398686423392015, 0.023219845998129818], [0.2740263205567262, 0.019179704822623943, 0.17908931242297468], [0.09786673037930724, -0.029486990542316172, -0.07229236450980223], [-0.08751392068194115, 0.01986492990394442, -0.0938574527431664], [-0.10934419264157223, -0.08888143978536217, 0.14253062214943615], [0.2872051855630271, -0.08731306599223812, -0.05153033508060917], [0.001261900698424719, 0.028045660168644328, -0.04289837082010458], [0.6196865971626919, -0.24978203850797354, 0.23992617190361568], [-1.1848878887522543, 0.3748227731815892, 0.37003727907308087], [0.2731520935778114, -0.012041428909435757, 0.028248988260952252], [-0.26414026918461214, 0.6300450632901317, 0.40391477006965937], [0.809906169885598, -0.5448288873482546, -1.0861831839685947], [-0.20378286928584294, 0.14567019795072103, -0.008346551083410956]]","tensor(-6, dtype=torch.int32)",
"['Bi', 'Bi', 'Bi', 'Bi', 'Bi', 'Bi', 'Bi', 'Bi', 'Bi', 'Bi', 'Bi', 'Bi', 'Bi', 'Bi']","[[2.05975, 0.118229, -0.27049], [-0.188545, 1.993535, -0.564955], [0.188519, -1.993687, 0.565071], [-2.059724, -0.118077, 0.270375], [-3.13658, 2.900037, 1.418965], [-4.791214, 4.196333, 3.478119], [-0.711082, 3.97839, 2.689388], [-2.366069, 5.274541, 4.748602], [-1.644422, 1.047499, -3.529471], [-2.566552, -1.089978, -5.329244], [-2.44047, 3.065196, -5.518206], [-3.362687, 0.927379, -7.317819], [-4.863501, 6.935566, 1.043533], [-2.032446, 6.732966, 1.378681]]",[-81777.796875],"[[0.024945252574514274, -0.05120482809871229, 0.09629028331780548], [-0.004689322970176701, 0.1915562385713804, 0.04577112253040122], [0.2272370508975021, -0.1548949098030525, 0.12190835796515166], [-0.20103708386186112, 0.13218202906357945, -0.1615810158383693], [0.4195737225527593, -0.32481679458371343, -0.0495774320288752], [-0.25692096748172477, 0.22218549888717004, 0.1279770903689849], [-0.056287598460841255, -0.07709878740958273, -0.6295899777796679], [-0.25294490851674317, 0.2950608870712818, 0.34864954563356865], [0.009923131842350833, 0.05180991699251787, 0.2172502122258955], [-0.13236180069573558, -0.3565011847965887, -0.2660369216103691], [-0.021666415464818286, 0.2879121364780392, -0.16766327225228755], [0.013294374450612195, -0.03837600355420005, 0.030266467175289666], [0.33943300989379804, -0.17184815633116673, 0.07784739021877289], [-0.10266775395947209, -0.011044745361637475, 0.21049196099609502]]","tensor(-6, dtype=torch.int32)",
"['Bi', 'Bi', 'Bi', 'Bi', 'Bi', 'Bi', 'Bi', 'Bi', 'Bi', 'Bi', 'Bi', 'Bi', 'Bi', 'Bi']","[[-1.811226, 0.64508, 0.795642], [1.023989, 1.113442, 1.428495], [-1.024031, -1.1135, -1.428674], [1.811269, -0.645022, -0.795463], [5.192109, 0.710949, -3.137986], [8.061548, 1.290693, -2.840445], [5.076607, -0.158146, -0.328859], [7.946203, 0.421848, -0.031567], [-3.617969, -3.520655, -0.835821], [-2.834406, -6.0072, 0.528524], [-1.618456, -4.040613, -2.9314], [-0.83515, -6.527316, -1.566815], [-4.80345, -0.294892, 2.146529], [-5.130603, 1.768772, 0.196528]]",[-81777.6015625],"[[-0.9573297068928487, 0.3484722422618083, 0.6191903739789658], [0.7114493195833436, 0.16063896312066334, 0.39387728063784855], [-0.21028580983095946, -0.43693099245440065, -0.7462116819317935], [-0.004936922398007654, -0.07320310117373732, -0.12068235245775286], [-0.11664972919203563, -0.07131580756864751, 0.032580656700240365], [0.09460024485600825, 0.018357347307483687, 0.05984513302247081], [-0.08698139350156106, -0.033785049502549014, -0.017367903990179564], [0.2775716680826518, 0.0876551257454139, -0.025194104644496066], [-0.13080314567791973, 0.21985808360026554, 0.24036829904700194], [-0.026420675794902225, -0.002916596242459573, 0.04301847739940294], [0.22909642230686514, -0.1474863748031587, -0.12887286320427085], [0.008822760789094997, -0.041834694571398684, -0.08653479263620754], [0.22147206878861914, 0.60089696490015, -0.737857648934058], [-0.01265176799879143, -0.6228063754587194, 0.47795671982330595]]","tensor(-6, dtype=torch.int32)",
"['Bi', 'Bi', 'Bi', 'Bi', 'Bi', 'Bi', 'Bi', 'Bi', 'Bi', 'Bi', 'Bi', 'Bi', 'Bi', 'Bi']","[[-1.487105698317542, -1.3624629522430765, 0.5117871093795503], [-0.9752364930163266, 0.38966591407456297, -1.7961011054746199], [0.9753874595112175, -0.3897133973482105, 1.7962109756532136], [1.4869547318226521, 1.362510435516725, -0.5118969795581443], [3.792684889999877, 4.595218084073643, 4.469298555233335], [2.2698602166291315, 2.337633723849735, 3.3545647168541053], [2.335471768761542, 6.4478674259682105, 2.70745882006346], [0.8126225458312972, 4.189963866467409, 1.592939404492623], [9.885890215893511, 3.2639192132076325, 1.5758420257719457], [9.676516262784382, 5.576708402142364, 3.3829065999053904], [6.951901494900619, 3.15366192371451, 1.3773163791790637], [6.7428351152242065, 5.466681515516411, 3.184408901519733], [-2.3396974995645294, -4.095649352083475, 5.16731067111527], [-0.5104064327206668, -2.102677742451043, 4.245354934563694]]",[-81777.546875],"[[-0.5485708729523738, -0.3374627210329016, -0.09151337669859065], [-0.15275698492361234, -0.06647534324424248, -0.010668947574177478], [0.5879401404852823, 0.11877685543224448, 0.3803222630316558], [0.12262168521951942, 0.33090815270784096, 0.10174061364832367], [0.14549669981373742, 0.4472660101080808, 0.12073444303652119], [-0.27041587266286304, -0.3347541652032222, -0.26017542023559453], [0.27106435665975115, 0.1936164646704465, 0.2096752753376558], [-0.0764849104803265, -0.44185023542310287, -0.1925611290849945], [0.07595721697655473, 0.12532149929363065, 0.029598442783601978], [0.4659836000203222, -0.08387323659823023, 0.04503598202478614], [-0.15013039590790794, -0.05159492122763093, 0.05296753111811816], [-0.36637237518423676, 0.06946615493459268, -0.14010231671885592], [0.5899564006960493, 0.6333525322204182, -0.35645058545847613], [-0.6898782663873564, -0.6118848374285024, 0.10917192863478647]]","tensor(-6, dtype=torch.int32)",
"['Bi', 'Bi', 'Bi', 'Bi', 'Bi', 'Bi', 'Bi', 'Bi', 'Bi', 'Bi', 'Bi', 'Bi', 'Bi', 'Bi']","[[-1.334161, -0.971193, -1.267483], [-0.390494, -1.402995, 1.485943], [0.39051, 1.403172, -1.486015], [1.334144, 0.971015, 1.267555], [-4.078828, 1.56202, -2.471834], [-4.783145, -1.109257, -1.458656], [-6.786051, 2.519603, -1.828535], [-7.490079, -0.151903, -0.815247], [5.304325, 2.578802, 5.624151], [4.271784, 1.64775, 3.03083], [7.187654, 0.318458, 5.685591], [6.154937, -0.612334, 3.092046], [2.987286, 1.874532, -3.929367], [0.2866, 2.411826, -4.694777]]",[-81777.3125],"[[-0.22287532624568673, -0.3381255003712484, -0.008591675051753352], [-0.005359904582478558, -0.1597777459309177, -0.08440740928554082], [0.2798363998399229, 0.3458470416425765, -0.9847896180163299], [0.3160864547198113, 0.14687846283652548, 0.9526137868742452], [0.31104991796021997, -0.08490049572168071, 0.04123112777150382], [0.18137461301687696, -0.0710095890133015, -0.013360498118172137], [-0.27286171302667134, -0.03267025969481475, 0.04487571479196549], [-0.24747951151339267, 0.2019334223401544, -0.000900292322914711], [0.09680748671489538, 0.07019922827212635, 0.3020121254107739], [-0.1560446049265498, -0.01515661007047612, -0.2546953165140528], [-0.016909342346325035, 0.05320607820094774, 0.006578063078702589], [0.006483297306133793, -0.1017714154811788, -0.0628682377863319], [-1.0252171521939102, 0.06477147223981083, -0.1457684141456347], [0.7655834122709966, -0.07323724544254501, 0.21329703609166606]]","tensor(-6, dtype=torch.int32)",
"['Bi', 'Bi', 'Bi', 'Bi', 'Bi', 'Bi', 'Bi', 'Bi', 'Bi', 'Bi', 'Bi', 'Bi', 'Bi', 'Bi']","[[-1.550082, -0.287898, 1.357967], [0.989188, 1.198634, 1.383362], [-0.989264, -1.198675, -1.383534], [1.550158, 0.287939, -1.357795], [-5.629981, 3.25637, 5.74404], [-2.798138, 3.797781, 5.15595], [-5.278489, 0.468706, 4.86926], [-2.446482, 1.010416, 4.28135], [4.057614, 2.033305, 2.622159], [4.258574, 4.968127, 2.691037], [3.967602, 1.970639, 5.562878], [4.168455, 4.905654, 5.63144], [7.465063, 2.212722, 2.787727], [6.985664, 3.299354, 0.188179]]",[-81777.5234375],"[[-0.2986032521158959, -0.15740893586029303, 0.062181855707950914], [0.06937781178126196, 0.1557237824971957, 0.19451722544861547], [0.1373393563162871, -0.07475928793115742, -0.32773381557264947], [0.034600130791731, -0.05815843699662615, -0.10033565926223398], [-0.052972056262177006, 0.06600956193873043, 0.011782169008118615], [0.04169975271868013, 0.10926150591831506, 0.06579919416208549], [-0.05497556379423272, -0.09615530032741365, -0.004543704862804749], [0.05739399618323002, 0.0770628947896614, 0.1614504037257616], [0.8123867715833131, -0.2761578690968107, -0.37938118733368975], [0.02799763707731978, 0.22557436898842428, -0.008015732199454095], [-0.05467464171431922, 0.2505417999110361, 0.5415461010219255], [-0.045467207684757885, -0.2367474124685485, -0.09768299924609963], [-0.847295172671844, 0.11113090463553578, -0.6953937999299953], [0.16307354204641605, -0.09371059124962008, 0.5710047888450371]]","tensor(-6, dtype=torch.int32)",
"['Bi', 'Bi', 'Bi', 'Bi', 'Bi', 'Bi', 'Bi', 'Bi', 'Bi', 'Bi', 'Bi', 'Bi', 'Bi', 'Bi']","[[0.7937989672040601, -1.9185120279697485, 0.13751180942619856], [0.6697080386102933, 0.13616165982688044, -1.965160570641351], [-0.6697271115838902, -0.13610249194715596, 1.965342923002694], [-0.7937798942304638, 1.9184528600900257, -0.13769416178754157], [2.5959131255411316, -4.738841980530381, 0.44022867265688714], [1.1413160210335553, -4.372618892853487, -2.091241566826995], [5.117351974475467, -5.023885086840622, -1.0500583721048617], [3.662414842823011, -4.657481505719024, -3.581512129563251], [0.07755822097943077, 5.420533264945636, 4.353809752153396], [-2.829926153369396, 4.981765103049413, 4.464853765074514], [0.07320841004537915, 4.7244786591059995, 1.4945532085761555], [-2.8344696984966973, 4.285883492272458, 1.6058818401380088], [-3.7359656148291984, -2.2036175704148953, -2.381160623183961], [-2.4458264198787747, -3.0353887011546385, 0.029636271603446618]]",[-81777.8203125],"[[-0.13243841961218655, -0.36231568637966116, -0.29717711182807616], [0.2074519897861964, -0.18896929598828255, -0.437565798174929], [-0.8926900808958433, 0.48631517512091715, 0.4565881154018607], [-0.03544722747512936, -0.053025638081601115, 0.20054703132912433], [0.13492868866311808, -0.14582919505787972, 0.07583760919154468], [-0.23924493203439248, 0.02279336145500155, -0.1420432435654614], [0.10889599769137978, -0.04638625930090111, -0.04924699881060517], [0.200249863061896, -0.1268051294798344, -0.1527078768261555], [-0.0930766597046485, 0.03514885078874895, 0.29234178971282887], [0.09322994895964203, 0.12972261326759463, 0.10587160737522926], [-0.020049586634800436, -0.06606957151960176, -0.25676197037456605], [0.01929804762418118, -0.10161462952395794, -0.028079742730942114], [0.35577196811592343, -0.20159707043914374, 0.6554594036106465], [0.29736927618430253, 0.6150580946997708, -0.4252405398888202]]","tensor(-6, dtype=torch.int32)",
"['Bi', 'Bi', 'Bi', 'Bi', 'Bi', 'Bi', 'Bi', 'Bi', 'Bi', 'Bi', 'Bi', 'Bi', 'Bi', 'Bi']","[[1.3790668839578848, -0.9440007981720492, -1.2396579052915049], [0.6180664159837708, -1.188152570610084, 1.5922287201828529], [-0.618195729783427, 1.1882305207084076, -1.5923483810511012], [-1.3789375701582298, 0.9439228480737264, 1.2397775661597543], [4.219016858288561, 2.674950989228449, 2.7414588073981956], [6.904258718649983, 2.764274710191412, 1.5415375249725276], [3.5857185966080154, 0.2848001963180051, 1.14584876228787], [6.2712346901024585, 0.37431148877525655, -0.05387737628500289], [8.249876641420256, 5.488782107893846, -2.3747181414960488], [6.964387470305968, 5.821739610016828, 0.25110945233221527], [10.503593714977459, 7.157645002586796, -1.4828017170319487], [9.217845631382833, 7.490336987215796, 1.1431304367691284], [-1.0592463167749129, -2.020865853584768, -3.380210185269683], [-2.3222532503105455, -2.459491595683054, -0.854212368879961]]",[-81777.4921875],"[[0.33947471321006767, 0.1674772271249589, -0.5036905970208854], [-0.5737923804294718, -0.5363730386091949, 0.06234584075799264], [0.2246880063958971, 0.4973645484707966, -0.334674409539185], [-0.41322648810094054, -0.009565455199962866, -0.27974281163325126], [-0.22635922437217684, 0.27490851795983556, 0.07889701795205972], [0.10492893759242433, -0.08305192295154902, 0.08818842425716765], [-0.20719431368529984, -0.4758743308027698, 0.04255560658427419], [0.4127653862057621, 0.010573518456627327, -0.35983950698182193], [0.0137354474411211, -0.04613908359110476, -0.12716174168492672], [-0.16234931330863378, -0.049052566740140205, -0.02484507205570233], [0.030243856881622892, 0.03569561160407778, 0.026033997092864365], [0.1148268160456013, 0.12294502733136087, 0.08518074612077992], [0.22809888515234666, 0.4670686575747061, 0.5103905355988366], [0.11744013816167859, -0.36319911791296844, 0.7376082517899054]]","tensor(-6, dtype=torch.int32)",
"['Bi', 'Bi', 'Bi', 'Bi', 'Bi', 'Bi', 'Bi', 'Bi', 'Bi', 'Bi', 'Bi', 'Bi', 'Bi', 'Bi']","[[0.702541, 0.952936, 1.711159], [-1.606128, 1.32042, -0.075826], [1.606211, -1.320594, 0.075828], [-0.702624, -0.952762, -1.711161], [6.515409, -2.263306, 3.638042], [3.929089, -2.349122, 2.237365], [5.717323, -4.589708, 5.25383], [3.130984, -4.675357, 3.852807], [2.511003, -8.479694, -1.789219], [2.05199, -8.853937, 1.093065], [1.817709, -5.631569, -1.52963], [1.358867, -6.006113, 1.352822], [-4.397341, -0.518242, -0.101413], [-6.350065, -1.69373, -1.825752]]",[-81777.5],"[[0.10667759723862029, -0.12713937307509035, 0.17084609403258938], [-0.1046034871748282, 0.20634507784289186, -0.2152152343737941], [-0.031458055876795434, -0.07923095301476621, -0.033059010707143205], [-0.4606499978376857, -0.0673110550765655, -0.22503880790464112], [0.3249220041830817, 0.015653085222450985, 0.17392710007156711], [-0.05974275163813934, 0.07565012424565189, -0.028705750131601555], [0.2341653549841505, 0.036969804753494186, 0.08753284401164181], [-0.22680196858066204, -0.03763862104539218, 0.12584837004393717], [0.03706161375579726, -0.08585067312985599, -0.05696729566731711], [-0.014233238998640358, -0.14286584276443207, 0.059103575039826814], [-0.05028692833742042, 0.19132756453013378, -0.06170666415968012], [-0.07036064221758917, 0.07929646475943636, -0.09899220569767139], [-0.4099520835755386, -0.5216061565707872, -0.3121028881294593], [0.7176523664903782, 0.45282201283679147, 0.4170612391582662]]","tensor(-6, dtype=torch.int32)",
"['Bi', 'Bi', 'Bi', 'Bi', 'Bi', 'Bi', 'Bi', 'Bi', 'Bi', 'Bi', 'Bi', 'Bi', 'Bi', 'Bi']","[[1.008555, 0.191283, -1.809956], [1.803168, 0.174935, 1.023176], [-1.803336, -0.175019, -1.023221], [-1.008387, -0.191199, 1.810001], [0.401581, -0.279494, 5.172587], [-1.619711, -2.274239, 4.402076], [1.197631, -1.965773, 7.449126], [-0.823781, -3.960515, 6.678249], [-2.493436, 3.127587, -1.583901], [-4.658875, 1.485031, -0.456428], [-4.161991, 3.712216, -3.936345], [-6.327428, 2.069603, -2.808491], [3.525837, -7.465973, 7.628178], [2.629257, -4.959095, 6.588969]]",[-81777.796875],"[[0.29443677714580163, 0.006215347071339995, -0.4204367909378018], [0.07841262184939649, 0.08888442226667369, 0.29256177342059886], [-0.3367592668201168, 0.06658523225394432, -0.45567192799621836], [0.15709628954349977, 0.0017661956078658273, 0.40753195425751915], [-0.13105459970573535, 0.08926474005598338, -0.3485238186196608], [-0.1530955993966524, 0.31902486729884366, -0.211687370359005], [0.15518472471118522, -0.2454833573404326, 0.467551511014622], [0.43263621936581964, -0.5552655150548925, 0.43190612850959753], [0.27075047621276005, -0.11396904413599138, 0.0019245828490183883], [-0.2248724060162952, 0.012854741278667472, 0.20939996145934806], [-0.05198706609800353, 0.03489574611179368, -0.04671581834361431], [-0.07551632396336636, -0.0431083992109451, -0.06003652604732353], [-0.2201175080522757, 0.34593049969720735, 0.11357504807032198], [-0.20276861995156165, -0.019677563228862254, -0.3801125123201098]]","tensor(-6, dtype=torch.int32)",
"['Bi', 'Bi', 'Bi', 'Bi', 'Bi', 'Bi', 'Bi', 'Bi', 'Bi', 'Bi', 'Bi', 'Bi', 'Bi', 'Bi']","[[1.039931664349521, 1.0238117966168456, -1.4832620261174094], [-1.3226737034900224, 1.5965485042654748, 0.17456251204988094], [1.3227978350456222, -1.5966802806689357, -0.17449660805610578], [-1.0400557959051215, -1.0236800202133856, 1.4831961221236356], [7.056053471395476, -4.628214985174084, -2.1542108032543847], [6.913592548674167, -2.72791353706286, 0.08785809657580934], [4.771952856457235, -3.286743063020748, -3.43608302000143], [4.629810956426618, -1.3863930079971871, -1.1938035735234416], [2.4795903740091028, 1.0067253236213762, 5.345249267487309], [2.1852290694161236, -1.3253465899880459, 7.115307365938999], [2.0070583724656874, -0.7114023619164543, 3.0033249132732798], [1.7126032548697392, -3.0434060803639897, 4.773750457694289], [-3.418044704963119, -2.095026803706202, -4.131081686657635], [-1.071891619829132, -1.7350925726227429, -2.5391466771152755]]",[-81777.59375],"[[0.2867512827606695, -0.26851212398846835, -0.24140095749006807], [-0.2659722326191642, -0.13566628714471057, 0.06919253798530701], [0.6423791661759918, -0.34175723701102473, -0.2764557572733211], [-0.2950731769511689, 0.10951038884155181, 0.2860781675819156], [0.05292896454943478, -0.07673425620238744, -0.023435834209384214], [0.07127646966859047, 0.012592704584405125, 0.06869235530052938], [-0.02356293933534631, -0.0009445528597985033, -0.06587591592271963], [-0.028533511835861586, 0.09978837394157104, -0.0839433763311424], [0.14640949336133563, 0.40127280584857317, 0.6638725720136964], [-0.02466179857910976, 0.09885470302479225, -0.1448786576950634], [-0.21391559243125588, 0.03604281356641135, -0.2887817868908036], [-0.047619093662061455, -0.34562345838839603, 0.0765914056319842], [0.22041483058577876, -0.12078740779084636, 0.15112392213928336], [-0.5267133987062982, 0.5357148358369986, -0.2001751467628334]]","tensor(-6, dtype=torch.int32)",
"['Bi', 'Bi', 'Bi', 'Bi', 'Bi', 'Bi', 'Bi', 'Bi', 'Bi', 'Bi', 'Bi', 'Bi', 'Bi', 'Bi']","[[1.083992, -1.775742, -0.037641], [-1.767905, -1.074621, -0.22047], [1.768032, 1.074758, 0.220425], [-1.08412, 1.775605, 0.037686], [5.310789, 0.89824, -2.016803], [8.163684, 0.198066, -1.846343], [4.857096, -0.306948, 0.62924], [7.710236, -1.00692, 0.799482], [-2.24167, -2.225651, 6.082952], [-4.66093, -0.789387, 5.221187], [-0.966158, -1.626885, 3.499464], [-3.385654, -0.19049, 2.637975], [3.600315, 3.586095, 1.529626], [1.804291, 4.392787, -0.542038]]",[-81777.7734375],"[[0.027597064126137584, -0.7500097176157327, 0.11925616074784151], [0.14076165077706695, -0.024569742750767114, -0.08115213377820579], [0.4991513118868518, 0.2249617776114575, -0.1889199307803678], [-0.49218346421178005, 0.4887844125363933, 0.25243063617887324], [-0.07072198525510663, 0.03183483068399541, 0.11205377691308323], [0.08242380210292573, -0.033978082892123056, -0.0009683324918277587], [-0.10463536887160647, 0.14868620646594438, -0.03151700102037111], [0.1900717342096198, -0.048179836144090306, -0.005832257631294261], [-0.17667195989790052, 0.05617503550237737, 0.15632464963728274], [-0.20651903877869968, -0.20437175507859232, 0.4784679068356812], [0.14711125064509836, -0.03514788405342729, -0.32137763367689604], [0.1688529737630324, 0.25273757464350133, -0.3813429401273843], [-0.6034953231875781, 0.02681718640084978, -0.5363241876221959], [0.40782490591323817, -0.1420523452756707, 0.43250046504405415]]","tensor(-6, dtype=torch.int32)",
"['Bi', 'Bi', 'Bi', 'Bi', 'Bi', 'Bi', 'Bi', 'Bi', 'Bi', 'Bi', 'Bi', 'Bi', 'Bi', 'Bi']","[[0.818134, -0.188633, -1.903888], [-1.751682, -0.90603, -0.663041], [1.751786, 0.906169, 0.663126], [-0.818237, 0.188495, 1.903803], [6.228051, -1.520274, -1.296594], [4.675454, -3.648281, 0.014644], [3.98193, -1.01036, -3.128201], [2.429433, -3.138462, -1.816604], [0.709478, -0.65509, -6.836777], [-1.86284, 0.403522, -7.79638], [-0.634466, -1.775362, -4.470627], [-3.206814, -0.716676, -5.430607], [-1.410082, -5.085043, -4.914645], [-3.860642, -4.887148, -3.457305]]",[-81777.3828125],"[[0.18241832720963233, -0.012270138946146507, -0.14846288032222185], [-0.4820990778324502, -0.134145118831655, -0.1592823455006568], [0.1607916353105579, 0.19406831058914095, 0.3479653747051255], [0.11721835468070337, 0.068324790189931, 0.06466816525783095], [0.0839281039699438, 0.0006172311922898502, 0.14240494655761993], [0.15480764651364495, -0.07898397270891784, 0.047583812965029906], [0.049871391557589066, 0.042449486813885, -0.24283789641711914], [-0.2519336416637734, 0.02296642764641592, -0.0657590335085632], [0.21002725955450605, 0.12548152484262087, -0.35258122733351854], [0.06847232017066782, -0.004101365346180282, 0.23267545130277423], [-0.14583258891592385, -0.806606928489964, 0.19081385783527116], [-0.2997696079970644, -0.041965203839823245, -0.1754297564316547], [-0.6405716796570309, 0.6905956045648672, 0.526435205190862], [0.7771826934682095, -0.05732992425712403, -0.4072033156702452]]","tensor(-6, dtype=torch.int32)",
"['Bi', 'Bi', 'Bi', 'Bi', 'Bi', 'Bi', 'Bi', 'Bi', 'Bi', 'Bi', 'Bi', 'Bi', 'Bi', 'Bi']","[[1.622859, -1.271846, -0.280092], [0.383439, 0.038873, 2.044595], [-0.383549, -0.038897, -2.044751], [-1.622749, 1.27187, 0.280249], [-2.253074, -2.085461, -0.152979], [-4.338404, -0.193357, -1.007175], [-3.18852, -1.860631, 2.628074], [-5.273956, 0.031464, 1.773507], [3.383407, 0.935044, 3.242937], [5.773543, -0.530442, 2.349678], [3.682856, -0.217288, 5.934093], [6.073178, -1.682637, 5.040525], [1.321408, 2.715929, -0.690433], [0.311413, 5.296231, -1.390574]]",[-81777.734375],"[[0.42554989519175257, -0.165321973000657, 0.2571981839774209], [0.32009712075242475, -0.34619866590478576, 0.3102285528914472], [0.4162096378996456, 0.626241371176119, -0.4316621821071522], [0.017981708928507582, 0.7421349385115026, -0.5785175564245593], [-0.13755661465320349, -0.49847953368247894, 0.06022113135608796], [-0.19279052303552324, -0.02331669436540752, -0.16532459552732748], [-0.08954252219468686, -0.23712377075680666, 0.3117915787870471], [-0.17825802289052736, 0.10917120872550438, 0.33241651692009366], [-0.16286492262088476, 0.11728062683360413, -0.17211046042030528], [0.06980672344711271, -0.11950170123512568, -0.18067948918292775], [-0.009248206605973397, -0.07101154305278144, 0.2558495882037005], [-0.009921383491237187, 0.05605481065226838, 0.016255443603193778], [-0.588342261241421, -0.3773771141586267, 0.04229301967363196], [0.11999730735375289, 0.1848163964503648, -0.054723081324585546]]","tensor(-6, dtype=torch.int32)",
"['Bi', 'Bi', 'Bi', 'Bi', 'Bi', 'Bi', 'Bi', 'Bi', 'Bi', 'Bi', 'Bi', 'Bi', 'Bi', 'Bi']","[[-1.502579, -1.181542, 0.822149], [0.366729, 0.834808, 1.870163], [-0.366768, -0.834803, -1.870352], [1.502617, 1.181537, -0.82196], [2.252205, 1.381666, -8.184073], [-0.074729, 1.666439, -6.405704], [2.978576, -1.128778, -6.831331], [0.651352, -0.843784, -5.053085], [-2.293275, 2.45962, -8.804253], [-2.915083, 1.193114, -11.386429], [-4.394293, 4.464034, -9.28165], [-5.015999, 3.19716, -11.863871], [-4.735628, -1.180888, 2.083266], [-7.053467, -2.210608, 0.765865]]",[-81777.6796875],"[[-0.6268455807521586, -0.19328844314827148, 0.592061621125246], [-0.028305835383191553, 0.17497899037688336, 0.16355454429103514], [0.2124131931816262, 0.108356734217003, -0.592144924913602], [-0.15786381568239055, -0.20082306511671413, 0.008175300091829284], [-0.07386186958894099, 0.029986108789798138, -0.010392538405319125], [0.044577415238722454, 0.14945753783961194, 0.05738350607654813], [0.26256598185095664, -0.0890618799047088, -0.11073001800959496], [-0.08862242671008462, -0.19331374281732777, 0.1424534375899778], [0.12897365050376342, -0.01345652887419375, 0.016159227727642486], [0.023777672847566204, -0.16307292498131712, -0.19938226953279473], [-0.3024308040804007, 0.27412433106327355, -0.08003899976182034], [0.02787462000763812, 0.012136138117703818, 0.09387673602750808], [-0.4787801417757418, -0.28426399619104953, -0.5194896232814434], [1.056218502764357, 0.3963522773275815, 0.44017762905035057]]","tensor(-6, dtype=torch.int32)",
"['Bi', 'Bi', 'Bi', 'Bi', 'Bi', 'Bi', 'Bi', 'Bi', 'Bi', 'Bi', 'Bi', 'Bi', 'Bi', 'Bi']","[[-1.45443, -1.472744, 0.213004], [-1.216075, 1.00462, -1.356763], [1.216239, -1.004702, 1.356823], [1.454267, 1.472827, -0.213064], [0.331112, -2.389781, 4.27024], [3.236569, -2.844076, 4.168978], [0.76152, -0.012982, 5.951143], [3.667111, -0.467486, 5.849587], [-3.925377, 2.121494, 6.204106], [-2.145346, 2.320593, 3.869547], [-4.519693, -0.676326, 5.512113], [-2.739392, -0.476952, 3.177562], [1.524099, -3.261606, -4.062495], [-0.76939, -1.759936, -3.254322]]",[-81777.7109375],"[[-0.3694631514206143, -0.456568832117519, -0.5380375717135696], [0.1587702843127247, -0.014857662598879202, -0.4226911354325742], [0.5642618099764353, -0.19269307817198325, 0.26948590413667783], [0.08210472802468524, 0.308024602046421, -0.017289536722614938], [-0.40329071156627067, 0.1413785101876347, -0.08110369416793949], [0.4449183345170946, -0.09206647271560187, 0.015227222886630807], [-0.09565815154603911, 0.1443092094529304, -0.12362955821444503], [-0.11773653509753325, -0.09228044003865726, -0.009388007846346065], [-0.08329268118431646, -0.00738773990605975, 0.03201124959578065], [0.16288189191110547, -0.033489439324695496, -0.0567831017352853], [-0.23660852139919675, -0.0605711615334583, 0.2823380845951847], [0.1828896621010348, 0.03794137375176586, 0.05022626055377688], [-0.0799451030225992, 0.2692124928757585, 0.11383745500364369], [-0.21749693542128595, 0.04445391480137996, 0.47810980338993314]]","tensor(-6, dtype=torch.int32)",
"['Bi', 'Bi', 'Bi', 'Bi', 'Bi', 'Bi', 'Bi', 'Bi', 'Bi', 'Bi', 'Bi', 'Bi', 'Bi', 'Bi']","[[-0.43738658063348956, 1.2835847160751217, 1.578232541570028], [-1.351299998127764, 1.0232345999467976, -1.206600261694452], [1.3513764980083711, -1.0233908938810463, 1.2066829476931722], [0.43731008075288286, -1.2834284221408743, -1.5783152275687498], [2.8101635090152293, -4.054513240400911, 1.8735124207389209], [3.3604388951706374, -2.6891418644609972, 4.42130983516132], [0.1916349580890091, -4.917900757755927, 2.9019720164522216], [0.7421716972519377, -3.5522462869494627, 5.449764969709641], [3.1697052845451035, -6.201333680864671, -0.6372679926337699], [3.274234226967104, -7.890774227038034, -3.0441701512026613], [3.4941044674861637, -3.8008768257564274, -2.3083248360792625], [3.5984761456745993, -5.490668321283739, -4.715203109259214], [1.3032641369400115, 3.1886438107751784, -1.022737446586925], [1.1536585184739347, 5.369570130699411, 0.8183010022731548]]",[-81777.7421875],"[[0.15351412380000443, 0.4532172430326587, -0.06355256298104976], [-0.11146802786792008, 0.5053547187485274, -0.20051648660672708], [0.2434315644643853, -0.18559904068417948, 0.029555808727474795], [0.281847055042708, -0.28479981438529056, -0.32711731611672273], [-0.07781185755349261, 0.017884994258667984, -0.024638560935925737], [0.08797527968757753, 0.06761624519007997, 0.2537402540071776], [-0.023702077230737625, 0.07115115403141527, 0.014153884426917441], [0.02503694330600672, -0.01983504852652854, -0.025439362310276558], [0.0658975646232739, 0.02488484190132863, 0.08382942497620592], [-0.014218727684397092, -0.19700188949156502, -0.3784583664782339], [-0.13501266093866468, 0.13584621304314143, 0.21206974503197779], [0.04209568225499285, -0.1330954396762766, -0.03708058850758948], [-0.5516963076784749, -0.24449672166932865, 0.98185650191273], [0.024951418083294458, -0.21042398099102907, -0.5172419636585761]]","tensor(-6, dtype=torch.int32)",
"['Bi', 'Bi', 'Bi', 'Bi', 'Bi', 'Bi', 'Bi', 'Bi', 'Bi', 'Bi', 'Bi', 'Bi', 'Bi', 'Bi']","[[1.261745, 1.581947, -0.48493], [-1.539774, 1.345734, 0.383408], [1.539891, -1.345881, -0.383367], [-1.261863, -1.581801, 0.484889], [-3.719162, 0.827592, -2.77575], [-1.899816, 2.653941, -4.194463], [-4.265189, 2.92123, -0.78116], [-2.445774, 4.747506, -2.200244], [-2.311388, 4.160735, 4.264616], [-5.137322, 4.740863, 3.68508], [-1.55898, 5.169423, 1.604486], [-4.38515, 5.749595, 1.025252], [2.843146, -2.105383, 2.559524], [2.070207, -0.167285, 4.512621]]",[-81777.234375],"[[-0.08317677578990001, 0.34296118244113666, -0.10096439717595619], [0.07573975295127205, 0.4253262090933889, 0.31335671298840173], [0.3774875173892443, -0.2610554064887661, 0.2456547985937531], [-0.2212551704063438, -0.5537341651677046, 0.03140403182738375], [0.3575885563450937, -0.4052289130420226, -0.6486747728478665], [-0.1365302297053098, -0.333433440203137, -0.02364733327204386], [0.07491417127098987, 0.29898742656207394, 0.22340620791913632], [-0.10100275805627328, 0.041116461649494396, 0.3019416257232207], [0.060016368587425005, -0.10223400861701301, 0.019199322350560887], [-0.08582341942131974, -0.03287419456780329, 0.1337919519066984], [-0.010676871718489621, -0.04436748969206509, -0.11151770160838427], [0.003870002443765033, 0.4250327432167542, 0.005876583474234358], [-0.5655226796619238, 0.7006460523637557, 0.13144355640643013], [0.27285970756509975, -0.5043718368901086, -0.5209685226352221]]","tensor(-6, dtype=torch.int32)",
"['Bi', 'Bi', 'Bi', 'Bi', 'Bi', 'Bi', 'Bi', 'Bi', 'Bi', 'Bi', 'Bi', 'Bi', 'Bi', 'Bi']","[[-0.550683, 1.891148, -0.670836], [0.786485, 0.843398, 1.73177], [-0.786481, -0.843507, -1.731928], [0.550678, -1.891039, 0.670994], [0.133059, 4.857903, 1.050614], [2.559458, 6.268227, 1.934859], [-1.16954, 5.493632, 3.611657], [1.257099, 6.904082, 4.495629], [5.996111, -2.665222, 2.207088], [3.858541, -1.252624, 0.760134], [7.913023, -0.578953, 1.411607], [5.775091, 0.833571, -0.035241], [5.632428, -6.935847, 1.545906], [7.900465, -5.220303, 1.261024]]",[-81777.59375],"[[0.03297043615440037, 0.19430865744517575, 0.23524974405134394], [0.13260045062274833, 0.4540348542887463, -0.1666485086970905], [-0.07853706331101486, -0.42294572620797605, -0.10749392294241847], [-0.06579482328430138, -0.2299856131144291, -0.27613133529755657], [-0.0035405848118036667, -0.041521775717520075, 0.037890486449940426], [0.07034881513652627, 0.006640777461590921, 0.014007048644416924], [-0.02650666895864785, 0.0031290682110918728, 0.03550703650984354], [-0.0026605615347261922, 0.02274175938610319, -0.001966555102826967], [0.8264774531174721, -1.0247769790900039, 0.2807627173976061], [-0.6156653896013051, 0.20300850400877224, 0.001275875166031912], [-0.009424229567653493, 0.20466491242267756, -0.1877162424607138], [0.18339092464973555, 0.2565633268348009, -0.025736252898210365], [0.6798843828892036, 0.2977665632638329, -0.0911304363826105], [-1.1164276013510157, 0.06924041195256599, 0.26562204817551915]]","tensor(-6, dtype=torch.int32)",
"['Bi', 'Bi', 'Bi', 'Bi', 'Bi', 'Bi', 'Bi', 'Bi', 'Bi', 'Bi', 'Bi', 'Bi', 'Bi', 'Bi']","[[-0.828213, 1.798502, 0.639663], [0.236387, 0.788551, -1.910815], [-0.236446, -0.788681, 1.910944], [0.828272, -1.798371, -0.639792], [2.599464, -1.756319, 3.659588], [1.734713, 0.274496, 5.605433], [3.834708, -3.311033, 5.831429], [2.969661, -1.279993, 7.777174], [-3.446886, -0.095341, 5.938565], [-3.31245, 2.81283, 5.511038], [-0.990915, 0.028935, 7.554926], [-0.856807, 2.937287, 7.127305], [-3.858892, 5.476299, 1.73028], [-3.367174, 3.655426, -0.417016]]",[-81777.5390625],"[[-0.3285255615166734, 0.7518156614719462, -0.18692773610845925], [-0.03804632624067622, -0.040286179990042, -0.19390545682511395], [0.15694063487229365, -0.4219500402487544, 0.39864570261195303], [0.09880122404955129, 0.024683776381050127, 0.05988997308632669], [-0.049655583323655196, -0.006911540484794026, -0.7033714232173811], [-0.4800352007648821, 0.24451266251771778, 0.01073653162913823], [0.09288079295782851, -0.3039317635114662, 0.3559124018480225], [0.22913704575921165, -0.06645240899139876, 0.16677850374459927], [-0.08363242694337122, -0.09670546528520493, -0.07426121355213448], [-0.07325483179786463, 0.15906529285210674, -0.11281502955680156], [0.15592921375304916, -0.08473789906811159, -0.001483486204347359], [0.01673865185554156, 0.1896469363110953, 0.06708490071780616], [0.1955610939076456, -0.6471660486809727, -0.48569502469648845], [0.0983652161350628, 0.28066444978060084, 0.6897476542747487]]","tensor(-6, dtype=torch.int32)",
"['Bi', 'Bi', 'Bi', 'Bi', 'Bi', 'Bi', 'Bi', 'Bi', 'Bi', 'Bi', 'Bi', 'Bi', 'Bi', 'Bi']","[[-1.774554, 0.74619, 0.789856], [0.308457, -1.104123, 1.736281], [-0.308408, 1.104248, -1.736419], [1.774505, -0.746315, -0.789718], [2.250434, -4.385141, -1.515374], [1.677983, -4.339034, 1.370538], [-0.610088, -3.999777, -2.088754], [-1.182248, -3.953581, 0.797394], [7.505133, -0.991267, 2.928284], [5.601131, 1.045036, 3.869857], [5.64992, -1.725472, 0.765187], [3.74606, 0.31112, 1.706972], [-2.845549, 6.1771, -2.46687], [-2.342367, 3.683275, -1.164607]]",[-81777.5703125],"[[-0.6060916245913432, 0.3889609687283662, 0.12959395519446687], [0.34783352846231996, -0.33145435816458074, 0.09355781621554232], [-0.38942690430015303, 0.4837012359397409, -0.4947515348872688], [0.37237117354352417, -0.35804986392863847, 0.10703060989730213], [-0.01194807724438535, 0.13216346568851986, 0.10017866761664684], [0.3776691916387888, -0.08037545450701414, -0.11870177917854084], [-0.134583132207715, -0.13559604456761526, 0.04316965320643262], [-0.2115432856584039, 0.05364974800708133, -0.06980775188894427], [-0.010071592562945209, 0.11799241142522457, 0.15238782572817505], [0.5472899486511699, 0.1313515108625058, 0.45959306816739476], [-0.20338187981571892, -0.12255833320269553, -0.15370644242250553], [-0.2582629298056316, -0.01705890349967918, -0.2264004134675307], [0.15251674091176068, -0.21875184014415153, 0.1608350869779412], [0.024774623790240695, -0.04615381602034181, -0.18007157721629455]]","tensor(-6, dtype=torch.int32)",
"['Bi', 'Bi', 'Bi', 'Bi', 'Bi', 'Bi', 'Bi', 'Bi', 'Bi', 'Bi', 'Bi', 'Bi', 'Bi', 'Bi']","[[1.512236, -0.014042, 1.429216], [-0.935066, -1.583037, 0.973936], [0.935142, 1.583128, -0.974088], [-1.512312, 0.013951, -1.429064], [-1.664566, -4.422192, 2.62521], [0.735021, -3.179783, 3.789992], [-0.010566, -5.64124, 0.518539], [2.389005, -4.39873, 1.683692], [6.642408, 5.834971, 0.216675], [3.708123, 5.87591, 0.432564], [6.609207, 2.894411, 0.325596], [3.67474, 2.935665, 0.541357], [-0.92242, 3.712413, -2.969653], [-1.873971, 6.303142, -2.227412]]",[-81777.6875],"[[0.16794090012471627, -0.1428889312835505, 0.49334694045582017], [-0.06164716879972455, 0.13067947554767503, 0.0419953680387428], [-0.06795064305161065, 0.4501495553153997, -0.5511517477286656], [-0.555985938557898, 0.28707195092374893, -0.5632246263893103], [-0.10541518489038437, -0.1717419182899669, 0.011670310532309344], [0.2032577983087416, 0.0652796767708746, 0.057824656200194405], [0.09179907783939711, -0.10915701622822889, 0.020763124719743672], [-0.028776450365311925, -0.01410067798876185, 0.02381683077030273], [0.04703818343571578, 0.010747674796383147, 0.0226454458085779], [-0.09355483373423082, 0.11054201884278639, -0.004161269511763884], [0.21519631104409348, -0.04198847233626221, -0.026407300908882835], [0.016137260210120432, -0.05333591898218178, 0.10053430280199917], [-0.10040250798128517, 0.32021878542109794, 0.6239921688905044], [0.2716647095789224, -0.8441070029940181, -0.24751365578220036]]","tensor(-6, dtype=torch.int32)",
"['Bi', 'Bi', 'Bi', 'Bi', 'Bi', 'Bi', 'Bi', 'Bi', 'Bi', 'Bi', 'Bi', 'Bi', 'Bi', 'Bi']","[[1.523958, 0.485775, -1.330898], [0.891514, 1.190227, 1.455152], [-0.891591, -1.190389, -1.455221], [-1.523881, -0.485613, 1.330968], [-0.944833, -1.450445, 4.546804], [-3.754863, -1.036452, 3.778265], [-0.818709, -3.821138, 2.807907], [-3.628884, -3.406791, 2.03941], [-0.989427, -2.198784, -4.960817], [-2.663902, -3.718344, -3.077898], [-1.80093, -4.003697, -7.1388], [-3.475519, -5.523077, -5.25556], [2.879903, 3.602955, 0.125553], [1.449668, 5.504593, -1.457623]]",[-81777.40625],"[[0.6187836252345852, 0.06637656140632146, -0.08112873672653788], [0.8656122359127856, 0.732423362296112, 0.3978905177750409], [-0.2109807793986339, -0.004272716610840533, -0.4716618844828049], [-0.5375295214487805, -0.08658014692097919, -0.37296828687092604], [0.028176796786586127, -0.0431155365972561, 0.3297210737237666], [-0.19927397460793178, 0.03213190124924973, 0.362192684736607], [-0.057057952814768845, -0.22643538048980358, 0.1655811403422093], [0.16536994981209913, -0.034953842790858315, -0.12266755372520687], [0.0015425275072342849, 0.11772013145031993, 0.33231038172307703], [0.16172669462380931, 0.2676080207743468, 0.1598561131984823], [-0.2196274555195389, -0.36058219625048066, -0.18516113015230262], [0.018352343937973165, -0.10408715795329512, -0.37864513151484464], [-1.079277711290607, -0.16997464384661978, -0.5724173537006804], [0.4481447622310545, -0.20042115004894176, 0.44549590744969686]]","tensor(-6, dtype=torch.int32)",
"['Bi', 'Bi', 'Bi', 'Bi', 'Bi', 'Bi', 'Bi', 'Bi', 'Bi', 'Bi', 'Bi', 'Bi', 'Bi', 'Bi']","[[-0.507707, 0.831014, 1.838848], [0.994406, 1.75279, -0.517484], [-0.994532, -1.752934, 0.517457], [0.507833, -0.830871, -1.838822], [0.561261, 5.639269, -3.964864], [-2.090721, 6.228332, -2.83424], [0.066831, 2.758527, -3.623221], [-2.585308, 3.34793, -2.492684], [-1.140794, 4.713843, 4.148383], [0.325365, 2.229699, 4.729519], [-0.712822, 5.613952, 6.917228], [0.753489, 3.129619, 7.498065], [-3.017865, -4.406497, -0.152036], [-4.689892, -3.29079, -2.183726]]",[-81777.3359375],"[[-0.13075943690007857, 0.19833361881924788, 0.16805526285638542], [0.027694940935246836, 0.07740505738702033, -0.2914571240493238], [-0.08166152101737587, -0.8343614881981861, -0.042572822700534446], [-0.13743721255655975, 0.01828796347931771, -0.23593844012384593], [0.043001076163613, 0.26384094118953755, -0.09837246664997529], [0.014350867033124663, -0.08640253501666935, -0.037833639327701125], [0.09468241735834963, -0.218206817395518, 0.24754600027780282], [-0.030452100925885663, 0.031849804797062876, 0.07116678634725493], [-0.05709348548004913, 0.005878516944877683, -0.0630320685700989], [0.009342015927638845, -0.05458958957484947, -0.09611118017283986], [0.05692260986973598, -0.04588745472817777, 0.04865932143700785], [0.02771737639380225, 0.17780694830320656, 0.3528730991253144], [-0.3220655069959328, 0.9499208119383139, -0.5190556208285265], [0.48695635718080116, -0.48476248506572434, 0.4875237999613627]]","tensor(-6, dtype=torch.int32)",
"['Bi', 'Bi', 'Bi', 'Bi', 'Bi', 'Bi', 'Bi', 'Bi', 'Bi', 'Bi', 'Bi', 'Bi', 'Bi', 'Bi']","[[-1.5296258190385545, 1.2869368613359033, 0.577713655885012], [-1.0113213678193587, -0.4063214714971081, -1.7722970619458547], [1.011412187255262, 0.4062755042859222, 1.7724606340876092], [1.5295349996026526, -1.2868908941247188, -0.577877228026767], [4.582328490607366, 2.8893678451917424, -3.595277552164325], [2.983332773723022, 3.2429782824293767, -6.039962811220006], [3.257292355497478, 0.30848422949098775, -3.1021468189753927], [1.6584353098047178, 0.662333837098507, -5.547100472954263], [-4.345784835271783, 4.611456367413358, -3.09470776977703], [-1.8808842251357714, 6.068252803586021, -3.773178686978162], [-3.278644020796931, 4.057104342661754, -0.4088627943752954], [-0.8137635346104675, 5.514157643659229, -1.0876202137377262], [0.00011229786115918294, -4.017220583651212, -6.2819744798329165], [2.4138907508091467, -2.528411092685467, -5.927906825435711]]",[-81777.1484375],"[[-0.18681707576738374, -0.07210405681044418, -0.18118203728391793], [-0.11880153803620186, 0.14877264700188672, -0.04179915162170009], [0.3202791035345187, -0.05991779243787029, 0.21103127589256335], [0.10180977636149585, 0.0027306842983481423, -0.07480217395553333], [-0.004340182394990656, 0.3861939459805627, -0.2206087947152104], [0.4966952385268195, 0.14302509698204863, 0.08886889279501718], [-0.04792189779052671, -0.45841915323876437, 0.20735187097389432], [-0.6597634326757115, -0.6484017215415881, 0.004066801987326239], [-0.09310298781553634, 0.06905215567529951, -0.11881017694758693], [0.07472025856364985, -0.003553874851371959, 0.09154027045248586], [0.03579853292037082, 0.030188310738300514, 0.05142625676725563], [-0.0603219700776721, -0.06215994989693875, -0.08949932763776149], [0.49008652273932735, 0.41372080866727823, 0.1431249586838928], [-0.33117055964116265, 0.11404478887688553, -0.06620316611352099]]","tensor(-6, dtype=torch.int32)",
"['Bi', 'Bi', 'Bi', 'Bi', 'Bi', 'Bi', 'Bi', 'Bi', 'Bi', 'Bi', 'Bi', 'Bi', 'Bi', 'Bi']","[[0.61059, -0.559412, -1.908914], [1.625508, 1.290966, 0.141538], [-1.625624, -1.291109, -0.141479], [-0.610475, 0.559554, 1.908855], [3.436259, 5.148858, -1.89562], [6.043968, 3.952629, -2.549228], [3.577794, 3.982703, 0.80251], [6.185704, 2.786635, 0.148615], [-4.381653, -5.264589, 4.961142], [-2.075574, -3.439249, 4.86923], [-5.703254, -3.701058, 2.847235], [-3.396839, -1.875852, 2.755456], [-4.064835, -2.919984, 7.551046], [-2.440332, -0.874929, 8.711642]]",[-81777.59375],"[[0.17433544290078673, -0.08304312977388921, -0.4390153355144167], [0.12730443798905522, 0.01910516850088187, -0.10608315785998049], [-0.1475380540051944, -0.028734875604271244, 0.1548926472310231], [-0.29998943743855966, -0.11394600703896451, 0.324540349419391], [0.0012465368059030924, 0.0421600627136483, 0.06551297880036325], [0.058997131310260686, 0.015392606617563448, -0.09623747282975503], [0.10122027350364751, 0.129746318851812, -0.015293351696399905], [-0.0001270462476672429, 0.01214423709712733, 0.07760961446731697], [-0.2902516873785561, -0.39858929257749215, -0.1664628749464945], [-0.00036378908356964095, 0.2754962210444787, 0.3805489830334225], [-0.12649510568971165, -0.1740399201404889, 0.1958047317775414], [0.12515293767743849, 0.15838873239321713, -0.03316547500554596], [0.6051130621886169, 0.6326120541016973, -0.2461404802487058], [-0.32702717319018676, -0.48900871569985593, -0.09734824142992791]]","tensor(-6, dtype=torch.int32)",
"['Bi', 'Bi', 'Bi', 'Bi', 'Bi', 'Bi', 'Bi', 'Bi', 'Bi', 'Bi', 'Bi', 'Bi', 'Bi', 'Bi']","[[0.058496, 1.572607, -1.361323], [0.381774, -1.346658, -1.539372], [-0.381872, 1.346726, 1.539524], [-0.058399, -1.572675, 1.361172], [-2.817916, -0.120097, -0.397663], [-3.51672, -2.608926, 1.007937], [-4.475051, -0.94667, -2.684701], [-5.17382, -3.435501, -1.278716], [0.442522, 4.207738, 5.721814], [-2.224868, 3.969583, 4.502542], [0.687819, 1.275432, 5.757483], [-1.979705, 1.037582, 4.538017], [-5.763316, -1.742511, 4.99848], [-3.364642, -1.377082, 6.508801]]",[-81777.078125],"[[0.45985820047157017, 0.2873591433052111, -0.6871086725349741], [0.10978945653254472, 0.04208139719795252, -0.2139192433997579], [0.09761548203985793, 0.034089504280153914, 0.5677194314141292], [0.0211794071199029, -0.1018066396139096, 0.34452945339007757], [-0.07815581992405676, 0.14934039831499762, -0.1620279252362723], [-0.23352041911158125, -0.1931538201125207, 0.9209999991931063], [-0.3857844204432369, 0.2083415405484014, -0.33680580381299474], [-0.07660307844677237, -0.3444247065895335, -0.2010798156199623], [-0.05629433475483795, -0.1554418351690744, -0.07705425587827633], [-0.0662383902462518, 0.4533101627521398, 0.1612399331049335], [0.1652154778489993, 0.06914353273203333, 0.06973524673981951], [-0.26851073559199573, -0.7785361229185381, 0.1165001937497273], [0.6012656612967632, -0.04848466116075457, -0.01896899251796544], [-0.28748749284578945, 0.36888640124147726, -0.4850313711825849]]","tensor(-6, dtype=torch.int32)",
"['Bi', 'Bi', 'Bi', 'Bi', 'Bi', 'Bi', 'Bi', 'Bi', 'Bi', 'Bi', 'Bi', 'Bi', 'Bi', 'Bi']","[[0.620438, -1.780432, 0.880247], [-1.856113, -0.191909, 0.920283], [1.856232, 0.191934, -0.920433], [-0.620557, 1.780406, -0.880097], [3.313678, -3.942288, 0.67453], [6.061059, -3.503998, 1.632712], [4.296279, -5.975679, -1.212181], [7.043702, -5.537235, -0.253648], [1.818186, 3.344104, 0.807226], [3.507403, 5.248656, 2.282876], [1.52961, 5.293603, -1.378188], [3.219064, 7.198011, 0.097728], [-0.708925, 1.917983, 3.238258], [-0.028384, 3.012481, 5.789175]]",[-81777.734375],"[[0.4697721226173193, -0.08216252645561874, 0.12722931031326], [-0.6333767006034597, 0.10571914087370096, 0.04969788313618713], [0.1785823420221088, -0.1271393216529988, -0.08400821958862206], [-0.40196772399415615, 0.032753856589092835, -0.20935743538961318], [-0.05863799942268107, 0.046878358432882704, 0.06200306109553477], [0.1130262715090033, 0.06139592046027524, 0.024694024803901593], [0.039853262543257335, -0.11127082414671907, -0.1325545306949693], [-0.0455281942853692, -0.015185442437223815, 0.013420348290559584], [-0.2772805162001381, -0.7481955462248665, 0.247487996158503], [0.4216391422830748, 0.7005020705073377, 0.3889857027544152], [-0.14316100557008887, 0.1757246621268536, -0.3160534417370183], [0.008104851826367646, -0.3267295935462258, 0.08692920007860958], [0.5811154004910716, 0.7021840871228487, -0.02098197714149895], [-0.24696986716376476, -0.4270506489344517, -0.26267273411307224]]","tensor(-6, dtype=torch.int32)",
"['Bi', 'Bi', 'Bi', 'Bi', 'Bi', 'Bi', 'Bi', 'Bi', 'Bi', 'Bi', 'Bi', 'Bi', 'Bi', 'Bi']","[[-1.788733, 0.726141, -0.776446], [-1.050949, -0.979116, 1.505239], [1.051085, 0.979233, -1.505309], [1.788597, -0.726258, 0.776517], [-2.289579, -3.698768, 5.5e-05], [-3.920551, -6.116848, -0.388704], [-3.73719, -2.370376, -2.190757], [-5.36819, -4.788699, -2.579218], [3.561671, -3.461469, -0.482248], [5.085003, -3.511557, -2.999244], [1.672747, -5.429313, -1.586518], [3.196447, -5.479288, -4.103499], [1.031515, -0.956791, -5.857785], [-1.055472, -1.776925, -4.085749]]",[-81776.6640625],"[[-0.2281649625400242, -0.21628013446827957, -0.24602827724488296], [-0.13713428501507471, 0.07378684475732894, 0.16725240974058062], [0.24471259160977238, -0.10792067488042294, -0.06373629411425738], [0.2193049875832543, 0.17373683833272913, -0.07745714796578869], [0.2545688695908629, 0.2758882116485766, -0.12997668982208072], [-0.36476749170609246, -0.4680353414742779, -0.11590626859200327], [-0.06461602325697102, 0.30054942401584234, 0.22521492856829523], [-0.2370078653623902, -0.3478420645295219, 0.02443940317524477], [-0.03435523308059155, 0.04985918395304849, 0.10116756585978022], [0.03308087023827294, 0.03548831372630005, -0.12572315725094513], [-0.1267981874974714, 0.047854066909526385, -0.010325987934399088], [3.546976577786792e-05, -0.04753717827017796, -0.0405113264758064], [-0.684236234499436, -0.25724137853434625, 0.45581179608531003], [1.125538567536777, 0.48058387448201767, -0.16024532700963498]]","tensor(-6, dtype=torch.int32)",
"['Bi', 'Bi', 'Bi', 'Bi', 'Bi', 'Bi', 'Bi', 'Bi', 'Bi', 'Bi', 'Bi', 'Bi', 'Bi', 'Bi']","[[-1.268576, 0.418243, 1.595463], [0.82867, 1.9017, 0.160463], [-0.828754, -1.901847, -0.160556], [1.26866, -0.418096, -1.59537], [-0.749231, 4.723312, -0.92001], [-1.249482, 5.907727, 1.726728], [1.807014, 6.171858, -1.084879], [1.306517, 7.356088, 1.562092], [0.573631, 0.88199, 7.455392], [-1.396261, 3.063795, 7.587923], [-0.678601, -0.09795, 4.979207], [-2.648397, 2.084167, 5.111944], [-0.04076, -4.613178, 1.661777], [2.765252, -4.77672, 1.144287]]",[-81777.703125],"[[-0.13127036680199597, 0.28540376685087226, 0.5215110257013682], [-0.18304547103851562, 0.43179022311518106, 0.17450410736116204], [-0.2135738926327211, -0.7332178336109897, 0.08136229586648443], [0.3296643551567562, -0.28948128160253694, -0.31160800192011423], [0.0015201079895272632, -0.23235365185368015, -0.04805388287297955], [-0.03735685883680057, -0.0679774339613227, 0.1235936655945237], [0.14791780615149677, 0.07866237894819005, -0.03647234743957019], [-0.006540447818713401, 0.003882221875386674, -0.05055016830862568], [0.12611915877818605, 0.09756837940397263, 0.2846730589295512], [0.047187173803853406, 0.031314603667920736, 0.06769960040052764], [-0.14503014717685167, -0.09657079082736257, -0.26751875202336767], [-0.016273389913154444, -0.0403560111904047, -0.16482883514242555], [0.7837750056084882, 0.6204795258148222, -0.5731038386232444], [-0.7042445703323728, -0.09027878370189835, 0.19408461139217112]]","tensor(-6, dtype=torch.int32)",
"['Bi', 'Bi', 'Bi', 'Bi', 'Bi', 'Bi', 'Bi', 'Bi', 'Bi', 'Bi', 'Bi', 'Bi', 'Bi', 'Bi']","[[0.083013, 0.539404, -2.007951], [-1.14965, 1.686093, 0.405337], [1.149799, -1.686214, -0.405312], [-0.083161, -0.539284, 2.007926], [-1.659092, -5.831656, 0.477219], [1.233443, -5.806438, -0.062146], [-2.128659, -4.264286, -1.968741], [0.764089, -4.239345, -2.507942], [-0.146131, -2.008259, -4.865257], [0.889231, -2.377516, -7.594724], [-2.649236, -0.917263, -5.962551], [-1.613592, -1.286778, -8.692066], [-4.877592, -6.003451, 1.58198], [-5.073696, -3.821012, -0.25289]]",[-81777.5859375],"[[-0.08401773267556396, 0.02887887802952582, -0.3715346389577359], [0.025792452102095787, -0.03494259163722108, 0.18211174869964525], [0.29667348386316283, -0.15546883176715276, -0.22395333897352454], [-0.24027198546947662, 0.06652779377765188, 0.16322580285957802], [-0.48748034829397935, 0.10653664928560544, 0.11738074564590618], [0.6652033757437309, -0.3139407651045429, -0.08489221676493668], [-1.0692663442813175, 0.19743398932709358, 0.13333794626015766], [0.5235879639801971, -0.130615043666928, 0.46684522858680044], [-0.08737122437781265, 0.19614658584235084, 0.2372699123410709], [0.11464622165997992, -0.08161920063600729, -0.25888580560091395], [-0.1284258509621847, 0.0959252378896944, 0.013434777329456325], [0.011053281428839394, -0.018444014100628976, 0.0002589303885543119], [0.31932599506712345, 0.5624152426678751, -0.555839899817817], [0.12631965351324806, -0.5198814596192666, 0.17692325965944142]]","tensor(-6, dtype=torch.int32)",
"['Bi', 'Bi', 'Bi', 'Bi', 'Bi', 'Bi', 'Bi', 'Bi', 'Bi', 'Bi', 'Bi', 'Bi', 'Bi', 'Bi']","[[1.71820214215905, -0.7973901698838496, 0.8611997533575801], [-0.4474177654505529, -1.8564367671135789, -0.826053748770393], [0.4474479392968993, 1.8566269978289072, 0.826049411266226], [-1.718232316005398, 0.7971999391685218, -0.8611954158534141], [2.2436070625176714, 2.9678672056901343, -4.269678490237519], [0.15272209290949013, 4.169031240573329, -2.583345585692357], [4.197258084360847, 3.3190664961649814, -2.097176324444333], [2.106007044130432, 4.520147536179112, -0.4109304380079013], [-0.4834493343063604, -5.199469995171488, -0.9505216275948032], [-0.2391590205144467, -7.57221917410715, 0.7724691548035211], [-2.5353588104687104, -4.10258919426134, 0.851249425393023], [-2.2907405319078404, -6.475539412344704, 2.574218063459901], [-2.213540177347574, -4.099539755725682, -3.6377837164663736], [-5.007567607604702, -4.35648453928881, -4.181506183692482]]",[-81777.4375],"[[0.36805326051373316, 0.006718167709415566, 0.06527962534878302], [-0.43623293756123155, -0.22204480804461307, 0.05490861223099838], [0.0005279603844270607, 0.03238996815804227, 0.01589895481112126], [-0.20911271765579426, 0.38328690087739287, -0.17415418002797486], [-0.14523814953728406, 0.09146041194426548, 0.13298781323860415], [0.008796936614704607, -0.08967298004101984, -0.1789347376156917], [0.09443600269550864, 0.003863446641309774, -0.012895174469275125], [0.03355756845382697, -0.013212803586742271, 0.09776470894961681], [-0.04597848211468886, 0.050415658401476375, -0.4106756438261303], [0.0273212308847049, -0.5044793604835979, 0.26775915030149405], [-0.06940563113280558, 0.3581342475809177, -0.1901509242306497], [0.10944893944211628, -0.11632736409993419, 0.05347758684447873], [-0.18414806352612764, -0.02935167330832909, 0.16183565803586275], [0.4615962671669011, 0.05556558087299684, 0.11884380699547882]]","tensor(-6, dtype=torch.int32)",
"['Bi', 'Bi', 'Bi', 'Bi', 'Bi', 'Bi', 'Bi', 'Bi', 'Bi', 'Bi', 'Bi', 'Bi', 'Bi', 'Bi']","[[-1.334161, -0.971193, -1.267483], [-0.390494, -1.402995, 1.485943], [0.39051, 1.403172, -1.486015], [1.334144, 0.971015, 1.267555], [-4.078828, 1.56202, -2.471834], [-4.783145, -1.109257, -1.458656], [-6.786051, 2.519603, -1.828535], [-7.490079, -0.151903, -0.815247], [5.304325, 2.578802, 5.624151], [4.271784, 1.64775, 3.03083], [7.187654, 0.318458, 5.685591], [6.154937, -0.612334, 3.092046], [2.987286, 1.874532, -3.929367], [0.2866, 2.411826, -4.694777]]",[-81777.3125],"[[-0.22287532624568673, -0.3381255003712484, -0.008591675051753352], [-0.005359904582478558, -0.1597777459309177, -0.08440740928554082], [0.2798363998399229, 0.3458470416425765, -0.9847896180163299], [0.3160864547198113, 0.14687846283652548, 0.9526137868742452], [0.31104991796021997, -0.08490049572168071, 0.04123112777150382], [0.18137461301687696, -0.0710095890133015, -0.013360498118172137], [-0.27286171302667134, -0.03267025969481475, 0.04487571479196549], [-0.24747951151339267, 0.2019334223401544, -0.000900292322914711], [0.09680748671489538, 0.07019922827212635, 0.3020121254107739], [-0.1560446049265498, -0.01515661007047612, -0.2546953165140528], [-0.016909342346325035, 0.05320607820094774, 0.006578063078702589], [0.006483297306133793, -0.1017714154811788, -0.0628682377863319], [-1.0252171521939102, 0.06477147223981083, -0.1457684141456347], [0.7655834122709966, -0.07323724544254501, 0.21329703609166606]]","tensor(-6, dtype=torch.int32)",
"['Bi', 'Bi', 'Bi', 'Bi', 'Bi', 'Bi', 'Bi', 'Bi', 'Bi', 'Bi', 'Bi', 'Bi', 'Bi', 'Bi']","[[-1.811226, 0.64508, 0.795642], [1.023989, 1.113442, 1.428495], [-1.024031, -1.1135, -1.428674], [1.811269, -0.645022, -0.795463], [5.192109, 0.710949, -3.137986], [8.061548, 1.290693, -2.840445], [5.076607, -0.158146, -0.328859], [7.946203, 0.421848, -0.031567], [-3.617969, -3.520655, -0.835821], [-2.834406, -6.0072, 0.528524], [-1.618456, -4.040613, -2.9314], [-0.83515, -6.527316, -1.566815], [-4.80345, -0.294892, 2.146529], [-5.130603, 1.768772, 0.196528]]",[-81777.6015625],"[[-0.9573297068928487, 0.3484722422618083, 0.6191903739789658], [0.7114493195833436, 0.16063896312066334, 0.39387728063784855], [-0.21028580983095946, -0.43693099245440065, -0.7462116819317935], [-0.004936922398007654, -0.07320310117373732, -0.12068235245775286], [-0.11664972919203563, -0.07131580756864751, 0.032580656700240365], [0.09460024485600825, 0.018357347307483687, 0.05984513302247081], [-0.08698139350156106, -0.033785049502549014, -0.017367903990179564], [0.2775716680826518, 0.0876551257454139, -0.025194104644496066], [-0.13080314567791973, 0.21985808360026554, 0.24036829904700194], [-0.026420675794902225, -0.002916596242459573, 0.04301847739940294], [0.22909642230686514, -0.1474863748031587, -0.12887286320427085], [0.008822760789094997, -0.041834694571398684, -0.08653479263620754], [0.22147206878861914, 0.60089696490015, -0.737857648934058], [-0.01265176799879143, -0.6228063754587194, 0.47795671982330595]]","tensor(-6, dtype=torch.int32)",
"['Bi', 'Bi', 'Bi', 'Bi', 'Bi', 'Bi', 'Bi', 'Bi', 'Bi', 'Bi', 'Bi', 'Bi', 'Bi', 'Bi']","[[1.741754, 1.026066, -0.49315], [0.242249, 0.546722, 1.992816], [-0.242276, -0.546846, -1.992961], [-1.741726, -1.025942, 0.493295], [-0.247676, -4.305654, -5.175699], [-1.425842, -5.657351, -2.842643], [-1.883085, -1.922918, -4.620846], [-3.061051, -3.274905, -2.287634], [-0.921676, -12.709184, -1.462288], [-2.471287, -10.208471, -1.521054], [1.205418, -11.427983, -3.041482], [-0.344457, -8.92722, -3.099972], [-3.294456, -1.80984, -7.669607], [-2.168239, -0.033455, -9.604636]]",[-81777.9140625],"[[0.2534839148806621, 0.28454285819367614, 0.377301677950282], [0.2589092540746734, 0.16720659265698476, -0.1323793870510552], [-0.10311486904574138, -0.19155083925176475, -0.0219611977469974], [-0.33571694102383404, -0.2753013313173987, -0.1476891835323417], [0.06284998294382176, -0.26001272073784226, -0.25900402498945135], [0.09098902563077144, 0.0012863544740745597, -0.009613971943366557], [-0.009263422402871278, 0.46181763927114367, -0.40128519857264344], [-0.3602175621991022, 0.13375971025527908, 0.22355898295321408], [0.06411198391532505, 0.01889116518236238, -0.02774705208285182], [-0.05345604098810762, 0.1010915640084282, 0.020903188212783388], [0.09022329926508586, -0.27636319750848104, 0.005759089137188156], [-0.021754048993285237, 0.10103659379253148, -0.027847973079782484], [0.32235650461217175, 0.3010582970340966, -0.32323006310389607], [-0.2594763369005938, -0.5776444093095675, 0.7281645846716355]]","tensor(-6, dtype=torch.int32)",
"['Bi', 'Bi', 'Bi', 'Bi', 'Bi', 'Bi', 'Bi', 'Bi', 'Bi', 'Bi', 'Bi', 'Bi', 'Bi', 'Bi']","[[-2.0720460797883185, 0.008012845761897813, 0.1904613794635439], [0.18307662710203165, 0.6596290545919665, 1.964758861014896], [-0.18304406159459918, -0.6596231870501776, -1.9649486557979623], [2.072013514280888, -0.008018713303686698, -0.19027158468047778], [3.91246667570417, 2.557188490967508, -6.9272621635548335], [3.4128067817045684, -0.2406046866188134, -6.165024021264813], [2.9632095003169105, 3.4457497192105144, -4.287332491045719], [2.463742498730508, 0.6476841475171816, -3.5252868636055044], [2.209579988878823, -4.24777195202422, 1.3268840675524727], [3.8963593101518827, -1.9349512550783978, 2.008022529898154], [3.686314499504374, -5.8958364892089765, 3.2667287478185267], [5.37295192378234, -3.582665633785542, 3.947791564388783], [4.666475389946786, 6.252862614018898, 0.10276258417807616], [4.310028908782771, 6.107323492383497, -2.7291993319386254]]",[-81777.65625],"[[-0.1115791510078198, 0.08386598608331777, 0.22504667548465251], [-0.17000919949216006, -0.04012382502030329, 0.13528843761579662], [-0.08359668858972463, -0.030555119944152703, -0.20877184061072473], [0.12761672435120744, 0.023387214621797367, -0.014083518436802327], [0.18811224398795473, -0.0487119725165744, -0.3320479747897553], [0.08911150222308142, 0.12349406100313744, -0.2709381154249276], [-0.0604607068807491, 0.6757665017956503, 0.31438109247472384], [0.09771081859764325, -0.3906065270809486, 0.2735408960122314], [-0.04408343405818912, 0.23590403874458035, -0.10608644887384147], [-0.2104276319595311, 0.09785382343432121, -0.13624499136332757], [0.11997622429620597, 0.020786341794091064, 0.10689007332101991], [0.188094914743093, -0.3265419029119667, 0.243273133000234], [-0.16748211222365883, -0.09930125246805419, -1.1589248747146041], [0.02872638581695174, -0.3174828216166075, 0.9107808869338425]]","tensor(-6, dtype=torch.int32)",
"['Bi', 'Bi', 'Bi', 'Bi', 'Bi', 'Bi', 'Bi', 'Bi', 'Bi', 'Bi', 'Bi', 'Bi', 'Bi', 'Bi']","[[-1.992683, -0.270941, 0.534341], [-0.494925, 1.790167, -0.937688], [0.495003, -1.790342, 0.937698], [1.992604, 0.271117, -0.534352], [0.666885, -0.613574, -4.555173], [-1.88718, 0.666692, -3.850911], [1.163315, 1.480989, -6.561718], [-1.390896, 2.761177, -5.857108], [6.252818, -1.020271, 2.604588], [8.011992, -1.755782, 0.363462], [3.922093, -1.992717, 1.093983], [5.681639, -2.728285, -1.147063], [2.893155, -4.940176, -0.272512], [0.496523, -5.75865, 1.052063]]",[-81777.265625],"[[-0.4030888798568277, 0.3223757878965135, -0.08904197955526819], [-0.6950754971831284, 0.015630274382627055, -0.24895177741735777], [-0.1269285939217128, -0.25537815046811485, 0.39457132460787464], [0.4739020364803019, -0.33558535189148636, -0.19886048956955438], [0.16549125452613125, -0.017317556620315703, 0.031567898606614846], [-0.01500294029200491, 0.03674338299985865, 0.4294687213688079], [0.03653141085395649, -0.09798479550156997, 0.008179408716946352], [-0.04945019834768415, 0.24785031621576048, -0.1852784239431917], [0.514174893006416, 0.05926792004450957, 0.30432586242131876], [-0.08349847239481095, 0.07750368495866664, 0.07641502785787221], [-0.32119014873100327, -0.2788087807618314, -0.2406760602650953], [0.04926807672594293, -0.16795822936957802, -0.15427887314595], [0.28239511169474457, -0.19362541211438103, 0.14372829408437557], [0.18872195572779316, 0.605010732226377, -0.27347641270939277]]","tensor(-6, dtype=torch.int32)",
"['Bi', 'Bi', 'Bi', 'Bi', 'Bi', 'Bi', 'Bi', 'Bi', 'Bi', 'Bi', 'Bi', 'Bi', 'Bi', 'Bi']","[[0.311617, -1.499319, 1.408777], [0.619761, -1.290162, -1.510061], [-0.61976, 1.290326, 1.510162], [-0.311618, 1.499155, -1.408878], [-0.492587, 5.149639, 6.021666], [-1.056282, 7.634409, 4.549769], [0.315879, 3.845725, 3.510481], [-0.247814, 6.330823, 2.038786], [-3.346762, 4.390063, 0.023624], [-3.976416, 1.895746, 1.45199], [-3.223317, 2.905414, -2.514178], [-3.853149, 0.411128, -1.085471], [-4.458963, -3.99932, -1.127953], [-1.994395, -3.820463, 0.30807]]",[-81777.6640625],"[[-0.3240138900458171, -0.6082451817866231, 0.16641371542694608], [-0.06289204621473243, -0.6808768292566558, -0.08818374484683408], [-0.2930604134426292, 0.6947705641800719, 0.10612810076801953], [-0.08065261958061869, 0.6189764580780021, -0.25789407914274376], [-0.06637553296448989, 0.12986566952636416, 0.33171182857711096], [0.025489046335159065, 0.0415367549727967, 0.052758500315854245], [0.1465030301459157, 0.017985154208643297, -0.08286346098591624], [-0.12963493860145442, -0.12968399527681967, -0.13490431459171018], [0.28948518968149684, 0.05608293853636146, 0.08024098573753809], [0.004855976826771316, -0.14802959777858696, 0.1077592609349601], [0.2352781804679865, 0.10764407544982575, -0.17357007648974218], [-0.22066397061947338, -0.6916358734774869, 0.10075063554126713], [0.15650257007414203, 0.22011329144076636, 0.38200715928429524], [0.3189212003622227, 0.3631778291670552, -0.5947165437134098]]","tensor(-6, dtype=torch.int32)",
"['Bi', 'Bi', 'Bi', 'Bi', 'Bi', 'Bi', 'Bi', 'Bi', 'Bi', 'Bi', 'Bi', 'Bi', 'Bi', 'Bi']","[[1.99149, 0.505735, -0.328501], [0.219483, 0.448047, 2.019897], [-0.219531, -0.448158, -2.020047], [-1.991442, -0.505624, 0.328651], [-0.502232, -5.994627, 0.053653], [-3.240004, -5.043987, -0.455461], [-0.344954, -4.267768, 2.431273], [-3.082954, -3.317354, 1.921945], [6.289086, -2.410012, -0.560845], [5.35932, -3.962196, -2.881314], [5.12566, 0.028845, -1.726296], [4.195853, -1.523719, -4.046717], [-4.482956, 1.693299, -0.080459], [-5.044011, 1.269229, 2.689672]]",[-81777.234375],"[[-0.17560078630824258, -0.008172744413877863, -0.23115515716527546], [-0.011394842387726867, 0.2403532323741696, 0.4708628880238685], [0.5223137245508983, -0.09670567097357124, -0.49359736604180426], [-0.7077998937440645, 0.2469306835299824, 0.040818902574370076], [-0.02950463346193653, 0.016538434799774092, 0.04041218982545349], [-0.0720422988784592, -0.08171998793549987, -0.08905072131083641], [0.02882451459430973, 0.07047587912481511, -0.0611630812296108], [0.021618999154174364, 0.060561905556974285, 0.03277999958045101], [0.09691521599675093, -0.018236145437634722, 0.047332034978037334], [-0.03314045815799334, -0.06482952778120221, -0.009989049821544463], [-0.0256308376104758, -0.06066958341673828, -0.06524337277422065], [-0.020111591392824993, 0.10497280063654024, 0.014056485843259855], [0.5038014630503271, -0.5335129418756356, 0.7222181340015744], [-0.11157215760336521, 0.12942616490964837, -0.4182286234812662]]","tensor(-6, dtype=torch.int32)",
"['Bi', 'Bi', 'Bi', 'Bi', 'Bi', 'Bi', 'Bi', 'Bi', 'Bi', 'Bi', 'Bi', 'Bi', 'Bi', 'Bi']","[[1.248991, -0.615767, -1.546146], [0.140107, 1.96496, -0.669483], [-0.140097, -1.965101, 0.669614], [-1.249001, 0.615908, 1.546015], [2.226522, 5.917983, 3.596171], [1.183624, 3.304503, 4.456635], [-0.181123, 6.33895, 1.957302], [-1.223883, 3.725325, 2.818095], [5.160002, -0.486175, -1.73791], [3.733816, -2.186551, 0.194195], [7.559675, -0.565843, -0.036417], [6.133187, -2.266419, 1.895557], [5.246236, -7.682417, -0.081803], [5.222157, -5.540109, 1.809806]]",[-81777.7265625],"[[0.012619500636326336, -0.1716126945738318, -0.20276954554921003], [-0.0921861319227035, 0.19129532287871448, 0.2019705490902736], [0.16337477265887904, -0.3218143615006666, -0.07992129459419867], [-0.04968028649644919, 0.14154948864213102, -0.03596539760754091], [-0.046186731301160786, 0.08426841537200593, -0.03161958295085973], [-0.08687366421970551, -0.0534920364522121, -0.026098259280709187], [0.11219513624283073, 0.10087008906000244, -0.008964104692215], [-0.0182613011248346, 0.0763607775512576, 0.09338822615751861], [-0.0730346938238199, 0.032068518379170886, -0.0062561145055429045], [-0.6749725447016885, -0.23628379089088267, -0.22717066497727512], [0.12659013371494748, -0.04446643608067916, -0.008059780363099671], [0.5843920161664115, -0.4146669237302189, 0.44007982423216957], [0.09024047424367286, 0.611459062510238, 0.47222341372283494], [-0.055941013563606624, -0.002145365656091498, -0.580019595719548]]","tensor(-6, dtype=torch.int32)",
"['Bi', 'Bi', 'Bi', 'Bi', 'Bi', 'Bi', 'Bi', 'Bi', 'Bi', 'Bi', 'Bi', 'Bi', 'Bi', 'Bi']","[[0.16336, -1.168788, -1.713757], [-1.626392, 0.994567, -0.83342], [1.626565, -0.994579, 0.833505], [-0.163533, 1.1688, 1.713672], [0.385485, -3.285423, 4.919047], [0.621292, -5.948994, 3.691001], [-0.964475, -2.290277, 2.500959], [-0.728623, -4.954148, 1.27315], [-2.488755, 4.655025, -2.420055], [-0.33153, 2.853089, -3.290525], [-4.48901, 2.673588, -3.276063], [-2.331437, 0.871704, -4.146375], [-3.760266, 1.204227, 2.258727], [-2.033327, 2.621728, 4.041034]]",[-81777.1953125],"[[0.27580542208113623, -0.2652380794177074, 0.02671949985347936], [-0.5317594485528314, 0.5099655834340374, -0.3142204498606347], [0.36226925223096634, -0.7650424518675978, -0.15304356023997565], [-0.27186715835346437, 0.22274450844471272, 0.9450645096097028], [0.12671318678009325, 0.05923094756066511, 0.3089116845482303], [0.00021368619848072712, -0.23299843345997462, 0.10820560468985574], [0.2635258266123486, 0.4269755212586565, -0.22017268395653877], [0.007054205935667578, -0.20399632238798254, -0.2816103591551752], [-0.17188399752899647, 0.2699506055782668, -0.18759941146864895], [-0.04048841279179932, -0.1552763588783769, 0.2775048193636006], [-0.11398585915993734, 0.1548680674712489, -0.008585350134489278], [-0.06997677630396062, -0.15544728591078166, -0.1890116677917427], [0.34096065739039244, 0.21153639509813246, -0.08508623231645986], [-0.1868361533633591, -0.08050272418366929, -0.23077051992027325]]","tensor(-6, dtype=torch.int32)",
"['Bi', 'Bi', 'Bi', 'Bi', 'Bi', 'Bi', 'Bi', 'Bi', 'Bi', 'Bi', 'Bi', 'Bi', 'Bi', 'Bi']","[[-0.02414, -1.073071, -1.782596], [1.904504, -0.728894, 0.412896], [-1.904689, 0.72893, -0.412858], [0.024325, 1.073035, 1.782558], [-0.284023, 6.076962, -1.93478], [-0.457216, 3.912711, 0.051255], [2.555106, 6.464446, -1.264661], [2.38163, 4.299937, 0.72133], [-2.384828, -5.752208, -3.785871], [-0.360078, -4.38666, -2.144536], [-3.853913, -6.502609, -1.348958], [-1.828951, -5.136789, 0.292205], [3.199749, -2.693847, -2.041117], [2.603213, -4.51497, -4.161471]]",[-81777.3984375],"[[-0.009842774539842145, -0.28717057849539523, -0.30720323697764823], [0.3449620674465219, -0.13270015805831775, 0.020841471418471664], [-0.02591518120806461, 0.2818429926974733, -0.012084253227301781], [-0.036353732100927585, -0.11520106602810479, 0.3845349664620785], [0.11428328453762354, 0.5482361151362021, -0.3982819427361314], [-0.10083753887603367, -0.20402043934893252, 0.23846017949482312], [-0.12681603096324892, 0.19399410851099413, -0.19845754605995045], [-0.07116673492516336, -0.3908755160419923, 0.1716591287225266], [-0.2751816206882055, -0.09462652154480454, -0.30357967645043277], [0.2563864862618647, 0.11976313114870742, -0.16568691558458493], [0.002900867253087744, -0.07185239709426225, 0.033063057625750375], [-0.15608836512648255, -0.11641591294163123, 0.36097968901837735], [0.051676270976507066, -0.09347908899333665, -0.4995756984086437], [0.03541999947763889, 0.35934858027352834, 0.6745164307493932]]","tensor(-6, dtype=torch.int32)",
"['Bi', 'Bi', 'Bi', 'Bi', 'Bi', 'Bi', 'Bi', 'Bi', 'Bi', 'Bi', 'Bi', 'Bi', 'Bi', 'Bi']","[[0.023188, -1.634526, 1.287439], [-0.419153, -1.264728, -1.598024], [0.419251, 1.264866, 1.598116], [-0.023286, 1.634389, -1.287532], [1.817344, 4.275901, -7.085317], [1.426341, 2.227136, -5.009747], [1.374522, 6.387527, -5.084116], [0.983671, 4.338413, -3.008612], [-4.232497, 3.529026, -0.685183], [-3.775214, 0.629524, -0.480022], [-3.08765, 3.517574, -3.396097], [-2.630581, 0.617877, -3.19068], [-2.695913, -3.680686, -7.208794], [-2.500871, -1.074501, -6.052074]]",[-81777.125],"[[-0.013863092499044766, 0.053315812944374846, 0.16488241696184966], [0.11951944185672005, -0.502248567306768, -0.06772932236945964], [0.08900356725285954, -0.11339841318575211, 0.1926361539166066], [0.07069437159192934, 0.21410174040276764, -0.1645520814455536], [0.03190979895130674, 0.21851925802394495, -0.11813953002922878], [-0.10387709870919966, -0.16047682926591839, 0.31725918694033545], [0.1064543739390809, 0.21544205721974397, -0.28676532099167024], [-0.08155091209839194, -0.1036087782353465, -0.02147962985937095], [-0.06958643120679324, -0.26426301371720845, -0.32330117985654827], [-0.1813204141323539, 0.024050595598615578, 0.4954311292495615], [0.04179065669217143, 0.6313974642986288, 0.09330970462367925], [-0.051712883505710495, -0.4763710167853201, -0.4689165618576473], [-0.011485808067728061, 0.4820791260609181, 0.3486058882778191], [0.06931970481777901, -0.2169819431741339, -0.1827716998229552]]","tensor(-6, dtype=torch.int32)",
"['Bi', 'Bi', 'Bi', 'Bi', 'Bi', 'Bi', 'Bi', 'Bi', 'Bi', 'Bi', 'Bi', 'Bi', 'Bi', 'Bi']","[[0.0332, -1.817232, -1.013055], [-1.604339, 0.622509, -1.169394], [1.604514, -0.622493, 1.169473], [-0.033375, 1.817216, 1.012976], [2.454558, -4.749837, 5.898382], [2.720679, -2.060692, 7.062853], [1.594223, -3.560125, 3.348036], [1.860576, -0.870942, 4.512812], [-1.171691, -0.623161, 6.066844], [-1.3e-05, 2.075853, 6.095166], [-3.654772, 0.442753, 7.232174], [-2.482803, 3.141836, 7.260253], [-3.176895, -1.196899, 1.299922], [-4.982468, -2.307362, -0.617113]]",[-81777.5546875],"[[-0.26217640808516296, -0.2210744731765393, 0.14146417939220338], [-0.44833939484767654, -0.23220627613921802, 0.44059625629788574], [0.08730545552268461, 0.2277739489556663, -0.06700411661193739], [0.22633736998325626, 0.09668746755315269, 0.19489800603674937], [0.09734371628586906, -0.06099883906911118, 0.27013623932886277], [-0.006572890016289859, -0.1790134134158058, 0.17561415605205283], [-0.04242281931719274, 0.0775561869141676, -0.23693258342032028], [0.06533912070873857, 0.1649428893415452, -0.12948046663835458], [0.3703922457712427, -0.045546531403225864, -0.05122286182622864], [0.17121808144306347, -0.31061020765513786, -0.19042145585444067], [-0.4299383593311883, 0.28264682283301806, 0.15956717246590646], [-0.24249218569544134, 0.028538484352117165, 0.15441221062941135], [0.22702508903601826, -0.02096532152603689, -1.5100590843911224], [0.18947220404391382, 0.17788377290802387, 0.6456696658160577]]","tensor(-6, dtype=torch.int32)",
"['Bi', 'Bi', 'Bi', 'Bi', 'Bi', 'Bi', 'Bi', 'Bi', 'Bi', 'Bi', 'Bi', 'Bi', 'Bi', 'Bi']","[[-0.1317384928124843, 0.1458854859040437, -2.0714915143549426], [1.0301291827263857, -1.797445096099133, -0.19217158060999973], [-1.0302685108438925, 1.7975600786083703, 0.19223854103295013], [0.13187782092999112, -0.14600046841328085, 2.071424553931994], [2.6447783962238702, 6.543379359377857, -0.5203552253976279], [4.5446654085644775, 5.132611615224562, 1.228495074707589], [0.4743620675746554, 4.79804703376925, 0.4298905063336521], [2.3745713230811094, 3.387466564143244, 2.1788385591549146], [5.230781818925971, -7.037599915034431, -1.6815877380193516], [2.579823474601203, -6.261847988333867, -2.695955750457267], [5.9066295694080315, -4.201832220826167, -1.279704272561905], [3.255391803860154, -3.426345120667201, -2.2940562013764247], [3.0538184963192956, -1.5960503432387974, 2.9440834818899013], [5.239278323611823, 0.056338079770860916, 2.130682063775713]]",[-81777.5625],"[[-0.021395647299406025, 0.13292055314282036, -0.10068985462902212], [0.25477625488619626, -0.5647863153105291, 0.1086755511847856], [-0.054997418183153304, 0.16430088452819588, -0.2253940317132608], [-0.07740845124506447, 0.03488306542401058, 0.8054139359653583], [0.24228922269998363, 0.2098418314922764, -0.13122794357644424], [0.07875797261643325, 0.16201316709598945, -0.038124153576279275], [-0.209013473019049, -0.1569811040583654, 0.1418124097963685], [0.06533125312872717, -0.39615939306207304, 0.00846668851596426], [0.053558216684072776, -0.10982889727678492, 0.023935471819991117], [-0.0800165797298924, -0.06016945215405223, -0.0593542063141772], [0.028621690438499263, 0.11558261794761236, 0.01010228640940802], [0.03623846948265586, 0.013422831977582792, -0.08630601575077775], [0.4786618195430212, 0.9300580006245424, -0.9769863156193931], [-0.7978662013635631, -0.4728434098809889, 0.5135779853673804]]","tensor(-6, dtype=torch.int32)",
"['Bi', 'Bi', 'Bi', 'Bi', 'Bi', 'Bi', 'Bi', 'Bi', 'Bi', 'Bi', 'Bi', 'Bi', 'Bi', 'Bi']","[[-1.850088, 0.945693, 0.112043], [-0.85748, -1.547655, -1.094713], [0.857583, 1.547731, 1.094857], [1.849985, -0.945768, -0.112187], [4.442265, 0.243466, -2.807472], [4.669673, -2.272694, -1.298984], [6.691672, -0.578642, -4.51749], [6.91877, -3.094922, -3.008809], [4.063115, 4.957867, -6.655932], [3.52431, 2.670085, -4.885605], [1.393797, 4.656491, -7.857503], [0.855198, 2.368686, -6.086851], [-1.485988, -3.550645, 3.060751], [-2.73172, -1.011788, 2.647713]]",[-81777.625],"[[-0.21411279615245687, -0.2735787426716327, 0.22474688469075374], [0.16420745058779895, -0.0036479371697279717, -0.0898830392851153], [0.11535810909578352, 0.07427545747150155, 0.19129249466367768], [-0.3756506174339008, 0.06444581613384838, -0.054841557823580876], [-0.22941518785255616, 0.11912282326438019, 0.12322851732222949], [0.10870465608861865, -0.41058267268455756, 0.254393211726033], [0.045354896694542735, -0.04622118924472709, -0.060571675754374076], [0.22757756798793055, -0.040567613097247504, -0.1776546874900446], [0.051744199559481396, 0.21158504039676507, -0.21101682628483], [-0.025569758450099643, 0.04214377219503644, -0.010063750693979589], [0.026861419684025032, 0.052189052073721265, -0.0019930194822575012], [-0.04670995108296528, -0.09327185796427798, 0.04363395869791639], [-0.3267844094958478, 0.860615551274167, -0.10625578182140728], [0.47108354021882903, -0.5640730909003446, -0.120970161904314]]","tensor(-6, dtype=torch.int32)",
"['Bi', 'Bi', 'Bi', 'Bi', 'Bi', 'Bi', 'Bi', 'Bi', 'Bi', 'Bi', 'Bi', 'Bi', 'Bi', 'Bi']","[[0.643996, -1.218691, 1.558774], [1.635415, 1.250264, 0.301928], [-1.635603, -1.250305, -0.301949], [-0.643809, 1.218732, -1.558753], [-1.508523, -0.792413, 7.026668], [-1.611877, -0.946499, 4.090022], [-1.502929, -3.73115, 7.180478], [-1.60616, -3.884927, 4.243635], [3.343691, 0.433223, 9.095991], [0.925359, 1.50128, 7.804001], [3.069275, 2.418735, 11.25059], [0.650754, 3.486559, 9.958358], [3.563533, -4.142301, -0.307926], [3.406618, -2.992174, 2.303746]]",[-81777.34375],"[[0.29789640404506695, -0.014099238170197672, 0.581506722607979], [0.1924855386103751, 0.1678540482120413, -0.012002708074477645], [-0.15900836859673007, -0.26563567502978724, -0.20330711209456476], [-0.03662009853530078, 0.009618939317412974, 0.06708186681440308], [-0.023309305010847783, 0.06185609675780532, 0.5253250022336965], [-0.010506680021994452, 0.09932526658482105, -0.5450078362269455], [0.019810972703251797, -0.049040492833037734, 0.1970081629867375], [0.059872900951922846, -0.016744745373393537, -0.2390796614320613], [0.08515416089943419, -0.10438566319490448, -0.023628245391650166], [-0.02924440682529772, -0.08711740493378445, -0.19163871960627127], [0.007234656339432528, 0.024990894822998766, 0.04624015885431016], [-0.05468364058034534, 0.1508219716175383, 0.14255031681051047], [0.1282402172115887, 0.14760783378346554, 0.795045185419603], [-0.4722670196564929, -0.13329706569735328, -1.1501203841946468]]","tensor(-6, dtype=torch.int32)",
"['Bi', 'Bi', 'Bi', 'Bi', 'Bi', 'Bi', 'Bi', 'Bi', 'Bi', 'Bi', 'Bi', 'Bi', 'Bi', 'Bi']","[[1.8030965149297382, -0.7499024813815651, -0.7184733299131609], [-0.30426482537146304, 0.9946376009569597, -1.8019500220022082], [0.30427809884376356, -0.9946512428707676, 1.8021417371897157], [-1.8031097884020402, 0.7499161232953734, 0.7182816147256545], [-0.9104764237536407, 6.519223171455647, -1.5176273985601803], [1.244442440494066, 6.202577906676662, -3.4961051276702206], [-1.9732889265441795, 3.875273022735949, -2.252349190908957], [0.18194838890212978, 3.5588386553390006, -4.23077613489953], [-0.5317000627303183, -3.2290529341602556, 4.318113014686181], [-0.6509702703502045, -5.916322066390879, 3.1253544941478504], [-0.9500654311104233, -4.39541169416287, 6.987277037120984], [-1.0691696811802482, -7.08272842185964, 5.7941740448665735], [3.1735555880477233, -0.8230400313653294, -3.7816739891202635], [1.8548270325783673, -2.6600002469348256, -5.5294657923967785]]",[-81777.6328125],"[[0.9132054385517375, -0.11486666816657413, -0.6726148418028447], [-0.05122696016692739, 0.1662191856545071, -0.1960977348553519], [-0.24732390826427816, -0.24476848742331753, 0.3362091532844171], [-0.21089037936164007, 0.06138501897686074, 0.20709661171130195], [-0.020098432479590225, -0.029586374018708658, -0.01644297997117815], [0.032042755911290396, 0.03132361796057433, -0.0067581689544539665], [-0.2519679401988559, 0.11844477156483481, 0.07879448230145351], [0.1490249237831676, -0.025597922329656825, -0.12898131239540853], [0.03090221392009395, 0.11588960783433205, -0.22278271505875505], [0.030902717856591412, 0.034918788351029705, -0.1310294028808622], [-0.08511245758316456, -0.18533144011960842, 0.30983620233270825], [0.017537905424935895, 0.1223268309464121, 0.06221533148956808], [-0.8624749741056217, -0.7010923961186513, -0.17497827046760128], [0.5501680431167815, 0.6521370222738023, 0.5589257395334031]]","tensor(-6, dtype=torch.int32)",
"['Bi', 'Bi', 'Bi', 'Bi', 'Bi', 'Bi', 'Bi', 'Bi', 'Bi', 'Bi', 'Bi', 'Bi', 'Bi', 'Bi']","[[-0.767041, -1.455116, 1.274363], [1.933787, -0.554228, 0.53123], [-1.933931, 0.554352, -0.531257], [0.767186, 1.454992, -1.274336], [1.648534, -3.883233, 1.456443], [0.88877, -5.318173, -0.997537], [4.342278, -5.058841, 1.309648], [3.582218, -6.493641, -1.144534], [-4.280027, -2.707968, 5.855578], [-1.710387, -2.059427, 4.57704], [-3.635578, -0.885827, 8.074664], [-1.06591, -0.237345, 6.795747], [2.606223, 6.087549, -4.610466], [2.551678, 3.430397, -3.559366]]",[-81777.5390625],"[[-0.051378197680466975, -0.0017965536680706353, -0.04174306554641614], [0.36665601944138015, -0.5561623163320101, 0.37201091036992984], [-0.33436885947102946, 0.29613807704565437, -0.1064636299155649], [-0.01406072816581503, 0.4407953626364752, -0.5668138883814433], [-0.06505115699590269, 0.13855924259478816, 0.02271034563035829], [-0.04863786299819242, 0.04891443157553466, -0.08743581052483443], [0.28287657673818783, -0.16919467356156714, -0.06708006704119786], [0.0003804332319052808, 0.035990481303812584, 0.15369230134732165], [-0.20661067294589136, -0.04580728768740792, 0.0759229698635639], [0.18551604542837286, -0.04989291684512355, -0.08603013622946265], [0.00863532212308462, -0.03354870842744811, -0.045010816053167944], [0.04910136116283842, 0.12355556182466454, 0.06104198220394498], [-0.12322841447804632, -0.8948081568479345, 0.3448623085888609], [-0.061644854805603555, 0.6708515782826406, -0.025766026289233933]]","tensor(-6, dtype=torch.int32)",
"['Bi', 'Bi', 'Bi', 'Bi', 'Bi', 'Bi', 'Bi', 'Bi', 'Bi', 'Bi', 'Bi', 'Bi', 'Bi', 'Bi']","[[0.9200373245771776, -1.8223668241938769, -0.40277186966432005], [-1.818172048772842, -0.9763969773800767, 0.26420497083460714], [1.818289454523317, 0.9765297722000491, -0.26428045875115064], [-0.9201547303276532, 1.8222340293739063, 0.4028473575808638], [-5.51306696849272, 5.802538483324983, -0.46888741224283126], [-2.8520816172498815, 6.550964638876856, -1.4775146525743967], [-4.960746296436613, 2.9828391052882295, -1.1045730341296498], [-2.2996113349957614, 3.7315970896767974, -2.1130738845415684], [1.1205123646914874, -1.6656065690690183, -4.400646225764171], [0.6476283136664642, -4.40936122939606, -3.4485408229847287], [3.4505050663307224, -1.448212264016472, -2.6163445013930886], [2.977417804097496, -4.192200609003787, -1.6644683685079062], [-0.9622821994327936, 0.7538289121802102, -2.9973062337691503], [1.1699812922045987, 2.1049258470881504, -4.3375425931135325]]",[-81777.296875],"[[0.17277385682375096, -0.0026459777153338016, 0.5422438988046367], [-0.721699285097554, -0.04817056474097882, 0.01674755816180284], [0.8942260587712734, -0.10864634343676939, -0.15295691401566697], [-0.49785151567803876, 0.2240483669987604, -0.12394600976601504], [-0.04792438661975908, 0.15330241904897846, 0.08138065355317771], [-0.0668820405665316, 0.4933490487615748, -0.06958823097999847], [-0.09312201398942015, -0.22107272482542564, 0.027070897858485675], [0.1498425864613468, -0.30381051021952565, 0.1261067660541158], [-0.3665991980301866, 0.6663506026068324, -0.3664363956882512], [-0.03874997071519988, -0.7243778618478436, 0.17867701009270356], [0.35736682428621, 0.48370658383726506, -0.05131318473008512], [0.0004895159946332712, -0.2862209153081357, -0.1679849688571985], [0.387628673757676, -0.07408591564194564, -0.3773241494043015], [-0.11639770952121266, -0.23643281211227526, 0.339832662389541]]","tensor(-6, dtype=torch.int32)",
"['Bi', 'Bi', 'Bi', 'Bi', 'Bi', 'Bi', 'Bi', 'Bi', 'Bi', 'Bi', 'Bi', 'Bi', 'Bi', 'Bi']","[[1.383804, -1.10399, -1.093621], [-0.877414, -1.763585, 0.669939], [0.877415, 1.76376, -0.67002], [-1.383804, 1.103816, 1.093702], [0.020185, -1.421398, 6.723271], [2.434654, -0.024104, 5.787203], [-1.506987, -0.285757, 4.478738], [0.907823, 1.111396, 3.542784], [2.209718, -5.110236, -5.164454], [3.457095, -2.458117, -4.902486], [2.843132, -5.686051, -2.348947], [4.090401, -3.033661, -2.08723], [1.43993, -8.613655, -1.144454], [0.769231, -8.436128, -3.916978]]",[-81777.375],"[[0.08506082980322041, -0.19919725284729767, -0.33768476162433475], [-0.17914443690514614, -0.0663922451442527, 0.35467878587107016], [0.20144254705395237, 0.28099205992604326, -0.012245101529757257], [-0.3466017636806644, -0.01317025694817077, -0.39483784530852256], [0.27686780249313436, -0.004740628333606657, 0.21570616108208776], [0.11001838768424926, -0.20947719744089793, 0.5855443852386708], [0.08888503933177262, 0.04003797069620493, -0.29644928354388345], [-0.12689167285995992, 0.020939373938626712, -0.21032334795781127], [-0.5914265582942597, -0.9908306853348943, -0.1589890338902968], [0.23483255662237296, 0.12373620763237748, 0.48102497318357235], [-0.12207722811389327, -0.30178185728468837, 0.3466103511699579], [0.20017545529538286, 0.7755114754919298, -0.010674897110173033], [-0.058457713569609174, 0.46316366394028513, -1.096616726349738], [0.2260397903392953, 0.08764119035859631, 0.5235617387134924]]","tensor(-6, dtype=torch.int32)",
"['Bi', 'Bi', 'Bi', 'Bi', 'Bi', 'Bi', 'Bi', 'Bi', 'Bi', 'Bi', 'Bi', 'Bi', 'Bi', 'Bi']","[[-1.882985, 0.200972, 0.862376], [-0.462558, -1.951099, -0.555119], [0.462665, 1.951237, 0.555201], [1.882878, -0.201109, -0.862458], [-3.525825, 7.431458, 2.103148], [-2.319804, 5.905402, -0.104787], [-4.209094, 4.915731, 3.468475], [-3.002813, 3.389856, 1.260321], [-2.896684, -5.801335, 2.29512], [-1.033724, -3.52483, 2.367361], [-0.775274, -7.569392, 3.311711], [1.087532, -5.292533, 3.383968], [-5.012507, -1.431295, -2.718371], [-2.752441, 0.290606, -2.409497]]",[-81778.1875],"[[-0.38092966077737317, 0.18567067165774742, -0.29631100953963063], [0.01739928175046036, -0.24076728305555434, -0.5113314570305278], [-0.0652270205490989, 0.21711738896334992, 0.08896638908064876], [0.061724353359182894, -0.05689982988316699, -0.0933734165951442], [-0.02632456790574325, -0.0355760809522051, -0.006321204589062132], [0.0983916985122254, 0.04969401105269132, -0.0535544628713876], [-0.0525460756555462, 0.11737246668916215, 0.1922648864154146], [-0.047977809030699294, 0.04297281972429097, -0.12009475221729289], [-0.1787901901162664, -0.1274084134582256, -0.038087556473703335], [0.023746433926932667, 0.17525800664578473, 0.0490896214993312], [0.012357803327868405, 0.020766873390219695, 0.0061134233436235625], [0.18051169889810925, -0.1119835343359879, 0.07764792392554246], [0.40302311100169963, 0.4200229973668749, -0.0008697974799463058], [-0.03579943280697344, -0.6471346812051103, 0.6894416928298606]]","tensor(-6, dtype=torch.int32)",
"['Bi', 'Bi', 'Bi', 'Bi', 'Bi', 'Bi', 'Bi', 'Bi', 'Bi', 'Bi', 'Bi', 'Bi', 'Bi', 'Bi']","[[0.643206, 1.707902, 0.999536], [1.606403, -1.064182, 0.784787], [-1.606517, 1.064247, -0.784928], [-0.643092, -1.707967, -0.999395], [-4.40726, 4.590697, -2.282795], [-3.797111, 6.658119, -0.279847], [-1.544041, 3.941908, -2.485055], [-0.934178, 6.009436, -0.481871], [3.726766, 2.683469, 0.227069], [2.468986, 4.540184, -1.677902], [6.148642, 2.610929, -1.442995], [4.890575, 4.467864, -3.347834], [-0.63587, -1.231199, 3.329219], [-2.26175, -3.581662, 3.338372]]",[-81777.96875],"[[-0.2296023642658995, 0.2345971462871296, 0.14817399101173753], [-0.08471645605592364, -0.27144919959311975, 0.5165297676902232], [-0.2847769315545384, 0.10936625271885912, 0.056472255191697275], [-0.06688270905372212, -0.256542603731895, -0.29449267295934667], [-0.23705090565304085, 0.044905596169381376, 0.027220710980088544], [-0.11951399111501278, 0.007675029989495973, -0.07126340845732969], [0.2810373113666318, -0.03765261299651051, -0.05708397239310723], [0.3017351660255357, -0.10583175525425643, 0.08907920914957054], [-0.09083306242701586, -0.039849220766859324, 0.18438866749262034], [-0.3666433181847604, 0.044883428105702165, 0.11236503483340389], [0.2666983639743349, 0.04490325132200543, -0.21466856611823015], [0.18301199525689846, -0.033784494143959974, -0.11063997792724217], [0.1437908747698258, -0.24128448645264425, -0.2563223114915756], [0.3113700719023836, 0.49678198759531134, -0.1395336912301882]]","tensor(-6, dtype=torch.int32)",
"['Bi', 'Bi', 'Bi', 'Bi', 'Bi', 'Bi', 'Bi', 'Bi', 'Bi', 'Bi', 'Bi', 'Bi', 'Bi', 'Bi']","[[-1.809944, -0.045261, 1.025557], [0.621807, -1.702032, 1.022422], [-0.62179, 1.702213, -1.022486], [1.809928, 0.04508, -1.025493], [5.434856, -4.490554, -4.380773], [5.979726, -1.770358, -3.399976], [3.807975, -5.027202, -1.98805], [4.352949, -2.306742, -1.007513], [-1.494223, -7.268867, 0.787213], [-1.362122, -4.346529, 1.104708], [-1.195865, -7.598213, 3.696229], [-1.063917, -4.67566, 4.013442], [0.736082, 2.895913, 3.187122], [-0.439977, 4.391818, 1.054659]]",[-81777.6640625],"[[-0.06633290405057188, -0.02832342688072033, 0.11288465506879794], [0.21816999917794827, 0.1854442601885302, 0.24089362713456108], [-0.5773646731313842, 0.8040620491777768, 0.026353163730869687], [0.4749863227033121, -0.2686241213039249, -0.16389418720590676], [0.029333490456747168, -0.052390318140156926, -0.023802802823720295], [0.04378620922666005, 0.04889714861055536, -0.03862799237176809], [-0.047437280572869694, -0.043693644319610786, 0.020681461296108906], [-0.009145161876660566, -0.014177075790219046, 0.10687660073302652], [0.08879962723766184, -0.3181364478226534, 0.00338404362373875], [-0.22582500026277466, 0.16119272762486506, -0.08658467206503805], [-0.08452028077655417, -0.014304371177919982, -0.09995683271358004], [0.09444160770349062, 0.07261498671236159, 0.09542572369210728], [-0.42128823793014764, 0.4668922798005941, -0.66114977226465], [0.4719573043989196, -1.0107258925663596, 0.4735664559106648]]","tensor(-6, dtype=torch.int32)",
"['Bi', 'Bi', 'Bi', 'Bi', 'Bi', 'Bi', 'Bi', 'Bi', 'Bi', 'Bi', 'Bi', 'Bi', 'Bi', 'Bi']","[[-0.161286, -1.216546, -1.680392], [2.047074, -0.365708, 0.068188], [-2.047253, 0.365716, -0.068115], [0.161464, 1.216537, 1.680319], [1.470303, 4.349649, 1.44807], [3.157648, 4.170139, -0.955875], [2.870049, 6.811994, 2.246461], [4.557258, 6.632278, -0.15778], [4.47508, -2.736635, -0.114102], [2.077497, -4.439941, -0.207153], [4.298134, -2.328969, -3.023115], [1.900352, -4.032317, -3.115839], [-2.813152, 2.297858, 2.867874], [-3.242321, 3.425873, 0.277191]]",[-81777.71875],"[[0.5342189671929993, -0.4750920979456878, -0.5756173504595692], [0.48595799727281747, -0.311504129295127, -0.3770448760249423], [-0.6606926298705229, 0.240291063065452, 0.342403149903334], [-0.510156616504249, 0.8001236311838302, 0.4715563149287956], [-0.1799326861469428, -0.30488667175206663, -0.15927411796600435], [-0.07092402265291597, -0.30522785732968555, 0.02071811496298559], [0.29136559272631524, 0.4346502170045572, 0.045460024018564464], [-0.05903086420233575, 0.1158346890405269, 0.1451605021790015], [-0.06929517648009638, 0.22138382847947158, 0.08707544450705694], [-0.03811379202482634, -0.2532105036197427, -0.10944282021321852], [0.07233170240985927, -0.017378568931972805, -0.06801445786725875], [-0.08635548380287562, 0.03310612362744682, 0.12045758649546612], [0.06781997951691136, -0.12080314295086919, -0.12593491342406268], [0.2203832059994584, -0.05550392578519501, 0.18224405774127503]]","tensor(-6, dtype=torch.int32)",
"['Bi', 'Bi', 'Bi', 'Bi', 'Bi', 'Bi', 'Bi', 'Bi', 'Bi', 'Bi', 'Bi', 'Bi', 'Bi', 'Bi']","[[-0.786302, 1.921511, -0.138703], [-1.908305, -0.756311, 0.339517], [1.908492, 0.756336, -0.339478], [0.786115, -1.921537, 0.138664], [0.219812, -0.025268, -5.688435], [2.332127, -1.519008, -7.090283], [0.980241, -1.323697, -3.159466], [3.092684, -2.817291, -4.561646], [5.70896, 1.449318, -6.068531], [4.257903, 3.801126, -5.057715], [3.851336, 1.281718, -8.344713], [2.400471, 3.633762, -7.33366], [-1.957643, 0.895833, -3.178123], [-3.589592, 1.067164, -5.51813]]",[-81777.15625],"[[-0.2626104105380799, 0.4848782876159576, 0.08549354670384791], [-0.37026261067837496, 0.08875447864125649, -0.2218225103427221], [0.15691204418937638, -0.25207129860292726, -0.5037806885253298], [0.16496083565150585, -0.40159347401165263, 0.20871496777743967], [-0.9368662855494482, 0.6885891145515001, -0.6182627194469017], [0.3738764010081907, 0.08840141456048306, -0.13761940102702003], [0.10467578663558663, 0.21344688006652385, 1.079372842160026], [0.5409079528654445, -0.4055927243399358, -0.12200143195090753], [-0.05425159216690834, 0.0886119880254943, 0.1314529152270973], [0.024062489528397533, -0.14247313225105213, -0.1680903327228415], [-0.03785510290872572, -0.21888790299846644, -0.03513504909936946], [-0.04784283632472578, 0.04989842929334069, 0.0741526100947221], [0.3243046305515982, -0.4623623020651361, 0.2518123883718329], [0.009111500975513715, 0.191126555574156, -0.02002453893399287]]","tensor(-6, dtype=torch.int32)",
"['Bi', 'Bi', 'Bi', 'Bi', 'Bi', 'Bi', 'Bi', 'Bi', 'Bi', 'Bi', 'Bi', 'Bi', 'Bi', 'Bi']","[[0.02536, 1.783914, 1.070851], [0.16759, -1.069038, 1.777069], [-0.16754, 1.069087, -1.777249], [-0.02541, -1.783963, -1.070671], [3.028259, 4.639008, 4.836178], [1.578054, 2.236672, 3.950738], [1.446393, 4.679218, 7.317295], [-0.003639, 2.276659, 6.431592], [-0.006129, -3.010659, -4.759041], [2.063405, -4.198319, -6.480903], [0.789259, -4.804531, -2.566042], [2.858916, -5.99198, -4.288202], [7.342719, 5.938458, 7.266813], [5.777826, 3.670579, 6.507814]]",[-81777.96875],"[[-0.13182881071653127, 0.051812745207554654, 0.15537467791747375], [0.07674783163456399, 0.1104651428158775, 0.4205617466203359], [-0.019981771180427585, -0.059171092246068514, -0.5035174588385428], [-0.06984708978900131, 0.02174655679454235, -0.2501007012094814], [0.6690667174839738, 0.35145518637214707, 0.044377018205634465], [0.05225152991498835, -0.5676479547068359, 0.037209616819776595], [0.04481897051390935, -0.1272168147450066, 0.2937329115562841], [-0.009983660786347106, 0.14928146859804944, 0.01992982972572481], [-0.11342124459441268, 0.08580099938939181, 0.1090414707884535], [0.08950056176795934, -0.07790991948213155, 0.013704928429769652], [-0.04396781148527635, 0.03883878180956397, 0.03162405153061785], [0.10783834811180683, -0.0822969438030032, -0.1584050331962473], [-0.46730067405190534, -0.6447990898056448, -0.27732144818503407], [-0.1784198996348144, 0.7502488303415695, 0.07818271367795197]]","tensor(-6, dtype=torch.int32)",
"['Bi', 'Bi', 'Bi', 'Bi', 'Bi', 'Bi', 'Bi', 'Bi', 'Bi', 'Bi', 'Bi', 'Bi', 'Bi', 'Bi']","[[1.8529288086431517, 0.9218840994401369, -0.2156368169636601], [-0.19046473614924964, -0.10106275866038472, -2.0693995327352934], [0.1904075428203531, 0.10110712106767678, 2.069578076567305], [-1.852871615314257, -0.9219284618474297, 0.21545827313164934], [-0.9505711362209658, 4.571461924606358, 2.25843166130363], [-2.4833990155904253, 6.716745759206141, 0.9520972397198688], [0.18587696935412157, 3.7991127037653176, -0.3438406729373566], [-1.3470667595184267, 5.944690205718457, -1.6499541728648535], [-3.2909793818045396, 9.58614553392813, 2.445322743200337], [-5.875584887228533, 10.969879696629787, 2.6971318138993987], [-2.225815781062447, 11.168294318854652, 4.686324894730913], [-4.810731431853664, 12.551850310572778, 4.937990672192808], [4.358355812622167, 3.038196767795123, -1.2788346904282453], [6.785480607549148, 2.72802294130109, 0.19802056700381465]]",[-81777.390625],"[[0.4611554769978959, -0.23086462234786065, -0.1611273701464696], [-0.07535701832365821, 0.09655351300459243, -0.20323692093956103], [-0.14191206580984636, 0.14625671832725787, 0.2125094039149683], [0.13628170673671416, -0.06006660797089656, 0.07306235890908877], [0.15054393236837693, -0.28001092641873815, 0.3862223823972053], [-0.13325114576957428, -0.1687116658553765, -0.18110428708145226], [0.3164291829601776, -0.07615066688507055, 0.038591426122447085], [-0.23208378871707963, 0.48014575826177447, -0.470879137404807], [0.08123044962367884, 0.050390502714276496, 0.01800725542360345], [-0.24908722320657378, 0.14253823261898968, -0.0020292412035649303], [0.12119040272254188, 0.13022073906870912, 0.17555928868033926], [0.025311660688052157, -0.07627392563858264, -0.05468631452910738], [0.5241340665927537, -0.3290858566265055, 0.7247907812432136], [-0.9983804768203524, 0.16518704143235677, -0.5521513931889387]]","tensor(-6, dtype=torch.int32)",
"['Bi', 'Bi', 'Bi', 'Bi', 'Bi', 'Bi', 'Bi', 'Bi', 'Bi', 'Bi', 'Bi', 'Bi', 'Bi', 'Bi']","[[0.712595, 1.394613, 1.370029], [-1.950592, 0.602496, 0.401367], [1.950734, -0.602624, -0.401387], [-0.712737, -1.394484, -1.37001], [-3.882794, 6.432999, -0.02371], [-3.081171, 3.787568, 0.984958], [-1.607177, 7.658735, 1.383057], [-0.805677, 5.012996, 2.391529], [-2.172215, 9.69873, -4.70415], [-2.391221, 8.927307, -1.873027], [-0.685212, 7.221752, -5.263852], [-0.904503, 6.45049, -2.432524], [1.332029, -3.329951, 1.373875], [-0.954689, -4.863117, 0.606694]]",[-81777.6171875],"[[-0.14876801901364473, 0.28531727489283837, 0.49527166934357864], [-0.12227566596529214, 0.11589161329590358, -0.07192145696325129], [0.327597084231144, -0.651824375957009, -0.09027302442764162], [-0.3531758209784331, -0.18609423542607406, -0.10228285960401196], [-0.03757059476044385, 0.35670039397936126, -0.16521043848402467], [0.036109492592560334, -0.39941482283568275, 0.20473978298801487], [-0.1329763975342739, 0.20707624856303714, -0.12016561185948714], [0.20816362011154207, -0.4609012975992266, 0.09692766014291276], [0.06488578354938837, 0.08195467836146111, -0.42102603668519223], [0.11645067427553783, -0.17339822385968906, 0.16998487684284375], [-0.0024824513503489513, 0.15437210139798066, -0.1649358959370906], [-0.20634322664759502, 0.07439084864500221, 0.33859081887793624], [-0.04082322717227178, 0.23893984476506117, -0.103803976494976], [0.2936406603239935, 0.3443207825424547, -0.06417903832274256]]","tensor(-6, dtype=torch.int32)",
"['Bi', 'Bi', 'Bi', 'Bi', 'Bi', 'Bi', 'Bi', 'Bi', 'Bi', 'Bi', 'Bi', 'Bi', 'Bi', 'Bi']","[[-1.248152, 1.554789, 0.595368], [1.627795, 1.295496, 0.029674], [-1.627912, -1.295627, -0.029753], [1.24827, -1.554658, -0.595289], [8.971524, 1.713592, 1.104445], [7.157263, 4.014268, 1.375851], [6.654926, -0.081895, 0.84089], [4.840808, 2.219129, 1.112212], [5.41696, 0.380933, 6.392018], [3.991777, 2.00939, 4.398204], [4.435484, 2.144438, 8.533655], [3.010217, 3.772729, 6.539505], [-4.313837, 1.893499, 2.234778], [-6.233738, 0.105183, 3.367979]]",[-81777.3125],"[[-0.9539003676055228, 0.13129222119091655, 0.23125172785325865], [0.5191301828613144, -0.14746945693502958, -0.05366646018684413], [0.019563653011599024, -0.07671898384118883, 0.07398728807029935], [0.04705797065655493, 0.09285893856890794, -0.09026880781613224], [-0.07990016011456018, 0.04053760316460268, 0.07627048035844693], [0.3085850000004363, 0.21426361714705466, -0.13828233463164152], [-0.013324764906734699, -0.08725675880196039, -0.07833142636679508], [-0.2099863275696101, -0.16809372658088562, 0.12431547749400182], [0.13467188673777836, -0.15039470545861805, -0.0561888680450118], [-0.0322038561819946, -0.1657466166329068, -0.10988350753804059], [-0.033171234279802675, 0.03576960285164914, 0.006235694792977345], [-0.13591439873657366, 0.23961249714499083, 0.22662713346929736], [-0.3823819749098061, -0.5633295274561291, 0.2523019781057455], [0.804455942399263, 0.5996186117035249, -0.4604416869447039]]","tensor(-6, dtype=torch.int32)",
"['Bi', 'Bi', 'Bi', 'Bi', 'Bi', 'Bi', 'Bi', 'Bi', 'Bi', 'Bi', 'Bi', 'Bi', 'Bi', 'Bi']","[[-2.012237, 0.378838, 0.370268], [-0.432362, -0.333951, -2.007597], [0.432437, 0.333907, 2.007769], [2.012162, -0.378794, -0.37044], [-3.529001, 0.55825, 5.949235], [-5.742527, -1.269279, 5.302123], [-3.556091, 1.569292, 3.185738], [-5.769832, -0.258365, 2.538919], [3.079578, 4.531774, -1.878702], [1.505093, 2.957864, 0.045386], [2.967464, 6.852055, -0.072163], [1.393006, 5.277761, 1.851904], [4.337468, 7.247298, 2.939042], [6.429872, 5.825539, 4.268965]]",[-81778.1640625],"[[5.092751904325133e-05, 0.05391431466824931, 0.3321445454777385], [0.40440579962213613, -0.030042076594271456, -0.28599003011695123], [-0.47149013469693496, 0.018306274886128578, 0.42105534727739163], [0.12563378565578284, -0.09001570828138612, -0.38808015972172943], [-0.028508289299942657, -0.06210667661006411, 0.1187287757766192], [0.028131751034363942, 0.014892413648367506, 0.05111206264550587], [0.038243365411184185, 0.10356692065280214, 0.013428709522650139], [0.03303732086891567, -0.012385041609777185, -0.0746092382679333], [0.4817767127403488, 0.04949531609083455, -0.37605613204808364], [-0.4794455950628506, -0.4263606673096603, -0.3100142770358423], [0.21915128695152816, 0.3070526216714167, 0.1076288545107187], [0.18136715681359816, 0.4474015073193884, 0.8688466854730317], [-0.21160766611705933, -0.6174456224117298, -0.2000623266939116], [-0.32025580932703396, 0.23049155507346347, -0.2791429215129042]]","tensor(-6, dtype=torch.int32)",
"['Bi', 'Bi', 'Bi', 'Bi', 'Bi', 'Bi', 'Bi', 'Bi', 'Bi', 'Bi', 'Bi', 'Bi', 'Bi', 'Bi']","[[-1.321595, 1.577406, -0.308043], [1.217546, 1.242978, 1.14083], [-1.217584, -1.243103, -1.140971], [1.321633, -1.577281, 0.308185], [3.642967, -3.976025, 0.287548], [4.186977, -3.672041, -2.588205], [1.987939, -6.343136, -0.275944], [2.532265, -6.038955, -3.151798], [-0.12283, 5.971076, 1.287701], [0.624653, 7.522166, -1.098448], [-2.444656, 4.876517, -0.151369], [-1.696806, 6.427718, -2.537547], [-2.999427, -4.164353, -1.073692], [-2.218177, -6.707474, -0.029456]]",[-81777.34375],"[[-0.09417498415865953, 0.7456424393780269, 0.18174510918669526], [-0.002511329482758149, 0.47610038231734597, 0.14771967683264733], [-0.40146065074910703, -1.1322944019282732, -0.32722792503570663], [-0.016247910266777625, -0.19898374832306648, 0.03595199701047573], [0.20974587786939217, -0.16757744878144412, 0.013570130558907509], [0.03987800685372459, 0.012001962454149766, 0.0035206767490493064], [-0.12992233667128295, -0.08049475375947471, 0.017854974041604844], [-0.034544666923755143, -0.044057152227183684, -0.016078510470492753], [0.020015694334241482, -0.10729846757233112, 0.018043960512571712], [0.04838113306378091, 0.029632329941951772, 0.01990887522340684], [0.028071386641060715, -0.12040133072727996, 0.07792930561065639], [-0.03467441000301519, 0.04563907059922934, -0.12391767619355568], [0.4092485779406621, -0.5185275159480222, 0.31735071826334404], [-0.041437479482796524, 1.0559012284593219, -0.36436999893819577]]","tensor(-6, dtype=torch.int32)",
"['Bi', 'Bi', 'Bi', 'Bi', 'Bi', 'Bi', 'Bi', 'Bi', 'Bi', 'Bi', 'Bi', 'Bi', 'Bi', 'Bi']","[[-0.922864, 1.003941, 1.571667], [1.034922, 1.734302, -0.500037], [-1.035035, -1.734454, 0.500002], [0.922977, -1.003789, -1.571632], [3.68455, -2.86285, -1.71197], [6.183329, -2.309097, -3.163788], [2.295661, -3.299471, -4.269354], [4.794771, -2.745764, -5.720978], [-3.32705, -2.443105, 2.980438], [-2.739626, -5.244975, 3.660707], [-5.244114, -3.341471, 0.936504], [-4.656542, -6.143411, 1.617123], [1.366559, 1.530283, -3.895922], [2.528429, 2.887377, -6.126751]]",[-81777.375],"[[-0.24197251403795575, -0.23003029891201024, 0.27698735885605286], [0.2350194245031668, 0.411063880617543, -0.3253564694348228], [-0.5287024052085288, -0.27683026436628255, 0.7725212808666785], [0.3274499142050482, 0.24731208118321524, -0.9078919938289997], [-0.12201145925876522, -0.11614460998646654, 0.15711948090680136], [0.22875467108623881, 0.02707313471946931, -0.19349248600765234], [0.029057847477053325, -0.05478591912049366, -0.0412406305740274], [-0.03231668139312553, -0.01079040655448433, 0.10925332980575418], [0.09160202838447085, 0.10026541668513865, -0.04440067236776027], [0.027996603493279065, -0.03462658231563864, 0.09910487150031842], [0.0016041553413275761, -0.0006822760243684888, -0.07019501166061697], [-0.06152437284503669, 0.013877835212700133, -0.06063461639446536], [0.3472386262848559, 0.15472238868580887, -0.3154287661685307], [-0.31771514662635614, -0.23336214191370466, 0.5342086827746838]]","tensor(-6, dtype=torch.int32)",
"['Bi', 'Bi', 'Bi', 'Bi', 'Bi', 'Bi', 'Bi', 'Bi', 'Bi', 'Bi', 'Bi', 'Bi', 'Bi', 'Bi']","[[1.825299, 0.420928, -0.905989], [-0.711937, 1.871597, -0.564956], [0.711975, -1.871739, 0.56508], [-1.825337, -0.420786, 0.905865], [1.894174, 4.235093, -3.964066], [3.186338, 4.42, -6.601193], [3.576989, 1.913385, -3.302504], [4.869138, 2.098632, -5.939811], [4.59164, 2.918089, 0.346868], [2.326986, 2.011673, 1.992489], [5.633271, 4.457298, 2.628468], [3.368438, 3.550559, 4.27398], [8.382841, 1.968484, -1.967207], [6.496151, 0.360316, -3.389332]]",[-81777.546875],"[[-0.027521355380707536, -0.032830470363334655, -0.18231306618817247], [-0.03478764144866958, 0.026475538024406626, -0.019040716051298204], [-0.19140253793965425, -0.2978091921777509, 0.12344567281496269], [0.07061590148018157, -0.014622812764434058, -0.0036640734220650967], [-0.10626205531657977, 0.3152967142373589, 0.009409769675501806], [-0.04128006103384929, 0.08575492519533806, 0.09303752749295777], [0.04511183989428177, -0.3392694876425805, 0.2969473579229064], [0.33592386352034326, -0.4298720248330529, -0.5020294577745549], [-0.03921068180248236, -0.23534214954990934, -0.390972138152067], [-0.28317245945312675, -0.10407512518386591, -0.1536717325106905], [0.07500128029412273, 0.22221126135505054, 0.3240235059769421], [0.3243657714184842, 0.3069992969624505, 0.4248382134443152], [-0.6343177248793341, -0.7337629077817147, -0.36930132609841887], [0.507656782944284, 1.2403898090758778, 0.3442874610271123]]","tensor(-6, dtype=torch.int32)",
"['Bi', 'Bi', 'Bi', 'Bi', 'Bi', 'Bi', 'Bi', 'Bi', 'Bi', 'Bi', 'Bi', 'Bi', 'Bi', 'Bi']","[[0.435769, 1.624999, 1.224418], [-0.478757, -1.134952, 1.676777], [0.478849, 1.134989, -1.676942], [-0.43586, -1.625035, -1.224252], [-2.697643, -5.319863, -1.898345], [-3.592705, -2.538942, -1.546696], [-5.499699, -6.196028, -2.10002], [-6.394509, -3.414828, -1.748457], [0.533123, 4.625879, -0.316231], [-1.20662, 5.6588, 1.820281], [2.768369, 4.449117, 1.589625], [1.028246, 5.481998, 3.72609], [1.90227, 0.509651, -4.698297], [2.236477, -2.325899, -4.57099]]",[-81777.6328125],"[[0.20401334310029476, 0.2804603040770368, 0.748449571357261], [-0.14145615754591723, -0.3509845713900267, 0.03199900599577597], [0.23834489116550558, 0.24535768174861636, -0.954231525875284], [0.4405582553722098, -0.47510983856728206, -0.13737344916300323], [0.19030765876577893, 0.09564534744523624, -0.013609324477108138], [0.16627184187628283, 0.10167412488391353, 0.056317217585590086], [-0.12695471634423436, 0.11253297938449709, 0.027433634434684898], [-0.5985300060248222, -0.3044811571378838, -0.095217104266576], [0.08497973716480216, 0.23594774752242154, -0.26524512424425356], [-0.0073292832723540645, 0.12884946615260295, 0.17940591824081942], [-0.0016739649444118172, -0.0710297464732, -0.08809355049820655], [-0.1375858224012197, -0.034147791220957395, -0.022932699896550016], [-0.07413373818711302, -0.9526153295369925, 0.45622142446681907], [-0.23233251737404162, 0.9913737026219562, 0.07512392198253588]]","tensor(-6, dtype=torch.int32)",
"['Bi', 'Bi', 'Bi', 'Bi', 'Bi', 'Bi', 'Bi', 'Bi', 'Bi', 'Bi', 'Bi', 'Bi', 'Bi', 'Bi']","[[-0.881064, 1.825061, -0.471798], [-1.364655, -0.258237, 1.549173], [1.364831, 0.258245, -1.549251], [0.880888, -1.825069, 0.471876], [8.081983, -1.791337, -1.022033], [6.586985, -3.52891, 0.822997], [5.567812, -1.047113, -2.358047], [4.072981, -2.784771, -0.512681], [1.84015, -2.550609, 3.597298], [2.168107, -4.444461, 5.825321], [-0.113289, -4.361216, 2.346043], [0.214803, -6.254927, 4.574398], [-0.4144, 5.255774, -0.242351], [-1.393016, 6.938152, -2.335234]]",[-81777.5859375],"[[-0.31010380289727935, 0.5209998901110845, -0.39906304430719874], [-0.09192321076846602, 0.004974503205195485, 0.48632854486472743], [0.4115513106236093, 0.1474111442831803, -0.11654678216469683], [-0.06580022260391705, 0.1988404863759306, -0.4854068038731946], [0.06089537782085657, -0.005087515592739762, -0.013125766554537623], [0.058540194604500016, -0.025210415731944553, 0.07311306109138453], [-0.05697552320196957, 0.0395851220467247, -0.07150709774931707], [0.021629777224569078, -0.05142363424058516, -0.06444129098978953], [-0.03480881192377218, 0.13879079627316318, -0.026206230246395172], [-0.004266303247578945, -0.2943986219538508, 0.16828563382665412], [-0.060602374743046056, -0.11242550721309942, -0.007015978752788614], [0.028170405020603004, -0.05703681833513035, 0.29875304466866215], [-0.3244323630270775, 0.26064588095144015, -0.5613348645238248], [0.3627881011349867, -0.759073889698158, 0.706174441429289]]","tensor(-6, dtype=torch.int32)",
"['Bi', 'Bi', 'Bi', 'Bi', 'Bi', 'Bi', 'Bi', 'Bi', 'Bi', 'Bi', 'Bi', 'Bi', 'Bi', 'Bi']","[[-0.132997, 1.449368, 1.487064], [0.803479, -1.337922, 1.37597], [-0.803483, 1.33802, -1.376136], [0.133002, -1.449466, -1.486898], [-5.505358, 2.067149, 0.556371], [-5.392207, -0.116458, -1.412732], [-3.769474, 3.707343, -1.163026], [-3.656607, 1.523476, -3.132122], [2.576219, 7.201965, -3.09059], [-0.257425, 6.832227, -3.792067], [2.815552, 4.321143, -2.539734], [-0.018254, 3.951672, -3.241435], [2.480565, -2.871114, -3.497066], [1.653389, -0.38418, -4.636883]]",[-81777.1640625],"[[-0.16325408500994584, 0.15680431490752078, 0.36977626053623175], [0.14428848635002453, -0.051793461923212956, -0.07808110362499417], [-0.2829585949742545, 0.8890442546029746, -0.49103587739403737], [0.5082145069495373, -1.2022850107748684, -0.3835336240727833], [-0.0412094122222305, -0.047155688057180296, 0.0014396211033478], [-0.07163313329577435, 0.02886149222036335, 0.02199752745469714], [0.21504667275760198, 0.12599456305029297, 0.11533903149980815], [0.13922397597261488, -0.16475345035617242, 0.017823961378174248], [-0.09003535152036886, 0.052966759786744484, -0.0718096139140695], [-0.0006014497523846119, 0.44618784311396825, -0.031305260273881044], [-0.0020995588569139604, -0.22229178835046146, 0.06356130473661799], [0.018772051049431478, -0.29342869846250963, -0.07765080356267082], [-0.19335020108025644, 0.11465969424797331, 0.23849746051121704], [-0.18908335018740222, 0.16872292729343205, 0.3227153279672019]]","tensor(-6, dtype=torch.int32)",
"['Bi', 'Bi', 'Bi', 'Bi', 'Bi', 'Bi', 'Bi', 'Bi', 'Bi', 'Bi', 'Bi', 'Bi', 'Bi', 'Bi']","[[-1.241457, -0.179437, -1.660211], [0.461248, 1.951191, -0.555886], [-0.461207, -1.951372, 0.555938], [1.241416, 0.179619, 1.66016], [0.995094, 0.808595, 5.029822], [-1.312403, 2.591261, 4.635013], [1.668156, 2.230867, 7.516585], [-0.639626, 4.013405, 7.121551], [-2.717776, -1.279336, -6.335932], [-0.264043, 0.101175, -7.191324], [-1.254808, -2.484415, -4.08485], [1.198883, -1.10359, -4.940462], [-2.551331, -4.08385, -1.442421], [-5.339278, -4.653597, -1.708844]]",[-81777.625],"[[-0.08528734411662078, -0.1621005332295802, -0.15375308225956663], [0.25177459313452316, 0.2998775943893779, 0.1660169425683315], [-0.13769817967131726, -0.5964494681995828, -0.19503556013172008], [-0.09404540048788339, 0.279708255987711, -0.04485791246386125], [-0.07692570064933173, -0.05771245319637156, -0.24762436754536746], [0.053652833332576, -0.11564987804339616, -0.16187232198715776], [-0.0068154788755174665, 0.22665562130803152, 0.3937451258624935], [0.10365932615136751, -0.01801069041932085, 0.13031257892426715], [-0.24964145050959974, 0.05816928705794907, -0.182850169934703], [0.08630673566005984, -0.2742352485148069, 0.2733826188143548], [-0.24041385902013987, -0.264621785650147, 0.28990212000001], [0.24196032700225178, 0.31487484739805427, -0.18215370912637277], [-0.5088038041190193, 0.17761210999821814, -0.14853939639448965], [0.6597932574888267, 0.1136374230674059, 0.05713179493827462]]","tensor(-6, dtype=torch.int32)",
"['Bi', 'Bi', 'Bi', 'Bi', 'Bi', 'Bi', 'Bi', 'Bi', 'Bi', 'Bi', 'Bi', 'Bi', 'Bi', 'Bi']","[[-1.218503, 0.353162, -1.649315], [-1.171436, -1.640867, 0.514004], [1.171525, 1.641034, -0.513971], [1.218414, -0.353329, 1.649283], [4.29141, -0.690595, 0.320291], [6.294523, -2.78213, 0.841187], [2.418249, -2.731903, -0.671772], [4.421637, -4.823359, -0.150618], [-4.728395, -3.494358, -2.473515], [-5.325973, -0.675903, -3.071447], [-4.371994, -2.815839, 0.36769], [-4.969771, 0.00269, -0.230563], [4.278009, 1.981267, -1.892964], [2.590215, 3.019038, -3.952727]]",[-81777.5546875],"[[-0.43337731454963946, 0.11058012261264556, -0.39966082612179116], [-0.324484556450029, -0.25764565901833125, -0.08811211387326615], [0.8072023963104353, 0.41391960647331816, -0.21484715504227994], [0.5608350417936881, -0.23438338465244052, 0.7313815507207451], [-0.05987644907624171, 0.6960016090524453, -0.21251876273563544], [0.5471547085503201, -0.3348063072040821, 0.2449014649521378], [-0.4505300273709841, -0.006054231374008313, -0.04167367143383185], [-0.04705772897272451, -0.09499038426480931, -0.029303387964337502], [-0.06740952838193706, -0.0450336114663644, -0.07939642930546369], [-0.02162993663305297, 0.009859322168911893, -0.06597279514325227], [-0.12822211663535332, -0.06980646633665481, 0.0805342459258065], [0.21263574799397505, -0.043077232281239775, -0.06766699879446729], [-0.6838166302321609, -0.05638997984517273, 0.13721023544433517], [0.1065335125380192, -0.1019739670999039, 0.01913927163201629]]","tensor(-6, dtype=torch.int32)",
"['Bi', 'Bi', 'Bi', 'Bi', 'Bi', 'Bi', 'Bi', 'Bi', 'Bi', 'Bi', 'Bi', 'Bi', 'Bi', 'Bi']","[[-0.079798, 1.529661, 1.408362], [1.896629, 0.630888, -0.577653], [-1.896813, -0.630939, 0.577624], [0.079982, -1.529611, -1.408333], [-4.521511, 1.390697, -3.051138], [-2.230854, 2.580358, -4.463905], [-3.383141, 2.254295, -0.478558], [-1.092533, 3.444047, -1.891696], [6.582469, 0.61309, -1.404862], [8.34568, -1.654904, -2.041733], [4.247998, -0.962529, -2.257817], [6.011552, -3.230533, -2.894513], [-4.943668, -2.288508, -4.575602], [-2.383871, -1.410748, -3.656245]]",[-81777.4765625],"[[-0.08660215557617451, 0.12217981518659106, 0.46418485525692943], [-0.10190377594490015, 0.41771039164234486, -0.025014538700706253], [-0.1954063134119963, 0.20322951615837379, -0.008058859907660428], [0.16155257942172677, -0.15261541990549854, -0.03313590216067955], [0.3054343170273706, -0.9129437001056063, -0.41145736246229664], [-0.07599326386275079, -0.12196955025412928, -0.48153384620182665], [0.5337237724511047, 0.15096847315644354, 0.6262742813147288], [0.24018245960803963, -0.26862370992719226, 0.29600278552271303], [-0.036993644035149674, 0.0974865668562723, 0.058735238597854754], [-0.017788654970096903, -0.05534004357933643, -0.011815485381251897], [-0.04768821009535123, 0.007834474468851374, -0.05804217164756866], [0.20398372397554596, -0.20673398312149505, -0.08075644078351434], [-0.054893237025616604, -0.3033703885377109, -0.17924157323613665], [-0.8221256015072398, 1.022927326455949, -0.1500126393181947]]","tensor(-6, dtype=torch.int32)",
"['Bi', 'Bi', 'Bi', 'Bi', 'Bi', 'Bi', 'Bi', 'Bi', 'Bi', 'Bi', 'Bi', 'Bi', 'Bi', 'Bi']","[[0.017335673536298807, -2.055585574286993, 0.32246258811954154], [-0.6288047741606463, 0.3021159583043389, 1.9601620919505935], [0.6287954046715034, -0.30209566680118416, -1.9603534488620786], [-0.017326304047156016, 2.0555652827838404, -0.322271231208057], [-1.5604698953594598, -5.594834969805552, 6.111340113435807], [-3.2437630017016126, -5.555904412215138, 3.6981840079157577], [0.8065992820422665, -4.993368518744544, 4.4696700690000215], [-0.8770706074664637, -4.954373764238498, 2.0565627610353143], [6.820636230715158, -2.4948849486580893, 0.1417017720615965], [6.835706840446291, 0.3275497118460178, -0.690133021445742], [3.975772947127526, -2.6934869786813858, -0.5843623081135765], [3.9911841955486436, 0.12910274690759982, -1.4162886882047467], [4.1946910730438045, 0.630711015272797, -4.733838144721368], [1.5108185059327395, 1.5133213490844084, -5.165197700490818]]",[-81777.8671875],"[[-0.00149189680164583, -0.4177354342009432, 0.483059796769399], [-0.009848220139340239, -0.17181714880994528, 0.10084957164546289], [0.13269568433635046, 0.4602250456728864, -0.6656409777430583], [0.05026921342687186, 0.07721284160870237, -0.2072055237012638], [-0.027900675581440614, 0.002919290245837336, 0.08708943131596611], [-0.18369925151083627, -0.04713863649161309, 0.05348617433377222], [0.10026258847010186, 0.0039759504643683465, -0.01279112186696737], [0.06914260713438493, 0.04697446632204168, -0.10249847243399783], [0.11948951419942175, 0.2799973509865616, 0.0466673530223022], [0.7629017501952123, -0.15294416133695568, 0.1050039624240364], [-0.36431744556060325, -0.07567403551823558, -0.1241512353335022], [-0.5832802705464987, 0.23859269422481916, -0.4472100114503525], [-0.8159534078551519, 0.10149615302496262, 0.2945947458111287], [0.7561963094534623, -0.3352053940568177, 0.40711728651103546]]","tensor(-6, dtype=torch.int32)",
"['Bi', 'Bi', 'Bi', 'Bi', 'Bi', 'Bi', 'Bi', 'Bi', 'Bi', 'Bi', 'Bi', 'Bi', 'Bi', 'Bi']","[[0.6984597518375059, 1.907446306512513, -0.45112887556147463], [-0.6567870905465821, -0.22334395840806054, -1.961543554684288], [0.6567680273358086, 0.22334197586657945, 1.9617352567018165], [-0.698440688626733, -1.9074443239710335, 0.4509371735439468], [3.047364433191965, 3.3741776616568466, 6.795499557492112], [2.3659150676139884, 2.1119582555323557, 4.226308518908544], [5.909133690133321, 3.0056896270344167, 6.217267592342815], [5.227338259918358, 1.7435500665139503, 3.6479271149873522], [2.2342104184286953, -3.671867341428202, 0.30427600206645233], [4.278674910624434, -5.7867772367696295, 0.22921113332125276], [0.5336509383225274, -5.251844389474274, -1.5044884655809139], [2.5783658755397214, -7.366767954622619, -1.5792608306037315], [1.8416593276295465, -1.8141747540301578, -3.592908330353649], [3.675942058004643, -3.8571405039254127, -2.799219579016831]]",[-81777.421875],"[[-0.026914019341500003, 0.13588498530019114, -0.0875460594891773], [0.11335357312189626, -0.014990655554326963, -0.2081621288708863], [0.059350606767766746, 0.033889287224386444, 0.277561897885252], [-0.27258814749947724, -0.4195690431424258, -0.20578005190063456], [0.10239603962757479, 0.15361917913309794, 0.2306378509240024], [0.012876873346882572, -0.03990911207692002, -0.09312777326367687], [-0.02379593797449465, 0.005592563835822486, 0.045219867424268485], [0.02442679962059904, -0.017514359249202402, -0.0645107622355112], [-0.37812977931305153, 0.32720175119109357, 0.03563835824731502], [0.45070907909385804, -0.8831687664192911, 0.11944703955177845], [-0.06351826444596735, 0.2544621687508389, 0.2916139614286362], [0.44763126122455815, -0.03751240037940522, 0.1206792157101666], [0.47610578163696166, 0.16925771704584158, -0.33036842643463993], [-0.9330600223308566, 0.342730194405769, -0.1359355846383037]]","tensor(-6, dtype=torch.int32)",
"['Bi', 'Bi', 'Bi', 'Bi', 'Bi', 'Bi', 'Bi', 'Bi', 'Bi', 'Bi', 'Bi', 'Bi', 'Bi', 'Bi']","[[-1.334161, -0.971193, -1.267483], [-0.390494, -1.402995, 1.485943], [0.39051, 1.403172, -1.486015], [1.334144, 0.971015, 1.267555], [-4.078828, 1.56202, -2.471834], [-4.783145, -1.109257, -1.458656], [-6.786051, 2.519603, -1.828535], [-7.490079, -0.151903, -0.815247], [5.304325, 2.578802, 5.624151], [4.271784, 1.64775, 3.03083], [7.187654, 0.318458, 5.685591], [6.154937, -0.612334, 3.092046], [2.987286, 1.874532, -3.929367], [0.2866, 2.411826, -4.694777]]",[-81777.3125],"[[-0.22287532624568673, -0.3381255003712484, -0.008591675051753352], [-0.005359904582478558, -0.1597777459309177, -0.08440740928554082], [0.2798363998399229, 0.3458470416425765, -0.9847896180163299], [0.3160864547198113, 0.14687846283652548, 0.9526137868742452], [0.31104991796021997, -0.08490049572168071, 0.04123112777150382], [0.18137461301687696, -0.0710095890133015, -0.013360498118172137], [-0.27286171302667134, -0.03267025969481475, 0.04487571479196549], [-0.24747951151339267, 0.2019334223401544, -0.000900292322914711], [0.09680748671489538, 0.07019922827212635, 0.3020121254107739], [-0.1560446049265498, -0.01515661007047612, -0.2546953165140528], [-0.016909342346325035, 0.05320607820094774, 0.006578063078702589], [0.006483297306133793, -0.1017714154811788, -0.0628682377863319], [-1.0252171521939102, 0.06477147223981083, -0.1457684141456347], [0.7655834122709966, -0.07323724544254501, 0.21329703609166606]]","tensor(-6, dtype=torch.int32)",
"['Bi', 'Bi', 'Bi', 'Bi', 'Bi', 'Bi', 'Bi', 'Bi', 'Bi', 'Bi', 'Bi', 'Bi', 'Bi', 'Bi']","[[0.14358, -0.239159, -2.062014], [-1.76633, 1.071361, -0.247325], [1.766508, -1.07139, 0.247391], [-0.143759, 0.239188, 2.061948], [4.02116, -2.28738, -7.101566], [5.440423, -0.396048, -5.350317], [1.586013, -1.959116, -5.482258], [3.005586, -0.067609, -3.731155], [-5.923608, 6.373981, 0.897124], [-3.732375, 5.264645, -0.723428], [-5.006737, 4.804129, 3.211163], [-2.815396, 3.694993, 1.5903], [2.9529, -0.210648, -12.746284], [3.474107, -1.777523, -10.413584]]",[-81777.59375],"[[0.1332689378132602, -0.3297391228779104, -0.16246305897520397], [-0.283473535799315, 0.13756047131007182, 0.19168880472346808], [0.040377762735142125, -0.06064186690937783, -0.17750602622329306], [-0.1094906427583859, 0.11799904487503812, 0.07815011207189163], [0.30193910604073343, 0.10666957539233415, -0.39447459965361675], [0.3953503178731873, 0.028723809570163693, -0.22808664669455112], [-0.33373508219233256, 0.22770329500183834, 0.310216880076659], [-0.09707128204468968, -0.08822508820846266, -0.04121641076889424], [-0.019958332991086406, -0.00053192039969947, 0.10527655093149052], [0.036728079785405085, -0.0693960666237721, -0.0857782708249144], [-0.2500883599075027, 0.14897771830309914, 0.13275769937879334], [0.18410723438541482, -0.015206628338953882, -0.005658080722701808], [0.25150832954433316, -0.4065849650190217, 1.0088541284329264], [-0.24736710282120355, 0.19565627619915618, -0.7280046619668284]]","tensor(-6, dtype=torch.int32)",
"['Bi', 'Bi', 'Bi', 'Bi', 'Bi', 'Bi', 'Bi', 'Bi', 'Bi', 'Bi', 'Bi', 'Bi', 'Bi', 'Bi']","[[-0.741039, 0.671066, -1.824896], [1.799509, -0.502409, -0.915564], [-1.799665, 0.502376, 0.915672], [0.741195, -0.671033, 1.824788], [1.185862, 2.580576, 3.227514], [2.583396, 0.502344, 4.772236], [3.01434, 2.129212, 0.966364], [4.41168, 0.050815, 2.511375], [-5.536987, -2.41769, 4.425178], [-5.062575, -2.698472, 1.534779], [-2.632784, -2.395082, 4.89947], [-2.158655, -2.675755, 2.008834], [1.457711, 3.012437, -3.566361], [3.561663, 3.959751, -1.879878]]",[-81777.3046875],"[[-0.12062038883740155, 0.40574123134041257, -0.26887583244219837], [0.36675284723982116, 0.0604175637459153, 0.06885042681003965], [-0.5084909521138596, 0.07352999140989763, 0.037314075656607805], [0.07167756198289761, -0.4652336088146594, 0.4684559741833846], [-0.3118552393364205, 0.3648015845528086, -0.23190252584426777], [-0.0386145557792388, -0.26709395412484316, 0.2284793057858395], [-0.014383458354766697, 0.31971083800049205, -0.624315613846529], [0.5819504952582957, -0.2943318760789828, 0.04122306992975357], [-0.08701219533441619, -0.04899470146048767, -0.016831551006186083], [-0.3938337775483737, 0.027333032254722014, -0.10464282507488523], [0.14882622882131083, 0.05479286110285667, 0.13038153594907304], [0.37800739473509626, 0.04831027342158665, -0.07946512921981168], [0.14636377912192292, -0.23739507371197135, 0.3403610758025949], [-0.22194036977661846, -0.031332359716142566, 0.00795100721278507]]","tensor(-6, dtype=torch.int32)",
"['Bi', 'Bi', 'Bi', 'Bi', 'Bi', 'Bi', 'Bi', 'Bi', 'Bi', 'Bi', 'Bi', 'Bi', 'Bi', 'Bi']","[[-0.750783, -1.832035, 0.640068], [1.538968, -0.14418, 1.392729], [-1.539116, 0.144266, -1.392817], [0.750931, 1.831949, -0.63998], [-1.171127, -4.83609, -5.041399], [-3.915554, -5.660365, -4.372818], [-1.623328, -2.251084, -3.709814], [-4.367829, -3.075738, -3.041225], [3.341732, -2.719862, 2.416729], [5.120972, -0.514699, 3.210375], [5.646132, -4.548041, 2.330925], [7.425212, -2.342578, 3.124752], [3.109528, 0.564836, -2.6794], [2.017246, -1.770662, -3.912533]]",[-81777.734375],"[[0.07652250002926991, 0.16192364123455244, -0.08478099078085381], [0.09439424795714743, -0.16117853512758956, 0.12680816338323753], [-0.21245268534795797, -0.10886740700846252, 0.07292408490483597], [0.2266459025327233, 0.2624759417686039, -0.40274188358286045], [0.1692752519790696, -0.238655326332361, -0.24624558700389088], [0.012449972284812521, -0.03386171984109156, 0.06695649975513632], [0.41703897339261303, 0.16253201600000985, -0.01749640779703258], [-0.33874410813292977, 0.10297309833926128, 0.043013114075251366], [-0.020882305701393628, 0.12356450926859908, 0.008440082725781886], [-0.16321952936440554, 0.014845521843057674, -0.0018025906216218735], [0.20560866206940562, -0.15046407386015653, 0.07522229244372428], [0.126460344355805, -0.14730500908616365, -0.030580090511822904], [-0.7941221588757809, -0.7094335735934924, -0.01905455887835096], [0.2031142278290563, 0.70893323664244, 0.39701562230893556]]","tensor(-6, dtype=torch.int32)",
"['Bi', 'Bi', 'Bi', 'Bi', 'Bi', 'Bi', 'Bi', 'Bi', 'Bi', 'Bi', 'Bi', 'Bi', 'Bi', 'Bi']","[[1.393173, 1.509837, 0.330416], [-0.604905, 0.942053, -1.753719], [0.604878, -0.942135, 1.753891], [-1.393146, -1.509756, -0.330588], [-4.813305, -4.401644, 3.941495], [-2.5882, -5.95641, 2.805745], [-3.021763, -2.093389, 4.291062], [-0.796749, -3.648455, 3.155088], [-1.807038, -5.018874, -0.642826], [-2.864916, -3.342061, -2.817109], [-3.651568, -7.179093, -1.411605], [-4.709222, -5.501995, -3.586016], [-0.813048, 3.594632, 2.80726], [-1.895196, 1.385378, 1.352474]]",[-81777.484375],"[[0.01287625113957448, 0.39068258035439224, -0.072569015362491], [0.03582101465880866, 0.38976377042207944, -0.34340048136948614], [0.16501302907445736, -0.06890190032370908, 0.3788751425304723], [-0.33804733879205007, -0.7887449507594863, -0.0813354021125892], [0.08098748024097356, -0.14263140944892871, 0.01590046662061365], [-0.19122405185978758, -0.08092387111369177, -0.08176827327949145], [0.057494114995532065, 0.1831611193224742, -0.12216269163009565], [0.03472828492836129, -0.011806301395696094, 0.16427306517665227], [0.06463057570888754, 0.15841423775063973, 0.23861367443818293], [0.21110290686613126, 0.18413870470546045, -0.19083437524981073], [-0.1515020287786552, -0.25514171169104, -0.18610236011654338], [-0.26735728665581326, -0.2705688533853071, -0.02848722166902322], [-0.14518729308871356, 0.12166909097303996, 0.02465746369678975], [0.4343221954823822, 0.19412682892935654, 0.27984215911417964]]","tensor(-6, dtype=torch.int32)",
"['Bi', 'Bi', 'Bi', 'Bi', 'Bi', 'Bi', 'Bi', 'Bi', 'Bi', 'Bi', 'Bi', 'Bi', 'Bi', 'Bi']","[[-0.54512, 1.200756, -1.609579], [1.600403, -0.747313, -1.099608], [-1.600562, 0.747299, 1.099716], [0.545279, -1.200743, 1.609471], [3.865362, -3.128083, -1.559369], [1.859547, -4.939464, -0.395788], [6.018, -4.843817, -0.519051], [4.011832, -6.65519, 0.644378], [-0.632794, 3.681334, -7.462454], [-3.39922, 4.446373, -6.814445], [-0.263547, 2.690993, -4.716049], [-3.03022, 3.456068, -4.068334], [0.790436, -3.685683, 4.023078], [0.788179, -6.406144, 4.899052]]",[-81777.5234375],"[[-0.3682823459317124, 0.31259196364245617, 0.05364501717465617], [0.2053853359256831, -0.22410333721465708, -0.11975624058843598], [-0.2796062345580205, 0.16110392167271012, -0.033195022139366585], [0.2330100548526712, -0.3658095603919173, 0.28550630250147846], [0.02192068742325238, -0.03116114986223415, -0.21690990082383332], [-0.0049465085043195935, 0.12725147323473004, 0.24756127263900143], [0.23256242554548612, -0.11893394992201478, 0.09315939784999724], [-0.10542408091222734, -0.008606587458310925, -0.012221380518912401], [-0.10582126514757456, 0.11399979454675492, -0.2462880102294426], [0.10212195987946492, -0.018941918786749706, -0.08512361617703695], [0.007501696403205397, -0.06398157749108366, 0.14330853555082568], [0.06883186343498006, -0.06219214012626648, 0.15614477516094344], [-0.024929512272282302, -0.9439378515832324, 0.19120697972538375], [0.011790010877084235, 1.1170364389152974, -0.45505830817742]]","tensor(-6, dtype=torch.int32)",
"['Bi', 'Bi', 'Bi', 'Bi', 'Bi', 'Bi', 'Bi', 'Bi', 'Bi', 'Bi', 'Bi', 'Bi', 'Bi', 'Bi']","[[1.8030965149297382, -0.7499024813815651, -0.7184733299131609], [-0.30426482537146304, 0.9946376009569597, -1.8019500220022082], [0.30427809884376356, -0.9946512428707676, 1.8021417371897157], [-1.8031097884020402, 0.7499161232953734, 0.7182816147256545], [-0.9104764237536407, 6.519223171455647, -1.5176273985601803], [1.244442440494066, 6.202577906676662, -3.4961051276702206], [-1.9732889265441795, 3.875273022735949, -2.252349190908957], [0.18194838890212978, 3.5588386553390006, -4.23077613489953], [-0.5317000627303183, -3.2290529341602556, 4.318113014686181], [-0.6509702703502045, -5.916322066390879, 3.1253544941478504], [-0.9500654311104233, -4.39541169416287, 6.987277037120984], [-1.0691696811802482, -7.08272842185964, 5.7941740448665735], [3.1735555880477233, -0.8230400313653294, -3.7816739891202635], [1.8548270325783673, -2.6600002469348256, -5.5294657923967785]]",[-81777.6328125],"[[0.9132054385517375, -0.11486666816657413, -0.6726148418028447], [-0.05122696016692739, 0.1662191856545071, -0.1960977348553519], [-0.24732390826427816, -0.24476848742331753, 0.3362091532844171], [-0.21089037936164007, 0.06138501897686074, 0.20709661171130195], [-0.020098432479590225, -0.029586374018708658, -0.01644297997117815], [0.032042755911290396, 0.03132361796057433, -0.0067581689544539665], [-0.2519679401988559, 0.11844477156483481, 0.07879448230145351], [0.1490249237831676, -0.025597922329656825, -0.12898131239540853], [0.03090221392009395, 0.11588960783433205, -0.22278271505875505], [0.030902717856591412, 0.034918788351029705, -0.1310294028808622], [-0.08511245758316456, -0.18533144011960842, 0.30983620233270825], [0.017537905424935895, 0.1223268309464121, 0.06221533148956808], [-0.8624749741056217, -0.7010923961186513, -0.17497827046760128], [0.5501680431167815, 0.6521370222738023, 0.5589257395334031]]","tensor(-6, dtype=torch.int32)",
"['Bi', 'Bi', 'Bi', 'Bi', 'Bi', 'Bi', 'Bi', 'Bi', 'Bi', 'Bi', 'Bi', 'Bi', 'Bi', 'Bi']","[[1.537166, 0.430273, -1.334803], [0.255897, 1.861006, 0.894471], [-0.255912, -1.861198, -0.894473], [-1.537151, -0.430081, 1.334805], [1.630646, -5.316761, 4.023254], [0.126762, -7.159152, 2.290557], [1.011034, -3.093884, 2.197123], [-0.492981, -4.9366, 0.464585], [4.802625, -3.751243, 0.946297], [7.402302, -2.586223, 0.209601], [3.57879, -1.076537, 0.856654], [6.178726, 0.088248, 0.119799], [3.875055, -2.346329, 5.451957], [4.777427, -5.032609, 5.080652]]",[-81777.6796875],"[[0.319330931587915, 0.15425732728957892, -0.1373138509588645], [0.013435661789431464, 0.10089898827546918, 0.10832377265630161], [-0.27886159124988186, -0.02215048760830458, -0.24446993075961657], [0.1291520851615385, -0.16664645181342738, 0.10573050515593968], [0.639677963705408, -0.41895763447356527, 0.671890304532513], [-0.10038574437943079, -0.5242826764374138, -0.05656635761928472], [0.15496088434654687, 0.847914294654441, -0.3030895210735128], [-0.08719052714800814, -0.11659640448306943, 0.07381101314037052], [-0.1128243883774687, -0.27480346262674205, 0.2764873304375499], [-0.026933297483632535, 0.14902687782264756, -0.046762057088361106], [-0.6787762368157012, 0.0017185967487968017, 0.16953040839747885], [0.5777467392718074, 0.21525164121463125, -0.1079859809367268], [0.18848258589149833, -0.47523073190458165, -0.3200609710220455], [-0.7350721142332864, 0.5306183923407192, -0.17203034480162702]]","tensor(-6, dtype=torch.int32)",
"['Bi', 'Bi', 'Bi', 'Bi', 'Bi', 'Bi', 'Bi', 'Bi', 'Bi', 'Bi', 'Bi', 'Bi', 'Bi', 'Bi']","[[0.712595, 1.394613, 1.370029], [-1.950592, 0.602496, 0.401367], [1.950734, -0.602624, -0.401387], [-0.712737, -1.394484, -1.37001], [-3.882794, 6.432999, -0.02371], [-3.081171, 3.787568, 0.984958], [-1.607177, 7.658735, 1.383057], [-0.805677, 5.012996, 2.391529], [-2.172215, 9.69873, -4.70415], [-2.391221, 8.927307, -1.873027], [-0.685212, 7.221752, -5.263852], [-0.904503, 6.45049, -2.432524], [1.332029, -3.329951, 1.373875], [-0.954689, -4.863117, 0.606694]]",[-81777.6171875],"[[-0.14876801901364473, 0.28531727489283837, 0.49527166934357864], [-0.12227566596529214, 0.11589161329590358, -0.07192145696325129], [0.327597084231144, -0.651824375957009, -0.09027302442764162], [-0.3531758209784331, -0.18609423542607406, -0.10228285960401196], [-0.03757059476044385, 0.35670039397936126, -0.16521043848402467], [0.036109492592560334, -0.39941482283568275, 0.20473978298801487], [-0.1329763975342739, 0.20707624856303714, -0.12016561185948714], [0.20816362011154207, -0.4609012975992266, 0.09692766014291276], [0.06488578354938837, 0.08195467836146111, -0.42102603668519223], [0.11645067427553783, -0.17339822385968906, 0.16998487684284375], [-0.0024824513503489513, 0.15437210139798066, -0.1649358959370906], [-0.20634322664759502, 0.07439084864500221, 0.33859081887793624], [-0.04082322717227178, 0.23893984476506117, -0.103803976494976], [0.2936406603239935, 0.3443207825424547, -0.06417903832274256]]","tensor(-6, dtype=torch.int32)",
"['Bi', 'Bi', 'Bi', 'Bi', 'Bi', 'Bi', 'Bi', 'Bi', 'Bi', 'Bi', 'Bi', 'Bi', 'Bi', 'Bi']","[[-1.57239, -0.828585, -1.082013], [-0.837308, -0.716037, 1.764968], [0.837382, 0.716172, -1.765084], [1.572315, 0.82845, 1.082129], [-7.90882, -2.491772, -1.789033], [-5.691397, -0.562101, -1.922139], [-6.571488, -3.874634, 0.43787], [-4.354137, -1.944622, 0.3046], [2.650311, -4.350679, -2.297258], [4.362802, -2.655572, -3.986135], [2.414084, -2.163892, -0.34226], [4.126598, -0.468875, -2.031511], [1.234276, -6.561572, -4.519116], [0.057937, -8.259492, -2.543885]]",[-81777.6015625],"[[-0.3334873819772021, -0.17442563724941426, -0.13486867908224676], [-0.3174851356107285, -0.1289034079266681, 0.11471625854870893], [0.5149079149218582, 0.15236802822291756, -0.18007815924401652], [0.3655674137626773, 0.054040247370523424, 0.12613581953585729], [-0.10535208998401836, -0.09783392308488059, 0.04363315651328778], [0.16243755361778134, 0.04880834780060959, 0.01741545399826159], [-0.19729854353787757, -0.16881476714899007, -0.05744706378173835], [-0.0678853369953068, 0.16939871642094798, 0.13132173747148224], [-0.06413990611105182, -0.9339136290510486, -0.9735960571216661], [0.08494266183677454, -0.03790184558996997, -0.22205159576070135], [-0.16469930289374096, 0.7184329538405297, 0.5956004894676328], [-0.08727696768395048, 0.04352986495793538, -0.03371193757274364], [0.06897270854381177, 0.11944169165425435, 1.0582455616143553], [0.14026403919686822, 0.23758626104845773, -0.49401337076266894]]","tensor(-6, dtype=torch.int32)",
"['Bi', 'Bi', 'Bi', 'Bi', 'Bi', 'Bi', 'Bi', 'Bi', 'Bi', 'Bi', 'Bi', 'Bi', 'Bi', 'Bi']","[[1.511083, 0.127602, 1.424802], [-1.069028, 1.477491, 1.001551], [1.069052, -1.477664, -1.001634], [-1.511107, -0.127429, -1.424719], [1.032563, -5.083246, -1.447503], [1.594733, -3.989755, 1.225801], [3.855009, -4.7116, -2.192848], [4.416935, -3.618203, 0.48074], [8.750024, -4.857668, -4.389069], [5.868785, -4.947926, -4.979515], [9.169283, -3.092174, -6.705772], [6.287807, -3.182524, -7.295927], [-1.148202, 4.73581, 2.182226], [-2.662951, 2.837403, 3.688821]]",[-81777.71875],"[[0.45968346820438866, -0.1184116043157671, 0.4996329826186614], [-0.28285431097253466, 0.8971468335728946, 0.415959520846211], [0.22946331893027302, -0.4104409019780775, -0.06386119837469995], [-0.3207338805124331, -0.5125071717323636, -0.7328100564247775], [-0.27355056336544803, -0.1481625238853157, -0.19254688516562746], [0.10309481443002601, 0.356492134508471, -0.009108641907221986], [-0.03681178980828465, -0.09507008850675495, -0.1274067679512951], [-0.0011083882715537366, 0.12822982994909, 0.2799760108185568], [0.08691757868591297, -0.05787540980458173, 0.03763160707210096], [-0.007234224393863273, -0.0479100964205096, -0.02570447918782442], [0.016050644839066725, 0.05918543900961873, -0.002392978453666261], [0.001987724549487731, 0.05414360577459488, -0.1726463814587295], [-0.40383568289281263, -0.6419595619087166, 0.4080152704962593], [0.42845889433440243, 0.5264593735739036, -0.31771674071119504]]","tensor(-6, dtype=torch.int32)",
"['Bi', 'Bi', 'Bi', 'Bi', 'Bi', 'Bi', 'Bi', 'Bi', 'Bi', 'Bi', 'Bi', 'Bi', 'Bi', 'Bi']","[[1.05278, -0.015598, -1.794749], [-1.763216, -0.396447, -1.030923], [1.763329, 0.396544, 1.031046], [-1.052893, 0.015501, 1.794627], [-1.569436, -3.272641, 1.859338], [-3.991267, -2.830412, 0.247667], [-2.827139, -1.885492, 4.129549], [-5.249028, -1.443498, 2.517579], [1.728496, 3.720415, 1.64284], [1.418673, 4.00295, 4.555313], [4.287085, 2.324982, 2.050575], [3.976906, 2.607571, 4.963183], [5.270006, 1.658202, -4.333225], [2.813018, 0.221441, -4.592402]]",[-81777.2578125],"[[0.7721911510387488, -0.07855624375117339, -1.0891553808617935], [-0.8222135332838378, -0.1329791743272191, -0.3199190974713823], [0.5211829527571016, 0.24062978038267524, 0.13041326337957657], [-0.2629939164970674, -0.45112287266478496, 0.6098480083811042], [0.1832724481507402, 0.2138584110654213, -0.1858878785725722], [-0.022962663549312423, -0.14123072309644, -0.21585353679654984], [-0.2978718757073843, 0.1300827735970058, 0.24407238656962832], [-0.08617802616484051, 0.04168434151783425, 0.21179329986765533], [-0.1091792819938821, -0.05256031957491326, -0.014283982318609369], [-0.11949321659001534, 0.14632973769729837, 0.02656430283888829], [0.4336057829025198, 0.1729587192429733, -0.029469008236891404], [0.11692530018080129, -0.06828154421091404, 0.19869681305206213], [-0.07770438538209493, -0.12827472143503743, 0.014550060789269735], [-0.22271416941068178, 0.11440201814707679, 0.4361409948614903]]","tensor(-6, dtype=torch.int32)",
"['Bi', 'Bi', 'Bi', 'Bi', 'Bi', 'Bi', 'Bi', 'Bi', 'Bi', 'Bi', 'Bi', 'Bi', 'Bi', 'Bi']","[[-0.778161, 1.918878, 0.205154], [1.622308, 0.530783, 1.18966], [-1.622393, -0.530854, -1.189817], [0.778246, -1.918806, -0.204996], [-1.615524, 3.958893, 2.802299], [0.517041, 4.214354, 4.813572], [-1.351472, 6.818406, 2.159397], [0.781281, 7.073545, 4.17077], [2.87765, 4.966895, -5.401516], [3.649874, 3.965843, -2.744473], [0.295426, 3.573699, -5.175721], [1.067923, 2.572843, -2.518489], [2.98551, -1.80159, -3.102569], [3.845808, 0.800327, -3.91384]]",[-81777.8359375],"[[-0.1288193328069383, 0.5597896306719108, 0.12599949957108442], [0.14444876900947265, 0.09623207351013936, 0.14604763610290236], [-0.16036997415961965, -0.38656639618986105, -0.2382562394796254], [0.1924384873965814, 0.05655818150672384, -0.4371637802629735], [-0.07933081471661037, -0.05928566066610393, 0.06063615905721268], [0.06645904244121231, -0.13573591265670698, 0.10006353355360406], [-0.09292840981462959, 0.14720483885177005, -0.08115485914905943], [0.11099931550318809, 0.09109392669759023, 0.02470911204557053], [0.08713457991237146, -0.05470940304822584, 0.11239614519880849], [0.5624846624915052, 0.32195386963511735, 0.11839360658371485], [-0.11888792715005263, 0.11468689653441799, -0.3805381843941911], [-0.25398558880609545, -0.7795820482612313, 0.3729932265853413], [0.26778018193694936, 0.4647417565087174, 0.21116173373889635], [-0.5913257709947671, -0.4275381303626097, -0.12570037726437613]]","tensor(-6, dtype=torch.int32)",
"['Bi', 'Bi', 'Bi', 'Bi', 'Bi', 'Bi', 'Bi', 'Bi', 'Bi', 'Bi', 'Bi', 'Bi', 'Bi', 'Bi']","[[0.236326, 0.259093, -2.051033], [-1.659162, 1.254996, -0.032713], [1.659334, -1.255057, 0.032776], [-0.236498, -0.259032, 2.05097], [4.207376, 3.158139, -1.357567], [1.766008, 2.326345, 0.05882], [5.059034, 4.686694, 1.008454], [2.617489, 3.854582, 2.424716], [3.232837, 7.460994, 1.807995], [2.033794, 7.226188, -0.868846], [3.253839, 10.391574, 1.541318], [2.054603, 10.156444, -1.135602], [-5.383922, 2.286103, -1.596066], [-3.253213, 0.987679, -2.989772]]",[-81777.28125],"[[-0.4938237260889298, -0.14077260368257302, -0.8412499915859534], [-0.3859398180039851, 0.3142915666132869, -0.1425319591238172], [0.09210730185631469, 0.1453802287763136, 0.15493712734023793], [0.16612384909672182, -0.22160180672567, 0.22404199065940472], [0.23939086793029038, 0.08862319804145828, -0.5447388986879934], [0.08266579446589103, -0.6401592744825765, 0.18378466360494705], [-0.09872090274250671, 0.13418368540033837, 0.1795148302307813], [0.10353406193628391, 0.5540380697289295, 0.5892966552611056], [0.00043968294852937174, -0.6012512631111213, 0.15020125555010222], [0.04854502555405779, -0.15536907290949178, -0.07657484771849614], [0.07149434507060577, 0.6628868105181492, -0.15304793111775974], [-0.006780866665676424, -0.019799742118451195, 0.1642771789439785], [-0.07818986134868129, 0.04352970040724233, -0.00302038916320486], [0.25433556756137427, -0.1683622013210135, 0.1153219593654043]]","tensor(-6, dtype=torch.int32)",
"['Bi', 'Bi', 'Bi', 'Bi', 'Bi', 'Bi', 'Bi', 'Bi', 'Bi', 'Bi', 'Bi', 'Bi', 'Bi', 'Bi']","[[0.9200373245771776, -1.8223668241938769, -0.40277186966432005], [-1.818172048772842, -0.9763969773800767, 0.26420497083460714], [1.818289454523317, 0.9765297722000491, -0.26428045875115064], [-0.9201547303276532, 1.8222340293739063, 0.4028473575808638], [-5.51306696849272, 5.802538483324983, -0.46888741224283126], [-2.8520816172498815, 6.550964638876856, -1.4775146525743967], [-4.960746296436613, 2.9828391052882295, -1.1045730341296498], [-2.2996113349957614, 3.7315970896767974, -2.1130738845415684], [1.1205123646914874, -1.6656065690690183, -4.400646225764171], [0.6476283136664642, -4.40936122939606, -3.4485408229847287], [3.4505050663307224, -1.448212264016472, -2.6163445013930886], [2.977417804097496, -4.192200609003787, -1.6644683685079062], [-0.9622821994327936, 0.7538289121802102, -2.9973062337691503], [1.1699812922045987, 2.1049258470881504, -4.3375425931135325]]",[-81777.296875],"[[0.17277385682375096, -0.0026459777153338016, 0.5422438988046367], [-0.721699285097554, -0.04817056474097882, 0.01674755816180284], [0.8942260587712734, -0.10864634343676939, -0.15295691401566697], [-0.49785151567803876, 0.2240483669987604, -0.12394600976601504], [-0.04792438661975908, 0.15330241904897846, 0.08138065355317771], [-0.0668820405665316, 0.4933490487615748, -0.06958823097999847], [-0.09312201398942015, -0.22107272482542564, 0.027070897858485675], [0.1498425864613468, -0.30381051021952565, 0.1261067660541158], [-0.3665991980301866, 0.6663506026068324, -0.3664363956882512], [-0.03874997071519988, -0.7243778618478436, 0.17867701009270356], [0.35736682428621, 0.48370658383726506, -0.05131318473008512], [0.0004895159946332712, -0.2862209153081357, -0.1679849688571985], [0.387628673757676, -0.07408591564194564, -0.3773241494043015], [-0.11639770952121266, -0.23643281211227526, 0.339832662389541]]","tensor(-6, dtype=torch.int32)",
"['Bi', 'Bi', 'Bi', 'Bi', 'Bi', 'Bi', 'Bi', 'Bi', 'Bi', 'Bi', 'Bi', 'Bi', 'Bi', 'Bi']","[[-1.992683, -0.270941, 0.534341], [-0.494925, 1.790167, -0.937688], [0.495003, -1.790342, 0.937698], [1.992604, 0.271117, -0.534352], [0.666885, -0.613574, -4.555173], [-1.88718, 0.666692, -3.850911], [1.163315, 1.480989, -6.561718], [-1.390896, 2.761177, -5.857108], [6.252818, -1.020271, 2.604588], [8.011992, -1.755782, 0.363462], [3.922093, -1.992717, 1.093983], [5.681639, -2.728285, -1.147063], [2.893155, -4.940176, -0.272512], [0.496523, -5.75865, 1.052063]]",[-81777.265625],"[[-0.4030888798568277, 0.3223757878965135, -0.08904197955526819], [-0.6950754971831284, 0.015630274382627055, -0.24895177741735777], [-0.1269285939217128, -0.25537815046811485, 0.39457132460787464], [0.4739020364803019, -0.33558535189148636, -0.19886048956955438], [0.16549125452613125, -0.017317556620315703, 0.031567898606614846], [-0.01500294029200491, 0.03674338299985865, 0.4294687213688079], [0.03653141085395649, -0.09798479550156997, 0.008179408716946352], [-0.04945019834768415, 0.24785031621576048, -0.1852784239431917], [0.514174893006416, 0.05926792004450957, 0.30432586242131876], [-0.08349847239481095, 0.07750368495866664, 0.07641502785787221], [-0.32119014873100327, -0.2788087807618314, -0.2406760602650953], [0.04926807672594293, -0.16795822936957802, -0.15427887314595], [0.28239511169474457, -0.19362541211438103, 0.14372829408437557], [0.18872195572779316, 0.605010732226377, -0.27347641270939277]]","tensor(-6, dtype=torch.int32)",
"['Bi', 'Bi', 'Bi', 'Bi', 'Bi', 'Bi', 'Bi', 'Bi', 'Bi', 'Bi', 'Bi', 'Bi', 'Bi', 'Bi']","[[-1.811226, 0.64508, 0.795642], [1.023989, 1.113442, 1.428495], [-1.024031, -1.1135, -1.428674], [1.811269, -0.645022, -0.795463], [5.192109, 0.710949, -3.137986], [8.061548, 1.290693, -2.840445], [5.076607, -0.158146, -0.328859], [7.946203, 0.421848, -0.031567], [-3.617969, -3.520655, -0.835821], [-2.834406, -6.0072, 0.528524], [-1.618456, -4.040613, -2.9314], [-0.83515, -6.527316, -1.566815], [-4.80345, -0.294892, 2.146529], [-5.130603, 1.768772, 0.196528]]",[-81777.6015625],"[[-0.9573297068928487, 0.3484722422618083, 0.6191903739789658], [0.7114493195833436, 0.16063896312066334, 0.39387728063784855], [-0.21028580983095946, -0.43693099245440065, -0.7462116819317935], [-0.004936922398007654, -0.07320310117373732, -0.12068235245775286], [-0.11664972919203563, -0.07131580756864751, 0.032580656700240365], [0.09460024485600825, 0.018357347307483687, 0.05984513302247081], [-0.08698139350156106, -0.033785049502549014, -0.017367903990179564], [0.2775716680826518, 0.0876551257454139, -0.025194104644496066], [-0.13080314567791973, 0.21985808360026554, 0.24036829904700194], [-0.026420675794902225, -0.002916596242459573, 0.04301847739940294], [0.22909642230686514, -0.1474863748031587, -0.12887286320427085], [0.008822760789094997, -0.041834694571398684, -0.08653479263620754], [0.22147206878861914, 0.60089696490015, -0.737857648934058], [-0.01265176799879143, -0.6228063754587194, 0.47795671982330595]]","tensor(-6, dtype=torch.int32)",
"['Bi', 'Bi', 'Bi', 'Bi', 'Bi', 'Bi', 'Bi', 'Bi', 'Bi', 'Bi', 'Bi', 'Bi', 'Bi', 'Bi']","[[1.0460236275233181, -1.0030270099647713, 1.493146371751473], [0.48661662116544435, -1.5049497241630831, -1.3517527565115173], [-0.48662859154443405, 1.5051319368932103, 1.351814175002272], [-1.0460116571443292, 1.002844797234645, -1.4932077902422287], [1.2440634330244555, -1.8283431430865333, -7.754306245726287], [-0.1896955888053733, -0.9951987393134132, -5.323561682929714], [1.9389390097373667, -4.382613556588332, -6.468728747186331], [0.504910322147876, -3.5491966970894033, -4.038023123515849], [3.8483639438598702, 5.425602386500113, -1.8600379698781713], [3.1303419205810825, 6.668692822355017, 0.7085188626942951], [2.013245137575362, 3.195917832936317, -1.2937300363517779], [1.2952817379016683, 4.439387495370831, 1.2748617028710956], [3.1858109437522053, 0.8335608714629223, -8.143237077658489], [0.9611610653712681, 2.603493478173399, -7.8491018867704625]]",[-81777.734375],"[[0.07127019617341797, -0.09874995622424819, 0.42335350339418837], [-0.010958258545812708, -0.005748305924584283, -0.12134760005649532], [-0.05203550570826984, -0.09463454339109066, 0.07789793813479391], [0.17037727882367423, 0.14422441442391856, -0.2028222531930773], [0.14757538644367993, 0.5051071213775802, -0.3506601494142621], [-0.09514835293013643, 0.3142235866082209, 0.25755145374656063], [0.38539484667744317, -0.36513058309472357, 0.07272508141042974], [-0.2144648832134903, -0.018335472349726475, -0.2468294334316657], [0.22963342320921248, 0.3705032146448677, 0.06842701730798774], [0.3621093809482509, 0.2886202701011576, -0.2662079000648654], [-0.3722042574342625, -0.23808089014734493, 0.10967098003354939], [-0.29112653142256983, -0.3051034158680672, 0.028448228296979745], [-1.1109228664476083, 0.20052959924007943, 0.21059182269793916], [0.7709775896775117, -0.7040980173713759, -0.05896828351688552]]","tensor(-6, dtype=torch.int32)",
"['Bi', 'Bi', 'Bi', 'Bi', 'Bi', 'Bi', 'Bi', 'Bi', 'Bi', 'Bi', 'Bi', 'Bi', 'Bi', 'Bi']","[[0.717391, 0.488759, -1.891079], [0.874514, -1.881548, -0.154625], [-0.874659, 1.881671, 0.154656], [-0.717246, -0.488882, 1.891047], [3.079803, -2.012708, -6.969456], [1.594678, -0.192691, -5.19738], [2.290136, -0.392109, -9.295384], [0.805113, 1.427915, -7.522937], [5.073554, -4.180963, -5.258497], [3.75687, -6.811562, -5.326356], [6.364832, -4.893183, -2.711891], [5.048031, -7.523912, -2.780093], [5.849197, 3.27951, -4.093646], [4.841213, 0.728279, -4.895791]]",[-81777.6640625],"[[0.04418617025495248, 0.03393038890218461, -0.008624693176755481], [0.057137297102073444, -0.0962549563408915, 0.005144410023303314], [-0.15505287846837965, 0.10313173549177891, 0.17421634933669247], [-0.007682326784290868, 0.03504076155225234, -0.02017473772128258], [0.24979103737399966, -0.29934074775330527, -0.2843874606329279], [0.37088661775967197, 0.12888093647264856, 0.4711994456132454], [-0.2992238653391488, 0.28218494960646595, 0.004936355726558465], [0.03203735659167472, 0.15162785863674616, -0.47272565329127564], [0.06727038020212743, 0.08405352245130214, -0.0028975618410411207], [-0.07756724266385684, -0.061295595959606874, -0.05295904647300781], [0.08505383639876582, -0.09715448298886262, 0.1848230813222699], [0.02938961766970438, 0.0675677027356305, 0.01032983430684911], [-0.42180040196226287, -0.7069961664527028, -0.3387478619456149], [0.013382589048713976, 0.39086327758419676, 0.3175222109387561]]","tensor(-6, dtype=torch.int32)",
"['Bi', 'Bi', 'Bi', 'Bi', 'Bi', 'Bi', 'Bi', 'Bi', 'Bi', 'Bi', 'Bi', 'Bi', 'Bi', 'Bi']","[[1.984887, -0.314597, 0.539415], [-0.371482, 0.849427, 1.862627], [0.37145, -0.849549, -1.862773], [-1.984855, 0.314719, -0.539269], [4.897885, -0.322063, -3.132189], [2.650771, 1.504905, -2.611631], [4.947973, 0.5413, -5.945008], [2.700802, 2.368379, -5.424086], [6.430678, -5.293423, -9.180906], [6.56506, -2.357226, -9.318751], [3.909276, -5.107141, -7.675021], [4.043872, -2.17079, -7.813148], [4.752805, -0.996836, 5.649606], [4.357332, -0.048775, 2.98258]]",[-81777.5390625],"[[0.6633634933070759, 0.3531521153942157, 0.574961204571036], [0.050888782781665746, -0.024153578621418516, 0.2457634020511655], [-0.2281190426122452, -0.128565770473368, -0.8558595220241327], [0.011960994473789704, 0.048911788480027564, -0.0930938346832355], [0.07701980307691918, -0.19795839181700436, 0.17324642584535127], [-0.2661204310870915, -0.1308293709446244, 0.5812717236494682], [-0.019216240218689996, -0.11039058078308964, -0.020480133523163357], [-0.11058768166010749, 0.09922571341552634, -0.4919333471583454], [-0.047652949967156306, -0.015988604085578062, -0.004719834268214412], [0.08162269733823459, 0.06512170810554747, -0.0004438335340731685], [0.011377091481714197, -0.24669661016912012, 0.0631515220888342], [-0.0448461882269815, 0.3393217324876236, -0.030567738925425903], [-0.11088341010877163, 0.24755201666251744, -0.6807765561780792], [-0.06737852086071563, -0.3050804816152235, 0.5484181493403877]]","tensor(-6, dtype=torch.int32)",
"['Bi', 'Bi', 'Bi', 'Bi', 'Bi', 'Bi', 'Bi', 'Bi', 'Bi', 'Bi', 'Bi', 'Bi', 'Bi', 'Bi']","[[0.642554, 1.962489, -0.255879], [1.9456, -0.675468, -0.295445], [-1.94579, 0.675473, 0.295412], [-0.642364, -1.962495, 0.255912], [0.612982, -3.034425, 5.615585], [-0.113172, -1.172657, 3.455763], [0.158178, -0.909488, 7.599938], [-0.568094, 0.952127, 5.439782], [1.700549, -0.745295, -3.667441], [4.285819, 0.166536, -2.59821], [1.977337, 1.119852, -5.926749], [4.562793, 2.031445, -4.857279], [-0.796032, 2.638661, -3.212383], [-2.811208, 4.265592, -2.003912]]",[-81777.65625],"[[-0.18458196313486142, 0.6257734301427607, -0.6001132922245038], [0.063704669527937, -0.35795936104746146, 0.11371234505483482], [-0.14829478150485387, 0.04071379067697582, -0.36633802522706277], [-0.07172471604087448, -0.20640045943552118, 0.11335892101942034], [0.0899640290793504, -0.37054862035173086, 0.3028218690868501], [0.12323957307191873, -0.0321756100270909, -0.3287731074655291], [0.05940938221844021, 0.0028946220400656157, -0.0790395599899135], [-0.24553380241227044, 0.408317992349378, 0.2448469061129737], [-0.14487829774042232, -0.09660472940780394, 0.14217272439205442], [0.18239966099038957, -0.09370976849615484, 0.05195682990815575], [0.13134667718589746, 0.25122221702679404, -0.21181942229017686], [-0.10979480443006881, 0.08865127450345978, -0.18983616960810173], [0.009770197399789186, -0.21092308381188357, 0.9327268071774322], [0.2498106806129824, -0.05920693344389827, -0.1260881512569646]]","tensor(-6, dtype=torch.int32)",
"['Bi', 'Bi', 'Bi', 'Bi', 'Bi', 'Bi', 'Bi', 'Bi', 'Bi', 'Bi', 'Bi', 'Bi', 'Bi', 'Bi']","[[0.331824, 1.304092, 1.587121], [-2.041889, 0.383507, 0.111883], [2.042045, -0.38362, -0.111889], [-0.33198, -1.303979, -1.587115], [-2.271805, 2.611607, -5.644257], [-2.414506, 2.065885, -2.756327], [0.384431, 3.825709, -5.283389], [0.24149, 3.279708, -2.395344], [-2.289447, -4.233271, 4.730428], [-2.57148, -2.850536, 2.14841], [0.61046, -3.735409, 4.680076], [0.328079, -2.352533, 2.097971], [2.133238, 0.887834, 4.334015], [4.442008, 0.043873, 5.791944]]",[-81776.90625],"[[0.2009584594838386, 0.5583930066646566, -0.03248626116673093], [-0.32696474677101134, -0.10043886340003069, -0.1451464125259092], [0.24057172484128386, 0.016703818530706734, -0.3857541328312975], [0.09276663591452572, 0.010698978075658935, 0.1066021610302756], [0.20533016002142007, 0.1053415484552449, -0.5500898815375832], [0.10293879980417886, 0.07259421218736414, 0.49739761287568124], [-0.2196298209357515, 0.02666961014023054, -0.20811183806532318], [-0.10903185485732844, -0.22555369730761, 0.34656242578060736], [0.047079814761057194, -0.3114932278117125, 0.3604545151970929], [-0.1558341343057217, 0.2565946428885718, -0.3896038991393639], [0.005913406834013247, -0.0839763378918438, 0.5278811944060308], [0.04670948828414108, -0.0919661996370251, -0.1877918843574248], [0.20437905701559636, -0.39773146924579067, 0.4643273972947832], [-0.3334863535353706, 0.1520157354735178, -0.4196175341747837]]","tensor(-6, dtype=torch.int32)",
"['Bi', 'Bi', 'Bi', 'Bi', 'Bi', 'Bi', 'Bi', 'Bi', 'Bi', 'Bi', 'Bi', 'Bi', 'Bi', 'Bi']","[[0.275743, 1.426378, 1.489673], [1.962799, 0.279638, -0.630974], [-1.96299, -0.279649, 0.630951], [-0.275552, -1.426366, -1.48965], [1.023822, -1.808924, 4.617072], [-1.898189, -1.543356, 4.839868], [0.689784, -3.455138, 2.200824], [-2.232363, -3.18927, 2.423821], [-3.937477, 2.42473, 1.146959], [-1.850308, 4.273318, 0.206343], [-5.890725, 3.727728, -0.626985], [-3.803189, 5.576205, -1.56756], [4.008347, -2.84745, 1.829463], [4.227463, -5.377211, 3.141156]]",[-81777.3828125],"[[0.28214700010288146, -0.13071212857582695, 0.3154314915393844], [-0.07324382747026696, -0.08689860393412074, 0.030814019890828798], [-0.33317663827779725, -0.40868802572037216, 0.3665256644392303], [0.22328269205516638, -0.21038587722116994, -0.45640890941271195], [0.23604030728726164, -0.07102722679071269, -0.06566395406123578], [-0.10246345398963333, 0.016923154320122844, 0.1703245197577154], [0.9080498596501436, -0.5485302495000274, 0.044793357170094424], [-0.5257950001507179, 0.6570164645436234, -0.2765670346794956], [0.10711591914722979, -0.004481014134078544, 0.07978785426655419], [0.280426056964046, -0.2508233872845163, 0.11811726426357556], [-0.14566541569620428, 0.22151552045600242, -0.13846277475098814], [-0.31913470488645396, 0.16372552274553145, -0.1532712572614823], [-0.12239059433996863, 0.09277506913754448, 0.24688136974415925], [-0.419348185259099, 0.5668869077514839, -0.2711448322330705]]","tensor(-6, dtype=torch.int32)",
"['Bi', 'Bi', 'Bi', 'Bi', 'Bi', 'Bi', 'Bi', 'Bi', 'Bi', 'Bi', 'Bi', 'Bi', 'Bi', 'Bi']","[[1.261745, 1.581947, -0.48493], [-1.539774, 1.345734, 0.383408], [1.539891, -1.345881, -0.383367], [-1.261863, -1.581801, 0.484889], [-3.719162, 0.827592, -2.77575], [-1.899816, 2.653941, -4.194463], [-4.265189, 2.92123, -0.78116], [-2.445774, 4.747506, -2.200244], [-2.311388, 4.160735, 4.264616], [-5.137322, 4.740863, 3.68508], [-1.55898, 5.169423, 1.604486], [-4.38515, 5.749595, 1.025252], [2.843146, -2.105383, 2.559524], [2.070207, -0.167285, 4.512621]]",[-81777.234375],"[[-0.08317677578990001, 0.34296118244113666, -0.10096439717595619], [0.07573975295127205, 0.4253262090933889, 0.31335671298840173], [0.3774875173892443, -0.2610554064887661, 0.2456547985937531], [-0.2212551704063438, -0.5537341651677046, 0.03140403182738375], [0.3575885563450937, -0.4052289130420226, -0.6486747728478665], [-0.1365302297053098, -0.333433440203137, -0.02364733327204386], [0.07491417127098987, 0.29898742656207394, 0.22340620791913632], [-0.10100275805627328, 0.041116461649494396, 0.3019416257232207], [0.060016368587425005, -0.10223400861701301, 0.019199322350560887], [-0.08582341942131974, -0.03287419456780329, 0.1337919519066984], [-0.010676871718489621, -0.04436748969206509, -0.11151770160838427], [0.003870002443765033, 0.4250327432167542, 0.005876583474234358], [-0.5655226796619238, 0.7006460523637557, 0.13144355640643013], [0.27285970756509975, -0.5043718368901086, -0.5209685226352221]]","tensor(-6, dtype=torch.int32)",
"['Bi', 'Bi', 'Bi', 'Bi', 'Bi', 'Bi', 'Bi', 'Bi', 'Bi', 'Bi', 'Bi', 'Bi', 'Bi', 'Bi']","[[1.236485, 1.307783, -1.044281], [0.979768, -1.618099, -0.866439], [-0.979922, 1.618204, 0.866487], [-1.236331, -1.307888, 1.044233], [-0.825132, 1.687559, -4.901558], [-2.225134, 1.135899, -2.372926], [-0.373138, 4.46634, -4.044856], [-1.773161, 3.914312, -1.51611], [-3.815735, 1.29558, 2.667083], [-4.74826, -0.948734, 1.008239], [-6.308278, 2.752337, 2.097041], [-7.240646, 0.507677, 0.438263], [2.751627, -4.415032, 0.901243], [1.441652, -2.586618, 2.664511]]",[-81777.203125],"[[0.5793541938545307, -0.298350975334615, -0.5377280107222709], [0.6669460704273039, 0.18003912987650894, 0.020593755776713747], [-0.19508497676172637, 0.34076468779938934, 0.178612886744506], [-0.14317427246971595, -0.6522717481537362, 0.5643445995438756], [-0.12140848381292349, 0.07132706900670305, -0.16796100616252324], [0.02614055395103196, -0.1069237547910034, 0.11807005878350711], [0.18822794369400486, 0.06905734930654887, -0.2093043677911048], [-0.16526319754998356, 0.15973444852980914, 0.17330679538086366], [-0.15260894072195974, -0.20852887122801947, 0.24491123514953755], [0.029899940790941156, -0.12444002179980333, 0.0840721886705449], [-0.055994492538847584, 0.07204744108761699, -0.043629263860955336], [-0.1513250339394443, 0.1385939010845116, -0.02874352994228379], [-0.029002388751286627, -0.014691944624351303, -0.1246988291867146], [-0.48023055329078634, 0.38294427548120974, -0.2534301273728716]]","tensor(-6, dtype=torch.int32)",
"['Bi', 'Bi', 'Bi', 'Bi', 'Bi', 'Bi', 'Bi', 'Bi', 'Bi', 'Bi', 'Bi', 'Bi', 'Bi', 'Bi']","[[-0.7998313100027998, 0.8836628504377427, -1.7056155902857915], [-1.7667114141642615, -1.0633103062856042, 0.27750116143546033], [1.7668552732306315, 1.0634267152747516, -0.2774475842363081], [0.7996874509364306, -0.8837792594268905, 1.7055620130866407], [3.7375861661071728, -5.815307022568814, 3.092341010298469], [1.4961829780453213, -4.089502152551377, 2.2823885678968994], [5.354402536207319, -4.756667563413854, 0.8730964906361389], [3.1127351481124665, -3.030779412317335, 0.0634118739324212], [-0.4961340383874815, -2.9606565010814943, -2.262444142026662], [0.5695626341856661, -4.498242815459912, -4.533662446744357], [-2.5891234311486286, -4.991682333886986, -1.8697758527275594], [-1.5230593019811498, -6.529206710036724, -4.141092174316815], [4.490143332292798, -4.5758033202541855, 6.193557363584068], [3.0439473324801005, -2.3771768920079186, 7.308368102381831]]",[-81777.4609375],"[[0.015383679742465534, 0.015076802984347314, -0.038067069912418726], [-0.3599763925896022, 0.017458756541579287, 0.1619396849271247], [0.13408161254855636, 0.19230612693286, -0.19603834233957948], [-0.058122595798796396, 0.0658504619873886, 0.26610618716772444], [0.1950187965298657, -0.08832644115096258, 0.5863126312868436], [-0.2178868691417207, 0.13131649241814128, -0.10162378265625881], [0.3973285257361867, -0.05129777352923924, 0.057638971027506834], [-0.3897072575434354, -0.009140508177372773, -0.1587570174130976], [0.1223843722668877, 0.293845114560107, 0.4122161468456192], [0.22070500544855254, -0.43232223607464537, -0.5321044907873187], [-0.14826356829526616, 0.10758494004451125, 0.22173792100207654], [0.09896058111135102, -0.024681210418680394, -0.16327090003389177], [-0.4116737980457477, 0.46334204717596866, -0.081172085549738], [0.38001043946832774, -0.6810398372869576, -0.4360297174553158]]","tensor(-6, dtype=torch.int32)",
"['Bi', 'Bi', 'Bi', 'Bi', 'Bi', 'Bi', 'Bi', 'Bi', 'Bi', 'Bi', 'Bi', 'Bi', 'Bi', 'Bi']","[[1.153423, -1.731748, -0.019442], [-0.557642, -0.393569, 1.965463], [0.55761, 0.39361, -1.965648], [-1.153391, 1.731708, 0.019627], [-4.1236, -2.822982, -5.145317], [-1.714579, -4.416558, -4.58367], [-3.604153, -1.193952, -2.750261], [-1.194973, -2.787718, -2.188909], [1.979643, -7.660409, 2.917062], [3.993885, -5.526658, 2.697406], [-0.159551, -5.639621, 2.928237], [1.855036, -3.505966, 2.708438], [-1.569045, -5.983155, -0.954244], [-0.773861, -7.79807, -3.013858]]",[-81777.40625],"[[0.1870751632450129, -0.05723355925750716, 0.30221020330753173], [0.20363539072719766, -0.10764505246956574, 0.10453514721512125], [-0.25929342852085147, 0.47453751068802075, -0.3067815244046184], [0.006086632433911509, 0.056353213049694574, -0.12244885556972632], [0.08003241773409839, 0.16171666731595163, -0.11526760621460652], [-0.30419082800883535, -0.7600128570903694, -0.3628640515642472], [-0.4087287520169018, 0.24762627016275582, 0.06120221344130153], [0.5136362465971381, -0.2815817170501663, 0.4881038411543606], [-0.0007475064901977234, -0.07087157211950658, 0.00487992100949362], [0.06444720453032098, -0.020751163941242667, 0.014305600165908691], [-0.11354280641890269, -0.08743642758993335, -0.2705994495297959], [-0.06189615456714445, -0.002480345101477923, 0.26103452911958547], [0.11914637458232283, 0.042647096769609476, -0.4701100171810773], [-0.033057072094290714, 0.4042208857808222, 0.4158124536642985]]","tensor(-6, dtype=torch.int32)",
"['Bi', 'Bi', 'Bi', 'Bi', 'Bi', 'Bi', 'Bi', 'Bi', 'Bi', 'Bi', 'Bi', 'Bi', 'Bi', 'Bi']","[[0.9018352760896036, -0.8354512785301698, 1.6788177374370312], [-0.13495615586028675, -1.8868193893515053, -0.866374255707155], [0.13500407843823486, 1.8870059140460251, 0.8663796376080577], [-0.9018831986675526, 0.835264753835651, -1.678823119337936], [-0.2925547046711219, -2.0917180572890284, -4.26970628966575], [-2.785337653932822, -3.521111045545085, -3.6363165891049007], [1.2703630564631805, -4.4006001775245664, -3.328318832800838], [-1.222739532368217, -5.829879866503972, -2.6951120579609626], [2.6442469172228513, 2.6815473978807205, 7.337468919986266], [3.2308850620442824, 1.3321059682170564, 4.789297580627441], [1.1939454994367154, 4.791118147375104, 5.886195008004029], [1.7806655039134065, 3.441300474596485, 3.3380380948467208], [7.815293173332298, 4.933738820415395, 3.107748784737376], [5.038188927281098, 4.263662138488965, 3.024482518465494]]",[-81777.3203125],"[[0.20812752180325442, 0.18334449050104076, 0.532180081261938], [-0.25634180046428356, -0.1578532741536171, -0.17688860116971797], [0.28610547271254344, 0.19928467040297998, 0.29468869397244146], [-0.2898210273615917, -0.2318102231898855, -0.5346771380289579], [-0.15436346248659558, 0.14697955866856754, -0.20235112399004118], [0.08185137137948124, 0.09198486585626785, -0.0019338326548514098], [0.062130227928006765, -0.23212626336472292, 0.026876110975588823], [0.07765872256477381, -0.02259479504837373, -0.014195505467840541], [-0.09387740451469859, 0.09542217556778841, 0.24659181194648447], [0.34673890639890254, 0.039634723796260686, -0.30573446777591046], [-0.031364704211745024, 0.055630115597927014, 0.2186187083490565], [-0.1662934905768371, 0.10682034496484037, -0.020358484281117667], [-0.49561110657008395, -0.15593934390508998, 0.2056970566448279], [0.4120214113848139, -0.12009233537898874, -0.25802865075640297]]","tensor(-6, dtype=torch.int32)",
"['Bi', 'Bi', 'Bi', 'Bi', 'Bi', 'Bi', 'Bi', 'Bi', 'Bi', 'Bi', 'Bi', 'Bi', 'Bi', 'Bi']","[[1.27633, -0.371271, 1.600891], [-1.628829, -0.018525, 1.294403], [1.628928, 0.018472, -1.294559], [-1.27643, 0.371325, -1.600735], [1.305248, 0.990401, -4.984896], [-0.240995, 3.173945, -3.760322], [3.667156, 1.785568, -3.419982], [2.120529, 3.969078, -2.195408], [0.150071, -3.345283, 0.497912], [1.060178, -6.132144, 0.246073], [-0.517339, -3.304465, -2.367878], [0.392775, -6.091539, -2.619396], [-0.120716, 2.845415, 1.956281], [2.683634, 3.250443, 1.582358]]",[-81777.515625],"[[0.14960625052845505, 0.1416738786816578, 0.682066736455767], [-0.09124798728395743, 0.37926636180319645, 0.4810111920630295], [0.11712749184488534, -0.42895228930309176, -0.631030310564763], [0.13130050014766056, 0.09916045878131406, -0.6515143007447947], [-0.22691576566932378, -0.28231473896560844, -0.020659498920796014], [-0.27043597870067, 0.09141968564773584, 0.06085984515557629], [0.2866446333427371, 0.0703088601713703, 0.11411837388993343], [0.13691157593645106, 0.260059771951636, 0.303641280116143], [-0.0948300501832696, 0.34835865086151285, 0.10175681160717068], [0.19004828573586033, -0.46282947176712075, -0.06203957078055504], [0.0726349384838938, 0.7711729936255075, -0.2255483494100859], [0.032749259454105784, -0.6144410296008368, 0.06711400562163923], [-0.5219419428287906, -0.16577315043216095, 0.29821511816866636], [0.08716039380234353, -0.2068120418565102, -0.528198468711066]]","tensor(-6, dtype=torch.int32)",
"['Bi', 'Bi', 'Bi', 'Bi', 'Bi', 'Bi', 'Bi', 'Bi', 'Bi', 'Bi', 'Bi', 'Bi', 'Bi', 'Bi']","[[0.109422, 1.542927, 1.391804], [-1.29653, 1.139726, -1.161438], [1.296586, -1.139884, 1.161534], [-0.109477, -1.54277, -1.3919], [7.874926, -1.876385, 3.728665], [5.940781, 0.264329, 4.307228], [5.678187, -3.620139, 2.837867], [3.744176, -1.479063, 3.416441], [0.041028, -3.160521, 5.25246], [0.257408, -0.382431, 4.307096], [2.256227, -2.693119, 7.132431], [2.472296, 0.085124, 6.186898], [4.77053, 4.965824, 0.731667], [3.250616, 2.6342, 1.380998]]",[-81777.3125],"[[0.1899165423372379, 0.4812568868165884, 0.16726655081576453], [-0.2158689120019316, -0.021957762751280002, -0.48284120145810155], [0.1834214179500412, -0.2533800936777664, 0.24669259924597706], [-0.2907624115921072, 0.013244114498304019, -0.5095084410399103], [0.030494380169580962, -0.07590877736628841, -0.0352547802973993], [-0.00027181429644332236, 0.30435548154606756, 0.025401983591908633], [0.38845734076345284, -0.38992096775603285, -0.2297028430328426], [-0.15126034494823937, 0.10092850455603487, 0.1985783365530668], [-0.030424554111427415, -0.22416499230245893, 0.07310853594732568], [-0.23736015811178998, 0.15614086708198352, 0.08975109019812656], [-0.03406494508921634, -0.0106062023380342, -0.1069216979073403], [0.19272979354536984, 0.282618694948925, 0.3687357859352458], [-0.4620749039953076, -0.30310309650568934, 0.04395877662378612], [0.4273714199417143, -0.04335467503413884, 0.14076987831171942]]","tensor(-6, dtype=torch.int32)",
"['Bi', 'Bi', 'Bi', 'Bi', 'Bi', 'Bi', 'Bi', 'Bi', 'Bi', 'Bi', 'Bi', 'Bi', 'Bi', 'Bi']","[[-0.695031, 0.478475, 1.902027], [0.330091, 2.017502, -0.386822], [-0.330163, -2.017677, 0.386786], [0.695103, -0.4783, -1.901991], [-1.472893, 5.385934, 4.968297], [1.258394, 6.212027, 5.686598], [-0.392841, 3.670578, 2.835014], [2.338501, 4.496806, 3.553671], [-1.255318, -0.833149, 7.916508], [0.088177, -3.274347, 6.971052], [-0.917065, 0.382413, 5.257965], [0.42636, -2.059111, 4.312702], [-4.784458, -2.367466, 0.088492], [-2.881164, -3.475861, 1.909804]]",[-81777.359375],"[[-0.3479536504682458, 0.04567025295556214, -0.02766596458664273], [0.10866238712934169, 0.18183221820982812, -0.036009805725827536], [0.17448569825237717, -0.5509306327348809, 0.4019220097547434], [-0.06759680763946355, -0.0630840048825925, -0.25699722644353473], [-0.07991399265719462, 0.04639148892761458, 0.11212715623776481], [-0.029633810898189217, 0.0387727095640956, 0.010973412636200698], [0.19550833484168673, 0.11029077050333708, -0.0122487627826776], [-0.020182846985124403, -0.043395061944864075, -0.045284916370114454], [-0.07393555744617204, -0.15688057386933074, 0.23098279031430655], [-0.03857878657233726, -0.11812487473312909, 0.2517501676410237], [0.054897556481309145, 0.26997971048209984, -0.006400147784052429], [0.007108111714268626, -0.07388475241969313, -0.33676800857568506], [0.3138118499209572, -0.4553219492409396, 0.7238651835948126], [-0.2109094055355239, 0.7616408805097237, -0.9900953494253311]]","tensor(-6, dtype=torch.int32)",
"['Bi', 'Bi', 'Bi', 'Bi', 'Bi', 'Bi', 'Bi', 'Bi', 'Bi', 'Bi', 'Bi', 'Bi', 'Bi', 'Bi']","[[0.622814, -0.4379, -1.936508], [-1.816481, 0.692987, -0.740994], [1.816643, -0.692975, 0.741097], [-0.622976, 0.437888, 1.936405], [-4.51723, 0.300617, 2.234242], [-5.841069, 2.922037, 2.050058], [-2.835261, 1.304539, 4.430371], [-4.159449, 3.925968, 4.246024], [-2.953366, 3.089139, -2.994813], [-2.621863, 2.288157, -5.806724], [-1.727717, 5.696718, -3.593291], [-1.396443, 4.895455, -6.405335], [-2.972942, 8.740387, 0.572961], [-4.088778, 6.911235, 2.464352]]",[-81777.5859375],"[[0.12779063386492368, -0.08556929144474207, 0.06714403612312068], [-0.5533767816312386, 0.19679445277414004, -0.1659018085052887], [0.4716788537730256, -0.12425510795848944, -0.19022785167965015], [-0.17937737897999373, -0.12613114012552368, 0.45429345598729126], [0.3194521848798555, 0.04171306075598047, -0.06238620709988125], [-0.1408142555767511, 0.3284167523708947, -0.14087364809252348], [0.22571835084484226, -0.24715272412141553, -0.08109078722295343], [-0.04682521884344617, 0.5287440571027069, 0.012967129402019993], [-0.07782311899154816, -0.035534351924889684, 0.11476048154746588], [-0.0043485539114995276, -0.06862437529546347, -0.08890792216252476], [0.017282183363519308, 0.15189993292328452, 0.07501321021936878], [0.03717097311795584, -0.02290387267201148, -0.08588646290559417], [-0.21305067285091664, -0.6983649683813627, 0.6324495602923114], [0.02794336620186853, 0.1580080546492664, -0.5464887924643872]]","tensor(-6, dtype=torch.int32)",
"['Bi', 'Bi', 'Bi', 'Bi', 'Bi', 'Bi', 'Bi', 'Bi', 'Bi', 'Bi', 'Bi', 'Bi', 'Bi', 'Bi']","[[0.010031, 1.642914, 1.27689], [0.947484, 1.133161, -1.465307], [-0.947621, -1.133277, 1.465377], [-0.009894, -1.642798, -1.27696], [4.324274, 1.650434, -3.016395], [6.395973, -0.047576, -1.798553], [2.7315, -0.743166, -3.643781], [4.803435, -2.441009, -2.425683], [-0.831072, -3.911442, 5.65573], [-3.667477, -3.833893, 6.4349], [-0.989406, -1.100222, 4.800261], [-3.82593, -1.022933, 5.579688], [1.929478, 5.526514, 3.628257], [-0.672779, 4.493525, 3.054293]]",[-81777.5703125],"[[-0.10447410919241835, 0.5656352940424794, 0.9947418496203045], [0.32944550273500095, -0.07699285790093238, -0.7837040431221108], [-0.5452078681631832, 0.035577093967409185, 0.43635779039958245], [0.4096185084674731, 0.00826719136947888, -0.41426120342766976], [0.03148970103195243, 0.11952725801463986, 0.06362697074756289], [0.022674941520306944, 0.08429001265046862, 0.02011215189362319], [-0.1366391416952717, -0.19671623977285013, -0.2080033888741855], [-0.05429370685991059, -0.04484460956877006, 0.008459628262790623], [0.07568683961903847, -0.07983192299903638, 0.0313577519449637], [-0.05294901916515014, -0.07550583385668448, 0.04529886204135036], [0.017418410768527313, 0.06263097625579175, 0.09799785671283073], [-0.013762598305474199, 0.09090340784829434, 0.0021121279587583315], [-0.8120844096848353, -0.3089980736620811, -0.1772196565952961], [0.8396296814803357, -0.17809511770440878, -0.12094475939107455]]","tensor(-6, dtype=torch.int32)",
"['Bi', 'Bi', 'Bi', 'Bi', 'Bi', 'Bi', 'Bi', 'Bi', 'Bi', 'Bi', 'Bi', 'Bi', 'Bi', 'Bi']","[[0.083013, 0.539404, -2.007951], [-1.14965, 1.686093, 0.405337], [1.149799, -1.686214, -0.405312], [-0.083161, -0.539284, 2.007926], [-1.659092, -5.831656, 0.477219], [1.233443, -5.806438, -0.062146], [-2.128659, -4.264286, -1.968741], [0.764089, -4.239345, -2.507942], [-0.146131, -2.008259, -4.865257], [0.889231, -2.377516, -7.594724], [-2.649236, -0.917263, -5.962551], [-1.613592, -1.286778, -8.692066], [-4.877592, -6.003451, 1.58198], [-5.073696, -3.821012, -0.25289]]",[-81777.5859375],"[[-0.08401773267556396, 0.02887887802952582, -0.3715346389577359], [0.025792452102095787, -0.03494259163722108, 0.18211174869964525], [0.29667348386316283, -0.15546883176715276, -0.22395333897352454], [-0.24027198546947662, 0.06652779377765188, 0.16322580285957802], [-0.48748034829397935, 0.10653664928560544, 0.11738074564590618], [0.6652033757437309, -0.3139407651045429, -0.08489221676493668], [-1.0692663442813175, 0.19743398932709358, 0.13333794626015766], [0.5235879639801971, -0.130615043666928, 0.46684522858680044], [-0.08737122437781265, 0.19614658584235084, 0.2372699123410709], [0.11464622165997992, -0.08161920063600729, -0.25888580560091395], [-0.1284258509621847, 0.0959252378896944, 0.013434777329456325], [0.011053281428839394, -0.018444014100628976, 0.0002589303885543119], [0.31932599506712345, 0.5624152426678751, -0.555839899817817], [0.12631965351324806, -0.5198814596192666, 0.17692325965944142]]","tensor(-6, dtype=torch.int32)",
"['Bi', 'Bi', 'Bi', 'Bi', 'Bi', 'Bi', 'Bi', 'Bi', 'Bi', 'Bi', 'Bi', 'Bi', 'Bi', 'Bi']","[[-0.784451, -0.803445, -1.751807], [-0.543107, 1.906656, -0.631351], [0.543229, -1.90679, 0.631417], [0.78433, 0.803579, 1.751741], [1.533827, 3.025311, -3.041124], [3.751488, 4.713219, -2.097058], [3.440179, 0.874414, -3.673045], [5.657753, 2.562606, -2.728735], [-0.52109, -1.076409, -8.025328], [-1.05174, -3.610709, -6.627456], [-1.733066, 0.408715, -5.792532], [-2.263502, -2.125889, -4.394759], [-4.49105, -0.965333, -7.35039], [-5.575486, 1.087012, -5.68302]]",[-81777.125],"[[-0.14644564309171484, -0.04278861036563168, -0.14136426626826762], [0.08704448840792708, 0.2876901473086977, -0.03336704446232192], [0.2174476216354628, -0.3047867586281309, 0.20242918272505633], [-0.07005077269374113, 0.08789331287360246, -0.020444888821595907], [-0.08605872691237992, -0.17809727743225504, 0.020677162409253], [0.10350202597323092, 0.19980470201510664, 0.011818442151517622], [-0.2120096326069233, -0.08800952680056837, -0.02792986790282935], [0.12001751623574299, 0.061812233713689414, 0.03848836082429763], [0.18575325553682143, -0.2960634635907749, -0.14960434791106667], [0.22955089075223004, -0.1429929581748125, -0.34286466317524505], [-0.6490486114536373, -0.1937623491442528, -0.2433972145072113], [-0.3753329831742245, 0.06508751241464822, -0.182890124899859], [0.9360363329913818, 0.5928771754976705, 1.1641334183705232], [-0.3537388414591188, -0.04282074403065868, -0.2990833287628666]]","tensor(-6, dtype=torch.int32)",
"['Bi', 'Bi', 'Bi', 'Bi', 'Bi', 'Bi', 'Bi', 'Bi', 'Bi', 'Bi', 'Bi', 'Bi', 'Bi', 'Bi']","[[-1.129039, -1.506926, -0.885529], [-0.100028, 1.108018, -1.75818], [0.100117, -1.108103, 1.758327], [1.128949, 1.507011, 0.885381], [-2.99382, 1.002761, 5.501074], [-5.732762, 1.561484, 4.582193], [-2.753597, -1.12992, 3.487663], [-5.492683, -0.570848, 2.568859], [1.940241, 4.667901, 0.052317], [-0.986459, 4.801003, -0.221595], [1.772248, 6.171909, 2.576123], [-1.15462, 6.304746, 2.301987], [1.296369, 0.189438, 4.722273], [0.072405, 0.434043, 7.293329]]",[-81777.2109375],"[[0.015844745642179903, -0.19163954235973651, -0.30088952972953814], [-0.04528686012517609, 0.21169060995077438, 0.03736095717749933], [-0.18539381511669234, -0.7009638408897068, 0.473842695386621], [0.14299264964226302, 0.32472870854084057, 0.16439339287094443], [0.5164726891685717, 0.019562593716512523, 0.26224305111584784], [-0.3857093956116248, 0.06859573319045462, 0.04647985779199109], [0.28537471336913084, -0.17765021376807733, 0.2009164476350195], [-0.1296570501008329, 0.1084367984135897, -0.15651897372135537], [0.1038403833358131, 0.22602575210829454, -0.27535948970297325], [0.05735275566578459, 0.004546996390886646, -0.026655479349464953], [0.02047449251971727, 0.020837892440897846, 0.09073880573315368], [-0.04153539742957904, 0.007426121355213449, -0.015037382808943746], [-0.4517193689270878, 0.1719200444151925, 0.5972907336177963], [0.09075320391879547, -0.09625629331527252, -1.1042400514261523]]","tensor(-6, dtype=torch.int32)",
"['Bi', 'Bi', 'Bi', 'Bi', 'Bi', 'Bi', 'Bi', 'Bi', 'Bi', 'Bi', 'Bi', 'Bi', 'Bi', 'Bi']","[[-1.107884, 1.342413, -1.140279], [0.602086, -0.977097, -1.735419], [-0.602161, 0.977107, 1.735596], [1.107959, -1.342424, 1.140102], [0.761147, -4.951159, 3.201775], [-1.221615, -3.815818, 1.347599], [-1.380371, -6.406197, 4.600568], [-3.363005, -5.270732, 2.74605], [-2.312133, -3.149139, -4.863507], [-4.879081, -1.803449, -4.355365], [-1.975722, -3.597857, -1.974677], [-4.542922, -2.252151, -1.466826], [3.674363, 0.860439, 0.581533], [5.132285, 3.306531, 0.825135]]",[-81777.328125],"[[-0.08170785232188749, 0.008131174795046341, 0.24946579264476984], [0.003603335704377018, -0.13060933581476286, -0.14334854193807323], [-0.11547113485307162, 0.1772383742366304, -0.2030293299558613], [0.17016156314950523, 0.02566410770372666, 0.20133384075235683], [0.22622033330282512, 0.09029888973970528, 0.034107928815566256], [0.11211728319618186, 0.24092283488257732, -0.05680608741022059], [-0.08830458676204199, -0.14883162814092651, 0.0618614446553294], [-0.2859293006267978, -0.16566783798860954, 0.2183135696576336], [-0.024310467422822498, 0.05675507669537538, -0.4321986687885838], [0.010677751036255604, -0.0017221145340816414, -0.036732671778182985], [0.15206314664195256, 0.18742118249924017, 0.08338683503399548], [0.07002233627709857, -0.010461860526975208, 0.14341004275960034], [0.3254376134953327, -0.04635107630584356, -0.09561629396349475], [-0.4722685108971487, -0.29433105332551757, -0.023182564981735886]]","tensor(-6, dtype=torch.int32)",
"['Bi', 'Bi', 'Bi', 'Bi', 'Bi', 'Bi', 'Bi', 'Bi', 'Bi', 'Bi', 'Bi', 'Bi', 'Bi', 'Bi']","[[-1.5813827600019055, 1.3414655829161575, 0.17150322373257615], [-1.2805736942507517, -1.5700094138102596, 0.4733987506633753], [1.2807324413403334, 1.570116911161214, -0.4733797590576683], [1.5812240129123254, -1.341573080267113, -0.17152221533828327], [0.9300693618500417, 1.6901587934898767, -3.9217340794567805], [1.7493365236410807, -0.35708801435508053, -5.870039878134569], [2.128966342144576, 3.778942445569829, -5.612736090868709], [2.948040812704858, 1.7313619794474133, -7.561038689003894], [-4.349069380356953, 2.1179672981567785, 1.957774911391466], [-2.2557309513640886, 3.7823966168680836, 3.184935424322804], [-5.377662299814603, 1.4413135554164476, 4.6306002396970944], [-3.2841664268396076, 3.106018088668262, 5.857541808916069], [-4.092827492153104, -1.729077518471905, -1.3664442358160813], [-6.7020131315209, -2.253279167700895, -2.4083688753454844]]",[-81777.2578125],"[[-0.49687089639164944, -0.2322576468087043, -0.0410851198846777], [-0.30664381604337293, -0.06908162053377362, -0.052110427695698756], [0.5884322499016822, -0.19427502739728386, -0.3898432175535672], [0.4528344055608617, 0.18864636525317374, 0.0012755152113908673], [-0.21698646831819274, 0.02715290066792485, 0.29625151417967505], [0.12303167355566952, -0.23813591178533325, -0.03926247413311956], [0.17256498028776177, 0.20536034478917625, -0.10265294439709766], [-0.0944008299848694, 0.05136593865383482, 0.04089427193399572], [-0.11859826650819466, 0.00654497296277225, -0.027130454924951124], [0.05483507864004206, -0.0034909018153629913, -0.12001221976031047], [-0.059616099026583116, 0.013964954520251304, 0.17322400581342334], [-0.08544639264587103, -0.032603683512848924, 0.06758271798637122], [-0.7079891270410709, 0.2600962816366562, 0.02417336070004851], [0.6905524100079418, 0.01273068034052678, 0.17348008782948096]]","tensor(-6, dtype=torch.int32)",
"['Bi', 'Bi', 'Bi', 'Bi', 'Bi', 'Bi', 'Bi', 'Bi', 'Bi', 'Bi', 'Bi', 'Bi', 'Bi', 'Bi']","[[1.741754, 1.026066, -0.49315], [0.242249, 0.546722, 1.992816], [-0.242276, -0.546846, -1.992961], [-1.741726, -1.025942, 0.493295], [-0.247676, -4.305654, -5.175699], [-1.425842, -5.657351, -2.842643], [-1.883085, -1.922918, -4.620846], [-3.061051, -3.274905, -2.287634], [-0.921676, -12.709184, -1.462288], [-2.471287, -10.208471, -1.521054], [1.205418, -11.427983, -3.041482], [-0.344457, -8.92722, -3.099972], [-3.294456, -1.80984, -7.669607], [-2.168239, -0.033455, -9.604636]]",[-81777.9140625],"[[0.2534839148806621, 0.28454285819367614, 0.377301677950282], [0.2589092540746734, 0.16720659265698476, -0.1323793870510552], [-0.10311486904574138, -0.19155083925176475, -0.0219611977469974], [-0.33571694102383404, -0.2753013313173987, -0.1476891835323417], [0.06284998294382176, -0.26001272073784226, -0.25900402498945135], [0.09098902563077144, 0.0012863544740745597, -0.009613971943366557], [-0.009263422402871278, 0.46181763927114367, -0.40128519857264344], [-0.3602175621991022, 0.13375971025527908, 0.22355898295321408], [0.06411198391532505, 0.01889116518236238, -0.02774705208285182], [-0.05345604098810762, 0.1010915640084282, 0.020903188212783388], [0.09022329926508586, -0.27636319750848104, 0.005759089137188156], [-0.021754048993285237, 0.10103659379253148, -0.027847973079782484], [0.32235650461217175, 0.3010582970340966, -0.32323006310389607], [-0.2594763369005938, -0.5776444093095675, 0.7281645846716355]]","tensor(-6, dtype=torch.int32)",
"['Bi', 'Bi', 'Bi', 'Bi', 'Bi', 'Bi', 'Bi', 'Bi', 'Bi', 'Bi', 'Bi', 'Bi', 'Bi', 'Bi']","[[-1.137278, 1.738914, 0.111761], [-1.046329, -0.788119, 1.616468], [1.046488, 0.78817, -1.616565], [1.13712, -1.738965, -0.111663], [-3.951459, 5.035307, 2.729022], [-1.527127, 3.382295, 2.949199], [-3.538562, 6.006436, 5.476072], [-1.114058, 4.353318, 5.695921], [5.31792, 0.145168, -1.065293], [4.456464, 2.803051, -0.142325], [3.969156, 0.602472, -3.640476], [3.107902, 3.260517, -2.717223], [-4.51086, -1.457601, 2.868916], [-3.50176, 0.89815, 4.133983]]",[-81777.3671875],"[[-0.578562293644232, 0.17417269198094287, -0.15885209686042503], [-0.47713345213714475, 0.0036091320025396717, 0.6114940295325109], [0.029914976610518514, -0.19772735235954514, -0.20543177007437788], [0.5048931026324331, -0.4048636105034536, -0.2744293669105133], [-0.34286101220674303, 0.06312267429545904, -0.008046621449864903], [-0.008829013715430862, -0.3904058266575203, -0.19420596752829483], [0.031010627115767506, -0.11469784943992407, -0.1037918408813636], [0.12823918876975718, 0.22417018593370827, 0.6495304364517217], [-0.06992663976467223, 0.0767911804577641, 0.06468194637837381], [0.14053122838470666, -0.134002113994977, 0.022258638551311088], [0.1582929330366076, -0.06842902276955928, -0.12908940163190513], [0.10373594506781851, 0.27180200656343523, -0.09626606351267232], [0.38971646209782784, 0.6573805329519945, -0.08481050706141949], [-0.0003994246958772657, -0.16922737801181062, -0.10948292944464923]]","tensor(-6, dtype=torch.int32)",
"['Bi', 'Bi', 'Bi', 'Bi', 'Bi', 'Bi', 'Bi', 'Bi', 'Bi', 'Bi', 'Bi', 'Bi', 'Bi', 'Bi']","[[-1.268576, 0.418243, 1.595463], [0.82867, 1.9017, 0.160463], [-0.828754, -1.901847, -0.160556], [1.26866, -0.418096, -1.59537], [-0.749231, 4.723312, -0.92001], [-1.249482, 5.907727, 1.726728], [1.807014, 6.171858, -1.084879], [1.306517, 7.356088, 1.562092], [0.573631, 0.88199, 7.455392], [-1.396261, 3.063795, 7.587923], [-0.678601, -0.09795, 4.979207], [-2.648397, 2.084167, 5.111944], [-0.04076, -4.613178, 1.661777], [2.765252, -4.77672, 1.144287]]",[-81777.703125],"[[-0.13127036680199597, 0.28540376685087226, 0.5215110257013682], [-0.18304547103851562, 0.43179022311518106, 0.17450410736116204], [-0.2135738926327211, -0.7332178336109897, 0.08136229586648443], [0.3296643551567562, -0.28948128160253694, -0.31160800192011423], [0.0015201079895272632, -0.23235365185368015, -0.04805388287297955], [-0.03735685883680057, -0.0679774339613227, 0.1235936655945237], [0.14791780615149677, 0.07866237894819005, -0.03647234743957019], [-0.006540447818713401, 0.003882221875386674, -0.05055016830862568], [0.12611915877818605, 0.09756837940397263, 0.2846730589295512], [0.047187173803853406, 0.031314603667920736, 0.06769960040052764], [-0.14503014717685167, -0.09657079082736257, -0.26751875202336767], [-0.016273389913154444, -0.0403560111904047, -0.16482883514242555], [0.7837750056084882, 0.6204795258148222, -0.5731038386232444], [-0.7042445703323728, -0.09027878370189835, 0.19408461139217112]]","tensor(-6, dtype=torch.int32)",
"['Bi', 'Bi', 'Bi', 'Bi', 'Bi', 'Bi', 'Bi', 'Bi', 'Bi', 'Bi', 'Bi', 'Bi', 'Bi', 'Bi']","[[0.14358, -0.239159, -2.062014], [-1.76633, 1.071361, -0.247325], [1.766508, -1.07139, 0.247391], [-0.143759, 0.239188, 2.061948], [4.02116, -2.28738, -7.101566], [5.440423, -0.396048, -5.350317], [1.586013, -1.959116, -5.482258], [3.005586, -0.067609, -3.731155], [-5.923608, 6.373981, 0.897124], [-3.732375, 5.264645, -0.723428], [-5.006737, 4.804129, 3.211163], [-2.815396, 3.694993, 1.5903], [2.9529, -0.210648, -12.746284], [3.474107, -1.777523, -10.413584]]",[-81777.59375],"[[0.1332689378132602, -0.3297391228779104, -0.16246305897520397], [-0.283473535799315, 0.13756047131007182, 0.19168880472346808], [0.040377762735142125, -0.06064186690937783, -0.17750602622329306], [-0.1094906427583859, 0.11799904487503812, 0.07815011207189163], [0.30193910604073343, 0.10666957539233415, -0.39447459965361675], [0.3953503178731873, 0.028723809570163693, -0.22808664669455112], [-0.33373508219233256, 0.22770329500183834, 0.310216880076659], [-0.09707128204468968, -0.08822508820846266, -0.04121641076889424], [-0.019958332991086406, -0.00053192039969947, 0.10527655093149052], [0.036728079785405085, -0.0693960666237721, -0.0857782708249144], [-0.2500883599075027, 0.14897771830309914, 0.13275769937879334], [0.18410723438541482, -0.015206628338953882, -0.005658080722701808], [0.25150832954433316, -0.4065849650190217, 1.0088541284329264], [-0.24736710282120355, 0.19565627619915618, -0.7280046619668284]]","tensor(-6, dtype=torch.int32)",
"['Bi', 'Bi', 'Bi', 'Bi', 'Bi', 'Bi', 'Bi', 'Bi', 'Bi', 'Bi', 'Bi', 'Bi', 'Bi', 'Bi']","[[-2.0720460797883185, 0.008012845761897813, 0.1904613794635439], [0.18307662710203165, 0.6596290545919665, 1.964758861014896], [-0.18304406159459918, -0.6596231870501776, -1.9649486557979623], [2.072013514280888, -0.008018713303686698, -0.19027158468047778], [3.91246667570417, 2.557188490967508, -6.9272621635548335], [3.4128067817045684, -0.2406046866188134, -6.165024021264813], [2.9632095003169105, 3.4457497192105144, -4.287332491045719], [2.463742498730508, 0.6476841475171816, -3.5252868636055044], [2.209579988878823, -4.24777195202422, 1.3268840675524727], [3.8963593101518827, -1.9349512550783978, 2.008022529898154], [3.686314499504374, -5.8958364892089765, 3.2667287478185267], [5.37295192378234, -3.582665633785542, 3.947791564388783], [4.666475389946786, 6.252862614018898, 0.10276258417807616], [4.310028908782771, 6.107323492383497, -2.7291993319386254]]",[-81777.65625],"[[-0.1115791510078198, 0.08386598608331777, 0.22504667548465251], [-0.17000919949216006, -0.04012382502030329, 0.13528843761579662], [-0.08359668858972463, -0.030555119944152703, -0.20877184061072473], [0.12761672435120744, 0.023387214621797367, -0.014083518436802327], [0.18811224398795473, -0.0487119725165744, -0.3320479747897553], [0.08911150222308142, 0.12349406100313744, -0.2709381154249276], [-0.0604607068807491, 0.6757665017956503, 0.31438109247472384], [0.09771081859764325, -0.3906065270809486, 0.2735408960122314], [-0.04408343405818912, 0.23590403874458035, -0.10608644887384147], [-0.2104276319595311, 0.09785382343432121, -0.13624499136332757], [0.11997622429620597, 0.020786341794091064, 0.10689007332101991], [0.188094914743093, -0.3265419029119667, 0.243273133000234], [-0.16748211222365883, -0.09930125246805419, -1.1589248747146041], [0.02872638581695174, -0.3174828216166075, 0.9107808869338425]]","tensor(-6, dtype=torch.int32)",
"['Bi', 'Bi', 'Bi', 'Bi', 'Bi', 'Bi', 'Bi', 'Bi', 'Bi', 'Bi', 'Bi', 'Bi', 'Bi', 'Bi']","[[-1.809944, -0.045261, 1.025557], [0.621807, -1.702032, 1.022422], [-0.62179, 1.702213, -1.022486], [1.809928, 0.04508, -1.025493], [5.434856, -4.490554, -4.380773], [5.979726, -1.770358, -3.399976], [3.807975, -5.027202, -1.98805], [4.352949, -2.306742, -1.007513], [-1.494223, -7.268867, 0.787213], [-1.362122, -4.346529, 1.104708], [-1.195865, -7.598213, 3.696229], [-1.063917, -4.67566, 4.013442], [0.736082, 2.895913, 3.187122], [-0.439977, 4.391818, 1.054659]]",[-81777.6640625],"[[-0.06633290405057188, -0.02832342688072033, 0.11288465506879794], [0.21816999917794827, 0.1854442601885302, 0.24089362713456108], [-0.5773646731313842, 0.8040620491777768, 0.026353163730869687], [0.4749863227033121, -0.2686241213039249, -0.16389418720590676], [0.029333490456747168, -0.052390318140156926, -0.023802802823720295], [0.04378620922666005, 0.04889714861055536, -0.03862799237176809], [-0.047437280572869694, -0.043693644319610786, 0.020681461296108906], [-0.009145161876660566, -0.014177075790219046, 0.10687660073302652], [0.08879962723766184, -0.3181364478226534, 0.00338404362373875], [-0.22582500026277466, 0.16119272762486506, -0.08658467206503805], [-0.08452028077655417, -0.014304371177919982, -0.09995683271358004], [0.09444160770349062, 0.07261498671236159, 0.09542572369210728], [-0.42128823793014764, 0.4668922798005941, -0.66114977226465], [0.4719573043989196, -1.0107258925663596, 0.4735664559106648]]","tensor(-6, dtype=torch.int32)",
"['Bi', 'Bi', 'Bi', 'Bi', 'Bi', 'Bi', 'Bi', 'Bi', 'Bi', 'Bi', 'Bi', 'Bi', 'Bi', 'Bi']","[[-2.027062, 0.024424, 0.469189], [0.411185, 1.096554, 1.719709], [-0.411178, -1.096592, -1.719898], [2.027055, -0.024387, -0.469], [0.077179, 7.226769, 0.931284], [-1.065014, 4.691892, 1.894668], [2.627042, 6.578639, 2.24961], [1.484547, 4.04362, 3.212801], [-0.284719, 3.124786, 5.875292], [0.389763, 3.030378, 8.737892], [-2.717766, 1.553793, 6.396945], [-2.043048, 1.459658, 9.259679], [-3.278393, 6.799946, 3.426731], [-2.604989, 8.951556, 5.183246]]",[-81777.546875],"[[-0.16222430620400807, -0.05280390602271748, -0.057747574484919226], [-0.005485631596386372, 0.02011122629597479, 0.14094934141132606], [-0.02641234027385746, -0.018631442482221035, -0.033297094991148586], [0.13603184679373742, 0.0035243302886559125, -0.045445702966060035], [0.10222696379046685, 0.28802444232604524, -0.051147770145897525], [-0.5750676483006021, -0.08515400663315945, 0.22222637944997445], [-0.05714634739019114, 0.21010608962089491, -0.12096291138940153], [0.31062419446404704, -0.032680806365797364, 0.005236846375123634], [-0.14266498807472905, 0.05536272072172226, 0.039482447556471234], [0.15773366636860706, -0.013579787627705828, 0.23794755266388362], [-0.20975544237842564, -0.14445648232320932, -0.05308173958351253], [-0.013443812190946551, 0.02388070215025156, -0.02763136266122], [0.7046168662753963, 0.4689392904221247, 0.19970309196214883], [-0.21346724321478872, -0.7249465901806944, -0.44894355300162453]]","tensor(-6, dtype=torch.int32)",
"['Bi', 'Bi', 'Bi', 'Bi', 'Bi', 'Bi', 'Bi', 'Bi', 'Bi', 'Bi', 'Bi', 'Bi', 'Bi', 'Bi']","[[-0.943471, -1.852227, 0.093976], [1.72742, -0.83938, 0.80023], [-1.727563, 0.839508, -0.800239], [0.943615, 1.852099, -0.093967], [-7.407933, 1.854816, 3.106533], [-7.230935, 3.30627, 0.553052], [-4.547267, 1.188608, 2.925922], [-4.370538, 2.64033, 0.372371], [-2.552932, -6.481701, 0.697498], [-2.947374, -4.237208, -1.163948], [-4.57097, -8.047811, -0.763557], [-4.965126, -5.803062, -2.625033], [-7.356385, -9.67308, 0.258351], [-5.578457, -11.234614, -1.344406]]",[-81777.453125],"[[-0.02554742069351823, -0.20587615978979354, 0.018581578480018006], [0.2589457637596937, 0.1213251800245674, 0.11914622031604809], [-0.0418678001139565, 0.060416535304083745, -0.06965507969904966], [0.0764983830683199, -0.023305036977246823, -0.026752703098011168], [-0.0867595071764027, 0.05950579864014866, -0.062306400013752435], [-0.3938555290931111, 0.09237809059056357, 0.11666155627309856], [0.15399548599926458, -0.018624042843242986, -0.10112406277030539], [0.2052624885489036, -0.061328968897040904, 0.04650551741568843], [0.805173280576774, 0.5509378318277017, 0.42072290345534086], [-0.19297451127918877, -0.12708234597553053, 0.2531815529821844], [-0.47560374775688724, -0.5297894682244844, 0.06800391633848529], [-0.24566971100031068, 0.2604216806321608, -0.6806572569256185], [0.7305963353823515, -0.5891295334634776, -0.6690266082525431], [-0.7661377424182056, 0.4077327061030391, 0.563830892849013]]","tensor(-6, dtype=torch.int32)",
"['Bi', 'Bi', 'Bi', 'Bi', 'Bi', 'Bi', 'Bi', 'Bi', 'Bi', 'Bi', 'Bi', 'Bi', 'Bi', 'Bi']","[[0.00656439037218548, -1.929366212056789, 0.7792417006829004], [2.079253112889657, -0.021933709432058413, -0.07162630744858989], [-2.079425335262075, 0.022005928102703076, 0.07167364578452662], [-0.006392167999767606, 1.9292939933861462, -0.7792890390188378], [2.9135720590455323, 1.9295355757018953, 4.215467646016467], [0.5380273366349531, 0.8182635283892647, 2.8812355191094436], [1.9293568248665611, 4.654147538760047, 3.6981003289916714], [-0.4462871546322127, 3.5425139443699374, 2.363957082572999], [2.2507555232150587, -7.873211279971747, -1.0835221518853473], [4.1087263434633785, -5.591619238708937, -1.0591121511890291], [0.6483023613687271, -6.590604087060509, 1.0252503749501223], [2.5064858291879535, -4.30895436557489, 1.0493442712293812], [6.360584831070919, 3.973245206182013, 5.228211458748023], [5.495637199006889, 3.384804458366781, 2.5685409708316196]]",[-81777.6171875],"[[-0.06087707155625486, -0.374890033277373, 0.09678331833185379], [0.25658384424934044, 0.14664474943030423, 0.05039930617635462], [-0.28354398406477666, 0.2668684682532743, -0.20468794951970445], [-0.14629723893542118, 0.0402692364108671, -0.36959618037152614], [1.1067407077395828, 0.23200881530755912, 0.012627723028769635], [-0.4488678082607304, -0.28674778605844226, 0.1876647175249528], [0.7069879389180505, 0.1599904791237752, -0.015043579170978875], [-0.3169562593988504, -0.17084429425938416, -0.18928343354573157], [0.0264713625505705, 0.00030647227194586927, -0.011629383689622543], [0.09527284581384637, -0.05541455419003273, -0.05760194712157079], [-0.06855120165914821, -0.007525659097880669, 0.034541561029423844], [-0.004458952514128904, 0.07581143534693156, -0.015827077011513757], [-0.0031035242871005815, 0.05785684642952214, -0.21238516814171626], [-0.8471496481526788, -0.08752477074326409, 0.6905040732418587]]","tensor(-6, dtype=torch.int32)",
"['Bi', 'Bi', 'Bi', 'Bi', 'Bi', 'Bi', 'Bi', 'Bi', 'Bi', 'Bi', 'Bi', 'Bi', 'Bi', 'Bi']","[[0.010031, 1.642914, 1.27689], [0.947484, 1.133161, -1.465307], [-0.947621, -1.133277, 1.465377], [-0.009894, -1.642798, -1.27696], [4.324274, 1.650434, -3.016395], [6.395973, -0.047576, -1.798553], [2.7315, -0.743166, -3.643781], [4.803435, -2.441009, -2.425683], [-0.831072, -3.911442, 5.65573], [-3.667477, -3.833893, 6.4349], [-0.989406, -1.100222, 4.800261], [-3.82593, -1.022933, 5.579688], [1.929478, 5.526514, 3.628257], [-0.672779, 4.493525, 3.054293]]",[-81777.5703125],"[[-0.10447410919241835, 0.5656352940424794, 0.9947418496203045], [0.32944550273500095, -0.07699285790093238, -0.7837040431221108], [-0.5452078681631832, 0.035577093967409185, 0.43635779039958245], [0.4096185084674731, 0.00826719136947888, -0.41426120342766976], [0.03148970103195243, 0.11952725801463986, 0.06362697074756289], [0.022674941520306944, 0.08429001265046862, 0.02011215189362319], [-0.1366391416952717, -0.19671623977285013, -0.2080033888741855], [-0.05429370685991059, -0.04484460956877006, 0.008459628262790623], [0.07568683961903847, -0.07983192299903638, 0.0313577519449637], [-0.05294901916515014, -0.07550583385668448, 0.04529886204135036], [0.017418410768527313, 0.06263097625579175, 0.09799785671283073], [-0.013762598305474199, 0.09090340784829434, 0.0021121279587583315], [-0.8120844096848353, -0.3089980736620811, -0.1772196565952961], [0.8396296814803357, -0.17809511770440878, -0.12094475939107455]]","tensor(-6, dtype=torch.int32)",
"['Bi', 'Bi', 'Bi', 'Bi', 'Bi', 'Bi', 'Bi', 'Bi', 'Bi', 'Bi', 'Bi', 'Bi', 'Bi', 'Bi']","[[-1.484349, -1.288168, -0.683408], [-1.406696, 1.521546, 0.187106], [1.406862, -1.521624, -0.187166], [1.484184, 1.288246, 0.683468], [0.638812, -3.005741, 2.789708], [2.802014, -4.477174, 4.136466], [1.375851, -0.570005, 4.267485], [3.539185, -2.041756, 5.614069], [-4.493072, -4.494084, 3.695185], [-2.909797, -2.795818, 5.502793], [-3.832113, -2.71565, 1.445704], [-2.248709, -1.017546, 3.253637], [4.656631, -1.25003, 2.391147], [3.828381, 1.38317, 3.131757]]",[-81777.703125],"[[-0.46360347708955035, 0.2425848483044646, -0.12086634070141834], [-0.673247333529252, -0.16541982924092966, -0.054255911622600884], [0.6315388750504678, -0.3993483340712726, 0.5440220747313983], [0.5032278496187764, 0.21997681720971876, 0.10212571369215008], [-0.4529596697759453, -0.02108815347618887, -0.5557103161470408], [-0.0315637385594062, -0.44029826527719224, 0.03632978483287978], [-0.44516881152517024, 0.6952966121769132, 0.3859587927557773], [0.5912023579749803, 0.04370466407383592, -0.2448510713023915], [-0.008629192609768542, -0.0574318428426313, 0.11945264455976042], [-0.0441945469136705, -0.20714232595071466, 0.2714422061886651], [-0.09948997154414485, 0.06384978267036966, -0.3354977800695293], [0.514434831679342, 0.24015145208681818, -0.19425512704784323], [0.3725909001408363, 0.015741006714630773, 0.3020885900609502], [-0.3879682138283645, -0.25161158510422144, -0.257984067803005]]","tensor(-6, dtype=torch.int32)",
"['Bi', 'Bi', 'Bi', 'Bi', 'Bi', 'Bi', 'Bi', 'Bi', 'Bi', 'Bi', 'Bi', 'Bi', 'Bi', 'Bi']","[[-0.767041, -1.455116, 1.274363], [1.933787, -0.554228, 0.53123], [-1.933931, 0.554352, -0.531257], [0.767186, 1.454992, -1.274336], [1.648534, -3.883233, 1.456443], [0.88877, -5.318173, -0.997537], [4.342278, -5.058841, 1.309648], [3.582218, -6.493641, -1.144534], [-4.280027, -2.707968, 5.855578], [-1.710387, -2.059427, 4.57704], [-3.635578, -0.885827, 8.074664], [-1.06591, -0.237345, 6.795747], [2.606223, 6.087549, -4.610466], [2.551678, 3.430397, -3.559366]]",[-81777.5390625],"[[-0.051378197680466975, -0.0017965536680706353, -0.04174306554641614], [0.36665601944138015, -0.5561623163320101, 0.37201091036992984], [-0.33436885947102946, 0.29613807704565437, -0.1064636299155649], [-0.01406072816581503, 0.4407953626364752, -0.5668138883814433], [-0.06505115699590269, 0.13855924259478816, 0.02271034563035829], [-0.04863786299819242, 0.04891443157553466, -0.08743581052483443], [0.28287657673818783, -0.16919467356156714, -0.06708006704119786], [0.0003804332319052808, 0.035990481303812584, 0.15369230134732165], [-0.20661067294589136, -0.04580728768740792, 0.0759229698635639], [0.18551604542837286, -0.04989291684512355, -0.08603013622946265], [0.00863532212308462, -0.03354870842744811, -0.045010816053167944], [0.04910136116283842, 0.12355556182466454, 0.06104198220394498], [-0.12322841447804632, -0.8948081568479345, 0.3448623085888609], [-0.061644854805603555, 0.6708515782826406, -0.025766026289233933]]","tensor(-6, dtype=torch.int32)",
"['Bi', 'Bi', 'Bi', 'Bi', 'Bi', 'Bi', 'Bi', 'Bi', 'Bi', 'Bi', 'Bi', 'Bi', 'Bi', 'Bi']","[[0.137312, -1.311087, 1.609941], [0.092565, 1.615522, 1.307832], [-0.092641, -1.615627, -1.307975], [-0.137237, 1.311192, -1.609798], [3.010317, -2.280739, 5.056234], [4.560984, -4.76734, 5.321872], [0.852102, -3.769582, 3.720077], [2.403039, -6.256193, 3.985989], [-4.270014, -0.743132, 4.388668], [-5.57907, 1.408957, 2.867746], [-1.663468, 0.565172, 3.99609], [-2.9729, 2.717315, 2.475229], [-7.932691, 1.005495, 0.055162], [-6.047344, -1.046145, 0.691152]]",[-81777.0859375],"[[0.05591010888656834, 0.06229909807674839, 0.26824560328782043], [0.24334255282386408, 0.39450606997366233, -0.18122985982908535], [-0.13929684107638068, -0.20781055603076862, -0.3993623723022734], [0.08879016557281152, 0.030351159360118368, 0.0464132764678161], [-0.031598870132372184, 0.11450393673258405, -0.028099679075846845], [0.016522190561044654, -0.06915021760393845, 0.012268256897594757], [-0.05835656631547556, -0.0792986759093742, 0.09344437908152162], [0.16142289290676745, -0.25067025229579754, 0.07548053418762816], [0.1768123936299996, -0.39124354395141486, 0.5787540980458173], [-0.4500753018151612, -0.32728248387487074, -0.5675240274661334], [-0.18283844569782326, -0.2638060255893562, -0.10245568925380506], [0.10765230298447821, 0.4308568607309517, -0.019647897824231], [-0.04700157090651236, -0.35737114374190254, -0.08175449215894859], [0.060215989146930174, 0.9155585134623395, 0.3097779925250422]]","tensor(-6, dtype=torch.int32)",
"['Bi', 'Bi', 'Bi', 'Bi', 'Bi', 'Bi', 'Bi', 'Bi', 'Bi', 'Bi', 'Bi', 'Bi', 'Bi', 'Bi']","[[-0.43738658063348956, 1.2835847160751217, 1.578232541570028], [-1.351299998127764, 1.0232345999467976, -1.206600261694452], [1.3513764980083711, -1.0233908938810463, 1.2066829476931722], [0.43731008075288286, -1.2834284221408743, -1.5783152275687498], [2.8101635090152293, -4.054513240400911, 1.8735124207389209], [3.3604388951706374, -2.6891418644609972, 4.42130983516132], [0.1916349580890091, -4.917900757755927, 2.9019720164522216], [0.7421716972519377, -3.5522462869494627, 5.449764969709641], [3.1697052845451035, -6.201333680864671, -0.6372679926337699], [3.274234226967104, -7.890774227038034, -3.0441701512026613], [3.4941044674861637, -3.8008768257564274, -2.3083248360792625], [3.5984761456745993, -5.490668321283739, -4.715203109259214], [1.3032641369400115, 3.1886438107751784, -1.022737446586925], [1.1536585184739347, 5.369570130699411, 0.8183010022731548]]",[-81777.7421875],"[[0.15351412380000443, 0.4532172430326587, -0.06355256298104976], [-0.11146802786792008, 0.5053547187485274, -0.20051648660672708], [0.2434315644643853, -0.18559904068417948, 0.029555808727474795], [0.281847055042708, -0.28479981438529056, -0.32711731611672273], [-0.07781185755349261, 0.017884994258667984, -0.024638560935925737], [0.08797527968757753, 0.06761624519007997, 0.2537402540071776], [-0.023702077230737625, 0.07115115403141527, 0.014153884426917441], [0.02503694330600672, -0.01983504852652854, -0.025439362310276558], [0.0658975646232739, 0.02488484190132863, 0.08382942497620592], [-0.014218727684397092, -0.19700188949156502, -0.3784583664782339], [-0.13501266093866468, 0.13584621304314143, 0.21206974503197779], [0.04209568225499285, -0.1330954396762766, -0.03708058850758948], [-0.5516963076784749, -0.24449672166932865, 0.98185650191273], [0.024951418083294458, -0.21042398099102907, -0.5172419636585761]]","tensor(-6, dtype=torch.int32)",
"['Bi', 'Bi', 'Bi', 'Bi', 'Bi', 'Bi', 'Bi', 'Bi', 'Bi', 'Bi', 'Bi', 'Bi', 'Bi', 'Bi']","[[1.267371, -1.141586, 1.19175], [-0.965502, -1.731403, -0.631629], [0.965594, 1.73157, 0.631604], [-1.267463, 1.141419, -1.191725], [-3.586984, 1.008613, -7.002808], [-0.799324, 0.482622, -7.784215], [-2.76631, 1.165142, -4.181132], [0.021449, 0.63923, -4.962903], [-2.549171, -6.418571, -4.59031], [-1.594942, -3.999533, -3.21335], [-5.138021, -5.112075, -5.091091], [-4.183411, -2.692987, -3.714106], [2.273442, 2.787479, -2.321872], [1.420819, 5.514392, -2.249605]]",[-81777.7578125],"[[0.1677888964220122, -0.16900508030991965, 0.07290531584141006], [-0.1639962086355972, 0.0911926056913281, 0.02954259839214845], [0.5579955138967599, 0.45245002542631735, -0.1112876905927566], [-0.0496678012126141, 0.03771294139434963, -0.3197902851319798], [0.08358218755989967, -0.16180480478091608, -0.27156741898165715], [-0.17630136088389906, 0.11826294304901556, -0.2519107074109297], [0.12513026053505266, -0.008122366190759057, 0.08036475871196594], [-0.0563023566011241, -0.009244612201772105, 0.52057411519282], [-0.10311240078534564, -0.33146407693988894, -0.20772005314959163], [0.010454861980311465, 0.25266239554561454, 0.07446289099530276], [-0.04657066920571755, -0.17240886281773146, -0.005746454729287481], [0.2224907404227761, 0.28578778703077556, 0.02139932397895384], [-0.850457631303881, 0.33855343501735913, 0.3071374681225202], [0.26909283366865683, -0.721165523786976, 0.05733984872079856]]","tensor(-6, dtype=torch.int32)",
"['Bi', 'Bi', 'Bi', 'Bi', 'Bi', 'Bi', 'Bi', 'Bi', 'Bi', 'Bi', 'Bi', 'Bi', 'Bi', 'Bi']","[[1.639837, -0.315157, 1.241501], [0.19095, 2.054234, 0.269377], [-0.191045, -2.054402, -0.269378], [-1.639742, 0.315324, -1.2415], [5.517566, 0.211051, 2.752186], [4.807924, 1.719385, 5.176985], [3.621568, -1.906411, 3.514687], [2.911994, -0.397698, 5.939484], [3.559278, -2.711804, -2.91516], [5.406067, -0.428105, -3.095168], [1.268679, -0.874183, -3.105323], [3.115827, 1.409443, -3.28545], [-3.177741, 2.275163, 3.818568], [-2.344292, 0.170867, 2.073418]]",[-81777.1875],"[[0.03509190596453565, -0.20385357466176243, 0.24160356053088472], [-0.2809605381839061, 0.20837779312296378, 0.019110392985386176], [0.09718662179609877, -0.3092084928608176, -0.083440365431328], [-0.41541748057888905, 0.039730682561354085, 0.15302011176621613], [-0.05802072863538071, -0.08096773415780767, -0.10341131740368761], [0.001959087586688033, 0.02394391018521904, 0.08649422060595263], [0.12520919344562464, -0.08084293274154826, 0.09723161612622938], [0.0013461815065207953, -0.004257089437210028, 0.030444413323194773], [0.07122700161649259, -0.25006059197805064, -0.12268678558745695], [0.12837628006590365, 0.0963962642485474, 0.13643494456961608], [-0.13288939135532418, -0.06313810092293239, -0.18422807630062277], [-0.025486773478711325, 0.14490961379419326, -0.021778073394470403], [-0.18649291090207704, -0.28769148428307867, -0.15883553894693697], [0.6370950320454531, 0.7574510084879615, -0.08277948871036964]]","tensor(-6, dtype=torch.int32)",
"['Bi', 'Bi', 'Bi', 'Bi', 'Bi', 'Bi', 'Bi', 'Bi', 'Bi', 'Bi', 'Bi', 'Bi', 'Bi', 'Bi']","[[-0.775121, 1.902815, -0.328932], [1.709163, 0.511236, -1.070656], [-1.709316, -0.511345, 1.070699], [0.775274, -1.902706, 0.328889], [-1.440753, -3.638615, -3.412619], [0.422482, -4.75534, -1.427777], [-3.06296, -6.089644, -3.268537], [-1.199509, -7.206119, -1.283496], [4.315273, 0.075487, 1.109592], [6.209543, -1.879449, 2.226856], [5.723638, -0.035477, -1.471891], [7.617792, -1.990614, -0.35432], [0.192195, 0.96518, 3.438803], [2.748935, 2.237207, 3.554008]]",[-81777.6875],"[[-0.019155320466797732, 0.12987374279474187, 0.12644959713866524], [0.10667312351665302, 0.1311849032857936, -0.2254267361635043], [-0.08739683257941842, 0.07936650164816537, 0.08581272362627156], [0.20110187569724916, -0.08326373054675812, 0.2635797169643221], [0.022058457491007724, 0.10512048488355177, -0.004059122097949089], [0.17088661464075272, 0.2525472100604802, -0.0836647200168821], [0.015561296788984543, -0.08102563543292432, 0.013293726532258316], [-0.21130756679061108, -0.26343264978240954, 0.03356822825341106], [-0.3928959928642687, 0.09034115869898227, 0.19966478250392336], [0.3146542980472769, -0.2596456184260681, 0.2630358769237949], [-0.08216309209862609, 0.18805855932434748, -0.2826314476276363], [0.11502129439594867, -0.11820380764370107, 0.012618292217174257], [0.3429147997145335, 0.09103710528639672, -0.10080025785963974], [-0.4940333739562927, -0.2749706358464616, -0.300457378471918]]","tensor(-6, dtype=torch.int32)",
"['Bi', 'Bi', 'Bi', 'Bi', 'Bi', 'Bi', 'Bi', 'Bi', 'Bi', 'Bi', 'Bi', 'Bi', 'Bi', 'Bi']","[[-1.5296258190385545, 1.2869368613359033, 0.577713655885012], [-1.0113213678193587, -0.4063214714971081, -1.7722970619458547], [1.011412187255262, 0.4062755042859222, 1.7724606340876092], [1.5295349996026526, -1.2868908941247188, -0.577877228026767], [4.582328490607366, 2.8893678451917424, -3.595277552164325], [2.983332773723022, 3.2429782824293767, -6.039962811220006], [3.257292355497478, 0.30848422949098775, -3.1021468189753927], [1.6584353098047178, 0.662333837098507, -5.547100472954263], [-4.345784835271783, 4.611456367413358, -3.09470776977703], [-1.8808842251357714, 6.068252803586021, -3.773178686978162], [-3.278644020796931, 4.057104342661754, -0.4088627943752954], [-0.8137635346104675, 5.514157643659229, -1.0876202137377262], [0.00011229786115918294, -4.017220583651212, -6.2819744798329165], [2.4138907508091467, -2.528411092685467, -5.927906825435711]]",[-81777.1484375],"[[-0.18681707576738374, -0.07210405681044418, -0.18118203728391793], [-0.11880153803620186, 0.14877264700188672, -0.04179915162170009], [0.3202791035345187, -0.05991779243787029, 0.21103127589256335], [0.10180977636149585, 0.0027306842983481423, -0.07480217395553333], [-0.004340182394990656, 0.3861939459805627, -0.2206087947152104], [0.4966952385268195, 0.14302509698204863, 0.08886889279501718], [-0.04792189779052671, -0.45841915323876437, 0.20735187097389432], [-0.6597634326757115, -0.6484017215415881, 0.004066801987326239], [-0.09310298781553634, 0.06905215567529951, -0.11881017694758693], [0.07472025856364985, -0.003553874851371959, 0.09154027045248586], [0.03579853292037082, 0.030188310738300514, 0.05142625676725563], [-0.0603219700776721, -0.06215994989693875, -0.08949932763776149], [0.49008652273932735, 0.41372080866727823, 0.1431249586838928], [-0.33117055964116265, 0.11404478887688553, -0.06620316611352099]]","tensor(-6, dtype=torch.int32)",
"['Bi', 'Bi', 'Bi', 'Bi', 'Bi', 'Bi', 'Bi', 'Bi', 'Bi', 'Bi', 'Bi', 'Bi', 'Bi', 'Bi']","[[-1.53699, 1.33358, -0.434675], [1.206124, 0.927692, -1.418998], [-1.206211, -0.927842, 1.419082], [1.537076, -1.33343, 0.434591], [2.333549, 1.031066, 2.644828], [3.210216, 3.431114, 4.104121], [2.560348, -0.553115, 5.114401], [3.43692, 1.847275, 6.573545], [-4.2039, 2.582125, -6.37704], [-3.758965, 0.451267, -4.397194], [-1.570588, 3.728174, -5.735088], [-1.125857, 1.596991, -3.755284], [-0.300036, 3.854957, 2.094602], [-1.210907, 4.767865, -0.455918]]",[-81777.1015625],"[[0.021051391822919874, 0.44882672200955975, -0.37338130911047923], [-0.1140133699789315, 0.1321900509098656, -0.22946229048844147], [0.18570661569976032, -0.4222696799700022, 0.34558838852194], [0.03877621655074121, -0.5569578160887192, 0.363584320800978], [-0.591527859814668, -0.2783243332370766, -0.41677620650465025], [0.2763348639360217, 0.8739446716320584, 0.2858458939942585], [-0.004244936340086522, -0.25379728110673744, 0.08847556521653831], [-0.062371963180514176, 0.07716193373804031, -0.16798455748046587], [0.14257726198649726, 0.04468501082313992, -0.0011446398176742807], [-0.212484104245912, -0.23480437731618828, 0.11389576765549297], [-0.17074571810982944, 0.47356115943523236, -0.3960645707252035], [0.21940052982940592, -0.04718153794261648, -0.06650840764912704], [0.08317127362610117, 0.03712135079958323, -0.03657999444607923], [0.20380343812247403, -0.28043783262301736, 0.4718118313018459]]","tensor(-6, dtype=torch.int32)",
"['Bi', 'Bi', 'Bi', 'Bi', 'Bi', 'Bi', 'Bi', 'Bi', 'Bi', 'Bi', 'Bi', 'Bi', 'Bi', 'Bi']","[[0.818134, -0.188633, -1.903888], [-1.751682, -0.90603, -0.663041], [1.751786, 0.906169, 0.663126], [-0.818237, 0.188495, 1.903803], [6.228051, -1.520274, -1.296594], [4.675454, -3.648281, 0.014644], [3.98193, -1.01036, -3.128201], [2.429433, -3.138462, -1.816604], [0.709478, -0.65509, -6.836777], [-1.86284, 0.403522, -7.79638], [-0.634466, -1.775362, -4.470627], [-3.206814, -0.716676, -5.430607], [-1.410082, -5.085043, -4.914645], [-3.860642, -4.887148, -3.457305]]",[-81777.3828125],"[[0.18241832720963233, -0.012270138946146507, -0.14846288032222185], [-0.4820990778324502, -0.134145118831655, -0.1592823455006568], [0.1607916353105579, 0.19406831058914095, 0.3479653747051255], [0.11721835468070337, 0.068324790189931, 0.06466816525783095], [0.0839281039699438, 0.0006172311922898502, 0.14240494655761993], [0.15480764651364495, -0.07898397270891784, 0.047583812965029906], [0.049871391557589066, 0.042449486813885, -0.24283789641711914], [-0.2519336416637734, 0.02296642764641592, -0.0657590335085632], [0.21002725955450605, 0.12548152484262087, -0.35258122733351854], [0.06847232017066782, -0.004101365346180282, 0.23267545130277423], [-0.14583258891592385, -0.806606928489964, 0.19081385783527116], [-0.2997696079970644, -0.041965203839823245, -0.1754297564316547], [-0.6405716796570309, 0.6905956045648672, 0.526435205190862], [0.7771826934682095, -0.05732992425712403, -0.4072033156702452]]","tensor(-6, dtype=torch.int32)",
"['Bi', 'Bi', 'Bi', 'Bi', 'Bi', 'Bi', 'Bi', 'Bi', 'Bi', 'Bi', 'Bi', 'Bi', 'Bi', 'Bi']","[[-1.241457, -0.179437, -1.660211], [0.461248, 1.951191, -0.555886], [-0.461207, -1.951372, 0.555938], [1.241416, 0.179619, 1.66016], [0.995094, 0.808595, 5.029822], [-1.312403, 2.591261, 4.635013], [1.668156, 2.230867, 7.516585], [-0.639626, 4.013405, 7.121551], [-2.717776, -1.279336, -6.335932], [-0.264043, 0.101175, -7.191324], [-1.254808, -2.484415, -4.08485], [1.198883, -1.10359, -4.940462], [-2.551331, -4.08385, -1.442421], [-5.339278, -4.653597, -1.708844]]",[-81777.625],"[[-0.08528734411662078, -0.1621005332295802, -0.15375308225956663], [0.25177459313452316, 0.2998775943893779, 0.1660169425683315], [-0.13769817967131726, -0.5964494681995828, -0.19503556013172008], [-0.09404540048788339, 0.279708255987711, -0.04485791246386125], [-0.07692570064933173, -0.05771245319637156, -0.24762436754536746], [0.053652833332576, -0.11564987804339616, -0.16187232198715776], [-0.0068154788755174665, 0.22665562130803152, 0.3937451258624935], [0.10365932615136751, -0.01801069041932085, 0.13031257892426715], [-0.24964145050959974, 0.05816928705794907, -0.182850169934703], [0.08630673566005984, -0.2742352485148069, 0.2733826188143548], [-0.24041385902013987, -0.264621785650147, 0.28990212000001], [0.24196032700225178, 0.31487484739805427, -0.18215370912637277], [-0.5088038041190193, 0.17761210999821814, -0.14853939639448965], [0.6597932574888267, 0.1136374230674059, 0.05713179493827462]]","tensor(-6, dtype=torch.int32)",
"['Bi', 'Bi', 'Bi', 'Bi', 'Bi', 'Bi', 'Bi', 'Bi', 'Bi', 'Bi', 'Bi', 'Bi', 'Bi', 'Bi']","[[0.2749780630734503, 0.7936031007752085, -1.9037583572499022], [-1.573821886165836, 1.3218392553864065, 0.3236210384607583], [1.5739887646921669, -1.3219256394261696, -0.3235785372240235], [-0.2751449415997813, -0.793516716735446, 1.9037158560131688], [0.873638731381017, 2.009320187649881, 3.356250808007492], [3.6181812652667835, 2.8236598378166824, 2.676066367109212], [1.1768268161187916, 3.215742551462131, 6.023174313195014], [3.9214564676838126, 4.0301134790155215, 5.342615839898338], [-2.0443907120463156, 2.8833456377927726, -5.961723840877462], [0.5088823702028124, 2.8789721824361734, -4.499160645616388], [-0.7170706922961823, 1.6531104285736884, -8.28219832087572], [1.8361853380600772, 1.6487517293571203, -6.819250470588314], [4.60738951473036, 9.202259972898446, 6.941832667023284], [4.8423965582214565, 6.403479208270553, 7.470833560457757]]",[-81777.4453125],"[[-0.11680954905265957, -0.16465065759510833, -0.13208525268722995], [-0.20370666174612456, 0.2188314929640056, 0.16878900468110958], [0.2894596843240742, -0.24536189836012576, 0.17307945831399804], [0.05761356851426739, -0.08096943108682975, -0.00045858756058868175], [-0.07916071043767088, -0.056795648725630296, -0.28268538940170146], [0.11529218597438073, -0.014475868995541227, -0.4620957299423966], [-0.033094167991154964, 0.2587908289977697, 0.6130546900118983], [0.18941224588513403, 0.04737522439275356, 0.42459519263951834], [-0.0729785408998169, 0.07794432086139712, 0.05395606940661051], [0.0326255379017695, 0.20021623301400407, -0.15047492392147946], [-0.05972064013876086, -0.06646192207834066, -0.10089482308605138], [0.12775170734159927, 0.03006759737832154, -0.019996575600592842], [0.14521701505764556, -0.8495510598293636, 0.15022593815405957], [-0.39898889365114354, 0.6490043884548804, -0.4270760514476912]]","tensor(-6, dtype=torch.int32)",
"['Bi', 'Bi', 'Bi', 'Bi', 'Bi', 'Bi', 'Bi', 'Bi', 'Bi', 'Bi', 'Bi', 'Bi', 'Bi', 'Bi']","[[1.8993147030089879, 0.8246481014818078, -0.20560609715383005], [-0.1546886638685081, 0.830522437188834, 1.901370248422436], [0.1546821995781491, -0.8306653305759225, -1.901499309233206], [-1.8993082387186306, -0.82450520809472, 0.2057351579646005], [-1.0605741666323882, 2.1267904313375112, -5.027271903124007], [-0.6861527923741836, 3.5389458133155416, -2.4730715446103915], [1.8446965568615905, 1.6982634289503453, -5.216019217247535], [2.2188148552068854, 3.110437673734988, -2.66158167276144], [2.642854990548128, 2.4352146646561796, 2.752334462474841], [1.018903118839463, 3.3563544709828372, 5.0266685266255795], [1.5015011819398647, 4.566385491169223, 1.0744544581389759], [-0.12232946392044153, 5.487430341554457, 3.349141729966412], [-3.3875746783842344, -5.649199845583039, 0.8386232086846751], [-4.398494026535803, -2.9833686166512523, 0.6395504717746489]]",[-81777.359375],"[[-0.08762771777060291, -0.11640855958253558, -0.3685154422728347], [0.3249338826862362, 0.6106100837782878, 0.7007401547913431], [-0.005952431059311668, -0.46784348565060097, -0.5469063398479992], [-0.8214442587938333, -0.5184349561831819, -0.4350499723444833], [0.16040386131796944, -0.0725314258135476, 0.08103699971516301], [0.0385358079881965, 0.1551660070698509, 0.14215817194013786], [-0.12112972465448003, -0.20742561025321696, -0.15573956907931008], [-0.11288074698983804, 0.12937535988316948, 0.347484063927957], [0.26225544383991806, -0.03487347520393131, 0.0787046993295586], [-0.21906968009219413, 0.20874566676611161, 0.2282848788575837], [-0.08626086715437241, 0.002221270833911376, -0.1234201160354485], [0.10019301438019705, 0.04715657765936459, 0.09087671978276544], [-0.28477688013244684, 0.4043276380429378, -0.11207475712644699], [0.8508690080365038, -0.14201203035587365, 0.061916363449134544]]","tensor(-6, dtype=torch.int32)",
"['Bi', 'Bi', 'Bi', 'Bi', 'Bi', 'Bi', 'Bi', 'Bi', 'Bi', 'Bi', 'Bi', 'Bi', 'Bi', 'Bi']","[[-1.248152, 1.554789, 0.595368], [1.627795, 1.295496, 0.029674], [-1.627912, -1.295627, -0.029753], [1.24827, -1.554658, -0.595289], [8.971524, 1.713592, 1.104445], [7.157263, 4.014268, 1.375851], [6.654926, -0.081895, 0.84089], [4.840808, 2.219129, 1.112212], [5.41696, 0.380933, 6.392018], [3.991777, 2.00939, 4.398204], [4.435484, 2.144438, 8.533655], [3.010217, 3.772729, 6.539505], [-4.313837, 1.893499, 2.234778], [-6.233738, 0.105183, 3.367979]]",[-81777.3125],"[[-0.9539003676055228, 0.13129222119091655, 0.23125172785325865], [0.5191301828613144, -0.14746945693502958, -0.05366646018684413], [0.019563653011599024, -0.07671898384118883, 0.07398728807029935], [0.04705797065655493, 0.09285893856890794, -0.09026880781613224], [-0.07990016011456018, 0.04053760316460268, 0.07627048035844693], [0.3085850000004363, 0.21426361714705466, -0.13828233463164152], [-0.013324764906734699, -0.08725675880196039, -0.07833142636679508], [-0.2099863275696101, -0.16809372658088562, 0.12431547749400182], [0.13467188673777836, -0.15039470545861805, -0.0561888680450118], [-0.0322038561819946, -0.1657466166329068, -0.10988350753804059], [-0.033171234279802675, 0.03576960285164914, 0.006235694792977345], [-0.13591439873657366, 0.23961249714499083, 0.22662713346929736], [-0.3823819749098061, -0.5633295274561291, 0.2523019781057455], [0.804455942399263, 0.5996186117035249, -0.4604416869447039]]","tensor(-6, dtype=torch.int32)",
"['Bi', 'Bi', 'Bi', 'Bi', 'Bi', 'Bi', 'Bi', 'Bi', 'Bi', 'Bi', 'Bi', 'Bi', 'Bi', 'Bi']","[[-1.774554, 0.74619, 0.789856], [0.308457, -1.104123, 1.736281], [-0.308408, 1.104248, -1.736419], [1.774505, -0.746315, -0.789718], [2.250434, -4.385141, -1.515374], [1.677983, -4.339034, 1.370538], [-0.610088, -3.999777, -2.088754], [-1.182248, -3.953581, 0.797394], [7.505133, -0.991267, 2.928284], [5.601131, 1.045036, 3.869857], [5.64992, -1.725472, 0.765187], [3.74606, 0.31112, 1.706972], [-2.845549, 6.1771, -2.46687], [-2.342367, 3.683275, -1.164607]]",[-81777.5703125],"[[-0.6060916245913432, 0.3889609687283662, 0.12959395519446687], [0.34783352846231996, -0.33145435816458074, 0.09355781621554232], [-0.38942690430015303, 0.4837012359397409, -0.4947515348872688], [0.37237117354352417, -0.35804986392863847, 0.10703060989730213], [-0.01194807724438535, 0.13216346568851986, 0.10017866761664684], [0.3776691916387888, -0.08037545450701414, -0.11870177917854084], [-0.134583132207715, -0.13559604456761526, 0.04316965320643262], [-0.2115432856584039, 0.05364974800708133, -0.06980775188894427], [-0.010071592562945209, 0.11799241142522457, 0.15238782572817505], [0.5472899486511699, 0.1313515108625058, 0.45959306816739476], [-0.20338187981571892, -0.12255833320269553, -0.15370644242250553], [-0.2582629298056316, -0.01705890349967918, -0.2264004134675307], [0.15251674091176068, -0.21875184014415153, 0.1608350869779412], [0.024774623790240695, -0.04615381602034181, -0.18007157721629455]]","tensor(-6, dtype=torch.int32)",
"['Bi', 'Bi', 'Bi', 'Bi', 'Bi', 'Bi', 'Bi', 'Bi', 'Bi', 'Bi', 'Bi', 'Bi', 'Bi', 'Bi']","[[1.273936, -1.529129, -0.607097], [-1.248755, -1.398556, 0.901974], [1.248796, 1.398704, -0.902091], [-1.273977, 1.528981, 0.607213], [3.507356, 0.06818, 1.365707], [2.593788, -2.072612, 3.165906], [4.970149, 1.316708, 3.593099], [4.056474, -0.824417, 5.393136], [0.475395, -7.060197, 3.527087], [0.893946, -4.700155, 1.820238], [1.338297, -8.807655, 1.322172], [1.756902, -6.447275, -0.3845], [6.741679, 0.195682, 7.142353], [5.888941, 2.648175, 8.336656]]",[-81777.796875],"[[-0.19719292256177667, -0.4321718778788718, -0.02117462486538616], [0.06244256571225055, -0.116023356694526, 0.07355050882443719], [-0.06246493432208691, 0.17638409902924782, 0.08906938753007917], [-0.05151388001130426, 0.11172020180501781, -0.08433665248752972], [6.448818793730852e-05, -0.1278956891980172, -0.4488238937945229], [-0.3201883949649754, -0.3122978292786309, -0.5515307285435942], [0.610319548960873, 0.27054144541049613, 0.6755345881626343], [0.3402436277454311, 0.4198648230131815, 0.8468143761155911], [-0.04184383227707207, -0.15235666394067887, 0.18689384895010944], [-0.0842534001212652, 0.3007030732254769, -0.1519365968745795], [0.001488903521695084, 0.0005169678839104663, -0.0035167969522397593], [0.09403403620564468, -0.10078472838798322, -0.1726867478006181], [-0.6030278963751357, 0.7231190490460181, -0.16281699723153423], [0.2719211001275295, -0.7624482073474959, -0.27835739764196116]]","tensor(-6, dtype=torch.int32)",
"['Bi', 'Bi', 'Bi', 'Bi', 'Bi', 'Bi', 'Bi', 'Bi', 'Bi', 'Bi', 'Bi', 'Bi', 'Bi', 'Bi']","[[1.174334, 1.296438, 1.1269], [-0.123361, -1.2977, 1.621623], [0.123397, 1.297747, -1.621807], [-1.174369, -1.296485, -1.126717], [2.170086, -1.271208, -2.212212], [4.608815, -1.986615, -0.729272], [3.788003, -0.724252, -4.608677], [6.22669, -1.439884, -3.125427], [-4.401663, 3.221222, 0.674895], [-4.218597, 0.794842, -0.979638], [-3.583524, 1.670928, 3.038599], [-3.400411, -0.755404, 1.383687], [4.145849, -0.930675, 3.176932], [4.589271, 1.223681, 1.352002]]",[-81776.953125],"[[0.6834458769518846, 0.44895969953838005, 0.2716608014999625], [0.46553437662829816, -0.27571995856493386, 0.5725844754983084], [-0.18730363159789323, 0.08144647383039734, -0.3238176633443561], [-0.3992111913530345, -0.008780985481897163, -0.6584038325743934], [-0.6435346205737458, 0.15169445024533948, 0.253926813355422], [0.5957681254861765, 0.10203037713436477, 0.7565989444305167], [0.1837943309581637, 0.1323172177423376, -0.6387256265693865], [0.1005927182980316, -0.13024717002378014, -0.11686858161379092], [-0.06517667832144419, 0.14923822261903247, 0.021670621791909355], [0.08112811966143896, -0.0901582503192399, -0.12152022401792215], [-0.006912584353253055, 0.28605050249664676, 0.22686156678480074], [-0.07199555619721495, -0.4040257389432843, -0.03047985857091938], [-0.06625062870404733, 0.03875556543876355, -0.08461608013316368], [-0.6879885045218709, -0.5049856109751817, -0.14013378703890156]]","tensor(-6, dtype=torch.int32)",
"['Bi', 'Bi', 'Bi', 'Bi', 'Bi', 'Bi', 'Bi', 'Bi', 'Bi', 'Bi', 'Bi', 'Bi', 'Bi', 'Bi']","[[-0.857893, 1.858589, 0.373337], [-1.332906, -0.882647, 1.331616], [1.33308, 0.882686, -1.331688], [0.857718, -1.858629, -0.373265], [-3.397955, 6.060177, -3.346305], [-3.065202, 4.044065, -1.229023], [-6.125037, 6.614624, -2.389501], [-5.791923, 4.598423, -0.272117], [4.224188, -1.773794, -0.907347], [4.659304, -0.840097, 1.848954], [6.859714, -0.717675, -1.680958], [7.294626, 0.215851, 1.075622], [9.838822, -1.34224, 6.549669], [8.464807, -0.396735, 4.228818]]",[-81777.421875],"[[0.01032410588584734, -0.02726637893961882, 0.023201735137476105], [-0.15424467745505077, -0.035668733276810055, 0.15597986451325332], [0.2301944382283267, -0.018259521920466006, -0.04555941263716611], [0.01126053816894387, -0.10300929949173207, 0.041519322883751805], [-0.03725715140123114, 0.2120811093142165, -0.23203570906145438], [0.04754829572637709, -0.09386773716148196, 0.07479312366741564], [0.06390958656287468, -0.016150429407773517, -0.027932001919629825], [-0.14374552048505415, -0.009395520613925587, 0.11180936771181377], [-0.023912049057277413, 0.1251798314313337, 0.07596960970062498], [-0.22901939201368154, -0.10781875629491568, 0.19143267128531888], [0.20704210429422945, 0.04271575040407505, -0.22716860809361197], [0.3577780981746496, -0.04073776879827857, 0.10799415704928768], [-0.4168307653438143, 0.22991557622570008, -0.9218602907852035], [0.07565392948042865, -0.15735571399550996, 0.6694544400544707]]","tensor(-6, dtype=torch.int32)",
"['Bi', 'Bi', 'Bi', 'Bi', 'Bi', 'Bi', 'Bi', 'Bi', 'Bi', 'Bi', 'Bi', 'Bi', 'Bi', 'Bi']","[[-1.830965, 0.774012, -0.614968], [-0.864002, -1.88172, 0.2038], [0.864104, 1.881873, -0.203741], [1.830864, -0.774165, 0.614909], [-5.237926, -1.063438, -0.999847], [-3.907945, -1.724035, 1.540444], [-6.444781, -3.746543, -1.065511], [-5.114693, -4.406845, 1.475005], [-3.146674, -0.374468, -4.573937], [-5.655433, 1.143652, -4.818395], [-1.762051, 2.059658, -3.669664], [-4.271138, 3.577577, -3.914111], [1.042566, 0.721156, 3.484166], [1.889497, -1.626549, 4.876729]]",[-81777.453125],"[[-0.37701355997117136, 0.06320664657100565, -0.10239974201816839], [-0.23558553030934723, -0.2568921196883496, -0.0697557127322675], [0.10534550795629641, 0.37618437874447874, -0.08173598020598057], [0.4721566678479669, 0.31323407129998865, 0.557081229108506], [0.1915087245587625, 0.31874806217988016, -0.2201131371744916], [0.030465655789225582, 0.12165469278739817, 0.3015587882514237], [-0.15913203872697476, -0.17639062963487817, -0.12776188891573168], [-0.10550656194711819, -0.2290130156743259, 0.13611072828221782], [-0.15846195745162397, -0.04527311500009734, -0.043455945701292235], [0.0853822178755819, -0.11162599653324719, 0.031978221186360206], [0.16599051161326048, -0.029458225024287528, 0.08773323590252063], [-0.13329382610558388, 0.15473005057745398, -0.04751187345891251], [0.2874696493800119, -0.8525541099775094, -0.4677218209819278], [-0.1531424963441714, 0.3576828130389558, 0.03539673612340907]]","tensor(-6, dtype=torch.int32)",
"['Bi', 'Bi', 'Bi', 'Bi', 'Bi', 'Bi', 'Bi', 'Bi', 'Bi', 'Bi', 'Bi', 'Bi', 'Bi', 'Bi']","[[-0.695031, 0.478475, 1.902027], [0.330091, 2.017502, -0.386822], [-0.330163, -2.017677, 0.386786], [0.695103, -0.4783, -1.901991], [-1.472893, 5.385934, 4.968297], [1.258394, 6.212027, 5.686598], [-0.392841, 3.670578, 2.835014], [2.338501, 4.496806, 3.553671], [-1.255318, -0.833149, 7.916508], [0.088177, -3.274347, 6.971052], [-0.917065, 0.382413, 5.257965], [0.42636, -2.059111, 4.312702], [-4.784458, -2.367466, 0.088492], [-2.881164, -3.475861, 1.909804]]",[-81777.359375],"[[-0.3479536504682458, 0.04567025295556214, -0.02766596458664273], [0.10866238712934169, 0.18183221820982812, -0.036009805725827536], [0.17448569825237717, -0.5509306327348809, 0.4019220097547434], [-0.06759680763946355, -0.0630840048825925, -0.25699722644353473], [-0.07991399265719462, 0.04639148892761458, 0.11212715623776481], [-0.029633810898189217, 0.0387727095640956, 0.010973412636200698], [0.19550833484168673, 0.11029077050333708, -0.0122487627826776], [-0.020182846985124403, -0.043395061944864075, -0.045284916370114454], [-0.07393555744617204, -0.15688057386933074, 0.23098279031430655], [-0.03857878657233726, -0.11812487473312909, 0.2517501676410237], [0.054897556481309145, 0.26997971048209984, -0.006400147784052429], [0.007108111714268626, -0.07388475241969313, -0.33676800857568506], [0.3138118499209572, -0.4553219492409396, 0.7238651835948126], [-0.2109094055355239, 0.7616408805097237, -0.9900953494253311]]","tensor(-6, dtype=torch.int32)",
"['Bi', 'Bi', 'Bi', 'Bi', 'Bi', 'Bi', 'Bi', 'Bi', 'Bi', 'Bi', 'Bi', 'Bi', 'Bi', 'Bi']","[[-1.129039, -1.506926, -0.885529], [-0.100028, 1.108018, -1.75818], [0.100117, -1.108103, 1.758327], [1.128949, 1.507011, 0.885381], [-2.99382, 1.002761, 5.501074], [-5.732762, 1.561484, 4.582193], [-2.753597, -1.12992, 3.487663], [-5.492683, -0.570848, 2.568859], [1.940241, 4.667901, 0.052317], [-0.986459, 4.801003, -0.221595], [1.772248, 6.171909, 2.576123], [-1.15462, 6.304746, 2.301987], [1.296369, 0.189438, 4.722273], [0.072405, 0.434043, 7.293329]]",[-81777.2109375],"[[0.015844745642179903, -0.19163954235973651, -0.30088952972953814], [-0.04528686012517609, 0.21169060995077438, 0.03736095717749933], [-0.18539381511669234, -0.7009638408897068, 0.473842695386621], [0.14299264964226302, 0.32472870854084057, 0.16439339287094443], [0.5164726891685717, 0.019562593716512523, 0.26224305111584784], [-0.3857093956116248, 0.06859573319045462, 0.04647985779199109], [0.28537471336913084, -0.17765021376807733, 0.2009164476350195], [-0.1296570501008329, 0.1084367984135897, -0.15651897372135537], [0.1038403833358131, 0.22602575210829454, -0.27535948970297325], [0.05735275566578459, 0.004546996390886646, -0.026655479349464953], [0.02047449251971727, 0.020837892440897846, 0.09073880573315368], [-0.04153539742957904, 0.007426121355213449, -0.015037382808943746], [-0.4517193689270878, 0.1719200444151925, 0.5972907336177963], [0.09075320391879547, -0.09625629331527252, -1.1042400514261523]]","tensor(-6, dtype=torch.int32)",
"['Bi', 'Bi', 'Bi', 'Bi', 'Bi', 'Bi', 'Bi', 'Bi', 'Bi', 'Bi', 'Bi', 'Bi', 'Bi', 'Bi']","[[0.90391, -1.592114, -0.988856], [-1.866947, -0.669785, -0.628334], [1.867087, 0.669915, 0.628357], [-0.90405, 1.591983, 0.988833], [-1.915015, -1.998128, -3.962456], [-4.043412, -0.144577, -3.130237], [-1.182005, -0.173237, -6.151595], [-3.310526, 1.680288, -5.319012], [5.472597, -0.099118, -2.936851], [4.779343, 2.220807, -4.608874], [4.970738, 1.496251, -0.51553], [4.277372, 3.816106, -2.187915], [-3.444067, 0.668685, -9.936565], [-1.163551, -0.961121, -9.378691]]",[-81777.375],"[[0.07592003880434395, -0.042513095941166784, -0.5137304004468173], [-0.38635237744471407, -0.1224428391850117, 0.04046948431988951], [0.17213005223719643, -0.04277866533312053, 0.2614205547610603], [-0.0333843068584646, 0.4518415992387684, 0.21821036551983689], [-0.03953563342579019, -0.5726960614370322, 0.10556646868380637], [0.36113457235820984, -0.015928990454811876, 0.1753155479662603], [0.2545295831128974, -0.17461029398027028, -0.4495363982954255], [-0.20526228286053733, 0.2371868142410811, -0.2926709939431102], [-0.015722314784342228, -0.016296267601697424, 0.04696413048163453], [-0.04304202871734558, 0.013556519131266855, 0.04662976861556796], [-0.03059402075643134, -0.07292403348274439, 0.01254666124360633], [0.010323828206552818, 0.07204492140512968, -0.09978595710326689], [0.3000111375612055, -0.15633791653690982, 0.01943800313082858], [-0.41792523314095703, 0.4487977713720014, 0.42109350246934235]]","tensor(-6, dtype=torch.int32)",
"['Bi', 'Bi', 'Bi', 'Bi', 'Bi', 'Bi', 'Bi', 'Bi', 'Bi', 'Bi', 'Bi', 'Bi', 'Bi', 'Bi']","[[-1.53699, 1.33358, -0.434675], [1.206124, 0.927692, -1.418998], [-1.206211, -0.927842, 1.419082], [1.537076, -1.33343, 0.434591], [2.333549, 1.031066, 2.644828], [3.210216, 3.431114, 4.104121], [2.560348, -0.553115, 5.114401], [3.43692, 1.847275, 6.573545], [-4.2039, 2.582125, -6.37704], [-3.758965, 0.451267, -4.397194], [-1.570588, 3.728174, -5.735088], [-1.125857, 1.596991, -3.755284], [-0.300036, 3.854957, 2.094602], [-1.210907, 4.767865, -0.455918]]",[-81777.1015625],"[[0.021051391822919874, 0.44882672200955975, -0.37338130911047923], [-0.1140133699789315, 0.1321900509098656, -0.22946229048844147], [0.18570661569976032, -0.4222696799700022, 0.34558838852194], [0.03877621655074121, -0.5569578160887192, 0.363584320800978], [-0.591527859814668, -0.2783243332370766, -0.41677620650465025], [0.2763348639360217, 0.8739446716320584, 0.2858458939942585], [-0.004244936340086522, -0.25379728110673744, 0.08847556521653831], [-0.062371963180514176, 0.07716193373804031, -0.16798455748046587], [0.14257726198649726, 0.04468501082313992, -0.0011446398176742807], [-0.212484104245912, -0.23480437731618828, 0.11389576765549297], [-0.17074571810982944, 0.47356115943523236, -0.3960645707252035], [0.21940052982940592, -0.04718153794261648, -0.06650840764912704], [0.08317127362610117, 0.03712135079958323, -0.03657999444607923], [0.20380343812247403, -0.28043783262301736, 0.4718118313018459]]","tensor(-6, dtype=torch.int32)",
"['Bi', 'Bi', 'Bi', 'Bi', 'Bi', 'Bi', 'Bi', 'Bi', 'Bi', 'Bi', 'Bi', 'Bi', 'Bi', 'Bi']","[[1.741754, 1.026066, -0.49315], [0.242249, 0.546722, 1.992816], [-0.242276, -0.546846, -1.992961], [-1.741726, -1.025942, 0.493295], [-0.247676, -4.305654, -5.175699], [-1.425842, -5.657351, -2.842643], [-1.883085, -1.922918, -4.620846], [-3.061051, -3.274905, -2.287634], [-0.921676, -12.709184, -1.462288], [-2.471287, -10.208471, -1.521054], [1.205418, -11.427983, -3.041482], [-0.344457, -8.92722, -3.099972], [-3.294456, -1.80984, -7.669607], [-2.168239, -0.033455, -9.604636]]",[-81777.9140625],"[[0.2534839148806621, 0.28454285819367614, 0.377301677950282], [0.2589092540746734, 0.16720659265698476, -0.1323793870510552], [-0.10311486904574138, -0.19155083925176475, -0.0219611977469974], [-0.33571694102383404, -0.2753013313173987, -0.1476891835323417], [0.06284998294382176, -0.26001272073784226, -0.25900402498945135], [0.09098902563077144, 0.0012863544740745597, -0.009613971943366557], [-0.009263422402871278, 0.46181763927114367, -0.40128519857264344], [-0.3602175621991022, 0.13375971025527908, 0.22355898295321408], [0.06411198391532505, 0.01889116518236238, -0.02774705208285182], [-0.05345604098810762, 0.1010915640084282, 0.020903188212783388], [0.09022329926508586, -0.27636319750848104, 0.005759089137188156], [-0.021754048993285237, 0.10103659379253148, -0.027847973079782484], [0.32235650461217175, 0.3010582970340966, -0.32323006310389607], [-0.2594763369005938, -0.5776444093095675, 0.7281645846716355]]","tensor(-6, dtype=torch.int32)",
"['Bi', 'Bi', 'Bi', 'Bi', 'Bi', 'Bi', 'Bi', 'Bi', 'Bi', 'Bi', 'Bi', 'Bi', 'Bi', 'Bi']","[[1.783192, 0.731159, 0.78444], [0.831433, 0.018607, -1.907165], [-0.831567, -0.018566, 1.907297], [-1.783059, -0.7312, -0.784573], [-0.797786, 1.835286, -6.305786], [-0.075115, 2.766143, -3.609573], [2.051924, 1.726598, -7.031872], [2.774337, 2.6574, -4.335378], [-2.544738, 4.503563, 1.991178], [-0.5875, 3.020545, 0.370009], [-2.024078, 6.925951, 0.403473], [-0.066873, 5.442549, -1.217705], [-5.506543, -2.519909, -1.811671], [-2.924168, -3.74062, -1.908869]]",[-81777.65625],"[[0.33877758391454693, 0.005761737374904414, 0.051150840044764716], [0.5568102346858907, 0.1262044680281137, -0.4796798226899877], [-0.03547394125170404, -0.29947300537284344, 0.67849135842836], [-1.0574608604968776, -0.49569739283975156, -0.38089001434476666], [-0.09757789249091453, -0.11359674819296783, -0.4820024043002839], [-0.11782004457425566, -0.06894339795161239, 0.5475784265849216], [-0.03640473253135448, -0.021113751393376314, 0.07639425333287478], [0.27740979133836474, 0.036216995617212956, -0.0442070939040155], [-0.3228620351944735, 0.07327915444718094, 0.4823260035225832], [-0.04317354585876507, -0.5490048754052909, -0.09802284784933757], [0.0058092051076399165, 0.049864382726507006, -0.03443513272648519], [0.26294285436013065, 0.7970886993389062, -0.5474287882984301], [0.6158191416551229, -0.2875680712632919, -0.07575543668920329], [-0.33967433376957284, 0.72549526389783, 0.30590246374909524]]","tensor(-6, dtype=torch.int32)",
"['Bi', 'Bi', 'Bi', 'Bi', 'Bi', 'Bi', 'Bi', 'Bi', 'Bi', 'Bi', 'Bi', 'Bi', 'Bi', 'Bi']","[[-1.1255, 1.70299, 0.403472], [-1.515988, -0.708953, -1.236151], [1.516115, 0.708941, 1.236296], [1.125373, -1.702979, -0.403616], [-1.021258, -2.785552, -7.045681], [-0.857763, -3.285404, -4.150559], [-3.588316, -1.399114, -6.66115], [-3.424471, -1.899033, -3.76588], [4.245494, -1.763927, 2.774926], [4.500636, -2.083972, -0.13897], [7.176016, -1.653304, 3.019185], [7.430854, -1.973252, 0.105074], [-1.965011, -5.843711, 0.181206], [-2.770204, -5.583254, -2.548642]]",[-81777.9609375],"[[-0.24478617662282026, 0.33061396692192413, 0.09338683776104602], [-0.198118005989262, -0.03490824168004709, 0.07095904109728048], [0.14478753774878744, -0.07222248188734795, -0.0437900401724826], [0.1279116814684979, -0.18719914190780707, -0.029495151228249576], [-0.1805672347570133, -0.011272786911157712, -0.2768933592726486], [0.07796884919907975, -0.21575228669823307, 0.5935338356071195], [0.10852349605998993, -0.02910345373007371, -0.20670297560027362], [-0.14218722542187934, -0.14080484533399232, 0.22547872389808954], [-0.1771929171076756, -0.03613942024985863, -0.053081585317237806], [-0.0582905917719812, -0.13274885477904194, 0.022302326760315617], [0.14080926763386803, 0.03739699892148623, 0.058643912963212516], [0.291823249341358, 0.037303271875167306, 0.0029655017368755915], [-0.15385674919618755, 0.2765510424090149, -0.9354362371826683], [0.263845877710329, 0.17373771250828596, 0.472812093827218]]","tensor(-6, dtype=torch.int32)",
"['Bi', 'Bi', 'Bi', 'Bi', 'Bi', 'Bi', 'Bi', 'Bi', 'Bi', 'Bi', 'Bi', 'Bi', 'Bi', 'Bi']","[[1.6800334291818069, -0.10875145528390806, -1.2228554687025572], [-1.1554640469993316, -0.8395997967589013, -1.5129044716583528], [1.1555078803558705, 0.8397319364494291, 1.5130376434986264], [-1.6800772625383478, 0.10861931559338028, 1.2227222968622848], [-1.282579206663085, 1.0997564411154133, -5.3384655970086765], [-3.4920001724243153, 0.49622330724535146, -3.4911647519491344], [-2.623319189521542, 3.59835502314641, -6.125409268050256], [-4.83266619618797, 2.994579410594354, -4.2778182469388515], [-1.510439725110958, -2.4071313349254813, 3.4900605450943645], [1.375430188658156, -2.4030139509142536, 2.915559415649736], [-0.9418370700824135, -2.8569201884203137, 6.34211943738977], [1.9441482429102401, -2.852626162025788, 5.767295897511642], [-6.2414728987642505, -0.672610745151032, -7.767937981873498], [-3.672236354235613, 0.5789855825134923, -7.740112902696298]]",[-81777.6796875],"[[0.17980911886088127, 0.16622263093464285, -0.24785504704818564], [-0.1697219556886063, 0.03901259876351537, -0.4061003632279922], [-0.054191274053487545, -0.2839240447436284, 0.0955182834569474], [-0.12121714221016236, 0.10250099211648515, 0.12802249607584815], [-0.03606808752442185, -0.3696027109771565, -0.16719337717944927], [-0.01501639745337083, -0.2450339796821339, 0.2165420786027771], [-0.2068955513332326, -0.05746953523575785, -0.36113400671520246], [-0.13907829718717485, 0.1773650268481866, 0.31847773624445547], [-0.05884173374951246, 0.15016047783148098, -0.26605774755745815], [-0.12080298868459445, 0.30487535889191947, -0.23153228678490728], [0.34949163380524734, -0.21031542895570826, 0.5125011039255574], [-0.15403472105513846, -0.14123550535095672, 0.40272897663787444], [0.36393522515390514, 0.2203783723228501, 0.23925758186892063], [0.1829154245689153, 0.15050418309158728, -0.22397483340780408]]","tensor(-6, dtype=torch.int32)",
"['Bi', 'Bi', 'Bi', 'Bi', 'Bi', 'Bi', 'Bi', 'Bi', 'Bi', 'Bi', 'Bi', 'Bi', 'Bi', 'Bi']","[[1.246306, -1.605608, -0.445484], [-1.382507, -1.306932, 0.842322], [1.382564, 1.307074, -0.84244], [-1.246364, 1.605467, 0.445602], [1.51991, -0.856727, 4.921684], [3.61123, 0.749112, 6.227814], [0.830009, 1.434899, 3.209275], [2.921615, 3.040547, 4.51558], [-4.013353, -3.087304, 2.11242], [-6.680238, -2.015602, 2.742893], [-5.081717, -4.298061, -0.347768], [-7.748618, -3.226057, 0.282943], [3.940612, 1.457403, 9.446458], [1.323935, 0.321072, 9.619647]]",[-81777.1015625],"[[0.35626397468814014, 0.02178376067779891, -0.12898239225933164], [-0.05093165852162335, 0.0021554824383885223, 0.1268703326919551], [0.05380421997018116, -0.09150617760576975, 0.03216104214854689], [-0.27079824733583585, 0.1945910161500297, -0.07393139225675423], [-0.21686773470873955, -0.4363193266750822, 0.3102163658557432], [0.38677866658389437, 0.2925825479455963, 0.18438985020072662], [0.10490888297670897, 0.019501252303469323, -0.2155396563495587], [0.19231723410464086, 0.3599352034942483, 0.03770167481408492], [-0.06825567889885038, -0.04484570485932066, 0.03883367559587028], [-0.09384547139582874, 0.015420374547015479, 0.08487951550831695], [0.04484613680488992, -0.07681761141283511, -0.021378030090831456], [-0.09004471034103603, 0.019794296518953102, -0.020942685521324323], [-0.9266718558941418, -0.46912533554945335, -0.5307896279056733], [0.5769445546431932, 0.19373890067049332, 0.17054892576536107]]","tensor(-6, dtype=torch.int32)",
"['Bi', 'Bi', 'Bi', 'Bi', 'Bi', 'Bi', 'Bi', 'Bi', 'Bi', 'Bi', 'Bi', 'Bi', 'Bi', 'Bi']","[[0.784315, 1.674268, 0.954668], [1.024589, -1.235015, 1.324334], [-1.024643, 1.235078, -1.324508], [-0.784261, -1.674331, -0.954494], [-6.34064, 1.916587, -0.500657], [-4.246939, 0.076285, -1.443005], [-8.22443, -0.334433, -0.290637], [-6.130363, -2.174622, -1.232942], [-2.877156, 4.901714, -2.912225], [-4.331543, 4.621621, -0.369664], [-0.519188, 5.889004, -1.454451], [-1.973873, 5.608667, 1.088117], [-3.101981, -3.659617, -3.814086], [-2.487506, -4.58244, -1.179876]]",[-81777.5234375],"[[0.061071189951961195, 0.08926247748395395, -0.16656201673905657], [0.07033174300212243, -0.020023870446802358, 0.3385770377573934], [-0.22197585101980719, 0.6513132403667253, 0.08717165524039908], [0.17423928358953616, -0.8051306002407643, -0.2383844861760205], [0.15134925374457744, 0.250857171598683, -0.1258300123572439], [0.2845495944876728, 0.22472292199607843, -0.1782588970660842], [-0.3861156301350897, -0.4020942737615291, 0.11317806952334107], [0.012526292953132349, -0.6001040362480198, -0.10892700521260122], [0.0732465528411206, -0.14535883718621723, 0.006873858376085786], [-0.0441831466359677, 0.11703585767769363, -0.02311986602547503], [-0.01594494158761932, -0.08746650951350639, 0.06019346627081908], [0.19816454298213992, 0.05964546104087406, 0.07305202306868162], [-0.041182873280767175, -0.16536563035640658, 0.8817839694930998], [-0.3195202677291046, 0.8306426425352771, -0.7207603177053427]]","tensor(-6, dtype=torch.int32)",
"['Bi', 'Bi', 'Bi', 'Bi', 'Bi', 'Bi', 'Bi', 'Bi', 'Bi', 'Bi', 'Bi', 'Bi', 'Bi', 'Bi']","[[-1.31689, 1.225475, 1.045815], [0.53681, -0.939562, 1.777066], [-0.536776, 0.939655, -1.777231], [1.316856, -1.225568, -1.045649], [4.354243, -2.659933, -1.317484], [4.232983, -3.274139, -4.192612], [5.228533, 0.080152, -1.939907], [5.107049, -0.534347, -4.815143], [-0.919154, 4.194521, -0.521567], [-0.34199, 6.760209, -1.841584], [-3.540054, 4.097645, -1.856241], [-2.962521, 6.663434, -3.176293], [5.110653, 2.22645, 1.456506], [2.318824, 1.958194, 2.006026]]",[-81777.46875],"[[-0.14392560064975973, -0.020619122294489093, 0.16235594675844733], [0.3464553649859423, 0.06578973249723517, 0.4864888789462671], [-0.13801113452066, 0.20157398192002532, -0.11998810279936047], [0.1594473589925301, -0.31588709127076403, -0.28839879515273187], [0.08895831581227104, -0.05380339721671591, 0.054466896464344744], [0.00244713980006245, -0.04031625677140587, 0.03169865984328813], [0.008589006245200462, 0.1575092089388698, 0.2556310443144947], [0.044298419538657735, 0.043920163775220324, -0.24285795103283453], [0.11663872486443799, -0.06037246657160154, 0.023576144528463502], [0.07913870178247556, 0.4437115094498543, -0.18357696977706417], [-0.16793323823307119, -0.13328343884308516, 0.09633224374453299], [0.02657260750667811, 0.17052609435670052, -0.14054701496682107], [-0.5884430485409134, -0.26560621017131314, -0.08721767801236123], [0.17513011990403063, -0.1883640579704114, -0.04966606314591876]]","tensor(-6, dtype=torch.int32)",
"['Bi', 'Bi', 'Bi', 'Bi', 'Bi', 'Bi', 'Bi', 'Bi', 'Bi', 'Bi', 'Bi', 'Bi', 'Bi', 'Bi']","[[-0.059102, -1.484491, 1.456883], [-1.908814, 0.617274, 0.551641], [1.90895, -0.617332, -0.551765], [0.058966, 1.484548, -1.456759], [-0.200614, -1.35435, 4.820863], [0.541343, -4.137532, 4.219439], [2.640771, -0.589411, 4.785396], [3.382458, -3.372817, 4.183813], [-3.115586, -6.760284, -1.413307], [-2.073319, -4.015153, -1.22291], [-1.212269, -7.626341, 0.657247], [-0.170232, -4.880926, 0.847523], [-1.334067, 6.65303, 1.722286], [-1.297073, 3.805487, 1.480684]]",[-81777.2109375],"[[-0.02498129431850118, -0.1742139324983883, 0.18581681324201163], [-0.8374355008327095, 0.07279239292830512, -0.31016489234207384], [0.3937038853450481, -0.11190017912554023, -0.0123394353567568], [-0.19923515092879052, 0.4410666655916399, 0.16454899612005897], [-0.06463412383320642, 0.156568596039728, -0.04951058845203317], [0.07941314148522648, -0.29015825343815915, 0.12188012723687541], [0.12107717127688747, 0.06479718328559975, 0.013025467764915052], [-0.0029098527493700553, 0.011628735771268663, 0.034969917336685544], [-0.005063299901373927, -0.1465171712210996, 0.05008768315918377], [-0.0759721293831123, 0.251176297099015, -0.122004054477578], [-0.16876555620735006, -0.36454226294498154, -0.05280277473670276], [0.2634553783468869, 0.3041628029689254, 0.082289539021816], [-0.2688555721381167, -0.29849783682816133, -0.21931907723634664], [0.7962536045716821, 0.07280031193040812, 0.12920942079364778]]","tensor(-6, dtype=torch.int32)",
"['Bi', 'Bi', 'Bi', 'Bi', 'Bi', 'Bi', 'Bi', 'Bi', 'Bi', 'Bi', 'Bi', 'Bi', 'Bi', 'Bi']","[[0.213466, 0.927276, -1.850488], [-1.184881, 1.57989, 0.654913], [1.185028, -1.580014, -0.654902], [-0.213613, -0.927152, 1.850477], [2.064762, 6.723081, -1.353433], [0.53365, 4.210923, -1.297976], [3.850424, 5.589369, -3.399397], [2.31895, 3.077228, -3.343809], [1.935141, -4.827223, 0.401241], [3.307187, -7.295787, -0.424589], [4.473539, -3.765828, 1.445194], [5.845419, -6.234602, 0.619086], [-2.858375, 1.968532, -2.516363], [-5.147152, 0.454356, -1.718231]]",[-81777.859375],"[[-0.48803555261674525, 0.06187532862005543, -0.5161271327131687], [-0.1596621490690507, 0.1701550839659664, 0.06342303073236519], [0.15203748701825523, -0.5546052553990332, 0.13003968188426357], [0.0054436660274496985, 0.054486076904503286, -0.02872884893513832], [0.31319545330921367, 0.3922523425439889, -0.1545267276273552], [-0.1663312858141468, -0.054359835669679696, 0.07213876672225923], [0.09482387953228028, 0.37690588211140735, 0.08851886261764684], [-0.0011458276679897287, -0.09590508042979588, -0.05556866619849151], [-0.08642140692427841, 0.07680254474000281, 0.12882658332185082], [0.07049495672079048, -0.14798918001460679, -0.05477126382439397], [-0.05897522549924853, 0.07096408046225511, -0.0020437139512395125], [0.05833579179047811, -0.06822713963802468, -0.017900405459513862], [-0.1214005648108205, -0.6362347404533559, 0.6539265110607111], [0.37472368281111873, 0.36378944352428194, -0.3042596307673665]]","tensor(-6, dtype=torch.int32)",
"['Bi', 'Bi', 'Bi', 'Bi', 'Bi', 'Bi', 'Bi', 'Bi', 'Bi', 'Bi', 'Bi', 'Bi', 'Bi', 'Bi']","[[-2.012237, 0.378838, 0.370268], [-0.432362, -0.333951, -2.007597], [0.432437, 0.333907, 2.007769], [2.012162, -0.378794, -0.37044], [-3.529001, 0.55825, 5.949235], [-5.742527, -1.269279, 5.302123], [-3.556091, 1.569292, 3.185738], [-5.769832, -0.258365, 2.538919], [3.079578, 4.531774, -1.878702], [1.505093, 2.957864, 0.045386], [2.967464, 6.852055, -0.072163], [1.393006, 5.277761, 1.851904], [4.337468, 7.247298, 2.939042], [6.429872, 5.825539, 4.268965]]",[-81778.1640625],"[[5.092751904325133e-05, 0.05391431466824931, 0.3321445454777385], [0.40440579962213613, -0.030042076594271456, -0.28599003011695123], [-0.47149013469693496, 0.018306274886128578, 0.42105534727739163], [0.12563378565578284, -0.09001570828138612, -0.38808015972172943], [-0.028508289299942657, -0.06210667661006411, 0.1187287757766192], [0.028131751034363942, 0.014892413648367506, 0.05111206264550587], [0.038243365411184185, 0.10356692065280214, 0.013428709522650139], [0.03303732086891567, -0.012385041609777185, -0.0746092382679333], [0.4817767127403488, 0.04949531609083455, -0.37605613204808364], [-0.4794455950628506, -0.4263606673096603, -0.3100142770358423], [0.21915128695152816, 0.3070526216714167, 0.1076288545107187], [0.18136715681359816, 0.4474015073193884, 0.8688466854730317], [-0.21160766611705933, -0.6174456224117298, -0.2000623266939116], [-0.32025580932703396, 0.23049155507346347, -0.2791429215129042]]","tensor(-6, dtype=torch.int32)",
"['Bi', 'Bi', 'Bi', 'Bi', 'Bi', 'Bi', 'Bi', 'Bi', 'Bi', 'Bi', 'Bi', 'Bi', 'Bi', 'Bi']","[[-1.484349, -1.288168, -0.683408], [-1.406696, 1.521546, 0.187106], [1.406862, -1.521624, -0.187166], [1.484184, 1.288246, 0.683468], [0.638812, -3.005741, 2.789708], [2.802014, -4.477174, 4.136466], [1.375851, -0.570005, 4.267485], [3.539185, -2.041756, 5.614069], [-4.493072, -4.494084, 3.695185], [-2.909797, -2.795818, 5.502793], [-3.832113, -2.71565, 1.445704], [-2.248709, -1.017546, 3.253637], [4.656631, -1.25003, 2.391147], [3.828381, 1.38317, 3.131757]]",[-81777.703125],"[[-0.46360347708955035, 0.2425848483044646, -0.12086634070141834], [-0.673247333529252, -0.16541982924092966, -0.054255911622600884], [0.6315388750504678, -0.3993483340712726, 0.5440220747313983], [0.5032278496187764, 0.21997681720971876, 0.10212571369215008], [-0.4529596697759453, -0.02108815347618887, -0.5557103161470408], [-0.0315637385594062, -0.44029826527719224, 0.03632978483287978], [-0.44516881152517024, 0.6952966121769132, 0.3859587927557773], [0.5912023579749803, 0.04370466407383592, -0.2448510713023915], [-0.008629192609768542, -0.0574318428426313, 0.11945264455976042], [-0.0441945469136705, -0.20714232595071466, 0.2714422061886651], [-0.09948997154414485, 0.06384978267036966, -0.3354977800695293], [0.514434831679342, 0.24015145208681818, -0.19425512704784323], [0.3725909001408363, 0.015741006714630773, 0.3020885900609502], [-0.3879682138283645, -0.25161158510422144, -0.257984067803005]]","tensor(-6, dtype=torch.int32)",
"['Bi', 'Bi', 'Bi', 'Bi', 'Bi', 'Bi', 'Bi', 'Bi', 'Bi', 'Bi', 'Bi', 'Bi', 'Bi', 'Bi']","[[-0.15391022700313972, 2.018626398724982, -0.48080537010827207], [-1.3121704610657055, 0.27883716883599174, 1.5903972577226244], [1.3123341929842134, -0.27889574901313585, -1.5904801867387022], [0.1537464950846319, -2.0185678185478397, 0.4808882991243505], [1.7723461801106908, -4.326027005859145, -1.2698949269718998], [1.162848844081346, -4.72370459863597, -4.1209787891826135], [4.6265861789774805, -4.028857166391949, -1.9217101097767726], [4.016728122016311, -4.4264630484937255, -4.77290888929875], [1.212248145494485, 1.479737434606617, 5.236316782317902], [-1.3915221212511508, 0.6205602045601013, 6.304262729060039], [-0.1586398717900982, 3.0914805256388203, 3.19112506276433], [-2.7624190024724062, 2.232179554715932, 4.2594358075686065], [-1.5972942430786436, -1.3075856724064445, -4.460347333356255], [0.6077512015147972, 0.4737362866480828, -4.824916517001633]]",[-81776.84375],"[[-0.08372164427225877, 0.3018573449151246, -0.04008833863490542], [-0.32308911515088123, 0.5715400928183625, 0.27288305319467615], [0.6537079671715053, 0.1377587034731044, -0.13329295193002705], [0.28116545521884373, -0.5194279167715501, -0.3002708705457652], [-0.08381034738023055, -0.1735661169886907, 0.14503348961280424], [-0.2869948177863822, 0.04522046906273995, -0.2233988545600407], [0.1430120357707879, 0.1636541488824214, 0.2517770099728273], [-0.1073980207416258, 0.05103127853963709, -0.2846719276435365], [0.15831730710801553, 0.005671229351518261, 0.051289905949227825], [-0.13797477910191447, -0.030240113353356024, 0.01636827395653387], [0.11711890435559183, -0.06482880787192012, -0.21837388777105438], [-0.20435098055359488, 0.03729776456915932, 0.16588139393493231], [0.5653571005270432, 0.12429963948979585, -0.4904557333568562], [-0.6908295750815464, -0.6493381178292206, 0.7761054006496537]]","tensor(-6, dtype=torch.int32)",
"['Bi', 'Bi', 'Bi', 'Bi', 'Bi', 'Bi', 'Bi', 'Bi', 'Bi', 'Bi', 'Bi', 'Bi', 'Bi', 'Bi']","[[-0.924921, 1.863127, -0.054711], [0.083113, -0.019703, -2.078848], [-0.083156, 0.019631, 2.079022], [0.924964, -1.863055, 0.054537], [4.135324, 3.554403, 2.309032], [1.339029, 3.924501, 1.471132], [3.439667, 4.448658, 5.024954], [0.643253, 4.818559, 4.186744], [-0.626846, 8.683511, -2.634747], [-2.522475, 7.295565, -0.863163], [0.367822, 6.088716, -3.603012], [-1.528117, 4.700968, -1.831311], [3.667707, -5.547593, 1.222503], [0.864921, -4.990926, 1.169986]]",[-81777.234375],"[[0.14801473679412097, -0.030634351102855836, 0.018944515602374385], [-0.3795252720342909, 0.13465167785578827, -0.46468066706392286], [-0.0511805517292784, -0.20062030780962276, 0.46300708367143056], [0.5782295927117234, -0.36677896966234275, 0.33538619413080534], [0.15868384377678235, -0.12525238800255, -0.01186925746241484], [-0.13466669310652898, 0.06788220024772056, -0.16916932247041924], [-0.02096571233393288, 0.05204090502788552, -0.010849680799446104], [-0.10554111759265851, -0.013952957746286196, 0.10814621217408332], [0.013484883015489769, 0.03283382822591469, 0.027449539287609924], [-0.061513162829072716, 0.052594875220453564, 0.007935868549024554], [-0.005135193641829817, -0.024220329638495706, -0.06067673108746761], [0.061302023721054116, 0.11007083821765866, -0.11852740686600038], [-0.9095493278405534, 0.23755191109128376, -0.025286859813284168], [0.7013639047621822, 0.07864690089862511, -0.10758267747248182]]","tensor(-6, dtype=torch.int32)",
"['Bi', 'Bi', 'Bi', 'Bi', 'Bi', 'Bi', 'Bi', 'Bi', 'Bi', 'Bi', 'Bi', 'Bi', 'Bi', 'Bi']","[[1.3790668839578848, -0.9440007981720492, -1.2396579052915049], [0.6180664159837708, -1.188152570610084, 1.5922287201828529], [-0.618195729783427, 1.1882305207084076, -1.5923483810511012], [-1.3789375701582298, 0.9439228480737264, 1.2397775661597543], [4.219016858288561, 2.674950989228449, 2.7414588073981956], [6.904258718649983, 2.764274710191412, 1.5415375249725276], [3.5857185966080154, 0.2848001963180051, 1.14584876228787], [6.2712346901024585, 0.37431148877525655, -0.05387737628500289], [8.249876641420256, 5.488782107893846, -2.3747181414960488], [6.964387470305968, 5.821739610016828, 0.25110945233221527], [10.503593714977459, 7.157645002586796, -1.4828017170319487], [9.217845631382833, 7.490336987215796, 1.1431304367691284], [-1.0592463167749129, -2.020865853584768, -3.380210185269683], [-2.3222532503105455, -2.459491595683054, -0.854212368879961]]",[-81777.4921875],"[[0.33947471321006767, 0.1674772271249589, -0.5036905970208854], [-0.5737923804294718, -0.5363730386091949, 0.06234584075799264], [0.2246880063958971, 0.4973645484707966, -0.334674409539185], [-0.41322648810094054, -0.009565455199962866, -0.27974281163325126], [-0.22635922437217684, 0.27490851795983556, 0.07889701795205972], [0.10492893759242433, -0.08305192295154902, 0.08818842425716765], [-0.20719431368529984, -0.4758743308027698, 0.04255560658427419], [0.4127653862057621, 0.010573518456627327, -0.35983950698182193], [0.0137354474411211, -0.04613908359110476, -0.12716174168492672], [-0.16234931330863378, -0.049052566740140205, -0.02484507205570233], [0.030243856881622892, 0.03569561160407778, 0.026033997092864365], [0.1148268160456013, 0.12294502733136087, 0.08518074612077992], [0.22809888515234666, 0.4670686575747061, 0.5103905355988366], [0.11744013816167859, -0.36319911791296844, 0.7376082517899054]]","tensor(-6, dtype=torch.int32)",
"['Bi', 'Bi', 'Bi', 'Bi', 'Bi', 'Bi', 'Bi', 'Bi', 'Bi', 'Bi', 'Bi', 'Bi', 'Bi', 'Bi']","[[0.169237, -0.330668, 2.047372], [1.917199, 0.807756, -0.027942], [-1.917389, -0.807757, 0.027907], [-0.169047, 0.330669, -2.047337], [2.685331, 4.343131, -4.298924], [3.245281, 6.800618, -2.780528], [0.677494, 3.56224, -2.294265], [1.237603, 6.020021, -0.776061], [-0.391005, 0.100167, -5.524131], [2.490793, 0.121952, -4.929928], [0.090523, -1.712097, -7.792102], [2.972427, -1.690217, -7.19754], [-5.153727, 0.064021, 0.953528], [-7.535747, 1.341854, 1.881626]]",[-81777.3359375],"[[0.1844049682956505, 0.040287558102096284, 0.1567196227226921], [0.14721157514576674, 0.18968138911245244, 0.09167180816274197], [-0.5932037057791897, -0.09454136656115163, 0.12905597727237952], [0.025875329087091788, -0.2319475715964899, -0.43300841246466004], [0.09368380033990803, -0.22120446822404807, -0.3384232857035756], [-0.03278764604546864, 0.0644005132711683, 0.15266884745864792], [0.004917810349230918, -0.12796747443785986, -0.009626858319515963], [0.06818775031587605, 0.3996265275867087, 0.21113175465950645], [-0.09904280503578397, 0.06268846615417577, 0.030639472743176986], [0.044929008647676766, 0.17691816887237521, 0.20787421658014202], [-0.0077469077891034735, -0.09286053265374684, -0.11083486765432217], [-0.009686975886779614, -0.018052635419420895, -0.05240152815612089], [-0.4891119712597442, 0.05082545133367849, 0.23012260156639244], [0.6653267887635177, -0.18756197618598028, -0.2595493048485428]]","tensor(-6, dtype=torch.int32)",
"['Bi', 'Bi', 'Bi', 'Bi', 'Bi', 'Bi', 'Bi', 'Bi', 'Bi', 'Bi', 'Bi', 'Bi', 'Bi', 'Bi']","[[-0.54512, 1.200756, -1.609579], [1.600403, -0.747313, -1.099608], [-1.600562, 0.747299, 1.099716], [0.545279, -1.200743, 1.609471], [3.865362, -3.128083, -1.559369], [1.859547, -4.939464, -0.395788], [6.018, -4.843817, -0.519051], [4.011832, -6.65519, 0.644378], [-0.632794, 3.681334, -7.462454], [-3.39922, 4.446373, -6.814445], [-0.263547, 2.690993, -4.716049], [-3.03022, 3.456068, -4.068334], [0.790436, -3.685683, 4.023078], [0.788179, -6.406144, 4.899052]]",[-81777.5234375],"[[-0.3682823459317124, 0.31259196364245617, 0.05364501717465617], [0.2053853359256831, -0.22410333721465708, -0.11975624058843598], [-0.2796062345580205, 0.16110392167271012, -0.033195022139366585], [0.2330100548526712, -0.3658095603919173, 0.28550630250147846], [0.02192068742325238, -0.03116114986223415, -0.21690990082383332], [-0.0049465085043195935, 0.12725147323473004, 0.24756127263900143], [0.23256242554548612, -0.11893394992201478, 0.09315939784999724], [-0.10542408091222734, -0.008606587458310925, -0.012221380518912401], [-0.10582126514757456, 0.11399979454675492, -0.2462880102294426], [0.10212195987946492, -0.018941918786749706, -0.08512361617703695], [0.007501696403205397, -0.06398157749108366, 0.14330853555082568], [0.06883186343498006, -0.06219214012626648, 0.15614477516094344], [-0.024929512272282302, -0.9439378515832324, 0.19120697972538375], [0.011790010877084235, 1.1170364389152974, -0.45505830817742]]","tensor(-6, dtype=torch.int32)",
"['Bi', 'Bi', 'Bi', 'Bi', 'Bi', 'Bi', 'Bi', 'Bi', 'Bi', 'Bi', 'Bi', 'Bi', 'Bi', 'Bi']","[[-1.958745, -0.507232, -0.48554], [0.687135, -1.090078, -1.633548], [-0.687141, 1.090129, 1.633734], [1.958751, 0.507181, 0.485354], [8.242993, 1.934068, 1.20972], [6.343011, 1.153083, 3.316481], [6.081014, 3.32206, -0.225266], [4.181178, 2.540987, 1.881841], [0.151509, -3.856474, 2.787878], [-0.794165, -3.625628, 0.011059], [-2.615514, -4.282217, 3.694624], [-3.560931, -4.051438, 0.917525], [0.492216, -0.687051, 7.305876], [-0.634636, 0.307268, 4.874872]]",[-81777.0703125],"[[-0.17858748423126655, -0.09436082359762184, -0.12169552192811098], [0.047763142367198454, -0.16470835318185867, -0.5274219951282407], [-0.16721728845203296, 0.046998398163462005, 0.30552733959103495], [0.30946981993021616, -0.11162244840892833, 0.17795735792107176], [0.08317307339930641, -0.013680415518714498, 0.008893676995589994], [0.02128458586601621, -0.0511978964007676, 0.09268148093087282], [-0.02254928649732734, 0.045672813775722715, -0.07625279115894415], [0.021617209665387455, 0.18889241996137368, 0.06410699597244202], [0.17486843287999101, 0.166544790338378, -0.02689375389520918], [0.40702966326698686, 0.012827821813726475, -0.03834225009328836], [-0.023937091615875816, 0.18276624908124797, -0.02384441358022508], [-0.5664955856345766, -0.09690765694928899, 0.18261789634704592], [-0.024712151091182778, 0.04848254771279072, -0.35541849265841735], [-0.06878707479321576, -0.1696061017162814, 0.3429046181404011]]","tensor(-6, dtype=torch.int32)",
"['Bi', 'Bi', 'Bi', 'Bi', 'Bi', 'Bi', 'Bi', 'Bi', 'Bi', 'Bi', 'Bi', 'Bi', 'Bi', 'Bi']","[[-1.095137, -1.755039, 0.224111], [0.790979, -0.721467, -1.784024], [-0.79097, 0.721543, 1.784201], [1.095128, 1.754964, -0.224288], [-1.101451, -0.202902, -4.541954], [-1.331831, -1.889218, -6.942283], [-3.786722, 0.888045, -5.050884], [-4.016879, -0.798584, -7.45123], [-5.451455, 6.458576, -2.419256], [-3.599839, 7.046389, -4.629303], [-5.422303, 3.608909, -3.153015], [-3.570479, 4.197044, -5.363037], [2.342608, 3.839629, -3.774003], [-0.273629, 2.941712, -3.05477]]",[-81778.0390625],"[[0.11880812006392381, 0.027342344795506766, -0.026408113377929764], [-0.03224312723333259, -0.16121931284621077, -0.05774850008256763], [-0.2583164602029641, -0.08045449026176928, 0.2833326906904833], [0.10679499387369248, 0.4768612235843317, -0.34514389596234113], [0.14391043113274427, 0.20490001422537144, 0.44102866466596374], [0.11024413066627597, -0.2229511224086725, -0.47637235375970116], [-0.3550650686230029, 0.04252521098594252, 0.01813083299408331], [-0.051710929466230536, -0.08679905076482607, 0.005123559907831247], [0.09770248821880763, 0.21448205819207733, -0.10976163718100113], [-0.1315253175320389, 0.4200890233324609, 0.25948513007825363], [0.10496904682385505, -0.16800430356363177, -0.1267437315024905], [0.12640491134108411, -0.25435346244924334, 0.06837826916517195], [-0.5073352920277394, -0.15688052244723916, 0.16859992565037785], [0.5219254877594857, -0.24643883122404042, -0.0814579409568192]]","tensor(-6, dtype=torch.int32)",
"['Bi', 'Bi', 'Bi', 'Bi', 'Bi', 'Bi', 'Bi', 'Bi', 'Bi', 'Bi', 'Bi', 'Bi', 'Bi', 'Bi']","[[1.9936723935901475, -0.45921020731635553, 0.37961964130363696], [-0.5889911826082677, -1.7173133366627393, 1.0162820541166235], [0.5889956622361886, 1.7174347192743817, -1.0164315974030818], [-1.99367687321807, 0.4590888247047137, -0.37947009801717924], [2.744088873273099, -6.712152889125381, 0.6060858717574453], [2.4102353572328115, -3.812267049094859, 0.9769195331206182], [1.685163459043478, -6.483979134116343, -2.1300560510562647], [1.3515239354862991, -3.5839245242209756, -1.7589500077004898], [-2.7040844882277426, -4.263182423750967, 1.6337378523521775], [-3.609941630262362, -6.625789438177253, 3.1356781285917443], [-3.5554040628089294, -2.5268764513405957, 3.8519252811466838], [-4.461106428811087, -4.8898231672115395, 5.353770083262673], [-1.1392535050517425, -3.1351679104476773, 7.664945659830292], [-3.6423463307631643, -4.22097451885753, 8.51570669514015]]",[-81777.2265625],"[[0.3228027969449758, 0.16826953871199024, 0.09277280656551505], [0.14961854040834216, -0.11263201833287602, 0.1469313247466675], [-0.13114052602076193, 0.18721199743070152, -0.09158145954783971], [-0.27540001031113653, 0.2375871352240146, -0.20469458296951798], [-0.0539758154897764, -0.20875559122978615, -0.15861694363563958], [-0.03567391148143194, 0.002462527346746202, -0.19573376929116396], [0.13163695489285437, -0.3584798040363208, 0.020633062823515846], [-0.046695727732434855, 0.2361202172175736, 0.4211993291338096], [-0.2419027342596846, -0.09299710972897758, 0.021507742316836553], [0.08375023495517606, -0.2687711370637459, -0.019420380780044856], [0.37737829686673297, 0.17780417151026137, 0.05870438534290806], [-0.3089654720560207, 0.01604378513205024, 0.36429944782855095], [-0.8327195808141058, -0.1930713904997214, 0.34981235339041833], [0.850937913639218, 0.21737316244685811, -0.8061914379900151]]","tensor(-6, dtype=torch.int32)",
"['Bi', 'Bi', 'Bi', 'Bi', 'Bi', 'Bi', 'Bi', 'Bi', 'Bi', 'Bi', 'Bi', 'Bi', 'Bi', 'Bi']","[[-0.059102, -1.484491, 1.456883], [-1.908814, 0.617274, 0.551641], [1.90895, -0.617332, -0.551765], [0.058966, 1.484548, -1.456759], [-0.200614, -1.35435, 4.820863], [0.541343, -4.137532, 4.219439], [2.640771, -0.589411, 4.785396], [3.382458, -3.372817, 4.183813], [-3.115586, -6.760284, -1.413307], [-2.073319, -4.015153, -1.22291], [-1.212269, -7.626341, 0.657247], [-0.170232, -4.880926, 0.847523], [-1.334067, 6.65303, 1.722286], [-1.297073, 3.805487, 1.480684]]",[-81777.2109375],"[[-0.02498129431850118, -0.1742139324983883, 0.18581681324201163], [-0.8374355008327095, 0.07279239292830512, -0.31016489234207384], [0.3937038853450481, -0.11190017912554023, -0.0123394353567568], [-0.19923515092879052, 0.4410666655916399, 0.16454899612005897], [-0.06463412383320642, 0.156568596039728, -0.04951058845203317], [0.07941314148522648, -0.29015825343815915, 0.12188012723687541], [0.12107717127688747, 0.06479718328559975, 0.013025467764915052], [-0.0029098527493700553, 0.011628735771268663, 0.034969917336685544], [-0.005063299901373927, -0.1465171712210996, 0.05008768315918377], [-0.0759721293831123, 0.251176297099015, -0.122004054477578], [-0.16876555620735006, -0.36454226294498154, -0.05280277473670276], [0.2634553783468869, 0.3041628029689254, 0.082289539021816], [-0.2688555721381167, -0.29849783682816133, -0.21931907723634664], [0.7962536045716821, 0.07280031193040812, 0.12920942079364778]]","tensor(-6, dtype=torch.int32)",
"['Bi', 'Bi', 'Bi', 'Bi', 'Bi', 'Bi', 'Bi', 'Bi', 'Bi', 'Bi', 'Bi', 'Bi', 'Bi', 'Bi']","[[-1.809944, -0.045261, 1.025557], [0.621807, -1.702032, 1.022422], [-0.62179, 1.702213, -1.022486], [1.809928, 0.04508, -1.025493], [5.434856, -4.490554, -4.380773], [5.979726, -1.770358, -3.399976], [3.807975, -5.027202, -1.98805], [4.352949, -2.306742, -1.007513], [-1.494223, -7.268867, 0.787213], [-1.362122, -4.346529, 1.104708], [-1.195865, -7.598213, 3.696229], [-1.063917, -4.67566, 4.013442], [0.736082, 2.895913, 3.187122], [-0.439977, 4.391818, 1.054659]]",[-81777.6640625],"[[-0.06633290405057188, -0.02832342688072033, 0.11288465506879794], [0.21816999917794827, 0.1854442601885302, 0.24089362713456108], [-0.5773646731313842, 0.8040620491777768, 0.026353163730869687], [0.4749863227033121, -0.2686241213039249, -0.16389418720590676], [0.029333490456747168, -0.052390318140156926, -0.023802802823720295], [0.04378620922666005, 0.04889714861055536, -0.03862799237176809], [-0.047437280572869694, -0.043693644319610786, 0.020681461296108906], [-0.009145161876660566, -0.014177075790219046, 0.10687660073302652], [0.08879962723766184, -0.3181364478226534, 0.00338404362373875], [-0.22582500026277466, 0.16119272762486506, -0.08658467206503805], [-0.08452028077655417, -0.014304371177919982, -0.09995683271358004], [0.09444160770349062, 0.07261498671236159, 0.09542572369210728], [-0.42128823793014764, 0.4668922798005941, -0.66114977226465], [0.4719573043989196, -1.0107258925663596, 0.4735664559106648]]","tensor(-6, dtype=torch.int32)",
"['Bi', 'Bi', 'Bi', 'Bi', 'Bi', 'Bi', 'Bi', 'Bi', 'Bi', 'Bi', 'Bi', 'Bi', 'Bi', 'Bi']","[[1.1360624115181024, 1.3608884665591743, 1.0895225918962825], [-1.7195746353154868, 0.6619834579419298, 0.9663052819789186], [1.7197005584171678, -0.6621159504307752, -0.9663661598309075], [-1.1361883346197843, -1.3607559740703303, -1.0894617140442946], [4.503525038142036, -1.3144118109918101, 2.6254417516213846], [1.6017988444070919, -1.3189294641239147, 3.1135793830171714], [4.534463454042371, -4.25277638380504, 2.78328778043649], [1.632538546505333, -4.256984668757965, 3.271310206994842], [-4.1686914255608425, -7.290844467640753, -3.900193516355391], [-3.482926763875738, -6.539393081970986, -1.139149999215377], [-3.980031003708468, -4.469362619325036, -4.714752502559829], [-3.294119969113631, -3.71818643592533, -1.9534824756366937], [1.9910804762577523, 4.543931204218598, -3.806661770088078], [1.4240095930351762, 3.8655052964633305, -1.0888661697377477]]",[-81777.3515625],"[[0.175896360490632, 0.07301417640928035, -0.2841526673627835], [-0.2850960570548705, 0.18261229133906393, 0.09848317841314237], [0.12152253801204313, -0.054713156860911015, 0.004180016977911333], [0.3147142562060567, 0.21238779066838673, -0.10972703011336923], [0.03658265811042296, 0.054903778554390055, -0.05489210573960189], [0.0034296267368179242, 0.10036712958227961, 0.08232933972069724], [-0.002429566300265724, -0.04624872063255787, 0.02995762609327317], [-0.010580157048650025, -0.1635648287093507, 0.0009637219870968896], [0.0330561002167599, -0.017568902661739015, -0.011393042614521643], [-0.05965363715343494, -0.18424149746652455, 0.10589371887460773], [-0.07885294921957751, -0.01592280437719506, -0.19786464934405798], [-0.15383247796896282, -0.08541821333968638, 0.0350261011139435], [-0.15893771464290213, -0.34699951355901903, 0.6036434188113223], [0.057216024324279115, 0.2966047839488148, -0.30612033915111053]]","tensor(-6, dtype=torch.int32)",
"['Bi', 'Bi', 'Bi', 'Bi', 'Bi', 'Bi', 'Bi', 'Bi', 'Bi', 'Bi', 'Bi', 'Bi', 'Bi', 'Bi']","[[-2.012237, 0.378838, 0.370268], [-0.432362, -0.333951, -2.007597], [0.432437, 0.333907, 2.007769], [2.012162, -0.378794, -0.37044], [-3.529001, 0.55825, 5.949235], [-5.742527, -1.269279, 5.302123], [-3.556091, 1.569292, 3.185738], [-5.769832, -0.258365, 2.538919], [3.079578, 4.531774, -1.878702], [1.505093, 2.957864, 0.045386], [2.967464, 6.852055, -0.072163], [1.393006, 5.277761, 1.851904], [4.337468, 7.247298, 2.939042], [6.429872, 5.825539, 4.268965]]",[-81778.1640625],"[[5.092751904325133e-05, 0.05391431466824931, 0.3321445454777385], [0.40440579962213613, -0.030042076594271456, -0.28599003011695123], [-0.47149013469693496, 0.018306274886128578, 0.42105534727739163], [0.12563378565578284, -0.09001570828138612, -0.38808015972172943], [-0.028508289299942657, -0.06210667661006411, 0.1187287757766192], [0.028131751034363942, 0.014892413648367506, 0.05111206264550587], [0.038243365411184185, 0.10356692065280214, 0.013428709522650139], [0.03303732086891567, -0.012385041609777185, -0.0746092382679333], [0.4817767127403488, 0.04949531609083455, -0.37605613204808364], [-0.4794455950628506, -0.4263606673096603, -0.3100142770358423], [0.21915128695152816, 0.3070526216714167, 0.1076288545107187], [0.18136715681359816, 0.4474015073193884, 0.8688466854730317], [-0.21160766611705933, -0.6174456224117298, -0.2000623266939116], [-0.32025580932703396, 0.23049155507346347, -0.2791429215129042]]","tensor(-6, dtype=torch.int32)",
"['Bi', 'Bi', 'Bi', 'Bi', 'Bi', 'Bi', 'Bi', 'Bi', 'Bi', 'Bi', 'Bi', 'Bi', 'Bi', 'Bi']","[[-1.786013, -0.792346, 0.715582], [-1.05005, 1.051629, -1.456151], [1.050187, -1.051748, 1.456216], [1.785877, 0.792466, -0.715647], [-0.628766, 5.880148, 1.50717], [0.441427, 6.204578, 4.228888], [0.977756, 3.438209, 1.16676], [2.047742, 3.762851, 3.888724], [-3.333479, 2.223634, 0.858813], [-4.799826, 0.080802, 2.243158], [-5.581715, 2.553882, -1.011008], [-7.047961, 0.410974, 0.373701], [1.275999, -3.382799, -4.036039], [-0.366254, -2.617513, -1.825704]]",[-81777.3671875],"[[-0.5299524762547861, 0.16230848416792099, 0.4859942498473798], [-0.32277682878872904, -0.2993530376331924, -0.3583469807737752], [0.5439187163273268, -0.3024133719913558, -0.2125084783173199], [0.3257583330805036, -0.17709506086740298, 0.1515026972658457], [-0.2127281534925404, 0.36910900747591774, -0.010112915355737159], [-0.06430862199351871, -0.04301208049121066, -0.08096475167649617], [-0.011420897961529357, -0.13560077540004042, -0.0025520151558354504], [0.2168919030917811, -0.06416592568939021, 0.1930101467886522], [0.33068837468843726, 0.2926375695835846, 0.01833309664909558], [-0.04888735784431893, -0.21385887386424549, 0.18973018867735983], [-0.20579650696993945, 0.13999705569739607, -0.19980773591850975], [-0.3394969275536293, -0.023531422735418254, -0.07289621413120077], [-0.27931683102662047, 0.040242892873351775, 0.3341452247947574], [0.5902978433841262, 0.2478978302283784, -0.42417671965825793]]","tensor(-6, dtype=torch.int32)",
"['Bi', 'Bi', 'Bi', 'Bi', 'Bi', 'Bi', 'Bi', 'Bi', 'Bi', 'Bi', 'Bi', 'Bi', 'Bi', 'Bi']","[[-1.126716, -1.334443, -1.131144], [-1.233014, -0.348542, 1.639237], [1.233106, 0.348652, -1.639366], [1.126624, 1.334334, 1.131274], [4.768235, 3.12962, 5.566682], [5.287384, 5.094696, 3.438943], [2.275406, 2.331977, 4.221532], [2.79492, 4.297167, 2.093743], [-7.772816, 0.682853, -0.563976], [-7.158147, -1.239975, 1.576872], [-4.937474, 0.712385, -1.351263], [-4.323095, -1.21066, 0.789716], [1.863316, -1.904335, 0.777791], [2.623943, -1.371326, 3.480677]]",[-81777.59375],"[[-0.24120776469201013, -0.11369779260291829, -0.3624996232012351], [-0.1292546208121447, -0.31148170926319907, 0.20193388513897859], [0.02106900388928528, 0.09988216783660901, -0.8209644906794121], [-0.06130284647451935, 0.4603606971504688, 0.07773050780461647], [0.17098179693226329, 0.21775219468387835, 0.14884952302879562], [0.2597574100531583, 0.0676597997016464, 0.2410969500846599], [0.011235397908371466, -0.3338169461621245, -0.017283633466501806], [-0.16925031226465437, -0.03884162545122822, -0.3108734887640164], [-0.10241311176197863, -0.06761279990994426, 0.12332621929622738], [-0.3493770653852119, 0.056157449147057746, 0.07553853830692799], [0.21336434760954143, -0.04173831414515435, -0.055554885077948646], [0.1637279910059272, 0.031184552056111228, -0.22641301187996724], [-0.1824989570492264, 0.3132949036343252, 0.6655515033037129], [0.39415711966021516, -0.3446925128424709, 0.2576904476600955]]","tensor(-6, dtype=torch.int32)",
"['Bi', 'Bi', 'Bi', 'Bi', 'Bi', 'Bi', 'Bi', 'Bi', 'Bi', 'Bi', 'Bi', 'Bi', 'Bi', 'Bi']","[[-2.0720460797883185, 0.008012845761897813, 0.1904613794635439], [0.18307662710203165, 0.6596290545919665, 1.964758861014896], [-0.18304406159459918, -0.6596231870501776, -1.9649486557979623], [2.072013514280888, -0.008018713303686698, -0.19027158468047778], [3.91246667570417, 2.557188490967508, -6.9272621635548335], [3.4128067817045684, -0.2406046866188134, -6.165024021264813], [2.9632095003169105, 3.4457497192105144, -4.287332491045719], [2.463742498730508, 0.6476841475171816, -3.5252868636055044], [2.209579988878823, -4.24777195202422, 1.3268840675524727], [3.8963593101518827, -1.9349512550783978, 2.008022529898154], [3.686314499504374, -5.8958364892089765, 3.2667287478185267], [5.37295192378234, -3.582665633785542, 3.947791564388783], [4.666475389946786, 6.252862614018898, 0.10276258417807616], [4.310028908782771, 6.107323492383497, -2.7291993319386254]]",[-81777.65625],"[[-0.1115791510078198, 0.08386598608331777, 0.22504667548465251], [-0.17000919949216006, -0.04012382502030329, 0.13528843761579662], [-0.08359668858972463, -0.030555119944152703, -0.20877184061072473], [0.12761672435120744, 0.023387214621797367, -0.014083518436802327], [0.18811224398795473, -0.0487119725165744, -0.3320479747897553], [0.08911150222308142, 0.12349406100313744, -0.2709381154249276], [-0.0604607068807491, 0.6757665017956503, 0.31438109247472384], [0.09771081859764325, -0.3906065270809486, 0.2735408960122314], [-0.04408343405818912, 0.23590403874458035, -0.10608644887384147], [-0.2104276319595311, 0.09785382343432121, -0.13624499136332757], [0.11997622429620597, 0.020786341794091064, 0.10689007332101991], [0.188094914743093, -0.3265419029119667, 0.243273133000234], [-0.16748211222365883, -0.09930125246805419, -1.1589248747146041], [0.02872638581695174, -0.3174828216166075, 0.9107808869338425]]","tensor(-6, dtype=torch.int32)",
"['Bi', 'Bi', 'Bi', 'Bi', 'Bi', 'Bi', 'Bi', 'Bi', 'Bi', 'Bi', 'Bi', 'Bi', 'Bi', 'Bi']","[[0.818134, -0.188633, -1.903888], [-1.751682, -0.90603, -0.663041], [1.751786, 0.906169, 0.663126], [-0.818237, 0.188495, 1.903803], [6.228051, -1.520274, -1.296594], [4.675454, -3.648281, 0.014644], [3.98193, -1.01036, -3.128201], [2.429433, -3.138462, -1.816604], [0.709478, -0.65509, -6.836777], [-1.86284, 0.403522, -7.79638], [-0.634466, -1.775362, -4.470627], [-3.206814, -0.716676, -5.430607], [-1.410082, -5.085043, -4.914645], [-3.860642, -4.887148, -3.457305]]",[-81777.3828125],"[[0.18241832720963233, -0.012270138946146507, -0.14846288032222185], [-0.4820990778324502, -0.134145118831655, -0.1592823455006568], [0.1607916353105579, 0.19406831058914095, 0.3479653747051255], [0.11721835468070337, 0.068324790189931, 0.06466816525783095], [0.0839281039699438, 0.0006172311922898502, 0.14240494655761993], [0.15480764651364495, -0.07898397270891784, 0.047583812965029906], [0.049871391557589066, 0.042449486813885, -0.24283789641711914], [-0.2519336416637734, 0.02296642764641592, -0.0657590335085632], [0.21002725955450605, 0.12548152484262087, -0.35258122733351854], [0.06847232017066782, -0.004101365346180282, 0.23267545130277423], [-0.14583258891592385, -0.806606928489964, 0.19081385783527116], [-0.2997696079970644, -0.041965203839823245, -0.1754297564316547], [-0.6405716796570309, 0.6905956045648672, 0.526435205190862], [0.7771826934682095, -0.05732992425712403, -0.4072033156702452]]","tensor(-6, dtype=torch.int32)",
"['Bi', 'Bi', 'Bi', 'Bi', 'Bi', 'Bi', 'Bi', 'Bi', 'Bi', 'Bi', 'Bi', 'Bi', 'Bi', 'Bi']","[[-0.93247, -1.330571, -1.299921], [-1.736889, 1.142962, 0.07589], [1.737078, -1.142991, -0.075916], [0.932281, 1.330601, 1.299947], [-3.652479, -0.201992, 2.512506], [-1.768337, 0.421412, 4.684991], [-5.06732, 2.329237, 3.013469], [-3.182835, 2.952465, 5.185945], [2.851401, 2.370947, -3.438689], [1.871277, 4.258354, -5.472249], [0.077089, 1.743872, -2.68382], [-0.902797, 3.631364, -4.71767], [8.303504, 2.352127, -4.283051], [5.805921, 3.71511, -4.552493]]",[-81777.5703125],"[[0.1504644338147976, -0.27789485592821855, -0.12160584180039923], [-0.3188319830333352, 0.24892714623549198, 0.09234533471822849], [-0.1395519974947899, 0.0774027948149909, -0.03858689069396993], [0.16081251267973853, -0.053809670711888406, 0.10605528708634529], [0.021340491963979635, -0.1365964613592621, 0.01621580745500558], [0.039920903162518825, 0.021620109871352444, -0.02201795230947186], [-0.09529593433296484, 0.11089132911087463, 0.01235336045915608], [-0.002538161015922549, -0.012232760227778578, 0.011309579417681653], [1.4356271494949493, -0.02127502135698273, -0.17354354269048802], [0.16043641150193821, 0.15012160273024816, -0.22111663929163308], [-0.5462373384365715, -0.17340686277107414, 0.3122598283529549], [-0.3305258808790513, 0.11063627553664855, -0.06282195790391183], [-0.48575889093422814, 0.20245561368012732, -0.020120867938145638], [-0.0460681262469365, -0.2521076540216728, 0.09664411872995257]]","tensor(-6, dtype=torch.int32)",
"['Bi', 'Bi', 'Bi', 'Bi', 'Bi', 'Bi', 'Bi', 'Bi', 'Bi', 'Bi', 'Bi', 'Bi', 'Bi', 'Bi']","[[1.008555, 0.191283, -1.809956], [1.803168, 0.174935, 1.023176], [-1.803336, -0.175019, -1.023221], [-1.008387, -0.191199, 1.810001], [0.401581, -0.279494, 5.172587], [-1.619711, -2.274239, 4.402076], [1.197631, -1.965773, 7.449126], [-0.823781, -3.960515, 6.678249], [-2.493436, 3.127587, -1.583901], [-4.658875, 1.485031, -0.456428], [-4.161991, 3.712216, -3.936345], [-6.327428, 2.069603, -2.808491], [3.525837, -7.465973, 7.628178], [2.629257, -4.959095, 6.588969]]",[-81777.796875],"[[0.29443677714580163, 0.006215347071339995, -0.4204367909378018], [0.07841262184939649, 0.08888442226667369, 0.29256177342059886], [-0.3367592668201168, 0.06658523225394432, -0.45567192799621836], [0.15709628954349977, 0.0017661956078658273, 0.40753195425751915], [-0.13105459970573535, 0.08926474005598338, -0.3485238186196608], [-0.1530955993966524, 0.31902486729884366, -0.211687370359005], [0.15518472471118522, -0.2454833573404326, 0.467551511014622], [0.43263621936581964, -0.5552655150548925, 0.43190612850959753], [0.27075047621276005, -0.11396904413599138, 0.0019245828490183883], [-0.2248724060162952, 0.012854741278667472, 0.20939996145934806], [-0.05198706609800353, 0.03489574611179368, -0.04671581834361431], [-0.07551632396336636, -0.0431083992109451, -0.06003652604732353], [-0.2201175080522757, 0.34593049969720735, 0.11357504807032198], [-0.20276861995156165, -0.019677563228862254, -0.3801125123201098]]","tensor(-6, dtype=torch.int32)",
"['Bi', 'Bi', 'Bi', 'Bi', 'Bi', 'Bi', 'Bi', 'Bi', 'Bi', 'Bi', 'Bi', 'Bi', 'Bi', 'Bi']","[[-1.923954, 0.792373, 0.016115], [-0.473269, -1.114538, -1.691959], [0.473335, 1.114564, 1.692138], [1.923888, -0.792398, -0.016294], [0.59216, 6.793058, 1.838735], [1.552229, 4.250018, 0.712002], [-1.549271, 6.877906, -0.177928], [-0.588993, 4.334639, -1.304431], [-3.787239, -0.910816, -2.308852], [-2.557837, -3.582531, -2.402786], [-2.680037, -0.308049, -4.967919], [-1.450788, -2.980036, -5.061626], [-0.569367, -2.327671, 1.662861], [-1.433317, -2.460502, 4.383925]]",[-81777.6796875],"[[-0.1961717312451324, -0.14069937862416618, -0.12397789146279331], [-0.10400519113932007, 0.09229180432089595, -0.5039128947227764], [0.4012154702164639, -0.13219807275615172, 0.47437727945066427], [0.8373717374391529, -0.03659479886624449, 0.23351589396752243], [-0.10436072348048922, 0.2760961625869173, 0.11985975325878216], [0.10773740654603954, -0.41060283014445603, -0.06898067896800632], [-0.03730397635782192, 0.19097820283995395, 0.0629819320308105], [-0.10796505214545463, -0.3037732806252233, -0.043962196192876044], [-0.6010322050009997, 0.05554768598512774, -0.19751528765387816], [0.08783505164384475, -0.12836753831033543, 0.022723180584416115], [-0.022292592558379933, 0.08034686382409685, -0.1692907814507261], [-0.053614009653434734, -0.22690064757439987, -0.2221271348132292], [-0.23577208965759164, 1.0184628604651613, 0.15035968701425353], [0.018492623403797506, -0.338716185937203, 0.2723432754993836]]","tensor(-6, dtype=torch.int32)",
"['Bi', 'Bi', 'Bi', 'Bi', 'Bi', 'Bi', 'Bi', 'Bi', 'Bi', 'Bi', 'Bi', 'Bi', 'Bi', 'Bi']","[[0.92513, 0.237267, 1.848663], [-1.76916, -0.536868, 0.954332], [1.769305, 0.536845, -0.954457], [-0.925274, -0.237245, -1.848537], [-3.842516, 1.514243, -2.269142], [-5.810862, 0.716826, -4.305819], [-5.253172, 4.071382, -1.907276], [-7.221558, 3.273588, -3.944022], [-5.971079, 7.311043, -2.242269], [-4.416829, 9.800365, -2.456504], [-7.367607, 8.386029, 0.114418], [-5.813204, 10.875435, -0.100161], [1.382045, 3.395579, 3.023211], [4.186372, 3.319026, 2.477195]]",[-81777.9140625],"[[0.36956388729801526, 0.5070906771381036, 0.4302386643460029], [-0.4230516042945348, 0.02485121699564588, -0.18598496348147117], [0.24094849450627467, 0.29491155731733976, -0.04641744679944307], [-0.22295559613063973, -0.16510764572296058, 0.0421112425799043], [0.3178789259880315, -0.6061445893456684, 0.10474381806274412], [0.044263653062541965, -0.07973046721235331, -0.177420768395457], [-0.12967551063170932, 0.3972602886206629, 0.08063714153105375], [0.002830041549473925, 0.07216663749589441, 0.09347188990051576], [-0.1942076130352253, 0.01802533543100222, -0.08940471098925826], [0.11683705987165371, 0.12505996653586576, -0.04771770580708028], [-0.066411939805327, -0.0063048626483586945, 0.09682394178420027], [0.01656361619801976, 0.026953562929923364, -0.005742459232771883], [0.9085142011370915, -0.6251841329732786, -0.48245095920511744], [-0.9781546255400414, 0.02200414547788321, 0.1841467779738382]]","tensor(-6, dtype=torch.int32)",
"['Bi', 'Bi', 'Bi', 'Bi', 'Bi', 'Bi', 'Bi', 'Bi', 'Bi', 'Bi', 'Bi', 'Bi', 'Bi', 'Bi']","[[-0.724942, 1.219454, 1.522204], [-1.32973, 0.878889, -1.337264], [1.329815, -0.879037, 1.337355], [0.724858, -1.219306, -1.522295], [2.545883, 6.965047, 1.556335], [3.809859, 5.087475, 3.436601], [0.826192, 4.799398, 0.550112], [2.09034, 2.921975, 2.430688], [-5.182437, 1.791028, -2.645449], [-3.959573, -0.87971, -2.472024], [-7.777167, 0.560969, -3.289024], [-6.553979, -2.109801, -3.115393], [4.175257, 7.072752, 6.172625], [1.838685, 8.436649, 5.251506]]",[-81777.578125],"[[-0.00483384527277713, 0.05150164155350873, 0.2922962811617825], [0.1292486558495217, 0.15569514039218685, -0.18928271363644947], [0.05917680009823365, -0.019665638445825355, 0.05015227444841469], [-0.04275727374302415, -0.02115897198070987, -0.03490083689885988], [0.1891471650030503, 0.38778175732430326, 0.22705352545266078], [0.3236995982220934, 0.6310061421817215, 0.6056000293958591], [0.014913877229392093, -0.2503668105333967, 0.14380846112514542], [-0.4190254602123564, -0.6332589440137465, -0.4468633751310263], [0.18184826190240042, 0.03541013157826511, 0.05546746752226633], [0.251948554070331, 0.10195884900498, 0.09151481651715483], [-0.04007546254317433, -0.17066333991912175, 0.008863934457821371], [-0.516003205472466, -0.10108647322136198, -0.20003790120041215], [-0.7242194818057839, 0.15754458733787535, -0.8404082119468241], [0.5918991273158599, -0.32615603153676664, 0.2412303389902128]]","tensor(-6, dtype=torch.int32)",
"['Bi', 'Bi', 'Bi', 'Bi', 'Bi', 'Bi', 'Bi', 'Bi', 'Bi', 'Bi', 'Bi', 'Bi', 'Bi', 'Bi']","[[-1.32622, 1.293228, 0.947849], [-0.799736, -1.59948, 1.063481], [0.799878, 1.599593, -1.063545], [1.326078, -1.293341, -0.947784], [4.503819, 5.601418, 2.580878], [3.233997, 4.48071, 0.174661], [2.138456, 4.867967, 4.17052], [0.868865, 3.747156, 1.764014], [-4.980593, -3.403396, 1.194986], [-2.290019, -4.5406, 0.840179], [-4.861794, -4.019814, 4.070012], [-2.171019, -5.156903, 3.714896], [4.573297, -1.031061, 0.70487], [2.181348, -0.321604, 2.098962]]",[-81777.203125],"[[-0.4621074027571848, 0.41356602817162896, 0.31088212767540147], [-0.27077572445972475, -0.6153841107603744, 0.506478548559961], [-0.009838527075077817, 0.07733018682168301, -0.5905312996798895], [0.7164480611056252, 0.30970723572703107, -0.008356059028143698], [0.16730038655202276, 0.046992911426290654, 0.14684884371177664], [-0.05049262184594092, -0.07776660611290412, -0.187524129526579], [0.0344396630127532, 0.2593221734700435, 0.31199757568590797], [0.08834670145504424, -0.06151120878959275, -0.0870008310521775], [-0.050627975075392115, 0.059246734142779506, -0.040776273660452056], [-0.03894481930460662, -0.1849108074105017, -0.07600745636002629], [-0.1099572982394548, 0.024918394816083173, 0.09186063008301579], [0.0835607959698033, -0.07875606999904487, 0.022206434843941268], [-0.04756477136451863, -0.04641255655853401, 0.27944101537778093], [-0.04208738787162134, -0.129482729210384, -0.6742793749072193]]","tensor(-6, dtype=torch.int32)",
"['Bi', 'Bi', 'Bi', 'Bi', 'Bi', 'Bi', 'Bi', 'Bi', 'Bi', 'Bi', 'Bi', 'Bi', 'Bi', 'Bi']","[[1.7009466559755488, 0.8401944828879138, -0.8547329430768467], [-0.9341106302485058, -3.480260343541319e-05, -1.8591240550955759], [0.9341249355752675, 7.391898456249324e-05, 1.8593121568402622], [-1.700960961302312, -0.8402335992690417, 0.8545448413321616], [0.03782795090885205, 2.925559041941617, -6.838679394597828], [-0.6018143040800014, 5.779138493156963, -6.51271043746188], [-1.1261899191391458, 2.362856748648913, -4.195142475149368], [-1.7658605579103113, 5.216648309789056, -3.869493942326956], [1.8131533589195121, 2.6956284467986693, 4.2211579562252854], [-0.4074490041230121, 3.1114426664882444, 2.3358629289852764], [3.5848995618579678, 4.276212392697723, 2.482615837237557], [1.3639393761323861, 4.691988814830107, 0.5974586587268149], [0.3539828361583093, 7.899122947292081, 1.0688428370998373], [1.2139987841816464, 6.587127788531809, 3.4578353646585]]",[-81777.375],"[[0.2618154764243781, 0.3482725702802115, -0.24654152114092137], [-0.015553022974449672, 0.01584426227451907, 0.041414663500763435], [0.0356835994034852, 0.27002141379836947, 0.4000453605226102], [-0.4276187087801121, -0.2894065138813828, 0.13904533562647345], [0.13386332576980844, 0.10653628933096439, -0.3498276771737085], [-0.000512410652466472, -0.04707050222027245, -0.052668460233501455], [-0.05960977410931905, 0.016392648027941763, 0.05951598021428107], [-0.01661315624104585, 0.09974826471014032, 0.15189473929203517], [0.37688155946209106, -0.3242087797728971, 0.5499957791099958], [-0.3664604612271096, -0.20698677412369168, 0.026604720602868465], [0.35939372886993365, 0.3108817677207604, 0.4783540069028363], [-0.4907084729369613, 0.4694315026827077, -0.25691412834354493], [-0.12752041077368215, 0.4571689279262323, -0.6816054802943139], [0.330608259069759, -1.2263829455509907, -0.26079341093217695]]","tensor(-6, dtype=torch.int32)",
"['Bi', 'Bi', 'Bi', 'Bi', 'Bi', 'Bi', 'Bi', 'Bi', 'Bi', 'Bi', 'Bi', 'Bi', 'Bi', 'Bi']","[[1.903811, -0.551148, 0.633603], [0.341634, -0.925866, -1.831656], [-0.341684, 0.926013, 1.831771], [-1.903761, 0.551002, -0.633718], [3.067151, 1.135932, -5.903415], [2.773174, 1.157042, -2.975712], [5.873218, 1.978393, -5.627539], [5.578957, 1.999289, -2.699685], [2.357062, -3.371823, -6.373615], [4.340699, -1.542945, -7.547798], [1.83478, -4.513734, -9.035028], [3.818685, -2.684712, -10.208975], [-1.119837, -2.506114, -4.367633], [-3.758702, -3.07088, -5.308738]]",[-81777.578125],"[[0.17829396693254027, 0.15444074989023707, 0.3874747674375836], [-0.17492587135628349, -0.17956537814680232, -0.4724881860723692], [0.06131889016709164, -0.11523983828515448, -0.17086964535053203], [-0.19864662509068218, 0.10769971415291298, 0.13441786160538383], [-0.023148667538967778, -0.15052218082363952, -0.4456439516513495], [-0.2649466190026442, 0.004957771485037888, 0.341409932204508], [-0.03440354413562893, -0.011029853523916533, -0.003416194258055961], [0.3485887132992321, 0.0953625773636497, 0.20229599950786975], [-0.3450178089937923, -0.05437217697165837, 0.3179121446591908], [0.18480672909714815, 0.3238187946303707, 0.1446370767088307], [-0.10627748194405315, -0.06665120679743869, -0.0682619009719313], [-0.005629356342346428, -0.12034769748576428, -0.3139583000377709], [-0.3829606277063315, -0.18223547025198153, -0.4014947950179147], [0.7483040468380957, 0.19113601723900633, 0.33460668664457693]]","tensor(-6, dtype=torch.int32)",
"['Bi', 'Bi', 'Bi', 'Bi', 'Bi', 'Bi', 'Bi', 'Bi', 'Bi', 'Bi', 'Bi', 'Bi', 'Bi', 'Bi']","[[-1.432318, -1.212497, 0.898905], [-0.461096, -0.828458, -1.852013], [0.461213, 0.82851, 1.852157], [1.432201, 1.212444, -0.899048], [-4.251377, -1.297553, -0.842634], [-3.202784, -4.015257, -1.258386], [-6.070251, -1.649779, -3.129005], [-5.02149, -4.367655, -3.544456], [-3.381937, 3.483998, 4.183706], [-0.89643, 3.767516, 2.634452], [-1.835503, 3.596196, 6.684868], [0.649973, 3.879848, 5.135254], [1.298029, -2.617666, -4.037683], [3.197437, -0.793835, -5.1486]]",[-81777.75],"[[0.10212422245149433, -0.4119836161475042, 0.4182226585186432], [0.0771130313289498, -0.36234047182780166, -0.6027615299407625], [-0.07203592253910356, 0.13938312734604827, 0.07767414919224716], [0.49060192636321204, 0.3548856569454878, -0.17548256691970512], [-0.025025075087270553, 0.05274363933138825, 0.1560979810576076], [0.08707852983255161, 0.10271958742778253, 0.1750684648162288], [-0.29671050776909885, -0.11084906015159766, -0.39915550122785576], [-0.041389713501929874, 0.06381353009580729, -0.08461001232635751], [-0.11234919682919792, -0.04455176075723428, 0.07322397854291791], [0.07342447327797991, -0.10012832538899213, -0.17827828319460903], [-0.008185029151555811, 0.03219812261878367, -0.04513005874132779], [0.07981721628084512, 0.02860311163681219, 0.12264477373863787], [0.15082135455243936, 0.691990685909374, 0.08450881365013233], [-0.5017369174955686, -0.4307931487594867, 0.36263764009503]]","tensor(-6, dtype=torch.int32)",
"['Bi', 'Bi', 'Bi', 'Bi', 'Bi', 'Bi', 'Bi', 'Bi', 'Bi', 'Bi', 'Bi', 'Bi', 'Bi', 'Bi']","[[0.048895, -0.733479, -1.946621], [2.055254, 0.316617, -0.067755], [-2.055417, -0.316686, 0.06783], [-0.048731, 0.733548, 1.946546], [-3.477693, 3.029336, -2.241408], [-5.753505, 2.702757, -0.405015], [-1.632627, 3.059944, 0.050895], [-3.908762, 2.733213, 1.887143], [3.969959, -4.330366, -4.120747], [1.633112, -3.7086, -2.444184], [2.274294, -4.223587, -6.523491], [-0.062486, -3.601669, -4.84658], [-2.776252, 0.939551, 4.457786], [-4.595745, -0.786257, 5.828653]]",[-81777.609375],"[[0.12751691407145485, -0.1603369611768267, -0.2054785641777137], [0.34115883813133346, -0.08892699975850014, -0.053684663607262685], [-0.22020034904180763, 0.3527676838375798, 0.04675100648088103], [-0.1235270739859304, 0.24776402994609287, 0.4165551943550487], [-0.3108252034200248, 0.22664729092919586, -0.11494076740053777], [-0.337697514303046, -0.049271933382811266, -0.227887386089687], [0.5567274451184505, -0.3680579399240667, -0.10100152392607539], [-0.06258623903611903, -0.21899722636516097, 0.6418217507032881], [0.21982671612440308, -0.10480238782505129, -0.18853303096333618], [-0.1768970343927367, 0.057044325960500714, 0.18136438002065297], [0.10829590188266644, -0.0060131554072559365, -0.09288557521234525], [-0.11838954423848022, -0.0014348897567017232, 0.057064586264582384], [-0.23604766064635727, -0.14740348239153522, -0.1895716029469338], [0.24108908250464847, 0.26251810788369767, -0.179284407838421]]","tensor(-6, dtype=torch.int32)",
"['Bi', 'Bi', 'Bi', 'Bi', 'Bi', 'Bi', 'Bi', 'Bi', 'Bi', 'Bi', 'Bi', 'Bi', 'Bi', 'Bi']","[[0.160754, -1.997662, 0.559658], [-2.052634, -0.072172, 0.332251], [2.052793, 0.072208, -0.332354], [-0.160913, 1.997627, -0.559556], [4.710472, 4.959259, -4.259786], [1.980301, 5.404655, -5.262832], [3.680461, 2.989316, -2.331507], [0.950254, 3.434857, -3.334908], [0.458408, 1.817616, -6.270513], [-2.437492, 2.310374, -6.099438], [0.274398, 1.756769, -9.206888], [-2.621634, 2.24969, -9.03549], [1.445402, -2.000951, -2.977847], [1.363937, -1.486959, -5.788082]]",[-81777.5078125],"[[-0.10411770267569237, -0.1878434092931858, 0.060069384763841764], [-0.03580310948652125, 0.028243239271113853, -0.03867034360639159], [0.41812840182478106, -0.12431892277413753, -0.22955150781732903], [-0.2053871356988883, 0.14652915256843724, 0.34490180075519267], [-0.033401373850659284, 0.14618015083289845, -0.07808166926800152], [0.12051517923803329, 0.337595441451264, -0.327117161850448], [-0.09771760631373151, -0.1814264464851874, 0.13710116918809856], [-0.06453338795580545, -0.295862711745255, 0.023133163778357058], [0.29315235614237034, -0.47113336822556795, 0.4131948120925286], [-0.2109964117144736, 0.03512378766131391, 0.15598186997482485], [-0.06068552426512742, -0.08942204023411998, -0.5935127525495726], [0.057322982274761014, 0.07694632090805444, -0.01810572872897501], [-0.27918812153140116, 0.09990669617429165, 0.03238691368580254], [0.21047514597214903, 0.4874740233767153, 0.10064820273484407]]","tensor(-6, dtype=torch.int32)",
"['Bi', 'Bi', 'Bi', 'Bi', 'Bi', 'Bi', 'Bi', 'Bi', 'Bi', 'Bi', 'Bi', 'Bi', 'Bi', 'Bi']","[[-1.980203, -0.639149, -0.000486], [0.589796, -1.826927, -0.802111], [-0.589791, 1.827072, 0.802238], [1.980197, 0.639005, 0.000359], [3.522039, -3.829404, 2.511906], [1.305187, -2.726331, 4.101595], [4.278394, -1.109907, 1.679967], [2.061406, -0.007051, 3.269943], [-5.637347, 1.767288, -6.122776], [-4.590605, 2.585487, -3.497287], [-4.540976, -0.933454, -5.718022], [-3.494401, -0.114951, -3.092363], [1.131366, 3.637473, -2.538672], [0.976004, 4.67134, 0.121258]]",[-81777.3203125],"[[-0.09476422990604998, -0.25203802850967644, -0.25124689963075136], [-0.2691932095914168, -0.31542578368721924, 0.11054078471258852], [-0.07448839635272536, 0.3907599191801253, 0.37201127032457093], [0.33527003162593105, 0.5668288007880009, -0.38618726110865764], [-0.0772528994180415, 0.005548186570790811, 0.03377703279847202], [0.04263525940412825, -0.09890936470813949, -0.041957053438308155], [0.28528518750769377, -0.13606568252999565, -0.06801399506843454], [-0.19574148260490065, 0.2533307284698517, 0.008542829206963564], [0.024541661146556457, -0.05155573759384862, -0.03375569777267638], [0.040405720926332996, 0.06293066420550739, 0.1086316881406697], [-0.18066303411362283, -0.11075228377524815, -0.31087626555696163], [0.13050253213055568, 0.1052348476152209, 0.23887654417032883], [0.16874683856601574, -0.13095648635500484, 0.48770357159351874], [-0.12452450829626571, -0.28076909373696174, -0.27115635078158395]]","tensor(-6, dtype=torch.int32)",
"['Bi', 'Bi', 'Bi', 'Bi', 'Bi', 'Bi', 'Bi', 'Bi', 'Bi', 'Bi', 'Bi', 'Bi', 'Bi', 'Bi']","[[-0.633675, -0.193729, -1.97247], [1.452516, -1.454025, -0.323904], [-1.452665, 1.454105, 0.323996], [0.633824, 0.193648, 1.972378], [-8.475355, 1.353216, 2.140628], [-6.808965, 3.63306, 2.967534], [-6.203309, 0.23704, 0.640023], [-4.537026, 2.517075, 1.467246], [0.217719, 4.616055, 1.051348], [-0.853709, 2.983505, 3.252515], [0.579709, 6.874536, 2.902857], [-0.491703, 5.241603, 5.103983], [-1.929077, 5.216419, -3.655013], [-0.826776, 6.579388, -1.397693]]",[-81777.6328125],"[[0.1303943914719675, -0.15168108050152926, -0.1487439534747863], [0.14310012181366072, -0.17624402525178975, -0.3446705041872756], [-0.2035075554075352, -0.07930361243016568, -0.2485818468905468], [-0.07559911353080667, -0.031216721716602322, 0.28774270068629026], [-0.028498087156973616, 0.06537249364617259, 0.022864987286360317], [-0.31432797345412394, 0.09924880193464479, 0.18566218701263706], [0.035709701257170115, -0.10035144584434838, -0.07637949519259193], [0.2778310411125704, -0.011872769591269608, -0.009909042189258506], [0.12060789326914813, -0.055817189167087194, -0.6167601659309973], [-0.29774558305046916, 0.08962921984108708, 0.3046682821291356], [-0.017722968390315376, 0.5400420048432737, 0.3258813861456494], [0.1282040674812095, 0.09892756812855803, -0.11598422448283527], [0.4151854126795983, 0.4669406679887689, 0.8707770707908636], [-0.3087132466968314, -0.7582696481858807, -0.4457659762746637]]","tensor(-6, dtype=torch.int32)",
"['Bi', 'Bi', 'Bi', 'Bi', 'Bi', 'Bi', 'Bi', 'Bi', 'Bi', 'Bi', 'Bi', 'Bi', 'Bi', 'Bi']","[[-1.60578, -0.676625, 1.137262], [-1.323033, 0.853655, -1.360059], [1.323182, -0.853766, 1.360112], [1.605631, 0.676735, -1.137315], [5.894186, 0.156622, 0.71572], [6.735339, 2.943091, 1.147424], [4.806863, 0.893054, -1.917768], [5.648298, 3.679584, -1.485808], [-4.356332, -0.907278, 5.53816], [-2.439956, 1.189279, 4.769874], [-2.269045, -2.949096, 5.172007], [-0.352744, -0.85218, 4.403838], [-5.079087, -2.8857, -4.247396], [-2.800357, -1.849656, -2.868177]]",[-81777.6875],"[[-0.2705292069527006, -0.13686149081925428, 0.15426745744161974], [-0.8879427934013774, 0.08961991244251151, -0.5200557805097155], [0.33115724131944396, -0.11560493513535715, 0.15469467217844843], [0.40017684681077476, 0.0042905554486298, -0.2272382850277], [-0.07655787842827547, -0.042746865911688796, 0.1068950098418114], [0.03525292395989334, -0.038863397564802275, 0.0313345605816621], [0.05210502837608308, -0.05178924531170358, -0.058389887830818], [0.0028832521013968395, 0.11672285140625932, -0.06383918971950463], [0.07706767704417815, 0.00561085981600588, 0.021451383704467242], [-0.1687046724509219, 0.06820363974217362, -0.0657444296345551], [-0.10828237787258145, -0.0757220123296777, 0.015219103338370666], [0.14735653402192464, -0.06231431901585542, 0.11561912763263263], [0.2764927811792572, 0.3773940320267558, 0.3332588622022302], [0.185988151651149, -0.1327979114544072, -0.0012528894910966188]]","tensor(-6, dtype=torch.int32)",
"['Bi', 'Bi', 'Bi', 'Bi', 'Bi', 'Bi', 'Bi', 'Bi', 'Bi', 'Bi', 'Bi', 'Bi', 'Bi', 'Bi']","[[-0.857893, 1.858589, 0.373337], [-1.332906, -0.882647, 1.331616], [1.33308, 0.882686, -1.331688], [0.857718, -1.858629, -0.373265], [-3.397955, 6.060177, -3.346305], [-3.065202, 4.044065, -1.229023], [-6.125037, 6.614624, -2.389501], [-5.791923, 4.598423, -0.272117], [4.224188, -1.773794, -0.907347], [4.659304, -0.840097, 1.848954], [6.859714, -0.717675, -1.680958], [7.294626, 0.215851, 1.075622], [9.838822, -1.34224, 6.549669], [8.464807, -0.396735, 4.228818]]",[-81777.421875],"[[0.01032410588584734, -0.02726637893961882, 0.023201735137476105], [-0.15424467745505077, -0.035668733276810055, 0.15597986451325332], [0.2301944382283267, -0.018259521920466006, -0.04555941263716611], [0.01126053816894387, -0.10300929949173207, 0.041519322883751805], [-0.03725715140123114, 0.2120811093142165, -0.23203570906145438], [0.04754829572637709, -0.09386773716148196, 0.07479312366741564], [0.06390958656287468, -0.016150429407773517, -0.027932001919629825], [-0.14374552048505415, -0.009395520613925587, 0.11180936771181377], [-0.023912049057277413, 0.1251798314313337, 0.07596960970062498], [-0.22901939201368154, -0.10781875629491568, 0.19143267128531888], [0.20704210429422945, 0.04271575040407505, -0.22716860809361197], [0.3577780981746496, -0.04073776879827857, 0.10799415704928768], [-0.4168307653438143, 0.22991557622570008, -0.9218602907852035], [0.07565392948042865, -0.15735571399550996, 0.6694544400544707]]","tensor(-6, dtype=torch.int32)",
"['Bi', 'Bi', 'Bi', 'Bi', 'Bi', 'Bi', 'Bi', 'Bi', 'Bi', 'Bi', 'Bi', 'Bi', 'Bi', 'Bi']","[[0.017335673536298807, -2.055585574286993, 0.32246258811954154], [-0.6288047741606463, 0.3021159583043389, 1.9601620919505935], [0.6287954046715034, -0.30209566680118416, -1.9603534488620786], [-0.017326304047156016, 2.0555652827838404, -0.322271231208057], [-1.5604698953594598, -5.594834969805552, 6.111340113435807], [-3.2437630017016126, -5.555904412215138, 3.6981840079157577], [0.8065992820422665, -4.993368518744544, 4.4696700690000215], [-0.8770706074664637, -4.954373764238498, 2.0565627610353143], [6.820636230715158, -2.4948849486580893, 0.1417017720615965], [6.835706840446291, 0.3275497118460178, -0.690133021445742], [3.975772947127526, -2.6934869786813858, -0.5843623081135765], [3.9911841955486436, 0.12910274690759982, -1.4162886882047467], [4.1946910730438045, 0.630711015272797, -4.733838144721368], [1.5108185059327395, 1.5133213490844084, -5.165197700490818]]",[-81777.8671875],"[[-0.00149189680164583, -0.4177354342009432, 0.483059796769399], [-0.009848220139340239, -0.17181714880994528, 0.10084957164546289], [0.13269568433635046, 0.4602250456728864, -0.6656409777430583], [0.05026921342687186, 0.07721284160870237, -0.2072055237012638], [-0.027900675581440614, 0.002919290245837336, 0.08708943131596611], [-0.18369925151083627, -0.04713863649161309, 0.05348617433377222], [0.10026258847010186, 0.0039759504643683465, -0.01279112186696737], [0.06914260713438493, 0.04697446632204168, -0.10249847243399783], [0.11948951419942175, 0.2799973509865616, 0.0466673530223022], [0.7629017501952123, -0.15294416133695568, 0.1050039624240364], [-0.36431744556060325, -0.07567403551823558, -0.1241512353335022], [-0.5832802705464987, 0.23859269422481916, -0.4472100114503525], [-0.8159534078551519, 0.10149615302496262, 0.2945947458111287], [0.7561963094534623, -0.3352053940568177, 0.40711728651103546]]","tensor(-6, dtype=torch.int32)",
"['Bi', 'Bi', 'Bi', 'Bi', 'Bi', 'Bi', 'Bi', 'Bi', 'Bi', 'Bi', 'Bi', 'Bi', 'Bi', 'Bi']","[[0.961627, 1.82322, 0.284354], [0.863693, -0.161315, -1.885979], [-0.86384, 0.161316, 1.886104], [-0.96148, -1.823221, -0.284479], [3.599932, 4.985094, -1.587678], [3.490843, 2.089303, -2.098368], [5.617982, 5.282931, -3.708674], [5.508575, 2.386953, -4.219253], [-1.287944, -4.73303, -1.992561], [-1.218802, -6.756928, -4.127361], [-3.696266, -3.54555, -3.196611], [-3.626935, -5.569775, -5.331337], [-5.371226, -0.805734, -4.331111], [-3.544723, 0.439708, -2.519756]]",[-81777.4609375],"[[-0.06689443329060187, 0.06446895607505841, 0.0360976809381249], [-0.11507395061772438, 0.05789618432957917, -0.22526696772497198], [-0.08431227841612182, 0.09349950356369306, 0.06762694098512816], [-0.5225980887173238, 0.16577875544014295, 0.013826809071227445], [-0.017710632230545854, 0.10667980838855814, 0.06382808254772382], [0.0798370137861026, 0.02852348452800391, 0.11233171331806145], [0.023555231163818795, -0.02080350134605059, -0.044702468623230594], [0.16100873938119953, 0.022185999704748233, -0.20649224786898762], [0.21478879096833914, -0.2716900092479787, 0.13984119533782366], [-0.030330796211853545, -0.13687156954920351, -0.26347923819737906], [-0.22573526871297134, -0.09537527862026943, -0.01683310909556089], [-0.021127866757514435, -0.20580139206863937, -0.10856041712174283], [0.8908368287153782, 0.4216518949617861, 0.7737338137860839], [-0.2956185082323519, -0.23833193279842796, -0.352927349431929]]","tensor(-6, dtype=torch.int32)",
"['Bi', 'Bi', 'Bi', 'Bi', 'Bi', 'Bi', 'Bi', 'Bi', 'Bi', 'Bi', 'Bi', 'Bi', 'Bi', 'Bi']","[[-1.095137, -1.755039, 0.224111], [0.790979, -0.721467, -1.784024], [-0.79097, 0.721543, 1.784201], [1.095128, 1.754964, -0.224288], [-1.101451, -0.202902, -4.541954], [-1.331831, -1.889218, -6.942283], [-3.786722, 0.888045, -5.050884], [-4.016879, -0.798584, -7.45123], [-5.451455, 6.458576, -2.419256], [-3.599839, 7.046389, -4.629303], [-5.422303, 3.608909, -3.153015], [-3.570479, 4.197044, -5.363037], [2.342608, 3.839629, -3.774003], [-0.273629, 2.941712, -3.05477]]",[-81778.0390625],"[[0.11880812006392381, 0.027342344795506766, -0.026408113377929764], [-0.03224312723333259, -0.16121931284621077, -0.05774850008256763], [-0.2583164602029641, -0.08045449026176928, 0.2833326906904833], [0.10679499387369248, 0.4768612235843317, -0.34514389596234113], [0.14391043113274427, 0.20490001422537144, 0.44102866466596374], [0.11024413066627597, -0.2229511224086725, -0.47637235375970116], [-0.3550650686230029, 0.04252521098594252, 0.01813083299408331], [-0.051710929466230536, -0.08679905076482607, 0.005123559907831247], [0.09770248821880763, 0.21448205819207733, -0.10976163718100113], [-0.1315253175320389, 0.4200890233324609, 0.25948513007825363], [0.10496904682385505, -0.16800430356363177, -0.1267437315024905], [0.12640491134108411, -0.25435346244924334, 0.06837826916517195], [-0.5073352920277394, -0.15688052244723916, 0.16859992565037785], [0.5219254877594857, -0.24643883122404042, -0.0814579409568192]]","tensor(-6, dtype=torch.int32)",
"['Bi', 'Bi', 'Bi', 'Bi', 'Bi', 'Bi', 'Bi', 'Bi', 'Bi', 'Bi', 'Bi', 'Bi', 'Bi', 'Bi']","[[1.622859, -1.271846, -0.280092], [0.383439, 0.038873, 2.044595], [-0.383549, -0.038897, -2.044751], [-1.622749, 1.27187, 0.280249], [-2.253074, -2.085461, -0.152979], [-4.338404, -0.193357, -1.007175], [-3.18852, -1.860631, 2.628074], [-5.273956, 0.031464, 1.773507], [3.383407, 0.935044, 3.242937], [5.773543, -0.530442, 2.349678], [3.682856, -0.217288, 5.934093], [6.073178, -1.682637, 5.040525], [1.321408, 2.715929, -0.690433], [0.311413, 5.296231, -1.390574]]",[-81777.734375],"[[0.42554989519175257, -0.165321973000657, 0.2571981839774209], [0.32009712075242475, -0.34619866590478576, 0.3102285528914472], [0.4162096378996456, 0.626241371176119, -0.4316621821071522], [0.017981708928507582, 0.7421349385115026, -0.5785175564245593], [-0.13755661465320349, -0.49847953368247894, 0.06022113135608796], [-0.19279052303552324, -0.02331669436540752, -0.16532459552732748], [-0.08954252219468686, -0.23712377075680666, 0.3117915787870471], [-0.17825802289052736, 0.10917120872550438, 0.33241651692009366], [-0.16286492262088476, 0.11728062683360413, -0.17211046042030528], [0.06980672344711271, -0.11950170123512568, -0.18067948918292775], [-0.009248206605973397, -0.07101154305278144, 0.2558495882037005], [-0.009921383491237187, 0.05605481065226838, 0.016255443603193778], [-0.588342261241421, -0.3773771141586267, 0.04229301967363196], [0.11999730735375289, 0.1848163964503648, -0.054723081324585546]]","tensor(-6, dtype=torch.int32)",
"['Bi', 'Bi', 'Bi', 'Bi', 'Bi', 'Bi', 'Bi', 'Bi', 'Bi', 'Bi', 'Bi', 'Bi', 'Bi', 'Bi']","[[1.2061517366475463, -1.579052805701317, 0.6176608491068578], [1.6276258034298654, 0.8659705857993045, -0.9642790630980186], [-1.6277763964003362, -0.8659730274683806, 0.9643991996682091], [-1.206001143677077, 1.5790552473703943, -0.6177809856770489], [2.3361765759229014, -5.547487672922479, 2.879016220737511], [1.9063536025438528, -2.752512729122519, 3.69245394722185], [4.711501175307913, -5.685967421894212, 4.610638386175502], [4.2813223814637755, -2.8908500099261523, 5.424036582700291], [-4.920401722515976, -0.7766832932745983, 1.3550357555914707], [-4.728331227928491, -2.1099453576301577, 3.9711081652623634], [-7.846295209703838, -1.0860645386016359, 1.4123896031219105], [-7.653908789297788, -2.419258599279766, 4.028671856489445], [3.684764009693798, -9.732187189977855, 2.2821430077340703], [1.2668256804599898, -8.654076600856799, 3.358941883032086]]",[-81777.84375],"[[0.3062410782221353, -0.23049381764549287, -0.06583534389246472], [0.08521617594187705, 0.11734531582480906, -0.10444485002231058], [-0.09250705719624079, -0.0103254017225551, 0.08199915847067595], [-0.07393571171244677, 0.061476498877777716, -0.009926376576329395], [0.006955753199132651, -0.6453405644299595, -0.5105431563666397], [-0.32341245726272266, 0.4642474873644712, 0.40153151039130125], [0.06147711594287665, -0.258323659295785, 0.28322023057620255], [0.0931972959314901, -0.09977001625487776, -0.15843465232099613], [0.023898694740094647, 0.013564988349749724, 0.03540055164260415], [0.14038210431913095, 0.035365018977323866, -0.03539681325654644], [-0.3166399106914635, -0.024285481428524828, 0.07733383779018503], [-0.09077485261934974, 0.012820895257990938, -0.0965064617907987], [-0.8907926057166211, 0.5005419709314828, 0.37492335479271544], [1.0633528037498663, 0.043510170296861064, -0.26775647635273203]]","tensor(-6, dtype=torch.int32)",
"['Bi', 'Bi', 'Bi', 'Bi', 'Bi', 'Bi', 'Bi', 'Bi', 'Bi', 'Bi', 'Bi', 'Bi', 'Bi', 'Bi']","[[-1.184315, 0.575667, 1.611124], [1.425313, -0.751453, 1.316323], [-1.425375, 0.75156, -1.316471], [1.184377, -0.575774, -1.610976], [3.970174, 2.375201, -0.630251], [6.225584, 4.128261, 0.075598], [3.436431, 1.912011, 2.226396], [5.691954, 3.665328, 2.931981], [0.458788, -6.354474, 3.321596], [2.899338, -5.670618, 4.816379], [0.111145, -3.524166, 2.594712], [2.551949, -2.840593, 4.089556], [-3.819385, 0.149563, 3.704601], [-3.820333, 1.633453, 6.147205]]",[-81777.6484375],"[[-0.5035825592064804, 0.5627895954945618, 0.44789834756821345], [0.48832115091336864, -0.10993647229236576, 0.04003323986377977], [-0.3609132516760588, -0.08871112981805639, -0.15719404293958925], [0.21220447091191172, 0.1717966828174973, 0.009343779705379966], [-0.23443629798467414, -0.3270555067626462, -0.04378407520985957], [0.1677561919717687, 0.17371015026720021, 0.21962838111718733], [-0.33918957771226854, -0.2681498553533025, -0.10947238791587578], [0.3323196891216526, 0.27929986173639976, -0.10136785490647592], [0.1717973513046878, -0.38106160986436194, 0.17537602034595584], [-0.11292949513265381, -0.21706473274157423, 0.037594716863603016], [-0.169068740859293, 0.1854439516559807, -0.015971166854324016], [0.05957213313828407, 0.12699863081044183, -0.1007288839965297], [0.16754448722074275, 0.39727252707845845, 0.4183314162423304], [0.11943690939973761, -0.5032078978472443, -0.8231710126290172]]","tensor(-6, dtype=torch.int32)",
"['Bi', 'Bi', 'Bi', 'Bi', 'Bi', 'Bi', 'Bi', 'Bi', 'Bi', 'Bi', 'Bi', 'Bi', 'Bi', 'Bi']","[[-0.132997, 1.449368, 1.487064], [0.803479, -1.337922, 1.37597], [-0.803483, 1.33802, -1.376136], [0.133002, -1.449466, -1.486898], [-5.505358, 2.067149, 0.556371], [-5.392207, -0.116458, -1.412732], [-3.769474, 3.707343, -1.163026], [-3.656607, 1.523476, -3.132122], [2.576219, 7.201965, -3.09059], [-0.257425, 6.832227, -3.792067], [2.815552, 4.321143, -2.539734], [-0.018254, 3.951672, -3.241435], [2.480565, -2.871114, -3.497066], [1.653389, -0.38418, -4.636883]]",[-81777.1640625],"[[-0.16325408500994584, 0.15680431490752078, 0.36977626053623175], [0.14428848635002453, -0.051793461923212956, -0.07808110362499417], [-0.2829585949742545, 0.8890442546029746, -0.49103587739403737], [0.5082145069495373, -1.2022850107748684, -0.3835336240727833], [-0.0412094122222305, -0.047155688057180296, 0.0014396211033478], [-0.07163313329577435, 0.02886149222036335, 0.02199752745469714], [0.21504667275760198, 0.12599456305029297, 0.11533903149980815], [0.13922397597261488, -0.16475345035617242, 0.017823961378174248], [-0.09003535152036886, 0.052966759786744484, -0.0718096139140695], [-0.0006014497523846119, 0.44618784311396825, -0.031305260273881044], [-0.0020995588569139604, -0.22229178835046146, 0.06356130473661799], [0.018772051049431478, -0.29342869846250963, -0.07765080356267082], [-0.19335020108025644, 0.11465969424797331, 0.23849746051121704], [-0.18908335018740222, 0.16872292729343205, 0.3227153279672019]]","tensor(-6, dtype=torch.int32)",
"['Bi', 'Bi', 'Bi', 'Bi', 'Bi', 'Bi', 'Bi', 'Bi', 'Bi', 'Bi', 'Bi', 'Bi', 'Bi', 'Bi']","[[-0.059102, -1.484491, 1.456883], [-1.908814, 0.617274, 0.551641], [1.90895, -0.617332, -0.551765], [0.058966, 1.484548, -1.456759], [-0.200614, -1.35435, 4.820863], [0.541343, -4.137532, 4.219439], [2.640771, -0.589411, 4.785396], [3.382458, -3.372817, 4.183813], [-3.115586, -6.760284, -1.413307], [-2.073319, -4.015153, -1.22291], [-1.212269, -7.626341, 0.657247], [-0.170232, -4.880926, 0.847523], [-1.334067, 6.65303, 1.722286], [-1.297073, 3.805487, 1.480684]]",[-81777.2109375],"[[-0.02498129431850118, -0.1742139324983883, 0.18581681324201163], [-0.8374355008327095, 0.07279239292830512, -0.31016489234207384], [0.3937038853450481, -0.11190017912554023, -0.0123394353567568], [-0.19923515092879052, 0.4410666655916399, 0.16454899612005897], [-0.06463412383320642, 0.156568596039728, -0.04951058845203317], [0.07941314148522648, -0.29015825343815915, 0.12188012723687541], [0.12107717127688747, 0.06479718328559975, 0.013025467764915052], [-0.0029098527493700553, 0.011628735771268663, 0.034969917336685544], [-0.005063299901373927, -0.1465171712210996, 0.05008768315918377], [-0.0759721293831123, 0.251176297099015, -0.122004054477578], [-0.16876555620735006, -0.36454226294498154, -0.05280277473670276], [0.2634553783468869, 0.3041628029689254, 0.082289539021816], [-0.2688555721381167, -0.29849783682816133, -0.21931907723634664], [0.7962536045716821, 0.07280031193040812, 0.12920942079364778]]","tensor(-6, dtype=torch.int32)",
"['Bi', 'Bi', 'Bi', 'Bi', 'Bi', 'Bi', 'Bi', 'Bi', 'Bi', 'Bi', 'Bi', 'Bi', 'Bi', 'Bi']","[[-0.778161, 1.918878, 0.205154], [1.622308, 0.530783, 1.18966], [-1.622393, -0.530854, -1.189817], [0.778246, -1.918806, -0.204996], [-1.615524, 3.958893, 2.802299], [0.517041, 4.214354, 4.813572], [-1.351472, 6.818406, 2.159397], [0.781281, 7.073545, 4.17077], [2.87765, 4.966895, -5.401516], [3.649874, 3.965843, -2.744473], [0.295426, 3.573699, -5.175721], [1.067923, 2.572843, -2.518489], [2.98551, -1.80159, -3.102569], [3.845808, 0.800327, -3.91384]]",[-81777.8359375],"[[-0.1288193328069383, 0.5597896306719108, 0.12599949957108442], [0.14444876900947265, 0.09623207351013936, 0.14604763610290236], [-0.16036997415961965, -0.38656639618986105, -0.2382562394796254], [0.1924384873965814, 0.05655818150672384, -0.4371637802629735], [-0.07933081471661037, -0.05928566066610393, 0.06063615905721268], [0.06645904244121231, -0.13573591265670698, 0.10006353355360406], [-0.09292840981462959, 0.14720483885177005, -0.08115485914905943], [0.11099931550318809, 0.09109392669759023, 0.02470911204557053], [0.08713457991237146, -0.05470940304822584, 0.11239614519880849], [0.5624846624915052, 0.32195386963511735, 0.11839360658371485], [-0.11888792715005263, 0.11468689653441799, -0.3805381843941911], [-0.25398558880609545, -0.7795820482612313, 0.3729932265853413], [0.26778018193694936, 0.4647417565087174, 0.21116173373889635], [-0.5913257709947671, -0.4275381303626097, -0.12570037726437613]]","tensor(-6, dtype=torch.int32)",
"['Bi', 'Bi', 'Bi', 'Bi', 'Bi', 'Bi', 'Bi', 'Bi', 'Bi', 'Bi', 'Bi', 'Bi', 'Bi', 'Bi']","[[-1.161322, 0.713615, 1.572196], [-1.559632, 0.378956, -1.323951], [1.559768, -0.379064, 1.324034], [1.161186, -0.713506, -1.57228], [3.137435, -3.416198, 1.7485], [2.630997, -5.521838, 3.740512], [5.816069, -4.529437, 1.253038], [5.309262, -6.635159, 3.24513], [0.622344, 3.086751, 3.037581], [-1.45024, 4.01717, 1.167546], [2.144249, 5.564072, 2.583107], [0.071313, 6.494336, 0.713108], [-2.919705, 6.473085, 2.928612], [-4.286219, 6.265966, 0.427015]]",[-81777.9453125],"[[-0.4370775968374891, -0.2723680095254325, -0.026114477808392836], [-0.0685431283907705, 0.059398686423392015, 0.023219845998129818], [0.2740263205567262, 0.019179704822623943, 0.17908931242297468], [0.09786673037930724, -0.029486990542316172, -0.07229236450980223], [-0.08751392068194115, 0.01986492990394442, -0.0938574527431664], [-0.10934419264157223, -0.08888143978536217, 0.14253062214943615], [0.2872051855630271, -0.08731306599223812, -0.05153033508060917], [0.001261900698424719, 0.028045660168644328, -0.04289837082010458], [0.6196865971626919, -0.24978203850797354, 0.23992617190361568], [-1.1848878887522543, 0.3748227731815892, 0.37003727907308087], [0.2731520935778114, -0.012041428909435757, 0.028248988260952252], [-0.26414026918461214, 0.6300450632901317, 0.40391477006965937], [0.809906169885598, -0.5448288873482546, -1.0861831839685947], [-0.20378286928584294, 0.14567019795072103, -0.008346551083410956]]","tensor(-6, dtype=torch.int32)",
"['Bi', 'Bi', 'Bi', 'Bi', 'Bi', 'Bi', 'Bi', 'Bi', 'Bi', 'Bi', 'Bi', 'Bi', 'Bi', 'Bi']","[[-1.872234, 0.776533, 0.470587], [-0.806556, -0.926896, -1.679058], [0.806655, 0.926903, 1.679223], [1.872134, -0.77654, -0.470752], [-7.055472, 3.002435, 0.465729], [-4.209974, 3.07916, -0.279637], [-7.795402, 3.74901, -2.282905], [-4.949659, 3.825534, -3.028052], [-3.814006, -1.691912, -6.442081], [-3.210379, -4.549654, -6.08535], [-3.548057, -1.27383, -3.541333], [-2.944296, -4.131764, -3.184909], [3.471612, -4.014526, -4.469982], [4.289524, -2.396292, -2.260778]]",[-81777.421875],"[[-0.15645006811864107, -0.12226682136554075, 0.10002244730243336], [-0.2950769821859457, -0.1937556642723477, -0.40304943911258756], [0.24388695850739864, 0.19345273673086263, 0.2941828548575902], [0.7367885836501548, -0.33716735253887853, -0.1706625685877481], [-0.18768436076393555, -0.06642926905018874, 0.09037206337602054], [0.11118268668175466, 0.18110618969884063, -0.08982359534725132], [0.07133174841703664, 0.022659072662846027, 0.021339818334579968], [-0.006039200696640112, -0.03745741473688103, -0.08289241162347456], [-0.034954146181198624, -0.015546451231146022, -0.14305384193124066], [-0.03804391454458122, -0.040904525499056335, -0.09983619648673843], [-0.22844984092736542, 0.03660573120291394, 0.05197503332857431], [0.06939411258429214, 0.04739907910103652, 0.06401520753897556], [0.19655724266569147, 0.6928031549563038, 0.9190649858870322], [-0.48993909560277366, -0.3747023426431139, -0.5537228523075575]]","tensor(-6, dtype=torch.int32)",
"['Bi', 'Bi', 'Bi', 'Bi', 'Bi', 'Bi', 'Bi', 'Bi', 'Bi', 'Bi', 'Bi', 'Bi', 'Bi', 'Bi']","[[0.92513, 0.237267, 1.848663], [-1.76916, -0.536868, 0.954332], [1.769305, 0.536845, -0.954457], [-0.925274, -0.237245, -1.848537], [-3.842516, 1.514243, -2.269142], [-5.810862, 0.716826, -4.305819], [-5.253172, 4.071382, -1.907276], [-7.221558, 3.273588, -3.944022], [-5.971079, 7.311043, -2.242269], [-4.416829, 9.800365, -2.456504], [-7.367607, 8.386029, 0.114418], [-5.813204, 10.875435, -0.100161], [1.382045, 3.395579, 3.023211], [4.186372, 3.319026, 2.477195]]",[-81777.9140625],"[[0.36956388729801526, 0.5070906771381036, 0.4302386643460029], [-0.4230516042945348, 0.02485121699564588, -0.18598496348147117], [0.24094849450627467, 0.29491155731733976, -0.04641744679944307], [-0.22295559613063973, -0.16510764572296058, 0.0421112425799043], [0.3178789259880315, -0.6061445893456684, 0.10474381806274412], [0.044263653062541965, -0.07973046721235331, -0.177420768395457], [-0.12967551063170932, 0.3972602886206629, 0.08063714153105375], [0.002830041549473925, 0.07216663749589441, 0.09347188990051576], [-0.1942076130352253, 0.01802533543100222, -0.08940471098925826], [0.11683705987165371, 0.12505996653586576, -0.04771770580708028], [-0.066411939805327, -0.0063048626483586945, 0.09682394178420027], [0.01656361619801976, 0.026953562929923364, -0.005742459232771883], [0.9085142011370915, -0.6251841329732786, -0.48245095920511744], [-0.9781546255400414, 0.02200414547788321, 0.1841467779738382]]","tensor(-6, dtype=torch.int32)",
"['Bi', 'Bi', 'Bi', 'Bi', 'Bi', 'Bi', 'Bi', 'Bi', 'Bi', 'Bi', 'Bi', 'Bi', 'Bi', 'Bi']","[[1.521406, 0.127908, -1.413746], [1.249735, -1.103214, 1.244984], [-1.249897, 1.103248, -1.245083], [-1.521244, -0.127943, 1.413844], [0.314424, 4.0833, -1.91931], [2.718077, 4.065863, -0.222118], [-0.371499, 6.764855, -0.919994], [2.03244, 6.747181, 0.777096], [-3.209779, 5.842123, -7.19882], [-1.651346, 6.174813, -4.725175], [-1.887435, 3.25839, -7.684197], [-0.329145, 3.591318, -5.210285], [1.732659, -1.269657, -4.459827], [3.58622, -0.277872, -6.396039]]",[-81777.734375],"[[0.4982716341662297, 0.506169656055853, -0.49304067047838257], [-0.0211384802772161, -0.3257055740145448, 0.18081272382220592], [-0.22851283298954825, 0.11796968286074717, -0.20220565089296746], [0.07241526330867326, 0.04115080132225008, 0.03114407772783031], [-0.13776317719507164, -0.31856412535830625, 0.06620712561457248], [0.24084019958141176, -0.28597439780111156, 0.15079302097997999], [-0.25033868264930365, 0.2736074361987331, 0.013921965651692233], [0.05211767821061123, 0.10703086700776003, 0.003727602845104937], [-0.10898896883295253, -0.1369555932468417, -0.17448574967446875], [0.20869054228394016, 0.0656623085543053, 0.25702036638474474], [-0.24021408419436, 0.04313417710545307, -0.31620611392691295], [0.20227975012693114, -0.06762169593178723, 0.08709169388799554], [0.3183342171868617, 0.17543726405702506, -0.3882847168020261], [-0.5998114445469419, -0.21192915703360396, 0.8013135383829414]]","tensor(-6, dtype=torch.int32)",
"['Bi', 'Bi', 'Bi', 'Bi', 'Bi', 'Bi', 'Bi', 'Bi', 'Bi', 'Bi', 'Bi', 'Bi', 'Bi', 'Bi']","[[-0.9668327379046897, -1.6442757860500434, -0.8314483121972974], [1.131250659526678, -1.270831446555498, 1.1975659909815486], [-1.1313676449373453, 1.27098060996108, -1.1976003667306505], [0.9669497233153576, 1.6441266226444629, 0.8314826879464001], [1.7076783780316946, -0.5794250117589702, 5.666825395997066], [0.47274514216469476, 1.1198565114541486, 7.7273340389295715], [-0.5243353976232448, 0.011247100987057279, 3.8422487662920473], [-1.759037547667658, 1.7106692537591934, 5.9030318006780105], [-5.825880170770612, 1.2899752870902512, 0.8534360686351877], [-7.637478017851188, 2.564681584141301, -1.0834559666867154], [-3.6451036868885787, 3.0622085124026697, -0.02021273929673162], [-5.457079852502187, 4.336887001696578, -1.957037174202902], [5.968591968463425, 1.4341504248267325, -2.082326836003438], [4.202639638362516, 1.580200668855077, 0.1600660194584299]]",[-81777.765625],"[[-0.018528572588019574, -0.011250731976079977, -0.005929532801932057], [0.39447706791401244, -0.16851775314803646, -0.05563350945597116], [-0.2862232293022567, 0.002868724332084269, -0.4672063659359516], [0.43610607926130895, 0.25460352808058634, 0.22436348157594935], [0.07773606139050687, -0.1409566433483301, -0.1192916419910302], [-0.09022499619410793, 0.10403589012799203, 0.048574331004048], [0.05707096260393804, -0.0856142343527811, -0.2572993312315545], [-0.19096930681811097, 0.231196140572263, 0.39187680700919597], [-0.015419011861588668, -0.1373797740802673, 0.02759682244230717], [0.036491193636133464, 0.07377542905299865, 0.03621375602544355], [0.148774806729733, -0.03689720704460459, 0.23055454713564633], [-0.10321941015791912, 0.07859115935135474, -0.21768298054861457], [-0.3923474219913163, 1.911502097362818e-05, 0.28148864306441046], [-0.05039807718836592, -0.17226683500079346, -0.11842003753878587]]","tensor(-6, dtype=torch.int32)",
"['Bi', 'Bi', 'Bi', 'Bi', 'Bi', 'Bi', 'Bi', 'Bi', 'Bi', 'Bi', 'Bi', 'Bi', 'Bi', 'Bi']","[[-1.53215, 1.179041, 0.769475], [1.271107, 0.66982, 1.504837], [-1.271158, -0.669855, -1.505019], [1.532202, -1.179006, -0.769293], [-2.108124, 2.429083, -2.90854], [-3.061727, -0.000228, -4.267732], [-0.181942, 2.890455, -5.084963], [-1.135899, 0.461019, -6.444066], [5.42545, 1.701933, 4.892905], [5.305313, 2.066204, 1.975511], [2.914139, 3.208032, 5.184185], [2.794199, 3.572052, 2.266574], [0.353989, -3.96857, -5.755657], [0.949167, -3.581561, -2.987222]]",[-81777.3359375],"[[-0.2939129402988982, 0.38217716071905156, 0.647963605321345], [0.051528895262044995, 0.5929764201344156, 0.4894528483048136], [0.00864694865799037, -0.10643920442206545, -0.5307171227565486], [0.4241381530895746, -0.7003442046861937, -0.6580557050144115], [0.21880711889259769, 0.08250618029363342, 0.21073091945565722], [-0.22130067895739017, -0.1867007075741431, -0.36931428446549647], [0.004597286682228855, 0.19199970268914768, 0.05868777600732842], [-0.08114945982944376, -0.2756528527354248, 0.007261724928439101], [-0.034143302072362644, 0.019891319721342168, 0.002941037676807435], [0.08475373707231755, -0.0828345617704495, -0.05194911659441907], [-0.0038822907809893882, -0.03145341246192595, 0.09861358483738376], [-0.16949832101233425, -0.07831558836258912, -0.153345716450087], [0.11360502714971188, 0.2913051203466197, 0.5231596179573538], [-0.11774913350996981, -0.1012147199177571, -0.2795519842514059]]","tensor(-6, dtype=torch.int32)",
"['Bi', 'Bi', 'Bi', 'Bi', 'Bi', 'Bi', 'Bi', 'Bi', 'Bi', 'Bi', 'Bi', 'Bi', 'Bi', 'Bi']","[[-1.60742, -0.723945, -1.105359], [-0.971049, 1.827489, 0.215069], [0.971196, -1.827603, -0.215115], [1.607272, 0.72406, 1.105405], [1.047332, -5.818816, -2.729055], [2.944732, -6.91053, -4.695358], [3.135064, -4.00629, -1.721095], [5.032316, -5.098174, -3.68771], [-1.657297, -3.981513, 5.080259], [0.906944, -2.889195, 6.023563], [-1.858204, -1.806443, 3.108314], [0.706276, -0.714367, 4.0518], [0.327421, 0.530019, -3.555913], [-1.60538, 2.594197, -3.141556]]",[-81777.828125],"[[0.10381719197251148, 0.15852767488466046, -0.8138235048219978], [-0.3853769517895741, 0.3164547911617834, -0.09698576710639573], [0.21778397353647347, 0.033107064651722695, 0.2599051457222614], [0.20624413627712457, -0.051586230894154275, -0.015557368141187997], [-0.11732428418935373, 0.03244802369943365, 0.06411743465703232], [0.03693086280354229, 0.048071525792599906, 0.022219850867633926], [-0.07032058440825004, 0.10458518091022649, 0.15583243737669966], [0.22511984912096777, -0.15770764679026866, -0.2679711121629779], [0.12412706695046062, -0.03362250941328062, 0.17884109798692846], [-0.06963404806359433, -0.3556007839730608, 0.3256254583958665], [0.06566004598227587, 0.20506945001712043, -0.3649243290854049], [-0.01173651647521581, 0.16252445695254789, -0.2797578783060836], [-0.41044563281050267, -0.7393319202995946, 0.42511368158889773], [0.07997045411374709, 0.2769663272205975, 0.40056266676388325]]","tensor(-6, dtype=torch.int32)",
"['Bi', 'Bi', 'Bi', 'Bi', 'Bi', 'Bi', 'Bi', 'Bi', 'Bi', 'Bi', 'Bi', 'Bi', 'Bi', 'Bi']","[[-0.13903, 2.074324, -0.086984], [-1.025102, -0.144314, -1.804784], [1.025136, 0.144274, 1.804969], [0.138997, -2.074284, 0.086798], [2.692796, 3.005407, -4.838006], [2.619255, 2.368481, -1.966207], [4.616683, 5.168388, -4.308829], [4.543029, 4.531108, -1.43693], [6.743476, -2.115044, 3.55523], [3.967985, -1.407002, 2.881704], [5.784888, -3.690342, 5.84857], [3.009325, -2.982193, 5.17468], [-4.033438, 0.784707, -0.79881], [-2.907705, -0.088525, 1.678776]]",[-81777.8125],"[[-0.1368029210569471, 0.3089186265305933, -0.11619232968745079], [0.02972116674736164, 0.06837842343144668, -0.798743462245881], [-0.20436748704499136, -0.10009382116554341, 0.1809276007747908], [-0.007468092066359279, -0.19383372300736287, 0.09406401528503457], [-0.17461785302773222, 0.11081815547455937, -0.3118184211188507], [-0.18581331653978433, -0.4384142626859634, 0.29691172241344294], [-0.0032707674408646785, -0.19017149306728084, 0.1440310159374943], [0.13348748170246602, 0.3734554597665345, 0.09579123191904255], [0.22015931421272852, -0.06926242060776129, 0.07109582386087752], [-0.15182465098121456, 0.016054054123738334, -0.05789109354251297], [0.014393413671696165, 0.017699782169222928, -0.04307034172096834], [-0.07969637436563722, 0.02793401766561968, 0.013423078803622366], [0.4123025873815615, -0.16734054720554503, 0.21879560034408424], [0.13133207331188937, 0.23838998833981934, 0.2211880645768347]]","tensor(-6, dtype=torch.int32)",
"['Bi', 'Bi', 'Bi', 'Bi', 'Bi', 'Bi', 'Bi', 'Bi', 'Bi', 'Bi', 'Bi', 'Bi', 'Bi', 'Bi']","[[1.1360624115181024, 1.3608884665591743, 1.0895225918962825], [-1.7195746353154868, 0.6619834579419298, 0.9663052819789186], [1.7197005584171678, -0.6621159504307752, -0.9663661598309075], [-1.1361883346197843, -1.3607559740703303, -1.0894617140442946], [4.503525038142036, -1.3144118109918101, 2.6254417516213846], [1.6017988444070919, -1.3189294641239147, 3.1135793830171714], [4.534463454042371, -4.25277638380504, 2.78328778043649], [1.632538546505333, -4.256984668757965, 3.271310206994842], [-4.1686914255608425, -7.290844467640753, -3.900193516355391], [-3.482926763875738, -6.539393081970986, -1.139149999215377], [-3.980031003708468, -4.469362619325036, -4.714752502559829], [-3.294119969113631, -3.71818643592533, -1.9534824756366937], [1.9910804762577523, 4.543931204218598, -3.806661770088078], [1.4240095930351762, 3.8655052964633305, -1.0888661697377477]]",[-81777.3515625],"[[0.175896360490632, 0.07301417640928035, -0.2841526673627835], [-0.2850960570548705, 0.18261229133906393, 0.09848317841314237], [0.12152253801204313, -0.054713156860911015, 0.004180016977911333], [0.3147142562060567, 0.21238779066838673, -0.10972703011336923], [0.03658265811042296, 0.054903778554390055, -0.05489210573960189], [0.0034296267368179242, 0.10036712958227961, 0.08232933972069724], [-0.002429566300265724, -0.04624872063255787, 0.02995762609327317], [-0.010580157048650025, -0.1635648287093507, 0.0009637219870968896], [0.0330561002167599, -0.017568902661739015, -0.011393042614521643], [-0.05965363715343494, -0.18424149746652455, 0.10589371887460773], [-0.07885294921957751, -0.01592280437719506, -0.19786464934405798], [-0.15383247796896282, -0.08541821333968638, 0.0350261011139435], [-0.15893771464290213, -0.34699951355901903, 0.6036434188113223], [0.057216024324279115, 0.2966047839488148, -0.30612033915111053]]","tensor(-6, dtype=torch.int32)",
"['Bi', 'Bi', 'Bi', 'Bi', 'Bi', 'Bi', 'Bi', 'Bi', 'Bi', 'Bi', 'Bi', 'Bi', 'Bi', 'Bi']","[[0.931869, 1.77738, -0.549777], [1.54216, -1.081731, -0.883463], [-1.542344, 1.081778, 0.883494], [-0.931685, -1.777428, 0.549746], [3.139631, -5.567077, 3.335334], [4.261078, -6.538101, 0.794117], [1.05997, -4.100885, 1.857111], [2.18163, -5.072229, -0.684094], [0.592289, 4.971069, 2.17783], [1.236057, 5.088628, -0.690978], [2.233291, 7.368886, 2.644142], [2.876818, 7.486268, -0.224908], [4.844297, -0.620774, 0.013227], [5.241869, -1.478534, 2.710342]]",[-81777.3203125],"[[-0.09130727695554668, 0.26824339213788256, 0.08919516596607857], [0.5040149161524669, -0.41553616276625066, -0.25810192723690134], [-0.03132523775645903, 0.1269130130279647, -0.09686291972961628], [-0.14827632097397744, 0.05559777110232456, 0.07762930912839129], [0.3385623824612937, 0.04498128948818395, 0.14957220910383054], [0.08854652770291573, -0.048418671190632735, 0.006239371472525161], [-0.0018774462745526478, -0.1985481517853106, -0.02402585643035748], [-0.03999062123428006, 0.10822190549288592, -0.010289339409731563], [-0.07003200363031521, -0.13144093387975964, -0.0445929035727057], [-0.061234043715988215, 0.1463158023104808, -0.043517924748271], [0.09025836913154194, 0.11765271708826136, 0.0063023738191263275], [0.12857615773586673, 0.30488338073820564, 0.05011895807528141], [-0.4930497721885918, -0.5582407972735863, 1.1099535600213661], [-0.21694522780074732, 0.1682049011428769, -1.0194861600875602]]","tensor(-6, dtype=torch.int32)",
"['Bi', 'Bi', 'Bi', 'Bi', 'Bi', 'Bi', 'Bi', 'Bi', 'Bi', 'Bi', 'Bi', 'Bi', 'Bi', 'Bi']","[[0.643996, -1.218691, 1.558774], [1.635415, 1.250264, 0.301928], [-1.635603, -1.250305, -0.301949], [-0.643809, 1.218732, -1.558753], [-1.508523, -0.792413, 7.026668], [-1.611877, -0.946499, 4.090022], [-1.502929, -3.73115, 7.180478], [-1.60616, -3.884927, 4.243635], [3.343691, 0.433223, 9.095991], [0.925359, 1.50128, 7.804001], [3.069275, 2.418735, 11.25059], [0.650754, 3.486559, 9.958358], [3.563533, -4.142301, -0.307926], [3.406618, -2.992174, 2.303746]]",[-81777.34375],"[[0.29789640404506695, -0.014099238170197672, 0.581506722607979], [0.1924855386103751, 0.1678540482120413, -0.012002708074477645], [-0.15900836859673007, -0.26563567502978724, -0.20330711209456476], [-0.03662009853530078, 0.009618939317412974, 0.06708186681440308], [-0.023309305010847783, 0.06185609675780532, 0.5253250022336965], [-0.010506680021994452, 0.09932526658482105, -0.5450078362269455], [0.019810972703251797, -0.049040492833037734, 0.1970081629867375], [0.059872900951922846, -0.016744745373393537, -0.2390796614320613], [0.08515416089943419, -0.10438566319490448, -0.023628245391650166], [-0.02924440682529772, -0.08711740493378445, -0.19163871960627127], [0.007234656339432528, 0.024990894822998766, 0.04624015885431016], [-0.05468364058034534, 0.1508219716175383, 0.14255031681051047], [0.1282402172115887, 0.14760783378346554, 0.795045185419603], [-0.4722670196564929, -0.13329706569735328, -1.1501203841946468]]","tensor(-6, dtype=torch.int32)",
"['Bi', 'Bi', 'Bi', 'Bi', 'Bi', 'Bi', 'Bi', 'Bi', 'Bi', 'Bi', 'Bi', 'Bi', 'Bi', 'Bi']","[[1.3013272490773358, 0.9029624097231553, -1.3494150499258066], [1.2037809150386924, -1.6968129051510117, 0.025345541838648455], [-1.2039468916421268, 1.6969088407861557, -0.02536464997885335], [-1.3011612724739028, -0.9030583453582999, 1.3494341580660125], [-4.186551778179194, 5.233010061908114, -0.9974206272046262], [-3.6733458461715136, 3.469313682380316, 1.30134173806384], [-7.078564654125792, 4.775812178160274, -0.7023095674142763], [-6.565024171675615, 3.0121609885996206, 1.5966385446396123], [5.930850520212271, 0.8752749203517574, -1.0000642927762573], [3.991798688734736, -0.10963331143714372, -2.982070203357777], [5.116018391541611, 3.6431626257022813, -1.578601387360911], [3.176847624748561, 2.657889643053197, -3.5605715320268274], [-0.6442748034520875, -4.452983658474937, -0.3055320463878376], [-3.007165759947239, -5.529104511381033, -1.5000839547828155]]",[-81777.609375],"[[0.39591889193976343, -0.08875504428426385, -0.7821593234911126], [0.06938567936127338, -0.6807637006551847, -0.044033955721672915], [-0.7751710612456845, 0.20557210096229378, 0.6950960660197596], [-0.3025524173269823, 0.08359961964894456, -0.02967051598715748], [0.06689289062785453, 0.12533615458973033, -0.13082134909833829], [0.1936526658229173, -0.019655091774842738, 0.09513493176423461], [-0.023082009081655426, 0.002151722455052351, -0.04744871684603661], [-0.25169370618447123, -0.0942994256202779, 0.07891578701548563], [0.06680624440354586, 0.06452855427919713, -0.0262827823141271], [0.15605710049480323, -0.24726816671700777, 0.05285887623861419], [0.10488759423079576, -0.013700660396168692, 0.016052778855867204], [0.02614163381495509, 0.30828304947869123, -0.06507661093123372], [-0.10240555271451668, 0.011497496309143705, 0.0575527361799308], [0.3864427260596163, 0.3462502936847299, 0.12225627983676729]]","tensor(-6, dtype=torch.int32)",
"['Bi', 'Bi', 'Bi', 'Bi', 'Bi', 'Bi', 'Bi', 'Bi', 'Bi', 'Bi', 'Bi', 'Bi', 'Bi', 'Bi']","[[-1.923954, 0.792373, 0.016115], [-0.473269, -1.114538, -1.691959], [0.473335, 1.114564, 1.692138], [1.923888, -0.792398, -0.016294], [0.59216, 6.793058, 1.838735], [1.552229, 4.250018, 0.712002], [-1.549271, 6.877906, -0.177928], [-0.588993, 4.334639, -1.304431], [-3.787239, -0.910816, -2.308852], [-2.557837, -3.582531, -2.402786], [-2.680037, -0.308049, -4.967919], [-1.450788, -2.980036, -5.061626], [-0.569367, -2.327671, 1.662861], [-1.433317, -2.460502, 4.383925]]",[-81777.6796875],"[[-0.1961717312451324, -0.14069937862416618, -0.12397789146279331], [-0.10400519113932007, 0.09229180432089595, -0.5039128947227764], [0.4012154702164639, -0.13219807275615172, 0.47437727945066427], [0.8373717374391529, -0.03659479886624449, 0.23351589396752243], [-0.10436072348048922, 0.2760961625869173, 0.11985975325878216], [0.10773740654603954, -0.41060283014445603, -0.06898067896800632], [-0.03730397635782192, 0.19097820283995395, 0.0629819320308105], [-0.10796505214545463, -0.3037732806252233, -0.043962196192876044], [-0.6010322050009997, 0.05554768598512774, -0.19751528765387816], [0.08783505164384475, -0.12836753831033543, 0.022723180584416115], [-0.022292592558379933, 0.08034686382409685, -0.1692907814507261], [-0.053614009653434734, -0.22690064757439987, -0.2221271348132292], [-0.23577208965759164, 1.0184628604651613, 0.15035968701425353], [0.018492623403797506, -0.338716185937203, 0.2723432754993836]]","tensor(-6, dtype=torch.int32)",
"['Bi', 'Bi', 'Bi', 'Bi', 'Bi', 'Bi', 'Bi', 'Bi', 'Bi', 'Bi', 'Bi', 'Bi', 'Bi', 'Bi']","[[1.9936723935901475, -0.45921020731635553, 0.37961964130363696], [-0.5889911826082677, -1.7173133366627393, 1.0162820541166235], [0.5889956622361886, 1.7174347192743817, -1.0164315974030818], [-1.99367687321807, 0.4590888247047137, -0.37947009801717924], [2.744088873273099, -6.712152889125381, 0.6060858717574453], [2.4102353572328115, -3.812267049094859, 0.9769195331206182], [1.685163459043478, -6.483979134116343, -2.1300560510562647], [1.3515239354862991, -3.5839245242209756, -1.7589500077004898], [-2.7040844882277426, -4.263182423750967, 1.6337378523521775], [-3.609941630262362, -6.625789438177253, 3.1356781285917443], [-3.5554040628089294, -2.5268764513405957, 3.8519252811466838], [-4.461106428811087, -4.8898231672115395, 5.353770083262673], [-1.1392535050517425, -3.1351679104476773, 7.664945659830292], [-3.6423463307631643, -4.22097451885753, 8.51570669514015]]",[-81777.2265625],"[[0.3228027969449758, 0.16826953871199024, 0.09277280656551505], [0.14961854040834216, -0.11263201833287602, 0.1469313247466675], [-0.13114052602076193, 0.18721199743070152, -0.09158145954783971], [-0.27540001031113653, 0.2375871352240146, -0.20469458296951798], [-0.0539758154897764, -0.20875559122978615, -0.15861694363563958], [-0.03567391148143194, 0.002462527346746202, -0.19573376929116396], [0.13163695489285437, -0.3584798040363208, 0.020633062823515846], [-0.046695727732434855, 0.2361202172175736, 0.4211993291338096], [-0.2419027342596846, -0.09299710972897758, 0.021507742316836553], [0.08375023495517606, -0.2687711370637459, -0.019420380780044856], [0.37737829686673297, 0.17780417151026137, 0.05870438534290806], [-0.3089654720560207, 0.01604378513205024, 0.36429944782855095], [-0.8327195808141058, -0.1930713904997214, 0.34981235339041833], [0.850937913639218, 0.21737316244685811, -0.8061914379900151]]","tensor(-6, dtype=torch.int32)",
"['Bi', 'Bi', 'Bi', 'Bi', 'Bi', 'Bi', 'Bi', 'Bi', 'Bi', 'Bi', 'Bi', 'Bi', 'Bi', 'Bi']","[[1.537166, 0.430273, -1.334803], [0.255897, 1.861006, 0.894471], [-0.255912, -1.861198, -0.894473], [-1.537151, -0.430081, 1.334805], [1.630646, -5.316761, 4.023254], [0.126762, -7.159152, 2.290557], [1.011034, -3.093884, 2.197123], [-0.492981, -4.9366, 0.464585], [4.802625, -3.751243, 0.946297], [7.402302, -2.586223, 0.209601], [3.57879, -1.076537, 0.856654], [6.178726, 0.088248, 0.119799], [3.875055, -2.346329, 5.451957], [4.777427, -5.032609, 5.080652]]",[-81777.6796875],"[[0.319330931587915, 0.15425732728957892, -0.1373138509588645], [0.013435661789431464, 0.10089898827546918, 0.10832377265630161], [-0.27886159124988186, -0.02215048760830458, -0.24446993075961657], [0.1291520851615385, -0.16664645181342738, 0.10573050515593968], [0.639677963705408, -0.41895763447356527, 0.671890304532513], [-0.10038574437943079, -0.5242826764374138, -0.05656635761928472], [0.15496088434654687, 0.847914294654441, -0.3030895210735128], [-0.08719052714800814, -0.11659640448306943, 0.07381101314037052], [-0.1128243883774687, -0.27480346262674205, 0.2764873304375499], [-0.026933297483632535, 0.14902687782264756, -0.046762057088361106], [-0.6787762368157012, 0.0017185967487968017, 0.16953040839747885], [0.5777467392718074, 0.21525164121463125, -0.1079859809367268], [0.18848258589149833, -0.47523073190458165, -0.3200609710220455], [-0.7350721142332864, 0.5306183923407192, -0.17203034480162702]]","tensor(-6, dtype=torch.int32)",
"['Bi', 'Bi', 'Bi', 'Bi', 'Bi', 'Bi', 'Bi', 'Bi', 'Bi', 'Bi', 'Bi', 'Bi', 'Bi', 'Bi']","[[1.800108, -0.545479, -0.889819], [0.282311, 1.962124, -0.631882], [-0.282346, -1.962262, 0.632011], [-1.800073, 0.545617, 0.88969], [2.659329, 4.207747, -0.110321], [3.707583, 3.134197, -2.641519], [0.36667, 5.361965, -1.549541], [1.415168, 4.288117, -4.080717], [0.108511, -2.058288, -3.532175], [-2.232384, -2.934104, -1.979285], [0.588248, -4.8365, -4.375532], [-1.752915, -5.712051, -2.822562], [0.497825, -5.282199, 3.102228], [1.928215, -4.487118, 0.759137]]",[-81776.9453125],"[[0.7944389189599003, -0.3988810101030132, -0.36993170951907156], [0.22841862771777766, 0.17105224519772494, -0.31112129182333], [-0.3430681918137101, -0.9675935563717851, 0.15714411208866713], [-0.7249789860983885, 0.3440010913991153, 0.3278400021917577], [0.07903580617722832, -0.04231296116074584, 0.1340532275540054], [-0.011367033320601573, -0.11854237069464955, 0.03929577507962537], [-0.14687758866096867, 0.3898633750134657, -0.0959628274386378], [-0.05359657756438985, 0.01777876650188649, -0.03242422555545142], [0.236911911739506, 0.2735933979677324, -0.05265858719191851], [-0.20280255853200302, 0.15431574278561133, 0.33039922826749507], [0.18306717116116147, 0.04010619752731041, -0.035120157261648514], [-0.07612536721601426, -0.1848734749720162, 0.12961920344143157], [0.1057967882319835, 0.10626781459083649, -0.16777562952238512], [-0.061653185184439165, 0.21061624819143862, -0.0586286406020139]]","tensor(-6, dtype=torch.int32)",
"['Bi', 'Bi', 'Bi', 'Bi', 'Bi', 'Bi', 'Bi', 'Bi', 'Bi', 'Bi', 'Bi', 'Bi', 'Bi', 'Bi']","[[-0.400665, -1.731349, 1.08241], [1.801462, -0.81883, -0.642774], [-1.801573, 0.818965, 0.642853], [0.400776, 1.731214, -1.08249], [-3.318554, -5.369987, -0.465458], [-2.361803, -2.8059, -1.546384], [-5.03876, -5.723354, -2.826789], [-4.08167, -3.159137, -3.907586], [-3.57918, -0.793776, 3.667747], [-4.96519, -2.14319, 1.450457], [-4.371776, 1.819951, 2.572264], [-5.757892, 0.470171, 0.355029], [-5.515437, -0.962221, -6.137437], [-7.451304, -0.48759, -8.185702]]",[-81777.09375],"[[-0.11605009618214648, -0.5639779600309257, 0.11813608474909304], [0.23352185893014543, 0.008968125899776387, -0.2300844977965333], [-0.3828984069755223, -0.016662176920947, -0.16624649078513495], [0.2858874430442534, 0.18831150459281884, -0.15567580568575357], [0.07998552078657939, 0.2377540513332762, 0.058055489969287326], [0.7267067683754038, 0.2682263714255703, 0.9145953776870865], [-0.12694047242486728, -0.16893010690039914, -0.06864160169614206], [-0.6846573814294585, 0.20379449067853952, -0.9621932083142806], [0.05000456449035735, -0.1909311516261602, 0.037798070666956736], [0.03089639293932734, -0.16360509220705616, -0.009143711773678072], [-0.226735222705794, 0.3574746564122488, 0.21435139465737804], [-0.11646034162875446, 0.10692735433741385, -0.06425190342650836], [-0.16202350293639659, -0.03502575658592992, -0.17333245500456101], [0.4074032961843914, -0.21775101197577207, 0.48777484261244564]]","tensor(-6, dtype=torch.int32)",
"['Bi', 'Bi', 'Bi', 'Bi', 'Bi', 'Bi', 'Bi', 'Bi', 'Bi', 'Bi', 'Bi', 'Bi', 'Bi', 'Bi']","[[0.0332, -1.817232, -1.013055], [-1.604339, 0.622509, -1.169394], [1.604514, -0.622493, 1.169473], [-0.033375, 1.817216, 1.012976], [2.454558, -4.749837, 5.898382], [2.720679, -2.060692, 7.062853], [1.594223, -3.560125, 3.348036], [1.860576, -0.870942, 4.512812], [-1.171691, -0.623161, 6.066844], [-1.3e-05, 2.075853, 6.095166], [-3.654772, 0.442753, 7.232174], [-2.482803, 3.141836, 7.260253], [-3.176895, -1.196899, 1.299922], [-4.982468, -2.307362, -0.617113]]",[-81777.5546875],"[[-0.26217640808516296, -0.2210744731765393, 0.14146417939220338], [-0.44833939484767654, -0.23220627613921802, 0.44059625629788574], [0.08730545552268461, 0.2277739489556663, -0.06700411661193739], [0.22633736998325626, 0.09668746755315269, 0.19489800603674937], [0.09734371628586906, -0.06099883906911118, 0.27013623932886277], [-0.006572890016289859, -0.1790134134158058, 0.17561415605205283], [-0.04242281931719274, 0.0775561869141676, -0.23693258342032028], [0.06533912070873857, 0.1649428893415452, -0.12948046663835458], [0.3703922457712427, -0.045546531403225864, -0.05122286182622864], [0.17121808144306347, -0.31061020765513786, -0.19042145585444067], [-0.4299383593311883, 0.28264682283301806, 0.15956717246590646], [-0.24249218569544134, 0.028538484352117165, 0.15441221062941135], [0.22702508903601826, -0.02096532152603689, -1.5100590843911224], [0.18947220404391382, 0.17788377290802387, 0.6456696658160577]]","tensor(-6, dtype=torch.int32)",
"['Bi', 'Bi', 'Bi', 'Bi', 'Bi', 'Bi', 'Bi', 'Bi', 'Bi', 'Bi', 'Bi', 'Bi', 'Bi', 'Bi']","[[-0.533403, 2.003494, -0.176657], [-1.248658, -0.473054, -1.595612], [1.248727, 0.473036, 1.595791], [0.533334, -2.003476, 0.176478], [2.712162, 1.690028, -1.208525], [1.952694, 3.49412, -3.405517], [3.873909, -0.188576, -3.153018], [3.114384, 1.615888, -5.349922], [2.875838, 9.602065, -4.211347], [4.061923, 9.573054, -1.518639], [2.503238, 6.686012, -4.078436], [3.689317, 6.657332, -1.385529], [3.859683, -2.843405, 0.045079], [3.560338, -3.501522, 2.810132]]",[-81777.6171875],"[[-0.04554538983279283, -0.1239310459373659, -0.4813502693348938], [-0.26576021933558874, 0.25760220735094796, -0.20415187421500547], [0.48656416088833704, -0.25678048232753414, 0.22008531782294796], [0.5367993277483752, -0.5754497144410254, 0.3421831147734724], [0.20023258523912582, -0.03406664716044756, 0.5760225565412025], [-0.31383128747157363, 0.38668754663761845, -0.3715845183865664], [0.0391537575471057, -0.4965091419773993, 0.17083185011322233], [-0.06368152958672699, 0.12481365471720791, -0.05192551385438485], [0.12431681446838283, 0.4790596208434674, 0.10472036958898463], [-0.04919656402318563, 0.21218837579724784, -0.11929822401875219], [0.05352798049422501, -0.2065932408568465, 0.053412383632358035], [-0.06574057297768676, -0.26572088143553174, -0.13659425020932425], [-0.5520660325169194, 0.3192074671460366, 0.428225438038639], [-0.08104615284746387, 0.17890501564675973, -0.5360120555263186]]","tensor(-6, dtype=torch.int32)",
"['Bi', 'Bi', 'Bi', 'Bi', 'Bi', 'Bi', 'Bi', 'Bi', 'Bi', 'Bi', 'Bi', 'Bi', 'Bi', 'Bi']","[[1.4657473339135398, -1.2605733133310555, -0.7695806483880763], [-1.4543594959159203, -1.420009216390311, -0.44420401280860056], [1.454438446485649, 1.4201849310155479, 0.4442011530852602], [-1.4658262844832701, 1.2603975987058198, 0.7695835081114174], [2.9624233536515114, 1.021730857812794, 3.4156930743605702], [4.545191308516264, -1.1627009019101209, 4.591030110256698], [5.120679881251766, 2.921857167636237, 4.041238983900898], [6.703363899782995, 0.7370665347522027, 5.216463624307155], [-1.4525062035674858, -1.414367056220667, 6.660531084688899], [0.540767908231043, 0.47104877378418447, 5.597338193919352], [-2.092366503876655, 0.47995089465838875, 8.819696945437128], [-0.09899489213807389, 2.365329734933298, 7.756133118660204], [7.6791457269457934, -2.1745437806817844, 6.67618425382531], [7.24308888039747, -4.511187872059956, 8.263065736798064]]",[-81777.4453125],"[[0.03355553728120965, -0.11755912888158972, 0.019199733727293514], [0.02146758680552342, 0.16128832129310824, -0.01117742464232661], [0.11488178626149799, 0.12478670954122112, -0.055618237094772545], [-0.06378133986647956, -0.11659409048894842, 0.08679298295801986], [-0.08418608860338982, 0.10102389253591175, -0.2971514522043788], [0.24646814181623977, -0.7229179886679488, 0.3131823406758613], [0.03152461148992462, 0.47788118077077807, 0.001651345394768558], [0.25855187053820744, -0.04153059460622567, 0.06169396290306039], [-0.2874745344787118, -0.20825412299271906, 0.0689503399339754], [0.017442280903437746, 0.02427733102700974, 0.04918748802402214], [0.015522740504719482, -0.06733558341424814, -0.007111017062442774], [0.04452757694756522, 0.19063434331357293, 0.03520954942564743], [-0.541210828984838, -0.5382694853465856, 0.1676711912543905], [0.18310481213219645, 0.7437475353033836, -0.4334324904539024]]","tensor(-6, dtype=torch.int32)",
"['Bi', 'Bi', 'Bi', 'Bi', 'Bi', 'Bi', 'Bi', 'Bi', 'Bi', 'Bi', 'Bi', 'Bi', 'Bi', 'Bi']","[[0.261014, 0.155251, 2.058515], [0.018334, 2.074459, -0.158704], [-0.018406, -2.074636, 0.158676], [-0.260942, -0.155075, -2.058487], [5.382945, -4.751198, 0.092525], [5.287557, -5.036657, 3.019594], [2.460535, -4.411272, 0.030629], [2.365471, -4.696656, 2.957892], [-3.059408, -1.516226, -3.335856], [-2.101466, -4.221279, -2.6852], [-5.363747, -2.673528, -4.753789], [-4.405568, -5.378615, -4.102831], [-2.190658, -1.495175, 3.843327], [-3.610056, -1.71956, 1.37286]]",[-81777.5546875],"[[0.07485806976907845, -0.03791648545944218, 0.7752497370457985], [-0.20723899948288096, 0.12278582453583588, -0.06255420307306604], [-0.6114518634174171, -0.4192910038932644, -0.0424406319297153], [0.2845327794637269, 0.06583380122971738, -0.1581243199983239], [0.31199305054184906, -0.06238579572314862, 0.04644153290713813], [0.09684466488710615, -0.035244465025828786, -0.07567850924020285], [-0.20240712264776944, 0.05919212388152384, -0.07447420385544988], [-0.15674831624979252, 0.0886180558323005, 0.060039868483276075], [0.04521789795816106, -0.06824441746079483, 0.32002410138238424], [0.0811259085115011, 0.21288637926832543, 0.1762023733576117], [-0.26858174950046476, -0.21703099984949917, -0.2657174875774876], [-0.08568344848804486, 0.11283626688062319, -0.09461263758007851], [0.15843305823615725, 0.34377267446832654, -0.5959835840498876], [0.48780291907444717, -0.1643609455311588, -0.016752520393640103]]","tensor(-6, dtype=torch.int32)",
"['Bi', 'Bi', 'Bi', 'Bi', 'Bi', 'Bi', 'Bi', 'Bi', 'Bi', 'Bi', 'Bi', 'Bi', 'Bi', 'Bi']","[[-0.678405, -1.437412, 1.34288], [1.923198, -0.187001, 0.771522], [-1.923355, 0.187098, -0.771576], [0.678563, 1.437316, -1.342827], [-0.704946, 6.137857, -4.576871], [-0.313605, 3.253949, -4.143003], [-3.479703, 5.90434, -3.625004], [-3.088, 3.020308, -3.191091], [0.218451, 6.988345, 3.657489], [0.20405, 7.330709, 0.735009], [0.342021, 4.068238, 3.314606], [0.327735, 4.410943, 0.391987], [-2.788395, 3.243394, -7.979313], [-4.881643, 4.307948, -6.350423]]",[-81777.6171875],"[[0.20399663092053197, -0.13850566077536405, 0.11585772613755378], [0.06923290432719562, -0.20637726807221957, 0.24393359834445974], [-0.18208979146654153, 0.2457124427584119, -0.23756394386071297], [-0.1701566780508053, 0.12324672074264803, -0.04292822648647467], [-0.010570613108453177, 0.073358807267035, 0.19079580868112736], [-0.2030360148277664, 0.008845335087297668, -0.25452351530609124], [-0.08804084285433926, 0.16168637970401228, -0.3820065422191963], [-0.05324443908126481, -0.3943219788858137, 0.013807551497931544], [-0.03208663952424292, 0.07098454645470309, -0.031658823148942784], [-0.013198883626552152, 0.4247653483405494, 0.02280714257554441], [0.10371301081497478, -0.2080387672731911, 0.06267777035912758], [-0.04835766916339394, -0.17943260630634833, -0.14541586428577705], [-0.6698940989374613, 0.2898221586476064, 0.3777019475111239], [1.0974348518267414, -0.2740092998444139, 0.07598174531423736]]","tensor(-6, dtype=torch.int32)",
"['Bi', 'Bi', 'Bi', 'Bi', 'Bi', 'Bi', 'Bi', 'Bi', 'Bi', 'Bi', 'Bi', 'Bi', 'Bi', 'Bi']","[[1.248991, -0.615767, -1.546146], [0.140107, 1.96496, -0.669483], [-0.140097, -1.965101, 0.669614], [-1.249001, 0.615908, 1.546015], [2.226522, 5.917983, 3.596171], [1.183624, 3.304503, 4.456635], [-0.181123, 6.33895, 1.957302], [-1.223883, 3.725325, 2.818095], [5.160002, -0.486175, -1.73791], [3.733816, -2.186551, 0.194195], [7.559675, -0.565843, -0.036417], [6.133187, -2.266419, 1.895557], [5.246236, -7.682417, -0.081803], [5.222157, -5.540109, 1.809806]]",[-81777.7265625],"[[0.012619500636326336, -0.1716126945738318, -0.20276954554921003], [-0.0921861319227035, 0.19129532287871448, 0.2019705490902736], [0.16337477265887904, -0.3218143615006666, -0.07992129459419867], [-0.04968028649644919, 0.14154948864213102, -0.03596539760754091], [-0.046186731301160786, 0.08426841537200593, -0.03161958295085973], [-0.08687366421970551, -0.0534920364522121, -0.026098259280709187], [0.11219513624283073, 0.10087008906000244, -0.008964104692215], [-0.0182613011248346, 0.0763607775512576, 0.09338822615751861], [-0.0730346938238199, 0.032068518379170886, -0.0062561145055429045], [-0.6749725447016885, -0.23628379089088267, -0.22717066497727512], [0.12659013371494748, -0.04446643608067916, -0.008059780363099671], [0.5843920161664115, -0.4146669237302189, 0.44007982423216957], [0.09024047424367286, 0.611459062510238, 0.47222341372283494], [-0.055941013563606624, -0.002145365656091498, -0.580019595719548]]","tensor(-6, dtype=torch.int32)",
"['Bi', 'Bi', 'Bi', 'Bi', 'Bi', 'Bi', 'Bi', 'Bi', 'Bi', 'Bi', 'Bi', 'Bi', 'Bi', 'Bi']","[[-0.695031, 0.478475, 1.902027], [0.330091, 2.017502, -0.386822], [-0.330163, -2.017677, 0.386786], [0.695103, -0.4783, -1.901991], [-1.472893, 5.385934, 4.968297], [1.258394, 6.212027, 5.686598], [-0.392841, 3.670578, 2.835014], [2.338501, 4.496806, 3.553671], [-1.255318, -0.833149, 7.916508], [0.088177, -3.274347, 6.971052], [-0.917065, 0.382413, 5.257965], [0.42636, -2.059111, 4.312702], [-4.784458, -2.367466, 0.088492], [-2.881164, -3.475861, 1.909804]]",[-81777.359375],"[[-0.3479536504682458, 0.04567025295556214, -0.02766596458664273], [0.10866238712934169, 0.18183221820982812, -0.036009805725827536], [0.17448569825237717, -0.5509306327348809, 0.4019220097547434], [-0.06759680763946355, -0.0630840048825925, -0.25699722644353473], [-0.07991399265719462, 0.04639148892761458, 0.11212715623776481], [-0.029633810898189217, 0.0387727095640956, 0.010973412636200698], [0.19550833484168673, 0.11029077050333708, -0.0122487627826776], [-0.020182846985124403, -0.043395061944864075, -0.045284916370114454], [-0.07393555744617204, -0.15688057386933074, 0.23098279031430655], [-0.03857878657233726, -0.11812487473312909, 0.2517501676410237], [0.054897556481309145, 0.26997971048209984, -0.006400147784052429], [0.007108111714268626, -0.07388475241969313, -0.33676800857568506], [0.3138118499209572, -0.4553219492409396, 0.7238651835948126], [-0.2109094055355239, 0.7616408805097237, -0.9900953494253311]]","tensor(-6, dtype=torch.int32)",
"['Bi', 'Bi', 'Bi', 'Bi', 'Bi', 'Bi', 'Bi', 'Bi', 'Bi', 'Bi', 'Bi', 'Bi', 'Bi', 'Bi']","[[-1.771217767869004, -0.09731534990861734, -1.0876727637427555], [-0.0064237664119549676, -2.0713728341134745, 0.1956482566017283], [0.006432706598634597, 2.0715541727953863, -0.19558381006958953], [1.7712088276823263, 0.09713401122670562, 1.0876083172106177], [4.2887560915983025, -6.945627860450219, 2.9194801642165675], [3.7810062610825996, -6.912791313694793, 0.02130392206177789], [2.0087222544557073, -5.1331507513893335, 3.3392793397399503], [1.5011090130020275, -5.100609555609908, 0.44089675023453134], [0.4551368003138041, 5.464749231315329, 0.24579704911050312], [2.3192178814827953, 7.382028692119302, 1.4736223020634918], [2.48881521212903, 4.776649890281282, -1.766795888206979], [4.352833890203339, 6.694025048024035, -0.538602646192084], [-3.9293245909519507, 1.2992503784762965, 1.1198569524851913], [-5.085246633466737, 3.803182833141596, 1.8697972956447295]]",[-81777.7890625],"[[-0.7047947867122556, -0.02131321254439759, -0.2740988771279425], [9.920416755915522e-05, -0.1280595199817842, 0.10762093550861573], [0.2061266367978692, 0.29217775324069556, 0.16796347442291895], [0.11012657976492903, 0.12422507745700798, 0.01657895026572827], [-0.019907939341340126, 0.018307467878653186, -0.03779762843696917], [0.22206830794046414, -0.1320565591601295, -0.015935212527892793], [-0.024884538510988322, 0.044576993577571514, 0.04755581877837493], [-0.15024835818598753, -0.008659248822295788, 0.002455745801308917], [-0.0789754880638075, 0.003542931716063279, 0.0279079003853073], [0.14086485491486367, 0.17030045421885695, 0.0570160438101329], [-0.12292471560518761, -0.21238470534289203, -0.030717032683903838], [0.01866176094741533, 0.07106471349547293, 0.0944326088374645], [-0.04200373441304251, 0.5120531146637313, 0.266837203621595], [0.4418518809300334, -0.7278761067378838, -0.41933826079542447]]","tensor(-6, dtype=torch.int32)",
"['Bi', 'Bi', 'Bi', 'Bi', 'Bi', 'Bi', 'Bi', 'Bi', 'Bi', 'Bi', 'Bi', 'Bi', 'Bi', 'Bi']","[[-1.5296258190385545, 1.2869368613359033, 0.577713655885012], [-1.0113213678193587, -0.4063214714971081, -1.7722970619458547], [1.011412187255262, 0.4062755042859222, 1.7724606340876092], [1.5295349996026526, -1.2868908941247188, -0.577877228026767], [4.582328490607366, 2.8893678451917424, -3.595277552164325], [2.983332773723022, 3.2429782824293767, -6.039962811220006], [3.257292355497478, 0.30848422949098775, -3.1021468189753927], [1.6584353098047178, 0.662333837098507, -5.547100472954263], [-4.345784835271783, 4.611456367413358, -3.09470776977703], [-1.8808842251357714, 6.068252803586021, -3.773178686978162], [-3.278644020796931, 4.057104342661754, -0.4088627943752954], [-0.8137635346104675, 5.514157643659229, -1.0876202137377262], [0.00011229786115918294, -4.017220583651212, -6.2819744798329165], [2.4138907508091467, -2.528411092685467, -5.927906825435711]]",[-81777.1484375],"[[-0.18681707576738374, -0.07210405681044418, -0.18118203728391793], [-0.11880153803620186, 0.14877264700188672, -0.04179915162170009], [0.3202791035345187, -0.05991779243787029, 0.21103127589256335], [0.10180977636149585, 0.0027306842983481423, -0.07480217395553333], [-0.004340182394990656, 0.3861939459805627, -0.2206087947152104], [0.4966952385268195, 0.14302509698204863, 0.08886889279501718], [-0.04792189779052671, -0.45841915323876437, 0.20735187097389432], [-0.6597634326757115, -0.6484017215415881, 0.004066801987326239], [-0.09310298781553634, 0.06905215567529951, -0.11881017694758693], [0.07472025856364985, -0.003553874851371959, 0.09154027045248586], [0.03579853292037082, 0.030188310738300514, 0.05142625676725563], [-0.0603219700776721, -0.06215994989693875, -0.08949932763776149], [0.49008652273932735, 0.41372080866727823, 0.1431249586838928], [-0.33117055964116265, 0.11404478887688553, -0.06620316611352099]]","tensor(-6, dtype=torch.int32)",
"['Bi', 'Bi', 'Bi', 'Bi', 'Bi', 'Bi', 'Bi', 'Bi', 'Bi', 'Bi', 'Bi', 'Bi', 'Bi', 'Bi']","[[1.936611, 0.732859, 0.205349], [-0.495417, 0.787967, 1.8608], [0.49543, -0.788106, -1.860932], [-1.936625, -0.73272, -0.205216], [-3.125766, 4.423324, 3.967265], [-3.500589, 1.546901, 3.473288], [-4.522533, 4.162588, 6.544263], [-4.897115, 1.285996, 6.050038], [-1.594655, -3.304494, 5.056622], [0.937128, -2.868053, 3.622082], [-2.927864, -3.937513, 2.510703], [-0.395754, -3.501103, 1.076367], [-2.845133, 2.22392, -1.387739], [-0.791723, 2.286384, -3.374658]]",[-81777.921875],"[[0.27330090911083765, 0.047362749393336775, -0.22896735285700476], [-0.20103518124447273, 0.33553572957311373, 0.10728880021911447], [0.3314584205098154, 0.5071361342670584, -0.6110276311618998], [-0.8573322507269221, 0.007650542789486606, 0.1999976377027067], [0.05316494052768547, -0.04062579205165867, -0.1532563962770163], [0.11248633954743602, 0.02124465661190602, -0.17902102388535931], [-0.0715385680693627, -0.011232168601020378, 0.11871314346077953], [-0.1198204667808167, -0.02112188636826393, 0.16062441066874678], [-0.04006015932872077, -0.09807930930589003, -0.23899584342278943], [-0.06267118833140561, 0.21637583098070595, 0.0020797253561923882], [-0.12902337566631916, 0.12569734336097305, 0.24842002156835136], [0.17745964349668986, -0.05473758235441049, -0.28187636563490737], [0.031279590365765386, -0.30390132163325206, 0.6754492274906151], [0.5144199192727844, -0.7302065559281914, 0.17101506702551417]]","tensor(-6, dtype=torch.int32)",
"['Bi', 'Bi', 'Bi', 'Bi', 'Bi', 'Bi', 'Bi', 'Bi', 'Bi', 'Bi', 'Bi', 'Bi', 'Bi', 'Bi']","[[-1.792317, 0.605293, 0.866564], [-0.563639, -1.990176, 0.224533], [0.563757, 1.990327, -0.224514], [1.7922, -0.605444, -0.866583], [-3.319845, -2.552821, -1.618508], [-4.716668, -0.147542, -2.578629], [-5.848429, -3.582789, -0.520652], [-7.245088, -1.177314, -1.481062], [1.808987, -0.80057, 2.608055], [0.404767, 1.320446, 4.087166], [3.759965, 1.173454, 1.629909], [2.355526, 3.294362, 3.109318], [3.446999, 0.563125, -3.564026], [5.231972, 1.579945, -1.57702]]",[-81777.4765625],"[[0.22608061948000813, 0.3620896862871765, 0.010705560103380897], [-0.521207635361059, -0.46349271390429175, 0.5582515959128176], [-0.048815212649835224, 0.4386642768952148, -0.13542640308749995], [1.4530746651673099, 0.2065282433330921, -0.4648858412093185], [0.19795684915425704, -0.001819779998394513, -0.08385117652094334], [0.10052972623584874, 0.20175226231152568, 0.027463603229656464], [-0.16052310914833845, -0.1897204699020516, 0.13143671726825026], [-0.1014994440388236, 0.02237053816479362, -0.004906477434468079], [-0.25709899076276727, -1.0675267349232394, 0.14502238244102345], [-0.34019035445855644, -0.04770157983916146, 0.11301341598610884], [0.20636040162618205, 0.1843444444938634, -0.8886323636494362], [-0.28118982929025166, 0.5635722397283766, 0.24625083205723183], [-0.4053003897493158, 0.02737457616250775, -0.014913599550097573], [-0.07029626175893372, -0.24302409581072254, 0.3845046788501392]]","tensor(-6, dtype=torch.int32)",
"['Bi', 'Bi', 'Bi', 'Bi', 'Bi', 'Bi', 'Bi', 'Bi', 'Bi', 'Bi', 'Bi', 'Bi', 'Bi', 'Bi']","[[-0.1317384928124843, 0.1458854859040437, -2.0714915143549426], [1.0301291827263857, -1.797445096099133, -0.19217158060999973], [-1.0302685108438925, 1.7975600786083703, 0.19223854103295013], [0.13187782092999112, -0.14600046841328085, 2.071424553931994], [2.6447783962238702, 6.543379359377857, -0.5203552253976279], [4.5446654085644775, 5.132611615224562, 1.228495074707589], [0.4743620675746554, 4.79804703376925, 0.4298905063336521], [2.3745713230811094, 3.387466564143244, 2.1788385591549146], [5.230781818925971, -7.037599915034431, -1.6815877380193516], [2.579823474601203, -6.261847988333867, -2.695955750457267], [5.9066295694080315, -4.201832220826167, -1.279704272561905], [3.255391803860154, -3.426345120667201, -2.2940562013764247], [3.0538184963192956, -1.5960503432387974, 2.9440834818899013], [5.239278323611823, 0.056338079770860916, 2.130682063775713]]",[-81777.5625],"[[-0.021395647299406025, 0.13292055314282036, -0.10068985462902212], [0.25477625488619626, -0.5647863153105291, 0.1086755511847856], [-0.054997418183153304, 0.16430088452819588, -0.2253940317132608], [-0.07740845124506447, 0.03488306542401058, 0.8054139359653583], [0.24228922269998363, 0.2098418314922764, -0.13122794357644424], [0.07875797261643325, 0.16201316709598945, -0.038124153576279275], [-0.209013473019049, -0.1569811040583654, 0.1418124097963685], [0.06533125312872717, -0.39615939306207304, 0.00846668851596426], [0.053558216684072776, -0.10982889727678492, 0.023935471819991117], [-0.0800165797298924, -0.06016945215405223, -0.0593542063141772], [0.028621690438499263, 0.11558261794761236, 0.01010228640940802], [0.03623846948265586, 0.013422831977582792, -0.08630601575077775], [0.4786618195430212, 0.9300580006245424, -0.9769863156193931], [-0.7978662013635631, -0.4728434098809889, 0.5135779853673804]]","tensor(-6, dtype=torch.int32)",
"['Bi', 'Bi', 'Bi', 'Bi', 'Bi', 'Bi', 'Bi', 'Bi', 'Bi', 'Bi', 'Bi', 'Bi', 'Bi', 'Bi']","[[1.783192, 0.731159, 0.78444], [0.831433, 0.018607, -1.907165], [-0.831567, -0.018566, 1.907297], [-1.783059, -0.7312, -0.784573], [-0.797786, 1.835286, -6.305786], [-0.075115, 2.766143, -3.609573], [2.051924, 1.726598, -7.031872], [2.774337, 2.6574, -4.335378], [-2.544738, 4.503563, 1.991178], [-0.5875, 3.020545, 0.370009], [-2.024078, 6.925951, 0.403473], [-0.066873, 5.442549, -1.217705], [-5.506543, -2.519909, -1.811671], [-2.924168, -3.74062, -1.908869]]",[-81777.65625],"[[0.33877758391454693, 0.005761737374904414, 0.051150840044764716], [0.5568102346858907, 0.1262044680281137, -0.4796798226899877], [-0.03547394125170404, -0.29947300537284344, 0.67849135842836], [-1.0574608604968776, -0.49569739283975156, -0.38089001434476666], [-0.09757789249091453, -0.11359674819296783, -0.4820024043002839], [-0.11782004457425566, -0.06894339795161239, 0.5475784265849216], [-0.03640473253135448, -0.021113751393376314, 0.07639425333287478], [0.27740979133836474, 0.036216995617212956, -0.0442070939040155], [-0.3228620351944735, 0.07327915444718094, 0.4823260035225832], [-0.04317354585876507, -0.5490048754052909, -0.09802284784933757], [0.0058092051076399165, 0.049864382726507006, -0.03443513272648519], [0.26294285436013065, 0.7970886993389062, -0.5474287882984301], [0.6158191416551229, -0.2875680712632919, -0.07575543668920329], [-0.33967433376957284, 0.72549526389783, 0.30590246374909524]]","tensor(-6, dtype=torch.int32)",
"['Bi', 'Bi', 'Bi', 'Bi', 'Bi', 'Bi', 'Bi', 'Bi', 'Bi', 'Bi', 'Bi', 'Bi', 'Bi', 'Bi']","[[1.261745, 1.581947, -0.48493], [-1.539774, 1.345734, 0.383408], [1.539891, -1.345881, -0.383367], [-1.261863, -1.581801, 0.484889], [-3.719162, 0.827592, -2.77575], [-1.899816, 2.653941, -4.194463], [-4.265189, 2.92123, -0.78116], [-2.445774, 4.747506, -2.200244], [-2.311388, 4.160735, 4.264616], [-5.137322, 4.740863, 3.68508], [-1.55898, 5.169423, 1.604486], [-4.38515, 5.749595, 1.025252], [2.843146, -2.105383, 2.559524], [2.070207, -0.167285, 4.512621]]",[-81777.234375],"[[-0.08317677578990001, 0.34296118244113666, -0.10096439717595619], [0.07573975295127205, 0.4253262090933889, 0.31335671298840173], [0.3774875173892443, -0.2610554064887661, 0.2456547985937531], [-0.2212551704063438, -0.5537341651677046, 0.03140403182738375], [0.3575885563450937, -0.4052289130420226, -0.6486747728478665], [-0.1365302297053098, -0.333433440203137, -0.02364733327204386], [0.07491417127098987, 0.29898742656207394, 0.22340620791913632], [-0.10100275805627328, 0.041116461649494396, 0.3019416257232207], [0.060016368587425005, -0.10223400861701301, 0.019199322350560887], [-0.08582341942131974, -0.03287419456780329, 0.1337919519066984], [-0.010676871718489621, -0.04436748969206509, -0.11151770160838427], [0.003870002443765033, 0.4250327432167542, 0.005876583474234358], [-0.5655226796619238, 0.7006460523637557, 0.13144355640643013], [0.27285970756509975, -0.5043718368901086, -0.5209685226352221]]","tensor(-6, dtype=torch.int32)",
"['Bi', 'Bi', 'Bi', 'Bi', 'Bi', 'Bi', 'Bi', 'Bi', 'Bi', 'Bi', 'Bi', 'Bi', 'Bi', 'Bi']","[[-1.627537, 0.330401, -1.253665], [-0.089109, -2.03563, -0.420924], [0.089116, 2.035784, 0.421039], [1.62753, -0.330555, 1.253549], [-1.93818, 4.092763, 2.640349], [0.293711, 5.44254, 1.278336], [-3.112225, 3.40226, 0.03177], [-0.880008, 4.752082, -1.330043], [3.127869, 1.398056, 4.748637], [4.649062, -0.091407, 2.717434], [5.632169, 2.549226, 5.779726], [7.153172, 1.059649, 3.748208], [2.800852, -6.773439, -0.738984], [2.423002, -4.142901, 0.31256]]",[-81777.5546875],"[[-0.39130458197411777, 0.37040803235335706, -0.3765675247488252], [0.4819644033746079, -0.9810949407364622, 0.21724188184705986], [0.037607598097543264, -0.279936158697584, 0.28868789015158247], [0.3199292790455147, -0.12506238337416992, 0.20874062740113702], [0.12759759533314047, 0.06014698070003272, 0.10861908972823314], [0.05424377600898851, 0.48435445076905415, 0.20253542076625614], [-0.27218736371771957, 0.059089896763467105, -0.2805585202719505], [-0.1729776939947655, 0.16709197281485774, -0.23628286529323428], [-0.1820216571952009, -0.12286964254510774, -0.12108035944656531], [-0.054760053808430006, -0.20108264383499905, -0.013260826678066814], [0.12334452556082909, 0.0581891874073897, -0.013577473633584825], [0.36805865983334884, 0.21694394224845787, 0.20533962168627037], [-0.03940019792099248, 0.5062134162557856, 0.2308995893701336], [-0.40714176342662656, -0.21579424712496056, -0.42164382169340836]]","tensor(-6, dtype=torch.int32)",
"['Bi', 'Bi', 'Bi', 'Bi', 'Bi', 'Bi', 'Bi', 'Bi', 'Bi', 'Bi', 'Bi', 'Bi', 'Bi', 'Bi']","[[-0.890744, 1.802656, 0.535463], [-1.124627, -0.035775, -1.750097], [1.124696, 0.035702, 1.750262], [0.890675, -1.802584, -0.535628], [-0.851925, -2.283473, -4.42929], [1.306636, -2.157196, -6.425031], [-1.213846, -5.147149, -5.002209], [0.94497, -5.020584, -6.997915], [1.226357, -4.439793, 3.309973], [-1.555002, -3.923963, 4.120079], [2.032346, -1.836395, 4.420181], [-0.749244, -1.320871, 5.230331], [-4.170993, 6.303914, -2.093117], [-2.231259, 4.759825, -0.671335]]",[-81777.4375],"[[-0.5734247124746902, 1.0213368411634465, -0.22666636852517125], [-0.0926685225637952, -0.12161772030355372, -0.2309902979396769], [0.2997429713536271, -0.5133672062140029, 0.4168151330279747], [0.08174898999514976, -0.1468703381460562, 0.11046437148450385], [0.00029815510858779504, 0.08941982908418214, 0.09042651937100148], [0.07570977387188219, 0.024508483613070436, -0.02701804623276197], [-0.009841051899774288, -0.15926146813147618, -0.020880248817730516], [-0.03311598638461145, -0.007999601089326128, -0.0028511266639045015], [-0.07026736254346698, -0.026006332007595487, -0.11899833038067022], [0.1768785224397687, 0.12920515276004685, 0.07111479861266974], [0.12033669315816661, 0.09872913027715917, -0.2004867646377951], [-0.201702280038512, -0.08482721924118229, -0.09539831571729629], [0.48171906857569, -0.5475064356567126, 0.29760154977195963], [-0.2548935486770853, 0.24117238629300458, -0.06603496445196988]]","tensor(-6, dtype=torch.int32)",
"['Bi', 'Bi', 'Bi', 'Bi', 'Bi', 'Bi', 'Bi', 'Bi', 'Bi', 'Bi', 'Bi', 'Bi', 'Bi', 'Bi']","[[0.666984, -1.362285, -1.424439], [0.565037, 1.572631, -1.239544], [-0.565041, -1.57273, 1.239709], [-0.666979, 1.362384, 1.424274], [-5.652273, -5.323723, 1.915937], [-3.402729, -3.515789, 1.342146], [-7.498321, -3.441269, 0.608906], [-5.248423, -1.633489, 0.035108], [2.706144, 4.07457, 0.199217], [4.326059, 4.775166, -2.155216], [0.272888, 4.919973, -1.223603], [1.893148, 5.620399, -3.57807], [-3.221307, -2.47425, 5.622071], [-0.859307, -1.216533, 4.618405]]",[-81777.34375],"[[0.29678080176828575, -0.6566014882645902, -0.24631228145666734], [0.12707653527918225, 0.24718419444146117, 0.08270019584515662], [-0.32035870493228125, -0.08547606319271145, 0.30853409212977423], [-0.0603609480230881, 0.288844830375078, 0.30301449624190074], [-0.39240763726055394, -0.2044488367938675, 0.03545371180087732], [0.039065789775043484, 0.24899908574160937, 0.05970423649154753], [0.004082719181553242, -0.15106751210482247, 0.05782085096541764], [0.2526319536674005, 0.02195961908878596, -0.011762844586103664], [-0.1362604179908009, -0.22124843411234713, 0.02304888811247014], [0.161344628483386, 0.047197170258456135, -0.11852560709279517], [-0.16072823187164245, 0.313465573556272, 0.08736263688851915], [-0.0012325412552383526, 0.05879555671127556, -0.08026412567874812], [0.9241819982199428, 0.36626315466172543, -0.6447450966094882], [-0.7203566542864567, -0.2778968099676985, 0.12901005734460053]]","tensor(-6, dtype=torch.int32)",
"['Bi', 'Bi', 'Bi', 'Bi', 'Bi', 'Bi', 'Bi', 'Bi', 'Bi', 'Bi', 'Bi', 'Bi', 'Bi', 'Bi']","[[-0.996271, -1.761832, -0.482814], [-1.814778, 1.017049, 0.033116], [1.814961, -1.017078, -0.03317], [0.996088, 1.761861, 0.482868], [-4.872862, 6.115081, -4.195638], [-2.905623, 3.951114, -3.870781], [-5.913927, 5.573531, -1.496977], [-3.946373, 3.409577, -1.172343], [1.957055, 1.69402, 6.316896], [0.773693, 1.047749, 3.701499], [3.769674, -0.610614, 6.066029], [2.586133, -1.2566, 3.450444], [5.774652, -1.135104, 8.730414], [7.05469, -2.729074, 10.727663]]",[-81777.6171875],"[[0.11240164736260731, -0.22840304682402957, -0.1112396623592229], [-0.23864360209548124, 0.13409349105171084, 0.0666613883715711], [-0.0002117662518474854, -0.2325567691154126, 0.14230256517328843], [0.1786834378541508, 0.23592609882186724, 0.04189294551673806], [-0.07136306447080755, 0.01944329446405194, 0.09801919688083555], [0.07321312848159499, -0.07387868461288695, 0.020011467438313783], [-0.24016893559795463, 0.33481690015494714, -0.12475858165712804], [0.1501310129730069, -0.1779964387106709, -0.009535548111501197], [0.1967492013335515, 0.18231424889627879, 0.47464997080230154], [-0.1207388139143053, -0.18392473738240508, -0.27601008200561605], [0.2903022867166687, -0.12549067797492172, 0.572754682621431], [-0.11937833963743046, -0.1843351885173794, -0.6987197808132498], [0.19352488192534636, 0.09122901253216521, 0.4068213009519135], [-0.4007376561415226, 0.21420905830789058, -0.6040074872196936]]","tensor(-6, dtype=torch.int32)",
"['Bi', 'Bi', 'Bi', 'Bi', 'Bi', 'Bi', 'Bi', 'Bi', 'Bi', 'Bi', 'Bi', 'Bi', 'Bi', 'Bi']","[[1.174334, 1.296438, 1.1269], [-0.123361, -1.2977, 1.621623], [0.123397, 1.297747, -1.621807], [-1.174369, -1.296485, -1.126717], [2.170086, -1.271208, -2.212212], [4.608815, -1.986615, -0.729272], [3.788003, -0.724252, -4.608677], [6.22669, -1.439884, -3.125427], [-4.401663, 3.221222, 0.674895], [-4.218597, 0.794842, -0.979638], [-3.583524, 1.670928, 3.038599], [-3.400411, -0.755404, 1.383687], [4.145849, -0.930675, 3.176932], [4.589271, 1.223681, 1.352002]]",[-81776.953125],"[[0.6834458769518846, 0.44895969953838005, 0.2716608014999625], [0.46553437662829816, -0.27571995856493386, 0.5725844754983084], [-0.18730363159789323, 0.08144647383039734, -0.3238176633443561], [-0.3992111913530345, -0.008780985481897163, -0.6584038325743934], [-0.6435346205737458, 0.15169445024533948, 0.253926813355422], [0.5957681254861765, 0.10203037713436477, 0.7565989444305167], [0.1837943309581637, 0.1323172177423376, -0.6387256265693865], [0.1005927182980316, -0.13024717002378014, -0.11686858161379092], [-0.06517667832144419, 0.14923822261903247, 0.021670621791909355], [0.08112811966143896, -0.0901582503192399, -0.12152022401792215], [-0.006912584353253055, 0.28605050249664676, 0.22686156678480074], [-0.07199555619721495, -0.4040257389432843, -0.03047985857091938], [-0.06625062870404733, 0.03875556543876355, -0.08461608013316368], [-0.6879885045218709, -0.5049856109751817, -0.14013378703890156]]","tensor(-6, dtype=torch.int32)",
"['Bi', 'Bi', 'Bi', 'Bi', 'Bi', 'Bi', 'Bi', 'Bi', 'Bi', 'Bi', 'Bi', 'Bi', 'Bi', 'Bi']","[[-1.157501, 0.079169, -1.727321], [-0.842246, 1.789355, 0.646324], [0.842392, -1.789474, -0.646367], [1.157356, -0.07905, 1.727364], [2.201103, -3.304864, 4.181666], [4.086362, -1.346837, 3.054615], [4.314646, -4.314038, 5.96334], [6.199755, -2.355699, 4.83612], [-4.13059, 0.856727, -0.226843], [-5.604229, 3.209235, 0.74907], [-6.665568, -0.38744, -1.054971], [-8.139011, 1.965398, -0.079026], [1.902053, 3.708851, 0.662485], [0.236085, 4.149487, 2.942537]]",[-81777.8828125],"[[-0.03164357649878995, -0.737349598669269, -0.728880380186399], [0.2991299685999277, 1.1438494601267295, 0.05159368709743306], [-0.11112339701016542, 0.04643545481591363, -0.1089758047775086], [0.4116113716265722, 0.1371616415677941, 0.15238458613640563], [-0.10571086191695694, 0.10518501960848198, -0.11169485071386992], [-0.04948169437877558, 0.04748434721329089, -0.02856370688803609], [0.13097129591737924, 0.0023710381898527444, 0.04914209260157723], [0.1664132526281219, -0.1612204441322255, 0.14114546526860394], [0.19552982927596627, -0.12811546721742087, 0.06665408643456705], [-0.14234313720354336, 0.3214569779642007, 0.12744703144900058], [-0.326583040585229, -0.14215333826352955, -0.11260198783139455], [0.16413499686076577, -0.067929405727789, -0.002011415735519473], [-0.9657891551783188, -0.7255261171527767, 0.5403227694632887], [0.3754234346333099, 0.150964153700751, -0.01870350540135822]]","tensor(-6, dtype=torch.int32)",
"['Bi', 'Bi', 'Bi', 'Bi', 'Bi', 'Bi', 'Bi', 'Bi', 'Bi', 'Bi', 'Bi', 'Bi', 'Bi', 'Bi']","[[0.922131, -0.137921, 1.860206], [0.506129, 2.015555, -0.101374], [-0.50625, -2.015705, 0.101367], [-0.92201, 0.138071, -1.860199], [5.536621, -0.994583, 5.976834], [4.493581, -3.745885, 6.003712], [3.136289, -0.098942, 4.529046], [2.093386, -2.850482, 4.556194], [0.355109, 2.253592, -4.28247], [2.152378, 2.753776, -6.557981], [2.570168, 0.994629, -2.809925], [4.367337, 1.495094, -5.085681], [-2.724649, -3.665004, -1.898283], [-4.050431, -5.240604, -3.880209]]",[-81777.671875],"[[0.21851113333347563, -0.18577588125711567, 0.2953501877584987], [-0.1453790974902989, 0.17275930437183443, -0.29711231999268806], [-0.19718520924804, -0.4893037242392379, 0.25829712549653083], [-0.35320986240305763, 0.16488036007818654, -0.38740277650937455], [0.21733984093151565, -0.14781527050089055, 0.1886074387298493], [0.11112859064141477, 0.0521017373622221, 0.03517261807947623], [-0.06716758744106334, 0.017495415350665126, -0.07968578141477217], [-0.1570599855468458, 0.10889553489255559, -0.08955486349666554], [-0.06947587370990091, 0.07989861745181284, 0.08093101878442109], [0.15232869032286053, -0.11200317757497065, 0.04588555211078939], [-0.29145069628787657, -0.08921234094466557, 0.34195608623915624], [0.31176401654596136, 0.16772281903433467, -0.4271852205481109], [-0.08869606314522407, -0.27031061164140324, -0.6583493251573209], [0.36246979838811993, 0.513443568019996, 0.691048633191668]]","tensor(-6, dtype=torch.int32)",
"['Bi', 'Bi', 'Bi', 'Bi', 'Bi', 'Bi', 'Bi', 'Bi', 'Bi', 'Bi', 'Bi', 'Bi', 'Bi', 'Bi']","[[0.150739, -1.94667, 0.719353], [1.043228, 0.694429, 1.660828], [-1.043375, -0.694433, -1.660952], [-0.150592, 1.946674, -0.719229], [-2.948471, -5.947352, -0.621006], [-3.891873, -6.226602, 2.152137], [-3.08604, -3.018315, -0.37266], [-4.029361, -3.297895, 2.400665], [-1.294496, 6.222163, -3.778238], [1.619379, 6.168876, -4.184203], [-0.926484, 5.280633, -1.014554], [1.987534, 5.227568, -1.420801], [7.063013, 5.11739, -0.703546], [5.099658, 5.433389, -2.756258]]",[-81777.4296875],"[[-0.15293007168386333, -0.040140871443661345, -0.02416804365577936], [0.21870982829533242, 0.034050356641835706, 0.33965062818535546], [-0.10818251617073729, -0.37033501298331656, -0.3142471893482552], [0.19347896199756734, 0.5478303948336529, -0.05681385214604885], [0.0044430291492509105, -0.3106549448748106, -0.10428904108482971], [0.009918606698291983, 0.010398405665968157, -0.006199236530048658], [-0.028308781869038964, 0.021104243448643572, -0.11429248909201598], [-0.05362372842874295, 0.050768912743988655, 0.2825076232311169], [-0.05971626926097675, 0.030783588297033038, 0.09358141895557656], [0.11396868418135034, 0.01694441221278112, -0.2745354506854384], [-0.44726760419291967, 0.15180053402026455, -0.0618876699220341], [0.6742469789895252, -0.17217525225569336, 0.09983619648673843], [-0.5659212008716521, 0.11669168961876317, -0.7137612568206833], [0.20876803537594799, -0.08720363978136049, 0.8644156438417694]]","tensor(-6, dtype=torch.int32)",
"['Bi', 'Bi', 'Bi', 'Bi', 'Bi', 'Bi', 'Bi', 'Bi', 'Bi', 'Bi', 'Bi', 'Bi', 'Bi', 'Bi']","[[-0.678405, -1.437412, 1.34288], [1.923198, -0.187001, 0.771522], [-1.923355, 0.187098, -0.771576], [0.678563, 1.437316, -1.342827], [-0.704946, 6.137857, -4.576871], [-0.313605, 3.253949, -4.143003], [-3.479703, 5.90434, -3.625004], [-3.088, 3.020308, -3.191091], [0.218451, 6.988345, 3.657489], [0.20405, 7.330709, 0.735009], [0.342021, 4.068238, 3.314606], [0.327735, 4.410943, 0.391987], [-2.788395, 3.243394, -7.979313], [-4.881643, 4.307948, -6.350423]]",[-81777.6171875],"[[0.20399663092053197, -0.13850566077536405, 0.11585772613755378], [0.06923290432719562, -0.20637726807221957, 0.24393359834445974], [-0.18208979146654153, 0.2457124427584119, -0.23756394386071297], [-0.1701566780508053, 0.12324672074264803, -0.04292822648647467], [-0.010570613108453177, 0.073358807267035, 0.19079580868112736], [-0.2030360148277664, 0.008845335087297668, -0.25452351530609124], [-0.08804084285433926, 0.16168637970401228, -0.3820065422191963], [-0.05324443908126481, -0.3943219788858137, 0.013807551497931544], [-0.03208663952424292, 0.07098454645470309, -0.031658823148942784], [-0.013198883626552152, 0.4247653483405494, 0.02280714257554441], [0.10371301081497478, -0.2080387672731911, 0.06267777035912758], [-0.04835766916339394, -0.17943260630634833, -0.14541586428577705], [-0.6698940989374613, 0.2898221586476064, 0.3777019475111239], [1.0974348518267414, -0.2740092998444139, 0.07598174531423736]]","tensor(-6, dtype=torch.int32)",
"['Bi', 'Bi', 'Bi', 'Bi', 'Bi', 'Bi', 'Bi', 'Bi', 'Bi', 'Bi', 'Bi', 'Bi', 'Bi', 'Bi']","[[0.471313, -1.929499, 0.620171], [-0.700768, 0.442164, 1.908486], [0.700756, -0.442174, -1.908678], [-0.471301, 1.92951, -0.619979], [-5.696422, -4.71228, -1.6536], [-4.803922, -2.119596, -2.721189], [-3.047241, -5.124467, -0.440422], [-2.155013, -2.531524, -1.508098], [1.185044, 4.844442, -0.043944], [-0.476244, 6.134852, 2.013549], [-0.877938, 5.410839, -2.064627], [-2.539047, 6.701378, -0.006819], [3.173574, 0.749237, 0.039737], [5.449582, 0.565552, 1.758542]]",[-81777.5078125],"[[0.39166083422456904, 0.1381533166038727, 0.14069547054520629], [0.12105259151711327, -0.03936571426638038, 0.2141633440684779], [0.13325397398461106, -0.33851250303246316, -0.583573890689408], [-0.22989418463560374, 0.37697237087581753, -0.09851248900534174], [-0.0034940287927518396, 0.025266800055359653, -0.008145079328608988], [-0.4569640623133863, 0.09437218787986054, -0.2210678911488173], [-0.011476927472512569, -0.3527898981811414, 0.13332308527569167], [0.29425731404619493, 0.13237419341980583, 0.021092966583960555], [0.11808851931438356, -0.13295567443136802, -0.02289987717549588], [-0.02996564279735016, 0.01984223733493112, 0.08065539637356389], [-0.03171233297743868, 0.1612195185345771, -0.13818170159842366], [-0.032163659533008204, 0.040461822428244414, -0.008127621528518312], [-0.11351467853480961, -0.004912205341248935, 0.9018961779510236], [-0.1480103144942453, -0.13295670287319958, -0.41129044635303497]]","tensor(-6, dtype=torch.int32)",
"['Bi', 'Bi', 'Bi', 'Bi', 'Bi', 'Bi', 'Bi', 'Bi', 'Bi', 'Bi', 'Bi', 'Bi', 'Bi', 'Bi']","[[1.7009466559755488, 0.8401944828879138, -0.8547329430768467], [-0.9341106302485058, -3.480260343541319e-05, -1.8591240550955759], [0.9341249355752675, 7.391898456249324e-05, 1.8593121568402622], [-1.700960961302312, -0.8402335992690417, 0.8545448413321616], [0.03782795090885205, 2.925559041941617, -6.838679394597828], [-0.6018143040800014, 5.779138493156963, -6.51271043746188], [-1.1261899191391458, 2.362856748648913, -4.195142475149368], [-1.7658605579103113, 5.216648309789056, -3.869493942326956], [1.8131533589195121, 2.6956284467986693, 4.2211579562252854], [-0.4074490041230121, 3.1114426664882444, 2.3358629289852764], [3.5848995618579678, 4.276212392697723, 2.482615837237557], [1.3639393761323861, 4.691988814830107, 0.5974586587268149], [0.3539828361583093, 7.899122947292081, 1.0688428370998373], [1.2139987841816464, 6.587127788531809, 3.4578353646585]]",[-81777.375],"[[0.2618154764243781, 0.3482725702802115, -0.24654152114092137], [-0.015553022974449672, 0.01584426227451907, 0.041414663500763435], [0.0356835994034852, 0.27002141379836947, 0.4000453605226102], [-0.4276187087801121, -0.2894065138813828, 0.13904533562647345], [0.13386332576980844, 0.10653628933096439, -0.3498276771737085], [-0.000512410652466472, -0.04707050222027245, -0.052668460233501455], [-0.05960977410931905, 0.016392648027941763, 0.05951598021428107], [-0.01661315624104585, 0.09974826471014032, 0.15189473929203517], [0.37688155946209106, -0.3242087797728971, 0.5499957791099958], [-0.3664604612271096, -0.20698677412369168, 0.026604720602868465], [0.35939372886993365, 0.3108817677207604, 0.4783540069028363], [-0.4907084729369613, 0.4694315026827077, -0.25691412834354493], [-0.12752041077368215, 0.4571689279262323, -0.6816054802943139], [0.330608259069759, -1.2263829455509907, -0.26079341093217695]]","tensor(-6, dtype=torch.int32)",
"['Bi', 'Bi', 'Bi', 'Bi', 'Bi', 'Bi', 'Bi', 'Bi', 'Bi', 'Bi', 'Bi', 'Bi', 'Bi', 'Bi']","[[1.27633, -0.371271, 1.600891], [-1.628829, -0.018525, 1.294403], [1.628928, 0.018472, -1.294559], [-1.27643, 0.371325, -1.600735], [1.305248, 0.990401, -4.984896], [-0.240995, 3.173945, -3.760322], [3.667156, 1.785568, -3.419982], [2.120529, 3.969078, -2.195408], [0.150071, -3.345283, 0.497912], [1.060178, -6.132144, 0.246073], [-0.517339, -3.304465, -2.367878], [0.392775, -6.091539, -2.619396], [-0.120716, 2.845415, 1.956281], [2.683634, 3.250443, 1.582358]]",[-81777.515625],"[[0.14960625052845505, 0.1416738786816578, 0.682066736455767], [-0.09124798728395743, 0.37926636180319645, 0.4810111920630295], [0.11712749184488534, -0.42895228930309176, -0.631030310564763], [0.13130050014766056, 0.09916045878131406, -0.6515143007447947], [-0.22691576566932378, -0.28231473896560844, -0.020659498920796014], [-0.27043597870067, 0.09141968564773584, 0.06085984515557629], [0.2866446333427371, 0.0703088601713703, 0.11411837388993343], [0.13691157593645106, 0.260059771951636, 0.303641280116143], [-0.0948300501832696, 0.34835865086151285, 0.10175681160717068], [0.19004828573586033, -0.46282947176712075, -0.06203957078055504], [0.0726349384838938, 0.7711729936255075, -0.2255483494100859], [0.032749259454105784, -0.6144410296008368, 0.06711400562163923], [-0.5219419428287906, -0.16577315043216095, 0.29821511816866636], [0.08716039380234353, -0.2068120418565102, -0.528198468711066]]","tensor(-6, dtype=torch.int32)",
"['Bi', 'Bi', 'Bi', 'Bi', 'Bi', 'Bi', 'Bi', 'Bi', 'Bi', 'Bi', 'Bi', 'Bi', 'Bi', 'Bi']","[[0.105625, -0.893171, -1.87638], [1.667735, 1.157043, -0.456963], [-1.667839, -1.157165, 0.45707], [-0.105521, 0.893293, 1.876273], [4.703667, 1.131716, -1.981199], [5.132909, -1.498283, -3.229067], [7.591599, 1.356722, -1.46247], [8.020572, -1.273401, -2.710584], [-1.178406, -5.535353, -0.413707], [-3.483778, -3.947095, -1.319803], [0.412282, -4.512319, -2.668252], [-1.89336, -2.923976, -3.574087], [4.13568, -2.599296, -0.126539], [2.350526, -1.528337, 1.831653]]",[-81777.0859375],"[[-0.24043787313690673, -0.2400574010813223, -0.3133100217292491], [0.5678850105490097, 0.8101005453917624, 0.20488124516194553], [-0.15806991542543455, -0.26714069680608743, -0.360065455652215], [0.1431676390199024, 0.07339480273113949, 0.45830576752683516], [-0.3340512252113531, 0.1262770760214216, 0.00036460314670140967], [-0.04200949368729923, -0.17037614753765953, 0.08459936795340088], [0.28732988413510335, 0.2496407306003176, 0.13686457614474895], [0.07968403306365852, -0.17385737171538757, -0.101440925698608], [0.04099731152109939, -0.1709268267163666, 0.001447424405744737], [-0.0805258641248793, -0.006285759341337528, 0.09293797432366308], [0.12049677012924842, -0.05657880176544655, 0.04299937409238177], [-0.1861122331581263, -0.14453757496162759, -0.19228982612982987], [-0.6251687063458052, -0.04444311616214862, 0.2503185251894051], [0.4338193902709341, 0.005706623177151288, -0.3030674609962259]]","tensor(-6, dtype=torch.int32)",
"['Bi', 'Bi', 'Bi', 'Bi', 'Bi', 'Bi', 'Bi', 'Bi', 'Bi', 'Bi', 'Bi', 'Bi', 'Bi', 'Bi']","[[2.080752, -0.003535, -0.01319], [-0.007905, 1.316136, -1.611406], [0.007856, -1.316196, 1.611582], [-2.080703, 0.003595, 0.013014], [1.596562, -3.496753, 4.140913], [-0.974434, -4.249252, 2.923522], [2.98006, -5.444228, 2.422444], [0.408777, -6.19647, 1.205076], [-4.875126, 5.618594, 2.222387], [-4.619624, 4.811388, -0.595671], [-2.383971, 4.18688, 2.858156], [-2.128655, 3.379887, 0.039836], [-6.921607, -2.642764, 0.987814], [-5.011718, -0.565685, 1.442031]]",[-81777.046875],"[[0.35061037282961477, 0.16215709753031582, -0.29405177994615833], [0.5752291136681565, -0.01781504992970381, -0.3267220859208555], [0.02983896961695731, -0.4253023492428968, 0.6535675848614978], [-1.0212046863880915, 0.04846131553117823, 0.22863542325586983], [0.1774822692169841, 0.10014436908156442, -0.0563510533218483], [-0.15493100811134017, -0.0165314053998554, -0.16334597628759542], [-0.048676439851294113, -0.016534141055127342, 0.024296784004253634], [0.0429366031451927, -0.09320248956273947, 0.030940389680881336], [-0.026267545948392586, -0.0810711954060623, -0.05837127303366682], [-0.3466795653052217, 0.3034025787670387, -0.17003059108225646], [0.1152453404489533, 0.05661633989229837, 0.23421168628866215], [0.003284557303163107, -0.06328465388392922, 0.027503897580616853], [0.5119241994801457, 0.48341306653853877, 0.06767044407460301], [-0.2189583512639281, -0.45021049049391937, -0.2013990439644775]]","tensor(-6, dtype=torch.int32)",
"['Bi', 'Bi', 'Bi', 'Bi', 'Bi', 'Bi', 'Bi', 'Bi', 'Bi', 'Bi', 'Bi', 'Bi', 'Bi', 'Bi']","[[1.153087, 1.729123, 0.101188], [-1.731245, 1.153937, 0.01117], [1.731361, -1.154078, -0.011109], [-1.153203, -1.728982, -0.101249], [-4.274455, -1.076215, -1.386453], [-6.279701, 0.748168, -0.242369], [-6.218553, -1.936811, -3.421082], [-8.223669, -0.112131, -2.276789], [-5.636486, -6.142198, -7.500172], [-6.392118, -3.521826, -6.395189], [-8.38376, -6.518786, -8.485325], [-9.139109, -3.89816, -7.380281], [5.272561, 4.306075, 0.791084], [2.483691, 4.892371, 0.57497]]",[-81777.515625],"[[0.13498499585339582, 0.47480259157010446, 0.05737949515340506], [-0.46953285562520775, -0.08422830614057521, -0.08285415358734065], [0.4930712666228714, -0.13746081529659399, 0.0735235636484504], [0.10770794168756542, 0.22313727038018422, 0.011025832316355145], [0.23587184851525264, 0.15033341032545727, 0.28263972658438036], [-0.08864998895117034, 0.009859733545644516, 0.04285664179278916], [-0.13701611704862884, -0.09834058495319703, -0.12594499215401192], [-0.25093451042441606, 0.1313837525139251, 0.04226220241414936], [0.07841889534456899, -0.21564738563141428, -0.11494971484447233], [0.01880693579635788, 0.07277367528697079, -0.12918566378733884], [-0.006289148057172508, -0.03647604468795463, 0.020367472862725472], [-0.1056633993264306, 0.056634286202259035, -0.02016628907163634], [-1.1587006743953245, 0.39985684713488584, -0.0733165897298496], [1.1352989947391665, -0.9484717373976502, 0.023998505019847228]]","tensor(-6, dtype=torch.int32)",
"['Bi', 'Bi', 'Bi', 'Bi', 'Bi', 'Bi', 'Bi', 'Bi', 'Bi', 'Bi', 'Bi', 'Bi', 'Bi', 'Bi']","[[-0.4968666113069927, -0.6696704410412555, 1.9064049335055802], [-1.6305676368355122, -1.026299132565513, -0.7854070251719354], [1.6307533898987219, 1.026348921381174, 0.7854185955368191], [0.49668085824378394, 0.6696206522255952, -1.906416503870466], [3.18446302101889, 2.8463799096672195, -1.5497029775007496], [1.1044901945027408, 3.985999751524254, -3.2913382196746594], [4.875445853851007, 5.207522080122308, -2.0245120202965925], [2.7951126954988554, 6.347014528691535, -3.7660982735106776], [-5.295155708547334, 0.13571278485370608, -1.8456320112600888], [-4.811139565560142, 2.8687338696624334, -2.8226876816805264], [-4.064459869964705, 0.8398288958565223, 0.7330240674515855], [-3.5806629922076993, 3.572974554818292, -0.24432293103002223], [-3.1101732837075025, -2.285680674307381, -3.532205138281545], [-0.4521587286666333, -1.8329218321862573, -4.47994565143271]]",[-81777.515625],"[[0.0031043681236233743, 0.08654600265217152, 0.9400842800403892], [-0.2902214511887083, -0.16184146873221106, -0.20590932703886125], [-0.10501275560169622, -0.3514619226661438, 0.47745160061773684], [-0.23792873217836616, -0.21126036131054263, -0.8143382399586919], [0.12550013963977205, 0.19097419191681086, -0.24650022920138437], [-0.09763502243465752, -0.07442663842074039, 0.043158042098154346], [0.12948211214528507, 0.16821312867752938, -0.06955264689262662], [0.1765924613443212, 0.2827189680275018, -0.06059790102107877], [-0.07983593392217947, -0.18761833479834958, -0.7638720850632862], [-0.0471481598629733, -0.10915110268769744, -0.10686225396947631], [0.6549133009980899, 0.0012169418495372995, 0.2028317662800192], [0.04517345898661949, -0.07633815183096335, 0.19732636288942118], [0.018219135009740775, 0.16075975361377967, -0.008510947510185305], [-0.29682703022861423, 0.2845113364515389, 0.4467169250142127]]","tensor(-6, dtype=torch.int32)",
"['Bi', 'Bi', 'Bi', 'Bi', 'Bi', 'Bi', 'Bi', 'Bi', 'Bi', 'Bi', 'Bi', 'Bi', 'Bi', 'Bi']","[[-0.381784, -1.60596, 1.266826], [-1.690999, -0.477126, -1.114351], [1.691185, 0.477166, 1.114377], [0.381598, 1.60592, -1.266852], [3.634765, 2.195253, -2.058442], [1.829015, 2.0812, -4.378911], [3.218765, 5.102863, -1.877867], [1.412851, 4.988471, -4.198415], [0.668441, -4.519916, 5.217373], [1.825236, -1.850275, 4.777878], [1.530168, -5.3364, 2.524672], [2.687053, -2.666552, 2.085489], [-2.881521, 1.459469, 1.286898], [-5.348841, 2.66249, 0.491086]]",[-81778.1796875],"[[0.15078931858938638, -0.07512212220933065, 0.5950621001688128], [-0.8435716990206926, 0.09952221319556416, -0.14288733719871163], [0.04868688882030273, 0.02351900430030221, 0.2790008936959662], [-0.06292485350915909, 0.7149311094040789, -0.13320198625002586], [0.18451948529359435, 0.06718440246500929, 0.2267061178019609], [-0.13373420489785648, -0.009941597515436435, -0.16214624746899292], [-0.0012887162907407297, -0.05067195124810948, -0.021392705955767772], [-0.007087866836814431, -0.02880620318749886, -0.042852672007319355], [-0.15666850916366373, -0.15359310813266797, 0.07333957540478489], [0.11365284969487925, 0.19509479838121774, -0.13330997264233932], [-0.04112699289384954, -0.4211653391312766, 0.08340807235781712], [0.1827260370056341, 0.030463619474399097, -0.02812422284015694], [0.566390170346842, -0.2946016877934917, -0.7056149690729221], [-0.0022384596964631002, -0.10511380001164668, 0.11527501099579372]]","tensor(-6, dtype=torch.int32)",
"['Bi', 'Bi', 'Bi', 'Bi', 'Bi', 'Bi', 'Bi', 'Bi', 'Bi', 'Bi', 'Bi', 'Bi', 'Bi', 'Bi']","[[-1.45443, -1.472744, 0.213004], [-1.216075, 1.00462, -1.356763], [1.216239, -1.004702, 1.356823], [1.454267, 1.472827, -0.213064], [0.331112, -2.389781, 4.27024], [3.236569, -2.844076, 4.168978], [0.76152, -0.012982, 5.951143], [3.667111, -0.467486, 5.849587], [-3.925377, 2.121494, 6.204106], [-2.145346, 2.320593, 3.869547], [-4.519693, -0.676326, 5.512113], [-2.739392, -0.476952, 3.177562], [1.524099, -3.261606, -4.062495], [-0.76939, -1.759936, -3.254322]]",[-81777.7109375],"[[-0.3694631514206143, -0.456568832117519, -0.5380375717135696], [0.1587702843127247, -0.014857662598879202, -0.4226911354325742], [0.5642618099764353, -0.19269307817198325, 0.26948590413667783], [0.08210472802468524, 0.308024602046421, -0.017289536722614938], [-0.40329071156627067, 0.1413785101876347, -0.08110369416793949], [0.4449183345170946, -0.09206647271560187, 0.015227222886630807], [-0.09565815154603911, 0.1443092094529304, -0.12362955821444503], [-0.11773653509753325, -0.09228044003865726, -0.009388007846346065], [-0.08329268118431646, -0.00738773990605975, 0.03201124959578065], [0.16288189191110547, -0.033489439324695496, -0.0567831017352853], [-0.23660852139919675, -0.0605711615334583, 0.2823380845951847], [0.1828896621010348, 0.03794137375176586, 0.05022626055377688], [-0.0799451030225992, 0.2692124928757585, 0.11383745500364369], [-0.21749693542128595, 0.04445391480137996, 0.47810980338993314]]","tensor(-6, dtype=torch.int32)",
"['Bi', 'Bi', 'Bi', 'Bi', 'Bi', 'Bi', 'Bi', 'Bi', 'Bi', 'Bi', 'Bi', 'Bi', 'Bi', 'Bi']","[[1.554238, 1.370867, 0.186498], [0.590576, -0.910928, 1.774918], [-0.590624, 0.910932, -1.775105], [-1.55419, -1.370871, -0.186311], [0.526196, 7.063056, -1.447487], [-0.455168, 4.306973, -1.762521], [2.773588, 6.468881, -3.251937], [1.791852, 3.712734, -3.566897], [4.181715, 7.334323, 3.501951], [2.412667, 5.587223, 5.075617], [2.041549, 7.714247, 1.518214], [0.272584, 5.967103, 3.092254], [-4.343251, 4.87322, -1.76072], [-2.711324, 7.133659, -2.389588]]",[-81777.5625],"[[-0.06956766214336733, 0.286760847269703, -0.23139108172143458], [-0.047336405855821446, -0.19052234599811643, 0.12123657976077878], [0.2290683972669552, -0.036876129129266834, -0.07721793239576859], [-0.05033591816406663, -0.0840021003597243, 0.09712188138280227], [-0.21583384213547555, 0.605625740441648, 0.3173155455527048], [-0.36995006720576484, -0.3962881539793839, -0.23114168457728207], [0.10687937752597172, 0.10035052024669996, -0.16554848731405739], [-0.0550807219715094, -0.2818677267235223, 0.05682670766894331], [0.28636098908559376, -0.05606920883791018, 0.21941353961857513], [-0.012222295832142486, 0.04732113863683199, 0.000958147832369852], [-0.2895169685340919, 0.05601742679169129, -0.0477155717902798], [0.06023362692434137, -0.01101997534012443, -0.14450553899857457], [0.3676292853686739, 0.5161878107812305, -0.06595310048217795], [0.051890495410020346, -0.5463772065256634, 0.14297429195556974]]","tensor(-6, dtype=torch.int32)",
"['Bi', 'Bi', 'Bi', 'Bi', 'Bi', 'Bi', 'Bi', 'Bi', 'Bi', 'Bi', 'Bi', 'Bi', 'Bi', 'Bi']","[[0.14358, -0.239159, -2.062014], [-1.76633, 1.071361, -0.247325], [1.766508, -1.07139, 0.247391], [-0.143759, 0.239188, 2.061948], [4.02116, -2.28738, -7.101566], [5.440423, -0.396048, -5.350317], [1.586013, -1.959116, -5.482258], [3.005586, -0.067609, -3.731155], [-5.923608, 6.373981, 0.897124], [-3.732375, 5.264645, -0.723428], [-5.006737, 4.804129, 3.211163], [-2.815396, 3.694993, 1.5903], [2.9529, -0.210648, -12.746284], [3.474107, -1.777523, -10.413584]]",[-81777.59375],"[[0.1332689378132602, -0.3297391228779104, -0.16246305897520397], [-0.283473535799315, 0.13756047131007182, 0.19168880472346808], [0.040377762735142125, -0.06064186690937783, -0.17750602622329306], [-0.1094906427583859, 0.11799904487503812, 0.07815011207189163], [0.30193910604073343, 0.10666957539233415, -0.39447459965361675], [0.3953503178731873, 0.028723809570163693, -0.22808664669455112], [-0.33373508219233256, 0.22770329500183834, 0.310216880076659], [-0.09707128204468968, -0.08822508820846266, -0.04121641076889424], [-0.019958332991086406, -0.00053192039969947, 0.10527655093149052], [0.036728079785405085, -0.0693960666237721, -0.0857782708249144], [-0.2500883599075027, 0.14897771830309914, 0.13275769937879334], [0.18410723438541482, -0.015206628338953882, -0.005658080722701808], [0.25150832954433316, -0.4065849650190217, 1.0088541284329264], [-0.24736710282120355, 0.19565627619915618, -0.7280046619668284]]","tensor(-6, dtype=torch.int32)",
"['Bi', 'Bi', 'Bi', 'Bi', 'Bi', 'Bi', 'Bi', 'Bi', 'Bi', 'Bi', 'Bi', 'Bi', 'Bi', 'Bi']","[[-1.386893514695465, 1.549698972341305, -0.06836792779119799], [-1.5130599285798385, -1.3715617242219673, -0.3979610686546331], [1.5132093814702954, 1.3716329838161017, 0.398059571973248], [1.3867440618050095, -1.5497702319354403, 0.06826942447258316], [-3.5828332034308117, -1.878106289381368, 4.476430772167706], [-3.6754169439518396, 0.8475740747991605, 3.371709783368345], [-0.6429942618687938, -1.827010907962782, 4.355620272507257], [-0.7358963442493824, 0.8988760588256726, 3.2509659307097007], [-2.5683472247097177, -2.3587242572925433, -3.4888994129087214], [-1.1550757908172695, -0.09400836498716447, -4.726655221242915], [-5.056898855958767, -0.7883787008318253, -3.457522206742947], [-3.6433045892912896, 1.4762583143132026, -4.695473016084682], [0.5267057529390143, -3.0061380125159367, -4.992631670163112], [0.17987936759776113, -3.8932305279207666, -2.298003244620946]]",[-81777.3515625],"[[-0.23026786897509988, 0.06943807847259119, -0.12963997796642904], [-0.3925809811312629, -0.11425104288620425, 0.05715447208066045], [0.4063202955136706, 0.14345411149208254, -0.20850238885085687], [0.10132023804967484, -0.39602847241691586, 0.08450336290842507], [-0.1618293331185987, -0.26245861252374214, -0.0007805467266992315], [-0.262220373973462, 0.25764797301245224, 0.16266473641837223], [0.17978052817796397, -0.09183743871971418, 0.07835256084643358], [0.04397530368401924, 0.09393170624340479, -0.15463404553247814], [0.27747288624473077, -0.18850171490956527, 0.0642975148217379], [0.5872737101784334, -0.10565764005217389, -0.018764944516375417], [-0.6563346076093012, 0.5615631786104304, 0.05510273062670472], [-0.29126840497323314, -0.24744454449111977, 0.16493759286611265], [0.12009660341258971, -0.18298510150300326, 0.09470185490896606], [0.2552677472374973, 0.4725788432198209, -0.24393694078041228]]","tensor(-6, dtype=torch.int32)",
"['Bi', 'Bi', 'Bi', 'Bi', 'Bi', 'Bi', 'Bi', 'Bi', 'Bi', 'Bi', 'Bi', 'Bi', 'Bi', 'Bi']","[[-2.012237, 0.378838, 0.370268], [-0.432362, -0.333951, -2.007597], [0.432437, 0.333907, 2.007769], [2.012162, -0.378794, -0.37044], [-3.529001, 0.55825, 5.949235], [-5.742527, -1.269279, 5.302123], [-3.556091, 1.569292, 3.185738], [-5.769832, -0.258365, 2.538919], [3.079578, 4.531774, -1.878702], [1.505093, 2.957864, 0.045386], [2.967464, 6.852055, -0.072163], [1.393006, 5.277761, 1.851904], [4.337468, 7.247298, 2.939042], [6.429872, 5.825539, 4.268965]]",[-81778.1640625],"[[5.092751904325133e-05, 0.05391431466824931, 0.3321445454777385], [0.40440579962213613, -0.030042076594271456, -0.28599003011695123], [-0.47149013469693496, 0.018306274886128578, 0.42105534727739163], [0.12563378565578284, -0.09001570828138612, -0.38808015972172943], [-0.028508289299942657, -0.06210667661006411, 0.1187287757766192], [0.028131751034363942, 0.014892413648367506, 0.05111206264550587], [0.038243365411184185, 0.10356692065280214, 0.013428709522650139], [0.03303732086891567, -0.012385041609777185, -0.0746092382679333], [0.4817767127403488, 0.04949531609083455, -0.37605613204808364], [-0.4794455950628506, -0.4263606673096603, -0.3100142770358423], [0.21915128695152816, 0.3070526216714167, 0.1076288545107187], [0.18136715681359816, 0.4474015073193884, 0.8688466854730317], [-0.21160766611705933, -0.6174456224117298, -0.2000623266939116], [-0.32025580932703396, 0.23049155507346347, -0.2791429215129042]]","tensor(-6, dtype=torch.int32)",
"['Bi', 'Bi', 'Bi', 'Bi', 'Bi', 'Bi', 'Bi', 'Bi', 'Bi', 'Bi', 'Bi', 'Bi', 'Bi', 'Bi']","[[-1.627984, 0.17426, 1.284141], [0.921026, 1.605734, 0.94986], [-0.921093, -1.605832, -0.950012], [1.62805, -0.174162, -1.283989], [0.949263, -4.476623, 1.082255], [1.936469, -5.078029, -1.623673], [-1.822565, -4.647721, 0.108831], [-0.835002, -5.249271, -2.597127], [-4.71678, 2.261317, 5.337437], [-2.386842, 4.019452, 5.709812], [-2.949663, 0.131862, 4.33615], [-0.619761, 1.890287, 4.708776], [-5.589792, -5.727868, -1.066016], [-4.430053, -3.132397, -1.360597]]",[-81777.3359375],"[[-0.27782404770811586, 0.19235734333607155, 0.24291333262546383], [0.0891403500164566, 0.2704435377481319, 0.316068097033118], [0.01116911997453679, -0.21094776641584095, -0.47679509477456256], [0.08600236830001061, -0.0663451425083674, -0.18025489697276953], [0.8025312135115046, 0.03258262102413864, -0.11309404582570289], [-0.12727888120954103, -0.06773698426110474, 0.3527194499156798], [-0.9496369619928041, -0.25502930299885085, 0.05797187764838176], [-0.07524301554663014, 0.013487238147284033, -0.2237167459301749], [-0.12117693013454849, 0.1472724074801033, 0.10341728236631065], [-0.09965457365928551, 0.16946613078300654, 0.12082761986646022], [0.08851063508299438, -0.14727662409161268, 0.0310983891994634], [0.13962054314286315, -0.10991842313822194, -0.20295975586595646], [0.5019308816250002, 0.693099860424708, -0.05749138962467844], [-0.07509049762301027, -0.6626492404550598, 0.027937997735507807]]","tensor(-6, dtype=torch.int32)",
"['Bi', 'Bi', 'Bi', 'Bi', 'Bi', 'Bi', 'Bi', 'Bi', 'Bi', 'Bi', 'Bi', 'Bi', 'Bi', 'Bi']","[[1.3013272490773358, 0.9029624097231553, -1.3494150499258066], [1.2037809150386924, -1.6968129051510117, 0.025345541838648455], [-1.2039468916421268, 1.6969088407861557, -0.02536464997885335], [-1.3011612724739028, -0.9030583453582999, 1.3494341580660125], [-4.186551778179194, 5.233010061908114, -0.9974206272046262], [-3.6733458461715136, 3.469313682380316, 1.30134173806384], [-7.078564654125792, 4.775812178160274, -0.7023095674142763], [-6.565024171675615, 3.0121609885996206, 1.5966385446396123], [5.930850520212271, 0.8752749203517574, -1.0000642927762573], [3.991798688734736, -0.10963331143714372, -2.982070203357777], [5.116018391541611, 3.6431626257022813, -1.578601387360911], [3.176847624748561, 2.657889643053197, -3.5605715320268274], [-0.6442748034520875, -4.452983658474937, -0.3055320463878376], [-3.007165759947239, -5.529104511381033, -1.5000839547828155]]",[-81777.609375],"[[0.39591889193976343, -0.08875504428426385, -0.7821593234911126], [0.06938567936127338, -0.6807637006551847, -0.044033955721672915], [-0.7751710612456845, 0.20557210096229378, 0.6950960660197596], [-0.3025524173269823, 0.08359961964894456, -0.02967051598715748], [0.06689289062785453, 0.12533615458973033, -0.13082134909833829], [0.1936526658229173, -0.019655091774842738, 0.09513493176423461], [-0.023082009081655426, 0.002151722455052351, -0.04744871684603661], [-0.25169370618447123, -0.0942994256202779, 0.07891578701548563], [0.06680624440354586, 0.06452855427919713, -0.0262827823141271], [0.15605710049480323, -0.24726816671700777, 0.05285887623861419], [0.10488759423079576, -0.013700660396168692, 0.016052778855867204], [0.02614163381495509, 0.30828304947869123, -0.06507661093123372], [-0.10240555271451668, 0.011497496309143705, 0.0575527361799308], [0.3864427260596163, 0.3462502936847299, 0.12225627983676729]]","tensor(-6, dtype=torch.int32)",
"['Bi', 'Bi', 'Bi', 'Bi', 'Bi', 'Bi', 'Bi', 'Bi', 'Bi', 'Bi', 'Bi', 'Bi', 'Bi', 'Bi']","[[0.2749780630734503, 0.7936031007752085, -1.9037583572499022], [-1.573821886165836, 1.3218392553864065, 0.3236210384607583], [1.5739887646921669, -1.3219256394261696, -0.3235785372240235], [-0.2751449415997813, -0.793516716735446, 1.9037158560131688], [0.873638731381017, 2.009320187649881, 3.356250808007492], [3.6181812652667835, 2.8236598378166824, 2.676066367109212], [1.1768268161187916, 3.215742551462131, 6.023174313195014], [3.9214564676838126, 4.0301134790155215, 5.342615839898338], [-2.0443907120463156, 2.8833456377927726, -5.961723840877462], [0.5088823702028124, 2.8789721824361734, -4.499160645616388], [-0.7170706922961823, 1.6531104285736884, -8.28219832087572], [1.8361853380600772, 1.6487517293571203, -6.819250470588314], [4.60738951473036, 9.202259972898446, 6.941832667023284], [4.8423965582214565, 6.403479208270553, 7.470833560457757]]",[-81777.4453125],"[[-0.11680954905265957, -0.16465065759510833, -0.13208525268722995], [-0.20370666174612456, 0.2188314929640056, 0.16878900468110958], [0.2894596843240742, -0.24536189836012576, 0.17307945831399804], [0.05761356851426739, -0.08096943108682975, -0.00045858756058868175], [-0.07916071043767088, -0.056795648725630296, -0.28268538940170146], [0.11529218597438073, -0.014475868995541227, -0.4620957299423966], [-0.033094167991154964, 0.2587908289977697, 0.6130546900118983], [0.18941224588513403, 0.04737522439275356, 0.42459519263951834], [-0.0729785408998169, 0.07794432086139712, 0.05395606940661051], [0.0326255379017695, 0.20021623301400407, -0.15047492392147946], [-0.05972064013876086, -0.06646192207834066, -0.10089482308605138], [0.12775170734159927, 0.03006759737832154, -0.019996575600592842], [0.14521701505764556, -0.8495510598293636, 0.15022593815405957], [-0.39898889365114354, 0.6490043884548804, -0.4270760514476912]]","tensor(-6, dtype=torch.int32)",
"['Bi', 'Bi', 'Bi', 'Bi', 'Bi', 'Bi', 'Bi', 'Bi', 'Bi', 'Bi', 'Bi', 'Bi', 'Bi', 'Bi']","[[-1.813521, -0.102288, 1.015083], [0.27675, 1.94311, 0.69039], [-0.276761, -1.943247, -0.690524], [1.813531, 0.102426, -1.014949], [3.041019, 5.475326, -3.477487], [5.400429, 3.908897, -2.678862], [1.620898, 4.565391, -1.066028], [3.980647, 2.999068, -0.267551], [-3.027586, 1.912189, -1.371065], [-4.219531, 0.403665, -3.598605], [-5.645049, 1.99812, -0.028916], [-6.836756, 0.489385, -2.256674], [-2.029296, -4.339049, 0.821412], [-3.741423, -2.434431, -0.447168]]",[-81777.6640625],"[[-0.548419692003135, -0.8098681175378305, 0.16439087318845708], [0.6868279079149591, 0.31927858389868874, -0.42234017965755544], [-0.5202635257596899, -0.7126284281432234, 0.08933102313202722], [0.5528332501232609, 0.7413744057770663, 0.16822007065989236], [-0.005544566455543732, 0.15976247356971907, -0.40568230162346436], [0.19219788343008867, 0.030435507016933493, 0.01647467654842673], [-0.09169088575871735, 0.0784696489489563, 0.32762773179772436], [-0.09825306455333153, -0.11159565749921627, 0.08055877426348913], [0.19326221788156678, 0.13198431112146267, 0.15216141425895782], [-0.09468503988502011, -0.2309283857414172, -0.06667732921996024], [-0.11245754317615242, 0.22684043230516227, 0.14538403401109037], [0.005429478672383373, -0.15392935718949546, -0.040031085278142656], [-0.12077378093657824, 0.41675882583769697, -0.08372231275944929], [-0.03717779168729907, -0.09165170212493504, -0.12844528851280113]]","tensor(-6, dtype=torch.int32)",
"['Bi', 'Bi', 'Bi', 'Bi', 'Bi', 'Bi', 'Bi', 'Bi', 'Bi', 'Bi', 'Bi', 'Bi', 'Bi', 'Bi']","[[1.200583, 0.53542, 1.61296], [0.061903, -1.987091, 0.613631], [-0.061884, 1.987235, -0.613757], [-1.200602, -0.535565, -1.612834], [-0.612383, -5.060086, 2.178661], [-3.344291, -5.505713, 1.180458], [-0.829671, -7.47255, 3.849786], [-3.561673, -7.918016, 2.851246], [-0.500376, -7.696625, -1.632108], [-0.075103, -6.400739, -4.239431], [1.385683, -5.811398, -0.387697], [1.810681, -4.515555, -2.995286], [0.439111, 2.597903, -3.830071], [2.071834, 1.415663, -5.856094]]",[-81777.28125],"[[0.3017223619247328, -0.012645967586861451, 0.2406328142860783], [-0.08325087502386368, -0.024645430927360535, -0.22725499720746276], [-0.023658527861380355, 0.3520336849023977, -0.21164155327540912], [-0.033571961497259606, -0.1105849048671623, -0.30466833355122713], [0.03610137304430019, 0.11855995704996918, -0.08243830313275068], [-0.10147851524755143, 0.09883773373457157, 0.006994813419895176], [-0.04497973139880915, -0.3007569121553589, 0.25392830459607774], [0.01386962824688431, -0.016527502463104644, -0.0047946940349125125], [-0.09224454741873592, -0.027272050796319856, 0.07658394942870542], [0.18215751436114952, 0.03086562710193632, -0.013982340329413773], [0.043528296584142256, -0.08586918508282401, 0.18821688794431563], [-0.08587977803368904, 0.20646345149770404, -0.2782633466364653], [0.2627008105750737, -0.5223132103299826, -0.25685787257535875], [-0.3724450156670299, 0.30753670924153054, 0.6058329714707067]]","tensor(-6, dtype=torch.int32)",
"['Bi', 'Bi', 'Bi', 'Bi', 'Bi', 'Bi', 'Bi', 'Bi', 'Bi', 'Bi', 'Bi', 'Bi', 'Bi', 'Bi']","[[-0.2060316669990644, -1.4319152625060307, 1.4956217211335128], [-1.6914374002284742, -0.750338311188653, -0.9512816947993905], [1.691621329694612, 0.7503947443004921, 0.9512918069393494], [0.20584773753292684, 1.431858829394193, -1.495631833273473], [5.04878206394727, 3.144542151967443, -4.567642334347225], [4.515577665414941, 2.6857771977398506, -7.424833515549548], [2.7339083502360224, 1.4682725493066746, -3.8666866824553203], [2.20099789541635, 1.0095563165486752, -6.724122181713037], [1.471469375264333, 3.9699481231856932, 1.9056210501878716], [3.3857209560206503, 6.143969099434934, 1.3883326004983028], [-0.3579556647734323, 5.103477170530269, -0.1014102995582945], [1.5566643119275634, 7.277434719642602, -0.6186053178492422], [-0.6396009172247816, 0.05063100791600206, 4.414077419498507], [1.6228472907614653, -1.467316752876982, 5.277446822407474]]",[-81777.8125],"[[-0.13484471638757148, -0.4564162627718075, 0.7673245642918222], [-0.3574822154597107, -0.023928519553209793, -0.3240778077056483], [0.16451855424184486, 0.3063914364179089, 0.3335032714034997], [-0.019365580257050354, 0.3747693456284398, 0.02480738480478493], [0.1434129223967287, 0.15762120625432632, 0.0006910671451446361], [0.01162586127634946, 0.002743898747441815, 0.04500421859881851], [-0.009101247410453093, -0.15780205775040557, 0.08157040107109993], [-0.09962593155427665, -0.06554043819726582, -0.14522025464941496], [-0.05124543612443131, -0.1857043531277309, 0.07537753573819776], [0.10982833163377757, 0.3530013458217095, -0.04776704016174005], [-0.14793333562315325, -0.22879066655034333, -0.12816544949043454], [0.14742055452593905, -0.004208000365927076, 0.04500221827945613], [0.7871560081297311, -0.3872377630175013, -0.504260816594392], [-0.5463417252824746, 0.32767827971374536, -0.2218693558681495]]","tensor(-6, dtype=torch.int32)",
"['Bi', 'Bi', 'Bi', 'Bi', 'Bi', 'Bi', 'Bi', 'Bi', 'Bi', 'Bi', 'Bi', 'Bi', 'Bi', 'Bi']","[[-0.93247, -1.330571, -1.299921], [-1.736889, 1.142962, 0.07589], [1.737078, -1.142991, -0.075916], [0.932281, 1.330601, 1.299947], [-3.652479, -0.201992, 2.512506], [-1.768337, 0.421412, 4.684991], [-5.06732, 2.329237, 3.013469], [-3.182835, 2.952465, 5.185945], [2.851401, 2.370947, -3.438689], [1.871277, 4.258354, -5.472249], [0.077089, 1.743872, -2.68382], [-0.902797, 3.631364, -4.71767], [8.303504, 2.352127, -4.283051], [5.805921, 3.71511, -4.552493]]",[-81777.5703125],"[[0.1504644338147976, -0.27789485592821855, -0.12160584180039923], [-0.3188319830333352, 0.24892714623549198, 0.09234533471822849], [-0.1395519974947899, 0.0774027948149909, -0.03858689069396993], [0.16081251267973853, -0.053809670711888406, 0.10605528708634529], [0.021340491963979635, -0.1365964613592621, 0.01621580745500558], [0.039920903162518825, 0.021620109871352444, -0.02201795230947186], [-0.09529593433296484, 0.11089132911087463, 0.01235336045915608], [-0.002538161015922549, -0.012232760227778578, 0.011309579417681653], [1.4356271494949493, -0.02127502135698273, -0.17354354269048802], [0.16043641150193821, 0.15012160273024816, -0.22111663929163308], [-0.5462373384365715, -0.17340686277107414, 0.3122598283529549], [-0.3305258808790513, 0.11063627553664855, -0.06282195790391183], [-0.48575889093422814, 0.20245561368012732, -0.020120867938145638], [-0.0460681262469365, -0.2521076540216728, 0.09664411872995257]]","tensor(-6, dtype=torch.int32)",
"['Bi', 'Bi', 'Bi', 'Bi', 'Bi', 'Bi', 'Bi', 'Bi', 'Bi', 'Bi', 'Bi', 'Bi', 'Bi', 'Bi']","[[-0.786302, 1.921511, -0.138703], [-1.908305, -0.756311, 0.339517], [1.908492, 0.756336, -0.339478], [0.786115, -1.921537, 0.138664], [0.219812, -0.025268, -5.688435], [2.332127, -1.519008, -7.090283], [0.980241, -1.323697, -3.159466], [3.092684, -2.817291, -4.561646], [5.70896, 1.449318, -6.068531], [4.257903, 3.801126, -5.057715], [3.851336, 1.281718, -8.344713], [2.400471, 3.633762, -7.33366], [-1.957643, 0.895833, -3.178123], [-3.589592, 1.067164, -5.51813]]",[-81777.15625],"[[-0.2626104105380799, 0.4848782876159576, 0.08549354670384791], [-0.37026261067837496, 0.08875447864125649, -0.2218225103427221], [0.15691204418937638, -0.25207129860292726, -0.5037806885253298], [0.16496083565150585, -0.40159347401165263, 0.20871496777743967], [-0.9368662855494482, 0.6885891145515001, -0.6182627194469017], [0.3738764010081907, 0.08840141456048306, -0.13761940102702003], [0.10467578663558663, 0.21344688006652385, 1.079372842160026], [0.5409079528654445, -0.4055927243399358, -0.12200143195090753], [-0.05425159216690834, 0.0886119880254943, 0.1314529152270973], [0.024062489528397533, -0.14247313225105213, -0.1680903327228415], [-0.03785510290872572, -0.21888790299846644, -0.03513504909936946], [-0.04784283632472578, 0.04989842929334069, 0.0741526100947221], [0.3243046305515982, -0.4623623020651361, 0.2518123883718329], [0.009111500975513715, 0.191126555574156, -0.02002453893399287]]","tensor(-6, dtype=torch.int32)",
"['Bi', 'Bi', 'Bi', 'Bi', 'Bi', 'Bi', 'Bi', 'Bi', 'Bi', 'Bi', 'Bi', 'Bi', 'Bi', 'Bi']","[[2.000087, 0.554517, -0.147911], [-0.570338, 1.862119, -0.73221], [0.570336, -1.862266, 0.732335], [-2.000085, -0.554371, 0.147786], [1.642398, 2.29759, -4.174163], [0.301013, -0.146961, -3.234391], [4.166917, 0.809266, -4.441655], [2.82515, -1.635301, -3.50192], [-3.610801, 3.275591, 1.802577], [-6.478122, 3.849972, 1.475662], [-4.242134, 0.463624, 2.39766], [-7.10955, 1.038315, 2.070535], [0.213298, -2.134537, 6.169638], [-0.164796, -0.641639, 3.762037]]",[-81777.6953125],"[[0.18790984663550436, -0.11316002036919726, 0.3297968698867523], [-0.18060549279314722, 0.2730405590611791, 0.15445195990620103], [0.31598911270045443, -0.29288737810446974, 0.48378145440260234], [-0.3820660890012434, 0.09560960909158964, 0.07005612059126522], [-0.14317884903586636, 0.19043425995524357, -0.14961442664101593], [-0.2358284996920525, -0.0749563373860837, -0.1862890737310625], [0.23753854134747351, 0.051407986498118015, 0.031873155568848364], [0.09736690764917066, -0.15731601614081187, -0.009351909538058423], [0.33486297434900086, -0.09795512495472955, -0.1150304989503411], [-0.22332933189222748, -0.05885011555043965, -0.0010863523626498857], [0.33672944200700167, -0.10700988679439627, 0.09560878633812439], [-0.4006459705522393, 0.20911498022782363, 0.00020968951925702284], [0.0005858637164273692, 0.07749823421695937, -0.2728845958574235], [0.04522005768600732, -0.0034999109658074286, -0.4367348171750312]]","tensor(-6, dtype=torch.int32)",
"['Bi', 'Bi', 'Bi', 'Bi', 'Bi', 'Bi', 'Bi', 'Bi', 'Bi', 'Bi', 'Bi', 'Bi', 'Bi', 'Bi']","[[1.083992, -1.775742, -0.037641], [-1.767905, -1.074621, -0.22047], [1.768032, 1.074758, 0.220425], [-1.08412, 1.775605, 0.037686], [5.310789, 0.89824, -2.016803], [8.163684, 0.198066, -1.846343], [4.857096, -0.306948, 0.62924], [7.710236, -1.00692, 0.799482], [-2.24167, -2.225651, 6.082952], [-4.66093, -0.789387, 5.221187], [-0.966158, -1.626885, 3.499464], [-3.385654, -0.19049, 2.637975], [3.600315, 3.586095, 1.529626], [1.804291, 4.392787, -0.542038]]",[-81777.7734375],"[[0.027597064126137584, -0.7500097176157327, 0.11925616074784151], [0.14076165077706695, -0.024569742750767114, -0.08115213377820579], [0.4991513118868518, 0.2249617776114575, -0.1889199307803678], [-0.49218346421178005, 0.4887844125363933, 0.25243063617887324], [-0.07072198525510663, 0.03183483068399541, 0.11205377691308323], [0.08242380210292573, -0.033978082892123056, -0.0009683324918277587], [-0.10463536887160647, 0.14868620646594438, -0.03151700102037111], [0.1900717342096198, -0.048179836144090306, -0.005832257631294261], [-0.17667195989790052, 0.05617503550237737, 0.15632464963728274], [-0.20651903877869968, -0.20437175507859232, 0.4784679068356812], [0.14711125064509836, -0.03514788405342729, -0.32137763367689604], [0.1688529737630324, 0.25273757464350133, -0.3813429401273843], [-0.6034953231875781, 0.02681718640084978, -0.5363241876221959], [0.40782490591323817, -0.1420523452756707, 0.43250046504405415]]","tensor(-6, dtype=torch.int32)",
"['Bi', 'Bi', 'Bi', 'Bi', 'Bi', 'Bi', 'Bi', 'Bi', 'Bi', 'Bi', 'Bi', 'Bi', 'Bi', 'Bi']","[[1.093365, -0.435373, 1.716018], [0.697825, 1.959383, 0.052586], [-0.69796, -1.959519, -0.052595], [-1.09323, 0.43551, -1.716009], [2.268444, 5.013417, 1.355496], [1.720072, 6.969032, -0.773629], [3.717794, 3.324236, -0.569578], [3.169343, 5.280212, -2.698594], [5.195609, 7.992478, -2.021027], [7.349014, 9.47659, -3.369571], [3.223704, 9.200113, -3.84121], [5.377466, 10.684085, -5.189721], [-1.736521, -0.817143, 5.515167], [-2.314103, -1.788731, 2.89016]]",[-81777.59375],"[[0.13893657790278632, 0.12251256754119123, 0.43220823329761726], [0.3868303457859301, 0.39697484459031435, 0.15910987580550473], [-0.1196288166455061, -0.2039724111153988, 0.016527913839837264], [-0.5334640908886367, -0.3453090122983976, -0.42529144775948236], [0.21419764260356028, -0.003196088165708016, 0.3207162427350219], [-0.11086541237671942, 0.16217057011830924, -0.3011145013801912], [0.08026746811470067, -0.33513170619958665, 0.23265272273829682], [-0.044224613410616065, 0.3582901593625817, -0.2490735963523057], [-0.39090030149013283, -0.33547263466674776, 0.22532800574767486], [0.4084932902595669, 0.3100466215314448, -0.2896892839629693], [-0.22283233737712768, -0.12974318210422575, 0.17097979147069178], [0.1521728299632881, 0.02598521295458447, -8.03871273218023e-05], [-0.0017480271544695453, -0.26778748387395346, -0.6913679643803664], [0.05156694760981259, 0.2619466027579016, 0.3899265213419233]]","tensor(-6, dtype=torch.int32)",
"['Bi', 'Bi', 'Bi', 'Bi', 'Bi', 'Bi', 'Bi', 'Bi', 'Bi', 'Bi', 'Bi', 'Bi', 'Bi', 'Bi']","[[0.95627, 1.832249, -0.241094], [1.350044, -0.877871, -1.317432], [-1.350219, 0.877915, 1.317499], [-0.956094, -1.832293, 0.241028], [1.125811, -7.599959, -2.510325], [0.564716, -5.012868, -1.225629], [2.864319, -6.252061, -4.464965], [2.303105, -3.664977, -3.179903], [3.757134, 2.503115, 1.68139], [5.541344, 0.461365, 0.538513], [5.75187, 3.078543, 3.767], [7.536026, 1.036698, 2.623754], [3.239318, 0.065036, -3.967289], [3.627709, -1.126068, -6.536077]]",[-81777.6328125],"[[-0.08197982376424268, 0.38820470402753093, 0.03147757570275838], [0.3684568725105276, -0.0692396920432839, -0.2296331660987546], [0.0819814178490816, 0.18228766367493304, 0.015356338616373599], [-0.22729793465393028, -0.2762084170128317, -0.061136804540814514], [0.004264647456230139, -0.031902764409178885, -0.08038995553683909], [-0.041929048967234865, -0.005590229272864852, 0.21654706654566014], [0.14073588830918646, -0.25289677743902633, -0.17844417086203915], [0.015089637938405143, 0.07703384130791993, -0.07428841583857916], [-0.19324946520285546, -0.020218590480980157, -0.2399398501799754], [-0.18453043819910042, -0.11589156187381201, -0.1618629631664906], [0.33711891292861224, 0.004719835296656243, 0.2491640478113911], [-0.0017457095608021322, 0.13192522713823973, 0.10766808956659261], [0.0071289222347301765, -0.47803400722694744, -0.6742480074313568], [-0.2151015401293155, 0.4667552399265392, 1.0642305788531]]","tensor(-6, dtype=torch.int32)",
"['Bi', 'Bi', 'Bi', 'Bi', 'Bi', 'Bi', 'Bi', 'Bi', 'Bi', 'Bi', 'Bi', 'Bi', 'Bi', 'Bi']","[[1.630972, -1.260588, 0.283832], [-1.098, -1.593029, -0.765217], [1.098075, 1.593207, 0.765215], [-1.631047, 1.260411, -0.283829], [0.760755, 4.987388, 6.049485], [0.893216, 3.527714, 3.497991], [0.56094, 2.434421, 7.499413], [0.69356, 0.974929, 4.94762], [-3.192756, 4.142123, -0.801188], [-1.963303, 5.884794, -2.828466], [-4.940986, 2.978021, -2.862357], [-3.711182, 4.720831, -4.889559], [0.389082, 0.143813, -5.193925], [1.194473, 0.870431, -2.549759]]",[-81777.3125],"[[0.14390821998280642, -0.004645040321793531, -0.13785321727742444], [0.05680685874159427, -0.37207410812047903, -0.10318835121460611], [0.18048202835126884, 0.2506551856229652, 0.5715514056785096], [0.02339437771915416, 0.10599373484272662, -0.11205516530955584], [-0.03159692637731054, 0.10346963005553687, 0.5055679147402091], [-0.02865259511553754, -0.18836698902963134, -0.17357706989419677], [0.017492916237014444, 0.23299190285434426, 0.1224182080031459], [0.0170738827549558, -0.005704977670220796, -0.340978860810811], [-0.03545024595190497, 0.22737151966697813, -0.047013392845366105], [-0.05215382794099045, 0.03272273593926993, -0.030026603686915683], [-0.01814851705137693, 0.00186970519288652, -0.012728201795712728], [0.042969528710429986, 0.0025601300761073486, 0.0463783917208897], [0.27283312234375406, 0.222973593862692, 0.3961828415358325], [-0.5922256575973792, -0.6191240394808305, -0.6910445194243418]]","tensor(-6, dtype=torch.int32)",
"['Bi', 'Bi', 'Bi', 'Bi', 'Bi', 'Bi', 'Bi', 'Bi', 'Bi', 'Bi', 'Bi', 'Bi', 'Bi', 'Bi']","[[-0.494506, 0.238012, -2.00712], [1.001103, -1.765966, -0.456139], [-1.00123, 1.766075, 0.456235], [0.494633, -0.238121, 2.007024], [-0.413502, -4.701084, 0.244257], [-2.893063, -3.269452, -0.43436], [-0.716338, -3.89178, 3.057293], [-3.196083, -2.460257, 2.378356], [-4.031856, 3.231253, 0.10781], [-4.971158, 0.644728, -0.93426], [-6.776574, 3.893738, 0.936965], [-7.715615, 1.306931, -0.105142], [-4.709865, -0.263198, 4.431369], [-1.958725, -0.143844, 5.196368]]",[-81776.7265625],"[[-0.40198808714242096, 0.4547377428585238, -0.07942507141047253], [0.24545630932026266, -0.2458653206366728, 0.149177133174238], [0.05225806052061873, 0.32484301985041814, -0.4183116187370729], [-0.26475445464641784, -0.5009466113701089, 0.3348997925665706], [0.04584041894101152, 0.10695985309929104, 0.15106180425265733], [-0.2604292396796228, -0.04781626653000752, -0.33495584264639044], [0.292185620820707, -0.3421800294479777, 0.5147593050771981], [-0.09900542117520689, 0.6940413989214982, -0.262571175482206], [0.23581405008431913, -0.10358604967086911, -0.0778366944237247], [0.22100947565278492, -0.1678033460297456, 0.17810159688794758], [-0.2783055641736507, -0.02421291971509934, 0.09251302215886383], [-0.11867277711889095, 0.07802016844647443, -0.042306281431049884], [0.6114693469285535, -0.2514826184985442, -0.04023208909191127], [-0.28178257173986937, 0.017675474946534087, -0.1712463635934313]]","tensor(-6, dtype=torch.int32)",
"['Bi', 'Bi', 'Bi', 'Bi', 'Bi', 'Bi', 'Bi', 'Bi', 'Bi', 'Bi', 'Bi', 'Bi', 'Bi', 'Bi']","[[0.150739, -1.94667, 0.719353], [1.043228, 0.694429, 1.660828], [-1.043375, -0.694433, -1.660952], [-0.150592, 1.946674, -0.719229], [-2.948471, -5.947352, -0.621006], [-3.891873, -6.226602, 2.152137], [-3.08604, -3.018315, -0.37266], [-4.029361, -3.297895, 2.400665], [-1.294496, 6.222163, -3.778238], [1.619379, 6.168876, -4.184203], [-0.926484, 5.280633, -1.014554], [1.987534, 5.227568, -1.420801], [7.063013, 5.11739, -0.703546], [5.099658, 5.433389, -2.756258]]",[-81777.4296875],"[[-0.15293007168386333, -0.040140871443661345, -0.02416804365577936], [0.21870982829533242, 0.034050356641835706, 0.33965062818535546], [-0.10818251617073729, -0.37033501298331656, -0.3142471893482552], [0.19347896199756734, 0.5478303948336529, -0.05681385214604885], [0.0044430291492509105, -0.3106549448748106, -0.10428904108482971], [0.009918606698291983, 0.010398405665968157, -0.006199236530048658], [-0.028308781869038964, 0.021104243448643572, -0.11429248909201598], [-0.05362372842874295, 0.050768912743988655, 0.2825076232311169], [-0.05971626926097675, 0.030783588297033038, 0.09358141895557656], [0.11396868418135034, 0.01694441221278112, -0.2745354506854384], [-0.44726760419291967, 0.15180053402026455, -0.0618876699220341], [0.6742469789895252, -0.17217525225569336, 0.09983619648673843], [-0.5659212008716521, 0.11669168961876317, -0.7137612568206833], [0.20876803537594799, -0.08720363978136049, 0.8644156438417694]]","tensor(-6, dtype=torch.int32)",
"['Bi', 'Bi', 'Bi', 'Bi', 'Bi', 'Bi', 'Bi', 'Bi', 'Bi', 'Bi', 'Bi', 'Bi', 'Bi', 'Bi']","[[0.261014, 0.155251, 2.058515], [0.018334, 2.074459, -0.158704], [-0.018406, -2.074636, 0.158676], [-0.260942, -0.155075, -2.058487], [5.382945, -4.751198, 0.092525], [5.287557, -5.036657, 3.019594], [2.460535, -4.411272, 0.030629], [2.365471, -4.696656, 2.957892], [-3.059408, -1.516226, -3.335856], [-2.101466, -4.221279, -2.6852], [-5.363747, -2.673528, -4.753789], [-4.405568, -5.378615, -4.102831], [-2.190658, -1.495175, 3.843327], [-3.610056, -1.71956, 1.37286]]",[-81777.5546875],"[[0.07485806976907845, -0.03791648545944218, 0.7752497370457985], [-0.20723899948288096, 0.12278582453583588, -0.06255420307306604], [-0.6114518634174171, -0.4192910038932644, -0.0424406319297153], [0.2845327794637269, 0.06583380122971738, -0.1581243199983239], [0.31199305054184906, -0.06238579572314862, 0.04644153290713813], [0.09684466488710615, -0.035244465025828786, -0.07567850924020285], [-0.20240712264776944, 0.05919212388152384, -0.07447420385544988], [-0.15674831624979252, 0.0886180558323005, 0.060039868483276075], [0.04521789795816106, -0.06824441746079483, 0.32002410138238424], [0.0811259085115011, 0.21288637926832543, 0.1762023733576117], [-0.26858174950046476, -0.21703099984949917, -0.2657174875774876], [-0.08568344848804486, 0.11283626688062319, -0.09461263758007851], [0.15843305823615725, 0.34377267446832654, -0.5959835840498876], [0.48780291907444717, -0.1643609455311588, -0.016752520393640103]]","tensor(-6, dtype=torch.int32)",
"['Bi', 'Bi', 'Bi', 'Bi', 'Bi', 'Bi', 'Bi', 'Bi', 'Bi', 'Bi', 'Bi', 'Bi', 'Bi', 'Bi']","[[-1.422489, -1.344871, -0.70538], [-1.115419, 0.269384, 1.735563], [1.115515, -0.269326, -1.735719], [1.422394, 1.344813, 0.705537], [-2.151621, 0.151743, 6.762647], [0.65084, -0.7394, 6.864574], [-1.460184, 2.084362, 4.653913], [1.342346, 1.192868, 4.755983], [-3.06006, 3.26248, -5.699566], [-2.031407, 2.541135, -3.038767], [-2.600468, 0.506785, -6.624107], [-1.571922, -0.214339, -3.963013], [0.602457, -3.902254, -1.825722], [3.0786, -5.308699, -2.068354]]",[-81777.6796875],"[[-0.17488277964354124, -0.43864057131099743, -0.38352945888336554], [0.15556673942951696, -0.0012267639832495825, 0.5062619072881437], [-0.03387506901606518, -0.3577291443434675, -0.2851325667398908], [0.0852220894824085, 0.1261127824388304, 0.39912634490193105], [-0.1508890260249558, 0.02447019472368158, -0.024094715753189364], [0.11894207461248409, -0.08745823055676237, 0.019395487345512025], [-0.01663536544239832, 0.2011308777568991, 0.0749630736800804], [0.06277084434488348, 0.11321159672704983, -0.05983741970873414], [-0.04447922475485457, -0.08928052663809777, -0.10098748569507465], [0.11980570864053387, -0.03607922040724845, 0.14116058336352783], [-0.2293879341440199, 0.21560151712572687, -0.4960268027583992], [0.1487608713429154, -0.12179862322172455, 0.17688659570814644], [0.4805307040393262, 0.13095309249696072, -0.1317508034036077], [-0.5229688419976, 0.31874657093922437, 0.16274701176489678]]","tensor(-6, dtype=torch.int32)",
"['Bi', 'Bi', 'Bi', 'Bi', 'Bi', 'Bi', 'Bi', 'Bi', 'Bi', 'Bi', 'Bi', 'Bi', 'Bi', 'Bi']","[[-1.487105698317542, -1.3624629522430765, 0.5117871093795503], [-0.9752364930163266, 0.38966591407456297, -1.7961011054746199], [0.9753874595112175, -0.3897133973482105, 1.7962109756532136], [1.4869547318226521, 1.362510435516725, -0.5118969795581443], [3.792684889999877, 4.595218084073643, 4.469298555233335], [2.2698602166291315, 2.337633723849735, 3.3545647168541053], [2.335471768761542, 6.4478674259682105, 2.70745882006346], [0.8126225458312972, 4.189963866467409, 1.592939404492623], [9.885890215893511, 3.2639192132076325, 1.5758420257719457], [9.676516262784382, 5.576708402142364, 3.3829065999053904], [6.951901494900619, 3.15366192371451, 1.3773163791790637], [6.7428351152242065, 5.466681515516411, 3.184408901519733], [-2.3396974995645294, -4.095649352083475, 5.16731067111527], [-0.5104064327206668, -2.102677742451043, 4.245354934563694]]",[-81777.546875],"[[-0.5485708729523738, -0.3374627210329016, -0.09151337669859065], [-0.15275698492361234, -0.06647534324424248, -0.010668947574177478], [0.5879401404852823, 0.11877685543224448, 0.3803222630316558], [0.12262168521951942, 0.33090815270784096, 0.10174061364832367], [0.14549669981373742, 0.4472660101080808, 0.12073444303652119], [-0.27041587266286304, -0.3347541652032222, -0.26017542023559453], [0.27106435665975115, 0.1936164646704465, 0.2096752753376558], [-0.0764849104803265, -0.44185023542310287, -0.1925611290849945], [0.07595721697655473, 0.12532149929363065, 0.029598442783601978], [0.4659836000203222, -0.08387323659823023, 0.04503598202478614], [-0.15013039590790794, -0.05159492122763093, 0.05296753111811816], [-0.36637237518423676, 0.06946615493459268, -0.14010231671885592], [0.5899564006960493, 0.6333525322204182, -0.35645058545847613], [-0.6898782663873564, -0.6118848374285024, 0.10917192863478647]]","tensor(-6, dtype=torch.int32)",
"['Bi', 'Bi', 'Bi', 'Bi', 'Bi', 'Bi', 'Bi', 'Bi', 'Bi', 'Bi', 'Bi', 'Bi', 'Bi', 'Bi']","[[0.435769, 1.624999, 1.224418], [-0.478757, -1.134952, 1.676777], [0.478849, 1.134989, -1.676942], [-0.43586, -1.625035, -1.224252], [-2.697643, -5.319863, -1.898345], [-3.592705, -2.538942, -1.546696], [-5.499699, -6.196028, -2.10002], [-6.394509, -3.414828, -1.748457], [0.533123, 4.625879, -0.316231], [-1.20662, 5.6588, 1.820281], [2.768369, 4.449117, 1.589625], [1.028246, 5.481998, 3.72609], [1.90227, 0.509651, -4.698297], [2.236477, -2.325899, -4.57099]]",[-81777.6328125],"[[0.20401334310029476, 0.2804603040770368, 0.748449571357261], [-0.14145615754591723, -0.3509845713900267, 0.03199900599577597], [0.23834489116550558, 0.24535768174861636, -0.954231525875284], [0.4405582553722098, -0.47510983856728206, -0.13737344916300323], [0.19030765876577893, 0.09564534744523624, -0.013609324477108138], [0.16627184187628283, 0.10167412488391353, 0.056317217585590086], [-0.12695471634423436, 0.11253297938449709, 0.027433634434684898], [-0.5985300060248222, -0.3044811571378838, -0.095217104266576], [0.08497973716480216, 0.23594774752242154, -0.26524512424425356], [-0.0073292832723540645, 0.12884946615260295, 0.17940591824081942], [-0.0016739649444118172, -0.0710297464732, -0.08809355049820655], [-0.1375858224012197, -0.034147791220957395, -0.022932699896550016], [-0.07413373818711302, -0.9526153295369925, 0.45622142446681907], [-0.23233251737404162, 0.9913737026219562, 0.07512392198253588]]","tensor(-6, dtype=torch.int32)",
"['Bi', 'Bi', 'Bi', 'Bi', 'Bi', 'Bi', 'Bi', 'Bi', 'Bi', 'Bi', 'Bi', 'Bi', 'Bi', 'Bi']","[[-0.62057, 1.207151, 1.577148], [-1.977653, -0.224755, -0.606035], [1.977828, 0.224692, 0.606086], [0.620395, -1.207088, -1.577199], [6.408867, 2.08061, 6.288763], [7.268848, 2.001195, 3.475857], [3.661428, 1.419881, 5.467256], [4.521783, 1.340406, 2.654282], [2.630902, -3.158423, -3.615089], [4.763145, -1.364743, -4.560901], [3.089673, -4.92193, -5.92581], [5.222082, -3.128019, -6.871361], [-6.919946, 1.069915, -0.365861], [-4.690166, 0.266347, 1.2312]]",[-81777.7578125],"[[-0.14407081663637555, -0.03367467198297718, 0.19322956485341483], [-0.9090567042032376, 0.3020460125691237, 0.2106978036286811], [0.16461101116250182, 0.15346830671640857, -0.053022398489831715], [0.2994057966991512, -0.4423701641910464, -0.30475950491959464], [-0.013995072439288445, 0.011150386906574983, -0.04778025563927556], [0.2590845519848623, 0.048458019375108095, 0.11289463095456403], [-0.05311557531977075, -0.01629464780581272, 0.08490959743188999], [-0.08522075250802748, -0.013095124130166391, -0.04380132732158394], [0.06478206519067586, 0.1136801548255071, 0.21135214974400907], [0.018002719995126287, 0.041442760531601563, -0.013805530609732535], [-0.002358703058525053, -0.08164429461669728, -0.1866770534120173], [-0.03946188900425841, -0.0410951934724178, 0.04580781733495117], [0.8365320146836868, -0.30596206195323394, 0.6059121614917365], [-0.4015106330221207, 0.2707175660741502, -0.8146226041251173]]","tensor(-6, dtype=torch.int32)",
"['Bi', 'Bi', 'Bi', 'Bi', 'Bi', 'Bi', 'Bi', 'Bi', 'Bi', 'Bi', 'Bi', 'Bi', 'Bi', 'Bi']","[[-0.784451, -0.803445, -1.751807], [-0.543107, 1.906656, -0.631351], [0.543229, -1.90679, 0.631417], [0.78433, 0.803579, 1.751741], [1.533827, 3.025311, -3.041124], [3.751488, 4.713219, -2.097058], [3.440179, 0.874414, -3.673045], [5.657753, 2.562606, -2.728735], [-0.52109, -1.076409, -8.025328], [-1.05174, -3.610709, -6.627456], [-1.733066, 0.408715, -5.792532], [-2.263502, -2.125889, -4.394759], [-4.49105, -0.965333, -7.35039], [-5.575486, 1.087012, -5.68302]]",[-81777.125],"[[-0.14644564309171484, -0.04278861036563168, -0.14136426626826762], [0.08704448840792708, 0.2876901473086977, -0.03336704446232192], [0.2174476216354628, -0.3047867586281309, 0.20242918272505633], [-0.07005077269374113, 0.08789331287360246, -0.020444888821595907], [-0.08605872691237992, -0.17809727743225504, 0.020677162409253], [0.10350202597323092, 0.19980470201510664, 0.011818442151517622], [-0.2120096326069233, -0.08800952680056837, -0.02792986790282935], [0.12001751623574299, 0.061812233713689414, 0.03848836082429763], [0.18575325553682143, -0.2960634635907749, -0.14960434791106667], [0.22955089075223004, -0.1429929581748125, -0.34286466317524505], [-0.6490486114536373, -0.1937623491442528, -0.2433972145072113], [-0.3753329831742245, 0.06508751241464822, -0.182890124899859], [0.9360363329913818, 0.5928771754976705, 1.1641334183705232], [-0.3537388414591188, -0.04282074403065868, -0.2990833287628666]]","tensor(-6, dtype=torch.int32)",
"['Bi', 'Bi', 'Bi', 'Bi', 'Bi', 'Bi', 'Bi', 'Bi', 'Bi', 'Bi', 'Bi', 'Bi', 'Bi', 'Bi']","[[1.984887, -0.314597, 0.539415], [-0.371482, 0.849427, 1.862627], [0.37145, -0.849549, -1.862773], [-1.984855, 0.314719, -0.539269], [4.897885, -0.322063, -3.132189], [2.650771, 1.504905, -2.611631], [4.947973, 0.5413, -5.945008], [2.700802, 2.368379, -5.424086], [6.430678, -5.293423, -9.180906], [6.56506, -2.357226, -9.318751], [3.909276, -5.107141, -7.675021], [4.043872, -2.17079, -7.813148], [4.752805, -0.996836, 5.649606], [4.357332, -0.048775, 2.98258]]",[-81777.5390625],"[[0.6633634933070759, 0.3531521153942157, 0.574961204571036], [0.050888782781665746, -0.024153578621418516, 0.2457634020511655], [-0.2281190426122452, -0.128565770473368, -0.8558595220241327], [0.011960994473789704, 0.048911788480027564, -0.0930938346832355], [0.07701980307691918, -0.19795839181700436, 0.17324642584535127], [-0.2661204310870915, -0.1308293709446244, 0.5812717236494682], [-0.019216240218689996, -0.11039058078308964, -0.020480133523163357], [-0.11058768166010749, 0.09922571341552634, -0.4919333471583454], [-0.047652949967156306, -0.015988604085578062, -0.004719834268214412], [0.08162269733823459, 0.06512170810554747, -0.0004438335340731685], [0.011377091481714197, -0.24669661016912012, 0.0631515220888342], [-0.0448461882269815, 0.3393217324876236, -0.030567738925425903], [-0.11088341010877163, 0.24755201666251744, -0.6807765561780792], [-0.06737852086071563, -0.3050804816152235, 0.5484181493403877]]","tensor(-6, dtype=torch.int32)",
"['Bi', 'Bi', 'Bi', 'Bi', 'Bi', 'Bi', 'Bi', 'Bi', 'Bi', 'Bi', 'Bi', 'Bi', 'Bi', 'Bi']","[[0.2749780630734503, 0.7936031007752085, -1.9037583572499022], [-1.573821886165836, 1.3218392553864065, 0.3236210384607583], [1.5739887646921669, -1.3219256394261696, -0.3235785372240235], [-0.2751449415997813, -0.793516716735446, 1.9037158560131688], [0.873638731381017, 2.009320187649881, 3.356250808007492], [3.6181812652667835, 2.8236598378166824, 2.676066367109212], [1.1768268161187916, 3.215742551462131, 6.023174313195014], [3.9214564676838126, 4.0301134790155215, 5.342615839898338], [-2.0443907120463156, 2.8833456377927726, -5.961723840877462], [0.5088823702028124, 2.8789721824361734, -4.499160645616388], [-0.7170706922961823, 1.6531104285736884, -8.28219832087572], [1.8361853380600772, 1.6487517293571203, -6.819250470588314], [4.60738951473036, 9.202259972898446, 6.941832667023284], [4.8423965582214565, 6.403479208270553, 7.470833560457757]]",[-81777.4453125],"[[-0.11680954905265957, -0.16465065759510833, -0.13208525268722995], [-0.20370666174612456, 0.2188314929640056, 0.16878900468110958], [0.2894596843240742, -0.24536189836012576, 0.17307945831399804], [0.05761356851426739, -0.08096943108682975, -0.00045858756058868175], [-0.07916071043767088, -0.056795648725630296, -0.28268538940170146], [0.11529218597438073, -0.014475868995541227, -0.4620957299423966], [-0.033094167991154964, 0.2587908289977697, 0.6130546900118983], [0.18941224588513403, 0.04737522439275356, 0.42459519263951834], [-0.0729785408998169, 0.07794432086139712, 0.05395606940661051], [0.0326255379017695, 0.20021623301400407, -0.15047492392147946], [-0.05972064013876086, -0.06646192207834066, -0.10089482308605138], [0.12775170734159927, 0.03006759737832154, -0.019996575600592842], [0.14521701505764556, -0.8495510598293636, 0.15022593815405957], [-0.39898889365114354, 0.6490043884548804, -0.4270760514476912]]","tensor(-6, dtype=torch.int32)",
"['Bi', 'Bi', 'Bi', 'Bi', 'Bi', 'Bi', 'Bi', 'Bi', 'Bi', 'Bi', 'Bi', 'Bi', 'Bi', 'Bi']","[[0.8866557070815484, 0.6179953939266338, -1.7780995612495052], [-1.314439308544894, 1.6099508206125077, -0.09598219809232078], [1.3145702506519878, -1.6100644168286267, 0.09606626392529372], [-0.8867866491886429, -0.6178817977105153, 1.778015495416534], [0.35928267447772066, -0.7604273599786613, -4.739462709179815], [2.4067635884651484, -2.8621276748994973, -4.518122805635815], [0.10588341964218828, -1.3108266394818422, -7.619169008080135], [2.1534220957583248, -3.4126809172792445, -7.397480640809002], [-5.302273784788567, -2.2484781053639695, 5.666268864998662], [-2.8494869424913194, -0.9699107638045499, 4.662567754541377], [-5.531977968317954, -0.17671629559872115, 7.74350209909211], [-3.079090113946571, 1.1017771013933095, 6.739436575734624], [-5.102950920983129, -3.531362631640464, -7.7719217991560425], [-2.9017945558024048, -2.2310784779859976, -6.494261515678674]]",[-81777.6796875],"[[0.20999995442387823, 0.10069602528001147, 0.24821032227889694], [-0.1429157221932626, 0.22375608383023193, -0.05822405158547947], [0.30970188782950697, -0.1283687724405333, -0.2008124721658491], [-0.1200584996427305, -0.06543132051893764, 0.12605914919731473], [-0.12375199421449187, -0.20384107909350904, 0.45124479444391596], [-0.07335798451356976, 0.12827718969543317, -0.07035498578751562], [-0.44087547825515344, -0.12593666177517632, -0.7516541961043919], [0.09275249483934181, -0.15335584660212784, 0.09750980964166547], [-0.2053101568277963, -0.12101335646123938, 0.09342710125875146], [0.08222325594577216, -0.00844410907555243, -0.06628199617990982], [0.022373011567398512, -0.004032353813957329, -0.03263767865759103], [0.022973729583419974, 0.12410937775095783, 0.12896058929250262], [0.8066496088259736, 0.3231232079975973, 0.2612157405703058], [-0.4405697224986316, -0.09091621194909721, -0.23440184518331697]]","tensor(-6, dtype=torch.int32)",
"['Bi', 'Bi', 'Bi', 'Bi', 'Bi', 'Bi', 'Bi', 'Bi', 'Bi', 'Bi', 'Bi', 'Bi', 'Bi', 'Bi']","[[0.6984597518375059, 1.907446306512513, -0.45112887556147463], [-0.6567870905465821, -0.22334395840806054, -1.961543554684288], [0.6567680273358086, 0.22334197586657945, 1.9617352567018165], [-0.698440688626733, -1.9074443239710335, 0.4509371735439468], [3.047364433191965, 3.3741776616568466, 6.795499557492112], [2.3659150676139884, 2.1119582555323557, 4.226308518908544], [5.909133690133321, 3.0056896270344167, 6.217267592342815], [5.227338259918358, 1.7435500665139503, 3.6479271149873522], [2.2342104184286953, -3.671867341428202, 0.30427600206645233], [4.278674910624434, -5.7867772367696295, 0.22921113332125276], [0.5336509383225274, -5.251844389474274, -1.5044884655809139], [2.5783658755397214, -7.366767954622619, -1.5792608306037315], [1.8416593276295465, -1.8141747540301578, -3.592908330353649], [3.675942058004643, -3.8571405039254127, -2.799219579016831]]",[-81777.421875],"[[-0.026914019341500003, 0.13588498530019114, -0.0875460594891773], [0.11335357312189626, -0.014990655554326963, -0.2081621288708863], [0.059350606767766746, 0.033889287224386444, 0.277561897885252], [-0.27258814749947724, -0.4195690431424258, -0.20578005190063456], [0.10239603962757479, 0.15361917913309794, 0.2306378509240024], [0.012876873346882572, -0.03990911207692002, -0.09312777326367687], [-0.02379593797449465, 0.005592563835822486, 0.045219867424268485], [0.02442679962059904, -0.017514359249202402, -0.0645107622355112], [-0.37812977931305153, 0.32720175119109357, 0.03563835824731502], [0.45070907909385804, -0.8831687664192911, 0.11944703955177845], [-0.06351826444596735, 0.2544621687508389, 0.2916139614286362], [0.44763126122455815, -0.03751240037940522, 0.1206792157101666], [0.47610578163696166, 0.16925771704584158, -0.33036842643463993], [-0.9330600223308566, 0.342730194405769, -0.1359355846383037]]","tensor(-6, dtype=torch.int32)",
"['Bi', 'Bi', 'Bi', 'Bi', 'Bi', 'Bi', 'Bi', 'Bi', 'Bi', 'Bi', 'Bi', 'Bi', 'Bi', 'Bi']","[[1.7652924509844559, 0.2823408854556254, 1.0647726923751966], [0.9919811090042929, 0.4669500073966044, -1.7682862022196586], [-0.9921214284775668, -0.46693346782008566, 1.7684171750711544], [-1.7651521315111838, -0.28235742503214445, -1.064903665226693], [-4.300585904982351, -6.687080402887492, 1.3584484118390687], [-2.8889703997447493, -5.992688985723376, -1.1282111718039372], [-4.943015748824438, -3.847379041493194, 1.7865126488309095], [-3.5313563740502056, -3.153266921641236, -0.7004087295316337], [-2.0424355215437213, 3.5383900597835067, 1.2234985675344991], [0.4213760711400476, 2.942870700960814, 2.7179224661678414], [-3.565200227367069, 3.5563944788594415, 3.741577678433811], [-1.101053988113516, 2.960964234970711, 5.235832644530687], [-1.62363515273015, -0.9167637387940575, 6.7305069811025415], [-2.3610014895027627, -2.182575460988434, 4.276478539224605]]",[-81777.3828125],"[[0.4868707393983241, 0.04524414379370238, -0.003986130495838011], [0.0789437092112124, 0.1400923408330898, 0.05237741119517089], [-0.4073071368731409, 0.061696945384371905, 0.6537331639963784], [-0.15229799133418856, 0.12397907417089961, -0.20331405407692776], [-0.013391042840569373, -0.06783808009314676, 0.08808054070903736], [0.07827661041717311, -0.16441740698771126, -0.18915395271913857], [-0.048429649807184595, 0.0705295123663308, 0.2708048807856494], [-0.07894242365892294, -0.009367850386447552, -0.01400921351447235], [0.02043286119437585, -0.07660996900704381, -0.3149049293216273], [0.26271289476659454, -0.02930919351847664, -0.3999085777590132], [-0.04178298451610801, -0.027562981563839795, 0.06753993480617845], [-0.23837389322515548, -0.3712610734305418, 0.5065720339224495], [0.038642488259383885, 0.07903585759931989, -0.46687402495808406], [0.02343915607650014, 0.23080003620083892, -0.0406921728296765]]","tensor(-6, dtype=torch.int32)",
"['Bi', 'Bi', 'Bi', 'Bi', 'Bi', 'Bi', 'Bi', 'Bi', 'Bi', 'Bi', 'Bi', 'Bi', 'Bi', 'Bi']","[[0.9018352760896036, -0.8354512785301698, 1.6788177374370312], [-0.13495615586028675, -1.8868193893515053, -0.866374255707155], [0.13500407843823486, 1.8870059140460251, 0.8663796376080577], [-0.9018831986675526, 0.835264753835651, -1.678823119337936], [-0.2925547046711219, -2.0917180572890284, -4.26970628966575], [-2.785337653932822, -3.521111045545085, -3.6363165891049007], [1.2703630564631805, -4.4006001775245664, -3.328318832800838], [-1.222739532368217, -5.829879866503972, -2.6951120579609626], [2.6442469172228513, 2.6815473978807205, 7.337468919986266], [3.2308850620442824, 1.3321059682170564, 4.789297580627441], [1.1939454994367154, 4.791118147375104, 5.886195008004029], [1.7806655039134065, 3.441300474596485, 3.3380380948467208], [7.815293173332298, 4.933738820415395, 3.107748784737376], [5.038188927281098, 4.263662138488965, 3.024482518465494]]",[-81777.3203125],"[[0.20812752180325442, 0.18334449050104076, 0.532180081261938], [-0.25634180046428356, -0.1578532741536171, -0.17688860116971797], [0.28610547271254344, 0.19928467040297998, 0.29468869397244146], [-0.2898210273615917, -0.2318102231898855, -0.5346771380289579], [-0.15436346248659558, 0.14697955866856754, -0.20235112399004118], [0.08185137137948124, 0.09198486585626785, -0.0019338326548514098], [0.062130227928006765, -0.23212626336472292, 0.026876110975588823], [0.07765872256477381, -0.02259479504837373, -0.014195505467840541], [-0.09387740451469859, 0.09542217556778841, 0.24659181194648447], [0.34673890639890254, 0.039634723796260686, -0.30573446777591046], [-0.031364704211745024, 0.055630115597927014, 0.2186187083490565], [-0.1662934905768371, 0.10682034496484037, -0.020358484281117667], [-0.49561110657008395, -0.15593934390508998, 0.2056970566448279], [0.4120214113848139, -0.12009233537898874, -0.25802865075640297]]","tensor(-6, dtype=torch.int32)",
"['Bi', 'Bi', 'Bi', 'Bi', 'Bi', 'Bi', 'Bi', 'Bi', 'Bi', 'Bi', 'Bi', 'Bi', 'Bi', 'Bi']","[[0.354536, 0.309035, -2.026947], [0.820658, -1.906244, -0.147165], [-0.820794, 1.906373, 0.147212], [-0.3544, -0.309164, 2.026901], [6.187751, -4.155587, -2.349229], [4.099896, -2.91578, -0.687286], [5.123412, -2.771852, -4.718262], [3.035625, -1.53202, -3.055941], [1.84191, 7.435216, 0.660237], [0.215416, 4.98681, 0.794897], [3.385968, 6.537901, 2.999162], [1.759293, 4.089384, 3.1335], [2.315357, -6.487937, 0.547304], [0.838876, -4.50989, 1.987991]]",[-81777.734375],"[[-0.13869566540374414, 0.17683969876062744, -0.4051440151688276], [0.07396615359066086, -0.7694729792779442, 0.36986640346276767], [-0.2130054728324197, -0.0369019327348206, 0.19743450354800937], [-0.10731014038711928, 0.14709854938847863, 0.33979450719759025], [0.22870767129453667, -0.041095728262170214, -0.35174093893504516], [-0.2638336906746251, -0.083357781552254, 0.20029876547098652], [0.2779872100046923, -0.29727918467985814, -0.0873850569204471], [0.08026294297064183, 0.17514405529084823, 0.04235654652556722], [0.34921210331543023, 0.38672513618656185, 0.05862246995102456], [-0.16682061843760151, -0.1484748102474679, 0.03968783253244228], [-0.04042745190223379, 0.13082957663299072, -0.09376216760747266], [-0.0536560729243454, -0.18744447670672493, -0.023412349740160616], [-0.3890587735465473, 0.9730874926359614, 0.4643368589596335], [0.371367877114749, -0.42215886536265196, -0.7509584552053438]]","tensor(-6, dtype=torch.int32)",
"['Bi', 'Bi', 'Bi', 'Bi', 'Bi', 'Bi', 'Bi', 'Bi', 'Bi', 'Bi', 'Bi', 'Bi', 'Bi', 'Bi']","[[-0.4708623888013491, -1.6777579313134403, 1.1371594585886495], [-1.814628830695175, 0.8687102760045453, 0.5304428208237596], [1.8147642137720361, -0.868770117994435, -0.530566138943863], [0.47072700572448867, 1.6778177733033313, -1.1370361404685474], [0.08948864529332745, -4.419357288484352, -4.837680685976611], [0.49621833662787185, -1.7932964830806162, -3.574078982791943], [-2.7628839449157008, -3.798433532905384, -5.209545195626225], [-2.355796103191836, -1.1722306138463008, -3.9459434052997944], [5.238725165260904, -2.1861375854070957, 1.0450779330199669], [4.715623694798064, -5.081580864287892, 1.0121123423891483], [2.7854063951151398, -1.760960338926292, 2.6136155443893836], [2.2626056756038206, -4.656636492123548, 2.5805884198825844], [-7.325768614923898, -0.374846427695913, 1.728866663529744], [-5.14925055686684, 0.2723785509863533, -0.006677341708175022]]",[-81777.5234375],"[[0.01671032856750049, -0.44776007356396064, 0.39788229024038846], [-0.5317933871332727, 0.036791226113862666, 0.4278460972690693], [0.15141018892309718, -0.3192269561187446, -0.22146013886337307], [-0.012287756154721073, 0.2918897381057681, -0.451259655428382], [-0.09109845184164908, -0.39374707990197344, -0.11898053833698428], [0.12770650732310235, 0.3782364287309839, 0.08599506636300656], [0.12060233968325772, -0.018248527877286667, -0.05962329811940401], [-0.020501741086044363, 0.1913124464352099, 0.2700250133447799], [0.30986720985392974, -0.0524490935908304, -0.11464627308207151], [0.11460338705769559, 0.018935881833198467, -0.10835550008680514], [-0.2747293633927784, 0.2112033342109828, 0.14884962587297876], [-0.22818846243587526, 0.0008363350680729437, 0.020033681781875413], [0.5829727664388631, 0.08762149569752199, -0.1750243960837466], [-0.27126716538893414, 0.017654916394321266, -0.09703127565744211]]","tensor(-6, dtype=torch.int32)",
"['Bi', 'Bi', 'Bi', 'Bi', 'Bi', 'Bi', 'Bi', 'Bi', 'Bi', 'Bi', 'Bi', 'Bi', 'Bi', 'Bi']","[[1.741754, 1.026066, -0.49315], [0.242249, 0.546722, 1.992816], [-0.242276, -0.546846, -1.992961], [-1.741726, -1.025942, 0.493295], [-0.247676, -4.305654, -5.175699], [-1.425842, -5.657351, -2.842643], [-1.883085, -1.922918, -4.620846], [-3.061051, -3.274905, -2.287634], [-0.921676, -12.709184, -1.462288], [-2.471287, -10.208471, -1.521054], [1.205418, -11.427983, -3.041482], [-0.344457, -8.92722, -3.099972], [-3.294456, -1.80984, -7.669607], [-2.168239, -0.033455, -9.604636]]",[-81777.9140625],"[[0.2534839148806621, 0.28454285819367614, 0.377301677950282], [0.2589092540746734, 0.16720659265698476, -0.1323793870510552], [-0.10311486904574138, -0.19155083925176475, -0.0219611977469974], [-0.33571694102383404, -0.2753013313173987, -0.1476891835323417], [0.06284998294382176, -0.26001272073784226, -0.25900402498945135], [0.09098902563077144, 0.0012863544740745597, -0.009613971943366557], [-0.009263422402871278, 0.46181763927114367, -0.40128519857264344], [-0.3602175621991022, 0.13375971025527908, 0.22355898295321408], [0.06411198391532505, 0.01889116518236238, -0.02774705208285182], [-0.05345604098810762, 0.1010915640084282, 0.020903188212783388], [0.09022329926508586, -0.27636319750848104, 0.005759089137188156], [-0.021754048993285237, 0.10103659379253148, -0.027847973079782484], [0.32235650461217175, 0.3010582970340966, -0.32323006310389607], [-0.2594763369005938, -0.5776444093095675, 0.7281645846716355]]","tensor(-6, dtype=torch.int32)",
"['Bi', 'Bi', 'Bi', 'Bi', 'Bi', 'Bi', 'Bi', 'Bi', 'Bi', 'Bi', 'Bi', 'Bi', 'Bi', 'Bi']","[[-1.792317, 0.605293, 0.866564], [-0.563639, -1.990176, 0.224533], [0.563757, 1.990327, -0.224514], [1.7922, -0.605444, -0.866583], [-3.319845, -2.552821, -1.618508], [-4.716668, -0.147542, -2.578629], [-5.848429, -3.582789, -0.520652], [-7.245088, -1.177314, -1.481062], [1.808987, -0.80057, 2.608055], [0.404767, 1.320446, 4.087166], [3.759965, 1.173454, 1.629909], [2.355526, 3.294362, 3.109318], [3.446999, 0.563125, -3.564026], [5.231972, 1.579945, -1.57702]]",[-81777.4765625],"[[0.22608061948000813, 0.3620896862871765, 0.010705560103380897], [-0.521207635361059, -0.46349271390429175, 0.5582515959128176], [-0.048815212649835224, 0.4386642768952148, -0.13542640308749995], [1.4530746651673099, 0.2065282433330921, -0.4648858412093185], [0.19795684915425704, -0.001819779998394513, -0.08385117652094334], [0.10052972623584874, 0.20175226231152568, 0.027463603229656464], [-0.16052310914833845, -0.1897204699020516, 0.13143671726825026], [-0.1014994440388236, 0.02237053816479362, -0.004906477434468079], [-0.25709899076276727, -1.0675267349232394, 0.14502238244102345], [-0.34019035445855644, -0.04770157983916146, 0.11301341598610884], [0.20636040162618205, 0.1843444444938634, -0.8886323636494362], [-0.28118982929025166, 0.5635722397283766, 0.24625083205723183], [-0.4053003897493158, 0.02737457616250775, -0.014913599550097573], [-0.07029626175893372, -0.24302409581072254, 0.3845046788501392]]","tensor(-6, dtype=torch.int32)",
"['Bi', 'Bi', 'Bi', 'Bi', 'Bi', 'Bi', 'Bi', 'Bi', 'Bi', 'Bi', 'Bi', 'Bi', 'Bi', 'Bi']","[[0.2891438263004794, 0.006607506954636189, 2.0605986722539305], [1.528693714668392, 1.3943033072238702, -0.2189034882943386], [-1.5288718157381296, -1.394372367489805, 0.21887843457949463], [-0.28896572523074215, -0.006538446688701294, -2.060573618539088], [1.392243769806663, 2.824160911935002, 3.4288170531032423], [3.830955019709502, 3.6504033667209046, 4.853009633230208], [2.202578697556781, 4.438051363789621, 1.105333928259056], [4.6414118531950095, 5.264067445147955, 2.529813496300348], [-2.3155242852849987, 2.173854339270335, 2.5540313219468787], [-4.317254585640278, 1.99473662098948, 4.703288474411288], [-4.472366384723833, 2.3785588543025846, 0.5625526911881424], [-6.473982963094402, 2.1995372163328635, 2.712165236229861], [0.24735480332817383, -3.264403323514314, -2.6800142456567997], [1.2744076054495141, -5.129390395593329, -0.7733863882003831]]",[-81777.7109375],"[[0.20188775952283328, -0.1051749923006243, 0.1466777109910056], [0.4337346466640138, 0.11462848103838558, 0.41095419729620747], [-0.1682007359534591, -0.12282963615786019, -0.6518737411649238], [-0.4154772844713941, -0.7144235733602058, -0.4857735462303278], [-0.2264597031391199, 0.1668076600705239, 0.08215203634893686], [0.29902568459820783, 0.04959650448264142, 0.2107706173103553], [-0.18082172268823204, 0.08180267465875703, -0.18841506868525662], [0.1645296099915341, 0.06544818696497517, 0.07241999414109843], [0.2575062023059721, -0.008360332203953817, -0.04247044131620297], [-0.1604007245703832, 0.03287564467078579, 0.27032840368508915], [-0.10448043410968244, -0.043398671775692836, -0.24458840725861195], [0.026688626029696023, 0.024930268177028495, 0.05060215090100172], [-0.13516080798450045, 0.25826899761243777, 0.6686028902179417], [0.011892608234200337, 0.2077510092487215, -0.2982787787180397]]","tensor(-6, dtype=torch.int32)",
"['Bi', 'Bi', 'Bi', 'Bi', 'Bi', 'Bi', 'Bi', 'Bi', 'Bi', 'Bi', 'Bi', 'Bi', 'Bi', 'Bi']","[[1.65914, 0.609232, -1.098091], [-0.674759, -1.101717, -1.630897], [0.674743, 1.101846, 1.631039], [-1.659124, -0.609361, 1.09795], [4.128078, -1.389001, 2.859062], [6.710217, 0.002849, 3.090634], [2.819598, 0.79279, 4.33809], [5.402009, 2.18455, 4.569405], [-6.459273, 1.215319, 2.635421], [-4.948855, 0.261756, 0.297116], [-8.984661, 0.649793, 1.234543], [-7.47388, -0.303885, -1.103702], [1.963737, -4.910722, 0.384277], [-0.615444, -3.797241, 0.909851]]",[-81777.671875],"[[0.0208594948615697, -0.051319849033153606, 0.03387928562757456], [-0.16206530909684938, -0.4133435762034633, 0.014460591492133452], [0.32847424226927874, 0.3033370156002769, 0.053358904657117075], [-0.16962600206572204, -0.2746564982890126, 0.2923777337548418], [-0.04296912247590653, -0.011978652820037532, 0.013540254323700785], [0.004255294291993046, -0.050221437161586883, -0.011743437888742188], [-0.08000819792896523, -0.16004303250136775, -0.04576596489461597], [0.11770372780310658, 0.15837037470652385, 0.051201655355661936], [0.0013707993186427693, 0.05038925829966031, 0.12010117997874013], [0.17509438155038404, 0.03714132828216122, -0.0004001648140413455], [0.049074765657074366, -0.01728804033975002, -0.05329097607414276], [-0.2687902146597213, -0.05137257724585752, -0.11996403726050203], [-0.5156581632379788, 0.3292344664711655, 0.2628742572899658], [0.5396013175184516, 0.15262513868080677, -0.6321878218461802]]","tensor(-6, dtype=torch.int32)",
"['Bi', 'Bi', 'Bi', 'Bi', 'Bi', 'Bi', 'Bi', 'Bi', 'Bi', 'Bi', 'Bi', 'Bi', 'Bi', 'Bi']","[[-0.494506, 0.238012, -2.00712], [1.001103, -1.765966, -0.456139], [-1.00123, 1.766075, 0.456235], [0.494633, -0.238121, 2.007024], [-0.413502, -4.701084, 0.244257], [-2.893063, -3.269452, -0.43436], [-0.716338, -3.89178, 3.057293], [-3.196083, -2.460257, 2.378356], [-4.031856, 3.231253, 0.10781], [-4.971158, 0.644728, -0.93426], [-6.776574, 3.893738, 0.936965], [-7.715615, 1.306931, -0.105142], [-4.709865, -0.263198, 4.431369], [-1.958725, -0.143844, 5.196368]]",[-81776.7265625],"[[-0.40198808714242096, 0.4547377428585238, -0.07942507141047253], [0.24545630932026266, -0.2458653206366728, 0.149177133174238], [0.05225806052061873, 0.32484301985041814, -0.4183116187370729], [-0.26475445464641784, -0.5009466113701089, 0.3348997925665706], [0.04584041894101152, 0.10695985309929104, 0.15106180425265733], [-0.2604292396796228, -0.04781626653000752, -0.33495584264639044], [0.292185620820707, -0.3421800294479777, 0.5147593050771981], [-0.09900542117520689, 0.6940413989214982, -0.262571175482206], [0.23581405008431913, -0.10358604967086911, -0.0778366944237247], [0.22100947565278492, -0.1678033460297456, 0.17810159688794758], [-0.2783055641736507, -0.02421291971509934, 0.09251302215886383], [-0.11867277711889095, 0.07802016844647443, -0.042306281431049884], [0.6114693469285535, -0.2514826184985442, -0.04023208909191127], [-0.28178257173986937, 0.017675474946534087, -0.1712463635934313]]","tensor(-6, dtype=torch.int32)",
"['Bi', 'Bi', 'Bi', 'Bi', 'Bi', 'Bi', 'Bi', 'Bi', 'Bi', 'Bi', 'Bi', 'Bi', 'Bi', 'Bi']","[[-1.484349, -1.288168, -0.683408], [-1.406696, 1.521546, 0.187106], [1.406862, -1.521624, -0.187166], [1.484184, 1.288246, 0.683468], [0.638812, -3.005741, 2.789708], [2.802014, -4.477174, 4.136466], [1.375851, -0.570005, 4.267485], [3.539185, -2.041756, 5.614069], [-4.493072, -4.494084, 3.695185], [-2.909797, -2.795818, 5.502793], [-3.832113, -2.71565, 1.445704], [-2.248709, -1.017546, 3.253637], [4.656631, -1.25003, 2.391147], [3.828381, 1.38317, 3.131757]]",[-81777.703125],"[[-0.46360347708955035, 0.2425848483044646, -0.12086634070141834], [-0.673247333529252, -0.16541982924092966, -0.054255911622600884], [0.6315388750504678, -0.3993483340712726, 0.5440220747313983], [0.5032278496187764, 0.21997681720971876, 0.10212571369215008], [-0.4529596697759453, -0.02108815347618887, -0.5557103161470408], [-0.0315637385594062, -0.44029826527719224, 0.03632978483287978], [-0.44516881152517024, 0.6952966121769132, 0.3859587927557773], [0.5912023579749803, 0.04370466407383592, -0.2448510713023915], [-0.008629192609768542, -0.0574318428426313, 0.11945264455976042], [-0.0441945469136705, -0.20714232595071466, 0.2714422061886651], [-0.09948997154414485, 0.06384978267036966, -0.3354977800695293], [0.514434831679342, 0.24015145208681818, -0.19425512704784323], [0.3725909001408363, 0.015741006714630773, 0.3020885900609502], [-0.3879682138283645, -0.25161158510422144, -0.257984067803005]]","tensor(-6, dtype=torch.int32)",
"['Bi', 'Bi', 'Bi', 'Bi', 'Bi', 'Bi', 'Bi', 'Bi', 'Bi', 'Bi', 'Bi', 'Bi', 'Bi', 'Bi']","[[-2.0720460797883185, 0.008012845761897813, 0.1904613794635439], [0.18307662710203165, 0.6596290545919665, 1.964758861014896], [-0.18304406159459918, -0.6596231870501776, -1.9649486557979623], [2.072013514280888, -0.008018713303686698, -0.19027158468047778], [3.91246667570417, 2.557188490967508, -6.9272621635548335], [3.4128067817045684, -0.2406046866188134, -6.165024021264813], [2.9632095003169105, 3.4457497192105144, -4.287332491045719], [2.463742498730508, 0.6476841475171816, -3.5252868636055044], [2.209579988878823, -4.24777195202422, 1.3268840675524727], [3.8963593101518827, -1.9349512550783978, 2.008022529898154], [3.686314499504374, -5.8958364892089765, 3.2667287478185267], [5.37295192378234, -3.582665633785542, 3.947791564388783], [4.666475389946786, 6.252862614018898, 0.10276258417807616], [4.310028908782771, 6.107323492383497, -2.7291993319386254]]",[-81777.65625],"[[-0.1115791510078198, 0.08386598608331777, 0.22504667548465251], [-0.17000919949216006, -0.04012382502030329, 0.13528843761579662], [-0.08359668858972463, -0.030555119944152703, -0.20877184061072473], [0.12761672435120744, 0.023387214621797367, -0.014083518436802327], [0.18811224398795473, -0.0487119725165744, -0.3320479747897553], [0.08911150222308142, 0.12349406100313744, -0.2709381154249276], [-0.0604607068807491, 0.6757665017956503, 0.31438109247472384], [0.09771081859764325, -0.3906065270809486, 0.2735408960122314], [-0.04408343405818912, 0.23590403874458035, -0.10608644887384147], [-0.2104276319595311, 0.09785382343432121, -0.13624499136332757], [0.11997622429620597, 0.020786341794091064, 0.10689007332101991], [0.188094914743093, -0.3265419029119667, 0.243273133000234], [-0.16748211222365883, -0.09930125246805419, -1.1589248747146041], [0.02872638581695174, -0.3174828216166075, 0.9107808869338425]]","tensor(-6, dtype=torch.int32)",
"['Bi', 'Bi', 'Bi', 'Bi', 'Bi', 'Bi', 'Bi', 'Bi', 'Bi', 'Bi', 'Bi', 'Bi', 'Bi', 'Bi']","[[-1.519331, -0.317937, -1.385736], [1.371323, 0.206575, -1.551034], [-1.37139, -0.206649, 1.551199], [1.519398, 0.318011, 1.385571], [6.175248, -1.719826, 4.958243], [3.800297, -0.46611, 3.755696], [5.042705, -1.29206, 7.640448], [2.667676, -0.038431, 6.437534], [-7.04407, -1.996709, 0.691651], [-4.375281, -0.829894, 0.274013], [-8.262791, 0.294928, -0.695064], [-5.593701, 1.461502, -1.11269], [4.089921, 2.346082, 0.693666], [2.971258, 4.925664, 1.206104]]",[-81777.7890625],"[[-0.0798126397146947, -0.0822774548302952, -0.052769504643451905], [0.48999226604546514, 0.10734680433841426, -0.05861038575950376], [-0.5497083296180756, 0.02202189638389588, 0.026875689314437887], [0.7980878305782637, 0.16366319917053912, -0.2606582736755105], [0.29733533760386116, -0.2021239411894503, 0.19423584376350156], [0.06513620913537244, 0.15385752052756121, -0.15068986826427483], [0.02553331047158927, 0.007721885799341698, -0.09950092444965093], [-0.10606793692087345, 0.06133333977482502, 0.14555717219343298], [-0.31107357212234577, -0.12190609539312222, 0.11495804522330794], [-0.1869162689820374, 0.05315254780361521, -0.04323476900099764], [-0.006761912482720833, -0.09445220065435567, 0.007436246365045126], [0.16087473341054773, 0.12434957034071792, 0.014597076007599349], [-1.1382017718087354, 0.48313482160101107, 0.30758951972958093], [0.5481831503818769, -0.660337817438636, -0.13369610112799732]]","tensor(-6, dtype=torch.int32)",
"['Bi', 'Bi', 'Bi', 'Bi', 'Bi', 'Bi', 'Bi', 'Bi', 'Bi', 'Bi', 'Bi', 'Bi', 'Bi', 'Bi']","[[1.63913, -1.229866, 0.361107], [-0.234917, -0.864573, -1.877826], [0.234937, 0.86472, 1.87795], [-1.63915, 1.229719, -0.36123], [-0.089091, 1.649916, 5.204498], [-2.167689, 3.561031, 4.376621], [1.978327, 3.685269, 4.711567], [-0.10063, 5.59632, 3.883815], [0.478296, -0.750263, 11.700399], [-0.635869, -2.166999, 9.374499], [2.106414, 0.917868, 9.904172], [0.99191, -0.499046, 7.57832], [0.385712, -0.10557, 15.027514], [0.080568, 2.390326, 16.386057]]",[-81777.40625],"[[0.1916707041472327, -0.2917939387491586, -0.14658083177047299], [0.0726260938841424, -0.005720594559432986, -0.0003821475930163943], [-0.035735664271207765, 0.2445482980271812, 0.08869719443123879], [-0.25727038059399615, 0.07741796433200637, -0.07373310867163009], [0.05398964803241084, -0.31527172310085205, -0.02721894206013827], [-0.2186576862944725, 0.2423596195433537, -0.02674135424239994], [0.18400387598134338, 0.1237011377659214, 0.09680666396143012], [-0.021543840625124197, -0.13538325995266617, -0.014551099515519608], [0.25669085362191396, 0.058127223787038405, 0.5188499324622151], [-0.2569423590718211, -0.1491771845963296, -0.14635308332687472], [0.04164796038804293, 0.2195365412616293, 0.00908459179499103], [0.07591849614159663, 0.04137135067302743, 0.06205720855796623], [-0.24344015195367882, 0.6513631197955558, 0.1406837977304181], [0.1668839704544254, -0.7581200098993892, -0.48078606614610175]]","tensor(-6, dtype=torch.int32)",
"['Bi', 'Bi', 'Bi', 'Bi', 'Bi', 'Bi', 'Bi', 'Bi', 'Bi', 'Bi', 'Bi', 'Bi', 'Bi', 'Bi']","[[1.984887, -0.314597, 0.539415], [-0.371482, 0.849427, 1.862627], [0.37145, -0.849549, -1.862773], [-1.984855, 0.314719, -0.539269], [4.897885, -0.322063, -3.132189], [2.650771, 1.504905, -2.611631], [4.947973, 0.5413, -5.945008], [2.700802, 2.368379, -5.424086], [6.430678, -5.293423, -9.180906], [6.56506, -2.357226, -9.318751], [3.909276, -5.107141, -7.675021], [4.043872, -2.17079, -7.813148], [4.752805, -0.996836, 5.649606], [4.357332, -0.048775, 2.98258]]",[-81777.5390625],"[[0.6633634933070759, 0.3531521153942157, 0.574961204571036], [0.050888782781665746, -0.024153578621418516, 0.2457634020511655], [-0.2281190426122452, -0.128565770473368, -0.8558595220241327], [0.011960994473789704, 0.048911788480027564, -0.0930938346832355], [0.07701980307691918, -0.19795839181700436, 0.17324642584535127], [-0.2661204310870915, -0.1308293709446244, 0.5812717236494682], [-0.019216240218689996, -0.11039058078308964, -0.020480133523163357], [-0.11058768166010749, 0.09922571341552634, -0.4919333471583454], [-0.047652949967156306, -0.015988604085578062, -0.004719834268214412], [0.08162269733823459, 0.06512170810554747, -0.0004438335340731685], [0.011377091481714197, -0.24669661016912012, 0.0631515220888342], [-0.0448461882269815, 0.3393217324876236, -0.030567738925425903], [-0.11088341010877163, 0.24755201666251744, -0.6807765561780792], [-0.06737852086071563, -0.3050804816152235, 0.5484181493403877]]","tensor(-6, dtype=torch.int32)",
"['Bi', 'Bi', 'Bi', 'Bi', 'Bi', 'Bi', 'Bi', 'Bi', 'Bi', 'Bi', 'Bi', 'Bi', 'Bi', 'Bi']","[[-1.422489, -1.344871, -0.70538], [-1.115419, 0.269384, 1.735563], [1.115515, -0.269326, -1.735719], [1.422394, 1.344813, 0.705537], [-2.151621, 0.151743, 6.762647], [0.65084, -0.7394, 6.864574], [-1.460184, 2.084362, 4.653913], [1.342346, 1.192868, 4.755983], [-3.06006, 3.26248, -5.699566], [-2.031407, 2.541135, -3.038767], [-2.600468, 0.506785, -6.624107], [-1.571922, -0.214339, -3.963013], [0.602457, -3.902254, -1.825722], [3.0786, -5.308699, -2.068354]]",[-81777.6796875],"[[-0.17488277964354124, -0.43864057131099743, -0.38352945888336554], [0.15556673942951696, -0.0012267639832495825, 0.5062619072881437], [-0.03387506901606518, -0.3577291443434675, -0.2851325667398908], [0.0852220894824085, 0.1261127824388304, 0.39912634490193105], [-0.1508890260249558, 0.02447019472368158, -0.024094715753189364], [0.11894207461248409, -0.08745823055676237, 0.019395487345512025], [-0.01663536544239832, 0.2011308777568991, 0.0749630736800804], [0.06277084434488348, 0.11321159672704983, -0.05983741970873414], [-0.04447922475485457, -0.08928052663809777, -0.10098748569507465], [0.11980570864053387, -0.03607922040724845, 0.14116058336352783], [-0.2293879341440199, 0.21560151712572687, -0.4960268027583992], [0.1487608713429154, -0.12179862322172455, 0.17688659570814644], [0.4805307040393262, 0.13095309249696072, -0.1317508034036077], [-0.5229688419976, 0.31874657093922437, 0.16274701176489678]]","tensor(-6, dtype=torch.int32)",
"['Bi', 'Bi', 'Bi', 'Bi', 'Bi', 'Bi', 'Bi', 'Bi', 'Bi', 'Bi', 'Bi', 'Bi', 'Bi', 'Bi']","[[-1.438082, 1.464042, 0.343827], [-0.95186, -0.517747, -1.776177], [0.951938, 0.517712, 1.77635], [1.438004, -1.464007, -0.343999], [-3.42006, -3.636289, -2.951477], [-0.749446, -3.950893, -1.75684], [-2.625797, -5.379207, -5.185586], [0.04485, -5.693745, -3.990571], [-4.96334, -4.733143, 2.288834], [-4.941654, -2.68188, 0.179293], [-2.298512, -3.851771, 3.172991], [-2.277167, -1.800395, 1.063309], [3.284296, 5.245452, -1.05455], [1.225087, 3.389855, -0.358375]]",[-81777.609375],"[[-0.40982568807444025, 0.38802842909760216, 0.41303483796562995], [-0.041768524623956325, -0.21127239407997186, -0.5375084383912335], [0.005318705202706395, 0.6089728043824495, 0.1913312154986358], [0.23579219569539855, -0.09743607036234285, -0.35053267404924066], [-0.1366691207746616, 0.3692342716910013, 0.22968206850784514], [0.026552892276767163, 0.20327255644902445, 0.514979905850067], [0.11560920316895809, -0.28099159712721905, -0.1797960062275289], [0.042161934477781736, -0.20111797081191304, -0.35533657726653384], [-0.0200632700533693, 0.07678197590337167, 0.01768358421037591], [-0.502071829578015, -0.07432626249798045, -0.3177415261593356], [0.09476093889218899, -0.5679503166053136, 0.5627983372501301], [0.325587148937641, 0.17144917232261428, -0.2098928422071216], [-0.11789887464064447, 0.012472834546728028, 0.18957746506537365], [0.3806233907999356, -0.4070443185630866, -0.17406372856888944]]","tensor(-6, dtype=torch.int32)",
"['Bi', 'Bi', 'Bi', 'Bi', 'Bi', 'Bi', 'Bi', 'Bi', 'Bi', 'Bi', 'Bi', 'Bi', 'Bi', 'Bi']","[[-1.013656, 1.333473, -1.234531], [-1.430572, -1.457027, -0.399301], [1.430681, 1.457137, 0.399415], [1.013547, -1.333583, 1.234417], [2.682728, 0.039944, 5.676837], [3.717969, -2.076438, 7.439652], [3.75423, -1.385842, 3.336138], [4.789306, -3.502261, 5.099299], [3.838498, -1.476785, 10.709776], [6.453735, -2.806605, 10.485209], [4.312985, -1.028635, 13.57925], [6.928383, -2.358469, 13.354334], [0.33458, 4.679666, 0.345615], [1.399644, 7.214046, 1.127151]]",[-81777.71875],"[[-0.18806308446840633, 0.033243986254967, 0.14433594894055088], [-0.19655138054725158, -0.025987701783816833, -0.19788300703075126], [0.2560491573411141, 0.6206733871000707, 0.04061200064669749], [0.08604520290229495, -0.16355536704450038, 0.09916117869059615], [-0.04286071956465129, 0.1487836513294844, 0.0164243137519354], [-0.003943602883440392, -0.09584291112107829, -0.06275834877663006], [-0.03302423908881827, 0.020161774211995803, 0.01598943712346162], [0.15044412208862434, -0.17386503360703268, -0.1465990351908915], [-0.006483919513441884, 0.006227894061684987, -0.022585688195955293], [-0.07464785625870825, 0.02080065256217718, -0.19465215701691574], [0.1549059141306502, 0.0335004745055481, 0.36154435500599363], [-0.12459562504891787, 0.04371580724108083, 0.12077882030155287], [0.3958900441463883, 0.5701115871143301, 0.05353847060090689], [-0.3753450159436537, -1.0451468122267327, -0.22591282919518962]]","tensor(-6, dtype=torch.int32)",
"['Bi', 'Bi', 'Bi', 'Bi', 'Bi', 'Bi', 'Bi', 'Bi', 'Bi', 'Bi', 'Bi', 'Bi', 'Bi', 'Bi']","[[1.093365, -0.435373, 1.716018], [0.697825, 1.959383, 0.052586], [-0.69796, -1.959519, -0.052595], [-1.09323, 0.43551, -1.716009], [2.268444, 5.013417, 1.355496], [1.720072, 6.969032, -0.773629], [3.717794, 3.324236, -0.569578], [3.169343, 5.280212, -2.698594], [5.195609, 7.992478, -2.021027], [7.349014, 9.47659, -3.369571], [3.223704, 9.200113, -3.84121], [5.377466, 10.684085, -5.189721], [-1.736521, -0.817143, 5.515167], [-2.314103, -1.788731, 2.89016]]",[-81777.59375],"[[0.13893657790278632, 0.12251256754119123, 0.43220823329761726], [0.3868303457859301, 0.39697484459031435, 0.15910987580550473], [-0.1196288166455061, -0.2039724111153988, 0.016527913839837264], [-0.5334640908886367, -0.3453090122983976, -0.42529144775948236], [0.21419764260356028, -0.003196088165708016, 0.3207162427350219], [-0.11086541237671942, 0.16217057011830924, -0.3011145013801912], [0.08026746811470067, -0.33513170619958665, 0.23265272273829682], [-0.044224613410616065, 0.3582901593625817, -0.2490735963523057], [-0.39090030149013283, -0.33547263466674776, 0.22532800574767486], [0.4084932902595669, 0.3100466215314448, -0.2896892839629693], [-0.22283233737712768, -0.12974318210422575, 0.17097979147069178], [0.1521728299632881, 0.02598521295458447, -8.03871273218023e-05], [-0.0017480271544695453, -0.26778748387395346, -0.6913679643803664], [0.05156694760981259, 0.2619466027579016, 0.3899265213419233]]","tensor(-6, dtype=torch.int32)",
"['Bi', 'Bi', 'Bi', 'Bi', 'Bi', 'Bi', 'Bi', 'Bi', 'Bi', 'Bi', 'Bi', 'Bi', 'Bi', 'Bi']","[[-1.095137, -1.755039, 0.224111], [0.790979, -0.721467, -1.784024], [-0.79097, 0.721543, 1.784201], [1.095128, 1.754964, -0.224288], [-1.101451, -0.202902, -4.541954], [-1.331831, -1.889218, -6.942283], [-3.786722, 0.888045, -5.050884], [-4.016879, -0.798584, -7.45123], [-5.451455, 6.458576, -2.419256], [-3.599839, 7.046389, -4.629303], [-5.422303, 3.608909, -3.153015], [-3.570479, 4.197044, -5.363037], [2.342608, 3.839629, -3.774003], [-0.273629, 2.941712, -3.05477]]",[-81778.0390625],"[[0.11880812006392381, 0.027342344795506766, -0.026408113377929764], [-0.03224312723333259, -0.16121931284621077, -0.05774850008256763], [-0.2583164602029641, -0.08045449026176928, 0.2833326906904833], [0.10679499387369248, 0.4768612235843317, -0.34514389596234113], [0.14391043113274427, 0.20490001422537144, 0.44102866466596374], [0.11024413066627597, -0.2229511224086725, -0.47637235375970116], [-0.3550650686230029, 0.04252521098594252, 0.01813083299408331], [-0.051710929466230536, -0.08679905076482607, 0.005123559907831247], [0.09770248821880763, 0.21448205819207733, -0.10976163718100113], [-0.1315253175320389, 0.4200890233324609, 0.25948513007825363], [0.10496904682385505, -0.16800430356363177, -0.1267437315024905], [0.12640491134108411, -0.25435346244924334, 0.06837826916517195], [-0.5073352920277394, -0.15688052244723916, 0.16859992565037785], [0.5219254877594857, -0.24643883122404042, -0.0814579409568192]]","tensor(-6, dtype=torch.int32)",
"['Bi', 'Bi', 'Bi', 'Bi', 'Bi', 'Bi', 'Bi', 'Bi', 'Bi', 'Bi', 'Bi', 'Bi', 'Bi', 'Bi']","[[-0.2060316669990644, -1.4319152625060307, 1.4956217211335128], [-1.6914374002284742, -0.750338311188653, -0.9512816947993905], [1.691621329694612, 0.7503947443004921, 0.9512918069393494], [0.20584773753292684, 1.431858829394193, -1.495631833273473], [5.04878206394727, 3.144542151967443, -4.567642334347225], [4.515577665414941, 2.6857771977398506, -7.424833515549548], [2.7339083502360224, 1.4682725493066746, -3.8666866824553203], [2.20099789541635, 1.0095563165486752, -6.724122181713037], [1.471469375264333, 3.9699481231856932, 1.9056210501878716], [3.3857209560206503, 6.143969099434934, 1.3883326004983028], [-0.3579556647734323, 5.103477170530269, -0.1014102995582945], [1.5566643119275634, 7.277434719642602, -0.6186053178492422], [-0.6396009172247816, 0.05063100791600206, 4.414077419498507], [1.6228472907614653, -1.467316752876982, 5.277446822407474]]",[-81777.8125],"[[-0.13484471638757148, -0.4564162627718075, 0.7673245642918222], [-0.3574822154597107, -0.023928519553209793, -0.3240778077056483], [0.16451855424184486, 0.3063914364179089, 0.3335032714034997], [-0.019365580257050354, 0.3747693456284398, 0.02480738480478493], [0.1434129223967287, 0.15762120625432632, 0.0006910671451446361], [0.01162586127634946, 0.002743898747441815, 0.04500421859881851], [-0.009101247410453093, -0.15780205775040557, 0.08157040107109993], [-0.09962593155427665, -0.06554043819726582, -0.14522025464941496], [-0.05124543612443131, -0.1857043531277309, 0.07537753573819776], [0.10982833163377757, 0.3530013458217095, -0.04776704016174005], [-0.14793333562315325, -0.22879066655034333, -0.12816544949043454], [0.14742055452593905, -0.004208000365927076, 0.04500221827945613], [0.7871560081297311, -0.3872377630175013, -0.504260816594392], [-0.5463417252824746, 0.32767827971374536, -0.2218693558681495]]","tensor(-6, dtype=torch.int32)",
"['Bi', 'Bi', 'Bi', 'Bi', 'Bi', 'Bi', 'Bi', 'Bi', 'Bi', 'Bi', 'Bi', 'Bi', 'Bi', 'Bi']","[[-0.1317384928124843, 0.1458854859040437, -2.0714915143549426], [1.0301291827263857, -1.797445096099133, -0.19217158060999973], [-1.0302685108438925, 1.7975600786083703, 0.19223854103295013], [0.13187782092999112, -0.14600046841328085, 2.071424553931994], [2.6447783962238702, 6.543379359377857, -0.5203552253976279], [4.5446654085644775, 5.132611615224562, 1.228495074707589], [0.4743620675746554, 4.79804703376925, 0.4298905063336521], [2.3745713230811094, 3.387466564143244, 2.1788385591549146], [5.230781818925971, -7.037599915034431, -1.6815877380193516], [2.579823474601203, -6.261847988333867, -2.695955750457267], [5.9066295694080315, -4.201832220826167, -1.279704272561905], [3.255391803860154, -3.426345120667201, -2.2940562013764247], [3.0538184963192956, -1.5960503432387974, 2.9440834818899013], [5.239278323611823, 0.056338079770860916, 2.130682063775713]]",[-81777.5625],"[[-0.021395647299406025, 0.13292055314282036, -0.10068985462902212], [0.25477625488619626, -0.5647863153105291, 0.1086755511847856], [-0.054997418183153304, 0.16430088452819588, -0.2253940317132608], [-0.07740845124506447, 0.03488306542401058, 0.8054139359653583], [0.24228922269998363, 0.2098418314922764, -0.13122794357644424], [0.07875797261643325, 0.16201316709598945, -0.038124153576279275], [-0.209013473019049, -0.1569811040583654, 0.1418124097963685], [0.06533125312872717, -0.39615939306207304, 0.00846668851596426], [0.053558216684072776, -0.10982889727678492, 0.023935471819991117], [-0.0800165797298924, -0.06016945215405223, -0.0593542063141772], [0.028621690438499263, 0.11558261794761236, 0.01010228640940802], [0.03623846948265586, 0.013422831977582792, -0.08630601575077775], [0.4786618195430212, 0.9300580006245424, -0.9769863156193931], [-0.7978662013635631, -0.4728434098809889, 0.5135779853673804]]","tensor(-6, dtype=torch.int32)",
"['Bi', 'Bi', 'Bi', 'Bi', 'Bi', 'Bi', 'Bi', 'Bi', 'Bi', 'Bi', 'Bi', 'Bi', 'Bi', 'Bi']","[[-0.343854, -1.962509, 0.60003], [0.811148, -0.688833, -1.787863], [-0.811149, 0.688936, 1.788026], [0.343855, 1.962406, -0.600193], [-3.741973, -3.744193, -0.984694], [-5.419504, -3.114106, -3.318616], [-3.268824, -0.872469, -0.549733], [-4.946611, -0.242648, -2.883765], [2.243068, -0.52485, 2.768572], [0.092877, -0.957583, 4.730136], [3.361884, 1.603721, 4.464831], [1.211517, 1.170645, 6.426391], [2.718407, -3.474888, -1.75284], [3.720647, -6.15122, -1.784614]]",[-81777.1484375],"[[0.2905836684017826, -0.7236790356233007, -0.2517812265843367], [0.43375984348888696, -0.08216859426242491, 0.06101308298847824], [0.28313055044849084, -0.029243126415217435, 0.3695377648754937], [-0.11400303413852435, 0.4266609209023832, -0.18498151278642125], [0.04856567666603545, -0.013448270486286348, 0.2142465450126508], [-0.07699306358929871, 0.048545056407312735, -0.15042668999957948], [0.08334898837459419, -0.011510701502260893, 0.10836244206916815], [-0.3157914461804292, 0.06306559577380763, -0.2684706777826566], [-0.2137602977146908, 0.08235942164427026, -0.3895885753560737], [-0.21563103340629253, -0.0050404916326545765, 0.1139516120469465], [0.12036842058867014, 0.19387583770036512, 0.28610161605567513], [0.07976260601958945, 0.00021440451367797794, -0.001144430529761559], [-0.5160901088072326, -0.2400068531653013, 0.01307635506674048], [0.10141043239830237, 0.2818473121531659, 0.08142101989506631]]","tensor(-6, dtype=torch.int32)",
"['Bi', 'Bi', 'Bi', 'Bi', 'Bi', 'Bi', 'Bi', 'Bi', 'Bi', 'Bi', 'Bi', 'Bi', 'Bi', 'Bi']","[[-0.521971017127186, 1.7452150702078817, 1.0057262627221222], [-1.697757849312097, -0.9400344863142057, 0.7502388770442703], [1.6979464331798635, 0.9400519098622944, -0.750274225945108], [0.5217824332594202, -1.7452324937559716, -1.0056909138212855], [3.9297587880012443, -3.2440170716676846, 3.656080695933409], [2.7025830303551777, -3.3296090056066836, 0.9830623008466142], [3.0508599170337423, -6.009066052925922, 4.147913821098669], [1.8238164364594014, -6.094409226973486, 1.4746325775903304], [-8.61310593796733, -3.023466901566307, 1.3674934621156165], [-6.614828520404363, -1.7067181814819306, -0.34463206786051304], [-6.8015344340350925, -2.7743095831565387, 3.673136156458898], [-4.803384244109608, -1.457393549998748, 1.9606876907868074], [2.641339558024216, 3.9715526352086568, 0.16834194370255479], [3.2198696621922562, 6.711436454537459, -0.40313298956008486]]",[-81777.5234375],"[[0.1580050721679549, 0.6663593443624007, 0.23730935308531106], [0.01520603184269158, -0.05109106186330549, -0.07641621056597851], [0.2034722284306212, 0.002768588550491998, -0.14078304236716335], [0.014809022442455725, -0.26014636675385305, -0.14774785613883198], [0.1431613655247299, 0.053633755736600626, 0.27297540727114994], [0.014660973098593972, -0.03568491066682044, -0.2306885016842066], [-0.022171061587144873, 0.006599228411596028, 0.03136208168507455], [-0.045581806958048254, -0.1573903724852334, -0.0810869305660851], [0.09744491496209425, 0.022510853626082065, 0.05985104656300226], [-0.008628102461427093, -0.009124937568043003, -0.09036872094006798], [-0.23704308949512104, -0.1460445507774077, 0.1330926114612398], [0.05340986394987072, 0.11386131485413582, -0.0375477993472474], [-0.19835552463026002, 0.8453617020285172, -0.12164908777941619], [-0.1854129441347593, -1.0485206156551548, 0.1815668287951949]]","tensor(-6, dtype=torch.int32)",
"['Bi', 'Bi', 'Bi', 'Bi', 'Bi', 'Bi', 'Bi', 'Bi', 'Bi', 'Bi', 'Bi', 'Bi', 'Bi', 'Bi']","[[-0.1317384928124843, 0.1458854859040437, -2.0714915143549426], [1.0301291827263857, -1.797445096099133, -0.19217158060999973], [-1.0302685108438925, 1.7975600786083703, 0.19223854103295013], [0.13187782092999112, -0.14600046841328085, 2.071424553931994], [2.6447783962238702, 6.543379359377857, -0.5203552253976279], [4.5446654085644775, 5.132611615224562, 1.228495074707589], [0.4743620675746554, 4.79804703376925, 0.4298905063336521], [2.3745713230811094, 3.387466564143244, 2.1788385591549146], [5.230781818925971, -7.037599915034431, -1.6815877380193516], [2.579823474601203, -6.261847988333867, -2.695955750457267], [5.9066295694080315, -4.201832220826167, -1.279704272561905], [3.255391803860154, -3.426345120667201, -2.2940562013764247], [3.0538184963192956, -1.5960503432387974, 2.9440834818899013], [5.239278323611823, 0.056338079770860916, 2.130682063775713]]",[-81777.5625],"[[-0.021395647299406025, 0.13292055314282036, -0.10068985462902212], [0.25477625488619626, -0.5647863153105291, 0.1086755511847856], [-0.054997418183153304, 0.16430088452819588, -0.2253940317132608], [-0.07740845124506447, 0.03488306542401058, 0.8054139359653583], [0.24228922269998363, 0.2098418314922764, -0.13122794357644424], [0.07875797261643325, 0.16201316709598945, -0.038124153576279275], [-0.209013473019049, -0.1569811040583654, 0.1418124097963685], [0.06533125312872717, -0.39615939306207304, 0.00846668851596426], [0.053558216684072776, -0.10982889727678492, 0.023935471819991117], [-0.0800165797298924, -0.06016945215405223, -0.0593542063141772], [0.028621690438499263, 0.11558261794761236, 0.01010228640940802], [0.03623846948265586, 0.013422831977582792, -0.08630601575077775], [0.4786618195430212, 0.9300580006245424, -0.9769863156193931], [-0.7978662013635631, -0.4728434098809889, 0.5135779853673804]]","tensor(-6, dtype=torch.int32)",
"['Bi', 'Bi', 'Bi', 'Bi', 'Bi', 'Bi', 'Bi', 'Bi', 'Bi', 'Bi', 'Bi', 'Bi', 'Bi', 'Bi']","[[0.225688, 0.518666, 2.00244], [-0.118097, -2.007599, 0.533389], [0.118166, 2.00775, -0.533488], [-0.225757, -0.518817, -2.002341], [5.259751, 0.106375, 1.260949], [3.219915, 2.017249, 2.180701], [6.874362, 2.333454, 0.215476], [4.83429, 4.244212, 1.13551], [2.697383, 7.510481, -3.291601], [-0.146365, 7.923471, -2.658473], [2.802302, 5.285709, -1.368259], [-0.041661, 5.698881, -0.735394], [4.269798, -3.013029, 0.384952], [5.98062, -4.931683, 1.63399]]",[-81777.4296875],"[[0.006172034243603982, -0.02267703439943416, 0.25799707759217416], [0.1366456208788105, -0.09672587985556133, -0.21643609767203514], [0.15150398281813518, 0.2513795686270222, -0.030808553722494077], [-0.08880425522590385, -0.25544674753827973, -0.02343988112799139], [-0.05718290849730299, -0.7885541747997326, 0.4897768589038456], [-0.32956079106431846, -0.07995908983150837, -0.04251264856897006], [0.15225042589947907, 0.34909666071983797, -0.3800754369920821], [0.3076336913062463, 0.2475338132420989, 0.10056937266845525], [0.05798015660512578, 0.35356925140109513, -0.25679133238885704], [0.07396214266751779, 0.09660956308441228, -0.06842773721726983], [-0.003568385651394309, -0.4168895407944878, 0.01886751616244573], [-0.22090395752086714, -0.14362010200369582, 0.20327481902105388], [0.2792963136120809, -0.11644260100716013, 0.27305356885034826], [-0.4713172536250503, 0.6229231036066011, -0.32020767824931706]]","tensor(-6, dtype=torch.int32)",
"['Bi', 'Bi', 'Bi', 'Bi', 'Bi', 'Bi', 'Bi', 'Bi', 'Bi', 'Bi', 'Bi', 'Bi', 'Bi', 'Bi']","[[-1.137278, 1.738914, 0.111761], [-1.046329, -0.788119, 1.616468], [1.046488, 0.78817, -1.616565], [1.13712, -1.738965, -0.111663], [-3.951459, 5.035307, 2.729022], [-1.527127, 3.382295, 2.949199], [-3.538562, 6.006436, 5.476072], [-1.114058, 4.353318, 5.695921], [5.31792, 0.145168, -1.065293], [4.456464, 2.803051, -0.142325], [3.969156, 0.602472, -3.640476], [3.107902, 3.260517, -2.717223], [-4.51086, -1.457601, 2.868916], [-3.50176, 0.89815, 4.133983]]",[-81777.3671875],"[[-0.578562293644232, 0.17417269198094287, -0.15885209686042503], [-0.47713345213714475, 0.0036091320025396717, 0.6114940295325109], [0.029914976610518514, -0.19772735235954514, -0.20543177007437788], [0.5048931026324331, -0.4048636105034536, -0.2744293669105133], [-0.34286101220674303, 0.06312267429545904, -0.008046621449864903], [-0.008829013715430862, -0.3904058266575203, -0.19420596752829483], [0.031010627115767506, -0.11469784943992407, -0.1037918408813636], [0.12823918876975718, 0.22417018593370827, 0.6495304364517217], [-0.06992663976467223, 0.0767911804577641, 0.06468194637837381], [0.14053122838470666, -0.134002113994977, 0.022258638551311088], [0.1582929330366076, -0.06842902276955928, -0.12908940163190513], [0.10373594506781851, 0.27180200656343523, -0.09626606351267232], [0.38971646209782784, 0.6573805329519945, -0.08481050706141949], [-0.0003994246958772657, -0.16922737801181062, -0.10948292944464923]]","tensor(-6, dtype=torch.int32)",
"['Bi', 'Bi', 'Bi', 'Bi', 'Bi', 'Bi', 'Bi', 'Bi', 'Bi', 'Bi', 'Bi', 'Bi', 'Bi', 'Bi']","[[-1.882985, 0.200972, 0.862376], [-0.462558, -1.951099, -0.555119], [0.462665, 1.951237, 0.555201], [1.882878, -0.201109, -0.862458], [-3.525825, 7.431458, 2.103148], [-2.319804, 5.905402, -0.104787], [-4.209094, 4.915731, 3.468475], [-3.002813, 3.389856, 1.260321], [-2.896684, -5.801335, 2.29512], [-1.033724, -3.52483, 2.367361], [-0.775274, -7.569392, 3.311711], [1.087532, -5.292533, 3.383968], [-5.012507, -1.431295, -2.718371], [-2.752441, 0.290606, -2.409497]]",[-81778.1875],"[[-0.38092966077737317, 0.18567067165774742, -0.29631100953963063], [0.01739928175046036, -0.24076728305555434, -0.5113314570305278], [-0.0652270205490989, 0.21711738896334992, 0.08896638908064876], [0.061724353359182894, -0.05689982988316699, -0.0933734165951442], [-0.02632456790574325, -0.0355760809522051, -0.006321204589062132], [0.0983916985122254, 0.04969401105269132, -0.0535544628713876], [-0.0525460756555462, 0.11737246668916215, 0.1922648864154146], [-0.047977809030699294, 0.04297281972429097, -0.12009475221729289], [-0.1787901901162664, -0.1274084134582256, -0.038087556473703335], [0.023746433926932667, 0.17525800664578473, 0.0490896214993312], [0.012357803327868405, 0.020766873390219695, 0.0061134233436235625], [0.18051169889810925, -0.1119835343359879, 0.07764792392554246], [0.40302311100169963, 0.4200229973668749, -0.0008697974799463058], [-0.03579943280697344, -0.6471346812051103, 0.6894416928298606]]","tensor(-6, dtype=torch.int32)",
"['Bi', 'Bi', 'Bi', 'Bi', 'Bi', 'Bi', 'Bi', 'Bi', 'Bi', 'Bi', 'Bi', 'Bi', 'Bi', 'Bi']","[[1.619821, 1.183642, -0.552166], [1.251566, -1.65793, 0.11729], [-1.251721, 1.658027, -0.117349], [-1.619665, -1.18374, 0.552225], [-3.89681, 4.497541, 4.353578], [-2.295367, 4.107083, 1.916113], [-2.820787, 7.223173, 4.623693], [-1.219461, 6.832444, 2.185981], [-1.375974, -6.867966, -2.074246], [-0.57681, -4.195256, -1.138155], [-4.165551, -5.956881, -2.29344], [-3.366016, -3.284072, -1.357391], [0.236655, -0.639586, -3.106288], [-0.018252, 0.306613, -5.791055]]",[-81778.2109375],"[[0.22700534295285238, 0.1649934886796578, -0.4079476504458344], [0.2006691073745301, -0.3307224161130618, 0.4723180303713381], [-0.07169046892788364, 0.2561640857157905, -0.49010354345163964], [0.11736557612889072, -0.2587851725676961, 0.5043834582828052], [-0.10101139696765833, -0.019123994128608515, 0.23190576543603716], [-0.06992735967395432, -0.0016943707730126506, -0.07718281110722092], [-0.016831309322355666, -0.06726796336382328, -0.08029683012899162], [0.12451941750919951, 0.16610739402741692, 0.0057795705562636085], [-0.2622551867294602, -0.4554775010679626, -0.08403423916696044], [0.06708685475728614, 0.13213816601946354, -0.27691454517437863], [0.17352904166066307, -0.34095890903927883, -0.034599302896056595], [-0.09337094833474846, 0.33153298254260327, -0.17006401544178204], [-0.48951563467863024, 0.6106404228123188, 0.17115370098440802], [0.19747240162950225, -0.19812268539959557, 0.2225065270048905]]","tensor(-6, dtype=torch.int32)",
"['Bi', 'Bi', 'Bi', 'Bi', 'Bi', 'Bi', 'Bi', 'Bi', 'Bi', 'Bi', 'Bi', 'Bi', 'Bi', 'Bi']","[[-0.079798, 1.529661, 1.408362], [1.896629, 0.630888, -0.577653], [-1.896813, -0.630939, 0.577624], [0.079982, -1.529611, -1.408333], [-4.521511, 1.390697, -3.051138], [-2.230854, 2.580358, -4.463905], [-3.383141, 2.254295, -0.478558], [-1.092533, 3.444047, -1.891696], [6.582469, 0.61309, -1.404862], [8.34568, -1.654904, -2.041733], [4.247998, -0.962529, -2.257817], [6.011552, -3.230533, -2.894513], [-4.943668, -2.288508, -4.575602], [-2.383871, -1.410748, -3.656245]]",[-81777.4765625],"[[-0.08660215557617451, 0.12217981518659106, 0.46418485525692943], [-0.10190377594490015, 0.41771039164234486, -0.025014538700706253], [-0.1954063134119963, 0.20322951615837379, -0.008058859907660428], [0.16155257942172677, -0.15261541990549854, -0.03313590216067955], [0.3054343170273706, -0.9129437001056063, -0.41145736246229664], [-0.07599326386275079, -0.12196955025412928, -0.48153384620182665], [0.5337237724511047, 0.15096847315644354, 0.6262742813147288], [0.24018245960803963, -0.26862370992719226, 0.29600278552271303], [-0.036993644035149674, 0.0974865668562723, 0.058735238597854754], [-0.017788654970096903, -0.05534004357933643, -0.011815485381251897], [-0.04768821009535123, 0.007834474468851374, -0.05804217164756866], [0.20398372397554596, -0.20673398312149505, -0.08075644078351434], [-0.054893237025616604, -0.3033703885377109, -0.17924157323613665], [-0.8221256015072398, 1.022927326455949, -0.1500126393181947]]","tensor(-6, dtype=torch.int32)",
"['Bi', 'Bi', 'Bi', 'Bi', 'Bi', 'Bi', 'Bi', 'Bi', 'Bi', 'Bi', 'Bi', 'Bi', 'Bi', 'Bi']","[[0.6812410011701837, 1.8554800227307167, -0.6502455560035465], [1.7697398294088336, -0.8782865368718322, -0.6523332111299979], [-1.7699311851637038, 0.8783052560116162, 0.6523454409658084], [-0.6810496454153142, -1.8554987418705025, 0.6502333261677367], [4.325206281419019, 2.8794359191737784, -2.3272869883531815], [5.974215287521174, 2.7715786366780226, -4.761922436256751], [2.047370653956828, 1.7657963420541882, -3.820983966890604], [3.6967621497089924, 1.6579329114670815, -6.255573242631467], [2.791420425264005, -6.035237931719721, 2.667308060308303], [0.5196896198112574, -4.932735664276052, 1.1566652972367084], [1.0419950265914715, -8.129115540464724, 3.7695994243453983], [-1.2296542843391645, -7.026398428470007, 2.2586473580863786], [-0.24913685039156774, -2.8313548772313695, -4.763262851756547], [1.6091719835802194, -0.964936256468543, -5.8729537248595935]]",[-81777.5078125],"[[0.10320285224443104, -0.03541291865562862, 0.24664997033205902], [-0.042550736912201764, 0.027352161272788972, -0.12999838994472657], [-0.1997026805854162, 0.34516395057805654, -0.017656047680335976], [-0.001740617745294095, -0.08790262027217803, -0.023564322589609756], [-0.035278115642557326, 0.050551752109046284, 0.05271268323225839], [0.03504309097300081, -0.015380949229402752, -0.028198378638421347], [-0.5797300893439646, -0.28917501162509934, 0.3022290752151408], [0.6140214253335616, -0.08367017075858936, -0.5526671567674644], [0.15065068463049253, -0.03538035304503238, 0.041410493169136475], [0.09526446401291919, -0.05073356005602889, -0.0697816808885143], [0.03181412300771701, -0.04691765005305733, 0.07057327256626353], [-0.11545848501854346, -0.05113464722812687, -0.02363116616645179], [0.7579924831122761, 0.6104810143284275, -0.23898303932198656], [-0.8075335545801966, -0.3488271575378785, 0.3660466162340912]]","tensor(-6, dtype=torch.int32)",
"['Bi', 'Bi', 'Bi', 'Bi', 'Bi', 'Bi', 'Bi', 'Bi', 'Bi', 'Bi', 'Bi', 'Bi', 'Bi', 'Bi']","[[1.65954, 1.254014, -0.055592], [0.496643, -0.571212, 1.938032], [-0.496689, 0.571182, -1.938216], [-1.659494, -1.253984, 0.055776], [-5.420112, 0.429029, -4.624497], [-2.636866, 1.369488, -4.458992], [-6.04928, 2.619277, -6.486436], [-3.265767, 3.559481, -6.32082], [4.725685, -1.796904, 1.972444], [3.488081, -3.913883, 0.346083], [4.821953, -0.040835, -0.386965], [3.584147, -2.158084, -2.01314], [-2.47651, 2.462286, 1.273248], [-3.348891, 0.129913, 2.675828]]",[-81777.015625],"[[0.486552230963091, -0.12351329286538755, 0.5526363035125177], [0.20787833034746822, -0.05836376540829646, -0.156955084480027], [-0.46113228563459424, 0.09943407573059974, -0.3081822621791987], [-0.04239118444645405, -0.3376275802585002, 0.3315853816539211], [-0.07761943608680834, -0.13552040267090426, 0.022190427146833086], [-0.01300781456087638, -0.09456548352210163, 0.02067292522890699], [-0.09854601620905049, 0.06596616169343873, -0.04071578585412904], [0.037634111327960795, 0.17248892701431814, -0.17683486508401913], [0.02357969779499153, 0.03238746904439159, 0.12632716113861842], [-0.12027416389480795, 0.19114460472829983, -0.13558925685152698], [-0.08353673043094487, 0.12611699905033977, -0.013481576575001314], [-0.051549258410309814, -0.09366210021726218, 0.0990337033255747], [0.030398359697977665, -0.2611983084812609, 0.3020381449891123], [0.16064847620760522, 0.41019402451641224, -0.6201848772300813]]","tensor(-6, dtype=torch.int32)",
"['Bi', 'Bi', 'Bi', 'Bi', 'Bi', 'Bi', 'Bi', 'Bi', 'Bi', 'Bi', 'Bi', 'Bi', 'Bi', 'Bi']","[[0.16918205291747124, -1.092631025074649, 1.7627392250544176], [1.5170913669578991, -1.1404752857300309, -0.8524405140127465], [-1.5171786738517974, 1.140639207659447, 0.8524917400543119], [-0.169094746023573, 1.0924671031452338, -1.7627904510959846], [-5.51694269396729, 0.2946417568675592, 3.5176297468810853], [-4.192176713054568, -1.039375933463933, 1.2540693749269847], [-7.9937920533373905, -1.1858168475772333, 2.940292333691626], [-6.668641110124382, -2.51985017581513, 0.6767372041835786], [2.1864266214491077, -1.3758558166990176, -4.184164919518619], [3.926060280239926, -3.0034226658087078, -5.911305488396333], [3.2107054311905143, 1.070926408324825, -5.458515177641206], [4.950238800942609, -0.5570084286700772, -7.185710473340946], [-0.38690324018036815, 3.819253792218629, 2.5657995658858215], [-0.8615471621528245, 4.191170735289345, -0.22787811040175265]]",[-81777.8046875],"[[0.2553772248704665, -0.3360522644830131, 0.3955551834860334], [0.12072035338342887, -0.07024129154303702, 0.24220525042443702], [-0.6826534625206702, 0.5529746608750998, 0.7706114643854776], [0.12329325773552599, 0.5567439001877554, -0.583594973746955], [0.013417777185980693, 0.08033570523022447, 0.04217206977203172], [0.24669208502506126, 0.0015639412088300439, 0.028773807269804826], [0.05314133778765125, -0.048773396204964126, -0.009483904904929574], [-0.26431705833545677, -0.09004861841999594, -0.07296331996070986], [-0.10059168985620003, 0.13189478526002565, -0.04129720001697218], [0.07990324544005485, -0.10828026956682678, -0.1083588425227577], [-0.04023764782001084, 0.047112688904202914, -0.031036142757608427], [0.05354135023803525, -0.009420270066602, -0.013270915692434387], [-0.04258160559377594, -0.5400594883544101, -0.125306226932432], [0.19090199530023558, -0.167993556346492, -0.4875969735976779]]","tensor(-6, dtype=torch.int32)",
"['Bi', 'Bi', 'Bi', 'Bi', 'Bi', 'Bi', 'Bi', 'Bi', 'Bi', 'Bi', 'Bi', 'Bi', 'Bi', 'Bi']","[[1.521406, 0.127908, -1.413746], [1.249735, -1.103214, 1.244984], [-1.249897, 1.103248, -1.245083], [-1.521244, -0.127943, 1.413844], [0.314424, 4.0833, -1.91931], [2.718077, 4.065863, -0.222118], [-0.371499, 6.764855, -0.919994], [2.03244, 6.747181, 0.777096], [-3.209779, 5.842123, -7.19882], [-1.651346, 6.174813, -4.725175], [-1.887435, 3.25839, -7.684197], [-0.329145, 3.591318, -5.210285], [1.732659, -1.269657, -4.459827], [3.58622, -0.277872, -6.396039]]",[-81777.734375],"[[0.4982716341662297, 0.506169656055853, -0.49304067047838257], [-0.0211384802772161, -0.3257055740145448, 0.18081272382220592], [-0.22851283298954825, 0.11796968286074717, -0.20220565089296746], [0.07241526330867326, 0.04115080132225008, 0.03114407772783031], [-0.13776317719507164, -0.31856412535830625, 0.06620712561457248], [0.24084019958141176, -0.28597439780111156, 0.15079302097997999], [-0.25033868264930365, 0.2736074361987331, 0.013921965651692233], [0.05211767821061123, 0.10703086700776003, 0.003727602845104937], [-0.10898896883295253, -0.1369555932468417, -0.17448574967446875], [0.20869054228394016, 0.0656623085543053, 0.25702036638474474], [-0.24021408419436, 0.04313417710545307, -0.31620611392691295], [0.20227975012693114, -0.06762169593178723, 0.08709169388799554], [0.3183342171868617, 0.17543726405702506, -0.3882847168020261], [-0.5998114445469419, -0.21192915703360396, 0.8013135383829414]]","tensor(-6, dtype=torch.int32)",
"['Bi', 'Bi', 'Bi', 'Bi', 'Bi', 'Bi', 'Bi', 'Bi', 'Bi', 'Bi', 'Bi', 'Bi', 'Bi', 'Bi']","[[0.643206, 1.707902, 0.999536], [1.606403, -1.064182, 0.784787], [-1.606517, 1.064247, -0.784928], [-0.643092, -1.707967, -0.999395], [-4.40726, 4.590697, -2.282795], [-3.797111, 6.658119, -0.279847], [-1.544041, 3.941908, -2.485055], [-0.934178, 6.009436, -0.481871], [3.726766, 2.683469, 0.227069], [2.468986, 4.540184, -1.677902], [6.148642, 2.610929, -1.442995], [4.890575, 4.467864, -3.347834], [-0.63587, -1.231199, 3.329219], [-2.26175, -3.581662, 3.338372]]",[-81777.96875],"[[-0.2296023642658995, 0.2345971462871296, 0.14817399101173753], [-0.08471645605592364, -0.27144919959311975, 0.5165297676902232], [-0.2847769315545384, 0.10936625271885912, 0.056472255191697275], [-0.06688270905372212, -0.256542603731895, -0.29449267295934667], [-0.23705090565304085, 0.044905596169381376, 0.027220710980088544], [-0.11951399111501278, 0.007675029989495973, -0.07126340845732969], [0.2810373113666318, -0.03765261299651051, -0.05708397239310723], [0.3017351660255357, -0.10583175525425643, 0.08907920914957054], [-0.09083306242701586, -0.039849220766859324, 0.18438866749262034], [-0.3666433181847604, 0.044883428105702165, 0.11236503483340389], [0.2666983639743349, 0.04490325132200543, -0.21466856611823015], [0.18301199525689846, -0.033784494143959974, -0.11063997792724217], [0.1437908747698258, -0.24128448645264425, -0.2563223114915756], [0.3113700719023836, 0.49678198759531134, -0.1395336912301882]]","tensor(-6, dtype=torch.int32)",
"['Bi', 'Bi', 'Bi', 'Bi', 'Bi', 'Bi', 'Bi', 'Bi', 'Bi', 'Bi', 'Bi', 'Bi', 'Bi', 'Bi']","[[-1.813521, -0.102288, 1.015083], [0.27675, 1.94311, 0.69039], [-0.276761, -1.943247, -0.690524], [1.813531, 0.102426, -1.014949], [3.041019, 5.475326, -3.477487], [5.400429, 3.908897, -2.678862], [1.620898, 4.565391, -1.066028], [3.980647, 2.999068, -0.267551], [-3.027586, 1.912189, -1.371065], [-4.219531, 0.403665, -3.598605], [-5.645049, 1.99812, -0.028916], [-6.836756, 0.489385, -2.256674], [-2.029296, -4.339049, 0.821412], [-3.741423, -2.434431, -0.447168]]",[-81777.6640625],"[[-0.548419692003135, -0.8098681175378305, 0.16439087318845708], [0.6868279079149591, 0.31927858389868874, -0.42234017965755544], [-0.5202635257596899, -0.7126284281432234, 0.08933102313202722], [0.5528332501232609, 0.7413744057770663, 0.16822007065989236], [-0.005544566455543732, 0.15976247356971907, -0.40568230162346436], [0.19219788343008867, 0.030435507016933493, 0.01647467654842673], [-0.09169088575871735, 0.0784696489489563, 0.32762773179772436], [-0.09825306455333153, -0.11159565749921627, 0.08055877426348913], [0.19326221788156678, 0.13198431112146267, 0.15216141425895782], [-0.09468503988502011, -0.2309283857414172, -0.06667732921996024], [-0.11245754317615242, 0.22684043230516227, 0.14538403401109037], [0.005429478672383373, -0.15392935718949546, -0.040031085278142656], [-0.12077378093657824, 0.41675882583769697, -0.08372231275944929], [-0.03717779168729907, -0.09165170212493504, -0.12844528851280113]]","tensor(-6, dtype=torch.int32)",
"['Bi', 'Bi', 'Bi', 'Bi', 'Bi', 'Bi', 'Bi', 'Bi', 'Bi', 'Bi', 'Bi', 'Bi', 'Bi', 'Bi']","[[1.7897220423977866, 0.7085134107967235, -0.7903280693529651], [-1.0601174240975273, 1.121550763471521, -1.3954138651564163], [1.0601619972598764, -1.1216119147311367, 1.3955910395243305], [-1.789766615560137, -0.7084522595371083, 0.7901508949850519], [-7.592589214560608, -3.467455195804787, 4.27501168905848], [-7.145115155537263, -0.5804255812106658, 3.924097695693018], [-5.335922477383805, -4.035961883956884, 2.473869190531187], [-4.888584117262687, -1.1486981347968572, 2.123229486817339], [-4.078290705397807, -2.9815975063757163, 5.348197101375997], [-1.3121756976621497, -3.9619184413899324, 5.133972247228729], [-3.089438489299802, -0.21137217065182012, 5.436976610196952], [-0.32327181487564105, -1.1920436239187189, 5.222600311314434], [4.112953382301345, 3.35791197522113, -1.9770956256225531], [4.25614014783023, 0.7655342279860153, -3.1718002711369033]]",[-81777.03125],"[[0.7603743543941616, 0.6385065684592648, -0.4369562407013653], [-0.5045231206835307, 0.1010381878773704, -0.3824024923243456], [-0.20681461296108908, -0.6991260153367147, 0.8846841754580897], [0.2745314911843869, -0.022893649960205806, 0.004794215809460839], [-0.3023764509296029, -0.06772855103808598, -0.014702301033595079], [-0.19033712362425304, 0.12250716822157558, 0.07348468854721756], [0.13070801480850072, -0.30434915662880346, 0.09361319780817166], [-0.06390290169096957, 0.43092622913249023, 0.01347003745765125], [-0.23105056463100615, -0.30267727016533325, 0.06881422565756885], [0.37875337501761597, -0.1525781388891046, -0.05539928182883411], [0.040316529308491236, 0.3405386362848131, -0.20165764566302244], [0.13946740815414435, -0.021128710079816312, -0.18071147372388915], [0.023834273143765933, -0.12033453343032034, -0.019932488247859384], [-0.2541080248061423, 0.0480574207128801, 0.1516709503494884]]","tensor(-6, dtype=torch.int32)",
"['Bi', 'Bi', 'Bi', 'Bi', 'Bi', 'Bi', 'Bi', 'Bi', 'Bi', 'Bi', 'Bi', 'Bi', 'Bi', 'Bi']","[[2.070377, -0.158222, -0.134972], [0.193307, 0.964561, 1.833346], [-0.193375, -0.964696, -1.833467], [-2.070309, 0.158357, 0.135092], [-6.158756, -0.76409, -3.825436], [-5.882142, -3.363722, -5.175884], [-3.292726, -0.805491, -3.159091], [-3.016377, -3.405214, -4.509803], [-12.285079, 1.940422, -0.939136], [-9.655186, 1.095756, 0.07502], [-11.835995, 0.386423, -3.397442], [-9.206047, -0.45823, -2.382905], [-3.648608, -1.232824, -7.090413], [-6.267709, -0.093384, -7.191542]]",[-81777.734375],"[[0.14202133775444925, 0.12558580884434073, 0.297965463914056], [0.3595456811505462, 0.07786040000794209, 0.12003787938400778], [-0.10320388068626261, -0.04804720314328358, -0.011405687306840634], [-0.14422585424248274, -0.15648349247816667, -0.21596306585161065], [-0.5501932399416547, 0.09791527283375673, -0.09591176530170101], [0.0370435440328168, -0.05235128877264935, -0.20640961256782206], [0.4222200576516297, 0.16722839562381375, 0.09433536966229081], [0.0017164853577166152, 0.1325355045210855, -0.18796594813741577], [0.012057405753288992, 0.004252360147447613, -0.04857625933248217], [0.0502862598502299, 0.06393565756330466, 0.18892193624193937], [-0.26337269162362975, 0.04202561965521805, -0.0998237523405766], [-0.044105586695240846, -0.13378814667192163, 0.06742526354195988], [-0.20873116573628667, -0.31224244768600157, -0.047675863651163386], [0.2824169660836651, -0.012193072657498801, 0.1573792653134526]]","tensor(-6, dtype=torch.int32)",
"['Bi', 'Bi', 'Bi', 'Bi', 'Bi', 'Bi', 'Bi', 'Bi', 'Bi', 'Bi', 'Bi', 'Bi', 'Bi', 'Bi']","[[0.471313, -1.929499, 0.620171], [-0.700768, 0.442164, 1.908486], [0.700756, -0.442174, -1.908678], [-0.471301, 1.92951, -0.619979], [-5.696422, -4.71228, -1.6536], [-4.803922, -2.119596, -2.721189], [-3.047241, -5.124467, -0.440422], [-2.155013, -2.531524, -1.508098], [1.185044, 4.844442, -0.043944], [-0.476244, 6.134852, 2.013549], [-0.877938, 5.410839, -2.064627], [-2.539047, 6.701378, -0.006819], [3.173574, 0.749237, 0.039737], [5.449582, 0.565552, 1.758542]]",[-81777.5078125],"[[0.39166083422456904, 0.1381533166038727, 0.14069547054520629], [0.12105259151711327, -0.03936571426638038, 0.2141633440684779], [0.13325397398461106, -0.33851250303246316, -0.583573890689408], [-0.22989418463560374, 0.37697237087581753, -0.09851248900534174], [-0.0034940287927518396, 0.025266800055359653, -0.008145079328608988], [-0.4569640623133863, 0.09437218787986054, -0.2210678911488173], [-0.011476927472512569, -0.3527898981811414, 0.13332308527569167], [0.29425731404619493, 0.13237419341980583, 0.021092966583960555], [0.11808851931438356, -0.13295567443136802, -0.02289987717549588], [-0.02996564279735016, 0.01984223733493112, 0.08065539637356389], [-0.03171233297743868, 0.1612195185345771, -0.13818170159842366], [-0.032163659533008204, 0.040461822428244414, -0.008127621528518312], [-0.11351467853480961, -0.004912205341248935, 0.9018961779510236], [-0.1480103144942453, -0.13295670287319958, -0.41129044635303497]]","tensor(-6, dtype=torch.int32)",
"['Bi', 'Bi', 'Bi', 'Bi', 'Bi', 'Bi', 'Bi', 'Bi', 'Bi', 'Bi', 'Bi', 'Bi', 'Bi', 'Bi']","[[1.7009466559755488, 0.8401944828879138, -0.8547329430768467], [-0.9341106302485058, -3.480260343541319e-05, -1.8591240550955759], [0.9341249355752675, 7.391898456249324e-05, 1.8593121568402622], [-1.700960961302312, -0.8402335992690417, 0.8545448413321616], [0.03782795090885205, 2.925559041941617, -6.838679394597828], [-0.6018143040800014, 5.779138493156963, -6.51271043746188], [-1.1261899191391458, 2.362856748648913, -4.195142475149368], [-1.7658605579103113, 5.216648309789056, -3.869493942326956], [1.8131533589195121, 2.6956284467986693, 4.2211579562252854], [-0.4074490041230121, 3.1114426664882444, 2.3358629289852764], [3.5848995618579678, 4.276212392697723, 2.482615837237557], [1.3639393761323861, 4.691988814830107, 0.5974586587268149], [0.3539828361583093, 7.899122947292081, 1.0688428370998373], [1.2139987841816464, 6.587127788531809, 3.4578353646585]]",[-81777.375],"[[0.2618154764243781, 0.3482725702802115, -0.24654152114092137], [-0.015553022974449672, 0.01584426227451907, 0.041414663500763435], [0.0356835994034852, 0.27002141379836947, 0.4000453605226102], [-0.4276187087801121, -0.2894065138813828, 0.13904533562647345], [0.13386332576980844, 0.10653628933096439, -0.3498276771737085], [-0.000512410652466472, -0.04707050222027245, -0.052668460233501455], [-0.05960977410931905, 0.016392648027941763, 0.05951598021428107], [-0.01661315624104585, 0.09974826471014032, 0.15189473929203517], [0.37688155946209106, -0.3242087797728971, 0.5499957791099958], [-0.3664604612271096, -0.20698677412369168, 0.026604720602868465], [0.35939372886993365, 0.3108817677207604, 0.4783540069028363], [-0.4907084729369613, 0.4694315026827077, -0.25691412834354493], [-0.12752041077368215, 0.4571689279262323, -0.6816054802943139], [0.330608259069759, -1.2263829455509907, -0.26079341093217695]]","tensor(-6, dtype=torch.int32)",
"['Bi', 'Bi', 'Bi', 'Bi', 'Bi', 'Bi', 'Bi', 'Bi', 'Bi', 'Bi', 'Bi', 'Bi', 'Bi', 'Bi']","[[-1.248152, 1.554789, 0.595368], [1.627795, 1.295496, 0.029674], [-1.627912, -1.295627, -0.029753], [1.24827, -1.554658, -0.595289], [8.971524, 1.713592, 1.104445], [7.157263, 4.014268, 1.375851], [6.654926, -0.081895, 0.84089], [4.840808, 2.219129, 1.112212], [5.41696, 0.380933, 6.392018], [3.991777, 2.00939, 4.398204], [4.435484, 2.144438, 8.533655], [3.010217, 3.772729, 6.539505], [-4.313837, 1.893499, 2.234778], [-6.233738, 0.105183, 3.367979]]",[-81777.3125],"[[-0.9539003676055228, 0.13129222119091655, 0.23125172785325865], [0.5191301828613144, -0.14746945693502958, -0.05366646018684413], [0.019563653011599024, -0.07671898384118883, 0.07398728807029935], [0.04705797065655493, 0.09285893856890794, -0.09026880781613224], [-0.07990016011456018, 0.04053760316460268, 0.07627048035844693], [0.3085850000004363, 0.21426361714705466, -0.13828233463164152], [-0.013324764906734699, -0.08725675880196039, -0.07833142636679508], [-0.2099863275696101, -0.16809372658088562, 0.12431547749400182], [0.13467188673777836, -0.15039470545861805, -0.0561888680450118], [-0.0322038561819946, -0.1657466166329068, -0.10988350753804059], [-0.033171234279802675, 0.03576960285164914, 0.006235694792977345], [-0.13591439873657366, 0.23961249714499083, 0.22662713346929736], [-0.3823819749098061, -0.5633295274561291, 0.2523019781057455], [0.804455942399263, 0.5996186117035249, -0.4604416869447039]]","tensor(-6, dtype=torch.int32)",
"['Bi', 'Bi', 'Bi', 'Bi', 'Bi', 'Bi', 'Bi', 'Bi', 'Bi', 'Bi', 'Bi', 'Bi', 'Bi', 'Bi']","[[-1.268576, 0.418243, 1.595463], [0.82867, 1.9017, 0.160463], [-0.828754, -1.901847, -0.160556], [1.26866, -0.418096, -1.59537], [-0.749231, 4.723312, -0.92001], [-1.249482, 5.907727, 1.726728], [1.807014, 6.171858, -1.084879], [1.306517, 7.356088, 1.562092], [0.573631, 0.88199, 7.455392], [-1.396261, 3.063795, 7.587923], [-0.678601, -0.09795, 4.979207], [-2.648397, 2.084167, 5.111944], [-0.04076, -4.613178, 1.661777], [2.765252, -4.77672, 1.144287]]",[-81777.703125],"[[-0.13127036680199597, 0.28540376685087226, 0.5215110257013682], [-0.18304547103851562, 0.43179022311518106, 0.17450410736116204], [-0.2135738926327211, -0.7332178336109897, 0.08136229586648443], [0.3296643551567562, -0.28948128160253694, -0.31160800192011423], [0.0015201079895272632, -0.23235365185368015, -0.04805388287297955], [-0.03735685883680057, -0.0679774339613227, 0.1235936655945237], [0.14791780615149677, 0.07866237894819005, -0.03647234743957019], [-0.006540447818713401, 0.003882221875386674, -0.05055016830862568], [0.12611915877818605, 0.09756837940397263, 0.2846730589295512], [0.047187173803853406, 0.031314603667920736, 0.06769960040052764], [-0.14503014717685167, -0.09657079082736257, -0.26751875202336767], [-0.016273389913154444, -0.0403560111904047, -0.16482883514242555], [0.7837750056084882, 0.6204795258148222, -0.5731038386232444], [-0.7042445703323728, -0.09027878370189835, 0.19408461139217112]]","tensor(-6, dtype=torch.int32)",
"['Bi', 'Bi', 'Bi', 'Bi', 'Bi', 'Bi', 'Bi', 'Bi', 'Bi', 'Bi', 'Bi', 'Bi', 'Bi', 'Bi']","[[-1.627537, 0.330401, -1.253665], [-0.089109, -2.03563, -0.420924], [0.089116, 2.035784, 0.421039], [1.62753, -0.330555, 1.253549], [-1.93818, 4.092763, 2.640349], [0.293711, 5.44254, 1.278336], [-3.112225, 3.40226, 0.03177], [-0.880008, 4.752082, -1.330043], [3.127869, 1.398056, 4.748637], [4.649062, -0.091407, 2.717434], [5.632169, 2.549226, 5.779726], [7.153172, 1.059649, 3.748208], [2.800852, -6.773439, -0.738984], [2.423002, -4.142901, 0.31256]]",[-81777.5546875],"[[-0.39130458197411777, 0.37040803235335706, -0.3765675247488252], [0.4819644033746079, -0.9810949407364622, 0.21724188184705986], [0.037607598097543264, -0.279936158697584, 0.28868789015158247], [0.3199292790455147, -0.12506238337416992, 0.20874062740113702], [0.12759759533314047, 0.06014698070003272, 0.10861908972823314], [0.05424377600898851, 0.48435445076905415, 0.20253542076625614], [-0.27218736371771957, 0.059089896763467105, -0.2805585202719505], [-0.1729776939947655, 0.16709197281485774, -0.23628286529323428], [-0.1820216571952009, -0.12286964254510774, -0.12108035944656531], [-0.054760053808430006, -0.20108264383499905, -0.013260826678066814], [0.12334452556082909, 0.0581891874073897, -0.013577473633584825], [0.36805865983334884, 0.21694394224845787, 0.20533962168627037], [-0.03940019792099248, 0.5062134162557856, 0.2308995893701336], [-0.40714176342662656, -0.21579424712496056, -0.42164382169340836]]","tensor(-6, dtype=torch.int32)",
"['Bi', 'Bi', 'Bi', 'Bi', 'Bi', 'Bi', 'Bi', 'Bi', 'Bi', 'Bi', 'Bi', 'Bi', 'Bi', 'Bi']","[[0.144035, 0.036227, -2.075489], [1.337366, -1.592526, 0.06494], [-1.337531, 1.592617, -0.0649], [-0.14387, -0.036318, 2.075449], [-1.970735, -2.749458, 1.332551], [-3.625412, -0.336669, 1.646888], [-4.37963, -4.427596, 1.534883], [-6.034161, -2.014475, 1.849089], [-0.140927, -2.77855, -5.61481], [0.131938, 0.147887, -5.474014], [2.696903, -3.077565, -4.895666], [2.969447, -0.150923, -4.754814], [1.219779, 3.442741, 1.138109], [3.960437, 3.646784, 0.35363]]",[-81777.5546875],"[[0.479507558683202, -0.36976767304693825, -0.15541298737569922], [-0.0009228913037213392, -0.10175578316533912, -0.16313524855630945], [-0.05079678351762383, 0.7274148505764307, 0.15028337663035202], [0.3851344966277846, 0.5573270267062481, 0.3718628147461857], [0.41453322629211653, 0.005768103429841751, -0.030429752884885936], [0.2193455596135092, 0.19054733713462324, 0.08127379844687896], [-0.577689660750156, -0.21682011785193844, 0.07087182922996446], [-0.4000060740446447, -0.4077981150035261, -0.010348963324916065], [-0.01872722126999392, 0.019822018168522717, -0.04215409775102527], [0.01185194878638974, 0.009078380006328428, -0.36284610525428657], [0.0020129918226263334, -0.03233827867158823, 0.01208986851970208], [-0.06211053326693245, 0.03684397489540322, 0.027223611186053535], [0.01612999941078964, -0.3092616118814175, 0.046737837283227945], [-0.423752950201565, -0.1058513470711476, 0.017423892363489513]]","tensor(-6, dtype=torch.int32)",
"['Bi', 'Bi', 'Bi', 'Bi', 'Bi', 'Bi', 'Bi', 'Bi', 'Bi', 'Bi', 'Bi', 'Bi', 'Bi', 'Bi']","[[1.358605, -0.503935, 1.493304], [-0.995776, 1.253399, 1.329033], [0.995789, -1.253541, -1.329162], [-1.358618, 0.504077, -1.493175], [-2.747933, 3.191026, -4.576865], [-4.136536, 2.210379, -2.17511], [-2.810577, 5.927245, -3.495644], [-4.199142, 4.946225, -1.093804], [-6.28533, 1.336291, 0.404628], [-4.198991, 2.34521, 2.217799], [-5.5306, -1.428, 1.074656], [-3.444303, -0.418722, 2.88796], [-4.128763, -4.28701, -0.03017], [-4.768973, -3.573499, -2.722618]]",[-81776.8515625],"[[0.4544751302368357, -0.2102413297217446, -0.027558497557454206], [-0.39856697538974734, 0.09411163214183564, 0.13771514896153797], [0.27325982285966693, -0.3602455358169206, 0.1677389655710901], [-0.2200363639917659, 0.17055710187792195, -0.23161852163248334], [0.16940720106605833, 0.2532709245773467, -0.5648444222740122], [-0.1383538113389347, -0.208516015705125, 0.524711022460257], [-0.008589561603789502, -0.09928536304175664, -0.03836756004676297], [-0.05708206977571885, 0.020634122118602348, 0.24912856656820237], [-0.08174693311148665, 0.30600967881003505, -0.2624541388017748], [-0.20076135860682076, 0.3603861238152944, -0.08498225684728947], [-0.05110891561350132, -0.7361144400295693, 0.2282356679159437], [0.3001151644524675, -0.07903827443762404, 0.07853552064826752], [-0.18334449050104076, 0.7336508076220751, -0.5287934223106217], [0.14075846260738914, -0.2518201531076611, 0.3796791269322918]]","tensor(-6, dtype=torch.int32)",
"['Bi', 'Bi', 'Bi', 'Bi', 'Bi', 'Bi', 'Bi', 'Bi', 'Bi', 'Bi', 'Bi', 'Bi', 'Bi', 'Bi']","[[-1.006403, -1.816325, -0.133539], [-0.634459, 0.206572, 1.970709], [0.634483, -0.206515, -1.970892], [1.006379, 1.816268, 0.133722], [3.192355, -3.094951, 2.653599], [2.181842, -0.501566, 3.60834], [2.740498, -4.252798, 5.321009], [1.729854, -1.659167, 6.275485], [-2.345046, 4.463547, -2.00472], [-0.989151, 6.564774, -3.555431], [-0.954996, 2.403614, -3.580886], [0.400927, 4.50519, -5.131435], [3.770992, 4.712449, 0.720387], [3.682967, 3.028515, -1.58718]]",[-81776.8125],"[[-0.0937219041097672, -0.1064729373141405, 0.031104292455576537], [-0.2078561674259982, -0.3663210559368421, 0.3735878716523474], [-0.11785830261038957, 0.0894526363786088, -0.3609778892451721], [0.2627828288111404, 0.5824544317557585, -0.4072489270654748], [0.13760099191823516, 0.002399242178641357, -0.22122061476080349], [-0.01766664577341017, 0.17175621363142554, -0.19441525544101662], [-0.03840665112078045, -0.19780510256201084, 0.11074235931157363], [-0.02657309087433894, 0.040444272068388895, 0.36042499891652724], [0.08677416247250239, -0.00385762720320591, 0.18050573393548622], [-0.018342969690678522, -0.10912112360830757, -0.04203274675711073], [-0.05574535250515295, -0.2767495316825053, 0.012064604846109888], [0.22704848608768619, 0.1385740521571626, -0.011578614658607744], [0.13261454027584063, -0.19005800451116853, -0.6486711733014561], [-0.27370714363430254, 0.2175358619446104, 0.8266096078928272]]","tensor(-6, dtype=torch.int32)",
"['Bi', 'Bi', 'Bi', 'Bi', 'Bi', 'Bi', 'Bi', 'Bi', 'Bi', 'Bi', 'Bi', 'Bi', 'Bi', 'Bi']","[[0.05973028951551562, -1.6769581346042841, 1.2304301714560693], [-1.6261603572558658, -0.8050023998065733, -1.0180759066909657], [1.6263356451076423, 0.8050810245577911, 1.0180903745006076], [-0.05990557736729174, 1.6768795098530682, -1.2304446392657122], [0.17442277656503324, -7.534883158193975, 2.2557787028741574], [0.7200329110032478, -4.674991395753177, 2.681973902405522], [2.387626468666534, -7.668582191603912, 0.320911032233983], [2.933112624029932, -4.808534457006087, 0.7474360345476886], [7.903022860614143, 0.6643868443254974, 2.3237919770617217], [7.529472470648278, 1.8385832495437813, 4.995876662828775], [5.009892795348126, 0.8732392423940547, 1.8277697815604848], [4.636648896114093, 2.047601854011284, 4.5000185004469095], [2.695332840435544, 3.557629151886341, -1.9175215243630497], [1.7091573358056606, 4.4187218692376105, 0.6229944134709573]]",[-81777.953125],"[[-0.402365679560877, -0.05409285217020757, 0.11810379167558216], [-0.1478988828217961, -0.5921238418560552, -0.15519233518073874], [0.474033934145199, 0.5103973747370165, -0.06706618307647184], [0.04597325763018455, 0.7571872131581673, 0.048072507954549044], [0.0027616820493721788, -0.2084236616286512, 0.012819445155008442], [0.01831112398936437, -0.029530941003987753, 0.0862527424639031], [-0.025139232130573355, -0.08428492186340242, -0.027638140092889958], [0.009410237616535163, 0.1417929208236605, 0.007701368384802141], [0.32202498638776944, -0.04960173925156404, 0.09678552948179163], [0.04995750299214531, -0.017086311474490166, -0.03131466537443063], [-0.12301820096767613, 0.05503413355653988, -0.07927183357757057], [-0.15232102843121542, 0.030275450614688316, -0.027417529035602718], [-0.3588616130662862, 0.19871141692607025, 0.8355292838979189], [0.28866264190461777, -0.6548382247443861, -0.796838787973838]]","tensor(-6, dtype=torch.int32)",
"['Bi', 'Bi', 'Bi', 'Bi', 'Bi', 'Bi', 'Bi', 'Bi', 'Bi', 'Bi', 'Bi', 'Bi', 'Bi', 'Bi']","[[1.609922, 1.052606, -0.793654], [-1.136487, 0.473814, -1.677141], [1.136523, -0.473825, 1.67733], [-1.609958, -1.052594, 0.793465], [-4.203355, -6.227313, 0.087756], [-2.582738, -7.786252, -1.810039], [-2.963034, -3.745187, -0.892302], [-1.342547, -5.304476, -2.790194], [0.022678, 5.360268, -0.851945], [0.927025, 7.895737, -2.040165], [2.724091, 4.241347, -1.183973], [3.628234, 6.777132, -2.372112], [4.480631, 3.923862, 1.850416], [3.627235, 1.392092, 2.865355]]",[-81777.953125],"[[0.14247956001249937, 0.14155663631286033, -0.08435300471265147], [-0.15187992972966075, -0.04914827867919404, -0.014756762170785169], [0.5684403691380504, 0.0017101064472563848, 0.5520794022607297], [-0.48462128000225163, -0.03193902212595042, -0.18285356379274714], [-0.1831144280633215, -0.21590459893348665, 0.11072271607259092], [-0.019746936772609913, -0.022825042605622656, 0.02997086728185447], [0.038132273124539415, 0.22027635089315967, -0.026960520338913843], [0.13134004373608393, 0.04052823405951719, -0.14278223044352653], [-0.14619274924533504, -0.13464103348283166, 0.11180206577480972], [0.15559769552864683, -0.054475843908279295, -0.08244920461616519], [0.2125075012975799, -0.4824376923054903, 0.3813344040601824], [0.09515910014727619, 0.6128592860639025, -0.17520169945550698], [-0.6048528664052332, -0.5593391731496888, 0.04008944420987434], [0.22969487260864804, 0.5414869656166109, -0.5271623135657726]]","tensor(-6, dtype=torch.int32)",
"['Bi', 'Bi', 'Bi', 'Bi', 'Bi', 'Bi', 'Bi', 'Bi', 'Bi', 'Bi', 'Bi', 'Bi', 'Bi', 'Bi']","[[1.7897220423977866, 0.7085134107967235, -0.7903280693529651], [-1.0601174240975273, 1.121550763471521, -1.3954138651564163], [1.0601619972598764, -1.1216119147311367, 1.3955910395243305], [-1.789766615560137, -0.7084522595371083, 0.7901508949850519], [-7.592589214560608, -3.467455195804787, 4.27501168905848], [-7.145115155537263, -0.5804255812106658, 3.924097695693018], [-5.335922477383805, -4.035961883956884, 2.473869190531187], [-4.888584117262687, -1.1486981347968572, 2.123229486817339], [-4.078290705397807, -2.9815975063757163, 5.348197101375997], [-1.3121756976621497, -3.9619184413899324, 5.133972247228729], [-3.089438489299802, -0.21137217065182012, 5.436976610196952], [-0.32327181487564105, -1.1920436239187189, 5.222600311314434], [4.112953382301345, 3.35791197522113, -1.9770956256225531], [4.25614014783023, 0.7655342279860153, -3.1718002711369033]]",[-81777.03125],"[[0.7603743543941616, 0.6385065684592648, -0.4369562407013653], [-0.5045231206835307, 0.1010381878773704, -0.3824024923243456], [-0.20681461296108908, -0.6991260153367147, 0.8846841754580897], [0.2745314911843869, -0.022893649960205806, 0.004794215809460839], [-0.3023764509296029, -0.06772855103808598, -0.014702301033595079], [-0.19033712362425304, 0.12250716822157558, 0.07348468854721756], [0.13070801480850072, -0.30434915662880346, 0.09361319780817166], [-0.06390290169096957, 0.43092622913249023, 0.01347003745765125], [-0.23105056463100615, -0.30267727016533325, 0.06881422565756885], [0.37875337501761597, -0.1525781388891046, -0.05539928182883411], [0.040316529308491236, 0.3405386362848131, -0.20165764566302244], [0.13946740815414435, -0.021128710079816312, -0.18071147372388915], [0.023834273143765933, -0.12033453343032034, -0.019932488247859384], [-0.2541080248061423, 0.0480574207128801, 0.1516709503494884]]","tensor(-6, dtype=torch.int32)",
"['Bi', 'Bi', 'Bi', 'Bi', 'Bi', 'Bi', 'Bi', 'Bi', 'Bi', 'Bi', 'Bi', 'Bi', 'Bi', 'Bi']","[[-0.5054114823162134, 1.0210899776659528, -1.7411631717284772], [-0.5436590629151281, 1.659589978669875, 1.1309734077325904], [0.5437772117942153, -1.6597308960335737, -1.1310308545686982], [0.5052933334371267, -1.020949060302255, 1.7412206185645867], [-3.120858441620596, -1.6604114649113055, 2.7338445578825086], [-4.768897257394027, -2.5850142949478703, 4.9893691815952455], [-1.076133875616187, -0.7022543819944518, 4.620878042161299], [-2.7244334911238264, -1.6271313399614966, 6.876329827859454], [-4.456363721143834, -3.7207539381239, -3.1624576836609], [-2.9752150533488946, -5.192107950438074, -1.0889028485725543], [-1.924531682946927, -3.090647548127224, -4.523579054002301], [-0.44357752393746086, -4.562266290463698, -2.4498228427791533], [-3.8012853684993604, 1.2779601164401178, 0.18228273512320667], [-3.307126584073363, 4.085460605105398, -0.02263706898277898]]",[-81777.6171875],"[[-0.63055928420591, 0.05897625394108008, -0.2583301899014154], [-1.0669909167289982, 0.017169867231094996, 0.04141792366136947], [0.2900806060798766, -0.1046234389463604, -0.16425779281545363], [0.5955192425629398, -0.44140111487526207, 0.1296147811415559], [0.22291060180050912, 0.3260025365934068, -0.359696502145144], [-0.1878798161340229, -0.13158594417800917, 0.37243498835917227], [-0.024041653296890193, 0.12291587100543622, -0.018994446453296464], [-0.28026052925125694, -0.1449748684284055, 0.2007888694258149], [0.026117568276096664, -0.0007719880337770163, 0.0656613829566569], [-0.07478731297106735, -0.01340086446006074, -0.02183406690998951], [-0.014643047357469938, 0.04572813880405131, -0.0879880837883804], [-0.05624517523528953, 0.011870928680391121, 0.08132511769427364], [1.4629554200639912, 0.26076317474232924, 0.004743806733087084], [-0.2612407831289042, -0.01880712605809672, 0.017051251892452397]]","tensor(-6, dtype=torch.int32)",
"['Bi', 'Bi', 'Bi', 'Bi', 'Bi', 'Bi', 'Bi', 'Bi', 'Bi', 'Bi', 'Bi', 'Bi', 'Bi', 'Bi']","[[-1.3609851614456696, -0.2517758863364056, -1.553719084298935], [0.13770568346568957, 2.0268665694233317, -0.4491703212422229], [-0.13763590859724206, -2.0270428776174128, 0.4492044370513626], [1.3609153865772234, 0.25195219453048645, 1.5536849684897969], [-6.454056407410118, 3.248715747768949, 0.2148991930054508], [-4.443488953354989, 1.2033574289179618, 0.8725020518673511], [-6.658510386618107, 2.1696969384458784, -2.5152612229166693], [-4.647894446881993, 0.12425226622706864, -1.8572859929567964], [1.8177523906805146, 0.357425167054245, 5.377468847790417], [4.09768702870868, 0.23394486066714948, 3.521407340179227], [1.6116139846248738, 3.2587995082899255, 4.930934631046546], [3.891626195063524, 3.1349781380134116, 3.0747114882149775], [4.535521806603636, 3.5330006125911195, -2.370478074833532], [1.9738187442034374, 4.5693741411380655, -1.641196679477392]]",[-81777.3046875],"[[-0.036277848520386166, -0.2727519782832442, -0.3141415169500627], [0.055080567705234666, 1.1399691490962656, -0.25199812496661206], [-0.07545153212797827, -0.2663188175163988, 0.07510001070995218], [0.3845026219664761, -0.02533541769436112, 0.4291941273997823], [-0.137688100941368, 0.03068670907650039, -0.09687418116767182], [0.18178717245760595, -0.08634967310652733, -0.08161081883508012], [-0.33593466215957457, 0.3121911798606985, -0.041812891604569684], [0.14987858192545128, -0.16505504092327647, 0.11893826937770732], [-0.05365206200120233, -0.04494661042962386, 0.04281393574573377], [0.16793935746196895, -0.06610896084175039, 0.041560959351302385], [0.0491502687141381, 0.0076188770654929735, 0.06702993050190946], [-0.12263901446438115, -0.002360289944271145, -0.09326707570976123], [-0.7259086975141158, 0.4228484356107108, 0.19398438973568594], [0.5069022151724708, -0.9894679999080817, -0.08871308385753633]]","tensor(-6, dtype=torch.int32)",
"['Bi', 'Bi', 'Bi', 'Bi', 'Bi', 'Bi', 'Bi', 'Bi', 'Bi', 'Bi', 'Bi', 'Bi', 'Bi', 'Bi']","[[1.157919978894651, -1.063210233551354, 1.363275475198899], [0.8310327231138223, -1.0964118236485345, -1.5608237085165058], [-0.8310829649727339, 1.0965731668244996, 1.5609162349191315], [-1.1578697370357405, 1.0630488903753903, -1.363368001601526], [-1.2442852555411101, 1.2177086300132416, -6.232032712798294], [-3.5866146620124058, 1.2093700161712633, -8.012969847814864], [-2.956325809799248, 2.0406804214302805, -3.9844799351616222], [-5.298632728072585, 2.0321283328201973, -5.765737055809643], [-5.665143009038514, 3.7310283389587955, -0.525828694009761], [-4.050474000711665, 1.4823169804171454, 0.4713948913995262], [-7.063399142420744, 3.873327014397989, 2.0596093326275478], [-5.448393601354222, 1.6245487604486477, 3.0566575934248768], [-0.4697873320184669, 2.936620368183643, -8.960122782869194], [1.625450624453136, 3.690791290404719, -10.751616056658664]]",[-81777.453125],"[[0.220642219074736, -0.17273991824330956, -0.17138746581272088], [0.26618805113751637, -0.2836463140270165, 0.07608556651713301], [-0.05981237715013573, 0.12938579856775978, 0.32673756397042036], [0.11901900206148451, 0.10714898355211433, -0.0683173854087438], [0.452977616085906, -0.24257106718392174, -0.31158805014858204], [0.09723927801787446, -0.08372308409082295, -0.21383671094277545], [-0.5010118660043211, 0.34616930389049483, 0.22077385962917523], [-0.13114119450795242, 0.01125938117188337, 0.12679988442649348], [-0.18817698440125122, 0.2626483086195728, -0.2229042254611535], [-0.05641594800141954, -0.1310825733235537, -0.12546532688377385], [0.040442564854948515, -0.03231135406443807, -0.024351934197470868], [-0.12285077063749869, 0.0003807138936811126, 0.3192823377113739], [0.3373236242751836, 0.40723524878911505, -0.48871093036752866], [-0.47793049455660125, -0.32827899258755766, 0.5416684855998807]]","tensor(-6, dtype=torch.int32)",
"['Bi', 'Bi', 'Bi', 'Bi', 'Bi', 'Bi', 'Bi', 'Bi', 'Bi', 'Bi', 'Bi', 'Bi', 'Bi', 'Bi']","[[1.239125, 0.359964, -1.632394], [0.513809, 1.851429, 0.798195], [-0.513832, -1.85162, -0.798191], [-1.239102, -0.359772, 1.63239], [-5.585779, -5.070095, -3.853127], [-2.849949, -4.861, -2.790193], [-5.657346, -2.154021, -4.24204], [-2.921297, -1.945244, -3.17912], [-0.10074, -1.33356, -5.830177], [-2.740305, -2.451477, -6.494458], [-0.332156, 0.549205, -8.079955], [-2.971911, -0.568895, -8.743955], [-1.832028, -7.160306, -7.710166], [-0.411867, -4.925949, -6.633581]]",[-81777.578125],"[[0.0324658260275379, -0.05381635558379353, -0.14043059535148883], [0.018612498583683763, 0.0632211476008306, 0.09019851381694534], [0.03506453912739793, -0.06181423917526095, -0.027603836415598385], [-0.028527048078950255, -0.008422264971050164, 0.09946626595992747], [-0.029778548659353355, -0.029408900954046066, -0.04837311121749476], [0.1833560604716458, 0.06636622556591432, -0.08675863300084588], [-0.5781488600279462, -0.003940430654610955, -0.14696521190501732], [0.4445360626883049, 0.1294175774203549, 0.30971788009998763], [0.26127590441745185, 0.09547781427087564, 0.07140301943596353], [-0.14684904940014296, -0.7125230128554888, 0.19714813392001238], [-0.04094289152158256, 0.004224372131443628, 0.04070449870502771], [0.011693974978853465, 0.3577607175076963, -0.5106085652671267], [0.21925222851729545, 0.44770186375629456, 0.11352506579730832], [-0.3831656990075439, -0.29950766386256694, 0.05696230772443407]]","tensor(-6, dtype=torch.int32)",
"['Bi', 'Bi', 'Bi', 'Bi', 'Bi', 'Bi', 'Bi', 'Bi', 'Bi', 'Bi', 'Bi', 'Bi', 'Bi', 'Bi']","[[1.239125, 0.359964, -1.632394], [0.513809, 1.851429, 0.798195], [-0.513832, -1.85162, -0.798191], [-1.239102, -0.359772, 1.63239], [-5.585779, -5.070095, -3.853127], [-2.849949, -4.861, -2.790193], [-5.657346, -2.154021, -4.24204], [-2.921297, -1.945244, -3.17912], [-0.10074, -1.33356, -5.830177], [-2.740305, -2.451477, -6.494458], [-0.332156, 0.549205, -8.079955], [-2.971911, -0.568895, -8.743955], [-1.832028, -7.160306, -7.710166], [-0.411867, -4.925949, -6.633581]]",[-81777.578125],"[[0.0324658260275379, -0.05381635558379353, -0.14043059535148883], [0.018612498583683763, 0.0632211476008306, 0.09019851381694534], [0.03506453912739793, -0.06181423917526095, -0.027603836415598385], [-0.028527048078950255, -0.008422264971050164, 0.09946626595992747], [-0.029778548659353355, -0.029408900954046066, -0.04837311121749476], [0.1833560604716458, 0.06636622556591432, -0.08675863300084588], [-0.5781488600279462, -0.003940430654610955, -0.14696521190501732], [0.4445360626883049, 0.1294175774203549, 0.30971788009998763], [0.26127590441745185, 0.09547781427087564, 0.07140301943596353], [-0.14684904940014296, -0.7125230128554888, 0.19714813392001238], [-0.04094289152158256, 0.004224372131443628, 0.04070449870502771], [0.011693974978853465, 0.3577607175076963, -0.5106085652671267], [0.21925222851729545, 0.44770186375629456, 0.11352506579730832], [-0.3831656990075439, -0.29950766386256694, 0.05696230772443407]]","tensor(-6, dtype=torch.int32)",
"['Bi', 'Bi', 'Bi', 'Bi', 'Bi', 'Bi', 'Bi', 'Bi', 'Bi', 'Bi', 'Bi', 'Bi', 'Bi', 'Bi']","[[1.236485, 1.307783, -1.044281], [0.979768, -1.618099, -0.866439], [-0.979922, 1.618204, 0.866487], [-1.236331, -1.307888, 1.044233], [-0.825132, 1.687559, -4.901558], [-2.225134, 1.135899, -2.372926], [-0.373138, 4.46634, -4.044856], [-1.773161, 3.914312, -1.51611], [-3.815735, 1.29558, 2.667083], [-4.74826, -0.948734, 1.008239], [-6.308278, 2.752337, 2.097041], [-7.240646, 0.507677, 0.438263], [2.751627, -4.415032, 0.901243], [1.441652, -2.586618, 2.664511]]",[-81777.203125],"[[0.5793541938545307, -0.298350975334615, -0.5377280107222709], [0.6669460704273039, 0.18003912987650894, 0.020593755776713747], [-0.19508497676172637, 0.34076468779938934, 0.178612886744506], [-0.14317427246971595, -0.6522717481537362, 0.5643445995438756], [-0.12140848381292349, 0.07132706900670305, -0.16796100616252324], [0.02614055395103196, -0.1069237547910034, 0.11807005878350711], [0.18822794369400486, 0.06905734930654887, -0.2093043677911048], [-0.16526319754998356, 0.15973444852980914, 0.17330679538086366], [-0.15260894072195974, -0.20852887122801947, 0.24491123514953755], [0.029899940790941156, -0.12444002179980333, 0.0840721886705449], [-0.055994492538847584, 0.07204744108761699, -0.043629263860955336], [-0.1513250339394443, 0.1385939010845116, -0.02874352994228379], [-0.029002388751286627, -0.014691944624351303, -0.1246988291867146], [-0.48023055329078634, 0.38294427548120974, -0.2534301273728716]]","tensor(-6, dtype=torch.int32)",
"['Bi', 'Bi', 'Bi', 'Bi', 'Bi', 'Bi', 'Bi', 'Bi', 'Bi', 'Bi', 'Bi', 'Bi', 'Bi', 'Bi']","[[-0.784451, -0.803445, -1.751807], [-0.543107, 1.906656, -0.631351], [0.543229, -1.90679, 0.631417], [0.78433, 0.803579, 1.751741], [1.533827, 3.025311, -3.041124], [3.751488, 4.713219, -2.097058], [3.440179, 0.874414, -3.673045], [5.657753, 2.562606, -2.728735], [-0.52109, -1.076409, -8.025328], [-1.05174, -3.610709, -6.627456], [-1.733066, 0.408715, -5.792532], [-2.263502, -2.125889, -4.394759], [-4.49105, -0.965333, -7.35039], [-5.575486, 1.087012, -5.68302]]",[-81777.125],"[[-0.14644564309171484, -0.04278861036563168, -0.14136426626826762], [0.08704448840792708, 0.2876901473086977, -0.03336704446232192], [0.2174476216354628, -0.3047867586281309, 0.20242918272505633], [-0.07005077269374113, 0.08789331287360246, -0.020444888821595907], [-0.08605872691237992, -0.17809727743225504, 0.020677162409253], [0.10350202597323092, 0.19980470201510664, 0.011818442151517622], [-0.2120096326069233, -0.08800952680056837, -0.02792986790282935], [0.12001751623574299, 0.061812233713689414, 0.03848836082429763], [0.18575325553682143, -0.2960634635907749, -0.14960434791106667], [0.22955089075223004, -0.1429929581748125, -0.34286466317524505], [-0.6490486114536373, -0.1937623491442528, -0.2433972145072113], [-0.3753329831742245, 0.06508751241464822, -0.182890124899859], [0.9360363329913818, 0.5928771754976705, 1.1641334183705232], [-0.3537388414591188, -0.04282074403065868, -0.2990833287628666]]","tensor(-6, dtype=torch.int32)",
"['Bi', 'Bi', 'Bi', 'Bi', 'Bi', 'Bi', 'Bi', 'Bi', 'Bi', 'Bi', 'Bi', 'Bi', 'Bi', 'Bi']","[[1.478145, -1.442406, -0.253507], [0.861394, 1.147445, -1.506743], [-0.861465, -1.147477, 1.506919], [-1.478074, 1.442438, 0.25333], [-2.404452, 4.388899, -3.003506], [-5.107778, 3.70968, -3.946376], [-1.419435, 1.78272, -3.950834], [-4.123002, 1.103794, -4.893774], [-8.312793, 4.553407, -3.267423], [-9.702395, 3.046563, -5.378523], [-7.249129, 6.406748, -5.290689], [-8.639032, 4.89969, -7.401683], [-2.865377, 4.549732, 5.002156], [-1.314301, 3.781851, 2.727784]]",[-81777.28125],"[[-0.08760041263997508, 0.025117094920149095, 0.038518283339386776], [0.22062612396007214, 0.13751640257758962, -0.23063029187654047], [0.11385072190327078, -0.28022124277329147, 0.2913113424197006], [-0.6241767741992688, 0.2928560106286073, 0.0717483187809087], [0.49765482617775353, 0.1834095908689783, 0.4342832689590577], [-0.1945693674494754, 0.16194549562347302, -0.31131546164112794], [0.24905955812130492, 0.07091903471003291, -0.03223416436277058], [-0.10764438398237522, -0.6109921499187112, -0.052887261233165145], [-0.20964143960139756, 0.1389251107763645, 0.18375746131850237], [-0.011139819666755738, -0.06666323956686791, -0.05938701360860385], [-0.023009179973353736, 0.15178104504755655, 0.034732347273595934], [-0.07785644050689058, -0.05809945585758637, -0.07561130056651061], [0.24721736169052888, -0.3738976383320123, -0.6409347196235704], [0.0011491721608259513, 0.2281929875799341, 0.352155092460613]]","tensor(-6, dtype=torch.int32)",
"['Bi', 'Bi', 'Bi', 'Bi', 'Bi', 'Bi', 'Bi', 'Bi', 'Bi', 'Bi', 'Bi', 'Bi', 'Bi', 'Bi']","[[-1.923954, 0.792373, 0.016115], [-0.473269, -1.114538, -1.691959], [0.473335, 1.114564, 1.692138], [1.923888, -0.792398, -0.016294], [0.59216, 6.793058, 1.838735], [1.552229, 4.250018, 0.712002], [-1.549271, 6.877906, -0.177928], [-0.588993, 4.334639, -1.304431], [-3.787239, -0.910816, -2.308852], [-2.557837, -3.582531, -2.402786], [-2.680037, -0.308049, -4.967919], [-1.450788, -2.980036, -5.061626], [-0.569367, -2.327671, 1.662861], [-1.433317, -2.460502, 4.383925]]",[-81777.6796875],"[[-0.1961717312451324, -0.14069937862416618, -0.12397789146279331], [-0.10400519113932007, 0.09229180432089595, -0.5039128947227764], [0.4012154702164639, -0.13219807275615172, 0.47437727945066427], [0.8373717374391529, -0.03659479886624449, 0.23351589396752243], [-0.10436072348048922, 0.2760961625869173, 0.11985975325878216], [0.10773740654603954, -0.41060283014445603, -0.06898067896800632], [-0.03730397635782192, 0.19097820283995395, 0.0629819320308105], [-0.10796505214545463, -0.3037732806252233, -0.043962196192876044], [-0.6010322050009997, 0.05554768598512774, -0.19751528765387816], [0.08783505164384475, -0.12836753831033543, 0.022723180584416115], [-0.022292592558379933, 0.08034686382409685, -0.1692907814507261], [-0.053614009653434734, -0.22690064757439987, -0.2221271348132292], [-0.23577208965759164, 1.0184628604651613, 0.15035968701425353], [0.018492623403797506, -0.338716185937203, 0.2723432754993836]]","tensor(-6, dtype=torch.int32)",
"['Bi', 'Bi', 'Bi', 'Bi', 'Bi', 'Bi', 'Bi', 'Bi', 'Bi', 'Bi', 'Bi', 'Bi', 'Bi', 'Bi']","[[0.834245, 1.741865, 0.774376], [-0.561491, 1.032312, -1.716964], [0.561461, -1.032426, 1.717117], [-0.834215, -1.741751, -0.774529], [2.605638, -4.097033, 2.762897], [3.250702, -6.794899, 1.7812], [-0.131002, -4.370664, 1.716097], [0.514357, -7.068712, 0.734568], [5.882432, 4.804423, -1.695048], [6.412932, 2.335061, -3.204729], [3.452561, 3.590179, -0.563147], [3.983424, 1.120755, -2.072941], [3.552406, -1.075758, 5.230999], [3.297315, 0.582447, 2.917229]]",[-81777.7109375],"[[-0.14580286694699188, 0.6645539147271028, -0.22776479582336545], [0.17634666374657912, 0.3336825802368316, -0.0017386693622442105], [0.18681615016973532, -0.3493455436430747, 0.3399718619914422], [0.06950621274393183, -0.2796657299179761, -0.011095550388116378], [-0.022235694014049057, 0.23520685802696803, 0.09588888247094887], [0.012852766670350882, -0.26817170974222304, -0.08738063462057141], [-0.22262978575840253, -0.11628920890798342, 0.20240444869900737], [0.11698412705356633, -0.19318379919191056, -0.06355138027294346], [0.3324772978323387, 0.11332750212146628, -0.23333134008084958], [0.10176827873359254, 0.12203691319409625, 0.014527440211184644], [-0.17478230087659816, -0.22521009489168686, 0.15313046357474216], [-0.2854644963410257, 0.027163627316227987, 0.16056275558094496], [-0.14937546818145372, 0.5268054442502225, -0.8819624041508748], [0.01002959099854443, -0.5803312135945096, 0.5309315528784281]]","tensor(-6, dtype=torch.int32)",
"['Bi', 'Bi', 'Bi', 'Bi', 'Bi', 'Bi', 'Bi', 'Bi', 'Bi', 'Bi', 'Bi', 'Bi', 'Bi', 'Bi']","[[1.512236, -0.014042, 1.429216], [-0.935066, -1.583037, 0.973936], [0.935142, 1.583128, -0.974088], [-1.512312, 0.013951, -1.429064], [-1.664566, -4.422192, 2.62521], [0.735021, -3.179783, 3.789992], [-0.010566, -5.64124, 0.518539], [2.389005, -4.39873, 1.683692], [6.642408, 5.834971, 0.216675], [3.708123, 5.87591, 0.432564], [6.609207, 2.894411, 0.325596], [3.67474, 2.935665, 0.541357], [-0.92242, 3.712413, -2.969653], [-1.873971, 6.303142, -2.227412]]",[-81777.6875],"[[0.16794090012471627, -0.1428889312835505, 0.49334694045582017], [-0.06164716879972455, 0.13067947554767503, 0.0419953680387428], [-0.06795064305161065, 0.4501495553153997, -0.5511517477286656], [-0.555985938557898, 0.28707195092374893, -0.5632246263893103], [-0.10541518489038437, -0.1717419182899669, 0.011670310532309344], [0.2032577983087416, 0.0652796767708746, 0.057824656200194405], [0.09179907783939711, -0.10915701622822889, 0.020763124719743672], [-0.028776450365311925, -0.01410067798876185, 0.02381683077030273], [0.04703818343571578, 0.010747674796383147, 0.0226454458085779], [-0.09355483373423082, 0.11054201884278639, -0.004161269511763884], [0.21519631104409348, -0.04198847233626221, -0.026407300908882835], [0.016137260210120432, -0.05333591898218178, 0.10053430280199917], [-0.10040250798128517, 0.32021878542109794, 0.6239921688905044], [0.2716647095789224, -0.8441070029940181, -0.24751365578220036]]","tensor(-6, dtype=torch.int32)",
"['Bi', 'Bi', 'Bi', 'Bi', 'Bi', 'Bi', 'Bi', 'Bi', 'Bi', 'Bi', 'Bi', 'Bi', 'Bi', 'Bi']","[[-1.802558, 1.034674, -0.099738], [0.866018, 1.38462, -1.289087], [-0.866065, -1.384796, 1.289147], [1.802606, -1.034497, 0.099679], [-0.800662, 0.924072, -4.639164], [0.97307, -1.295708, -3.874466], [1.4417, 2.809974, -4.365218], [3.215328, 0.589839, -3.600627], [2.953061, -5.850604, -1.044306], [1.545555, -7.779317, -2.763989], [0.932887, -3.808038, -1.682022], [-0.474556, -5.737125, -3.401637], [-2.46246, 3.071082, 2.5162], [-4.515288, 4.326439, 4.058349]]",[-81777.0390625],"[[-1.140439147013287, 0.1876162779146865, 0.28124289688876], [0.6066135588208583, 0.22821844151526513, 0.29787249277248323], [-0.12469337844500734, 0.033882232113421965, 0.25712228497025197], [0.2726805529980426, 0.029314865375177676, 0.28607179124256], [-0.1787134683556323, 0.2398429709594427, -0.10251821851716372], [-0.03709670933329914, -0.22981262919836126, -0.5836859908490478], [-0.14608486569720475, 0.2550830390845497, -0.42191383909628366], [0.3786133526622495, -0.11194090542206989, 0.04523747434842474], [0.30708553181002657, -0.1309071725691817, 0.15634665829247804], [-0.06006100296291457, 0.06955367533445816, 0.04028286840734439], [-0.04912586378947526, 0.18632311515568703, 0.34473545028893837], [-0.26623520519549326, -0.3251931528719716, -0.37487568651382275], [0.33169861309957543, -0.1922433405590435, 0.1753504121443501], [0.09633280938754034, -0.23566744570123074, -0.3902339226053756]]","tensor(-6, dtype=torch.int32)",
"['Bi', 'Bi', 'Bi', 'Bi', 'Bi', 'Bi', 'Bi', 'Bi', 'Bi', 'Bi', 'Bi', 'Bi', 'Bi', 'Bi']","[[-1.013656, 1.333473, -1.234531], [-1.430572, -1.457027, -0.399301], [1.430681, 1.457137, 0.399415], [1.013547, -1.333583, 1.234417], [2.682728, 0.039944, 5.676837], [3.717969, -2.076438, 7.439652], [3.75423, -1.385842, 3.336138], [4.789306, -3.502261, 5.099299], [3.838498, -1.476785, 10.709776], [6.453735, -2.806605, 10.485209], [4.312985, -1.028635, 13.57925], [6.928383, -2.358469, 13.354334], [0.33458, 4.679666, 0.345615], [1.399644, 7.214046, 1.127151]]",[-81777.71875],"[[-0.18806308446840633, 0.033243986254967, 0.14433594894055088], [-0.19655138054725158, -0.025987701783816833, -0.19788300703075126], [0.2560491573411141, 0.6206733871000707, 0.04061200064669749], [0.08604520290229495, -0.16355536704450038, 0.09916117869059615], [-0.04286071956465129, 0.1487836513294844, 0.0164243137519354], [-0.003943602883440392, -0.09584291112107829, -0.06275834877663006], [-0.03302423908881827, 0.020161774211995803, 0.01598943712346162], [0.15044412208862434, -0.17386503360703268, -0.1465990351908915], [-0.006483919513441884, 0.006227894061684987, -0.022585688195955293], [-0.07464785625870825, 0.02080065256217718, -0.19465215701691574], [0.1549059141306502, 0.0335004745055481, 0.36154435500599363], [-0.12459562504891787, 0.04371580724108083, 0.12077882030155287], [0.3958900441463883, 0.5701115871143301, 0.05353847060090689], [-0.3753450159436537, -1.0451468122267327, -0.22591282919518962]]","tensor(-6, dtype=torch.int32)",
"['Bi', 'Bi', 'Bi', 'Bi', 'Bi', 'Bi', 'Bi', 'Bi', 'Bi', 'Bi', 'Bi', 'Bi', 'Bi', 'Bi']","[[-1.466747, 0.433688, 1.410774], [1.375169, -0.319996, 1.528208], [-1.375232, 0.320074, -1.528372], [1.466811, -0.433767, -1.41061], [-3.35363, -4.115672, 0.239738], [-0.453553, -4.572294, 0.041341], [-3.295147, -2.639612, -2.305392], [-0.394924, -3.096531, -2.503591], [-2.266177, 3.651028, -2.460453], [-0.386955, 5.899681, -2.195134], [-0.312898, 2.21579, -4.129181], [1.566277, 4.464679, -3.86356], [-3.993199, -7.772485, -0.968523], [-4.905486, -5.615867, -2.607113]]",[-81777.4765625],"[[-0.2414642580848004, -0.048992222915673615, 0.07736340549284229], [0.1867153114481512, -0.20157069090616433, 0.15154887430408262], [-0.32465100976046646, 0.010623654995915718, -0.10214695101597172], [0.19610267137614337, -0.20234562182624233, -0.23683580704397078], [-0.30039644329339826, -0.40117998897327517, -0.45764813039764624], [0.022388129662322398, 0.0692180947648212, 0.06589519920706131], [-0.758255250000239, -0.07324192485287859, -0.04012903922038928], [0.7560584982480337, 0.2780322557569145, 0.0999383721827036], [-0.013246037684529028, -0.038719986493600846, 0.03821980895103237], [0.006953377498501754, -0.002823539225993907, -0.03213738798642109], [0.07723485026389769, -0.004615649511131302, -0.1341207961823387], [0.008697722831214328, 0.060459164218001765, 0.00515683360062852], [0.3058965502085638, -0.5031620807636484, 0.4961505243107355], [0.08161333851756743, 1.0638171452368141, 0.08137453432427995]]","tensor(-6, dtype=torch.int32)",
"['Bi', 'Bi', 'Bi', 'Bi', 'Bi', 'Bi', 'Bi', 'Bi', 'Bi', 'Bi', 'Bi', 'Bi', 'Bi', 'Bi']","[[-0.359304, -2.04728, -0.096239], [-1.959042, 0.371669, -0.594072], [1.959234, -0.371652, 0.594062], [0.359112, 2.047262, 0.096248], [-0.902009, 3.927616, -4.060152], [1.271041, 4.469351, -2.151568], [-1.279312, 6.819776, -4.451193], [0.893994, 7.36123, -2.54255], [-0.914092, -4.599777, 2.034383], [-3.501101, -3.593229, 1.058394], [-1.240421, -7.02412, 0.398555], [-3.827491, -6.017191, -0.577414], [-3.068457, 0.186812, -3.823541], [-5.55329, -0.087203, -2.438345]]",[-81777.65625],"[[0.17126019613606572, -0.7705343312481108, -0.18590299666749607], [-0.9570972790389167, 0.22914712448916086, -0.7960602575073495], [0.26840809709720637, 0.044385348584470075, 0.13576522324890633], [0.4017515455211629, 0.401997703073546, 0.13251390724262282], [-0.07394800159233388, -0.30301881569759326, 0.07391683980483771], [0.08839226142818221, -0.3055126842949352, 0.11311003809618361], [0.012675679271375124, 0.24152041100880337, 0.023119814603383453], [-0.10854756159884836, 0.361538338621279, -0.20929948269240495], [0.14529867333907115, -0.008263766658179796, 0.19298952652992948], [-0.10649191206593273, 0.10393098906117323, -0.17751106558826768], [0.011160630187217288, -0.07142317689586204, -0.05081342884866758], [-0.04406391423222617, 0.02772047714592439, 0.05701912913562757], [-0.3508269626793406, -0.025818805924029426, 1.1823589502884564], [0.5443280361762864, 0.08514500776713332, -0.4840846904766369]]","tensor(-6, dtype=torch.int32)",
"['Bi', 'Bi', 'Bi', 'Bi', 'Bi', 'Bi', 'Bi', 'Bi', 'Bi', 'Bi', 'Bi', 'Bi', 'Bi', 'Bi']","[[1.267371, -1.141586, 1.19175], [-0.965502, -1.731403, -0.631629], [0.965594, 1.73157, 0.631604], [-1.267463, 1.141419, -1.191725], [-3.586984, 1.008613, -7.002808], [-0.799324, 0.482622, -7.784215], [-2.76631, 1.165142, -4.181132], [0.021449, 0.63923, -4.962903], [-2.549171, -6.418571, -4.59031], [-1.594942, -3.999533, -3.21335], [-5.138021, -5.112075, -5.091091], [-4.183411, -2.692987, -3.714106], [2.273442, 2.787479, -2.321872], [1.420819, 5.514392, -2.249605]]",[-81777.7578125],"[[0.1677888964220122, -0.16900508030991965, 0.07290531584141006], [-0.1639962086355972, 0.0911926056913281, 0.02954259839214845], [0.5579955138967599, 0.45245002542631735, -0.1112876905927566], [-0.0496678012126141, 0.03771294139434963, -0.3197902851319798], [0.08358218755989967, -0.16180480478091608, -0.27156741898165715], [-0.17630136088389906, 0.11826294304901556, -0.2519107074109297], [0.12513026053505266, -0.008122366190759057, 0.08036475871196594], [-0.0563023566011241, -0.009244612201772105, 0.52057411519282], [-0.10311240078534564, -0.33146407693988894, -0.20772005314959163], [0.010454861980311465, 0.25266239554561454, 0.07446289099530276], [-0.04657066920571755, -0.17240886281773146, -0.005746454729287481], [0.2224907404227761, 0.28578778703077556, 0.02139932397895384], [-0.850457631303881, 0.33855343501735913, 0.3071374681225202], [0.26909283366865683, -0.721165523786976, 0.05733984872079856]]","tensor(-6, dtype=torch.int32)",
"['Bi', 'Bi', 'Bi', 'Bi', 'Bi', 'Bi', 'Bi', 'Bi', 'Bi', 'Bi', 'Bi', 'Bi', 'Bi', 'Bi']","[[-1.334161, -0.971193, -1.267483], [-0.390494, -1.402995, 1.485943], [0.39051, 1.403172, -1.486015], [1.334144, 0.971015, 1.267555], [-4.078828, 1.56202, -2.471834], [-4.783145, -1.109257, -1.458656], [-6.786051, 2.519603, -1.828535], [-7.490079, -0.151903, -0.815247], [5.304325, 2.578802, 5.624151], [4.271784, 1.64775, 3.03083], [7.187654, 0.318458, 5.685591], [6.154937, -0.612334, 3.092046], [2.987286, 1.874532, -3.929367], [0.2866, 2.411826, -4.694777]]",[-81777.3125],"[[-0.22287532624568673, -0.3381255003712484, -0.008591675051753352], [-0.005359904582478558, -0.1597777459309177, -0.08440740928554082], [0.2798363998399229, 0.3458470416425765, -0.9847896180163299], [0.3160864547198113, 0.14687846283652548, 0.9526137868742452], [0.31104991796021997, -0.08490049572168071, 0.04123112777150382], [0.18137461301687696, -0.0710095890133015, -0.013360498118172137], [-0.27286171302667134, -0.03267025969481475, 0.04487571479196549], [-0.24747951151339267, 0.2019334223401544, -0.000900292322914711], [0.09680748671489538, 0.07019922827212635, 0.3020121254107739], [-0.1560446049265498, -0.01515661007047612, -0.2546953165140528], [-0.016909342346325035, 0.05320607820094774, 0.006578063078702589], [0.006483297306133793, -0.1017714154811788, -0.0628682377863319], [-1.0252171521939102, 0.06477147223981083, -0.1457684141456347], [0.7655834122709966, -0.07323724544254501, 0.21329703609166606]]","tensor(-6, dtype=torch.int32)",
"['Bi', 'Bi', 'Bi', 'Bi', 'Bi', 'Bi', 'Bi', 'Bi', 'Bi', 'Bi', 'Bi', 'Bi', 'Bi', 'Bi']","[[0.90391, -1.592114, -0.988856], [-1.866947, -0.669785, -0.628334], [1.867087, 0.669915, 0.628357], [-0.90405, 1.591983, 0.988833], [-1.915015, -1.998128, -3.962456], [-4.043412, -0.144577, -3.130237], [-1.182005, -0.173237, -6.151595], [-3.310526, 1.680288, -5.319012], [5.472597, -0.099118, -2.936851], [4.779343, 2.220807, -4.608874], [4.970738, 1.496251, -0.51553], [4.277372, 3.816106, -2.187915], [-3.444067, 0.668685, -9.936565], [-1.163551, -0.961121, -9.378691]]",[-81777.375],"[[0.07592003880434395, -0.042513095941166784, -0.5137304004468173], [-0.38635237744471407, -0.1224428391850117, 0.04046948431988951], [0.17213005223719643, -0.04277866533312053, 0.2614205547610603], [-0.0333843068584646, 0.4518415992387684, 0.21821036551983689], [-0.03953563342579019, -0.5726960614370322, 0.10556646868380637], [0.36113457235820984, -0.015928990454811876, 0.1753155479662603], [0.2545295831128974, -0.17461029398027028, -0.4495363982954255], [-0.20526228286053733, 0.2371868142410811, -0.2926709939431102], [-0.015722314784342228, -0.016296267601697424, 0.04696413048163453], [-0.04304202871734558, 0.013556519131266855, 0.04662976861556796], [-0.03059402075643134, -0.07292403348274439, 0.01254666124360633], [0.010323828206552818, 0.07204492140512968, -0.09978595710326689], [0.3000111375612055, -0.15633791653690982, 0.01943800313082858], [-0.41792523314095703, 0.4487977713720014, 0.42109350246934235]]","tensor(-6, dtype=torch.int32)",
"['Bi', 'Bi', 'Bi', 'Bi', 'Bi', 'Bi', 'Bi', 'Bi', 'Bi', 'Bi', 'Bi', 'Bi', 'Bi', 'Bi']","[[-1.1255, 1.70299, 0.403472], [-1.515988, -0.708953, -1.236151], [1.516115, 0.708941, 1.236296], [1.125373, -1.702979, -0.403616], [-1.021258, -2.785552, -7.045681], [-0.857763, -3.285404, -4.150559], [-3.588316, -1.399114, -6.66115], [-3.424471, -1.899033, -3.76588], [4.245494, -1.763927, 2.774926], [4.500636, -2.083972, -0.13897], [7.176016, -1.653304, 3.019185], [7.430854, -1.973252, 0.105074], [-1.965011, -5.843711, 0.181206], [-2.770204, -5.583254, -2.548642]]",[-81777.9609375],"[[-0.24478617662282026, 0.33061396692192413, 0.09338683776104602], [-0.198118005989262, -0.03490824168004709, 0.07095904109728048], [0.14478753774878744, -0.07222248188734795, -0.0437900401724826], [0.1279116814684979, -0.18719914190780707, -0.029495151228249576], [-0.1805672347570133, -0.011272786911157712, -0.2768933592726486], [0.07796884919907975, -0.21575228669823307, 0.5935338356071195], [0.10852349605998993, -0.02910345373007371, -0.20670297560027362], [-0.14218722542187934, -0.14080484533399232, 0.22547872389808954], [-0.1771929171076756, -0.03613942024985863, -0.053081585317237806], [-0.0582905917719812, -0.13274885477904194, 0.022302326760315617], [0.14080926763386803, 0.03739699892148623, 0.058643912963212516], [0.291823249341358, 0.037303271875167306, 0.0029655017368755915], [-0.15385674919618755, 0.2765510424090149, -0.9354362371826683], [0.263845877710329, 0.17373771250828596, 0.472812093827218]]","tensor(-6, dtype=torch.int32)",
"['Bi', 'Bi', 'Bi', 'Bi', 'Bi', 'Bi', 'Bi', 'Bi', 'Bi', 'Bi', 'Bi', 'Bi', 'Bi', 'Bi']","[[-1.8123, -0.501734, -0.890811], [-0.245812, 1.973434, -0.611587], [0.245907, -1.973601, 0.611604], [1.812206, 0.501901, 0.890794], [4.14606, -2.287835, 5.394026], [5.327216, -0.44435, 7.359922], [2.709057, -0.040868, 4.150635], [3.890539, 1.802506, 6.116703], [0.684829, -1.471254, -6.490258], [-0.077634, -0.638997, -3.772849], [-0.01416, -4.253465, -5.834078], [-0.776714, -3.420837, -3.116617], [-1.292448, -1.706441, 3.63984], [-3.078208, -3.729727, 4.580914]]",[-81777.8984375],"[[-0.41606632453041825, 0.05561247782051582, 0.18472723054356882], [0.03266575511959253, -0.0022248868353911297, -0.03444661013732536], [-0.14720962110628677, -0.4628806367482407, 0.4134219434710279], [0.17273678149572333, 0.25100177052019984, -0.03195315291671601], [0.12000306662800961, -0.2454966242400597, 0.07864510112541989], [-0.007268857172540947, -0.029492621261343943, -0.05470153546821443], [-0.30544182465274095, -0.06532359123708206, 0.018001290460980424], [0.1005283892614677, 0.2201463558456509, 0.1552385636410672], [0.08138625856115969, -0.33850077879558343, -0.510518628028957], [-0.02286979010971369, 0.20259625310059273, 0.31353561044500106], [0.1099684054112356, 0.06623900731135074, -0.2576677705177097], [-0.05079264918146098, 0.1345759331148941, 0.3129292925632068], [-0.18393085661130285, -0.22034273681338665, -0.2985694163796377], [0.5223584617705711, 0.41204758522942697, -0.2924770298136786]]","tensor(-6, dtype=torch.int32)",
"['Bi', 'Bi', 'Bi', 'Bi', 'Bi', 'Bi', 'Bi', 'Bi', 'Bi', 'Bi', 'Bi', 'Bi', 'Bi', 'Bi']","[[1.554238, 1.370867, 0.186498], [0.590576, -0.910928, 1.774918], [-0.590624, 0.910932, -1.775105], [-1.55419, -1.370871, -0.186311], [0.526196, 7.063056, -1.447487], [-0.455168, 4.306973, -1.762521], [2.773588, 6.468881, -3.251937], [1.791852, 3.712734, -3.566897], [4.181715, 7.334323, 3.501951], [2.412667, 5.587223, 5.075617], [2.041549, 7.714247, 1.518214], [0.272584, 5.967103, 3.092254], [-4.343251, 4.87322, -1.76072], [-2.711324, 7.133659, -2.389588]]",[-81777.5625],"[[-0.06956766214336733, 0.286760847269703, -0.23139108172143458], [-0.047336405855821446, -0.19052234599811643, 0.12123657976077878], [0.2290683972669552, -0.036876129129266834, -0.07721793239576859], [-0.05033591816406663, -0.0840021003597243, 0.09712188138280227], [-0.21583384213547555, 0.605625740441648, 0.3173155455527048], [-0.36995006720576484, -0.3962881539793839, -0.23114168457728207], [0.10687937752597172, 0.10035052024669996, -0.16554848731405739], [-0.0550807219715094, -0.2818677267235223, 0.05682670766894331], [0.28636098908559376, -0.05606920883791018, 0.21941353961857513], [-0.012222295832142486, 0.04732113863683199, 0.000958147832369852], [-0.2895169685340919, 0.05601742679169129, -0.0477155717902798], [0.06023362692434137, -0.01101997534012443, -0.14450553899857457], [0.3676292853686739, 0.5161878107812305, -0.06595310048217795], [0.051890495410020346, -0.5463772065256634, 0.14297429195556974]]","tensor(-6, dtype=torch.int32)",
"['Bi', 'Bi', 'Bi', 'Bi', 'Bi', 'Bi', 'Bi', 'Bi', 'Bi', 'Bi', 'Bi', 'Bi', 'Bi', 'Bi']","[[0.5957247915538839, 1.6285859431110976, -1.1500149991019755], [-0.03928181395488867, 1.2095616475182838, 1.6924309388967005], [0.03933285920808641, -1.2097164460436223, -1.692533646241517], [-0.595775836807082, -1.628431144585761, 1.1501177064467931], [-3.928216650672202, -2.118635637590609, 1.5595473555018549], [-4.209020095794096, -4.414098776153487, -0.25987894542070084], [-3.220601960808164, -0.39815086948930434, -0.7206001245035547], [-3.5016235388867156, -2.693908240519074, -2.5399067873525416], [1.580072011912899, -3.610447510055299, 2.9830783641205127], [3.8241780140843655, -5.153417784702383, 4.0973245857230385], [3.400867200427048, -2.372638562257377, 1.0305433945514326], [5.644887058270273, -3.9159305746375175, 2.1449833478907485], [2.271008330963569, -5.2030523492947935, -2.5191148257620637], [4.677007615938331, -4.667492164933803, -1.0725372254155934]]",[-81777.40625],"[[0.17880541105537345, 0.18277853896113508, -0.34169702174178707], [-0.000668226480507592, 0.17817842149276486, 0.3024150689203779], [-0.189467061834756, -0.1449122363208637, -0.6161564705758734], [-0.3318645007670056, -0.26664195393987394, 0.5519940415887106], [-0.04562161794134782, -0.3320917349896881, 0.2487282455852689], [-0.01413177292753897, 0.046275753226100336, 0.04718468497462104], [0.5838166029616554, 0.19092318120196564, -0.18714206338615566], [-0.09592487793505336, -0.08302034978732023, -0.15487881468838866], [-0.29841499583862946, 0.14324204678641556, -0.02384848106766889], [0.33660736596159585, -0.2985994983032107, 0.2933794875208697], [-0.15450960407085979, 0.12405091083283383, -0.5223260658528769], [0.1268633907095921, -0.3513262197664698, 0.011049337354415375], [-0.30891219876914605, 0.12634269061027492, 0.009370205518241815], [0.20901573559107842, 0.4840278690654433, 0.37554725902982933]]","tensor(-6, dtype=torch.int32)",
"['Bi', 'Bi', 'Bi', 'Bi', 'Bi', 'Bi', 'Bi', 'Bi', 'Bi', 'Bi', 'Bi', 'Bi', 'Bi', 'Bi']","[[-1.3561827826857722, 0.5003700356271982, -1.4967006337018813], [-0.4861296567437033, -2.009724626549146, -0.23149471973599134], [0.48615616857414773, 2.009887397031439, 0.23159431839532452], [1.3561562708553292, -0.5005328061094908, 1.4966010350425498], [-6.003088595266598, -1.5419071531138762, 2.332732433883078], [-5.486361319834943, -2.886623034207823, 4.898477117545252], [-3.40959164488641, -2.4887814891652704, 1.3143702796123597], [-2.8931697182489993, -3.83358325672011, 3.880333717999487], [0.4482256350362981, 3.9142555877917715, -2.6056144463680404], [1.1994467212570976, 6.148764794880125, -0.844663242377247], [-2.3969336273521673, 4.5140063763584815, -2.1525949319829114], [-1.6453601870160806, 6.748664870628806, -0.3916887603664696], [2.9369956412898146, -2.9370399251395467, 3.2020702090111732], [3.631389339724593, -4.017987002835056, 0.6491082369106085]]",[-81777.5546875],"[[0.07092793073187588, 0.20986533138812744, -0.09199067655261614], [0.25918595634945374, -0.3865816685510597, 0.23955480155824055], [-0.23959367665947337, 0.8392465868980808, -0.29801117815346867], [0.2919844575984545, -0.6546222519597592, 0.345023208313408], [-0.4365768485097041, 0.11498103089824323, 0.16583310859094072], [-0.07540741197340449, 0.05724034697359544, -0.045613493250878524], [0.1918823060540755, -0.11327613145198002, -0.08131221074928761], [0.17606605339283887, -0.10358137026053552, 0.007914939757752376], [0.011916262396326142, -0.21706067039633958, 0.04184154913620601], [0.007818497624998139, 0.17729025912703245, 0.11177609761856291], [-0.03713366639051612, -0.0630353081618683, -0.006437120267896893], [0.04409863957066868, 0.003482352892638176, -0.01489235708406677], [-0.045726704127696284, -0.03831156138903471, -1.1778785434492793], [-0.22372147676260007, 0.16864522851305794, 0.8176133129712845]]","tensor(-6, dtype=torch.int32)",
"['Bi', 'Bi', 'Bi', 'Bi', 'Bi', 'Bi', 'Bi', 'Bi', 'Bi', 'Bi', 'Bi', 'Bi', 'Bi', 'Bi']","[[-0.700501, 1.958463, -0.058611], [1.534067, 0.587001, 1.277096], [-1.534141, -0.587085, -1.277252], [0.700575, -1.958379, 0.058768], [-6.595707, -4.011129, -1.41415], [-5.991808, -4.006596, -4.294011], [-3.961772, -2.821457, -0.86014], [-3.358172, -2.816934, -3.740244], [2.028905, -5.945593, -6.99723], [1.540626, -3.048217, -6.838778], [-0.842197, -6.451198, -6.595986], [-1.330215, -3.55359, -6.437696], [1.819252, 3.787475, -1.811683], [2.473266, 1.013997, -2.031514]]",[-81777.5390625],"[[-0.3372851091285918, 0.4023728272316063, 0.08465387537047339], [0.5970552204383698, 0.10640747699156192, -0.41692435355048596], [0.008023769472367711, -0.06527561442563995, -0.16740307646890368], [-0.07590661763844214, -0.03874020566000925, -0.21736719748423505], [-0.270797013205638, -0.19040767473389783, -0.1524876360079276], [-0.19643871474460453, -0.09133468493035767, -0.056581681402574906], [0.06653812961805902, 0.05674011286672623, 0.4411257495748627], [0.12914174932113137, 0.2063218864795902, -0.07501038200433201], [0.11377091481714198, -0.03066663903415756, 0.00016185926077589698], [0.05929913325409733, 0.07808120646917732, -0.03856961801340893], [-0.09939036695275859, -0.044617349635041804, -0.04064353781546218], [-0.010469167606188419, -0.07534262013801642, -0.02202347504210732], [-0.15453387529808452, -0.5299025968259556, -0.08344067396387747], [0.18133028717393684, 0.21469438000820218, 0.7399109330507609]]","tensor(-6, dtype=torch.int32)",
"['Bi', 'Bi', 'Bi', 'Bi', 'Bi', 'Bi', 'Bi', 'Bi', 'Bi', 'Bi', 'Bi', 'Bi', 'Bi', 'Bi']","[[-1.786013, -0.792346, 0.715582], [-1.05005, 1.051629, -1.456151], [1.050187, -1.051748, 1.456216], [1.785877, 0.792466, -0.715647], [-0.628766, 5.880148, 1.50717], [0.441427, 6.204578, 4.228888], [0.977756, 3.438209, 1.16676], [2.047742, 3.762851, 3.888724], [-3.333479, 2.223634, 0.858813], [-4.799826, 0.080802, 2.243158], [-5.581715, 2.553882, -1.011008], [-7.047961, 0.410974, 0.373701], [1.275999, -3.382799, -4.036039], [-0.366254, -2.617513, -1.825704]]",[-81777.3671875],"[[-0.5299524762547861, 0.16230848416792099, 0.4859942498473798], [-0.32277682878872904, -0.2993530376331924, -0.3583469807737752], [0.5439187163273268, -0.3024133719913558, -0.2125084783173199], [0.3257583330805036, -0.17709506086740298, 0.1515026972658457], [-0.2127281534925404, 0.36910900747591774, -0.010112915355737159], [-0.06430862199351871, -0.04301208049121066, -0.08096475167649617], [-0.011420897961529357, -0.13560077540004042, -0.0025520151558354504], [0.2168919030917811, -0.06416592568939021, 0.1930101467886522], [0.33068837468843726, 0.2926375695835846, 0.01833309664909558], [-0.04888735784431893, -0.21385887386424549, 0.18973018867735983], [-0.20579650696993945, 0.13999705569739607, -0.19980773591850975], [-0.3394969275536293, -0.023531422735418254, -0.07289621413120077], [-0.27931683102662047, 0.040242892873351775, 0.3341452247947574], [0.5902978433841262, 0.2478978302283784, -0.42417671965825793]]","tensor(-6, dtype=torch.int32)",
"['Bi', 'Bi', 'Bi', 'Bi', 'Bi', 'Bi', 'Bi', 'Bi', 'Bi', 'Bi', 'Bi', 'Bi', 'Bi', 'Bi']","[[-1.519331, -0.317937, -1.385736], [1.371323, 0.206575, -1.551034], [-1.37139, -0.206649, 1.551199], [1.519398, 0.318011, 1.385571], [6.175248, -1.719826, 4.958243], [3.800297, -0.46611, 3.755696], [5.042705, -1.29206, 7.640448], [2.667676, -0.038431, 6.437534], [-7.04407, -1.996709, 0.691651], [-4.375281, -0.829894, 0.274013], [-8.262791, 0.294928, -0.695064], [-5.593701, 1.461502, -1.11269], [4.089921, 2.346082, 0.693666], [2.971258, 4.925664, 1.206104]]",[-81777.7890625],"[[-0.0798126397146947, -0.0822774548302952, -0.052769504643451905], [0.48999226604546514, 0.10734680433841426, -0.05861038575950376], [-0.5497083296180756, 0.02202189638389588, 0.026875689314437887], [0.7980878305782637, 0.16366319917053912, -0.2606582736755105], [0.29733533760386116, -0.2021239411894503, 0.19423584376350156], [0.06513620913537244, 0.15385752052756121, -0.15068986826427483], [0.02553331047158927, 0.007721885799341698, -0.09950092444965093], [-0.10606793692087345, 0.06133333977482502, 0.14555717219343298], [-0.31107357212234577, -0.12190609539312222, 0.11495804522330794], [-0.1869162689820374, 0.05315254780361521, -0.04323476900099764], [-0.006761912482720833, -0.09445220065435567, 0.007436246365045126], [0.16087473341054773, 0.12434957034071792, 0.014597076007599349], [-1.1382017718087354, 0.48313482160101107, 0.30758951972958093], [0.5481831503818769, -0.660337817438636, -0.13369610112799732]]","tensor(-6, dtype=torch.int32)",
"['Bi', 'Bi', 'Bi', 'Bi', 'Bi', 'Bi', 'Bi', 'Bi', 'Bi', 'Bi', 'Bi', 'Bi', 'Bi', 'Bi']","[[0.92513, 0.237267, 1.848663], [-1.76916, -0.536868, 0.954332], [1.769305, 0.536845, -0.954457], [-0.925274, -0.237245, -1.848537], [-3.842516, 1.514243, -2.269142], [-5.810862, 0.716826, -4.305819], [-5.253172, 4.071382, -1.907276], [-7.221558, 3.273588, -3.944022], [-5.971079, 7.311043, -2.242269], [-4.416829, 9.800365, -2.456504], [-7.367607, 8.386029, 0.114418], [-5.813204, 10.875435, -0.100161], [1.382045, 3.395579, 3.023211], [4.186372, 3.319026, 2.477195]]",[-81777.9140625],"[[0.36956388729801526, 0.5070906771381036, 0.4302386643460029], [-0.4230516042945348, 0.02485121699564588, -0.18598496348147117], [0.24094849450627467, 0.29491155731733976, -0.04641744679944307], [-0.22295559613063973, -0.16510764572296058, 0.0421112425799043], [0.3178789259880315, -0.6061445893456684, 0.10474381806274412], [0.044263653062541965, -0.07973046721235331, -0.177420768395457], [-0.12967551063170932, 0.3972602886206629, 0.08063714153105375], [0.002830041549473925, 0.07216663749589441, 0.09347188990051576], [-0.1942076130352253, 0.01802533543100222, -0.08940471098925826], [0.11683705987165371, 0.12505996653586576, -0.04771770580708028], [-0.066411939805327, -0.0063048626483586945, 0.09682394178420027], [0.01656361619801976, 0.026953562929923364, -0.005742459232771883], [0.9085142011370915, -0.6251841329732786, -0.48245095920511744], [-0.9781546255400414, 0.02200414547788321, 0.1841467779738382]]","tensor(-6, dtype=torch.int32)",
"['Bi', 'Bi', 'Bi', 'Bi', 'Bi', 'Bi', 'Bi', 'Bi', 'Bi', 'Bi', 'Bi', 'Bi', 'Bi', 'Bi']","[[1.585080067422445, -0.3244359120353963, 1.3084254729912275], [1.1784423329190206, 1.3139461787469198, -1.101691440617673], [-1.1785994415901109, -1.3139994619268736, 1.1017893935053409], [-1.5849229587513562, 0.3244891952153503, -1.3085234258788965], [2.6076369766182292, -0.13979139273782504, -5.363959435579961], [5.109486894972888, 1.3213602686529922, -5.877862605667133], [3.4989724907417616, -0.6990252720202839, -2.615753223033342], [6.000820586211659, 0.7623838814449142, -3.1299430331538702], [1.2118463290276225, -4.969309305571942, -2.3837178743685863], [2.078408288649829, -7.776693616460172, -2.5448928131659705], [3.8436166889124244, -4.100358030701712, -3.3729435169235193], [4.709903324944545, -6.908010768588756, -3.5341431916674257], [6.6185887366752265, 4.182098412495638, -5.0017911533804575], [8.230295443825971, 3.4339609648619698, -2.7632791758003767]]",[-81777.703125],"[[-0.07243881462661592, -0.0822271126026405, 0.08197380737952806], [0.267389836839782, -0.00224510908712503, -0.1335787044929251], [0.10822787045550895, 0.08307876528335265, -0.0423881454008418], [-0.07796843782234712, -0.0685811807385381, -0.005155830869842751], [-0.3102228964613736, -0.25759413408257026, 0.3672310726914951], [0.6767332371173137, 0.7377141812985558, -0.0012848683756279602], [-0.941159001754366, -0.6421688498214384, 0.0626471227925472], [0.506660171387414, 0.2639818377204608, 0.13897581295866024], [0.014824197101680345, 0.19458623389551294, 0.10274648118167774], [0.08165966982207906, -0.05902592768154427, -0.11337517040035892], [-0.17956800067347278, 0.3907509717361907, -0.07741549607161063], [0.10057214946140045, -0.41074732622178983, 0.06943123933441134], [0.4052675824548891, -0.180814420751228, 0.17479289382746319], [-0.5803168154088678, 0.03469937542847623, -0.6295848355705099]]","tensor(-6, dtype=torch.int32)",
"['Bi', 'Bi', 'Bi', 'Bi', 'Bi', 'Bi', 'Bi', 'Bi', 'Bi', 'Bi', 'Bi', 'Bi', 'Bi', 'Bi']","[[1.92567366304867, 0.1304080064206911, -0.7774891605884916], [0.7468762838472366, -0.9585155041995501, 1.6888838822799879], [-0.7469928344817628, 0.9585354746750719, -1.6890359813585487], [-1.9255571124141453, -0.13042797689621316, 0.7776412596670532], [-2.3680849336691088, 4.826023729173366, -4.017134548307348], [-0.36755879836195354, 4.227129014765025, -1.9440851126235854], [-0.3740872771935467, 4.257518387620987, -6.105347645611207], [1.6263075494885817, 3.658524812017755, -4.031949709555653], [1.3660850005673777, -3.187156903898872, -1.1079866770989435], [-1.4334140469650327, -3.327828436740498, -2.0031571985612606], [0.7526904831879005, -5.033535565027905, 1.0998384796857055], [-2.046880921971896, -5.17411711752672, 0.20430034985614576], [6.61658350629044, -0.7485752498823277, 3.1498623038002003], [4.669440998960966, -0.3908354499995819, 1.0885757356766548]]",[-81777.3828125],"[[0.5820883064637243, 0.27693933062251913, -0.3029409626509444], [0.023325734369106902, -0.3793567618401903, 0.220483016279211], [-0.2929191055349733, 0.2595335182664284, -0.4672948119334655], [0.019871671340150276, -0.19829047568441407, 0.2624266279827807], [-0.1533208795798549, 0.1328733476627519, -0.025308822188597063], [0.00978803058114838, -0.14787044640515357, 0.1914328255515936], [-0.029594575842315323, -0.004884658012569771, -0.13746107240705185], [0.17414749515606973, -0.15367965151279347, 0.04826003918032425], [-0.08512382186540325, 0.2534755845018265, -0.3913051476171251], [0.11193499188153842, 0.26813268037471544, -0.10638094319230776], [-0.20698589994813482, -0.20635289400081167, 0.4298924394034094], [0.10178380820524903, -0.08700659032643421, 0.1509198792799025], [-0.15927704902522427, 0.1093282003710915, -0.21669901882627265], [-0.09934969207832052, -0.1174097477055561, 0.3485389881366763]]","tensor(-6, dtype=torch.int32)",
"['Bi', 'Bi', 'Bi', 'Bi', 'Bi', 'Bi', 'Bi', 'Bi', 'Bi', 'Bi', 'Bi', 'Bi', 'Bi', 'Bi']","[[-0.922864, 1.003941, 1.571667], [1.034922, 1.734302, -0.500037], [-1.035035, -1.734454, 0.500002], [0.922977, -1.003789, -1.571632], [3.68455, -2.86285, -1.71197], [6.183329, -2.309097, -3.163788], [2.295661, -3.299471, -4.269354], [4.794771, -2.745764, -5.720978], [-3.32705, -2.443105, 2.980438], [-2.739626, -5.244975, 3.660707], [-5.244114, -3.341471, 0.936504], [-4.656542, -6.143411, 1.617123], [1.366559, 1.530283, -3.895922], [2.528429, 2.887377, -6.126751]]",[-81777.375],"[[-0.24197251403795575, -0.23003029891201024, 0.27698735885605286], [0.2350194245031668, 0.411063880617543, -0.3253564694348228], [-0.5287024052085288, -0.27683026436628255, 0.7725212808666785], [0.3274499142050482, 0.24731208118321524, -0.9078919938289997], [-0.12201145925876522, -0.11614460998646654, 0.15711948090680136], [0.22875467108623881, 0.02707313471946931, -0.19349248600765234], [0.029057847477053325, -0.05478591912049366, -0.0412406305740274], [-0.03231668139312553, -0.01079040655448433, 0.10925332980575418], [0.09160202838447085, 0.10026541668513865, -0.04440067236776027], [0.027996603493279065, -0.03462658231563864, 0.09910487150031842], [0.0016041553413275761, -0.0006822760243684888, -0.07019501166061697], [-0.06152437284503669, 0.013877835212700133, -0.06063461639446536], [0.3472386262848559, 0.15472238868580887, -0.3154287661685307], [-0.31771514662635614, -0.23336214191370466, 0.5342086827746838]]","tensor(-6, dtype=torch.int32)",
