atoms,coordinates,total_energy,forces,charge,source
"['Bi', 'Bi', 'Bi', 'Bi', 'Bi', 'Bi', 'Bi', 'Bi', 'Bi', 'Bi', 'Bi', 'Bi', 'Bi', 'Bi']","[[-0.643745, 1.626051, -1.127503], [-0.796306, -1.298136, -1.417619], [0.796332, 1.298206, 1.417797], [0.643719, -1.626121, 1.127325], [-2.171087, 4.537327, 4.042208], [-2.213869, 4.245636, 6.969903], [0.61233, 3.583641, 3.988052], [0.569204, 3.291915, 6.915916], [-1.721036, 0.098622, -7.511649], [-0.509995, 1.653182, -5.326463], [-4.065681, -0.451585, -5.820562], [-2.854372, 1.103235, -3.635472], [2.98748, -1.846089, -1.349501], [4.775886, -3.444177, -2.903838]]",[-81777.8671875],"[[0.08131992406302428, -0.1624849647862161, -0.24203972271164798], [0.18776036261528758, 0.15805669994789903, -0.4544619661813919], [0.40912804455800367, -0.0016688484462998223, 0.12608794556859831], [0.19121705845533302, -0.5036783585630898, 0.47924258064530134], [-0.06941612123948745, 0.07071200936934055, -0.017040509817521785], [-0.01358488869919035, -0.013827266727842487, 0.014803952224226148], [-0.002142266446632102, 0.021203621782826906, -0.09035889932057661], [0.025441146656854312, -0.01634917579172186, 0.15823462038475836], [-0.07202610091961219, -0.051695142884116134, 0.02084078750465368], [-0.015755158074232993, 0.04273546049177683, 0.17198391065293223], [-0.05760312982967708, -0.12071078887439539, -0.22168336216291243], [-0.05352309539552511, 0.07837477518999521, -0.020924348403467668], [-0.19785842727097708, 0.41355882907880814, -0.35218486585163655], [-0.3980275576490958, 0.07820677921681041, 0.430711387633878]]","tensor(-6, dtype=torch.int32)",
"['Bi', 'Bi', 'Bi', 'Bi', 'Bi', 'Bi', 'Bi', 'Bi', 'Bi', 'Bi', 'Bi', 'Bi', 'Bi', 'Bi']","[[-0.698641, 1.867275, 0.595736], [1.859365, 0.431643, 0.827859], [-1.859485, -0.431698, -0.827999], [0.698761, -1.867219, -0.595596], [6.029514, -1.688407, 0.694612], [8.214218, -1.899259, 2.65444], [4.902477, 0.578336, 2.195122], [7.087505, 0.367308, 4.154835], [11.859864, -5.293557, 0.188883], [12.85836, -4.141329, -2.327799], [9.45475, -3.607754, 0.006255], [10.453505, -2.455732, -2.510626], [3.734211, -1.076258, -1.999306], [1.466383, -0.848127, -3.723591]]",[-81777.65625],"[[-0.3214091039969417, 0.1319246100731408, -0.1906650937243365], [0.3648841684318826, -0.002905136829351452, -0.014828233735869206], [-0.17733057404682948, 0.36627061086500423, -0.06830812943225978], [0.32476799501880604, -0.5759418238574253, -0.8566431946997792], [-0.0015585609153882546, -0.23364630039176382, -0.22557133508502122], [0.19195316569626975, -0.05879627662055765, 0.16749419641517962], [0.13055919927547446, 0.15988449819303327, 0.13629646487699698], [0.09771133281855902, 0.172018774831022, 0.2895406741183093], [0.09113316175346411, -0.14551613736435384, 0.05757469341303453], [0.08573728741792686, -0.004430563405810611, -0.010743134225696824], [-0.10308077619902527, 0.0167619974851179, -0.09079310746185988], [-0.0635935463880373, 0.07701918601182024, -0.08449061022971377], [-0.0666996978297966, 0.37310332128340945, 0.44127626203691106], [-0.5461962007633093, -0.27197982415611144, 0.4536282598106403]]","tensor(-6, dtype=torch.int32)",
"['Bi', 'Bi', 'Bi', 'Bi', 'Bi', 'Bi', 'Bi', 'Bi', 'Bi', 'Bi', 'Bi', 'Bi', 'Bi', 'Bi']","[[2.052302, 0.271899, -0.209386], [0.180356, 0.225934, 2.06042], [-0.180411, -0.226023, -2.060582], [-2.052247, -0.27181, 0.209548], [2.216868, 7.281177, 1.795056], [-0.485753, 6.261661, 2.356072], [3.040232, 4.602983, 0.895494], [0.337324, 3.583724, 1.456521], [3.097137, 3.330269, -4.048904], [4.905962, 3.394489, -1.728916], [5.350785, 2.577159, -5.784921], [7.159451, 2.641339, -3.464584], [-5.049837, -2.731237, -0.973181], [-4.942727, 0.057897, -1.587595]]",[-81777.453125],"[[-0.02265784881706647, 0.1723366147790646, 0.057270120364619], [0.5504683481315961, 0.4799121476997364, 0.4095057912427345], [0.013412897229489953, 0.02531511111039703, -0.28741133672816266], [-0.8622255769614691, -0.6497700633984744, -0.2633396786408368], [-0.21034000871548247, 0.11525367082778894, 0.02693886135394126], [-0.11758098327051028, 0.4952392734258846, 0.26017356904029776], [0.26693901936291914, -0.2963936448407962, 0.042991064282382786], [-0.11335362454398783, -0.464672130996721, -0.23213032570995756], [-0.13205234254862014, -0.031701138388102186, 0.14203573594009106], [-0.1827454745562505, -0.025247917863332272, 0.06738104054320294], [0.06896869762066868, 0.0033843295305679227, -0.02500378119914817], [0.32797663068908, -0.11180504825612123, -0.292867734865487], [0.236960505616047, 1.0935216306576678, -0.24028103575759432], [0.1780467809383256, -0.8045860402909549, 0.32880514342858214]]","tensor(-6, dtype=torch.int32)",
"['Bi', 'Bi', 'Bi', 'Bi', 'Bi', 'Bi', 'Bi', 'Bi', 'Bi', 'Bi', 'Bi', 'Bi', 'Bi', 'Bi']","[[1.261745, 1.581947, -0.48493], [-1.539774, 1.345734, 0.383408], [1.539891, -1.345881, -0.383367], [-1.261863, -1.581801, 0.484889], [-3.719162, 0.827592, -2.77575], [-1.899816, 2.653941, -4.194463], [-4.265189, 2.92123, -0.78116], [-2.445774, 4.747506, -2.200244], [-2.311388, 4.160735, 4.264616], [-5.137322, 4.740863, 3.68508], [-1.55898, 5.169423, 1.604486], [-4.38515, 5.749595, 1.025252], [2.843146, -2.105383, 2.559524], [2.070207, -0.167285, 4.512621]]",[-81777.234375],"[[-0.08317677578990001, 0.34296118244113666, -0.10096439717595619], [0.07573975295127205, 0.4253262090933889, 0.31335671298840173], [0.3774875173892443, -0.2610554064887661, 0.2456547985937531], [-0.2212551704063438, -0.5537341651677046, 0.03140403182738375], [0.3575885563450937, -0.4052289130420226, -0.6486747728478665], [-0.1365302297053098, -0.333433440203137, -0.02364733327204386], [0.07491417127098987, 0.29898742656207394, 0.22340620791913632], [-0.10100275805627328, 0.041116461649494396, 0.3019416257232207], [0.060016368587425005, -0.10223400861701301, 0.019199322350560887], [-0.08582341942131974, -0.03287419456780329, 0.1337919519066984], [-0.010676871718489621, -0.04436748969206509, -0.11151770160838427], [0.003870002443765033, 0.4250327432167542, 0.005876583474234358], [-0.5655226796619238, 0.7006460523637557, 0.13144355640643013], [0.27285970756509975, -0.5043718368901086, -0.5209685226352221]]","tensor(-6, dtype=torch.int32)",
"['Bi', 'Bi', 'Bi', 'Bi', 'Bi', 'Bi', 'Bi', 'Bi', 'Bi', 'Bi', 'Bi', 'Bi', 'Bi', 'Bi']","[[0.750117, -1.936929, 0.123879], [1.688317, 0.585604, -1.065626], [-1.688447, -0.585592, 1.065768], [-0.749987, 1.936917, -0.124021], [-2.487486, 4.22831, -3.010119], [-2.919344, 4.667665, -0.132832], [-4.948443, 5.726951, -3.608136], [-5.379993, 6.16628, -0.730618], [-7.627367, 2.97601, 3.565897], [-7.303682, 0.05255, 3.649085], [-4.936706, 3.240668, 2.403934], [-4.613342, 0.316994, 2.487133], [2.835149, 2.703167, 1.205426], [1.682235, 2.370054, 3.799279]]",[-81777.71875],"[[0.36490216616393484, -0.22425410678716332, -0.015801371107933997], [0.5710536398320362, -0.03256543061892417, -0.034395640560153415], [0.038046254249748016, 0.2840158845991865, -0.06064608352088721], [-0.2922508240328277, 0.2748686144167712, 0.11287385642956659], [0.13283987188113475, -0.13004045321563723, -0.07475106039650498], [0.06110055196625214, -0.10385596422956118, 0.11360374159742241], [-0.023605809933094756, 0.07631053816778606, 0.014765663334837292], [-0.2127482081082558, 0.11263577214556121, -0.034453978923048474], [-0.16447870212087204, 0.01402092746693378, 0.11452563685522989], [-0.36777573548548753, -0.061025989933464274, 0.11832614079956473], [0.10234919410214738, 0.15537879168479998, -0.03892342257230109], [0.15608332576150794, 0.0030945434188065124, -0.011849598796804634], [-0.8398250854283316, -0.43295292802784746, 0.5426753301529748], [0.4647638680080958, 0.07167756198289761, -0.7310246814051949]]","tensor(-6, dtype=torch.int32)",
"['Bi', 'Bi', 'Bi', 'Bi', 'Bi', 'Bi', 'Bi', 'Bi', 'Bi', 'Bi', 'Bi', 'Bi', 'Bi', 'Bi']","[[-1.32622, 1.293228, 0.947849], [-0.799736, -1.59948, 1.063481], [0.799878, 1.599593, -1.063545], [1.326078, -1.293341, -0.947784], [4.503819, 5.601418, 2.580878], [3.233997, 4.48071, 0.174661], [2.138456, 4.867967, 4.17052], [0.868865, 3.747156, 1.764014], [-4.980593, -3.403396, 1.194986], [-2.290019, -4.5406, 0.840179], [-4.861794, -4.019814, 4.070012], [-2.171019, -5.156903, 3.714896], [4.573297, -1.031061, 0.70487], [2.181348, -0.321604, 2.098962]]",[-81777.203125],"[[-0.4621074027571848, 0.41356602817162896, 0.31088212767540147], [-0.27077572445972475, -0.6153841107603744, 0.506478548559961], [-0.009838527075077817, 0.07733018682168301, -0.5905312996798895], [0.7164480611056252, 0.30970723572703107, -0.008356059028143698], [0.16730038655202276, 0.046992911426290654, 0.14684884371177664], [-0.05049262184594092, -0.07776660611290412, -0.187524129526579], [0.0344396630127532, 0.2593221734700435, 0.31199757568590797], [0.08834670145504424, -0.06151120878959275, -0.0870008310521775], [-0.050627975075392115, 0.059246734142779506, -0.040776273660452056], [-0.03894481930460662, -0.1849108074105017, -0.07600745636002629], [-0.1099572982394548, 0.024918394816083173, 0.09186063008301579], [0.0835607959698033, -0.07875606999904487, 0.022206434843941268], [-0.04756477136451863, -0.04641255655853401, 0.27944101537778093], [-0.04208738787162134, -0.129482729210384, -0.6742793749072193]]","tensor(-6, dtype=torch.int32)",
"['Bi', 'Bi', 'Bi', 'Bi', 'Bi', 'Bi', 'Bi', 'Bi', 'Bi', 'Bi', 'Bi', 'Bi', 'Bi', 'Bi']","[[-0.63539, 1.498359, -1.296501], [1.455785, 1.276499, 0.761672], [-1.45585, -1.276663, -0.76175], [0.635456, -1.498195, 1.296579], [-4.636987, 1.479338, -4.230468], [-3.726543, 2.778192, -1.752085], [-6.232966, -0.420514, -2.648295], [-5.322397, 0.878704, -0.169939], [-6.103256, 2.49707, -10.674696], [-7.90866, 3.495599, -8.576657], [-5.181648, 0.365714, -8.866985], [-6.987353, 1.364455, -6.769059], [-3.467778, -5.868503, 2.347782], [-3.211285, -3.874707, 0.316223]]",[-81777.2890625],"[[-0.03957310470392296, 0.3980275576490958, -0.15979044718753743], [0.21286313648293223, 0.02018726414279094, 0.1590702807949898], [-0.39658743055236695, -0.5419286813832646, 0.0017357742984883782], [0.19437787158043954, -0.00921053478168347, 0.17466608694963223], [-0.03554945973539526, -0.11553073305721032, -0.34107692273944995], [0.14573231583734705, 0.17739444028456913, 0.34803258337881776], [-0.10511678249295818, -0.0024736010941674895, -0.014619213218023609], [0.03674555815433239, -0.1020987685161633, 0.016666295830482385], [0.024823022262833755, 0.05939626958508786, -0.09962716568447452], [-0.08734201662979645, 0.1216724848310841, -0.04109455583848224], [0.0269627057778059, -0.08301376775959826, 0.0017894959860015771], [0.0008237412836246155, -0.14079368674011994, 0.11819845974617696], [0.2033218702348476, 0.7279254719457986, -0.5682238821325076], [-0.170518483887147, -0.5066751352160631, 0.41366290739216166]]","tensor(-6, dtype=torch.int32)",
"['Bi', 'Bi', 'Bi', 'Bi', 'Bi', 'Bi', 'Bi', 'Bi', 'Bi', 'Bi', 'Bi', 'Bi', 'Bi', 'Bi']","[[2.000087, 0.554517, -0.147911], [-0.570338, 1.862119, -0.73221], [0.570336, -1.862266, 0.732335], [-2.000085, -0.554371, 0.147786], [1.642398, 2.29759, -4.174163], [0.301013, -0.146961, -3.234391], [4.166917, 0.809266, -4.441655], [2.82515, -1.635301, -3.50192], [-3.610801, 3.275591, 1.802577], [-6.478122, 3.849972, 1.475662], [-4.242134, 0.463624, 2.39766], [-7.10955, 1.038315, 2.070535], [0.213298, -2.134537, 6.169638], [-0.164796, -0.641639, 3.762037]]",[-81777.6953125],"[[0.18790984663550436, -0.11316002036919726, 0.3297968698867523], [-0.18060549279314722, 0.2730405590611791, 0.15445195990620103], [0.31598911270045443, -0.29288737810446974, 0.48378145440260234], [-0.3820660890012434, 0.09560960909158964, 0.07005612059126522], [-0.14317884903586636, 0.19043425995524357, -0.14961442664101593], [-0.2358284996920525, -0.0749563373860837, -0.1862890737310625], [0.23753854134747351, 0.051407986498118015, 0.031873155568848364], [0.09736690764917066, -0.15731601614081187, -0.009351909538058423], [0.33486297434900086, -0.09795512495472955, -0.1150304989503411], [-0.22332933189222748, -0.05885011555043965, -0.0010863523626498857], [0.33672944200700167, -0.10700988679439627, 0.09560878633812439], [-0.4006459705522393, 0.20911498022782363, 0.00020968951925702284], [0.0005858637164273692, 0.07749823421695937, -0.2728845958574235], [0.04522005768600732, -0.0034999109658074286, -0.4367348171750312]]","tensor(-6, dtype=torch.int32)",
"['Bi', 'Bi', 'Bi', 'Bi', 'Bi', 'Bi', 'Bi', 'Bi', 'Bi', 'Bi', 'Bi', 'Bi', 'Bi', 'Bi']","[[-1.101443, -1.688059, 0.516714], [-1.19284, 0.262646, -1.684356], [1.193007, -0.262665, 1.68445], [1.101276, 1.688078, -0.516809], [-2.358092, 1.296136, 4.473671], [-3.642766, 2.92226, 2.384737], [-3.175021, -1.156094, 3.066881], [-4.459573, 0.470394, 0.977906], [4.454107, 7.752764, 2.692567], [1.888395, 7.364949, 1.30511], [4.938999, 4.851502, 2.606446], [2.373141, 4.46399, 1.218801], [4.694092, -0.604593, 3.176995], [5.100554, 1.625861, 1.436849]]",[-81777.1953125],"[[-0.3470150944527671, -0.12985301969183602, 0.15763904972010384], [-0.2693493784835387, -0.0010627239115698693, -0.21250688423248099], [0.33032836862530085, 0.014369888064799306, 0.426436103518005], [0.7267237376656246, 0.1113081565852046, -0.05281023093998155], [0.027083851083354128, 0.03410043661682336, 0.07111310168364768], [-0.07532698782217676, -0.28909026801817905, -0.14546692642271386], [0.06416443444873444, -0.18602697533029025, 0.12385941496379799], [0.09870917850562697, 0.2825618221156399, -0.05934145363546589], [-0.29859121934646665, 0.39051196185453696, -0.11942991599528302], [0.016834338083549602, 0.44229740193146383, 0.02322669027851883], [0.4099610824415647, -0.5703424723055146, 0.23225769823079587], [-0.07837184413077526, -0.32050592638046854, -0.020487286336101834], [-0.3217422677282745, 0.34793102474795157, -0.5331550441182538], [-0.2857921064864681, -0.1236085265789897, 0.10655197306889562]]","tensor(-6, dtype=torch.int32)",
"['Bi', 'Bi', 'Bi', 'Bi', 'Bi', 'Bi', 'Bi', 'Bi', 'Bi', 'Bi', 'Bi', 'Bi', 'Bi', 'Bi']","[[0.931869, 1.77738, -0.549777], [1.54216, -1.081731, -0.883463], [-1.542344, 1.081778, 0.883494], [-0.931685, -1.777428, 0.549746], [3.139631, -5.567077, 3.335334], [4.261078, -6.538101, 0.794117], [1.05997, -4.100885, 1.857111], [2.18163, -5.072229, -0.684094], [0.592289, 4.971069, 2.17783], [1.236057, 5.088628, -0.690978], [2.233291, 7.368886, 2.644142], [2.876818, 7.486268, -0.224908], [4.844297, -0.620774, 0.013227], [5.241869, -1.478534, 2.710342]]",[-81777.3203125],"[[-0.09130727695554668, 0.26824339213788256, 0.08919516596607857], [0.5040149161524669, -0.41553616276625066, -0.25810192723690134], [-0.03132523775645903, 0.1269130130279647, -0.09686291972961628], [-0.14827632097397744, 0.05559777110232456, 0.07762930912839129], [0.3385623824612937, 0.04498128948818395, 0.14957220910383054], [0.08854652770291573, -0.048418671190632735, 0.006239371472525161], [-0.0018774462745526478, -0.1985481517853106, -0.02402585643035748], [-0.03999062123428006, 0.10822190549288592, -0.010289339409731563], [-0.07003200363031521, -0.13144093387975964, -0.0445929035727057], [-0.061234043715988215, 0.1463158023104808, -0.043517924748271], [0.09025836913154194, 0.11765271708826136, 0.0063023738191263275], [0.12857615773586673, 0.30488338073820564, 0.05011895807528141], [-0.4930497721885918, -0.5582407972735863, 1.1099535600213661], [-0.21694522780074732, 0.1682049011428769, -1.0194861600875602]]","tensor(-6, dtype=torch.int32)",
"['Bi', 'Bi', 'Bi', 'Bi', 'Bi', 'Bi', 'Bi', 'Bi', 'Bi', 'Bi', 'Bi', 'Bi', 'Bi', 'Bi']","[[-0.381784, -1.60596, 1.266826], [-1.690999, -0.477126, -1.114351], [1.691185, 0.477166, 1.114377], [0.381598, 1.60592, -1.266852], [3.634765, 2.195253, -2.058442], [1.829015, 2.0812, -4.378911], [3.218765, 5.102863, -1.877867], [1.412851, 4.988471, -4.198415], [0.668441, -4.519916, 5.217373], [1.825236, -1.850275, 4.777878], [1.530168, -5.3364, 2.524672], [2.687053, -2.666552, 2.085489], [-2.881521, 1.459469, 1.286898], [-5.348841, 2.66249, 0.491086]]",[-81778.1796875],"[[0.15078931858938638, -0.07512212220933065, 0.5950621001688128], [-0.8435716990206926, 0.09952221319556416, -0.14288733719871163], [0.04868688882030273, 0.02351900430030221, 0.2790008936959662], [-0.06292485350915909, 0.7149311094040789, -0.13320198625002586], [0.18451948529359435, 0.06718440246500929, 0.2267061178019609], [-0.13373420489785648, -0.009941597515436435, -0.16214624746899292], [-0.0012887162907407297, -0.05067195124810948, -0.021392705955767772], [-0.007087866836814431, -0.02880620318749886, -0.042852672007319355], [-0.15666850916366373, -0.15359310813266797, 0.07333957540478489], [0.11365284969487925, 0.19509479838121774, -0.13330997264233932], [-0.04112699289384954, -0.4211653391312766, 0.08340807235781712], [0.1827260370056341, 0.030463619474399097, -0.02812422284015694], [0.566390170346842, -0.2946016877934917, -0.7056149690729221], [-0.0022384596964631002, -0.10511380001164668, 0.11527501099579372]]","tensor(-6, dtype=torch.int32)",
"['Bi', 'Bi', 'Bi', 'Bi', 'Bi', 'Bi', 'Bi', 'Bi', 'Bi', 'Bi', 'Bi', 'Bi', 'Bi', 'Bi']","[[-0.546674, -1.906423, 0.629615], [2.006208, -0.542133, 0.100632], [-2.006361, 0.542244, -0.100594], [0.546827, 1.906312, -0.629653], [-5.761361, 4.15135, -0.308052], [-6.851163, 3.907169, -3.030371], [-5.254228, 1.253169, -0.251316], [-6.34403, 1.009305, -2.973853], [-5.954751, -4.678514, 1.519862], [-5.684534, -3.325673, 4.118923], [-3.125172, -4.120265, 0.935315], [-2.855209, -2.767516, 3.534649], [5.223653, -1.281657, -1.000613], [7.428761, -2.010921, 0.664895]]",[-81777.46875],"[[-0.45064721831768995, -0.46353647410422444, 0.18005342521796755], [0.5997199132239334, 0.1500525428612591, 0.019443741836248668], [0.0740312539585984, -0.06301885309256339, 0.1803405661773382], [0.3456294233510191, 0.24750645668937946, -0.2390977105862051], [0.001043580495317272, 0.08033575665231604, 0.08082766038034964], [-0.011637261554052269, 0.05334574060167315, -0.08019506580975909], [-0.16426504333036615, -0.045093538771889215, 0.04656411288904137], [-0.06881047184488367, -0.057284004329345016, -0.0936922335629268], [-0.19591220394893905, 0.05175268420459174, 0.042253728053457326], [-0.04267517323161098, -0.026536637753619412, -0.03417877303113304], [0.20812345945801977, -0.10496087071129417, 0.00013625039068294322], [0.10933190276168513, 0.040375001368824395, -0.09507296814388332], [0.5251157143209747, -0.12179080706380471, 0.519562642651484], [-0.9349934929741832, 0.2620919730107921, -0.5251254845183745]]","tensor(-6, dtype=torch.int32)",
"['Bi', 'Bi', 'Bi', 'Bi', 'Bi', 'Bi', 'Bi', 'Bi', 'Bi', 'Bi', 'Bi', 'Bi', 'Bi', 'Bi']","[[-0.273842, -1.807131, 0.994487], [1.931788, 0.126669, 0.762269], [-1.931966, -0.126605, -0.762305], [0.27402, 1.807066, -0.994451], [1.940876, 5.774004, -2.2509], [1.050663, 3.429879, -3.790677], [1.706454, 7.446007, -4.661152], [0.81609, 5.101587, -6.20073], [0.602129, 2.334045, -8.282436], [-1.504242, 0.493664, -9.195952], [-1.177253, 4.622271, -8.790059], [-3.283603, 2.781525, -9.703455], [4.06412, 2.155378, -3.068928], [6.130421, 1.823611, -1.122501]]",[-81777.5859375],"[[-0.03393713548059962, 0.0013441940426813118, 0.06037241514950995], [0.20587446286077146, -0.1353256157880074, 0.04467603766815959], [-0.1298851070769806, -0.08117090284163171, -0.05915556277441201], [0.12294245622678197, 0.12649880808030523, 0.1723311126152658], [0.18588181076576601, 0.1809955807798567, 0.07804649655736229], [-0.09668638768922956, -0.3648565033466137, -0.1574175747716781], [0.17505560929333436, 0.24803553858962385, 0.34064626272248555], [0.00906870236869348, 0.09738171721154508, -0.2837029811719353], [0.21153207564243992, 0.10241331745034493, 0.024732997607108433], [-0.2403645966564083, -0.09156814122612104, -0.08666622750228051], [0.06154581585722464, 0.08245686650781027, -0.08321297694237081], [-0.20859361164131598, -0.24476005420029873, -0.09627645077517104], [0.5039768638046992, -0.11766500696814848, 0.5446417109349112], [-0.7661464841737738, 0.20850933083321987, -0.49591315993601215]]","tensor(-6, dtype=torch.int32)",
"['Bi', 'Bi', 'Bi', 'Bi', 'Bi', 'Bi', 'Bi', 'Bi', 'Bi', 'Bi', 'Bi', 'Bi', 'Bi', 'Bi']","[[0.273288, -1.115924, -1.734861], [2.047536, -0.064306, 0.363819], [-2.047722, 0.064283, -0.363774], [-0.273102, 1.115946, 1.734816], [-4.042846, -3.731782, 5.688836], [-5.588159, -3.190834, 3.243902], [-1.937391, -1.89552, 4.764142], [-3.483082, -1.35464, 2.319221], [4.881085, 2.414922, 5.058129], [3.65511, 2.225075, 2.389936], [3.089804, 4.653413, 5.721703], [1.863861, 4.463229, 3.053324], [0.335033, 1.97345, -3.163189], [2.220567, 0.743906, -4.924219]]",[-81777.8515625],"[[-0.03116446658714092, 0.5081139767605026, -0.7435881268194922], [0.18792033674218622, 0.19179869373316993, 0.19107364224192241], [-0.39302326254092385, -0.02254596977242057, 0.11860880803696812], [0.05757232799682196, 0.13805977981929263, 0.2642642478474063], [-0.18567679088664518, 0.04536686775746206, -0.18800729149904435], [-0.366501341789914, -0.38466511577586204, 0.22176116378746974], [0.3752857262720644, 0.19523507784704208, -0.07122247647243374], [0.17533107743791684, 0.26423822826906795, -0.0989798643956927], [0.12687290379653401, -0.008277223819545716, 0.23637722483127963], [-0.03366053090779328, 0.014501214944479946, -0.15625307008580636], [0.007130752861190347, -0.013256255254125543, 0.020986168041962544], [-0.1428747902083666, -0.053998132677521175, -0.07152041607103572], [0.6328989893727016, -1.3104015009800198, 0.19385043518712564], [-0.4129729771894618, 0.4214422985165148, 0.08507857042481476]]","tensor(-6, dtype=torch.int32)",
"['Bi', 'Bi', 'Bi', 'Bi', 'Bi', 'Bi', 'Bi', 'Bi', 'Bi', 'Bi', 'Bi', 'Bi', 'Bi', 'Bi']","[[-1.882985, 0.200972, 0.862376], [-0.462558, -1.951099, -0.555119], [0.462665, 1.951237, 0.555201], [1.882878, -0.201109, -0.862458], [-3.525825, 7.431458, 2.103148], [-2.319804, 5.905402, -0.104787], [-4.209094, 4.915731, 3.468475], [-3.002813, 3.389856, 1.260321], [-2.896684, -5.801335, 2.29512], [-1.033724, -3.52483, 2.367361], [-0.775274, -7.569392, 3.311711], [1.087532, -5.292533, 3.383968], [-5.012507, -1.431295, -2.718371], [-2.752441, 0.290606, -2.409497]]",[-81778.1875],"[[-0.38092966077737317, 0.18567067165774742, -0.29631100953963063], [0.01739928175046036, -0.24076728305555434, -0.5113314570305278], [-0.0652270205490989, 0.21711738896334992, 0.08896638908064876], [0.061724353359182894, -0.05689982988316699, -0.0933734165951442], [-0.02632456790574325, -0.0355760809522051, -0.006321204589062132], [0.0983916985122254, 0.04969401105269132, -0.0535544628713876], [-0.0525460756555462, 0.11737246668916215, 0.1922648864154146], [-0.047977809030699294, 0.04297281972429097, -0.12009475221729289], [-0.1787901901162664, -0.1274084134582256, -0.038087556473703335], [0.023746433926932667, 0.17525800664578473, 0.0490896214993312], [0.012357803327868405, 0.020766873390219695, 0.0061134233436235625], [0.18051169889810925, -0.1119835343359879, 0.07764792392554246], [0.40302311100169963, 0.4200229973668749, -0.0008697974799463058], [-0.03579943280697344, -0.6471346812051103, 0.6894416928298606]]","tensor(-6, dtype=torch.int32)",
"['Bi', 'Bi', 'Bi', 'Bi', 'Bi', 'Bi', 'Bi', 'Bi', 'Bi', 'Bi', 'Bi', 'Bi', 'Bi', 'Bi']","[[1.903811, -0.551148, 0.633603], [0.341634, -0.925866, -1.831656], [-0.341684, 0.926013, 1.831771], [-1.903761, 0.551002, -0.633718], [3.067151, 1.135932, -5.903415], [2.773174, 1.157042, -2.975712], [5.873218, 1.978393, -5.627539], [5.578957, 1.999289, -2.699685], [2.357062, -3.371823, -6.373615], [4.340699, -1.542945, -7.547798], [1.83478, -4.513734, -9.035028], [3.818685, -2.684712, -10.208975], [-1.119837, -2.506114, -4.367633], [-3.758702, -3.07088, -5.308738]]",[-81777.578125],"[[0.17829396693254027, 0.15444074989023707, 0.3874747674375836], [-0.17492587135628349, -0.17956537814680232, -0.4724881860723692], [0.06131889016709164, -0.11523983828515448, -0.17086964535053203], [-0.19864662509068218, 0.10769971415291298, 0.13441786160538383], [-0.023148667538967778, -0.15052218082363952, -0.4456439516513495], [-0.2649466190026442, 0.004957771485037888, 0.341409932204508], [-0.03440354413562893, -0.011029853523916533, -0.003416194258055961], [0.3485887132992321, 0.0953625773636497, 0.20229599950786975], [-0.3450178089937923, -0.05437217697165837, 0.3179121446591908], [0.18480672909714815, 0.3238187946303707, 0.1446370767088307], [-0.10627748194405315, -0.06665120679743869, -0.0682619009719313], [-0.005629356342346428, -0.12034769748576428, -0.3139583000377709], [-0.3829606277063315, -0.18223547025198153, -0.4014947950179147], [0.7483040468380957, 0.19113601723900633, 0.33460668664457693]]","tensor(-6, dtype=torch.int32)",
"['Bi', 'Bi', 'Bi', 'Bi', 'Bi', 'Bi', 'Bi', 'Bi', 'Bi', 'Bi', 'Bi', 'Bi', 'Bi', 'Bi']","[[-0.1317384928124843, 0.1458854859040437, -2.0714915143549426], [1.0301291827263857, -1.797445096099133, -0.19217158060999973], [-1.0302685108438925, 1.7975600786083703, 0.19223854103295013], [0.13187782092999112, -0.14600046841328085, 2.071424553931994], [2.6447783962238702, 6.543379359377857, -0.5203552253976279], [4.5446654085644775, 5.132611615224562, 1.228495074707589], [0.4743620675746554, 4.79804703376925, 0.4298905063336521], [2.3745713230811094, 3.387466564143244, 2.1788385591549146], [5.230781818925971, -7.037599915034431, -1.6815877380193516], [2.579823474601203, -6.261847988333867, -2.695955750457267], [5.9066295694080315, -4.201832220826167, -1.279704272561905], [3.255391803860154, -3.426345120667201, -2.2940562013764247], [3.0538184963192956, -1.5960503432387974, 2.9440834818899013], [5.239278323611823, 0.056338079770860916, 2.130682063775713]]",[-81777.5625],"[[-0.021395647299406025, 0.13292055314282036, -0.10068985462902212], [0.25477625488619626, -0.5647863153105291, 0.1086755511847856], [-0.054997418183153304, 0.16430088452819588, -0.2253940317132608], [-0.07740845124506447, 0.03488306542401058, 0.8054139359653583], [0.24228922269998363, 0.2098418314922764, -0.13122794357644424], [0.07875797261643325, 0.16201316709598945, -0.038124153576279275], [-0.209013473019049, -0.1569811040583654, 0.1418124097963685], [0.06533125312872717, -0.39615939306207304, 0.00846668851596426], [0.053558216684072776, -0.10982889727678492, 0.023935471819991117], [-0.0800165797298924, -0.06016945215405223, -0.0593542063141772], [0.028621690438499263, 0.11558261794761236, 0.01010228640940802], [0.03623846948265586, 0.013422831977582792, -0.08630601575077775], [0.4786618195430212, 0.9300580006245424, -0.9769863156193931], [-0.7978662013635631, -0.4728434098809889, 0.5135779853673804]]","tensor(-6, dtype=torch.int32)",
"['Bi', 'Bi', 'Bi', 'Bi', 'Bi', 'Bi', 'Bi', 'Bi', 'Bi', 'Bi', 'Bi', 'Bi', 'Bi', 'Bi']","[[0.922131, -0.137921, 1.860206], [0.506129, 2.015555, -0.101374], [-0.50625, -2.015705, 0.101367], [-0.92201, 0.138071, -1.860199], [5.536621, -0.994583, 5.976834], [4.493581, -3.745885, 6.003712], [3.136289, -0.098942, 4.529046], [2.093386, -2.850482, 4.556194], [0.355109, 2.253592, -4.28247], [2.152378, 2.753776, -6.557981], [2.570168, 0.994629, -2.809925], [4.367337, 1.495094, -5.085681], [-2.724649, -3.665004, -1.898283], [-4.050431, -5.240604, -3.880209]]",[-81777.671875],"[[0.21851113333347563, -0.18577588125711567, 0.2953501877584987], [-0.1453790974902989, 0.17275930437183443, -0.29711231999268806], [-0.19718520924804, -0.4893037242392379, 0.25829712549653083], [-0.35320986240305763, 0.16488036007818654, -0.38740277650937455], [0.21733984093151565, -0.14781527050089055, 0.1886074387298493], [0.11112859064141477, 0.0521017373622221, 0.03517261807947623], [-0.06716758744106334, 0.017495415350665126, -0.07968578141477217], [-0.1570599855468458, 0.10889553489255559, -0.08955486349666554], [-0.06947587370990091, 0.07989861745181284, 0.08093101878442109], [0.15232869032286053, -0.11200317757497065, 0.04588555211078939], [-0.29145069628787657, -0.08921234094466557, 0.34195608623915624], [0.31176401654596136, 0.16772281903433467, -0.4271852205481109], [-0.08869606314522407, -0.27031061164140324, -0.6583493251573209], [0.36246979838811993, 0.513443568019996, 0.691048633191668]]","tensor(-6, dtype=torch.int32)",
"['Bi', 'Bi', 'Bi', 'Bi', 'Bi', 'Bi', 'Bi', 'Bi', 'Bi', 'Bi', 'Bi', 'Bi', 'Bi', 'Bi']","[[0.083013, 0.539404, -2.007951], [-1.14965, 1.686093, 0.405337], [1.149799, -1.686214, -0.405312], [-0.083161, -0.539284, 2.007926], [-1.659092, -5.831656, 0.477219], [1.233443, -5.806438, -0.062146], [-2.128659, -4.264286, -1.968741], [0.764089, -4.239345, -2.507942], [-0.146131, -2.008259, -4.865257], [0.889231, -2.377516, -7.594724], [-2.649236, -0.917263, -5.962551], [-1.613592, -1.286778, -8.692066], [-4.877592, -6.003451, 1.58198], [-5.073696, -3.821012, -0.25289]]",[-81777.5859375],"[[-0.08401773267556396, 0.02887887802952582, -0.3715346389577359], [0.025792452102095787, -0.03494259163722108, 0.18211174869964525], [0.29667348386316283, -0.15546883176715276, -0.22395333897352454], [-0.24027198546947662, 0.06652779377765188, 0.16322580285957802], [-0.48748034829397935, 0.10653664928560544, 0.11738074564590618], [0.6652033757437309, -0.3139407651045429, -0.08489221676493668], [-1.0692663442813175, 0.19743398932709358, 0.13333794626015766], [0.5235879639801971, -0.130615043666928, 0.46684522858680044], [-0.08737122437781265, 0.19614658584235084, 0.2372699123410709], [0.11464622165997992, -0.08161920063600729, -0.25888580560091395], [-0.1284258509621847, 0.0959252378896944, 0.013434777329456325], [0.011053281428839394, -0.018444014100628976, 0.0002589303885543119], [0.31932599506712345, 0.5624152426678751, -0.555839899817817], [0.12631965351324806, -0.5198814596192666, 0.17692325965944142]]","tensor(-6, dtype=torch.int32)",
"['Bi', 'Bi', 'Bi', 'Bi', 'Bi', 'Bi', 'Bi', 'Bi', 'Bi', 'Bi', 'Bi', 'Bi', 'Bi', 'Bi']","[[-1.363651, 0.427617, 1.512387], [-1.002792, -1.778283, -0.401274], [1.002947, 1.778392, 0.401314], [1.363496, -0.427725, -1.512428], [1.143965, -6.769027, 2.649858], [2.824893, -7.583445, 0.3762], [-0.019234, -4.61421, 1.017806], [1.661827, -5.42899, -1.255851], [-3.822261, 4.759145, 3.067761], [-6.300164, 5.158756, 1.531981], [-2.576877, 3.48395, 0.726232], [-5.05502, 3.883838, -0.809427], [-4.859741, -0.718304, 0.547735], [-4.16785, -2.690733, -1.401381]]",[-81777.5546875],"[[-0.7510309603544685, 0.08620599978265886, 0.2517413230412723], [-0.3534702124527162, -0.21424669927892553, -0.3753509809062767], [0.2957267003130316, -0.15477350224483724, -0.1860811227927217], [0.40558315983090226, 0.19798708534410484, -0.2654461846223229], [0.26139006146075466, -0.4420549981917658, 0.2511991285076756], [-0.05203910525468029, -0.04008089271604495, 0.14337718404308208], [-0.16097228111827086, 0.13181101867284534, -0.14011244687089675], [-0.021311299642590896, 0.17851657316698072, -0.08203047452444684], [0.053420662589102066, 0.18007641089290286, 0.2227952106270085], [-0.12399326666817509, -0.04511798997643447, -0.027909093377831904], [0.32848277833648065, -0.25907113081896044, 0.1191425179254545], [-0.26969128397043973, -0.10492991461216433, -0.19621626277643883], [0.10341424846290755, -0.3753079406156261, -0.6259395234985571], [0.29066404113091876, 0.8577323145993978, 0.9231196178079446]]","tensor(-6, dtype=torch.int32)",
"['Bi', 'Bi', 'Bi', 'Bi', 'Bi', 'Bi', 'Bi', 'Bi', 'Bi', 'Bi', 'Bi', 'Bi', 'Bi', 'Bi']","[[-0.359304, -2.04728, -0.096239], [-1.959042, 0.371669, -0.594072], [1.959234, -0.371652, 0.594062], [0.359112, 2.047262, 0.096248], [-0.902009, 3.927616, -4.060152], [1.271041, 4.469351, -2.151568], [-1.279312, 6.819776, -4.451193], [0.893994, 7.36123, -2.54255], [-0.914092, -4.599777, 2.034383], [-3.501101, -3.593229, 1.058394], [-1.240421, -7.02412, 0.398555], [-3.827491, -6.017191, -0.577414], [-3.068457, 0.186812, -3.823541], [-5.55329, -0.087203, -2.438345]]",[-81777.65625],"[[0.17126019613606572, -0.7705343312481108, -0.18590299666749607], [-0.9570972790389167, 0.22914712448916086, -0.7960602575073495], [0.26840809709720637, 0.044385348584470075, 0.13576522324890633], [0.4017515455211629, 0.401997703073546, 0.13251390724262282], [-0.07394800159233388, -0.30301881569759326, 0.07391683980483771], [0.08839226142818221, -0.3055126842949352, 0.11311003809618361], [0.012675679271375124, 0.24152041100880337, 0.023119814603383453], [-0.10854756159884836, 0.361538338621279, -0.20929948269240495], [0.14529867333907115, -0.008263766658179796, 0.19298952652992948], [-0.10649191206593273, 0.10393098906117323, -0.17751106558826768], [0.011160630187217288, -0.07142317689586204, -0.05081342884866758], [-0.04406391423222617, 0.02772047714592439, 0.05701912913562757], [-0.3508269626793406, -0.025818805924029426, 1.1823589502884564], [0.5443280361762864, 0.08514500776713332, -0.4840846904766369]]","tensor(-6, dtype=torch.int32)",
"['Bi', 'Bi', 'Bi', 'Bi', 'Bi', 'Bi', 'Bi', 'Bi', 'Bi', 'Bi', 'Bi', 'Bi', 'Bi', 'Bi']","[[-0.533403, 2.003494, -0.176657], [-1.248658, -0.473054, -1.595612], [1.248727, 0.473036, 1.595791], [0.533334, -2.003476, 0.176478], [2.712162, 1.690028, -1.208525], [1.952694, 3.49412, -3.405517], [3.873909, -0.188576, -3.153018], [3.114384, 1.615888, -5.349922], [2.875838, 9.602065, -4.211347], [4.061923, 9.573054, -1.518639], [2.503238, 6.686012, -4.078436], [3.689317, 6.657332, -1.385529], [3.859683, -2.843405, 0.045079], [3.560338, -3.501522, 2.810132]]",[-81777.6171875],"[[-0.04554538983279283, -0.1239310459373659, -0.4813502693348938], [-0.26576021933558874, 0.25760220735094796, -0.20415187421500547], [0.48656416088833704, -0.25678048232753414, 0.22008531782294796], [0.5367993277483752, -0.5754497144410254, 0.3421831147734724], [0.20023258523912582, -0.03406664716044756, 0.5760225565412025], [-0.31383128747157363, 0.38668754663761845, -0.3715845183865664], [0.0391537575471057, -0.4965091419773993, 0.17083185011322233], [-0.06368152958672699, 0.12481365471720791, -0.05192551385438485], [0.12431681446838283, 0.4790596208434674, 0.10472036958898463], [-0.04919656402318563, 0.21218837579724784, -0.11929822401875219], [0.05352798049422501, -0.2065932408568465, 0.053412383632358035], [-0.06574057297768676, -0.26572088143553174, -0.13659425020932425], [-0.5520660325169194, 0.3192074671460366, 0.428225438038639], [-0.08104615284746387, 0.17890501564675973, -0.5360120555263186]]","tensor(-6, dtype=torch.int32)",
"['Bi', 'Bi', 'Bi', 'Bi', 'Bi', 'Bi', 'Bi', 'Bi', 'Bi', 'Bi', 'Bi', 'Bi', 'Bi', 'Bi']","[[-1.5585359542776647, 0.8837289683956907, -1.0581604269545326], [0.599339349223654, 1.8724528253594785, 0.6808947673943271], [-0.5993137197867342, -1.8726246229561558, -0.680978108367079], [1.5585103248407461, -0.8835571707990143, 1.0582437679272851], [3.4549368697038303, -3.5607028216515877, -0.07142447673640762], [5.932354365581044, -4.6181891210706745, -1.2556706240573106], [4.197833755922959, -0.8487738499517585, -0.9394131783080497], [6.675257964720961, -1.9066348402704443, -2.1237489340351012], [-0.2039468488496864, -6.141716974864108, -2.8278771405150773], [-0.2638659584689951, -5.137260725528862, -0.06277479100687144], [-1.4352508020396444, -8.662269296094934, -1.9387396438635849], [-1.4951583191469577, -7.657431058426953, 0.8264118841696162], [4.233327093321816, -6.9612854685533, 4.538803356726903], [3.977953081233232, -6.479074084519405, 1.7333621580464005]]",[-81777.5625],"[[-0.10767518581523035, 0.3791426916729518, -0.09394399612329189], [-0.10038574437943079, 0.13202004947510926, -0.04460954890374945], [-0.032943228725746544, -0.09885418880387646, -0.0271911535618496], [-0.23988513707453657, -0.05283686758341887, 0.39234737056922475], [-0.4095103678088849, -0.34143163232715384, 0.18177349418124625], [0.46499804421314134, -0.15422678256718167, -0.12837216629857745], [-0.03685879474219595, 0.3598031001409848, 0.10653937465645906], [0.306087274746226, -0.4526776710257324, -0.15506455128316782], [0.05850373634157133, 0.17812386265360078, 0.05622100685224795], [0.32133397632114646, -0.11475595640340702, -0.054878478885333766], [-0.08717525478680953, -0.09668489644857381, 0.06258155962578545], [-0.08824190323240862, -0.22228628618666263, 0.059004998890272095], [-0.08430703336278088, 0.22792831807458297, -1.1230301979096102], [0.037546482941703006, 0.2604930544952708, 0.7490440107359009]]","tensor(-6, dtype=torch.int32)",
"['Bi', 'Bi', 'Bi', 'Bi', 'Bi', 'Bi', 'Bi', 'Bi', 'Bi', 'Bi', 'Bi', 'Bi', 'Bi', 'Bi']","[[-1.248152, 1.554789, 0.595368], [1.627795, 1.295496, 0.029674], [-1.627912, -1.295627, -0.029753], [1.24827, -1.554658, -0.595289], [8.971524, 1.713592, 1.104445], [7.157263, 4.014268, 1.375851], [6.654926, -0.081895, 0.84089], [4.840808, 2.219129, 1.112212], [5.41696, 0.380933, 6.392018], [3.991777, 2.00939, 4.398204], [4.435484, 2.144438, 8.533655], [3.010217, 3.772729, 6.539505], [-4.313837, 1.893499, 2.234778], [-6.233738, 0.105183, 3.367979]]",[-81777.3125],"[[-0.9539003676055228, 0.13129222119091655, 0.23125172785325865], [0.5191301828613144, -0.14746945693502958, -0.05366646018684413], [0.019563653011599024, -0.07671898384118883, 0.07398728807029935], [0.04705797065655493, 0.09285893856890794, -0.09026880781613224], [-0.07990016011456018, 0.04053760316460268, 0.07627048035844693], [0.3085850000004363, 0.21426361714705466, -0.13828233463164152], [-0.013324764906734699, -0.08725675880196039, -0.07833142636679508], [-0.2099863275696101, -0.16809372658088562, 0.12431547749400182], [0.13467188673777836, -0.15039470545861805, -0.0561888680450118], [-0.0322038561819946, -0.1657466166329068, -0.10988350753804059], [-0.033171234279802675, 0.03576960285164914, 0.006235694792977345], [-0.13591439873657366, 0.23961249714499083, 0.22662713346929736], [-0.3823819749098061, -0.5633295274561291, 0.2523019781057455], [0.804455942399263, 0.5996186117035249, -0.4604416869447039]]","tensor(-6, dtype=torch.int32)",
"['Bi', 'Bi', 'Bi', 'Bi', 'Bi', 'Bi', 'Bi', 'Bi', 'Bi', 'Bi', 'Bi', 'Bi', 'Bi', 'Bi']","[[-0.58555, -1.97799, -0.272767], [-1.838923, 0.423458, 0.876327], [1.839067, -0.423431, -0.876452], [0.585406, 1.977963, 0.272892], [-1.458051, 0.691534, 4.632752], [-1.489692, 3.431495, 5.705096], [1.229447, 1.155414, 3.527297], [1.197567, 3.895447, 4.599935], [2.603607, 7.591837, 0.743337], [4.124171, 6.73537, 3.112443], [2.37121, 4.788411, -0.120752], [3.89178, 3.932183, 2.248656], [-4.842419, -0.071083, -0.652562], [-4.938861, 2.719989, -1.2599]]",[-81777.328125],"[[-0.14307662191780962, -0.15555912895996346, -0.06527916254995882], [-1.3597327703143027, -0.7508072742561048, 0.5717000155231695], [0.13992321357389031, -0.006134115593274484, -0.11121333424833504], [0.9422409225611637, 0.4319870154596494, 0.09866690954634998], [-0.4940434012641504, 0.000929634282589941, 0.16712534575229177], [-0.39282970978822485, -0.27612830139415345, 0.16726907049825182], [0.2581503668471677, 0.104269397845847, -0.6335931876090024], [0.38248245367674916, 0.2721184066929137, -0.17737870512454634], [0.10498179950256635, 0.2609152298671249, 0.118331591541272], [-0.00872460630069122, 0.11498910416662095, 0.007964330676712887], [0.08157528616979982, -0.05730832697866134, -0.1336339832413713], [-0.04335390884497433, -0.14978144559446074, -0.05991033623459151], [0.6758744881879638, 0.35731025998547444, 0.02980231595008063], [-0.13844580546076746, -0.16356266898150446, 0.011225694559690727]]","tensor(-6, dtype=torch.int32)",
"['Bi', 'Bi', 'Bi', 'Bi', 'Bi', 'Bi', 'Bi', 'Bi', 'Bi', 'Bi', 'Bi', 'Bi', 'Bi', 'Bi']","[[1.688694, 1.205034, -0.160999], [-1.213158, 1.653046, -0.352975], [1.213217, -1.653201, 0.353072], [-1.688753, -1.204879, 0.160902], [0.040883, -3.007061, 6.259915], [2.714668, -1.778614, 6.249481], [-0.277262, -2.33834, 3.411853], [2.396769, -1.110006, 3.401693], [-5.685303, -3.74986, -2.852846], [-3.366164, -3.993069, -1.058199], [-7.105869, -5.802928, -1.295037], [-4.786487, -6.045838, 0.499625], [-3.411288, 1.79938, -4.134575], [-4.427064, 1.882823, -1.464467]]",[-81777.2265625],"[[0.29478768149872875, -0.023310996797660695, 0.266478483110748], [-0.44061517962758645, 0.43921865846451547, -0.5016816387471225], [0.3452727083017436, -0.15682838044637923, -0.43223024195281257], [-0.26254829265145385, -0.10630252450265155, 0.2750160929754164], [0.18196745831067784, -0.05853577230462432, 0.6340498157822136], [-0.1793509994470143, -0.2634289473918159, 0.4672116624113841], [-0.11342767235585992, 0.02308160798934112, -0.3731322204988762], [0.04176052334650682, 0.2822647052705032, -0.4005428178365342], [-0.04936650889364123, 0.07834592739662004, -0.11376351003595477], [0.09394307052564349, -0.0035056656120759045, -0.06488742905631885], [-0.010787377793290396, -0.0002769570198220219, 0.037297615445093746], [-0.07640289224425986, -0.16282867004632237, 0.12291952197393827], [-0.5893593902128306, 0.12465923417619966, 1.190301606553569], [0.7620172902200735, -0.16299419775911145, -1.1108771007861038]]","tensor(-6, dtype=torch.int32)",
"['Bi', 'Bi', 'Bi', 'Bi', 'Bi', 'Bi', 'Bi', 'Bi', 'Bi', 'Bi', 'Bi', 'Bi', 'Bi', 'Bi']","[[-1.811226, 0.64508, 0.795642], [1.023989, 1.113442, 1.428495], [-1.024031, -1.1135, -1.428674], [1.811269, -0.645022, -0.795463], [5.192109, 0.710949, -3.137986], [8.061548, 1.290693, -2.840445], [5.076607, -0.158146, -0.328859], [7.946203, 0.421848, -0.031567], [-3.617969, -3.520655, -0.835821], [-2.834406, -6.0072, 0.528524], [-1.618456, -4.040613, -2.9314], [-0.83515, -6.527316, -1.566815], [-4.80345, -0.294892, 2.146529], [-5.130603, 1.768772, 0.196528]]",[-81777.6015625],"[[-0.9573297068928487, 0.3484722422618083, 0.6191903739789658], [0.7114493195833436, 0.16063896312066334, 0.39387728063784855], [-0.21028580983095946, -0.43693099245440065, -0.7462116819317935], [-0.004936922398007654, -0.07320310117373732, -0.12068235245775286], [-0.11664972919203563, -0.07131580756864751, 0.032580656700240365], [0.09460024485600825, 0.018357347307483687, 0.05984513302247081], [-0.08698139350156106, -0.033785049502549014, -0.017367903990179564], [0.2775716680826518, 0.0876551257454139, -0.025194104644496066], [-0.13080314567791973, 0.21985808360026554, 0.24036829904700194], [-0.026420675794902225, -0.002916596242459573, 0.04301847739940294], [0.22909642230686514, -0.1474863748031587, -0.12887286320427085], [0.008822760789094997, -0.041834694571398684, -0.08653479263620754], [0.22147206878861914, 0.60089696490015, -0.737857648934058], [-0.01265176799879143, -0.6228063754587194, 0.47795671982330595]]","tensor(-6, dtype=torch.int32)",
"['Bi', 'Bi', 'Bi', 'Bi', 'Bi', 'Bi', 'Bi', 'Bi', 'Bi', 'Bi', 'Bi', 'Bi', 'Bi', 'Bi']","[[1.506170415847414, 0.8403434380585479, -1.1640396402479023], [-1.4272680941658331, 0.6962325180008613, -1.3442734064333455], [1.42734699966781, -0.6962559060061303, 1.344447601504939], [-1.5062493213493926, -0.8403200500532797, 1.16386544517631], [-2.901022123284725, -1.0912492402474427, -3.8451867734704024], [-3.6631735067259683, -3.1444264036980867, -5.810359148603273], [-2.567890171816394, 0.864833864810697, -6.018345972924507], [-3.3302473074482655, -1.1886426725039398, -7.983389859436831], [-0.2757404906829075, -3.1271415180432935, -4.895489024456016], [1.4324800233699002, -0.8884413640864719, -4.041956391321894], [1.9969727194207993, -4.308784124411163, -6.344058778589815], [3.7050840707899977, -2.069888389302722, -5.490212617910429], [7.534220230049187, -4.062851424285428, -6.2124814014440695], [5.7589131294801446, -2.7925392801421993, -8.05715909126074]]",[-81777.453125],"[[0.14671643182596372, 0.04065877418119669, -0.04510440425983961], [-0.04363430836813912, 0.07662303021830458, -0.01954531075153321], [0.06734674200812053, -0.03635550616308702, 0.12060295674835667], [-0.0833793788307167, 0.02522478820654056, 0.03972078895093451], [-0.04230894509539361, 0.42909693964670026, 0.34897232210240275], [0.018021566191689563, -0.3477191143085593, -0.40095013222392223], [-0.03408072138691242, 0.053335661871723894, 0.1472612488862309], [0.039610596550892364, -0.007992520267315858, -0.029535728400713647], [-0.47624302719938294, -0.24179104547677754, 0.2587052626373842], [-0.6526810680026959, 0.6088344789561051, 0.04203470079659069], [0.4760783222400591, -0.32108154527359084, -0.443352223296], [1.038663514920599, -0.3351429162155506, -0.3369599158214535], [-0.44332759211413425, 0.266543532056594, -0.545955545374725], [-0.008840635108127454, -0.20057762747361313, 0.855792159084166]]","tensor(-6, dtype=torch.int32)",
"['Bi', 'Bi', 'Bi', 'Bi', 'Bi', 'Bi', 'Bi', 'Bi', 'Bi', 'Bi', 'Bi', 'Bi', 'Bi', 'Bi']","[[0.213466, 0.927276, -1.850488], [-1.184881, 1.57989, 0.654913], [1.185028, -1.580014, -0.654902], [-0.213613, -0.927152, 1.850477], [2.064762, 6.723081, -1.353433], [0.53365, 4.210923, -1.297976], [3.850424, 5.589369, -3.399397], [2.31895, 3.077228, -3.343809], [1.935141, -4.827223, 0.401241], [3.307187, -7.295787, -0.424589], [4.473539, -3.765828, 1.445194], [5.845419, -6.234602, 0.619086], [-2.858375, 1.968532, -2.516363], [-5.147152, 0.454356, -1.718231]]",[-81777.859375],"[[-0.48803555261674525, 0.06187532862005543, -0.5161271327131687], [-0.1596621490690507, 0.1701550839659664, 0.06342303073236519], [0.15203748701825523, -0.5546052553990332, 0.13003968188426357], [0.0054436660274496985, 0.054486076904503286, -0.02872884893513832], [0.31319545330921367, 0.3922523425439889, -0.1545267276273552], [-0.1663312858141468, -0.054359835669679696, 0.07213876672225923], [0.09482387953228028, 0.37690588211140735, 0.08851886261764684], [-0.0011458276679897287, -0.09590508042979588, -0.05556866619849151], [-0.08642140692427841, 0.07680254474000281, 0.12882658332185082], [0.07049495672079048, -0.14798918001460679, -0.05477126382439397], [-0.05897522549924853, 0.07096408046225511, -0.0020437139512395125], [0.05833579179047811, -0.06822713963802468, -0.017900405459513862], [-0.1214005648108205, -0.6362347404533559, 0.6539265110607111], [0.37472368281111873, 0.36378944352428194, -0.3042596307673665]]","tensor(-6, dtype=torch.int32)",
"['Bi', 'Bi', 'Bi', 'Bi', 'Bi', 'Bi', 'Bi', 'Bi', 'Bi', 'Bi', 'Bi', 'Bi', 'Bi', 'Bi']","[[1.6800334291818069, -0.10875145528390806, -1.2228554687025572], [-1.1554640469993316, -0.8395997967589013, -1.5129044716583528], [1.1555078803558705, 0.8397319364494291, 1.5130376434986264], [-1.6800772625383478, 0.10861931559338028, 1.2227222968622848], [-1.282579206663085, 1.0997564411154133, -5.3384655970086765], [-3.4920001724243153, 0.49622330724535146, -3.4911647519491344], [-2.623319189521542, 3.59835502314641, -6.125409268050256], [-4.83266619618797, 2.994579410594354, -4.2778182469388515], [-1.510439725110958, -2.4071313349254813, 3.4900605450943645], [1.375430188658156, -2.4030139509142536, 2.915559415649736], [-0.9418370700824135, -2.8569201884203137, 6.34211943738977], [1.9441482429102401, -2.852626162025788, 5.767295897511642], [-6.2414728987642505, -0.672610745151032, -7.767937981873498], [-3.672236354235613, 0.5789855825134923, -7.740112902696298]]",[-81777.6796875],"[[0.17980911886088127, 0.16622263093464285, -0.24785504704818564], [-0.1697219556886063, 0.03901259876351537, -0.4061003632279922], [-0.054191274053487545, -0.2839240447436284, 0.0955182834569474], [-0.12121714221016236, 0.10250099211648515, 0.12802249607584815], [-0.03606808752442185, -0.3696027109771565, -0.16719337717944927], [-0.01501639745337083, -0.2450339796821339, 0.2165420786027771], [-0.2068955513332326, -0.05746953523575785, -0.36113400671520246], [-0.13907829718717485, 0.1773650268481866, 0.31847773624445547], [-0.05884173374951246, 0.15016047783148098, -0.26605774755745815], [-0.12080298868459445, 0.30487535889191947, -0.23153228678490728], [0.34949163380524734, -0.21031542895570826, 0.5125011039255574], [-0.15403472105513846, -0.14123550535095672, 0.40272897663787444], [0.36393522515390514, 0.2203783723228501, 0.23925758186892063], [0.1829154245689153, 0.15050418309158728, -0.22397483340780408]]","tensor(-6, dtype=torch.int32)",
"['Bi', 'Bi', 'Bi', 'Bi', 'Bi', 'Bi', 'Bi', 'Bi', 'Bi', 'Bi', 'Bi', 'Bi', 'Bi', 'Bi']","[[-1.4973008904818514, -1.2690797836933212, 0.6908264945076068], [1.2333635821000908, -1.6406559246506038, -0.3405397689662782], [-1.233407804218052, 1.6408289975016785, 0.34061192984559696], [1.497345112599814, 1.2689067108422476, -0.6908986553869262], [0.48027721610307594, -5.358781667554594, -0.5966884298308203], [-2.253097919332676, -4.279620170760456, -0.7463029097471073], [-0.35131286935578576, -7.686061058769976, -2.1942138544002336], [-3.084731254254196, -6.6065206113139014, -2.3437736179588384], [3.3470836004849884, 0.5220205107902345, -4.323147796480318], [2.3072400935622546, 2.3071508236028615, -6.418463740955071], [3.8965343289277623, 2.8517119083963087, -2.611277238847832], [2.8564506165245023, 4.636688729283037, -4.706852431381033], [-0.6054224633503141, -2.4705141079843607, 3.694229591111964], [0.4299201188784191, 0.18229900096212392, 3.936907094440201]]",[-81777.25],"[[0.11600124519514753, -0.35276830090267874, 0.13848205803532984], [0.021552998899634208, -0.3863623533304802, -0.00628638154864562], [-0.4155561145377829, 0.4956961587095537, 0.2674725235630392], [0.2879346593541503, -0.040986276340246784, 0.12103392529787052], [0.047027919586236845, 0.19085000756565038, 0.11753449769972392], [0.0777587385328927, -0.013602202517424607, -0.02344127466667315], [-0.12240560959070934, -0.1383737631104669, -0.12721383226369506], [-0.08420938281087456, -0.26435742467734535, -0.13059308643382428], [-0.011210679308949999, -0.05107044674679193, 0.0232673651529569], [0.007513703461588822, -0.05358994411457631, -0.06001657427579132], [0.0034419726667848476, 0.07449215016541055, 0.0074022666469304894], [0.007257672867622767, 0.09156670140755688, -0.011109105251456294], [0.20403195789744596, 0.8843879842106016, -0.3056029814877459], [-0.15393984729617732, -0.434512611487495, -0.02018616885224033]]","tensor(-6, dtype=torch.int32)",
"['Bi', 'Bi', 'Bi', 'Bi', 'Bi', 'Bi', 'Bi', 'Bi', 'Bi', 'Bi', 'Bi', 'Bi', 'Bi', 'Bi']","[[-0.786302, 1.921511, -0.138703], [-1.908305, -0.756311, 0.339517], [1.908492, 0.756336, -0.339478], [0.786115, -1.921537, 0.138664], [0.219812, -0.025268, -5.688435], [2.332127, -1.519008, -7.090283], [0.980241, -1.323697, -3.159466], [3.092684, -2.817291, -4.561646], [5.70896, 1.449318, -6.068531], [4.257903, 3.801126, -5.057715], [3.851336, 1.281718, -8.344713], [2.400471, 3.633762, -7.33366], [-1.957643, 0.895833, -3.178123], [-3.589592, 1.067164, -5.51813]]",[-81777.15625],"[[-0.2626104105380799, 0.4848782876159576, 0.08549354670384791], [-0.37026261067837496, 0.08875447864125649, -0.2218225103427221], [0.15691204418937638, -0.25207129860292726, -0.5037806885253298], [0.16496083565150585, -0.40159347401165263, 0.20871496777743967], [-0.9368662855494482, 0.6885891145515001, -0.6182627194469017], [0.3738764010081907, 0.08840141456048306, -0.13761940102702003], [0.10467578663558663, 0.21344688006652385, 1.079372842160026], [0.5409079528654445, -0.4055927243399358, -0.12200143195090753], [-0.05425159216690834, 0.0886119880254943, 0.1314529152270973], [0.024062489528397533, -0.14247313225105213, -0.1680903327228415], [-0.03785510290872572, -0.21888790299846644, -0.03513504909936946], [-0.04784283632472578, 0.04989842929334069, 0.0741526100947221], [0.3243046305515982, -0.4623623020651361, 0.2518123883718329], [0.009111500975513715, 0.191126555574156, -0.02002453893399287]]","tensor(-6, dtype=torch.int32)",
"['Bi', 'Bi', 'Bi', 'Bi', 'Bi', 'Bi', 'Bi', 'Bi', 'Bi', 'Bi', 'Bi', 'Bi', 'Bi', 'Bi']","[[0.883048, -1.625116, 0.953382], [1.080595, -0.425655, -1.726278], [-1.080659, 0.425767, 1.726421], [-0.882984, 1.625004, -0.953525], [-1.010674, -2.656795, 3.468329], [-3.914787, -3.130537, 3.465049], [-0.955362, -3.017252, 6.38841], [-3.859634, -3.49111, 6.384798], [6.229522, -2.777253, -2.72984], [3.331582, -2.550429, -3.186793], [6.634786, -3.353235, -5.587088], [3.736642, -3.126209, -6.043784], [3.452707, -5.722864, -2.199792], [2.167465, -7.440202, -0.311103]]",[-81777.8125],"[[0.110069089866545, -0.0968997893692776, 0.09369295347220889], [-0.01120462178656213, 0.22668621745252032, -0.3851068315425157], [0.01119617313691589, -0.1278402561832963, 0.13086711475984256], [-0.12453726097497703, 0.27686307166070917, -0.17733067689101262], [-0.08830355832021043, -0.08256572707568056, 0.09415652362778308], [-0.11092022832634137, 0.043476005459216746, -0.12149523288141531], [0.019776864429908215, -0.06709405385010703, 0.34815697341834456], [0.04024498575247899, -0.025959270509383445, 0.03852099328361292], [0.24750213723368691, -0.23316658369943413, 0.11228599907864875], [-0.3334684586475015, 0.05956416271408951, 0.3597967238016292], [-0.22557061517573912, 0.037715425081372836, 0.13081214454394585], [0.09057410077382987, -0.24669414190872438, -0.17750741461976566], [0.10780091282913817, -0.4912661969422145, -0.01031999726073027], [0.2574909813668651, 0.7282530306691494, -0.43388603330161896]]","tensor(-6, dtype=torch.int32)",
"['Bi', 'Bi', 'Bi', 'Bi', 'Bi', 'Bi', 'Bi', 'Bi', 'Bi', 'Bi', 'Bi', 'Bi', 'Bi', 'Bi']","[[0.8866557070815484, 0.6179953939266338, -1.7780995612495052], [-1.314439308544894, 1.6099508206125077, -0.09598219809232078], [1.3145702506519878, -1.6100644168286267, 0.09606626392529372], [-0.8867866491886429, -0.6178817977105153, 1.778015495416534], [0.35928267447772066, -0.7604273599786613, -4.739462709179815], [2.4067635884651484, -2.8621276748994973, -4.518122805635815], [0.10588341964218828, -1.3108266394818422, -7.619169008080135], [2.1534220957583248, -3.4126809172792445, -7.397480640809002], [-5.302273784788567, -2.2484781053639695, 5.666268864998662], [-2.8494869424913194, -0.9699107638045499, 4.662567754541377], [-5.531977968317954, -0.17671629559872115, 7.74350209909211], [-3.079090113946571, 1.1017771013933095, 6.739436575734624], [-5.102950920983129, -3.531362631640464, -7.7719217991560425], [-2.9017945558024048, -2.2310784779859976, -6.494261515678674]]",[-81777.6796875],"[[0.20999995442387823, 0.10069602528001147, 0.24821032227889694], [-0.1429157221932626, 0.22375608383023193, -0.05822405158547947], [0.30970188782950697, -0.1283687724405333, -0.2008124721658491], [-0.1200584996427305, -0.06543132051893764, 0.12605914919731473], [-0.12375199421449187, -0.20384107909350904, 0.45124479444391596], [-0.07335798451356976, 0.12827718969543317, -0.07035498578751562], [-0.44087547825515344, -0.12593666177517632, -0.7516541961043919], [0.09275249483934181, -0.15335584660212784, 0.09750980964166547], [-0.2053101568277963, -0.12101335646123938, 0.09342710125875146], [0.08222325594577216, -0.00844410907555243, -0.06628199617990982], [0.022373011567398512, -0.004032353813957329, -0.03263767865759103], [0.022973729583419974, 0.12410937775095783, 0.12896058929250262], [0.8066496088259736, 0.3231232079975973, 0.2612157405703058], [-0.4405697224986316, -0.09091621194909721, -0.23440184518331697]]","tensor(-6, dtype=torch.int32)",
"['Bi', 'Bi', 'Bi', 'Bi', 'Bi', 'Bi', 'Bi', 'Bi', 'Bi', 'Bi', 'Bi', 'Bi', 'Bi', 'Bi']","[[-1.777449, -0.95177, -0.514321], [-0.11121, 1.144527, -1.733954], [0.111296, -1.144645, 1.734079], [1.777363, 0.951888, 0.514195], [-0.26418, 3.580564, 1.326166], [-1.804687, 4.48314, -1.012746], [-2.672661, 2.284491, 2.41211], [-4.21297, 3.187152, 0.072878], [4.54641, 2.438741, -5.872371], [2.895047, 2.457827, -3.437017], [2.284139, 1.336033, -7.397502], [0.632881, 1.355358, -4.961866], [-0.543638, -2.193167, -11.380204], [0.284333, 0.05599, -9.823284]]",[-81777.234375],"[[-0.10744656319607528, 0.1867176254422722, -0.03245750079091144], [-0.519704053403323, 0.29146735704554777, 0.01216618404581275], [0.30508084156986454, -0.05693340850896732, 0.09291365167434676], [0.25043216801179213, -0.0033989688858192175, 0.42559540374279886], [0.13936050162575403, -0.37719096618711495, 0.3341759237834294], [-0.3747040909942275, -0.13109656013246287, -0.45523833692003407], [0.21445454737308317, -0.23938953095590934, -0.09996048368208206], [0.036370269445579015, 0.3909574314338758, -0.12341749350877804], [0.2825630562458378, -2.5442432209143758e-05, 0.06255687702182808], [-0.03577616431053447, 0.04951106667748484, 0.11157488297421883], [-0.055883163710581565, -0.1320898292533804, -0.6342210513471679], [-0.2363028170647665, -0.11299870926791758, 0.10545539696599823], [0.13685388034970072, 0.1675770374047115, 0.1504168683800881], [-0.035798388938514406, -0.03393265661642319, 0.04498432339158705]]","tensor(-6, dtype=torch.int32)",
"['Bi', 'Bi', 'Bi', 'Bi', 'Bi', 'Bi', 'Bi', 'Bi', 'Bi', 'Bi', 'Bi', 'Bi', 'Bi', 'Bi']","[[-0.58555, -1.97799, -0.272767], [-1.838923, 0.423458, 0.876327], [1.839067, -0.423431, -0.876452], [0.585406, 1.977963, 0.272892], [-1.458051, 0.691534, 4.632752], [-1.489692, 3.431495, 5.705096], [1.229447, 1.155414, 3.527297], [1.197567, 3.895447, 4.599935], [2.603607, 7.591837, 0.743337], [4.124171, 6.73537, 3.112443], [2.37121, 4.788411, -0.120752], [3.89178, 3.932183, 2.248656], [-4.842419, -0.071083, -0.652562], [-4.938861, 2.719989, -1.2599]]",[-81777.328125],"[[-0.14307662191780962, -0.15555912895996346, -0.06527916254995882], [-1.3597327703143027, -0.7508072742561048, 0.5717000155231695], [0.13992321357389031, -0.006134115593274484, -0.11121333424833504], [0.9422409225611637, 0.4319870154596494, 0.09866690954634998], [-0.4940434012641504, 0.000929634282589941, 0.16712534575229177], [-0.39282970978822485, -0.27612830139415345, 0.16726907049825182], [0.2581503668471677, 0.104269397845847, -0.6335931876090024], [0.38248245367674916, 0.2721184066929137, -0.17737870512454634], [0.10498179950256635, 0.2609152298671249, 0.118331591541272], [-0.00872460630069122, 0.11498910416662095, 0.007964330676712887], [0.08157528616979982, -0.05730832697866134, -0.1336339832413713], [-0.04335390884497433, -0.14978144559446074, -0.05991033623459151], [0.6758744881879638, 0.35731025998547444, 0.02980231595008063], [-0.13844580546076746, -0.16356266898150446, 0.011225694559690727]]","tensor(-6, dtype=torch.int32)",
"['Bi', 'Bi', 'Bi', 'Bi', 'Bi', 'Bi', 'Bi', 'Bi', 'Bi', 'Bi', 'Bi', 'Bi', 'Bi', 'Bi']","[[-0.93247, -1.330571, -1.299921], [-1.736889, 1.142962, 0.07589], [1.737078, -1.142991, -0.075916], [0.932281, 1.330601, 1.299947], [-3.652479, -0.201992, 2.512506], [-1.768337, 0.421412, 4.684991], [-5.06732, 2.329237, 3.013469], [-3.182835, 2.952465, 5.185945], [2.851401, 2.370947, -3.438689], [1.871277, 4.258354, -5.472249], [0.077089, 1.743872, -2.68382], [-0.902797, 3.631364, -4.71767], [8.303504, 2.352127, -4.283051], [5.805921, 3.71511, -4.552493]]",[-81777.5703125],"[[0.1504644338147976, -0.27789485592821855, -0.12160584180039923], [-0.3188319830333352, 0.24892714623549198, 0.09234533471822849], [-0.1395519974947899, 0.0774027948149909, -0.03858689069396993], [0.16081251267973853, -0.053809670711888406, 0.10605528708634529], [0.021340491963979635, -0.1365964613592621, 0.01621580745500558], [0.039920903162518825, 0.021620109871352444, -0.02201795230947186], [-0.09529593433296484, 0.11089132911087463, 0.01235336045915608], [-0.002538161015922549, -0.012232760227778578, 0.011309579417681653], [1.4356271494949493, -0.02127502135698273, -0.17354354269048802], [0.16043641150193821, 0.15012160273024816, -0.22111663929163308], [-0.5462373384365715, -0.17340686277107414, 0.3122598283529549], [-0.3305258808790513, 0.11063627553664855, -0.06282195790391183], [-0.48575889093422814, 0.20245561368012732, -0.020120867938145638], [-0.0460681262469365, -0.2521076540216728, 0.09664411872995257]]","tensor(-6, dtype=torch.int32)",
"['Bi', 'Bi', 'Bi', 'Bi', 'Bi', 'Bi', 'Bi', 'Bi', 'Bi', 'Bi', 'Bi', 'Bi', 'Bi', 'Bi']","[[0.61059, -0.559412, -1.908914], [1.625508, 1.290966, 0.141538], [-1.625624, -1.291109, -0.141479], [-0.610475, 0.559554, 1.908855], [3.436259, 5.148858, -1.89562], [6.043968, 3.952629, -2.549228], [3.577794, 3.982703, 0.80251], [6.185704, 2.786635, 0.148615], [-4.381653, -5.264589, 4.961142], [-2.075574, -3.439249, 4.86923], [-5.703254, -3.701058, 2.847235], [-3.396839, -1.875852, 2.755456], [-4.064835, -2.919984, 7.551046], [-2.440332, -0.874929, 8.711642]]",[-81777.59375],"[[0.17433544290078673, -0.08304312977388921, -0.4390153355144167], [0.12730443798905522, 0.01910516850088187, -0.10608315785998049], [-0.1475380540051944, -0.028734875604271244, 0.1548926472310231], [-0.29998943743855966, -0.11394600703896451, 0.324540349419391], [0.0012465368059030924, 0.0421600627136483, 0.06551297880036325], [0.058997131310260686, 0.015392606617563448, -0.09623747282975503], [0.10122027350364751, 0.129746318851812, -0.015293351696399905], [-0.0001270462476672429, 0.01214423709712733, 0.07760961446731697], [-0.2902516873785561, -0.39858929257749215, -0.1664628749464945], [-0.00036378908356964095, 0.2754962210444787, 0.3805489830334225], [-0.12649510568971165, -0.1740399201404889, 0.1958047317775414], [0.12515293767743849, 0.15838873239321713, -0.03316547500554596], [0.6051130621886169, 0.6326120541016973, -0.2461404802487058], [-0.32702717319018676, -0.48900871569985593, -0.09734824142992791]]","tensor(-6, dtype=torch.int32)",
"['Bi', 'Bi', 'Bi', 'Bi', 'Bi', 'Bi', 'Bi', 'Bi', 'Bi', 'Bi', 'Bi', 'Bi', 'Bi', 'Bi']","[[-0.601801, -1.989452, -0.098144], [-0.933748, 0.19114, 1.849455], [0.933786, -0.191091, -1.849638], [0.601763, 1.989402, 0.098327], [-3.043592, 0.067403, -1.104907], [-2.422377, 1.843415, -3.367248], [-5.8484, 0.954796, -1.178688], [-5.226874, 2.730723, -3.441239], [-9.193609, 5.112251, 2.94472], [-8.391873, 5.258784, 0.117343], [-6.733577, 3.621084, 3.564815], [-5.931995, 3.767897, 0.737225], [-5.62327, -2.48554, 1.050508], [-4.193005, -0.385967, 2.35985]]",[-81777.53125],"[[0.1483478491033622, -0.24134382754632508, -0.07339624254970367], [0.10646522400040383, -0.2746135608425451, 0.6737142461207788], [-0.10285996973779005, 0.06960463462721181, 0.04812696394952997], [0.10940044840975839, 0.23618243794838276, -0.15399821137011818], [-0.08014132972406024, -0.2863995556542771, -0.0768410598865946], [0.509466943412007, -0.13179780319530984, -0.10242920687664248], [-0.7052493580018037, 0.09288876338202308, 0.2999928827186954], [-0.369391931823779, 0.15631205122484615, -0.026939493845667666], [-0.12840276244306625, 0.01794603228137088, 0.11528061600377572], [-0.04619101990359837, 0.11691167332653316, -0.2233345769455684], [0.0741305500174352, -0.0948293816960791, 0.3455328012409444], [0.17392242066123356, -0.2085336020604446, -0.3129345890386393], [0.5045470833782059, 0.5579826583738655, -0.002790714962277026], [-0.21264711227621375, -0.0006742099550835892, -0.505686699771754]]","tensor(-6, dtype=torch.int32)",
"['Bi', 'Bi', 'Bi', 'Bi', 'Bi', 'Bi', 'Bi', 'Bi', 'Bi', 'Bi', 'Bi', 'Bi', 'Bi', 'Bi']","[[0.931869, 1.77738, -0.549777], [1.54216, -1.081731, -0.883463], [-1.542344, 1.081778, 0.883494], [-0.931685, -1.777428, 0.549746], [3.139631, -5.567077, 3.335334], [4.261078, -6.538101, 0.794117], [1.05997, -4.100885, 1.857111], [2.18163, -5.072229, -0.684094], [0.592289, 4.971069, 2.17783], [1.236057, 5.088628, -0.690978], [2.233291, 7.368886, 2.644142], [2.876818, 7.486268, -0.224908], [4.844297, -0.620774, 0.013227], [5.241869, -1.478534, 2.710342]]",[-81777.3203125],"[[-0.09130727695554668, 0.26824339213788256, 0.08919516596607857], [0.5040149161524669, -0.41553616276625066, -0.25810192723690134], [-0.03132523775645903, 0.1269130130279647, -0.09686291972961628], [-0.14827632097397744, 0.05559777110232456, 0.07762930912839129], [0.3385623824612937, 0.04498128948818395, 0.14957220910383054], [0.08854652770291573, -0.048418671190632735, 0.006239371472525161], [-0.0018774462745526478, -0.1985481517853106, -0.02402585643035748], [-0.03999062123428006, 0.10822190549288592, -0.010289339409731563], [-0.07003200363031521, -0.13144093387975964, -0.0445929035727057], [-0.061234043715988215, 0.1463158023104808, -0.043517924748271], [0.09025836913154194, 0.11765271708826136, 0.0063023738191263275], [0.12857615773586673, 0.30488338073820564, 0.05011895807528141], [-0.4930497721885918, -0.5582407972735863, 1.1099535600213661], [-0.21694522780074732, 0.1682049011428769, -1.0194861600875602]]","tensor(-6, dtype=torch.int32)",
"['Bi', 'Bi', 'Bi', 'Bi', 'Bi', 'Bi', 'Bi', 'Bi', 'Bi', 'Bi', 'Bi', 'Bi', 'Bi', 'Bi']","[[-2.0720460797883185, 0.008012845761897813, 0.1904613794635439], [0.18307662710203165, 0.6596290545919665, 1.964758861014896], [-0.18304406159459918, -0.6596231870501776, -1.9649486557979623], [2.072013514280888, -0.008018713303686698, -0.19027158468047778], [3.91246667570417, 2.557188490967508, -6.9272621635548335], [3.4128067817045684, -0.2406046866188134, -6.165024021264813], [2.9632095003169105, 3.4457497192105144, -4.287332491045719], [2.463742498730508, 0.6476841475171816, -3.5252868636055044], [2.209579988878823, -4.24777195202422, 1.3268840675524727], [3.8963593101518827, -1.9349512550783978, 2.008022529898154], [3.686314499504374, -5.8958364892089765, 3.2667287478185267], [5.37295192378234, -3.582665633785542, 3.947791564388783], [4.666475389946786, 6.252862614018898, 0.10276258417807616], [4.310028908782771, 6.107323492383497, -2.7291993319386254]]",[-81777.65625],"[[-0.1115791510078198, 0.08386598608331777, 0.22504667548465251], [-0.17000919949216006, -0.04012382502030329, 0.13528843761579662], [-0.08359668858972463, -0.030555119944152703, -0.20877184061072473], [0.12761672435120744, 0.023387214621797367, -0.014083518436802327], [0.18811224398795473, -0.0487119725165744, -0.3320479747897553], [0.08911150222308142, 0.12349406100313744, -0.2709381154249276], [-0.0604607068807491, 0.6757665017956503, 0.31438109247472384], [0.09771081859764325, -0.3906065270809486, 0.2735408960122314], [-0.04408343405818912, 0.23590403874458035, -0.10608644887384147], [-0.2104276319595311, 0.09785382343432121, -0.13624499136332757], [0.11997622429620597, 0.020786341794091064, 0.10689007332101991], [0.188094914743093, -0.3265419029119667, 0.243273133000234], [-0.16748211222365883, -0.09930125246805419, -1.1589248747146041], [0.02872638581695174, -0.3174828216166075, 0.9107808869338425]]","tensor(-6, dtype=torch.int32)",
"['Bi', 'Bi', 'Bi', 'Bi', 'Bi', 'Bi', 'Bi', 'Bi', 'Bi', 'Bi', 'Bi', 'Bi', 'Bi', 'Bi']","[[1.6800334291818069, -0.10875145528390806, -1.2228554687025572], [-1.1554640469993316, -0.8395997967589013, -1.5129044716583528], [1.1555078803558705, 0.8397319364494291, 1.5130376434986264], [-1.6800772625383478, 0.10861931559338028, 1.2227222968622848], [-1.282579206663085, 1.0997564411154133, -5.3384655970086765], [-3.4920001724243153, 0.49622330724535146, -3.4911647519491344], [-2.623319189521542, 3.59835502314641, -6.125409268050256], [-4.83266619618797, 2.994579410594354, -4.2778182469388515], [-1.510439725110958, -2.4071313349254813, 3.4900605450943645], [1.375430188658156, -2.4030139509142536, 2.915559415649736], [-0.9418370700824135, -2.8569201884203137, 6.34211943738977], [1.9441482429102401, -2.852626162025788, 5.767295897511642], [-6.2414728987642505, -0.672610745151032, -7.767937981873498], [-3.672236354235613, 0.5789855825134923, -7.740112902696298]]",[-81777.6796875],"[[0.17980911886088127, 0.16622263093464285, -0.24785504704818564], [-0.1697219556886063, 0.03901259876351537, -0.4061003632279922], [-0.054191274053487545, -0.2839240447436284, 0.0955182834569474], [-0.12121714221016236, 0.10250099211648515, 0.12802249607584815], [-0.03606808752442185, -0.3696027109771565, -0.16719337717944927], [-0.01501639745337083, -0.2450339796821339, 0.2165420786027771], [-0.2068955513332326, -0.05746953523575785, -0.36113400671520246], [-0.13907829718717485, 0.1773650268481866, 0.31847773624445547], [-0.05884173374951246, 0.15016047783148098, -0.26605774755745815], [-0.12080298868459445, 0.30487535889191947, -0.23153228678490728], [0.34949163380524734, -0.21031542895570826, 0.5125011039255574], [-0.15403472105513846, -0.14123550535095672, 0.40272897663787444], [0.36393522515390514, 0.2203783723228501, 0.23925758186892063], [0.1829154245689153, 0.15050418309158728, -0.22397483340780408]]","tensor(-6, dtype=torch.int32)",
"['Bi', 'Bi', 'Bi', 'Bi', 'Bi', 'Bi', 'Bi', 'Bi', 'Bi', 'Bi', 'Bi', 'Bi', 'Bi', 'Bi']","[[0.9278816242058292, -1.861044690184695, 0.07254689605354825], [-0.7632440056664264, -0.45396791233840417, -1.8815622884642642], [0.7633386651451857, 0.45407577470991667, 1.8816908275318387], [-0.9279762836845892, 1.8609368278131844, -0.07267543512112273], [-3.7191108381902085, -2.577729076397814, 2.8536891147113366], [-3.2896669093411854, -0.11597249728397041, 1.3000977537201583], [-5.9900634408886795, -3.2769299228319473, 1.1176731672621694], [-5.56026887366664, -0.8150142884129751, -0.435903289324326], [2.432839415918875, 5.223448164850731, 3.7805486625766394], [2.6080031085097133, 7.652604018463275, 2.129236099964746], [1.5537314917849332, 3.6883887472673687, 1.4288214761520441], [1.7291237242825472, 6.117827820026263, -0.2223644988374207], [-8.878716439942645, -3.3795682087294594, -0.5715026378459108], [-9.6847999900489, -6.05080347764229, 0.047347483395326906]]",[-81777.203125],"[[-0.08042790504042353, -0.12485839193688063, -0.26279681562004953], [0.07126181437249078, -0.3093688783644489, -0.003435776304749718], [-0.08430065702342524, -0.09881479948172785, 0.1323130011308282], [0.11339316813241117, 0.3170262448654878, -0.08354135841918688], [0.20031624898212297, -0.04363000948128321, 0.5324325637315852], [-0.024680737335437877, 0.012870003355447775, -0.03294279678017729], [-0.3931410705527286, -0.3918145348562952, -0.35886608678825344], [-0.2640895155802248, 0.21931275231908254, -0.3033801587351107], [0.1533766211271253, 0.29384316052062703, 0.42172589135156663], [0.043833173022898096, -0.1090368428002115, 0.03315327254321453], [0.017273318194931286, -0.08866284447406478, -0.038759766623645456], [-0.04082648219066866, 0.268381100499128, -0.279926285656001], [0.11566484187204533, -0.8877489321161289, 0.5480185996888278], [0.1918495501817404, 0.9517596659331373, -0.3051635282931217]]","tensor(-6, dtype=torch.int32)",
"['Bi', 'Bi', 'Bi', 'Bi', 'Bi', 'Bi', 'Bi', 'Bi', 'Bi', 'Bi', 'Bi', 'Bi', 'Bi', 'Bi']","[[-0.715259, -1.511851, -1.237912], [1.923306, -0.312835, -0.729337], [-1.92344, 0.312854, 0.729475], [0.715393, 1.511832, 1.237774], [-4.249315, 5.858658, 2.692488], [-2.168369, 7.586195, 1.533355], [-2.993437, 3.50841, 1.443904], [-0.912428, 5.236287, 0.284941], [-3.979781, -1.496978, -4.193609], [-2.357994, -0.467077, -6.422381], [-1.917091, -3.517825, -3.62674], [-0.29537, -2.487563, -5.855626], [1.401294, 0.095371, -4.613882], [-0.101422, 2.124748, -5.952433]]",[-81777.8125],"[[0.06311892048277386, -0.05618706827180658, -0.4473010799745369], [0.5315810138950563, -0.07977438167856078, -0.27831065496071694], [-0.3454894009956526, 0.07150108136460247, 0.44662215409943473], [-0.2338478749907489, 0.18212830661313334, -0.08932438968221368], [-0.1416051273452182, 0.39097105828814394, 0.17951534445169706], [-0.09707976668980002, 0.0409851296276046, 0.06703754097146299], [0.11985836486230957, -0.21600708316200126, -0.17102848819141597], [0.1439280174880639, -0.23322062831768245, -0.03682004305398289], [-0.09184422643580246, -0.43143890738552126, 0.15784638359334568], [0.049493943120989425, 0.4720083665358564, -0.11432971868631833], [-0.39800673170200684, 0.063514407789099, 0.44614979076620065], [0.48445287265233417, 0.1599696017545946, -0.4227602981457464], [-0.2061848980276269, -0.008483102447595904, 0.22805877592091597], [0.11959914609866569, -0.3656008381222029, 0.030988299643604406]]","tensor(-6, dtype=torch.int32)",
"['Bi', 'Bi', 'Bi', 'Bi', 'Bi', 'Bi', 'Bi', 'Bi', 'Bi', 'Bi', 'Bi', 'Bi', 'Bi', 'Bi']","[[1.8030965149297382, -0.7499024813815651, -0.7184733299131609], [-0.30426482537146304, 0.9946376009569597, -1.8019500220022082], [0.30427809884376356, -0.9946512428707676, 1.8021417371897157], [-1.8031097884020402, 0.7499161232953734, 0.7182816147256545], [-0.9104764237536407, 6.519223171455647, -1.5176273985601803], [1.244442440494066, 6.202577906676662, -3.4961051276702206], [-1.9732889265441795, 3.875273022735949, -2.252349190908957], [0.18194838890212978, 3.5588386553390006, -4.23077613489953], [-0.5317000627303183, -3.2290529341602556, 4.318113014686181], [-0.6509702703502045, -5.916322066390879, 3.1253544941478504], [-0.9500654311104233, -4.39541169416287, 6.987277037120984], [-1.0691696811802482, -7.08272842185964, 5.7941740448665735], [3.1735555880477233, -0.8230400313653294, -3.7816739891202635], [1.8548270325783673, -2.6600002469348256, -5.5294657923967785]]",[-81777.6328125],"[[0.9132054385517375, -0.11486666816657413, -0.6726148418028447], [-0.05122696016692739, 0.1662191856545071, -0.1960977348553519], [-0.24732390826427816, -0.24476848742331753, 0.3362091532844171], [-0.21089037936164007, 0.06138501897686074, 0.20709661171130195], [-0.020098432479590225, -0.029586374018708658, -0.01644297997117815], [0.032042755911290396, 0.03132361796057433, -0.0067581689544539665], [-0.2519679401988559, 0.11844477156483481, 0.07879448230145351], [0.1490249237831676, -0.025597922329656825, -0.12898131239540853], [0.03090221392009395, 0.11588960783433205, -0.22278271505875505], [0.030902717856591412, 0.034918788351029705, -0.1310294028808622], [-0.08511245758316456, -0.18533144011960842, 0.30983620233270825], [0.017537905424935895, 0.1223268309464121, 0.06221533148956808], [-0.8624749741056217, -0.7010923961186513, -0.17497827046760128], [0.5501680431167815, 0.6521370222738023, 0.5589257395334031]]","tensor(-6, dtype=torch.int32)",
"['Bi', 'Bi', 'Bi', 'Bi', 'Bi', 'Bi', 'Bi', 'Bi', 'Bi', 'Bi', 'Bi', 'Bi', 'Bi', 'Bi']","[[1.383804, -1.10399, -1.093621], [-0.877414, -1.763585, 0.669939], [0.877415, 1.76376, -0.67002], [-1.383804, 1.103816, 1.093702], [0.020185, -1.421398, 6.723271], [2.434654, -0.024104, 5.787203], [-1.506987, -0.285757, 4.478738], [0.907823, 1.111396, 3.542784], [2.209718, -5.110236, -5.164454], [3.457095, -2.458117, -4.902486], [2.843132, -5.686051, -2.348947], [4.090401, -3.033661, -2.08723], [1.43993, -8.613655, -1.144454], [0.769231, -8.436128, -3.916978]]",[-81777.375],"[[0.08506082980322041, -0.19919725284729767, -0.33768476162433475], [-0.17914443690514614, -0.0663922451442527, 0.35467878587107016], [0.20144254705395237, 0.28099205992604326, -0.012245101529757257], [-0.3466017636806644, -0.01317025694817077, -0.39483784530852256], [0.27686780249313436, -0.004740628333606657, 0.21570616108208776], [0.11001838768424926, -0.20947719744089793, 0.5855443852386708], [0.08888503933177262, 0.04003797069620493, -0.29644928354388345], [-0.12689167285995992, 0.020939373938626712, -0.21032334795781127], [-0.5914265582942597, -0.9908306853348943, -0.1589890338902968], [0.23483255662237296, 0.12373620763237748, 0.48102497318357235], [-0.12207722811389327, -0.30178185728468837, 0.3466103511699579], [0.20017545529538286, 0.7755114754919298, -0.010674897110173033], [-0.058457713569609174, 0.46316366394028513, -1.096616726349738], [0.2260397903392953, 0.08764119035859631, 0.5235617387134924]]","tensor(-6, dtype=torch.int32)",
"['Bi', 'Bi', 'Bi', 'Bi', 'Bi', 'Bi', 'Bi', 'Bi', 'Bi', 'Bi', 'Bi', 'Bi', 'Bi', 'Bi']","[[0.9200373245771776, -1.8223668241938769, -0.40277186966432005], [-1.818172048772842, -0.9763969773800767, 0.26420497083460714], [1.818289454523317, 0.9765297722000491, -0.26428045875115064], [-0.9201547303276532, 1.8222340293739063, 0.4028473575808638], [-5.51306696849272, 5.802538483324983, -0.46888741224283126], [-2.8520816172498815, 6.550964638876856, -1.4775146525743967], [-4.960746296436613, 2.9828391052882295, -1.1045730341296498], [-2.2996113349957614, 3.7315970896767974, -2.1130738845415684], [1.1205123646914874, -1.6656065690690183, -4.400646225764171], [0.6476283136664642, -4.40936122939606, -3.4485408229847287], [3.4505050663307224, -1.448212264016472, -2.6163445013930886], [2.977417804097496, -4.192200609003787, -1.6644683685079062], [-0.9622821994327936, 0.7538289121802102, -2.9973062337691503], [1.1699812922045987, 2.1049258470881504, -4.3375425931135325]]",[-81777.296875],"[[0.17277385682375096, -0.0026459777153338016, 0.5422438988046367], [-0.721699285097554, -0.04817056474097882, 0.01674755816180284], [0.8942260587712734, -0.10864634343676939, -0.15295691401566697], [-0.49785151567803876, 0.2240483669987604, -0.12394600976601504], [-0.04792438661975908, 0.15330241904897846, 0.08138065355317771], [-0.0668820405665316, 0.4933490487615748, -0.06958823097999847], [-0.09312201398942015, -0.22107272482542564, 0.027070897858485675], [0.1498425864613468, -0.30381051021952565, 0.1261067660541158], [-0.3665991980301866, 0.6663506026068324, -0.3664363956882512], [-0.03874997071519988, -0.7243778618478436, 0.17867701009270356], [0.35736682428621, 0.48370658383726506, -0.05131318473008512], [0.0004895159946332712, -0.2862209153081357, -0.1679849688571985], [0.387628673757676, -0.07408591564194564, -0.3773241494043015], [-0.11639770952121266, -0.23643281211227526, 0.339832662389541]]","tensor(-6, dtype=torch.int32)",
"['Bi', 'Bi', 'Bi', 'Bi', 'Bi', 'Bi', 'Bi', 'Bi', 'Bi', 'Bi', 'Bi', 'Bi', 'Bi', 'Bi']","[[0.017335673536298807, -2.055585574286993, 0.32246258811954154], [-0.6288047741606463, 0.3021159583043389, 1.9601620919505935], [0.6287954046715034, -0.30209566680118416, -1.9603534488620786], [-0.017326304047156016, 2.0555652827838404, -0.322271231208057], [-1.5604698953594598, -5.594834969805552, 6.111340113435807], [-3.2437630017016126, -5.555904412215138, 3.6981840079157577], [0.8065992820422665, -4.993368518744544, 4.4696700690000215], [-0.8770706074664637, -4.954373764238498, 2.0565627610353143], [6.820636230715158, -2.4948849486580893, 0.1417017720615965], [6.835706840446291, 0.3275497118460178, -0.690133021445742], [3.975772947127526, -2.6934869786813858, -0.5843623081135765], [3.9911841955486436, 0.12910274690759982, -1.4162886882047467], [4.1946910730438045, 0.630711015272797, -4.733838144721368], [1.5108185059327395, 1.5133213490844084, -5.165197700490818]]",[-81777.8671875],"[[-0.00149189680164583, -0.4177354342009432, 0.483059796769399], [-0.009848220139340239, -0.17181714880994528, 0.10084957164546289], [0.13269568433635046, 0.4602250456728864, -0.6656409777430583], [0.05026921342687186, 0.07721284160870237, -0.2072055237012638], [-0.027900675581440614, 0.002919290245837336, 0.08708943131596611], [-0.18369925151083627, -0.04713863649161309, 0.05348617433377222], [0.10026258847010186, 0.0039759504643683465, -0.01279112186696737], [0.06914260713438493, 0.04697446632204168, -0.10249847243399783], [0.11948951419942175, 0.2799973509865616, 0.0466673530223022], [0.7629017501952123, -0.15294416133695568, 0.1050039624240364], [-0.36431744556060325, -0.07567403551823558, -0.1241512353335022], [-0.5832802705464987, 0.23859269422481916, -0.4472100114503525], [-0.8159534078551519, 0.10149615302496262, 0.2945947458111287], [0.7561963094534623, -0.3352053940568177, 0.40711728651103546]]","tensor(-6, dtype=torch.int32)",
"['Bi', 'Bi', 'Bi', 'Bi', 'Bi', 'Bi', 'Bi', 'Bi', 'Bi', 'Bi', 'Bi', 'Bi', 'Bi', 'Bi']","[[0.90391, -1.592114, -0.988856], [-1.866947, -0.669785, -0.628334], [1.867087, 0.669915, 0.628357], [-0.90405, 1.591983, 0.988833], [-1.915015, -1.998128, -3.962456], [-4.043412, -0.144577, -3.130237], [-1.182005, -0.173237, -6.151595], [-3.310526, 1.680288, -5.319012], [5.472597, -0.099118, -2.936851], [4.779343, 2.220807, -4.608874], [4.970738, 1.496251, -0.51553], [4.277372, 3.816106, -2.187915], [-3.444067, 0.668685, -9.936565], [-1.163551, -0.961121, -9.378691]]",[-81777.375],"[[0.07592003880434395, -0.042513095941166784, -0.5137304004468173], [-0.38635237744471407, -0.1224428391850117, 0.04046948431988951], [0.17213005223719643, -0.04277866533312053, 0.2614205547610603], [-0.0333843068584646, 0.4518415992387684, 0.21821036551983689], [-0.03953563342579019, -0.5726960614370322, 0.10556646868380637], [0.36113457235820984, -0.015928990454811876, 0.1753155479662603], [0.2545295831128974, -0.17461029398027028, -0.4495363982954255], [-0.20526228286053733, 0.2371868142410811, -0.2926709939431102], [-0.015722314784342228, -0.016296267601697424, 0.04696413048163453], [-0.04304202871734558, 0.013556519131266855, 0.04662976861556796], [-0.03059402075643134, -0.07292403348274439, 0.01254666124360633], [0.010323828206552818, 0.07204492140512968, -0.09978595710326689], [0.3000111375612055, -0.15633791653690982, 0.01943800313082858], [-0.41792523314095703, 0.4487977713720014, 0.42109350246934235]]","tensor(-6, dtype=torch.int32)",
"['Bi', 'Bi', 'Bi', 'Bi', 'Bi', 'Bi', 'Bi', 'Bi', 'Bi', 'Bi', 'Bi', 'Bi', 'Bi', 'Bi']","[[-0.004852349105651466, 1.9606212895557027, 0.6968897424841247], [1.6823119399059068, -0.406244904436563, 1.154857799670095], [-1.6824148373485175, 0.4062496889744054, -1.1550206069933393], [0.004955246548262182, -1.960626074093547, -0.696726935160881], [7.015987391213893, 0.6756302071130392, 2.23740696548739], [5.113153245849817, -0.7659272741843981, 0.517102369453898], [9.169304359264618, -1.1334857173411235, 1.3712750331894341], [7.266151907756784, -2.574854611419613, -0.34913719211375505], [-2.386686334088798, -5.284594813039056, 1.08560735707258], [-0.6419544058225684, -5.900486240512363, -1.2023834444463635], [-0.08728264339328023, -4.157266378337749, 2.5353425689939613], [1.6572808262384089, -4.773199784376689, 0.24700777984664035], [-5.015304366112371, -4.443471924041352, 6.092014327821574], [-2.3205580760621696, -4.209468511922862, 5.169068576667381]]",[-81777.3046875],"[[-0.11339743616601214, 0.10459577386109152, 0.018797181025585565], [0.14848581457506554, -0.0882665344142744, 0.22560388526898997], [-0.2435717410860265, 0.5170085073628128, -0.17519316338830507], [-0.1329816940097064, -0.34973131217409165, 0.08500462545712584], [0.05718573671233977, 0.1382559036765705, 0.11489736715524608], [-0.1667285214715856, 0.06828334398411927, -0.02616642440530477], [-0.05430388843404301, -0.04481924305099471, -0.028736474831319313], [0.24125394173024703, -0.20045385449918526, -0.10805648062428003], [-0.15692978481097072, -0.022328006952849592, -0.09409764533292647], [-0.024280524338896724, -0.07461931699788256, 0.12252418893388785], [-0.040608956458876085, 0.2214737142955496, 0.3071336114656519], [0.33313760891028965, -0.26056411982583144, -0.15948181179388723], [0.9143053570905875, -0.002553384526134168, -0.382036418454403], [-0.7612490441719006, -0.006933538855571025, 0.10435650686897986]]","tensor(-6, dtype=torch.int32)",
"['Bi', 'Bi', 'Bi', 'Bi', 'Bi', 'Bi', 'Bi', 'Bi', 'Bi', 'Bi', 'Bi', 'Bi', 'Bi', 'Bi']","[[-0.71484, 0.268015, -1.935688], [1.774003, 0.952891, -0.523273], [-1.77411, -0.953035, 0.523346], [0.714946, -0.267871, 1.935615], [7.227798, 0.529818, 2.496041], [4.556821, -0.4852, 3.198844], [6.777984, -0.230635, -0.310957], [4.106845, -1.245516, 0.392167], [-1.456493, -5.816203, 0.513891], [-2.284098, -3.803959, 2.494865], [-2.985976, -7.871017, 1.962436], [-3.81357, -5.858403, 3.943301], [-2.325911, 3.148757, -2.64214], [-1.152414, 5.558758, -1.650655]]",[-81777.8984375],"[[-0.4042552871600878, 0.36909985434361686, -0.7359360053717942], [0.3708004343341875, 0.10933072005357884, 0.37767181416545925], [-0.3874934850789179, -0.07071092950541741, 0.34408326390145666], [0.16362015887988848, -0.057933311079698374, -0.005608988051872447], [0.08294460504642606, 0.054603062162842865, -0.029590672905564566], [-0.2912739585591235, 0.028994809134988055, 0.12781531646888103], [0.30766181919033936, 0.0436947396101614, -0.08933308001569033], [-0.21737383093404858, -0.06928262948975138, -0.18331358582400248], [0.022413912699039525, 0.09816523562091659, -0.028299788145222], [0.22593854024097854, 0.14110921269404156, -0.14090208450916605], [-0.05775775605905164, 0.02926439459229403, 0.08146385449735065], [-0.12436967637852486, -0.1849816156306044, 0.0803442412974264], [0.6454048420444318, 0.17337405547664747, 0.4642283583464043], [-0.34463671987310895, -0.65727511766426, -0.25555324268993745]]","tensor(-6, dtype=torch.int32)",
"['Bi', 'Bi', 'Bi', 'Bi', 'Bi', 'Bi', 'Bi', 'Bi', 'Bi', 'Bi', 'Bi', 'Bi', 'Bi', 'Bi']","[[0.075729, -0.934739, 1.857483], [-1.978537, -0.603763, -0.223084], [1.978721, 0.603782, 0.22303], [-0.075913, 0.93472, -1.857429], [5.299774, 1.044812, -0.056331], [5.120225, 3.561749, 1.457308], [3.887244, 2.300694, -2.311852], [3.70795, 4.817685, -0.797929], [-3.299092, 1.694253, -7.261346], [-1.59731, 3.147428, -5.350709], [-1.494966, -0.625267, -7.103812], [0.206654, 0.828197, -5.192979], [8.688969, 4.776014, -3.188049], [7.817468, 2.330666, -1.99264]]",[-81777.6171875],"[[-0.29212514844101145, -0.3249284319445289, 0.27594426172839637], [-0.20602559238791876, -0.11056937539550578, 0.14920814069545943], [0.33550343649960285, 0.12733991923224391, 0.20800230901026237], [0.05795933065803676, 0.26193302732572504, -0.39450606997366233], [0.27240426209999485, 0.09546691278746114, 0.012872965267922656], [-0.007567645235653974, 0.12161514919897481, -0.13536315391485923], [0.12727533308522215, 0.09287102276042872, -0.19386946136100944], [0.11158048798220081, 0.01482696875241639, 0.06746059051887386], [-0.11993457240202793, -0.018147992546042838, -0.09433583246111502], [0.05496270827133826, 0.05261693529774046, 0.11276818403137413], [-0.0453048989949016, -0.11914766013461227, -0.17252039733436378], [0.09509338271423971, 0.01441275352033859, 0.029945073960719024], [-0.37602018800607073, -0.537426163044709, 0.39627853804825885], [-0.023028015885498698, 0.3351893503642454, -0.26918482779048963]]","tensor(-6, dtype=torch.int32)",
"['Bi', 'Bi', 'Bi', 'Bi', 'Bi', 'Bi', 'Bi', 'Bi', 'Bi', 'Bi', 'Bi', 'Bi', 'Bi', 'Bi']","[[-1.53215, 1.179041, 0.769475], [1.271107, 0.66982, 1.504837], [-1.271158, -0.669855, -1.505019], [1.532202, -1.179006, -0.769293], [-2.108124, 2.429083, -2.90854], [-3.061727, -0.000228, -4.267732], [-0.181942, 2.890455, -5.084963], [-1.135899, 0.461019, -6.444066], [5.42545, 1.701933, 4.892905], [5.305313, 2.066204, 1.975511], [2.914139, 3.208032, 5.184185], [2.794199, 3.572052, 2.266574], [0.353989, -3.96857, -5.755657], [0.949167, -3.581561, -2.987222]]",[-81777.3359375],"[[-0.2939129402988982, 0.38217716071905156, 0.647963605321345], [0.051528895262044995, 0.5929764201344156, 0.4894528483048136], [0.00864694865799037, -0.10643920442206545, -0.5307171227565486], [0.4241381530895746, -0.7003442046861937, -0.6580557050144115], [0.21880711889259769, 0.08250618029363342, 0.21073091945565722], [-0.22130067895739017, -0.1867007075741431, -0.36931428446549647], [0.004597286682228855, 0.19199970268914768, 0.05868777600732842], [-0.08114945982944376, -0.2756528527354248, 0.007261724928439101], [-0.034143302072362644, 0.019891319721342168, 0.002941037676807435], [0.08475373707231755, -0.0828345617704495, -0.05194911659441907], [-0.0038822907809893882, -0.03145341246192595, 0.09861358483738376], [-0.16949832101233425, -0.07831558836258912, -0.153345716450087], [0.11360502714971188, 0.2913051203466197, 0.5231596179573538], [-0.11774913350996981, -0.1012147199177571, -0.2795519842514059]]","tensor(-6, dtype=torch.int32)",
"['Bi', 'Bi', 'Bi', 'Bi', 'Bi', 'Bi', 'Bi', 'Bi', 'Bi', 'Bi', 'Bi', 'Bi', 'Bi', 'Bi']","[[1.512236, -0.014042, 1.429216], [-0.935066, -1.583037, 0.973936], [0.935142, 1.583128, -0.974088], [-1.512312, 0.013951, -1.429064], [-1.664566, -4.422192, 2.62521], [0.735021, -3.179783, 3.789992], [-0.010566, -5.64124, 0.518539], [2.389005, -4.39873, 1.683692], [6.642408, 5.834971, 0.216675], [3.708123, 5.87591, 0.432564], [6.609207, 2.894411, 0.325596], [3.67474, 2.935665, 0.541357], [-0.92242, 3.712413, -2.969653], [-1.873971, 6.303142, -2.227412]]",[-81777.6875],"[[0.16794090012471627, -0.1428889312835505, 0.49334694045582017], [-0.06164716879972455, 0.13067947554767503, 0.0419953680387428], [-0.06795064305161065, 0.4501495553153997, -0.5511517477286656], [-0.555985938557898, 0.28707195092374893, -0.5632246263893103], [-0.10541518489038437, -0.1717419182899669, 0.011670310532309344], [0.2032577983087416, 0.0652796767708746, 0.057824656200194405], [0.09179907783939711, -0.10915701622822889, 0.020763124719743672], [-0.028776450365311925, -0.01410067798876185, 0.02381683077030273], [0.04703818343571578, 0.010747674796383147, 0.0226454458085779], [-0.09355483373423082, 0.11054201884278639, -0.004161269511763884], [0.21519631104409348, -0.04198847233626221, -0.026407300908882835], [0.016137260210120432, -0.05333591898218178, 0.10053430280199917], [-0.10040250798128517, 0.32021878542109794, 0.6239921688905044], [0.2716647095789224, -0.8441070029940181, -0.24751365578220036]]","tensor(-6, dtype=torch.int32)",
"['Bi', 'Bi', 'Bi', 'Bi', 'Bi', 'Bi', 'Bi', 'Bi', 'Bi', 'Bi', 'Bi', 'Bi', 'Bi', 'Bi']","[[0.96171, 1.845177, 0.012195], [-1.777167, 0.93, -0.552885], [1.777278, -0.930114, 0.552994], [-0.961821, -1.845063, -0.012303], [-1.820352, -2.047209, 4.238667], [-0.986198, 0.298818, 2.670656], [-4.232961, -0.605845, 5.111391], [-3.398561, 1.740122, 3.543089], [-6.839894, 0.333451, -2.74084], [-5.491341, -0.021382, -0.149737], [-5.351629, -1.960066, -3.829284], [-4.00325, -2.314752, -1.23787], [-0.891356, -5.026505, -2.389241], [0.11492, -2.472189, -3.183672]]",[-81777.453125],"[[0.4060766576437748, 0.12047974941693616, -0.13710790548209525], [-0.4239763791894707, 0.22061393692436818, 0.06702972481354316], [0.6847684531472666, 0.2321592763475159, -0.0729745813987654], [-0.05908197776136412, -0.5691757050476135, -0.8795779617644105], [-0.0299532500732799, -0.4253943947868211, 0.2552951037902167], [0.27457885093073003, 0.08950035607959303, -0.11941731758284646], [-0.037048326287333545, 0.08126711357497385, -0.07857475570414141], [-0.43869086211656055, 0.23070788781273144, 0.14996414828583682], [-0.10997545023778175, 0.07042054895427735, 0.0005741513066286851], [0.0595776353020829, 0.20719811892007658, 0.20873836482910757], [0.05819391823981486, -0.087952808233558, -0.18209303105831093], [-0.10893117040201902, -0.31021919407077997, -0.12150891115777501], [0.02519218145827105, 0.19029994545204226, -0.14932548590844008], [-0.32571950940136235, -0.05667722364872653, 1.0698695254155257]]","tensor(-6, dtype=torch.int32)",
"['Bi', 'Bi', 'Bi', 'Bi', 'Bi', 'Bi', 'Bi', 'Bi', 'Bi', 'Bi', 'Bi', 'Bi', 'Bi', 'Bi']","[[1.615131, -0.905131, 0.949634], [1.163299, 1.684166, -0.373129], [-1.163454, -1.68426, 0.373194], [-1.614976, 0.905225, -0.949699], [-5.50183, 0.710532, 3.873309], [-3.644272, 1.152993, 6.112063], [-3.227457, 0.593248, 2.009621], [-1.370024, 1.03562, 4.248729], [-2.858568, 0.29863, -3.972725], [-5.642426, 0.998155, -4.620113], [-3.61735, -2.537781, -3.775543], [-6.401268, -1.837924, -4.423117], [2.052083, 1.953711, -3.647632], [3.4552, -0.495253, -3.198098]]",[-81777.3125],"[[0.38466393306775576, -0.06474642968121241, -0.26513487527991064], [0.3818206513581424, 0.6835615766579348, -0.10996825114496087], [-0.3122664103806769, 0.03231042332458051, 0.006688620575594941], [-0.27704978527522833, 0.005181907012481873, -0.12973577732303854], [-0.5527262921727789, 0.10858602532334859, 0.5254664129855355], [-0.11961488125868852, -0.07051388005049114, -0.1033187576388475], [0.27399073646935435, -0.1879828145834533, -0.32107491182377734], [0.2817483246268785, 0.027686574560947124, -0.05970552204383699], [0.22149757414604174, -0.05094901347753087, -0.09335145936204046], [-0.28092598253836576, 0.100850651509386, -0.12173691671183114], [0.16124245278742083, -0.11526482942166132, 0.11107665432892115], [-0.11655079308783987, 0.046629403518717756, -0.017234047143593292], [-0.07555864434473492, -0.8597670867631327, 0.8422686632201103], [0.03349486435535696, 0.3517692725075045, -0.2630089317478081]]","tensor(-6, dtype=torch.int32)",
"['Bi', 'Bi', 'Bi', 'Bi', 'Bi', 'Bi', 'Bi', 'Bi', 'Bi', 'Bi', 'Bi', 'Bi', 'Bi', 'Bi']","[[-0.4968666113069927, -0.6696704410412555, 1.9064049335055802], [-1.6305676368355122, -1.026299132565513, -0.7854070251719354], [1.6307533898987219, 1.026348921381174, 0.7854185955368191], [0.49668085824378394, 0.6696206522255952, -1.906416503870466], [3.18446302101889, 2.8463799096672195, -1.5497029775007496], [1.1044901945027408, 3.985999751524254, -3.2913382196746594], [4.875445853851007, 5.207522080122308, -2.0245120202965925], [2.7951126954988554, 6.347014528691535, -3.7660982735106776], [-5.295155708547334, 0.13571278485370608, -1.8456320112600888], [-4.811139565560142, 2.8687338696624334, -2.8226876816805264], [-4.064459869964705, 0.8398288958565223, 0.7330240674515855], [-3.5806629922076993, 3.572974554818292, -0.24432293103002223], [-3.1101732837075025, -2.285680674307381, -3.532205138281545], [-0.4521587286666333, -1.8329218321862573, -4.47994565143271]]",[-81777.515625],"[[0.0031043681236233743, 0.08654600265217152, 0.9400842800403892], [-0.2902214511887083, -0.16184146873221106, -0.20590932703886125], [-0.10501275560169622, -0.3514619226661438, 0.47745160061773684], [-0.23792873217836616, -0.21126036131054263, -0.8143382399586919], [0.12550013963977205, 0.19097419191681086, -0.24650022920138437], [-0.09763502243465752, -0.07442663842074039, 0.043158042098154346], [0.12948211214528507, 0.16821312867752938, -0.06955264689262662], [0.1765924613443212, 0.2827189680275018, -0.06059790102107877], [-0.07983593392217947, -0.18761833479834958, -0.7638720850632862], [-0.0471481598629733, -0.10915110268769744, -0.10686225396947631], [0.6549133009980899, 0.0012169418495372995, 0.2028317662800192], [0.04517345898661949, -0.07633815183096335, 0.19732636288942118], [0.018219135009740775, 0.16075975361377967, -0.008510947510185305], [-0.29682703022861423, 0.2845113364515389, 0.4467169250142127]]","tensor(-6, dtype=torch.int32)",
"['Bi', 'Bi', 'Bi', 'Bi', 'Bi', 'Bi', 'Bi', 'Bi', 'Bi', 'Bi', 'Bi', 'Bi', 'Bi', 'Bi']","[[-1.184315, 0.575667, 1.611124], [1.425313, -0.751453, 1.316323], [-1.425375, 0.75156, -1.316471], [1.184377, -0.575774, -1.610976], [3.970174, 2.375201, -0.630251], [6.225584, 4.128261, 0.075598], [3.436431, 1.912011, 2.226396], [5.691954, 3.665328, 2.931981], [0.458788, -6.354474, 3.321596], [2.899338, -5.670618, 4.816379], [0.111145, -3.524166, 2.594712], [2.551949, -2.840593, 4.089556], [-3.819385, 0.149563, 3.704601], [-3.820333, 1.633453, 6.147205]]",[-81777.6484375],"[[-0.5035825592064804, 0.5627895954945618, 0.44789834756821345], [0.48832115091336864, -0.10993647229236576, 0.04003323986377977], [-0.3609132516760588, -0.08871112981805639, -0.15719404293958925], [0.21220447091191172, 0.1717966828174973, 0.009343779705379966], [-0.23443629798467414, -0.3270555067626462, -0.04378407520985957], [0.1677561919717687, 0.17371015026720021, 0.21962838111718733], [-0.33918957771226854, -0.2681498553533025, -0.10947238791587578], [0.3323196891216526, 0.27929986173639976, -0.10136785490647592], [0.1717973513046878, -0.38106160986436194, 0.17537602034595584], [-0.11292949513265381, -0.21706473274157423, 0.037594716863603016], [-0.169068740859293, 0.1854439516559807, -0.015971166854324016], [0.05957213313828407, 0.12699863081044183, -0.1007288839965297], [0.16754448722074275, 0.39727252707845845, 0.4183314162423304], [0.11943690939973761, -0.5032078978472443, -0.8231710126290172]]","tensor(-6, dtype=torch.int32)",
"['Bi', 'Bi', 'Bi', 'Bi', 'Bi', 'Bi', 'Bi', 'Bi', 'Bi', 'Bi', 'Bi', 'Bi', 'Bi', 'Bi']","[[-1.771217767869004, -0.09731534990861734, -1.0876727637427555], [-0.0064237664119549676, -2.0713728341134745, 0.1956482566017283], [0.006432706598634597, 2.0715541727953863, -0.19558381006958953], [1.7712088276823263, 0.09713401122670562, 1.0876083172106177], [4.2887560915983025, -6.945627860450219, 2.9194801642165675], [3.7810062610825996, -6.912791313694793, 0.02130392206177789], [2.0087222544557073, -5.1331507513893335, 3.3392793397399503], [1.5011090130020275, -5.100609555609908, 0.44089675023453134], [0.4551368003138041, 5.464749231315329, 0.24579704911050312], [2.3192178814827953, 7.382028692119302, 1.4736223020634918], [2.48881521212903, 4.776649890281282, -1.766795888206979], [4.352833890203339, 6.694025048024035, -0.538602646192084], [-3.9293245909519507, 1.2992503784762965, 1.1198569524851913], [-5.085246633466737, 3.803182833141596, 1.8697972956447295]]",[-81777.7890625],"[[-0.7047947867122556, -0.02131321254439759, -0.2740988771279425], [9.920416755915522e-05, -0.1280595199817842, 0.10762093550861573], [0.2061266367978692, 0.29217775324069556, 0.16796347442291895], [0.11012657976492903, 0.12422507745700798, 0.01657895026572827], [-0.019907939341340126, 0.018307467878653186, -0.03779762843696917], [0.22206830794046414, -0.1320565591601295, -0.015935212527892793], [-0.024884538510988322, 0.044576993577571514, 0.04755581877837493], [-0.15024835818598753, -0.008659248822295788, 0.002455745801308917], [-0.0789754880638075, 0.003542931716063279, 0.0279079003853073], [0.14086485491486367, 0.17030045421885695, 0.0570160438101329], [-0.12292471560518761, -0.21238470534289203, -0.030717032683903838], [0.01866176094741533, 0.07106471349547293, 0.0944326088374645], [-0.04200373441304251, 0.5120531146637313, 0.266837203621595], [0.4418518809300334, -0.7278761067378838, -0.41933826079542447]]","tensor(-6, dtype=torch.int32)",
"['Bi', 'Bi', 'Bi', 'Bi', 'Bi', 'Bi', 'Bi', 'Bi', 'Bi', 'Bi', 'Bi', 'Bi', 'Bi', 'Bi']","[[0.213466, 0.927276, -1.850488], [-1.184881, 1.57989, 0.654913], [1.185028, -1.580014, -0.654902], [-0.213613, -0.927152, 1.850477], [2.064762, 6.723081, -1.353433], [0.53365, 4.210923, -1.297976], [3.850424, 5.589369, -3.399397], [2.31895, 3.077228, -3.343809], [1.935141, -4.827223, 0.401241], [3.307187, -7.295787, -0.424589], [4.473539, -3.765828, 1.445194], [5.845419, -6.234602, 0.619086], [-2.858375, 1.968532, -2.516363], [-5.147152, 0.454356, -1.718231]]",[-81777.859375],"[[-0.48803555261674525, 0.06187532862005543, -0.5161271327131687], [-0.1596621490690507, 0.1701550839659664, 0.06342303073236519], [0.15203748701825523, -0.5546052553990332, 0.13003968188426357], [0.0054436660274496985, 0.054486076904503286, -0.02872884893513832], [0.31319545330921367, 0.3922523425439889, -0.1545267276273552], [-0.1663312858141468, -0.054359835669679696, 0.07213876672225923], [0.09482387953228028, 0.37690588211140735, 0.08851886261764684], [-0.0011458276679897287, -0.09590508042979588, -0.05556866619849151], [-0.08642140692427841, 0.07680254474000281, 0.12882658332185082], [0.07049495672079048, -0.14798918001460679, -0.05477126382439397], [-0.05897522549924853, 0.07096408046225511, -0.0020437139512395125], [0.05833579179047811, -0.06822713963802468, -0.017900405459513862], [-0.1214005648108205, -0.6362347404533559, 0.6539265110607111], [0.37472368281111873, 0.36378944352428194, -0.3042596307673665]]","tensor(-6, dtype=torch.int32)",
"['Bi', 'Bi', 'Bi', 'Bi', 'Bi', 'Bi', 'Bi', 'Bi', 'Bi', 'Bi', 'Bi', 'Bi', 'Bi', 'Bi']","[[0.332014, 1.459599, -1.445355], [-1.810886, -0.482774, -0.903618], [1.811, 0.482823, 0.903766], [-0.332128, -1.459648, 1.445208], [3.487416, 4.631168, -0.433032], [2.758292, 7.206487, -1.655499], [2.733674, 3.24015, -2.914321], [2.004709, 5.815786, -4.136639], [-3.764156, 1.042105, 1.430138], [-2.720645, 1.906699, 4.04201], [-4.371128, -1.610329, 2.550871], [-3.327607, -0.745355, 5.162812], [5.492118, -0.297898, 2.826901], [5.000608, 1.548831, 0.701753]]",[-81777.40625],"[[0.06646655006658267, 0.3867878197161952, -0.2879970857733258], [-0.3248546926652063, -0.2556201942531718, 0.5013977373795212], [0.7001894241905444, 0.7186756661127771, -0.03664422578066911], [-0.4889981741710824, -0.47711355178770415, -0.017378126701985238], [0.18810926150664323, -0.2566200454018112, 0.09536453140312966], [-0.11250315457138196, 0.23988380010015553, -0.001034356914750955], [0.2524137697328357, -0.08302878301033899, -0.017706189361833526], [-0.005884944706324913, 0.07018395591092773, -0.06398954791527824], [-0.016390056354526242, 0.06738335453732394, -0.1888121500764207], [0.0757925634393225, 0.041551055456464495, -0.017698969700176], [0.10583535480066687, -0.15572203414608204, -0.049921790349544505], [0.013327186887248012, -0.019306306012088582, 0.022903970373985477], [0.16961859728453482, 0.37520031417795363, -0.2527989211987537], [-0.6209623792547381, -0.6547451507586303, 0.323920713215878]]","tensor(-6, dtype=torch.int32)",
"['Bi', 'Bi', 'Bi', 'Bi', 'Bi', 'Bi', 'Bi', 'Bi', 'Bi', 'Bi', 'Bi', 'Bi', 'Bi', 'Bi']","[[1.008555, 0.191283, -1.809956], [1.803168, 0.174935, 1.023176], [-1.803336, -0.175019, -1.023221], [-1.008387, -0.191199, 1.810001], [0.401581, -0.279494, 5.172587], [-1.619711, -2.274239, 4.402076], [1.197631, -1.965773, 7.449126], [-0.823781, -3.960515, 6.678249], [-2.493436, 3.127587, -1.583901], [-4.658875, 1.485031, -0.456428], [-4.161991, 3.712216, -3.936345], [-6.327428, 2.069603, -2.808491], [3.525837, -7.465973, 7.628178], [2.629257, -4.959095, 6.588969]]",[-81777.796875],"[[0.29443677714580163, 0.006215347071339995, -0.4204367909378018], [0.07841262184939649, 0.08888442226667369, 0.29256177342059886], [-0.3367592668201168, 0.06658523225394432, -0.45567192799621836], [0.15709628954349977, 0.0017661956078658273, 0.40753195425751915], [-0.13105459970573535, 0.08926474005598338, -0.3485238186196608], [-0.1530955993966524, 0.31902486729884366, -0.211687370359005], [0.15518472471118522, -0.2454833573404326, 0.467551511014622], [0.43263621936581964, -0.5552655150548925, 0.43190612850959753], [0.27075047621276005, -0.11396904413599138, 0.0019245828490183883], [-0.2248724060162952, 0.012854741278667472, 0.20939996145934806], [-0.05198706609800353, 0.03489574611179368, -0.04671581834361431], [-0.07551632396336636, -0.0431083992109451, -0.06003652604732353], [-0.2201175080522757, 0.34593049969720735, 0.11357504807032198], [-0.20276861995156165, -0.019677563228862254, -0.3801125123201098]]","tensor(-6, dtype=torch.int32)",
"['Bi', 'Bi', 'Bi', 'Bi', 'Bi', 'Bi', 'Bi', 'Bi', 'Bi', 'Bi', 'Bi', 'Bi', 'Bi', 'Bi']","[[0.5957247915538839, 1.6285859431110976, -1.1500149991019755], [-0.03928181395488867, 1.2095616475182838, 1.6924309388967005], [0.03933285920808641, -1.2097164460436223, -1.692533646241517], [-0.595775836807082, -1.628431144585761, 1.1501177064467931], [-3.928216650672202, -2.118635637590609, 1.5595473555018549], [-4.209020095794096, -4.414098776153487, -0.25987894542070084], [-3.220601960808164, -0.39815086948930434, -0.7206001245035547], [-3.5016235388867156, -2.693908240519074, -2.5399067873525416], [1.580072011912899, -3.610447510055299, 2.9830783641205127], [3.8241780140843655, -5.153417784702383, 4.0973245857230385], [3.400867200427048, -2.372638562257377, 1.0305433945514326], [5.644887058270273, -3.9159305746375175, 2.1449833478907485], [2.271008330963569, -5.2030523492947935, -2.5191148257620637], [4.677007615938331, -4.667492164933803, -1.0725372254155934]]",[-81777.40625],"[[0.17880541105537345, 0.18277853896113508, -0.34169702174178707], [-0.000668226480507592, 0.17817842149276486, 0.3024150689203779], [-0.189467061834756, -0.1449122363208637, -0.6161564705758734], [-0.3318645007670056, -0.26664195393987394, 0.5519940415887106], [-0.04562161794134782, -0.3320917349896881, 0.2487282455852689], [-0.01413177292753897, 0.046275753226100336, 0.04718468497462104], [0.5838166029616554, 0.19092318120196564, -0.18714206338615566], [-0.09592487793505336, -0.08302034978732023, -0.15487881468838866], [-0.29841499583862946, 0.14324204678641556, -0.02384848106766889], [0.33660736596159585, -0.2985994983032107, 0.2933794875208697], [-0.15450960407085979, 0.12405091083283383, -0.5223260658528769], [0.1268633907095921, -0.3513262197664698, 0.011049337354415375], [-0.30891219876914605, 0.12634269061027492, 0.009370205518241815], [0.20901573559107842, 0.4840278690654433, 0.37554725902982933]]","tensor(-6, dtype=torch.int32)",
"['Bi', 'Bi', 'Bi', 'Bi', 'Bi', 'Bi', 'Bi', 'Bi', 'Bi', 'Bi', 'Bi', 'Bi', 'Bi', 'Bi']","[[0.150739, -1.94667, 0.719353], [1.043228, 0.694429, 1.660828], [-1.043375, -0.694433, -1.660952], [-0.150592, 1.946674, -0.719229], [-2.948471, -5.947352, -0.621006], [-3.891873, -6.226602, 2.152137], [-3.08604, -3.018315, -0.37266], [-4.029361, -3.297895, 2.400665], [-1.294496, 6.222163, -3.778238], [1.619379, 6.168876, -4.184203], [-0.926484, 5.280633, -1.014554], [1.987534, 5.227568, -1.420801], [7.063013, 5.11739, -0.703546], [5.099658, 5.433389, -2.756258]]",[-81777.4296875],"[[-0.15293007168386333, -0.040140871443661345, -0.02416804365577936], [0.21870982829533242, 0.034050356641835706, 0.33965062818535546], [-0.10818251617073729, -0.37033501298331656, -0.3142471893482552], [0.19347896199756734, 0.5478303948336529, -0.05681385214604885], [0.0044430291492509105, -0.3106549448748106, -0.10428904108482971], [0.009918606698291983, 0.010398405665968157, -0.006199236530048658], [-0.028308781869038964, 0.021104243448643572, -0.11429248909201598], [-0.05362372842874295, 0.050768912743988655, 0.2825076232311169], [-0.05971626926097675, 0.030783588297033038, 0.09358141895557656], [0.11396868418135034, 0.01694441221278112, -0.2745354506854384], [-0.44726760419291967, 0.15180053402026455, -0.0618876699220341], [0.6742469789895252, -0.17217525225569336, 0.09983619648673843], [-0.5659212008716521, 0.11669168961876317, -0.7137612568206833], [0.20876803537594799, -0.08720363978136049, 0.8644156438417694]]","tensor(-6, dtype=torch.int32)",
"['Bi', 'Bi', 'Bi', 'Bi', 'Bi', 'Bi', 'Bi', 'Bi', 'Bi', 'Bi', 'Bi', 'Bi', 'Bi', 'Bi']","[[0.331824, 1.304092, 1.587121], [-2.041889, 0.383507, 0.111883], [2.042045, -0.38362, -0.111889], [-0.33198, -1.303979, -1.587115], [-2.271805, 2.611607, -5.644257], [-2.414506, 2.065885, -2.756327], [0.384431, 3.825709, -5.283389], [0.24149, 3.279708, -2.395344], [-2.289447, -4.233271, 4.730428], [-2.57148, -2.850536, 2.14841], [0.61046, -3.735409, 4.680076], [0.328079, -2.352533, 2.097971], [2.133238, 0.887834, 4.334015], [4.442008, 0.043873, 5.791944]]",[-81776.90625],"[[0.2009584594838386, 0.5583930066646566, -0.03248626116673093], [-0.32696474677101134, -0.10043886340003069, -0.1451464125259092], [0.24057172484128386, 0.016703818530706734, -0.3857541328312975], [0.09276663591452572, 0.010698978075658935, 0.1066021610302756], [0.20533016002142007, 0.1053415484552449, -0.5500898815375832], [0.10293879980417886, 0.07259421218736414, 0.49739761287568124], [-0.2196298209357515, 0.02666961014023054, -0.20811183806532318], [-0.10903185485732844, -0.22555369730761, 0.34656242578060736], [0.047079814761057194, -0.3114932278117125, 0.3604545151970929], [-0.1558341343057217, 0.2565946428885718, -0.3896038991393639], [0.005913406834013247, -0.0839763378918438, 0.5278811944060308], [0.04670948828414108, -0.0919661996370251, -0.1877918843574248], [0.20437905701559636, -0.39773146924579067, 0.4643273972947832], [-0.3334863535353706, 0.1520157354735178, -0.4196175341747837]]","tensor(-6, dtype=torch.int32)",
"['Bi', 'Bi', 'Bi', 'Bi', 'Bi', 'Bi', 'Bi', 'Bi', 'Bi', 'Bi', 'Bi', 'Bi', 'Bi', 'Bi']","[[-1.948624, -0.006035, -0.729756], [0.724818, -0.254868, -1.933542], [-0.724835, 0.254825, 1.933729], [1.948641, 0.006078, 0.729569], [2.624538, 3.312353, -8.060383], [0.241794, 2.012483, -6.92408], [3.925131, 3.23444, -5.421776], [1.542154, 1.934385, -4.285718], [0.777699, 4.683935, -2.454352], [3.271671, 6.236136, -2.624906], [0.80543, 4.961622, 0.475149], [3.29948, 6.513996, 0.30426], [9.142672, 4.889455, -1.808076], [6.334596, 5.385786, -1.616734]]",[-81777.2265625],"[[-0.11800475272720325, -0.04000289568753969, -0.0019932673367389062], [-0.03918779897173022, -0.2577936003758007, 0.16614030416602674], [-0.01966334502054098, 0.07218314398729091, 0.06442005366596788], [0.05276554514240041, -0.006678629263201367, 0.03031655743469564], [0.04108018850609539, -0.14131721505447392, 0.037550941237042806], [-0.29185112011499315, -0.0020429950703992547, -0.35762666011495287], [0.31535183871953026, 0.4682810362278368, -0.049269639957526895], [-0.029520039520573246, 0.19029269493712977, 0.30209784603743417], [-0.3492485615783589, -0.17585008060821194, -0.05949417724745207], [0.45548356887476876, -0.15777850643246294, -0.4587719087869883], [-0.1668046261671208, -0.2588771152674373, 0.014409837887746127], [0.4102090911892446, -0.03071102658360755, 0.04951899082179699], [-0.5629294635836535, -0.05629947696399574, -0.07405938184269148], [0.3095528666081144, 0.3816454562921367, 0.3441147856435939]]","tensor(-6, dtype=torch.int32)",
"['Bi', 'Bi', 'Bi', 'Bi', 'Bi', 'Bi', 'Bi', 'Bi', 'Bi', 'Bi', 'Bi', 'Bi', 'Bi', 'Bi']","[[1.6800334291818069, -0.10875145528390806, -1.2228554687025572], [-1.1554640469993316, -0.8395997967589013, -1.5129044716583528], [1.1555078803558705, 0.8397319364494291, 1.5130376434986264], [-1.6800772625383478, 0.10861931559338028, 1.2227222968622848], [-1.282579206663085, 1.0997564411154133, -5.3384655970086765], [-3.4920001724243153, 0.49622330724535146, -3.4911647519491344], [-2.623319189521542, 3.59835502314641, -6.125409268050256], [-4.83266619618797, 2.994579410594354, -4.2778182469388515], [-1.510439725110958, -2.4071313349254813, 3.4900605450943645], [1.375430188658156, -2.4030139509142536, 2.915559415649736], [-0.9418370700824135, -2.8569201884203137, 6.34211943738977], [1.9441482429102401, -2.852626162025788, 5.767295897511642], [-6.2414728987642505, -0.672610745151032, -7.767937981873498], [-3.672236354235613, 0.5789855825134923, -7.740112902696298]]",[-81777.6796875],"[[0.17980911886088127, 0.16622263093464285, -0.24785504704818564], [-0.1697219556886063, 0.03901259876351537, -0.4061003632279922], [-0.054191274053487545, -0.2839240447436284, 0.0955182834569474], [-0.12121714221016236, 0.10250099211648515, 0.12802249607584815], [-0.03606808752442185, -0.3696027109771565, -0.16719337717944927], [-0.01501639745337083, -0.2450339796821339, 0.2165420786027771], [-0.2068955513332326, -0.05746953523575785, -0.36113400671520246], [-0.13907829718717485, 0.1773650268481866, 0.31847773624445547], [-0.05884173374951246, 0.15016047783148098, -0.26605774755745815], [-0.12080298868459445, 0.30487535889191947, -0.23153228678490728], [0.34949163380524734, -0.21031542895570826, 0.5125011039255574], [-0.15403472105513846, -0.14123550535095672, 0.40272897663787444], [0.36393522515390514, 0.2203783723228501, 0.23925758186892063], [0.1829154245689153, 0.15050418309158728, -0.22397483340780408]]","tensor(-6, dtype=torch.int32)",
"['Bi', 'Bi', 'Bi', 'Bi', 'Bi', 'Bi', 'Bi', 'Bi', 'Bi', 'Bi', 'Bi', 'Bi', 'Bi', 'Bi']","[[-1.850088, 0.945693, 0.112043], [-0.85748, -1.547655, -1.094713], [0.857583, 1.547731, 1.094857], [1.849985, -0.945768, -0.112187], [4.442265, 0.243466, -2.807472], [4.669673, -2.272694, -1.298984], [6.691672, -0.578642, -4.51749], [6.91877, -3.094922, -3.008809], [4.063115, 4.957867, -6.655932], [3.52431, 2.670085, -4.885605], [1.393797, 4.656491, -7.857503], [0.855198, 2.368686, -6.086851], [-1.485988, -3.550645, 3.060751], [-2.73172, -1.011788, 2.647713]]",[-81777.625],"[[-0.21411279615245687, -0.2735787426716327, 0.22474688469075374], [0.16420745058779895, -0.0036479371697279717, -0.0898830392851153], [0.11535810909578352, 0.07427545747150155, 0.19129249466367768], [-0.3756506174339008, 0.06444581613384838, -0.054841557823580876], [-0.22941518785255616, 0.11912282326438019, 0.12322851732222949], [0.10870465608861865, -0.41058267268455756, 0.254393211726033], [0.045354896694542735, -0.04622118924472709, -0.060571675754374076], [0.22757756798793055, -0.040567613097247504, -0.1776546874900446], [0.051744199559481396, 0.21158504039676507, -0.21101682628483], [-0.025569758450099643, 0.04214377219503644, -0.010063750693979589], [0.026861419684025032, 0.052189052073721265, -0.0019930194822575012], [-0.04670995108296528, -0.09327185796427798, 0.04363395869791639], [-0.3267844094958478, 0.860615551274167, -0.10625578182140728], [0.47108354021882903, -0.5640730909003446, -0.120970161904314]]","tensor(-6, dtype=torch.int32)",
"['Bi', 'Bi', 'Bi', 'Bi', 'Bi', 'Bi', 'Bi', 'Bi', 'Bi', 'Bi', 'Bi', 'Bi', 'Bi', 'Bi']","[[0.57777, -0.977672, 1.743575], [-1.945213, 0.142257, 0.724442], [1.945348, -0.142303, -0.724572], [-0.577905, 0.977717, -1.743446], [5.447366, 2.869912, 0.590246], [3.213743, 2.91797, -1.324677], [3.685275, 3.973102, 2.673001], [1.451675, 4.020923, 0.757774], [1.018838, -6.410761, 4.912824], [0.605633, -4.0159, 3.253843], [-0.739783, -7.95171, 3.126042], [-1.152721, -5.556572, 1.467082], [6.913461, -2.429751, 1.062035], [6.033093, -0.004812, 2.29202]]",[-81777.578125],"[[0.09283410169867583, 0.07362841329317761, 0.18213026065261329], [-0.04900859056742284, 0.1516566035859382, -0.010509297406455764], [0.37979585508017344, 0.06849371176076419, -0.2775164407562972], [-0.14199670657258345, 0.1014887482437754, -0.19001671257163152], [0.6081356527315622, -0.30881645083462816, 0.38901192802111983], [-0.6910527469589942, -0.41935672132630086, -0.011512768670342323], [0.025981279164578763, -0.08714039060871975, 0.1906523410456252], [0.026225184429350765, -0.03538553639186342, -0.11018458388422882], [-0.025417801027277972, -0.403964752342673, 0.2237619459486718], [0.0015563029713470719, 0.15164354237467742, -0.15823755144397827], [0.0669305315988895, 0.028847088892512397, 0.06857285035970248], [-0.023351923640347494, 0.11964522029271944, -0.061689334914818386], [-0.27671029662663144, 0.6217594216741946, 0.2090410866822263], [-0.006189188653354349, -0.04789288030424933, -0.4520139146676457]]","tensor(-6, dtype=torch.int32)",
"['Bi', 'Bi', 'Bi', 'Bi', 'Bi', 'Bi', 'Bi', 'Bi', 'Bi', 'Bi', 'Bi', 'Bi', 'Bi', 'Bi']","[[0.311617, -1.499319, 1.408777], [0.619761, -1.290162, -1.510061], [-0.61976, 1.290326, 1.510162], [-0.311618, 1.499155, -1.408878], [-0.492587, 5.149639, 6.021666], [-1.056282, 7.634409, 4.549769], [0.315879, 3.845725, 3.510481], [-0.247814, 6.330823, 2.038786], [-3.346762, 4.390063, 0.023624], [-3.976416, 1.895746, 1.45199], [-3.223317, 2.905414, -2.514178], [-3.853149, 0.411128, -1.085471], [-4.458963, -3.99932, -1.127953], [-1.994395, -3.820463, 0.30807]]",[-81777.6640625],"[[-0.3240138900458171, -0.6082451817866231, 0.16641371542694608], [-0.06289204621473243, -0.6808768292566558, -0.08818374484683408], [-0.2930604134426292, 0.6947705641800719, 0.10612810076801953], [-0.08065261958061869, 0.6189764580780021, -0.25789407914274376], [-0.06637553296448989, 0.12986566952636416, 0.33171182857711096], [0.025489046335159065, 0.0415367549727967, 0.052758500315854245], [0.1465030301459157, 0.017985154208643297, -0.08286346098591624], [-0.12963493860145442, -0.12968399527681967, -0.13490431459171018], [0.28948518968149684, 0.05608293853636146, 0.08024098573753809], [0.004855976826771316, -0.14802959777858696, 0.1077592609349601], [0.2352781804679865, 0.10764407544982575, -0.17357007648974218], [-0.22066397061947338, -0.6916358734774869, 0.10075063554126713], [0.15650257007414203, 0.22011329144076636, 0.38200715928429524], [0.3189212003622227, 0.3631778291670552, -0.5947165437134098]]","tensor(-6, dtype=torch.int32)",
"['Bi', 'Bi', 'Bi', 'Bi', 'Bi', 'Bi', 'Bi', 'Bi', 'Bi', 'Bi', 'Bi', 'Bi', 'Bi', 'Bi']","[[-0.767041, -1.455116, 1.274363], [1.933787, -0.554228, 0.53123], [-1.933931, 0.554352, -0.531257], [0.767186, 1.454992, -1.274336], [1.648534, -3.883233, 1.456443], [0.88877, -5.318173, -0.997537], [4.342278, -5.058841, 1.309648], [3.582218, -6.493641, -1.144534], [-4.280027, -2.707968, 5.855578], [-1.710387, -2.059427, 4.57704], [-3.635578, -0.885827, 8.074664], [-1.06591, -0.237345, 6.795747], [2.606223, 6.087549, -4.610466], [2.551678, 3.430397, -3.559366]]",[-81777.5390625],"[[-0.051378197680466975, -0.0017965536680706353, -0.04174306554641614], [0.36665601944138015, -0.5561623163320101, 0.37201091036992984], [-0.33436885947102946, 0.29613807704565437, -0.1064636299155649], [-0.01406072816581503, 0.4407953626364752, -0.5668138883814433], [-0.06505115699590269, 0.13855924259478816, 0.02271034563035829], [-0.04863786299819242, 0.04891443157553466, -0.08743581052483443], [0.28287657673818783, -0.16919467356156714, -0.06708006704119786], [0.0003804332319052808, 0.035990481303812584, 0.15369230134732165], [-0.20661067294589136, -0.04580728768740792, 0.0759229698635639], [0.18551604542837286, -0.04989291684512355, -0.08603013622946265], [0.00863532212308462, -0.03354870842744811, -0.045010816053167944], [0.04910136116283842, 0.12355556182466454, 0.06104198220394498], [-0.12322841447804632, -0.8948081568479345, 0.3448623085888609], [-0.061644854805603555, 0.6708515782826406, -0.025766026289233933]]","tensor(-6, dtype=torch.int32)",
"['Bi', 'Bi', 'Bi', 'Bi', 'Bi', 'Bi', 'Bi', 'Bi', 'Bi', 'Bi', 'Bi', 'Bi', 'Bi', 'Bi']","[[0.834245, 1.741865, 0.774376], [-0.561491, 1.032312, -1.716964], [0.561461, -1.032426, 1.717117], [-0.834215, -1.741751, -0.774529], [2.605638, -4.097033, 2.762897], [3.250702, -6.794899, 1.7812], [-0.131002, -4.370664, 1.716097], [0.514357, -7.068712, 0.734568], [5.882432, 4.804423, -1.695048], [6.412932, 2.335061, -3.204729], [3.452561, 3.590179, -0.563147], [3.983424, 1.120755, -2.072941], [3.552406, -1.075758, 5.230999], [3.297315, 0.582447, 2.917229]]",[-81777.7109375],"[[-0.14580286694699188, 0.6645539147271028, -0.22776479582336545], [0.17634666374657912, 0.3336825802368316, -0.0017386693622442105], [0.18681615016973532, -0.3493455436430747, 0.3399718619914422], [0.06950621274393183, -0.2796657299179761, -0.011095550388116378], [-0.022235694014049057, 0.23520685802696803, 0.09588888247094887], [0.012852766670350882, -0.26817170974222304, -0.08738063462057141], [-0.22262978575840253, -0.11628920890798342, 0.20240444869900737], [0.11698412705356633, -0.19318379919191056, -0.06355138027294346], [0.3324772978323387, 0.11332750212146628, -0.23333134008084958], [0.10176827873359254, 0.12203691319409625, 0.014527440211184644], [-0.17478230087659816, -0.22521009489168686, 0.15313046357474216], [-0.2854644963410257, 0.027163627316227987, 0.16056275558094496], [-0.14937546818145372, 0.5268054442502225, -0.8819624041508748], [0.01002959099854443, -0.5803312135945096, 0.5309315528784281]]","tensor(-6, dtype=torch.int32)",
"['Bi', 'Bi', 'Bi', 'Bi', 'Bi', 'Bi', 'Bi', 'Bi', 'Bi', 'Bi', 'Bi', 'Bi', 'Bi', 'Bi']","[[0.150739, -1.94667, 0.719353], [1.043228, 0.694429, 1.660828], [-1.043375, -0.694433, -1.660952], [-0.150592, 1.946674, -0.719229], [-2.948471, -5.947352, -0.621006], [-3.891873, -6.226602, 2.152137], [-3.08604, -3.018315, -0.37266], [-4.029361, -3.297895, 2.400665], [-1.294496, 6.222163, -3.778238], [1.619379, 6.168876, -4.184203], [-0.926484, 5.280633, -1.014554], [1.987534, 5.227568, -1.420801], [7.063013, 5.11739, -0.703546], [5.099658, 5.433389, -2.756258]]",[-81777.4296875],"[[-0.15293007168386333, -0.040140871443661345, -0.02416804365577936], [0.21870982829533242, 0.034050356641835706, 0.33965062818535546], [-0.10818251617073729, -0.37033501298331656, -0.3142471893482552], [0.19347896199756734, 0.5478303948336529, -0.05681385214604885], [0.0044430291492509105, -0.3106549448748106, -0.10428904108482971], [0.009918606698291983, 0.010398405665968157, -0.006199236530048658], [-0.028308781869038964, 0.021104243448643572, -0.11429248909201598], [-0.05362372842874295, 0.050768912743988655, 0.2825076232311169], [-0.05971626926097675, 0.030783588297033038, 0.09358141895557656], [0.11396868418135034, 0.01694441221278112, -0.2745354506854384], [-0.44726760419291967, 0.15180053402026455, -0.0618876699220341], [0.6742469789895252, -0.17217525225569336, 0.09983619648673843], [-0.5659212008716521, 0.11669168961876317, -0.7137612568206833], [0.20876803537594799, -0.08720363978136049, 0.8644156438417694]]","tensor(-6, dtype=torch.int32)",
"['Bi', 'Bi', 'Bi', 'Bi', 'Bi', 'Bi', 'Bi', 'Bi', 'Bi', 'Bi', 'Bi', 'Bi', 'Bi', 'Bi']","[[-0.778161, 1.918878, 0.205154], [1.622308, 0.530783, 1.18966], [-1.622393, -0.530854, -1.189817], [0.778246, -1.918806, -0.204996], [-1.615524, 3.958893, 2.802299], [0.517041, 4.214354, 4.813572], [-1.351472, 6.818406, 2.159397], [0.781281, 7.073545, 4.17077], [2.87765, 4.966895, -5.401516], [3.649874, 3.965843, -2.744473], [0.295426, 3.573699, -5.175721], [1.067923, 2.572843, -2.518489], [2.98551, -1.80159, -3.102569], [3.845808, 0.800327, -3.91384]]",[-81777.8359375],"[[-0.1288193328069383, 0.5597896306719108, 0.12599949957108442], [0.14444876900947265, 0.09623207351013936, 0.14604763610290236], [-0.16036997415961965, -0.38656639618986105, -0.2382562394796254], [0.1924384873965814, 0.05655818150672384, -0.4371637802629735], [-0.07933081471661037, -0.05928566066610393, 0.06063615905721268], [0.06645904244121231, -0.13573591265670698, 0.10006353355360406], [-0.09292840981462959, 0.14720483885177005, -0.08115485914905943], [0.11099931550318809, 0.09109392669759023, 0.02470911204557053], [0.08713457991237146, -0.05470940304822584, 0.11239614519880849], [0.5624846624915052, 0.32195386963511735, 0.11839360658371485], [-0.11888792715005263, 0.11468689653441799, -0.3805381843941911], [-0.25398558880609545, -0.7795820482612313, 0.3729932265853413], [0.26778018193694936, 0.4647417565087174, 0.21116173373889635], [-0.5913257709947671, -0.4275381303626097, -0.12570037726437613]]","tensor(-6, dtype=torch.int32)",
"['Bi', 'Bi', 'Bi', 'Bi', 'Bi', 'Bi', 'Bi', 'Bi', 'Bi', 'Bi', 'Bi', 'Bi', 'Bi', 'Bi']","[[1.0460236275233181, -1.0030270099647713, 1.493146371751473], [0.48661662116544435, -1.5049497241630831, -1.3517527565115173], [-0.48662859154443405, 1.5051319368932103, 1.351814175002272], [-1.0460116571443292, 1.002844797234645, -1.4932077902422287], [1.2440634330244555, -1.8283431430865333, -7.754306245726287], [-0.1896955888053733, -0.9951987393134132, -5.323561682929714], [1.9389390097373667, -4.382613556588332, -6.468728747186331], [0.504910322147876, -3.5491966970894033, -4.038023123515849], [3.8483639438598702, 5.425602386500113, -1.8600379698781713], [3.1303419205810825, 6.668692822355017, 0.7085188626942951], [2.013245137575362, 3.195917832936317, -1.2937300363517779], [1.2952817379016683, 4.439387495370831, 1.2748617028710956], [3.1858109437522053, 0.8335608714629223, -8.143237077658489], [0.9611610653712681, 2.603493478173399, -7.8491018867704625]]",[-81777.734375],"[[0.07127019617341797, -0.09874995622424819, 0.42335350339418837], [-0.010958258545812708, -0.005748305924584283, -0.12134760005649532], [-0.05203550570826984, -0.09463454339109066, 0.07789793813479391], [0.17037727882367423, 0.14422441442391856, -0.2028222531930773], [0.14757538644367993, 0.5051071213775802, -0.3506601494142621], [-0.09514835293013643, 0.3142235866082209, 0.25755145374656063], [0.38539484667744317, -0.36513058309472357, 0.07272508141042974], [-0.2144648832134903, -0.018335472349726475, -0.2468294334316657], [0.22963342320921248, 0.3705032146448677, 0.06842701730798774], [0.3621093809482509, 0.2886202701011576, -0.2662079000648654], [-0.3722042574342625, -0.23808089014734493, 0.10967098003354939], [-0.29112653142256983, -0.3051034158680672, 0.028448228296979745], [-1.1109228664476083, 0.20052959924007943, 0.21059182269793916], [0.7709775896775117, -0.7040980173713759, -0.05896828351688552]]","tensor(-6, dtype=torch.int32)",
"['Bi', 'Bi', 'Bi', 'Bi', 'Bi', 'Bi', 'Bi', 'Bi', 'Bi', 'Bi', 'Bi', 'Bi', 'Bi', 'Bi']","[[-1.60742, -0.723945, -1.105359], [-0.971049, 1.827489, 0.215069], [0.971196, -1.827603, -0.215115], [1.607272, 0.72406, 1.105405], [1.047332, -5.818816, -2.729055], [2.944732, -6.91053, -4.695358], [3.135064, -4.00629, -1.721095], [5.032316, -5.098174, -3.68771], [-1.657297, -3.981513, 5.080259], [0.906944, -2.889195, 6.023563], [-1.858204, -1.806443, 3.108314], [0.706276, -0.714367, 4.0518], [0.327421, 0.530019, -3.555913], [-1.60538, 2.594197, -3.141556]]",[-81777.828125],"[[0.10381719197251148, 0.15852767488466046, -0.8138235048219978], [-0.3853769517895741, 0.3164547911617834, -0.09698576710639573], [0.21778397353647347, 0.033107064651722695, 0.2599051457222614], [0.20624413627712457, -0.051586230894154275, -0.015557368141187997], [-0.11732428418935373, 0.03244802369943365, 0.06411743465703232], [0.03693086280354229, 0.048071525792599906, 0.022219850867633926], [-0.07032058440825004, 0.10458518091022649, 0.15583243737669966], [0.22511984912096777, -0.15770764679026866, -0.2679711121629779], [0.12412706695046062, -0.03362250941328062, 0.17884109798692846], [-0.06963404806359433, -0.3556007839730608, 0.3256254583958665], [0.06566004598227587, 0.20506945001712043, -0.3649243290854049], [-0.01173651647521581, 0.16252445695254789, -0.2797578783060836], [-0.41044563281050267, -0.7393319202995946, 0.42511368158889773], [0.07997045411374709, 0.2769663272205975, 0.40056266676388325]]","tensor(-6, dtype=torch.int32)",
"['Bi', 'Bi', 'Bi', 'Bi', 'Bi', 'Bi', 'Bi', 'Bi', 'Bi', 'Bi', 'Bi', 'Bi', 'Bi', 'Bi']","[[-0.546674, -1.906423, 0.629615], [2.006208, -0.542133, 0.100632], [-2.006361, 0.542244, -0.100594], [0.546827, 1.906312, -0.629653], [-5.761361, 4.15135, -0.308052], [-6.851163, 3.907169, -3.030371], [-5.254228, 1.253169, -0.251316], [-6.34403, 1.009305, -2.973853], [-5.954751, -4.678514, 1.519862], [-5.684534, -3.325673, 4.118923], [-3.125172, -4.120265, 0.935315], [-2.855209, -2.767516, 3.534649], [5.223653, -1.281657, -1.000613], [7.428761, -2.010921, 0.664895]]",[-81777.46875],"[[-0.45064721831768995, -0.46353647410422444, 0.18005342521796755], [0.5997199132239334, 0.1500525428612591, 0.019443741836248668], [0.0740312539585984, -0.06301885309256339, 0.1803405661773382], [0.3456294233510191, 0.24750645668937946, -0.2390977105862051], [0.001043580495317272, 0.08033575665231604, 0.08082766038034964], [-0.011637261554052269, 0.05334574060167315, -0.08019506580975909], [-0.16426504333036615, -0.045093538771889215, 0.04656411288904137], [-0.06881047184488367, -0.057284004329345016, -0.0936922335629268], [-0.19591220394893905, 0.05175268420459174, 0.042253728053457326], [-0.04267517323161098, -0.026536637753619412, -0.03417877303113304], [0.20812345945801977, -0.10496087071129417, 0.00013625039068294322], [0.10933190276168513, 0.040375001368824395, -0.09507296814388332], [0.5251157143209747, -0.12179080706380471, 0.519562642651484], [-0.9349934929741832, 0.2620919730107921, -0.5251254845183745]]","tensor(-6, dtype=torch.int32)",
"['Bi', 'Bi', 'Bi', 'Bi', 'Bi', 'Bi', 'Bi', 'Bi', 'Bi', 'Bi', 'Bi', 'Bi', 'Bi', 'Bi']","[[2.080752, -0.003535, -0.01319], [-0.007905, 1.316136, -1.611406], [0.007856, -1.316196, 1.611582], [-2.080703, 0.003595, 0.013014], [1.596562, -3.496753, 4.140913], [-0.974434, -4.249252, 2.923522], [2.98006, -5.444228, 2.422444], [0.408777, -6.19647, 1.205076], [-4.875126, 5.618594, 2.222387], [-4.619624, 4.811388, -0.595671], [-2.383971, 4.18688, 2.858156], [-2.128655, 3.379887, 0.039836], [-6.921607, -2.642764, 0.987814], [-5.011718, -0.565685, 1.442031]]",[-81777.046875],"[[0.35061037282961477, 0.16215709753031582, -0.29405177994615833], [0.5752291136681565, -0.01781504992970381, -0.3267220859208555], [0.02983896961695731, -0.4253023492428968, 0.6535675848614978], [-1.0212046863880915, 0.04846131553117823, 0.22863542325586983], [0.1774822692169841, 0.10014436908156442, -0.0563510533218483], [-0.15493100811134017, -0.0165314053998554, -0.16334597628759542], [-0.048676439851294113, -0.016534141055127342, 0.024296784004253634], [0.0429366031451927, -0.09320248956273947, 0.030940389680881336], [-0.026267545948392586, -0.0810711954060623, -0.05837127303366682], [-0.3466795653052217, 0.3034025787670387, -0.17003059108225646], [0.1152453404489533, 0.05661633989229837, 0.23421168628866215], [0.003284557303163107, -0.06328465388392922, 0.027503897580616853], [0.5119241994801457, 0.48341306653853877, 0.06767044407460301], [-0.2189583512639281, -0.45021049049391937, -0.2013990439644775]]","tensor(-6, dtype=torch.int32)",
"['Bi', 'Bi', 'Bi', 'Bi', 'Bi', 'Bi', 'Bi', 'Bi', 'Bi', 'Bi', 'Bi', 'Bi', 'Bi', 'Bi']","[[-1.53699, 1.33358, -0.434675], [1.206124, 0.927692, -1.418998], [-1.206211, -0.927842, 1.419082], [1.537076, -1.33343, 0.434591], [2.333549, 1.031066, 2.644828], [3.210216, 3.431114, 4.104121], [2.560348, -0.553115, 5.114401], [3.43692, 1.847275, 6.573545], [-4.2039, 2.582125, -6.37704], [-3.758965, 0.451267, -4.397194], [-1.570588, 3.728174, -5.735088], [-1.125857, 1.596991, -3.755284], [-0.300036, 3.854957, 2.094602], [-1.210907, 4.767865, -0.455918]]",[-81777.1015625],"[[0.021051391822919874, 0.44882672200955975, -0.37338130911047923], [-0.1140133699789315, 0.1321900509098656, -0.22946229048844147], [0.18570661569976032, -0.4222696799700022, 0.34558838852194], [0.03877621655074121, -0.5569578160887192, 0.363584320800978], [-0.591527859814668, -0.2783243332370766, -0.41677620650465025], [0.2763348639360217, 0.8739446716320584, 0.2858458939942585], [-0.004244936340086522, -0.25379728110673744, 0.08847556521653831], [-0.062371963180514176, 0.07716193373804031, -0.16798455748046587], [0.14257726198649726, 0.04468501082313992, -0.0011446398176742807], [-0.212484104245912, -0.23480437731618828, 0.11389576765549297], [-0.17074571810982944, 0.47356115943523236, -0.3960645707252035], [0.21940052982940592, -0.04718153794261648, -0.06650840764912704], [0.08317127362610117, 0.03712135079958323, -0.03657999444607923], [0.20380343812247403, -0.28043783262301736, 0.4718118313018459]]","tensor(-6, dtype=torch.int32)",
"['Bi', 'Bi', 'Bi', 'Bi', 'Bi', 'Bi', 'Bi', 'Bi', 'Bi', 'Bi', 'Bi', 'Bi', 'Bi', 'Bi']","[[1.153087, 1.729123, 0.101188], [-1.731245, 1.153937, 0.01117], [1.731361, -1.154078, -0.011109], [-1.153203, -1.728982, -0.101249], [-4.274455, -1.076215, -1.386453], [-6.279701, 0.748168, -0.242369], [-6.218553, -1.936811, -3.421082], [-8.223669, -0.112131, -2.276789], [-5.636486, -6.142198, -7.500172], [-6.392118, -3.521826, -6.395189], [-8.38376, -6.518786, -8.485325], [-9.139109, -3.89816, -7.380281], [5.272561, 4.306075, 0.791084], [2.483691, 4.892371, 0.57497]]",[-81777.515625],"[[0.13498499585339582, 0.47480259157010446, 0.05737949515340506], [-0.46953285562520775, -0.08422830614057521, -0.08285415358734065], [0.4930712666228714, -0.13746081529659399, 0.0735235636484504], [0.10770794168756542, 0.22313727038018422, 0.011025832316355145], [0.23587184851525264, 0.15033341032545727, 0.28263972658438036], [-0.08864998895117034, 0.009859733545644516, 0.04285664179278916], [-0.13701611704862884, -0.09834058495319703, -0.12594499215401192], [-0.25093451042441606, 0.1313837525139251, 0.04226220241414936], [0.07841889534456899, -0.21564738563141428, -0.11494971484447233], [0.01880693579635788, 0.07277367528697079, -0.12918566378733884], [-0.006289148057172508, -0.03647604468795463, 0.020367472862725472], [-0.1056633993264306, 0.056634286202259035, -0.02016628907163634], [-1.1587006743953245, 0.39985684713488584, -0.0733165897298496], [1.1352989947391665, -0.9484717373976502, 0.023998505019847228]]","tensor(-6, dtype=torch.int32)",
"['Bi', 'Bi', 'Bi', 'Bi', 'Bi', 'Bi', 'Bi', 'Bi', 'Bi', 'Bi', 'Bi', 'Bi', 'Bi', 'Bi']","[[0.666984, -1.362285, -1.424439], [0.565037, 1.572631, -1.239544], [-0.565041, -1.57273, 1.239709], [-0.666979, 1.362384, 1.424274], [-5.652273, -5.323723, 1.915937], [-3.402729, -3.515789, 1.342146], [-7.498321, -3.441269, 0.608906], [-5.248423, -1.633489, 0.035108], [2.706144, 4.07457, 0.199217], [4.326059, 4.775166, -2.155216], [0.272888, 4.919973, -1.223603], [1.893148, 5.620399, -3.57807], [-3.221307, -2.47425, 5.622071], [-0.859307, -1.216533, 4.618405]]",[-81777.34375],"[[0.29678080176828575, -0.6566014882645902, -0.24631228145666734], [0.12707653527918225, 0.24718419444146117, 0.08270019584515662], [-0.32035870493228125, -0.08547606319271145, 0.30853409212977423], [-0.0603609480230881, 0.288844830375078, 0.30301449624190074], [-0.39240763726055394, -0.2044488367938675, 0.03545371180087732], [0.039065789775043484, 0.24899908574160937, 0.05970423649154753], [0.004082719181553242, -0.15106751210482247, 0.05782085096541764], [0.2526319536674005, 0.02195961908878596, -0.011762844586103664], [-0.1362604179908009, -0.22124843411234713, 0.02304888811247014], [0.161344628483386, 0.047197170258456135, -0.11852560709279517], [-0.16072823187164245, 0.313465573556272, 0.08736263688851915], [-0.0012325412552383526, 0.05879555671127556, -0.08026412567874812], [0.9241819982199428, 0.36626315466172543, -0.6447450966094882], [-0.7203566542864567, -0.2778968099676985, 0.12901005734460053]]","tensor(-6, dtype=torch.int32)",
"['Bi', 'Bi', 'Bi', 'Bi', 'Bi', 'Bi', 'Bi', 'Bi', 'Bi', 'Bi', 'Bi', 'Bi', 'Bi', 'Bi']","[[1.523958, 0.485775, -1.330898], [0.891514, 1.190227, 1.455152], [-0.891591, -1.190389, -1.455221], [-1.523881, -0.485613, 1.330968], [-0.944833, -1.450445, 4.546804], [-3.754863, -1.036452, 3.778265], [-0.818709, -3.821138, 2.807907], [-3.628884, -3.406791, 2.03941], [-0.989427, -2.198784, -4.960817], [-2.663902, -3.718344, -3.077898], [-1.80093, -4.003697, -7.1388], [-3.475519, -5.523077, -5.25556], [2.879903, 3.602955, 0.125553], [1.449668, 5.504593, -1.457623]]",[-81777.40625],"[[0.6187836252345852, 0.06637656140632146, -0.08112873672653788], [0.8656122359127856, 0.732423362296112, 0.3978905177750409], [-0.2109807793986339, -0.004272716610840533, -0.4716618844828049], [-0.5375295214487805, -0.08658014692097919, -0.37296828687092604], [0.028176796786586127, -0.0431155365972561, 0.3297210737237666], [-0.19927397460793178, 0.03213190124924973, 0.362192684736607], [-0.057057952814768845, -0.22643538048980358, 0.1655811403422093], [0.16536994981209913, -0.034953842790858315, -0.12266755372520687], [0.0015425275072342849, 0.11772013145031993, 0.33231038172307703], [0.16172669462380931, 0.2676080207743468, 0.1598561131984823], [-0.2196274555195389, -0.36058219625048066, -0.18516113015230262], [0.018352343937973165, -0.10408715795329512, -0.37864513151484464], [-1.079277711290607, -0.16997464384661978, -0.5724173537006804], [0.4481447622310545, -0.20042115004894176, 0.44549590744969686]]","tensor(-6, dtype=torch.int32)",
"['Bi', 'Bi', 'Bi', 'Bi', 'Bi', 'Bi', 'Bi', 'Bi', 'Bi', 'Bi', 'Bi', 'Bi', 'Bi', 'Bi']","[[-1.777449, -0.95177, -0.514321], [-0.11121, 1.144527, -1.733954], [0.111296, -1.144645, 1.734079], [1.777363, 0.951888, 0.514195], [-0.26418, 3.580564, 1.326166], [-1.804687, 4.48314, -1.012746], [-2.672661, 2.284491, 2.41211], [-4.21297, 3.187152, 0.072878], [4.54641, 2.438741, -5.872371], [2.895047, 2.457827, -3.437017], [2.284139, 1.336033, -7.397502], [0.632881, 1.355358, -4.961866], [-0.543638, -2.193167, -11.380204], [0.284333, 0.05599, -9.823284]]",[-81777.234375],"[[-0.10744656319607528, 0.1867176254422722, -0.03245750079091144], [-0.519704053403323, 0.29146735704554777, 0.01216618404581275], [0.30508084156986454, -0.05693340850896732, 0.09291365167434676], [0.25043216801179213, -0.0033989688858192175, 0.42559540374279886], [0.13936050162575403, -0.37719096618711495, 0.3341759237834294], [-0.3747040909942275, -0.13109656013246287, -0.45523833692003407], [0.21445454737308317, -0.23938953095590934, -0.09996048368208206], [0.036370269445579015, 0.3909574314338758, -0.12341749350877804], [0.2825630562458378, -2.5442432209143758e-05, 0.06255687702182808], [-0.03577616431053447, 0.04951106667748484, 0.11157488297421883], [-0.055883163710581565, -0.1320898292533804, -0.6342210513471679], [-0.2363028170647665, -0.11299870926791758, 0.10545539696599823], [0.13685388034970072, 0.1675770374047115, 0.1504168683800881], [-0.035798388938514406, -0.03393265661642319, 0.04498432339158705]]","tensor(-6, dtype=torch.int32)",
"['Bi', 'Bi', 'Bi', 'Bi', 'Bi', 'Bi', 'Bi', 'Bi', 'Bi', 'Bi', 'Bi', 'Bi', 'Bi', 'Bi']","[[-0.666584, -1.867033, -0.632114], [-0.579696, 0.823318, -1.820716], [0.579819, -0.823355, 1.820859], [0.666461, 1.86707, 0.63197], [2.720727, 6.781302, -0.820757], [1.244215, 7.193133, -3.332454], [2.645947, 3.871582, -1.254108], [1.169467, 4.283757, -3.765974], [-0.706463, 5.668323, 4.112223], [1.472004, 6.455381, 2.297523], [1.210311, 4.160143, 5.758804], [3.388723, 4.947516, 3.943889], [-0.579567, 8.023101, 6.509216], [0.033974, 10.77836, 6.956831]]",[-81777.578125],"[[0.027628853263151003, -0.14974714705937833, 0.1381013288692875], [0.04828202726668294, 0.27186515289189284, -0.20767531592991892], [-0.038190477789996374, -0.34256929468122194, 0.10020561279263362], [-0.006190047402283699, 0.34330601898725766, 0.026191739500988534], [0.0769501261428312, 0.17823272322147107, 0.039052821123547556], [-0.04827951272640479, 0.16953405936598087, -0.0744068923375745], [0.05367869864463965, -0.21766976507107907, -0.0480944137655612], [-0.10450835630540921, -0.28804166872672377, -0.058417347227720566], [-0.43671949339174104, 0.157086879300741, 0.3898736080096897], [0.5159049892775524, 0.2512350725496885, -0.05191990884640286], [-0.03407578486612095, 0.12264533938164522, 0.16704456164642298], [-0.011237737613538256, 0.0716376584398332, -0.22144229539759558], [-0.03066508608699191, 0.16696650291140783, 0.1046183481592942], [-0.011981954118316832, -0.7257811707270028, -0.3041484047832836]]","tensor(-6, dtype=torch.int32)",
"['Bi', 'Bi', 'Bi', 'Bi', 'Bi', 'Bi', 'Bi', 'Bi', 'Bi', 'Bi', 'Bi', 'Bi', 'Bi', 'Bi']","[[-1.52094, -0.044951, 1.419308], [-0.751394, -1.739086, -0.86017], [0.751531, 1.739197, 0.860247], [1.520803, 0.044839, -1.419385], [-0.60668, 2.96597, -5.914941], [2.283899, 3.385559, -5.55884], [-0.329053, 0.210404, -4.920136], [2.561649, 0.630356, -4.564], [-4.963782, -6.158092, -1.775495], [-3.063425, -4.106919, -0.859174], [-7.16457, -4.699327, -0.476112], [-5.263881, -2.648121, 0.440015], [5.031531, -3.41533, -2.060449], [4.763071, -0.585504, -1.763371]]",[-81777.4921875],"[[-0.10540783153128876, 0.17660053461269892, -0.15551531733793914], [-0.13846801980432907, -0.5162253489080822, 0.0702559468391367], [0.14618899543264985, 0.20090534046323869, 0.5236265305488805], [0.5496116560859092, 0.30634057996933844, -0.1809222528772667], [0.06320777785702035, -0.03963935692671185, -0.05508257316680621], [0.017747717842991787, 0.17111348890879416, 2.1318061647633385e-06], [-0.15006087324009473, -0.06268692349142843, 0.07454084688613476], [0.3486090250254053, -0.0679254462267375, -0.24099451727823684], [-0.18455527506933253, -0.2465221864344881, -0.05489159151868611], [-0.039487924009224275, -0.008040697624915135, 0.10175727440599487], [-0.08082688904897598, -0.047678923265612266, -0.03996617517194395], [0.0626807528404391, 0.06756749704726418, 0.04525893792944933], [-0.007571321915201789, 0.8802135388163127, 0.0782279136964489], [-0.48940857388396514, -0.8026227448345132, -0.15792526508182608]]","tensor(-6, dtype=torch.int32)",
"['Bi', 'Bi', 'Bi', 'Bi', 'Bi', 'Bi', 'Bi', 'Bi', 'Bi', 'Bi', 'Bi', 'Bi', 'Bi', 'Bi']","[[-1.4218744284424212, -0.7073878537493191, 1.3444665238078521], [1.3724408398423324, -1.3872668083170048, 0.7216660354099557], [-1.3725016840902544, 1.3874430040030332, -0.72171471864855], [1.4219352726903443, 0.7072116580632914, -1.344417840569259], [1.2783698527880833, 4.081042761657718, -1.1249305110719683], [-1.1548396070287883, 5.637984200565275, -1.6850543725991831], [1.4883962946020994, 3.3838615002057146, -3.9761909515744027], [-0.9449094710145884, 4.941076882025645, -4.5360615376119195], [0.09463378898122721, 6.969404251575245, 2.641989155762613], [1.3066309413395485, 8.5248899885999, 0.45799266209093403], [-2.5558280135672176, 7.30111631617773, 1.4071295456919741], [-1.343454642973895, 8.85655064624815, -0.7769324091491822], [-1.413768728111366, -1.7929506225349303, -2.046464646551014], [-0.24812582055578025, -2.2517657384561307, -4.615318345316978]]",[-81777.2734375],"[[-0.04645103570966171, -0.1490924409894093, 0.5017176342112268], [-0.06461628036742892, -0.3067739653571564, 0.18716000969611632], [0.013723882612725245, 0.08358126196225128, -0.4368514424787297], [-0.02794174126377467, 0.33106010498845345, -0.2662826677860196], [0.3958583681379763, -0.18843779724973403, 0.3805558221716023], [-0.4029812019970637, -0.05216431804767233, 0.08563948259974581], [0.2100743107682998, -0.21615435603228017, -0.10869791979462196], [-0.21198978367957427, 0.04278368412925853, -0.37168144902919065], [0.09299613270923761, -0.04558888263784937, -0.020220873621846214], [0.05744567538526574, 0.12035494800067675, 0.08133920734736597], [-0.08976924219645355, 0.06738746830465017, 0.06871102151977214], [-0.03951689521561923, 0.24085644896235037, 0.018301497773820997], [0.28930485240633336, 0.10821475782215659, -0.26750373677262695], [-0.1704511723692716, -0.034044587083160674, 0.15432885541896368]]","tensor(-6, dtype=torch.int32)",
"['Bi', 'Bi', 'Bi', 'Bi', 'Bi', 'Bi', 'Bi', 'Bi', 'Bi', 'Bi', 'Bi', 'Bi', 'Bi', 'Bi']","[[-1.844439, -0.808081, 0.524179], [0.266644, -1.516492, -1.399306], [-0.266593, 1.516602, 1.399456], [1.844389, 0.807971, -0.524329], [-1.268767, 6.82758, -1.497351], [-4.024642, 6.053395, -0.816099], [-0.237613, 4.750286, 0.314122], [-2.993765, 3.976193, 0.995122], [8.129995, 2.095498, 0.319021], [5.706841, 0.901241, -0.847336], [6.835816, 2.140134, 2.961552], [4.412704, 0.945682, 1.794864], [-4.573331, 9.455689, -1.065079], [-3.969302, 11.706152, -2.720014]]",[-81777.75],"[[-0.10401670968783351, -0.0837918868493541, -0.11718806706876404], [-0.10472787721435499, -0.13072668102774349, 0.010319128227382604], [-0.11790016019293394, 0.10055255764450931, 0.3413702857719015], [0.20718829730058522, 0.10011423573589981, -0.2500043362098645], [-0.21766246313407503, 0.3635448800567378, -0.1929175870238121], [-0.06051768255821735, 0.3939916947916092, -0.3772025361577199], [0.010979562718353406, -0.13657265293086154, 0.10929626725222169], [0.2714625179148384, -0.37050691703546124, 0.22064720701761906], [0.06595001515668329, 0.05877812462223068, 0.21922199232744766], [-0.2277677268825854, -0.031530535314874396, 0.006601861222684813], [0.4327385493280595, 0.15617346868804388, 0.03408493285621264], [-0.2702115726930243, -0.13438721403880344, -0.1655800090561946], [0.2349249621209383, 0.5014739449192396, -0.246446801648235], [-0.12968085852923342, -0.781944893369233, 0.3966812244474049]]","tensor(-6, dtype=torch.int32)",
"['Bi', 'Bi', 'Bi', 'Bi', 'Bi', 'Bi', 'Bi', 'Bi', 'Bi', 'Bi', 'Bi', 'Bi', 'Bi', 'Bi']","[[0.16918205291747124, -1.092631025074649, 1.7627392250544176], [1.5170913669578991, -1.1404752857300309, -0.8524405140127465], [-1.5171786738517974, 1.140639207659447, 0.8524917400543119], [-0.169094746023573, 1.0924671031452338, -1.7627904510959846], [-5.51694269396729, 0.2946417568675592, 3.5176297468810853], [-4.192176713054568, -1.039375933463933, 1.2540693749269847], [-7.9937920533373905, -1.1858168475772333, 2.940292333691626], [-6.668641110124382, -2.51985017581513, 0.6767372041835786], [2.1864266214491077, -1.3758558166990176, -4.184164919518619], [3.926060280239926, -3.0034226658087078, -5.911305488396333], [3.2107054311905143, 1.070926408324825, -5.458515177641206], [4.950238800942609, -0.5570084286700772, -7.185710473340946], [-0.38690324018036815, 3.819253792218629, 2.5657995658858215], [-0.8615471621528245, 4.191170735289345, -0.22787811040175265]]",[-81777.8046875],"[[0.2553772248704665, -0.3360522644830131, 0.3955551834860334], [0.12072035338342887, -0.07024129154303702, 0.24220525042443702], [-0.6826534625206702, 0.5529746608750998, 0.7706114643854776], [0.12329325773552599, 0.5567439001877554, -0.583594973746955], [0.013417777185980693, 0.08033570523022447, 0.04217206977203172], [0.24669208502506126, 0.0015639412088300439, 0.028773807269804826], [0.05314133778765125, -0.048773396204964126, -0.009483904904929574], [-0.26431705833545677, -0.09004861841999594, -0.07296331996070986], [-0.10059168985620003, 0.13189478526002565, -0.04129720001697218], [0.07990324544005485, -0.10828026956682678, -0.1083588425227577], [-0.04023764782001084, 0.047112688904202914, -0.031036142757608427], [0.05354135023803525, -0.009420270066602, -0.013270915692434387], [-0.04258160559377594, -0.5400594883544101, -0.125306226932432], [0.19090199530023558, -0.167993556346492, -0.4875969735976779]]","tensor(-6, dtype=torch.int32)",
"['Bi', 'Bi', 'Bi', 'Bi', 'Bi', 'Bi', 'Bi', 'Bi', 'Bi', 'Bi', 'Bi', 'Bi', 'Bi', 'Bi']","[[-0.400665, -1.731349, 1.08241], [1.801462, -0.81883, -0.642774], [-1.801573, 0.818965, 0.642853], [0.400776, 1.731214, -1.08249], [-3.318554, -5.369987, -0.465458], [-2.361803, -2.8059, -1.546384], [-5.03876, -5.723354, -2.826789], [-4.08167, -3.159137, -3.907586], [-3.57918, -0.793776, 3.667747], [-4.96519, -2.14319, 1.450457], [-4.371776, 1.819951, 2.572264], [-5.757892, 0.470171, 0.355029], [-5.515437, -0.962221, -6.137437], [-7.451304, -0.48759, -8.185702]]",[-81777.09375],"[[-0.11605009618214648, -0.5639779600309257, 0.11813608474909304], [0.23352185893014543, 0.008968125899776387, -0.2300844977965333], [-0.3828984069755223, -0.016662176920947, -0.16624649078513495], [0.2858874430442534, 0.18831150459281884, -0.15567580568575357], [0.07998552078657939, 0.2377540513332762, 0.058055489969287326], [0.7267067683754038, 0.2682263714255703, 0.9145953776870865], [-0.12694047242486728, -0.16893010690039914, -0.06864160169614206], [-0.6846573814294585, 0.20379449067853952, -0.9621932083142806], [0.05000456449035735, -0.1909311516261602, 0.037798070666956736], [0.03089639293932734, -0.16360509220705616, -0.009143711773678072], [-0.226735222705794, 0.3574746564122488, 0.21435139465737804], [-0.11646034162875446, 0.10692735433741385, -0.06425190342650836], [-0.16202350293639659, -0.03502575658592992, -0.17333245500456101], [0.4074032961843914, -0.21775101197577207, 0.48777484261244564]]","tensor(-6, dtype=torch.int32)",
"['Bi', 'Bi', 'Bi', 'Bi', 'Bi', 'Bi', 'Bi', 'Bi', 'Bi', 'Bi', 'Bi', 'Bi', 'Bi', 'Bi']","[[1.800108, -0.545479, -0.889819], [0.282311, 1.962124, -0.631882], [-0.282346, -1.962262, 0.632011], [-1.800073, 0.545617, 0.88969], [2.659329, 4.207747, -0.110321], [3.707583, 3.134197, -2.641519], [0.36667, 5.361965, -1.549541], [1.415168, 4.288117, -4.080717], [0.108511, -2.058288, -3.532175], [-2.232384, -2.934104, -1.979285], [0.588248, -4.8365, -4.375532], [-1.752915, -5.712051, -2.822562], [0.497825, -5.282199, 3.102228], [1.928215, -4.487118, 0.759137]]",[-81776.9453125],"[[0.7944389189599003, -0.3988810101030132, -0.36993170951907156], [0.22841862771777766, 0.17105224519772494, -0.31112129182333], [-0.3430681918137101, -0.9675935563717851, 0.15714411208866713], [-0.7249789860983885, 0.3440010913991153, 0.3278400021917577], [0.07903580617722832, -0.04231296116074584, 0.1340532275540054], [-0.011367033320601573, -0.11854237069464955, 0.03929577507962537], [-0.14687758866096867, 0.3898633750134657, -0.0959628274386378], [-0.05359657756438985, 0.01777876650188649, -0.03242422555545142], [0.236911911739506, 0.2735933979677324, -0.05265858719191851], [-0.20280255853200302, 0.15431574278561133, 0.33039922826749507], [0.18306717116116147, 0.04010619752731041, -0.035120157261648514], [-0.07612536721601426, -0.1848734749720162, 0.12961920344143157], [0.1057967882319835, 0.10626781459083649, -0.16777562952238512], [-0.061653185184439165, 0.21061624819143862, -0.0586286406020139]]","tensor(-6, dtype=torch.int32)",
"['Bi', 'Bi', 'Bi', 'Bi', 'Bi', 'Bi', 'Bi', 'Bi', 'Bi', 'Bi', 'Bi', 'Bi', 'Bi', 'Bi']","[[-1.788733, 0.726141, -0.776446], [-1.050949, -0.979116, 1.505239], [1.051085, 0.979233, -1.505309], [1.788597, -0.726258, 0.776517], [-2.289579, -3.698768, 5.5e-05], [-3.920551, -6.116848, -0.388704], [-3.73719, -2.370376, -2.190757], [-5.36819, -4.788699, -2.579218], [3.561671, -3.461469, -0.482248], [5.085003, -3.511557, -2.999244], [1.672747, -5.429313, -1.586518], [3.196447, -5.479288, -4.103499], [1.031515, -0.956791, -5.857785], [-1.055472, -1.776925, -4.085749]]",[-81776.6640625],"[[-0.2281649625400242, -0.21628013446827957, -0.24602827724488296], [-0.13713428501507471, 0.07378684475732894, 0.16725240974058062], [0.24471259160977238, -0.10792067488042294, -0.06373629411425738], [0.2193049875832543, 0.17373683833272913, -0.07745714796578869], [0.2545688695908629, 0.2758882116485766, -0.12997668982208072], [-0.36476749170609246, -0.4680353414742779, -0.11590626859200327], [-0.06461602325697102, 0.30054942401584234, 0.22521492856829523], [-0.2370078653623902, -0.3478420645295219, 0.02443940317524477], [-0.03435523308059155, 0.04985918395304849, 0.10116756585978022], [0.03308087023827294, 0.03548831372630005, -0.12572315725094513], [-0.1267981874974714, 0.047854066909526385, -0.010325987934399088], [3.546976577786792e-05, -0.04753717827017796, -0.0405113264758064], [-0.684236234499436, -0.25724137853434625, 0.45581179608531003], [1.125538567536777, 0.48058387448201767, -0.16024532700963498]]","tensor(-6, dtype=torch.int32)",
"['Bi', 'Bi', 'Bi', 'Bi', 'Bi', 'Bi', 'Bi', 'Bi', 'Bi', 'Bi', 'Bi', 'Bi', 'Bi', 'Bi']","[[-1.4448218293383388, 1.3625766569698659, 0.6209584808010411], [-1.100991019926953, -1.5513468411539977, 0.842642673659017], [1.101149485764417, 1.5514523400124582, -0.8426722636779527], [1.4446633635008765, -1.3626821558283273, -0.6209288907821059], [-1.8774253269299939, -2.8098477713061962, 3.9850071055650207], [-3.6018037405401544, -3.018348469583373, 6.360161880579743], [-0.8367411061479173, -0.23818655450918502, 4.966533394460187], [-2.561240697974837, -0.4470391861243017, 7.34178780262918], [0.9373378159509339, -1.0089561026827307, -3.9969211218960417], [0.08123888664218382, -2.917244397203006, -6.066666050145731], [-0.456980819857797, 1.157927659895162, -5.418311011570142], [-1.313088368727692, -0.750733536635811, -7.487959307560293], [3.689070139235914, -2.565558246701728, -5.262308456683905], [6.099228947049305, -3.1966656097108506, -6.662694846817428]]",[-81777.6875],"[[0.029506932029430055, -0.0039109611681486115, 0.05696086790586989], [-0.14618318473630154, -0.01682096319753021, 0.16167023316725684], [0.010702037690107816, 0.053382096020418685, -0.1048858973017737], [0.11492806614391807, -0.02258690689952569, -0.2616475318732849], [0.15675124730901246, 0.04927200023153032, -0.2207665062700796], [-0.1643960153976149, 0.01207833968677033, 0.3437544196258164], [-0.020500882337115015, 0.030708558323211815, -0.2444980072216181], [-0.07701774619325606, -0.0956693101399115, 0.09665517447964181], [0.512252426690687, 0.44640489576251835, 0.357786325709302], [0.33457449641524917, -0.5862133866500985, -0.5144919102009934], [-0.1811074238290385, 0.31222450137604096, 0.09105428026498372], [0.0031690637997001995, -0.012785583707704438, 0.09601820903126713], [0.058738375345441005, -0.49384146671052426, -0.05390732126379472], [-0.629062901340995, 0.3271978431121336, 0.19205040487144345]]","tensor(-6, dtype=torch.int32)",
"['Bi', 'Bi', 'Bi', 'Bi', 'Bi', 'Bi', 'Bi', 'Bi', 'Bi', 'Bi', 'Bi', 'Bi', 'Bi', 'Bi']","[[1.383804, -1.10399, -1.093621], [-0.877414, -1.763585, 0.669939], [0.877415, 1.76376, -0.67002], [-1.383804, 1.103816, 1.093702], [0.020185, -1.421398, 6.723271], [2.434654, -0.024104, 5.787203], [-1.506987, -0.285757, 4.478738], [0.907823, 1.111396, 3.542784], [2.209718, -5.110236, -5.164454], [3.457095, -2.458117, -4.902486], [2.843132, -5.686051, -2.348947], [4.090401, -3.033661, -2.08723], [1.43993, -8.613655, -1.144454], [0.769231, -8.436128, -3.916978]]",[-81777.375],"[[0.08506082980322041, -0.19919725284729767, -0.33768476162433475], [-0.17914443690514614, -0.0663922451442527, 0.35467878587107016], [0.20144254705395237, 0.28099205992604326, -0.012245101529757257], [-0.3466017636806644, -0.01317025694817077, -0.39483784530852256], [0.27686780249313436, -0.004740628333606657, 0.21570616108208776], [0.11001838768424926, -0.20947719744089793, 0.5855443852386708], [0.08888503933177262, 0.04003797069620493, -0.29644928354388345], [-0.12689167285995992, 0.020939373938626712, -0.21032334795781127], [-0.5914265582942597, -0.9908306853348943, -0.1589890338902968], [0.23483255662237296, 0.12373620763237748, 0.48102497318357235], [-0.12207722811389327, -0.30178185728468837, 0.3466103511699579], [0.20017545529538286, 0.7755114754919298, -0.010674897110173033], [-0.058457713569609174, 0.46316366394028513, -1.096616726349738], [0.2260397903392953, 0.08764119035859631, 0.5235617387134924]]","tensor(-6, dtype=torch.int32)",
"['Bi', 'Bi', 'Bi', 'Bi', 'Bi', 'Bi', 'Bi', 'Bi', 'Bi', 'Bi', 'Bi', 'Bi', 'Bi', 'Bi']","[[-0.54512, 1.200756, -1.609579], [1.600403, -0.747313, -1.099608], [-1.600562, 0.747299, 1.099716], [0.545279, -1.200743, 1.609471], [3.865362, -3.128083, -1.559369], [1.859547, -4.939464, -0.395788], [6.018, -4.843817, -0.519051], [4.011832, -6.65519, 0.644378], [-0.632794, 3.681334, -7.462454], [-3.39922, 4.446373, -6.814445], [-0.263547, 2.690993, -4.716049], [-3.03022, 3.456068, -4.068334], [0.790436, -3.685683, 4.023078], [0.788179, -6.406144, 4.899052]]",[-81777.5234375],"[[-0.3682823459317124, 0.31259196364245617, 0.05364501717465617], [0.2053853359256831, -0.22410333721465708, -0.11975624058843598], [-0.2796062345580205, 0.16110392167271012, -0.033195022139366585], [0.2330100548526712, -0.3658095603919173, 0.28550630250147846], [0.02192068742325238, -0.03116114986223415, -0.21690990082383332], [-0.0049465085043195935, 0.12725147323473004, 0.24756127263900143], [0.23256242554548612, -0.11893394992201478, 0.09315939784999724], [-0.10542408091222734, -0.008606587458310925, -0.012221380518912401], [-0.10582126514757456, 0.11399979454675492, -0.2462880102294426], [0.10212195987946492, -0.018941918786749706, -0.08512361617703695], [0.007501696403205397, -0.06398157749108366, 0.14330853555082568], [0.06883186343498006, -0.06219214012626648, 0.15614477516094344], [-0.024929512272282302, -0.9439378515832324, 0.19120697972538375], [0.011790010877084235, 1.1170364389152974, -0.45505830817742]]","tensor(-6, dtype=torch.int32)",
"['Bi', 'Bi', 'Bi', 'Bi', 'Bi', 'Bi', 'Bi', 'Bi', 'Bi', 'Bi', 'Bi', 'Bi', 'Bi', 'Bi']","[[0.750117, -1.936929, 0.123879], [1.688317, 0.585604, -1.065626], [-1.688447, -0.585592, 1.065768], [-0.749987, 1.936917, -0.124021], [-2.487486, 4.22831, -3.010119], [-2.919344, 4.667665, -0.132832], [-4.948443, 5.726951, -3.608136], [-5.379993, 6.16628, -0.730618], [-7.627367, 2.97601, 3.565897], [-7.303682, 0.05255, 3.649085], [-4.936706, 3.240668, 2.403934], [-4.613342, 0.316994, 2.487133], [2.835149, 2.703167, 1.205426], [1.682235, 2.370054, 3.799279]]",[-81777.71875],"[[0.36490216616393484, -0.22425410678716332, -0.015801371107933997], [0.5710536398320362, -0.03256543061892417, -0.034395640560153415], [0.038046254249748016, 0.2840158845991865, -0.06064608352088721], [-0.2922508240328277, 0.2748686144167712, 0.11287385642956659], [0.13283987188113475, -0.13004045321563723, -0.07475106039650498], [0.06110055196625214, -0.10385596422956118, 0.11360374159742241], [-0.023605809933094756, 0.07631053816778606, 0.014765663334837292], [-0.2127482081082558, 0.11263577214556121, -0.034453978923048474], [-0.16447870212087204, 0.01402092746693378, 0.11452563685522989], [-0.36777573548548753, -0.061025989933464274, 0.11832614079956473], [0.10234919410214738, 0.15537879168479998, -0.03892342257230109], [0.15608332576150794, 0.0030945434188065124, -0.011849598796804634], [-0.8398250854283316, -0.43295292802784746, 0.5426753301529748], [0.4647638680080958, 0.07167756198289761, -0.7310246814051949]]","tensor(-6, dtype=torch.int32)",
"['Bi', 'Bi', 'Bi', 'Bi', 'Bi', 'Bi', 'Bi', 'Bi', 'Bi', 'Bi', 'Bi', 'Bi', 'Bi', 'Bi']","[[-1.232551, 0.723926, -1.512106], [1.43129, 1.431224, -0.481573], [-1.431353, -1.431402, 0.481608], [1.232614, -0.723748, 1.512071], [-1.381164, 3.846894, -2.783496], [-2.271491, 3.644453, 0.013762], [-4.18453, 4.007575, -3.663941], [-5.074604, 3.805233, -0.86641], [4.331283, 0.473106, 2.077612], [4.659012, -2.441167, 1.836935], [6.075991, 0.473411, 4.447391], [6.403654, -2.441018, 4.206369], [-1.49584, -2.064936, -3.442412], [-1.60013, -2.413771, -6.27714]]",[-81777.6171875],"[[-0.34210083942694786, -0.1526756351747362, -0.599771849536427], [0.4503624427745319, 0.18450832669972195, 0.08834510737020533], [-0.13534474480607436, -0.6632745330886461, 0.1641996858519707], [-0.20825108908931597, 0.09087414867818655, 0.25092602577930573], [0.09220366685593155, 0.26654795435646966, -0.19261255117657236], [0.05642597530927722, -0.17749203941438388, 0.09874681947666195], [0.004412403694169897, -0.00435984260326361, 0.047641832510957174], [-0.06185861644029263, 0.05923063902811565, -0.056848253525314425], [0.19264206745713805, 0.11426754937760074, -0.143282670238762], [-0.11759239897484057, 0.01658301261096292, -0.20816140896160423], [0.10720359381336998, -0.01777373227912102, 0.10523171086763465], [0.10454131786611061, 0.017557877765304725, 0.15945214124704682], [-0.30591732473356126, 0.12969520529278364, -0.14148048019523354], [0.1734927890861007, 0.1396744849169283, 0.4312321391552868]]","tensor(-6, dtype=torch.int32)",
"['Bi', 'Bi', 'Bi', 'Bi', 'Bi', 'Bi', 'Bi', 'Bi', 'Bi', 'Bi', 'Bi', 'Bi', 'Bi', 'Bi']","[[0.528774, 1.636637, -1.171124], [1.33954, 0.617364, 1.467446], [-1.339619, -0.61749, -1.467569], [-0.528696, -1.636511, 1.171247], [7.016673, 4.219086, 2.372302], [5.329883, 1.809569, 2.286991], [4.623087, 5.879782, 2.787869], [2.936466, 3.469927, 2.702636], [0.073855, -6.883867, -1.132552], [1.007916, -4.107132, -0.857624], [-1.472371, -6.127222, -3.519294], [-0.537985, -3.350429, -3.244166], [2.420412, -4.910467, -3.810428], [3.377171, -6.093098, -6.229982]]",[-81777.75],"[[0.17284091123116846, 0.2622098838667801, 0.13690751359121642], [0.16431739101959236, 0.26406185049495595, -0.018423126447030057], [-0.077423003696981, 0.022874412955746538, 0.0161542192159228], [-0.05414859371747794, -0.4087974005091582, -0.07048868322561799], [0.014951826732976538, 0.13162908731284295, 0.021823880193647942], [-0.18849523572602647, -0.10433562949979924, -0.006180966260911052], [0.24327184744794453, 0.22891037717953655, 0.015850911150960087], [-0.10845037384576624, -0.17355480412854357, -0.017611690984140935], [0.10683787989806841, -0.09901580843770562, -0.19952368028463377], [-0.40357121907582777, 0.42159044556235054, 0.6389909645619282], [-0.19316014502978474, -0.829117977519994, -0.04819074276971397], [0.4075820907968076, 0.4892840295781636, -0.2089419963117558], [0.12751573136334857, -0.4759437506263999, -0.5565387260423598], [-0.20985191022222563, 0.26165087430923745, 0.30303275108441086]]","tensor(-6, dtype=torch.int32)",
"['Bi', 'Bi', 'Bi', 'Bi', 'Bi', 'Bi', 'Bi', 'Bi', 'Bi', 'Bi', 'Bi', 'Bi', 'Bi', 'Bi']","[[-0.757036, -1.930811, -0.169056], [0.552372, -0.041057, -2.005519], [-0.552342, 0.041082, 2.005707], [0.757006, 1.930786, 0.168868], [-2.036024, 4.797265, 3.628865], [-2.988508, 2.023628, 3.387972], [-0.389096, 4.030437, 5.943916], [-1.341716, 1.25669, 5.70268], [-2.802064, -3.857668, 8.0298], [-0.470138, -5.552536, 7.440007], [-2.052739, -2.059476, 5.824153], [0.279175, -3.75471, 5.23448], [-6.146475, 3.146417, 2.786975], [-7.082321, 4.299358, 0.345016]]",[-81777.578125],"[[-0.0111436249015325, -0.2655942288239755, -0.2801067257753476], [-0.00529446997094576, -0.015451942569035116, 0.014253478733885395], [-0.07404668058607175, 0.03145429177969193, 0.3443346665071807], [0.08632535045721101, 0.14122666075120532, -0.04423634278970497], [-0.016702353001096765, 0.2238283318688988, 0.13888345888218642], [-0.31470669715859473, -0.13201660419497355, -0.6576597549092621], [0.058288432044134926, 0.40786172413080785, -0.1067550389085365], [0.0009522990836737889, -0.21710545903810385, 0.3535517164678671], [-0.07906069446955197, -0.09874352846280096, 0.09290799524427319], [-0.009090921854464263, -0.05162628870349341, 0.06416320031853659], [0.018665720448466823, -0.01912033801789733, -0.12983821012946162], [0.04142508675872626, 0.052291484880144325, -0.09184211813004778], [-0.1506905881735569, 0.28892000947296487, -0.4237728505510056], [0.4671414712563804, -0.34531641707958477, 0.7336384663200964]]","tensor(-6, dtype=torch.int32)",
"['Bi', 'Bi', 'Bi', 'Bi', 'Bi', 'Bi', 'Bi', 'Bi', 'Bi', 'Bi', 'Bi', 'Bi', 'Bi', 'Bi']","[[0.622814, -0.4379, -1.936508], [-1.816481, 0.692987, -0.740994], [1.816643, -0.692975, 0.741097], [-0.622976, 0.437888, 1.936405], [-4.51723, 0.300617, 2.234242], [-5.841069, 2.922037, 2.050058], [-2.835261, 1.304539, 4.430371], [-4.159449, 3.925968, 4.246024], [-2.953366, 3.089139, -2.994813], [-2.621863, 2.288157, -5.806724], [-1.727717, 5.696718, -3.593291], [-1.396443, 4.895455, -6.405335], [-2.972942, 8.740387, 0.572961], [-4.088778, 6.911235, 2.464352]]",[-81777.5859375],"[[0.12779063386492368, -0.08556929144474207, 0.06714403612312068], [-0.5533767816312386, 0.19679445277414004, -0.1659018085052887], [0.4716788537730256, -0.12425510795848944, -0.19022785167965015], [-0.17937737897999373, -0.12613114012552368, 0.45429345598729126], [0.3194521848798555, 0.04171306075598047, -0.06238620709988125], [-0.1408142555767511, 0.3284167523708947, -0.14087364809252348], [0.22571835084484226, -0.24715272412141553, -0.08109078722295343], [-0.04682521884344617, 0.5287440571027069, 0.012967129402019993], [-0.07782311899154816, -0.035534351924889684, 0.11476048154746588], [-0.0043485539114995276, -0.06862437529546347, -0.08890792216252476], [0.017282183363519308, 0.15189993292328452, 0.07501321021936878], [0.03717097311795584, -0.02290387267201148, -0.08588646290559417], [-0.21305067285091664, -0.6983649683813627, 0.6324495602923114], [0.02794336620186853, 0.1580080546492664, -0.5464887924643872]]","tensor(-6, dtype=torch.int32)",
"['Bi', 'Bi', 'Bi', 'Bi', 'Bi', 'Bi', 'Bi', 'Bi', 'Bi', 'Bi', 'Bi', 'Bi', 'Bi', 'Bi']","[[0.95627, 1.832249, -0.241094], [1.350044, -0.877871, -1.317432], [-1.350219, 0.877915, 1.317499], [-0.956094, -1.832293, 0.241028], [1.125811, -7.599959, -2.510325], [0.564716, -5.012868, -1.225629], [2.864319, -6.252061, -4.464965], [2.303105, -3.664977, -3.179903], [3.757134, 2.503115, 1.68139], [5.541344, 0.461365, 0.538513], [5.75187, 3.078543, 3.767], [7.536026, 1.036698, 2.623754], [3.239318, 0.065036, -3.967289], [3.627709, -1.126068, -6.536077]]",[-81777.6328125],"[[-0.08197982376424268, 0.38820470402753093, 0.03147757570275838], [0.3684568725105276, -0.0692396920432839, -0.2296331660987546], [0.0819814178490816, 0.18228766367493304, 0.015356338616373599], [-0.22729793465393028, -0.2762084170128317, -0.061136804540814514], [0.004264647456230139, -0.031902764409178885, -0.08038995553683909], [-0.041929048967234865, -0.005590229272864852, 0.21654706654566014], [0.14073588830918646, -0.25289677743902633, -0.17844417086203915], [0.015089637938405143, 0.07703384130791993, -0.07428841583857916], [-0.19324946520285546, -0.020218590480980157, -0.2399398501799754], [-0.18453043819910042, -0.11589156187381201, -0.1618629631664906], [0.33711891292861224, 0.004719835296656243, 0.2491640478113911], [-0.0017457095608021322, 0.13192522713823973, 0.10766808956659261], [0.0071289222347301765, -0.47803400722694744, -0.6742480074313568], [-0.2151015401293155, 0.4667552399265392, 1.0642305788531]]","tensor(-6, dtype=torch.int32)",
"['Bi', 'Bi', 'Bi', 'Bi', 'Bi', 'Bi', 'Bi', 'Bi', 'Bi', 'Bi', 'Bi', 'Bi', 'Bi', 'Bi']","[[1.8030965149297382, -0.7499024813815651, -0.7184733299131609], [-0.30426482537146304, 0.9946376009569597, -1.8019500220022082], [0.30427809884376356, -0.9946512428707676, 1.8021417371897157], [-1.8031097884020402, 0.7499161232953734, 0.7182816147256545], [-0.9104764237536407, 6.519223171455647, -1.5176273985601803], [1.244442440494066, 6.202577906676662, -3.4961051276702206], [-1.9732889265441795, 3.875273022735949, -2.252349190908957], [0.18194838890212978, 3.5588386553390006, -4.23077613489953], [-0.5317000627303183, -3.2290529341602556, 4.318113014686181], [-0.6509702703502045, -5.916322066390879, 3.1253544941478504], [-0.9500654311104233, -4.39541169416287, 6.987277037120984], [-1.0691696811802482, -7.08272842185964, 5.7941740448665735], [3.1735555880477233, -0.8230400313653294, -3.7816739891202635], [1.8548270325783673, -2.6600002469348256, -5.5294657923967785]]",[-81777.6328125],"[[0.9132054385517375, -0.11486666816657413, -0.6726148418028447], [-0.05122696016692739, 0.1662191856545071, -0.1960977348553519], [-0.24732390826427816, -0.24476848742331753, 0.3362091532844171], [-0.21089037936164007, 0.06138501897686074, 0.20709661171130195], [-0.020098432479590225, -0.029586374018708658, -0.01644297997117815], [0.032042755911290396, 0.03132361796057433, -0.0067581689544539665], [-0.2519679401988559, 0.11844477156483481, 0.07879448230145351], [0.1490249237831676, -0.025597922329656825, -0.12898131239540853], [0.03090221392009395, 0.11588960783433205, -0.22278271505875505], [0.030902717856591412, 0.034918788351029705, -0.1310294028808622], [-0.08511245758316456, -0.18533144011960842, 0.30983620233270825], [0.017537905424935895, 0.1223268309464121, 0.06221533148956808], [-0.8624749741056217, -0.7010923961186513, -0.17497827046760128], [0.5501680431167815, 0.6521370222738023, 0.5589257395334031]]","tensor(-6, dtype=torch.int32)",
"['Bi', 'Bi', 'Bi', 'Bi', 'Bi', 'Bi', 'Bi', 'Bi', 'Bi', 'Bi', 'Bi', 'Bi', 'Bi', 'Bi']","[[-1.9792816387816967, -0.5636332051003369, 0.3073703043894472], [-0.4018615660901834, 1.8643927543039576, 0.8315358455219756], [0.40192704061361273, -1.8645128806295959, -0.8316714912099665], [1.9792161642582693, 0.5637533314259755, -0.3072346587014566], [-1.6658439484148926, -5.305447415000321, -3.936100212000612], [0.9023252507357302, -4.002819796722795, -3.3311358226216425], [-1.5569672867389588, -6.7176374666865835, -1.3566188595548037], [1.0112811335742713, -5.414681507996412, -0.7518399009737582], [-6.217064473890532, -5.410468167671567, 2.4824569164958277], [-4.16038283443072, -3.7516902197691078, 3.777381629845375], [-4.158870841346173, -6.617341898653975, 0.7599141200540509], [-2.1022684021402185, -4.958427225592375, 2.0551902612776303], [-2.146928415327077, -0.41797173232887963, -3.060157767688718], [-4.732660495605584, 0.7759213500848237, -3.2985963152838815]]",[-81777.3984375],"[[-0.7530755027156033, 0.1267629633647406, -0.2260613361956664], [0.04495315131967256, 0.09385426457348856, 0.05766869299643883], [0.3352828871488255, -0.4045097236692149, -0.06581071271059893], [0.33751805120343936, 0.3661901352916849, 0.004287084457448296], [-0.16959556018750796, -0.03149844278752067, -0.010658184930410236], [0.1598478342417383, -0.011576907445167359, -0.2039870664114985], [-0.06403711334998773, -0.18141431087157506, -0.18785503068588238], [0.24360387989326265, 0.01674268848973042, 0.09529351749466065], [-0.2831099816118597, 0.23584120094867222, 0.27876882579667545], [-0.15749141689518387, -0.02737038526204416, 0.12302555432677174], [0.23434738918833603, -0.11440741746669245, -0.06858107789435494], [0.03917089653022859, 0.07063307645876855, -0.28322490998653616], [-0.446652081756733, 0.09966007582308435, 0.48800439082924907], [0.4760352305273169, -0.2307265026098826, -0.009558364093534282]]","tensor(-6, dtype=torch.int32)",
"['Bi', 'Bi', 'Bi', 'Bi', 'Bi', 'Bi', 'Bi', 'Bi', 'Bi', 'Bi', 'Bi', 'Bi', 'Bi', 'Bi']","[[-0.601801, -1.989452, -0.098144], [-0.933748, 0.19114, 1.849455], [0.933786, -0.191091, -1.849638], [0.601763, 1.989402, 0.098327], [-3.043592, 0.067403, -1.104907], [-2.422377, 1.843415, -3.367248], [-5.8484, 0.954796, -1.178688], [-5.226874, 2.730723, -3.441239], [-9.193609, 5.112251, 2.94472], [-8.391873, 5.258784, 0.117343], [-6.733577, 3.621084, 3.564815], [-5.931995, 3.767897, 0.737225], [-5.62327, -2.48554, 1.050508], [-4.193005, -0.385967, 2.35985]]",[-81777.53125],"[[0.1483478491033622, -0.24134382754632508, -0.07339624254970367], [0.10646522400040383, -0.2746135608425451, 0.6737142461207788], [-0.10285996973779005, 0.06960463462721181, 0.04812696394952997], [0.10940044840975839, 0.23618243794838276, -0.15399821137011818], [-0.08014132972406024, -0.2863995556542771, -0.0768410598865946], [0.509466943412007, -0.13179780319530984, -0.10242920687664248], [-0.7052493580018037, 0.09288876338202308, 0.2999928827186954], [-0.369391931823779, 0.15631205122484615, -0.026939493845667666], [-0.12840276244306625, 0.01794603228137088, 0.11528061600377572], [-0.04619101990359837, 0.11691167332653316, -0.2233345769455684], [0.0741305500174352, -0.0948293816960791, 0.3455328012409444], [0.17392242066123356, -0.2085336020604446, -0.3129345890386393], [0.5045470833782059, 0.5579826583738655, -0.002790714962277026], [-0.21264711227621375, -0.0006742099550835892, -0.505686699771754]]","tensor(-6, dtype=torch.int32)",
"['Bi', 'Bi', 'Bi', 'Bi', 'Bi', 'Bi', 'Bi', 'Bi', 'Bi', 'Bi', 'Bi', 'Bi', 'Bi', 'Bi']","[[-0.059102, -1.484491, 1.456883], [-1.908814, 0.617274, 0.551641], [1.90895, -0.617332, -0.551765], [0.058966, 1.484548, -1.456759], [-0.200614, -1.35435, 4.820863], [0.541343, -4.137532, 4.219439], [2.640771, -0.589411, 4.785396], [3.382458, -3.372817, 4.183813], [-3.115586, -6.760284, -1.413307], [-2.073319, -4.015153, -1.22291], [-1.212269, -7.626341, 0.657247], [-0.170232, -4.880926, 0.847523], [-1.334067, 6.65303, 1.722286], [-1.297073, 3.805487, 1.480684]]",[-81777.2109375],"[[-0.02498129431850118, -0.1742139324983883, 0.18581681324201163], [-0.8374355008327095, 0.07279239292830512, -0.31016489234207384], [0.3937038853450481, -0.11190017912554023, -0.0123394353567568], [-0.19923515092879052, 0.4410666655916399, 0.16454899612005897], [-0.06463412383320642, 0.156568596039728, -0.04951058845203317], [0.07941314148522648, -0.29015825343815915, 0.12188012723687541], [0.12107717127688747, 0.06479718328559975, 0.013025467764915052], [-0.0029098527493700553, 0.011628735771268663, 0.034969917336685544], [-0.005063299901373927, -0.1465171712210996, 0.05008768315918377], [-0.0759721293831123, 0.251176297099015, -0.122004054477578], [-0.16876555620735006, -0.36454226294498154, -0.05280277473670276], [0.2634553783468869, 0.3041628029689254, 0.082289539021816], [-0.2688555721381167, -0.29849783682816133, -0.21931907723634664], [0.7962536045716821, 0.07280031193040812, 0.12920942079364778]]","tensor(-6, dtype=torch.int32)",
"['Bi', 'Bi', 'Bi', 'Bi', 'Bi', 'Bi', 'Bi', 'Bi', 'Bi', 'Bi', 'Bi', 'Bi', 'Bi', 'Bi']","[[1.622859, -1.271846, -0.280092], [0.383439, 0.038873, 2.044595], [-0.383549, -0.038897, -2.044751], [-1.622749, 1.27187, 0.280249], [-2.253074, -2.085461, -0.152979], [-4.338404, -0.193357, -1.007175], [-3.18852, -1.860631, 2.628074], [-5.273956, 0.031464, 1.773507], [3.383407, 0.935044, 3.242937], [5.773543, -0.530442, 2.349678], [3.682856, -0.217288, 5.934093], [6.073178, -1.682637, 5.040525], [1.321408, 2.715929, -0.690433], [0.311413, 5.296231, -1.390574]]",[-81777.734375],"[[0.42554989519175257, -0.165321973000657, 0.2571981839774209], [0.32009712075242475, -0.34619866590478576, 0.3102285528914472], [0.4162096378996456, 0.626241371176119, -0.4316621821071522], [0.017981708928507582, 0.7421349385115026, -0.5785175564245593], [-0.13755661465320349, -0.49847953368247894, 0.06022113135608796], [-0.19279052303552324, -0.02331669436540752, -0.16532459552732748], [-0.08954252219468686, -0.23712377075680666, 0.3117915787870471], [-0.17825802289052736, 0.10917120872550438, 0.33241651692009366], [-0.16286492262088476, 0.11728062683360413, -0.17211046042030528], [0.06980672344711271, -0.11950170123512568, -0.18067948918292775], [-0.009248206605973397, -0.07101154305278144, 0.2558495882037005], [-0.009921383491237187, 0.05605481065226838, 0.016255443603193778], [-0.588342261241421, -0.3773771141586267, 0.04229301967363196], [0.11999730735375289, 0.1848163964503648, -0.054723081324585546]]","tensor(-6, dtype=torch.int32)",
"['Bi', 'Bi', 'Bi', 'Bi', 'Bi', 'Bi', 'Bi', 'Bi', 'Bi', 'Bi', 'Bi', 'Bi', 'Bi', 'Bi']","[[-1.232551, 0.723926, -1.512106], [1.43129, 1.431224, -0.481573], [-1.431353, -1.431402, 0.481608], [1.232614, -0.723748, 1.512071], [-1.381164, 3.846894, -2.783496], [-2.271491, 3.644453, 0.013762], [-4.18453, 4.007575, -3.663941], [-5.074604, 3.805233, -0.86641], [4.331283, 0.473106, 2.077612], [4.659012, -2.441167, 1.836935], [6.075991, 0.473411, 4.447391], [6.403654, -2.441018, 4.206369], [-1.49584, -2.064936, -3.442412], [-1.60013, -2.413771, -6.27714]]",[-81777.6171875],"[[-0.34210083942694786, -0.1526756351747362, -0.599771849536427], [0.4503624427745319, 0.18450832669972195, 0.08834510737020533], [-0.13534474480607436, -0.6632745330886461, 0.1641996858519707], [-0.20825108908931597, 0.09087414867818655, 0.25092602577930573], [0.09220366685593155, 0.26654795435646966, -0.19261255117657236], [0.05642597530927722, -0.17749203941438388, 0.09874681947666195], [0.004412403694169897, -0.00435984260326361, 0.047641832510957174], [-0.06185861644029263, 0.05923063902811565, -0.056848253525314425], [0.19264206745713805, 0.11426754937760074, -0.143282670238762], [-0.11759239897484057, 0.01658301261096292, -0.20816140896160423], [0.10720359381336998, -0.01777373227912102, 0.10523171086763465], [0.10454131786611061, 0.017557877765304725, 0.15945214124704682], [-0.30591732473356126, 0.12969520529278364, -0.14148048019523354], [0.1734927890861007, 0.1396744849169283, 0.4312321391552868]]","tensor(-6, dtype=torch.int32)",
"['Bi', 'Bi', 'Bi', 'Bi', 'Bi', 'Bi', 'Bi', 'Bi', 'Bi', 'Bi', 'Bi', 'Bi', 'Bi', 'Bi']","[[-1.157501, 0.079169, -1.727321], [-0.842246, 1.789355, 0.646324], [0.842392, -1.789474, -0.646367], [1.157356, -0.07905, 1.727364], [2.201103, -3.304864, 4.181666], [4.086362, -1.346837, 3.054615], [4.314646, -4.314038, 5.96334], [6.199755, -2.355699, 4.83612], [-4.13059, 0.856727, -0.226843], [-5.604229, 3.209235, 0.74907], [-6.665568, -0.38744, -1.054971], [-8.139011, 1.965398, -0.079026], [1.902053, 3.708851, 0.662485], [0.236085, 4.149487, 2.942537]]",[-81777.8828125],"[[-0.03164357649878995, -0.737349598669269, -0.728880380186399], [0.2991299685999277, 1.1438494601267295, 0.05159368709743306], [-0.11112339701016542, 0.04643545481591363, -0.1089758047775086], [0.4116113716265722, 0.1371616415677941, 0.15238458613640563], [-0.10571086191695694, 0.10518501960848198, -0.11169485071386992], [-0.04948169437877558, 0.04748434721329089, -0.02856370688803609], [0.13097129591737924, 0.0023710381898527444, 0.04914209260157723], [0.1664132526281219, -0.1612204441322255, 0.14114546526860394], [0.19552982927596627, -0.12811546721742087, 0.06665408643456705], [-0.14234313720354336, 0.3214569779642007, 0.12744703144900058], [-0.326583040585229, -0.14215333826352955, -0.11260198783139455], [0.16413499686076577, -0.067929405727789, -0.002011415735519473], [-0.9657891551783188, -0.7255261171527767, 0.5403227694632887], [0.3754234346333099, 0.150964153700751, -0.01870350540135822]]","tensor(-6, dtype=torch.int32)",
"['Bi', 'Bi', 'Bi', 'Bi', 'Bi', 'Bi', 'Bi', 'Bi', 'Bi', 'Bi', 'Bi', 'Bi', 'Bi', 'Bi']","[[1.554238, 1.370867, 0.186498], [0.590576, -0.910928, 1.774918], [-0.590624, 0.910932, -1.775105], [-1.55419, -1.370871, -0.186311], [0.526196, 7.063056, -1.447487], [-0.455168, 4.306973, -1.762521], [2.773588, 6.468881, -3.251937], [1.791852, 3.712734, -3.566897], [4.181715, 7.334323, 3.501951], [2.412667, 5.587223, 5.075617], [2.041549, 7.714247, 1.518214], [0.272584, 5.967103, 3.092254], [-4.343251, 4.87322, -1.76072], [-2.711324, 7.133659, -2.389588]]",[-81777.5625],"[[-0.06956766214336733, 0.286760847269703, -0.23139108172143458], [-0.047336405855821446, -0.19052234599811643, 0.12123657976077878], [0.2290683972669552, -0.036876129129266834, -0.07721793239576859], [-0.05033591816406663, -0.0840021003597243, 0.09712188138280227], [-0.21583384213547555, 0.605625740441648, 0.3173155455527048], [-0.36995006720576484, -0.3962881539793839, -0.23114168457728207], [0.10687937752597172, 0.10035052024669996, -0.16554848731405739], [-0.0550807219715094, -0.2818677267235223, 0.05682670766894331], [0.28636098908559376, -0.05606920883791018, 0.21941353961857513], [-0.012222295832142486, 0.04732113863683199, 0.000958147832369852], [-0.2895169685340919, 0.05601742679169129, -0.0477155717902798], [0.06023362692434137, -0.01101997534012443, -0.14450553899857457], [0.3676292853686739, 0.5161878107812305, -0.06595310048217795], [0.051890495410020346, -0.5463772065256634, 0.14297429195556974]]","tensor(-6, dtype=torch.int32)",
"['Bi', 'Bi', 'Bi', 'Bi', 'Bi', 'Bi', 'Bi', 'Bi', 'Bi', 'Bi', 'Bi', 'Bi', 'Bi', 'Bi']","[[1.2456347668029744, -1.3790981241088291, 0.9360540002273943], [-0.39136032864275017, -1.377858595262685, -1.5090552367673222], [0.3914137501147217, 1.3780297686463172, 1.509125684045967], [-1.245688188274947, 1.3789269507251984, -0.9361244475060401], [3.6257317381281995, 0.8763102313656513, 0.1097084447247858], [4.19015655840891, 3.5594067851870106, -0.9583417249325366], [3.5944531119406364, -0.20612457657772332, -2.6265692186806318], [4.159042164173686, 2.4772259052236687, -3.694380607168705], [1.123329809512399, 3.4559299631438933, 4.140986915825501], [-0.1350807380847845, 4.795292083502673, 6.438991629490421], [0.9228503916933302, 5.94349353054441, 2.5815977987903884], [-0.33549731552945306, 7.2827040395469185, 4.879951128410187], [-1.882935605127225, 9.986246264745708, 3.684581375443492], [-0.41854041407568354, 11.06455187024885, 1.4798029807376618]]",[-81777.328125],"[[-0.021817354730226713, -0.7545117217333723, -0.06229642412798633], [0.18771876214320113, 0.10946251487429284, 0.09829775035091269], [0.2860290080623672, 0.45984303095455464, -0.192083469276328], [-0.1277144777472969, -0.0367167257875847, -0.07643096870626136], [-0.24171926023693488, -0.32514656445700213, 0.21775903382205816], [0.132022517735505, 0.4983405911910356, -0.3174637954427237], [-0.31658812864524466, -0.16886207547324167, 0.20196715523222947], [0.15030625946110415, 0.22920404874453754, 0.0730730032820454], [-0.0024161631320959603, 0.027920339389259977, 0.06673975563913573], [-0.12822720742241953, -0.19103975508357263, 0.3164194127627778], [0.020954713148544378, 0.04402660236257729, -0.3115561170297122], [-0.040710509947533155, 0.4848574616688687, -0.24417980731893443], [0.4177519921144313, 0.008918246470945884, -0.2906636297541862], [-0.3065736763104608, -0.4050913075249603, 0.5202568408877848]]","tensor(-6, dtype=torch.int32)",
"['Bi', 'Bi', 'Bi', 'Bi', 'Bi', 'Bi', 'Bi', 'Bi', 'Bi', 'Bi', 'Bi', 'Bi', 'Bi', 'Bi']","[[1.7009466559755488, 0.8401944828879138, -0.8547329430768467], [-0.9341106302485058, -3.480260343541319e-05, -1.8591240550955759], [0.9341249355752675, 7.391898456249324e-05, 1.8593121568402622], [-1.700960961302312, -0.8402335992690417, 0.8545448413321616], [0.03782795090885205, 2.925559041941617, -6.838679394597828], [-0.6018143040800014, 5.779138493156963, -6.51271043746188], [-1.1261899191391458, 2.362856748648913, -4.195142475149368], [-1.7658605579103113, 5.216648309789056, -3.869493942326956], [1.8131533589195121, 2.6956284467986693, 4.2211579562252854], [-0.4074490041230121, 3.1114426664882444, 2.3358629289852764], [3.5848995618579678, 4.276212392697723, 2.482615837237557], [1.3639393761323861, 4.691988814830107, 0.5974586587268149], [0.3539828361583093, 7.899122947292081, 1.0688428370998373], [1.2139987841816464, 6.587127788531809, 3.4578353646585]]",[-81777.375],"[[0.2618154764243781, 0.3482725702802115, -0.24654152114092137], [-0.015553022974449672, 0.01584426227451907, 0.041414663500763435], [0.0356835994034852, 0.27002141379836947, 0.4000453605226102], [-0.4276187087801121, -0.2894065138813828, 0.13904533562647345], [0.13386332576980844, 0.10653628933096439, -0.3498276771737085], [-0.000512410652466472, -0.04707050222027245, -0.052668460233501455], [-0.05960977410931905, 0.016392648027941763, 0.05951598021428107], [-0.01661315624104585, 0.09974826471014032, 0.15189473929203517], [0.37688155946209106, -0.3242087797728971, 0.5499957791099958], [-0.3664604612271096, -0.20698677412369168, 0.026604720602868465], [0.35939372886993365, 0.3108817677207604, 0.4783540069028363], [-0.4907084729369613, 0.4694315026827077, -0.25691412834354493], [-0.12752041077368215, 0.4571689279262323, -0.6816054802943139], [0.330608259069759, -1.2263829455509907, -0.26079341093217695]]","tensor(-6, dtype=torch.int32)",
"['Bi', 'Bi', 'Bi', 'Bi', 'Bi', 'Bi', 'Bi', 'Bi', 'Bi', 'Bi', 'Bi', 'Bi', 'Bi', 'Bi']","[[0.643996, -1.218691, 1.558774], [1.635415, 1.250264, 0.301928], [-1.635603, -1.250305, -0.301949], [-0.643809, 1.218732, -1.558753], [-1.508523, -0.792413, 7.026668], [-1.611877, -0.946499, 4.090022], [-1.502929, -3.73115, 7.180478], [-1.60616, -3.884927, 4.243635], [3.343691, 0.433223, 9.095991], [0.925359, 1.50128, 7.804001], [3.069275, 2.418735, 11.25059], [0.650754, 3.486559, 9.958358], [3.563533, -4.142301, -0.307926], [3.406618, -2.992174, 2.303746]]",[-81777.34375],"[[0.29789640404506695, -0.014099238170197672, 0.581506722607979], [0.1924855386103751, 0.1678540482120413, -0.012002708074477645], [-0.15900836859673007, -0.26563567502978724, -0.20330711209456476], [-0.03662009853530078, 0.009618939317412974, 0.06708186681440308], [-0.023309305010847783, 0.06185609675780532, 0.5253250022336965], [-0.010506680021994452, 0.09932526658482105, -0.5450078362269455], [0.019810972703251797, -0.049040492833037734, 0.1970081629867375], [0.059872900951922846, -0.016744745373393537, -0.2390796614320613], [0.08515416089943419, -0.10438566319490448, -0.023628245391650166], [-0.02924440682529772, -0.08711740493378445, -0.19163871960627127], [0.007234656339432528, 0.024990894822998766, 0.04624015885431016], [-0.05468364058034534, 0.1508219716175383, 0.14255031681051047], [0.1282402172115887, 0.14760783378346554, 0.795045185419603], [-0.4722670196564929, -0.13329706569735328, -1.1501203841946468]]","tensor(-6, dtype=torch.int32)",
"['Bi', 'Bi', 'Bi', 'Bi', 'Bi', 'Bi', 'Bi', 'Bi', 'Bi', 'Bi', 'Bi', 'Bi', 'Bi', 'Bi']","[[-1.013656, 1.333473, -1.234531], [-1.430572, -1.457027, -0.399301], [1.430681, 1.457137, 0.399415], [1.013547, -1.333583, 1.234417], [2.682728, 0.039944, 5.676837], [3.717969, -2.076438, 7.439652], [3.75423, -1.385842, 3.336138], [4.789306, -3.502261, 5.099299], [3.838498, -1.476785, 10.709776], [6.453735, -2.806605, 10.485209], [4.312985, -1.028635, 13.57925], [6.928383, -2.358469, 13.354334], [0.33458, 4.679666, 0.345615], [1.399644, 7.214046, 1.127151]]",[-81777.71875],"[[-0.18806308446840633, 0.033243986254967, 0.14433594894055088], [-0.19655138054725158, -0.025987701783816833, -0.19788300703075126], [0.2560491573411141, 0.6206733871000707, 0.04061200064669749], [0.08604520290229495, -0.16355536704450038, 0.09916117869059615], [-0.04286071956465129, 0.1487836513294844, 0.0164243137519354], [-0.003943602883440392, -0.09584291112107829, -0.06275834877663006], [-0.03302423908881827, 0.020161774211995803, 0.01598943712346162], [0.15044412208862434, -0.17386503360703268, -0.1465990351908915], [-0.006483919513441884, 0.006227894061684987, -0.022585688195955293], [-0.07464785625870825, 0.02080065256217718, -0.19465215701691574], [0.1549059141306502, 0.0335004745055481, 0.36154435500599363], [-0.12459562504891787, 0.04371580724108083, 0.12077882030155287], [0.3958900441463883, 0.5701115871143301, 0.05353847060090689], [-0.3753450159436537, -1.0451468122267327, -0.22591282919518962]]","tensor(-6, dtype=torch.int32)",
"['Bi', 'Bi', 'Bi', 'Bi', 'Bi', 'Bi', 'Bi', 'Bi', 'Bi', 'Bi', 'Bi', 'Bi', 'Bi', 'Bi']","[[0.756365, 0.859101, 1.737692], [-0.074362, -1.850844, 0.947498], [0.07441, 1.850966, -0.947639], [-0.756413, -0.859223, -1.737551], [-2.527079, -0.343959, -4.659084], [-1.864336, -2.276666, -6.776565], [-3.492805, -2.541093, -2.956194], [-2.829799, -4.473693, -5.073936], [4.687269, 0.016576, 0.732411], [3.244957, -1.03742, 3.070603], [6.979653, 0.690109, 2.450312], [5.537059, -0.364139, 4.788438], [-1.788812, 0.297203, 6.391478], [0.729431, 0.792091, 5.133788]]",[-81777.625],"[[0.3316208114750182, -0.20857921345567418, 0.26436446950389153], [0.09356331837934115, -0.16176464412739378, 0.6460830994323435], [-0.2824017451445581, 0.5406369584428293, -0.19344414924156916], [0.18806832952174726, -0.11860145467787248, -0.4402545050772594], [-0.08572664304497025, 0.10844404892850217, -0.11618888440731506], [-0.02740395360342617, -0.11546403860443386, -0.03615724314679951], [-0.1524642389562597, 0.047621649340012874, 0.13358580074156284], [0.05734087716263011, -0.026760159301289957, -0.1644465633136359], [-0.08467290154435721, 0.147935803883549, -0.05733599206393022], [-0.3679056276888132, -0.25958838563814196, -0.03584717821900346], [-0.06969847994434136, -0.1472065357807921, 0.08331931782775377], [0.3041164202423222, 0.15415782554237578, 0.24515374173341867], [0.6912034136873173, 0.014120506347274265, -0.29830700944631594], [-0.5926920559679902, 0.02175580248660804, -0.01101431376784171]]","tensor(-6, dtype=torch.int32)",
"['Bi', 'Bi', 'Bi', 'Bi', 'Bi', 'Bi', 'Bi', 'Bi', 'Bi', 'Bi', 'Bi', 'Bi', 'Bi', 'Bi']","[[0.150739, -1.94667, 0.719353], [1.043228, 0.694429, 1.660828], [-1.043375, -0.694433, -1.660952], [-0.150592, 1.946674, -0.719229], [-2.948471, -5.947352, -0.621006], [-3.891873, -6.226602, 2.152137], [-3.08604, -3.018315, -0.37266], [-4.029361, -3.297895, 2.400665], [-1.294496, 6.222163, -3.778238], [1.619379, 6.168876, -4.184203], [-0.926484, 5.280633, -1.014554], [1.987534, 5.227568, -1.420801], [7.063013, 5.11739, -0.703546], [5.099658, 5.433389, -2.756258]]",[-81777.4296875],"[[-0.15293007168386333, -0.040140871443661345, -0.02416804365577936], [0.21870982829533242, 0.034050356641835706, 0.33965062818535546], [-0.10818251617073729, -0.37033501298331656, -0.3142471893482552], [0.19347896199756734, 0.5478303948336529, -0.05681385214604885], [0.0044430291492509105, -0.3106549448748106, -0.10428904108482971], [0.009918606698291983, 0.010398405665968157, -0.006199236530048658], [-0.028308781869038964, 0.021104243448643572, -0.11429248909201598], [-0.05362372842874295, 0.050768912743988655, 0.2825076232311169], [-0.05971626926097675, 0.030783588297033038, 0.09358141895557656], [0.11396868418135034, 0.01694441221278112, -0.2745354506854384], [-0.44726760419291967, 0.15180053402026455, -0.0618876699220341], [0.6742469789895252, -0.17217525225569336, 0.09983619648673843], [-0.5659212008716521, 0.11669168961876317, -0.7137612568206833], [0.20876803537594799, -0.08720363978136049, 0.8644156438417694]]","tensor(-6, dtype=torch.int32)",
"['Bi', 'Bi', 'Bi', 'Bi', 'Bi', 'Bi', 'Bi', 'Bi', 'Bi', 'Bi', 'Bi', 'Bi', 'Bi', 'Bi']","[[0.471313, -1.929499, 0.620171], [-0.700768, 0.442164, 1.908486], [0.700756, -0.442174, -1.908678], [-0.471301, 1.92951, -0.619979], [-5.696422, -4.71228, -1.6536], [-4.803922, -2.119596, -2.721189], [-3.047241, -5.124467, -0.440422], [-2.155013, -2.531524, -1.508098], [1.185044, 4.844442, -0.043944], [-0.476244, 6.134852, 2.013549], [-0.877938, 5.410839, -2.064627], [-2.539047, 6.701378, -0.006819], [3.173574, 0.749237, 0.039737], [5.449582, 0.565552, 1.758542]]",[-81777.5078125],"[[0.39166083422456904, 0.1381533166038727, 0.14069547054520629], [0.12105259151711327, -0.03936571426638038, 0.2141633440684779], [0.13325397398461106, -0.33851250303246316, -0.583573890689408], [-0.22989418463560374, 0.37697237087581753, -0.09851248900534174], [-0.0034940287927518396, 0.025266800055359653, -0.008145079328608988], [-0.4569640623133863, 0.09437218787986054, -0.2210678911488173], [-0.011476927472512569, -0.3527898981811414, 0.13332308527569167], [0.29425731404619493, 0.13237419341980583, 0.021092966583960555], [0.11808851931438356, -0.13295567443136802, -0.02289987717549588], [-0.02996564279735016, 0.01984223733493112, 0.08065539637356389], [-0.03171233297743868, 0.1612195185345771, -0.13818170159842366], [-0.032163659533008204, 0.040461822428244414, -0.008127621528518312], [-0.11351467853480961, -0.004912205341248935, 0.9018961779510236], [-0.1480103144942453, -0.13295670287319958, -0.41129044635303497]]","tensor(-6, dtype=torch.int32)",
"['Bi', 'Bi', 'Bi', 'Bi', 'Bi', 'Bi', 'Bi', 'Bi', 'Bi', 'Bi', 'Bi', 'Bi', 'Bi', 'Bi']","[[-0.23744, 1.278286, 1.624599], [-2.052302, 0.049058, -0.338457], [2.052473, -0.049144, 0.338485], [0.23727, -1.2782, -1.624628], [0.456843, 0.091994, 4.720866], [3.149902, 1.244132, 4.440999], [0.255016, 1.222396, 7.430352], [2.948207, 2.374589, 7.150127], [-2.234022, -1.116378, 12.465064], [-1.724838, 0.056473, 9.814882], [-2.608637, -3.758104, 11.223773], [-2.099256, -2.584922, 8.573579], [1.181666, -1.232793, -4.82437], [-0.183779, 0.404224, -6.728046]]",[-81777.8359375],"[[0.2088649660185722, 0.10326769550191071, 0.11854689583870838], [-0.40461580744414, 0.03885738118008766, -0.17969547603849426], [0.4042645945586634, 0.3081370621607018, 0.2943109987098022], [-0.006112472034929373, -0.38951540171975846, -0.5048782930700587], [-0.060372723682059426, -0.31178797924063667, -0.4347014334077688], [0.08717417492288639, -0.05213279630553512, -0.26309100140596636], [-0.03180885738553944, 0.2867127676140777, 0.08235690196178296], [0.1006156525508753, 0.05236887512796897, 0.0819971530091044], [-0.12042555053241313, -0.14658859650630124, 0.29789028481616914], [-0.06681658024395301, 0.028686631397952918, 0.06277850623652856], [-0.021063748551526026, -0.001191197379388855, 0.0839071751786716], [0.031175604612176683, -0.0025720707999926386, -0.12594463219937088], [-0.5509990241166793, 0.6482613392315807, -0.16979986015734672], [0.4344082760636835, -0.5654578878265358, 0.6570462893567386]]","tensor(-6, dtype=torch.int32)",
"['Bi', 'Bi', 'Bi', 'Bi', 'Bi', 'Bi', 'Bi', 'Bi', 'Bi', 'Bi', 'Bi', 'Bi', 'Bi', 'Bi']","[[-1.57239, -0.828585, -1.082013], [-0.837308, -0.716037, 1.764968], [0.837382, 0.716172, -1.765084], [1.572315, 0.82845, 1.082129], [-7.90882, -2.491772, -1.789033], [-5.691397, -0.562101, -1.922139], [-6.571488, -3.874634, 0.43787], [-4.354137, -1.944622, 0.3046], [2.650311, -4.350679, -2.297258], [4.362802, -2.655572, -3.986135], [2.414084, -2.163892, -0.34226], [4.126598, -0.468875, -2.031511], [1.234276, -6.561572, -4.519116], [0.057937, -8.259492, -2.543885]]",[-81777.6015625],"[[-0.3334873819772021, -0.17442563724941426, -0.13486867908224676], [-0.3174851356107285, -0.1289034079266681, 0.11471625854870893], [0.5149079149218582, 0.15236802822291756, -0.18007815924401652], [0.3655674137626773, 0.054040247370523424, 0.12613581953585729], [-0.10535208998401836, -0.09783392308488059, 0.04363315651328778], [0.16243755361778134, 0.04880834780060959, 0.01741545399826159], [-0.19729854353787757, -0.16881476714899007, -0.05744706378173835], [-0.0678853369953068, 0.16939871642094798, 0.13132173747148224], [-0.06413990611105182, -0.9339136290510486, -0.9735960571216661], [0.08494266183677454, -0.03790184558996997, -0.22205159576070135], [-0.16469930289374096, 0.7184329538405297, 0.5956004894676328], [-0.08727696768395048, 0.04352986495793538, -0.03371193757274364], [0.06897270854381177, 0.11944169165425435, 1.0582455616143553], [0.14026403919686822, 0.23758626104845773, -0.49401337076266894]]","tensor(-6, dtype=torch.int32)",
"['Bi', 'Bi', 'Bi', 'Bi', 'Bi', 'Bi', 'Bi', 'Bi', 'Bi', 'Bi', 'Bi', 'Bi', 'Bi', 'Bi']","[[0.717391, 0.488759, -1.891079], [0.874514, -1.881548, -0.154625], [-0.874659, 1.881671, 0.154656], [-0.717246, -0.488882, 1.891047], [3.079803, -2.012708, -6.969456], [1.594678, -0.192691, -5.19738], [2.290136, -0.392109, -9.295384], [0.805113, 1.427915, -7.522937], [5.073554, -4.180963, -5.258497], [3.75687, -6.811562, -5.326356], [6.364832, -4.893183, -2.711891], [5.048031, -7.523912, -2.780093], [5.849197, 3.27951, -4.093646], [4.841213, 0.728279, -4.895791]]",[-81777.6640625],"[[0.04418617025495248, 0.03393038890218461, -0.008624693176755481], [0.057137297102073444, -0.0962549563408915, 0.005144410023303314], [-0.15505287846837965, 0.10313173549177891, 0.17421634933669247], [-0.007682326784290868, 0.03504076155225234, -0.02017473772128258], [0.24979103737399966, -0.29934074775330527, -0.2843874606329279], [0.37088661775967197, 0.12888093647264856, 0.4711994456132454], [-0.2992238653391488, 0.28218494960646595, 0.004936355726558465], [0.03203735659167472, 0.15162785863674616, -0.47272565329127564], [0.06727038020212743, 0.08405352245130214, -0.0028975618410411207], [-0.07756724266385684, -0.061295595959606874, -0.05295904647300781], [0.08505383639876582, -0.09715448298886262, 0.1848230813222699], [0.02938961766970438, 0.0675677027356305, 0.01032983430684911], [-0.42180040196226287, -0.7069961664527028, -0.3387478619456149], [0.013382589048713976, 0.39086327758419676, 0.3175222109387561]]","tensor(-6, dtype=torch.int32)",
"['Bi', 'Bi', 'Bi', 'Bi', 'Bi', 'Bi', 'Bi', 'Bi', 'Bi', 'Bi', 'Bi', 'Bi', 'Bi', 'Bi']","[[0.048895, -0.733479, -1.946621], [2.055254, 0.316617, -0.067755], [-2.055417, -0.316686, 0.06783], [-0.048731, 0.733548, 1.946546], [-3.477693, 3.029336, -2.241408], [-5.753505, 2.702757, -0.405015], [-1.632627, 3.059944, 0.050895], [-3.908762, 2.733213, 1.887143], [3.969959, -4.330366, -4.120747], [1.633112, -3.7086, -2.444184], [2.274294, -4.223587, -6.523491], [-0.062486, -3.601669, -4.84658], [-2.776252, 0.939551, 4.457786], [-4.595745, -0.786257, 5.828653]]",[-81777.609375],"[[0.12751691407145485, -0.1603369611768267, -0.2054785641777137], [0.34115883813133346, -0.08892699975850014, -0.053684663607262685], [-0.22020034904180763, 0.3527676838375798, 0.04675100648088103], [-0.1235270739859304, 0.24776402994609287, 0.4165551943550487], [-0.3108252034200248, 0.22664729092919586, -0.11494076740053777], [-0.337697514303046, -0.049271933382811266, -0.227887386089687], [0.5567274451184505, -0.3680579399240667, -0.10100152392607539], [-0.06258623903611903, -0.21899722636516097, 0.6418217507032881], [0.21982671612440308, -0.10480238782505129, -0.18853303096333618], [-0.1768970343927367, 0.057044325960500714, 0.18136438002065297], [0.10829590188266644, -0.0060131554072559365, -0.09288557521234525], [-0.11838954423848022, -0.0014348897567017232, 0.057064586264582384], [-0.23604766064635727, -0.14740348239153522, -0.1895716029469338], [0.24108908250464847, 0.26251810788369767, -0.179284407838421]]","tensor(-6, dtype=torch.int32)",
"['Bi', 'Bi', 'Bi', 'Bi', 'Bi', 'Bi', 'Bi', 'Bi', 'Bi', 'Bi', 'Bi', 'Bi', 'Bi', 'Bi']","[[-0.859722, -1.893462, -0.073435], [-1.550743, 0.749303, -1.167324], [1.550928, -0.749334, 1.16737], [0.859537, 1.893493, 0.073389], [0.431374, -1.074842, -3.792479], [0.109609, -1.19709, -6.714779], [-2.461872, -1.494521, -3.456545], [-2.783326, -1.616859, -6.379053], [-2.411244, 1.254754, 2.458408], [-4.365219, 1.794933, 0.325685], [-3.124489, -1.599416, 2.388708], [-5.078412, -1.058918, 0.255776], [3.936563, 1.748839, 1.437252], [6.132351, 3.574552, 1.32093]]",[-81777.859375],"[[-0.4379660163136794, -0.23620881748136222, -0.1858572310059918], [-0.6620188056123154, -0.28910255789806616, -0.790945302058102], [0.48669919530082045, -0.11971253181059481, 0.3916121375038448], [0.9358033909165343, 0.7974424833289618, 0.5555457654539917], [0.17841146641179564, 0.07805672955358627, 0.4917842230927697], [-0.11436211460401238, -0.013557393306823678, -0.2888395338996455], [-0.09204652094406966, -0.20317418598783604, 0.41481244824938424], [-0.0387993976296245, 0.06260634507392596, -0.45608489881368], [0.10624354336361178, 0.20127840773763592, 0.3874018509117262], [0.04185877553688459, 0.03221447998611458, -0.12074169355143366], [0.1127418559204863, -0.16063001567672877, -0.09427618283488472], [-0.17684473812560206, -0.08360044240240981, -0.06820533667119569], [-0.10677041411391829, 0.186912052370528, -0.2073365986126957], [-0.24296136085899753, -0.2378730934752789, -0.029047665902920912]]","tensor(-6, dtype=torch.int32)",
"['Bi', 'Bi', 'Bi', 'Bi', 'Bi', 'Bi', 'Bi', 'Bi', 'Bi', 'Bi', 'Bi', 'Bi', 'Bi', 'Bi']","[[1.985598, -0.621993, 0.015505], [-0.321256, -1.069557, -1.755491], [0.321252, 1.069714, 1.755603], [-1.985594, 0.621836, -0.015618], [0.943627, -6.760644, 1.425591], [2.53733, -5.447297, 3.521669], [1.565744, -4.559775, -0.426165], [3.159581, -3.24665, 1.670197], [0.126424, -9.162453, 3.714465], [-2.451913, -9.867523, 2.484273], [-1.253056, -8.507934, 6.230115], [-3.831384, -9.213239, 4.999619], [-1.701975, -6.04396, -3.731386], [-0.487686, -7.338371, -1.491242]]",[-81777.578125],"[[0.06332100930267476, 0.1655254502170305, -0.22315953614583744], [0.046514470001832134, -0.13358862895659962, -0.11753146379632085], [-0.03981017083051511, 0.048116149883671154, 0.08448418246826653], [-0.09010739387066942, 0.10332729370604943, 0.08466786217938257], [-0.13606012894410524, -0.829069640753911, 0.5144759693526043], [-0.1430899402395283, -0.26215203401375503, 0.36660516299280965], [-0.11011356997575983, 0.786429928196652, -0.847545598257828], [0.20062349597930057, -0.04616663040556301, -0.07584167153677933], [0.07258264221675913, -0.029820719916656337, 0.001786235825395542], [-0.02037963418738363, -0.000156925002556454, -0.0954888185984733], [-0.07342627305118514, 0.020753724761403244, 0.1070975100384449], [0.049037561773817795, -0.009435521858963986, 0.06139077825111745], [0.4223424936516765, -0.41898010592758483, 0.7736355975911702], [-0.23496013483157757, 0.606816161861675, -0.6333448189066815]]","tensor(-6, dtype=torch.int32)",
"['Bi', 'Bi', 'Bi', 'Bi', 'Bi', 'Bi', 'Bi', 'Bi', 'Bi', 'Bi', 'Bi', 'Bi', 'Bi', 'Bi']","[[-1.1130694042515208, 0.17113558184941413, -1.749715352128662], [0.7865598421153075, 1.9003328257150687, -0.3145849476227772], [-0.7865502831461709, -1.9005221092074402, 0.314619550883099], [1.1130598452823852, -0.170946298357043, 1.7496807488683417], [-3.256621281681955, -4.137931457418292, -0.1354429846661258], [-4.423676998514946, -1.6257607677871388, -1.1280622670435991], [-5.865151023711189, -5.4671502803662415, -0.433115326049671], [-7.031964641082192, -2.9547192358128433, -1.425883172100255], [1.940178983155844, -5.100037309466433, -1.1590705725759836], [-0.3817949502532803, -6.85031429617554, -1.6099377172506115], [1.1311524749993518, -4.7503211242134515, 1.6486034854348843], [-1.1908023519869457, -6.500843632435321, 1.1974399927699177], [-1.8407845393440279, -0.6512489294529418, 3.9440648042531747], [-0.0222887821875567, 1.4733308300917305, 4.533537492961491]]",[-81777.2734375],"[[-0.058123007175529026, -0.0003271803081789056, -0.36189803615186594], [0.033812673450144624, 0.17466577841708278, 0.11438119219998776], [-0.6241968288149842, -0.5674520365379243, 0.33848144408915015], [0.43743426046467293, 0.5977684448485544, 0.8165031100141188], [0.4987001344553478, -0.35173219717947685, 0.12629857045570114], [-0.06916806106971596, 0.7476993230411404, -0.0662936175726064], [-0.24997538557230622, -0.17427023968866603, -0.034680503520867156], [-0.18235302115332847, -0.10084982875592077, -0.08509440842902073], [-0.010819413756343389, 0.021099605175983253, -0.17231033809026833], [0.0174509712369144, 0.04201614770594941, 0.006200696917449469], [-0.15424385470158553, 0.198617777297307, 0.08716820996026335], [0.042638015628236825, -0.12767930503665767, 0.14628926851122664], [-0.04022335762076135, -0.5072844355791689, -0.42838402376906504], [0.3572145120509565, 0.037654366489833314, -0.49399079646446625]]","tensor(-6, dtype=torch.int32)",
"['Bi', 'Bi', 'Bi', 'Bi', 'Bi', 'Bi', 'Bi', 'Bi', 'Bi', 'Bi', 'Bi', 'Bi', 'Bi', 'Bi']","[[-0.23744, 1.278286, 1.624599], [-2.052302, 0.049058, -0.338457], [2.052473, -0.049144, 0.338485], [0.23727, -1.2782, -1.624628], [0.456843, 0.091994, 4.720866], [3.149902, 1.244132, 4.440999], [0.255016, 1.222396, 7.430352], [2.948207, 2.374589, 7.150127], [-2.234022, -1.116378, 12.465064], [-1.724838, 0.056473, 9.814882], [-2.608637, -3.758104, 11.223773], [-2.099256, -2.584922, 8.573579], [1.181666, -1.232793, -4.82437], [-0.183779, 0.404224, -6.728046]]",[-81777.8359375],"[[0.2088649660185722, 0.10326769550191071, 0.11854689583870838], [-0.40461580744414, 0.03885738118008766, -0.17969547603849426], [0.4042645945586634, 0.3081370621607018, 0.2943109987098022], [-0.006112472034929373, -0.38951540171975846, -0.5048782930700587], [-0.060372723682059426, -0.31178797924063667, -0.4347014334077688], [0.08717417492288639, -0.05213279630553512, -0.26309100140596636], [-0.03180885738553944, 0.2867127676140777, 0.08235690196178296], [0.1006156525508753, 0.05236887512796897, 0.0819971530091044], [-0.12042555053241313, -0.14658859650630124, 0.29789028481616914], [-0.06681658024395301, 0.028686631397952918, 0.06277850623652856], [-0.021063748551526026, -0.001191197379388855, 0.0839071751786716], [0.031175604612176683, -0.0025720707999926386, -0.12594463219937088], [-0.5509990241166793, 0.6482613392315807, -0.16979986015734672], [0.4344082760636835, -0.5654578878265358, 0.6570462893567386]]","tensor(-6, dtype=torch.int32)",
"['Bi', 'Bi', 'Bi', 'Bi', 'Bi', 'Bi', 'Bi', 'Bi', 'Bi', 'Bi', 'Bi', 'Bi', 'Bi', 'Bi']","[[-1.5813827600019055, 1.3414655829161575, 0.17150322373257615], [-1.2805736942507517, -1.5700094138102596, 0.4733987506633753], [1.2807324413403334, 1.570116911161214, -0.4733797590576683], [1.5812240129123254, -1.341573080267113, -0.17152221533828327], [0.9300693618500417, 1.6901587934898767, -3.9217340794567805], [1.7493365236410807, -0.35708801435508053, -5.870039878134569], [2.128966342144576, 3.778942445569829, -5.612736090868709], [2.948040812704858, 1.7313619794474133, -7.561038689003894], [-4.349069380356953, 2.1179672981567785, 1.957774911391466], [-2.2557309513640886, 3.7823966168680836, 3.184935424322804], [-5.377662299814603, 1.4413135554164476, 4.6306002396970944], [-3.2841664268396076, 3.106018088668262, 5.857541808916069], [-4.092827492153104, -1.729077518471905, -1.3664442358160813], [-6.7020131315209, -2.253279167700895, -2.4083688753454844]]",[-81777.2578125],"[[-0.49687089639164944, -0.2322576468087043, -0.0410851198846777], [-0.30664381604337293, -0.06908162053377362, -0.052110427695698756], [0.5884322499016822, -0.19427502739728386, -0.3898432175535672], [0.4528344055608617, 0.18864636525317374, 0.0012755152113908673], [-0.21698646831819274, 0.02715290066792485, 0.29625151417967505], [0.12303167355566952, -0.23813591178533325, -0.03926247413311956], [0.17256498028776177, 0.20536034478917625, -0.10265294439709766], [-0.0944008299848694, 0.05136593865383482, 0.04089427193399572], [-0.11859826650819466, 0.00654497296277225, -0.027130454924951124], [0.05483507864004206, -0.0034909018153629913, -0.12001221976031047], [-0.059616099026583116, 0.013964954520251304, 0.17322400581342334], [-0.08544639264587103, -0.032603683512848924, 0.06758271798637122], [-0.7079891270410709, 0.2600962816366562, 0.02417336070004851], [0.6905524100079418, 0.01273068034052678, 0.17348008782948096]]","tensor(-6, dtype=torch.int32)",
"['Bi', 'Bi', 'Bi', 'Bi', 'Bi', 'Bi', 'Bi', 'Bi', 'Bi', 'Bi', 'Bi', 'Bi', 'Bi', 'Bi']","[[-1.422489, -1.344871, -0.70538], [-1.115419, 0.269384, 1.735563], [1.115515, -0.269326, -1.735719], [1.422394, 1.344813, 0.705537], [-2.151621, 0.151743, 6.762647], [0.65084, -0.7394, 6.864574], [-1.460184, 2.084362, 4.653913], [1.342346, 1.192868, 4.755983], [-3.06006, 3.26248, -5.699566], [-2.031407, 2.541135, -3.038767], [-2.600468, 0.506785, -6.624107], [-1.571922, -0.214339, -3.963013], [0.602457, -3.902254, -1.825722], [3.0786, -5.308699, -2.068354]]",[-81777.6796875],"[[-0.17488277964354124, -0.43864057131099743, -0.38352945888336554], [0.15556673942951696, -0.0012267639832495825, 0.5062619072881437], [-0.03387506901606518, -0.3577291443434675, -0.2851325667398908], [0.0852220894824085, 0.1261127824388304, 0.39912634490193105], [-0.1508890260249558, 0.02447019472368158, -0.024094715753189364], [0.11894207461248409, -0.08745823055676237, 0.019395487345512025], [-0.01663536544239832, 0.2011308777568991, 0.0749630736800804], [0.06277084434488348, 0.11321159672704983, -0.05983741970873414], [-0.04447922475485457, -0.08928052663809777, -0.10098748569507465], [0.11980570864053387, -0.03607922040724845, 0.14116058336352783], [-0.2293879341440199, 0.21560151712572687, -0.4960268027583992], [0.1487608713429154, -0.12179862322172455, 0.17688659570814644], [0.4805307040393262, 0.13095309249696072, -0.1317508034036077], [-0.5229688419976, 0.31874657093922437, 0.16274701176489678]]","tensor(-6, dtype=torch.int32)",
"['Bi', 'Bi', 'Bi', 'Bi', 'Bi', 'Bi', 'Bi', 'Bi', 'Bi', 'Bi', 'Bi', 'Bi', 'Bi', 'Bi']","[[-2.015691, 0.079201, -0.510327], [0.108654, 2.074984, -0.10743], [-0.108599, -2.075164, 0.107389], [2.015636, -0.079021, 0.510368], [-4.228045, -4.749782, 0.720352], [-5.679784, -2.881816, -1.029354], [-3.528526, -2.524898, 2.514905], [-4.980536, -0.65708, 0.764969], [0.32511, -4.635403, -2.044321], [1.152971, -4.59838, -4.867721], [0.839002, -7.530763, -1.931801], [1.66698, -7.493403, -4.755347], [5.359345, -0.761988, 1.33152], [7.214724, -0.80057, 3.50507]]",[-81777.140625],"[[-0.18393533033327011, -0.09779484229528143, -0.295395593465362], [0.041312554653517325, 0.5092965306005182, 0.23647718937730694], [-0.16099069022705573, -0.28834320787173623, 0.25470426395798734], [0.6425776554494822, 0.03218514368286943, -0.12125612015557835], [0.04991752231594355, 0.168019987301563, 0.0652963889506374], [-0.009510490126275315, -0.08269248253141993, -0.06487848161238431], [0.051570804266680925, -0.21397575627840193, -0.0661567319648262], [-0.11506207211456991, 0.17245683962917358, 0.10467614659022768], [-0.11981347337636213, 0.06675173698647335, 0.05215290234334205], [0.07154340174597103, 0.10687459527145499, -0.2462885244503584], [0.04987859065040997, -0.3983081165807445, 0.021432264970818602], [-0.0009493469413963051, 0.010772593941961768, 0.06526594707242331], [0.21939338215867663, -0.07729270011692276, 0.6029440783658638], [-0.5221743706827223, 0.09913721599592089, -0.6161569847967892]]","tensor(-6, dtype=torch.int32)",
"['Bi', 'Bi', 'Bi', 'Bi', 'Bi', 'Bi', 'Bi', 'Bi', 'Bi', 'Bi', 'Bi', 'Bi', 'Bi', 'Bi']","[[0.160754, -1.997662, 0.559658], [-2.052634, -0.072172, 0.332251], [2.052793, 0.072208, -0.332354], [-0.160913, 1.997627, -0.559556], [4.710472, 4.959259, -4.259786], [1.980301, 5.404655, -5.262832], [3.680461, 2.989316, -2.331507], [0.950254, 3.434857, -3.334908], [0.458408, 1.817616, -6.270513], [-2.437492, 2.310374, -6.099438], [0.274398, 1.756769, -9.206888], [-2.621634, 2.24969, -9.03549], [1.445402, -2.000951, -2.977847], [1.363937, -1.486959, -5.788082]]",[-81777.5078125],"[[-0.10411770267569237, -0.1878434092931858, 0.060069384763841764], [-0.03580310948652125, 0.028243239271113853, -0.03867034360639159], [0.41812840182478106, -0.12431892277413753, -0.22955150781732903], [-0.2053871356988883, 0.14652915256843724, 0.34490180075519267], [-0.033401373850659284, 0.14618015083289845, -0.07808166926800152], [0.12051517923803329, 0.337595441451264, -0.327117161850448], [-0.09771760631373151, -0.1814264464851874, 0.13710116918809856], [-0.06453338795580545, -0.295862711745255, 0.023133163778357058], [0.29315235614237034, -0.47113336822556795, 0.4131948120925286], [-0.2109964117144736, 0.03512378766131391, 0.15598186997482485], [-0.06068552426512742, -0.08942204023411998, -0.5935127525495726], [0.057322982274761014, 0.07694632090805444, -0.01810572872897501], [-0.27918812153140116, 0.09990669617429165, 0.03238691368580254], [0.21047514597214903, 0.4874740233767153, 0.10064820273484407]]","tensor(-6, dtype=torch.int32)",
"['Bi', 'Bi', 'Bi', 'Bi', 'Bi', 'Bi', 'Bi', 'Bi', 'Bi', 'Bi', 'Bi', 'Bi', 'Bi', 'Bi']","[[2.07033, 0.121462, -0.169399], [-0.049493, 1.929233, 0.777507], [0.049454, -1.929421, -0.777508], [-2.070291, -0.121273, 0.1694], [2.438939, -4.431281, -0.170925], [4.236464, -5.524132, 1.886474], [0.348726, -4.040209, 1.863267], [2.14663, -5.133049, 3.920593], [-5.442071, 0.823867, -4.615336], [-3.82824, -1.593171, -4.155128], [-6.244863, 0.826678, -1.784192], [-4.630747, -1.590432, -1.324233], [0.628655, -4.346504, -3.194189], [0.185641, -7.160793, -2.966686]]",[-81777.234375],"[[0.2362278950773376, 0.2278021796839425, -0.03906920934413342], [0.33033340799027544, 0.07977895824471122, 0.08403048535427526], [-0.18409772129847293, -0.3936587881707343, -0.11128342255915566], [-0.4403995153755089, 0.13689393815903989, 0.08708218080105364], [-0.1350546213653922, 0.35031155905545597, -0.16295239159865868], [0.18669947344394522, -0.239503585155029, 0.4147838061443754], [-0.37169116780449885, 0.20171462134049073, -0.3656634702297447], [0.4686439219281016, -0.21598018940810607, 0.04172802972683878], [-0.01357393579368427, 0.02283909112104172, -0.07907211017388226], [0.008754302558577422, -0.056698666660914485, 0.022212142696106406], [-0.06970249086748442, 0.016422431703383648, 0.07269068003116416], [-0.11117116813324122, -0.14546636077970648, -0.17023499389627836], [0.2498578346709593, -0.7447646642747932, 0.41673023515477964], [-0.17378563789763649, 0.7502776267128531, -0.18611120471629475]]","tensor(-6, dtype=torch.int32)",
"['Bi', 'Bi', 'Bi', 'Bi', 'Bi', 'Bi', 'Bi', 'Bi', 'Bi', 'Bi', 'Bi', 'Bi', 'Bi', 'Bi']","[[-1.3609851614456696, -0.2517758863364056, -1.553719084298935], [0.13770568346568957, 2.0268665694233317, -0.4491703212422229], [-0.13763590859724206, -2.0270428776174128, 0.4492044370513626], [1.3609153865772234, 0.25195219453048645, 1.5536849684897969], [-6.454056407410118, 3.248715747768949, 0.2148991930054508], [-4.443488953354989, 1.2033574289179618, 0.8725020518673511], [-6.658510386618107, 2.1696969384458784, -2.5152612229166693], [-4.647894446881993, 0.12425226622706864, -1.8572859929567964], [1.8177523906805146, 0.357425167054245, 5.377468847790417], [4.09768702870868, 0.23394486066714948, 3.521407340179227], [1.6116139846248738, 3.2587995082899255, 4.930934631046546], [3.891626195063524, 3.1349781380134116, 3.0747114882149775], [4.535521806603636, 3.5330006125911195, -2.370478074833532], [1.9738187442034374, 4.5693741411380655, -1.641196679477392]]",[-81777.3046875],"[[-0.036277848520386166, -0.2727519782832442, -0.3141415169500627], [0.055080567705234666, 1.1399691490962656, -0.25199812496661206], [-0.07545153212797827, -0.2663188175163988, 0.07510001070995218], [0.3845026219664761, -0.02533541769436112, 0.4291941273997823], [-0.137688100941368, 0.03068670907650039, -0.09687418116767182], [0.18178717245760595, -0.08634967310652733, -0.08161081883508012], [-0.33593466215957457, 0.3121911798606985, -0.041812891604569684], [0.14987858192545128, -0.16505504092327647, 0.11893826937770732], [-0.05365206200120233, -0.04494661042962386, 0.04281393574573377], [0.16793935746196895, -0.06610896084175039, 0.041560959351302385], [0.0491502687141381, 0.0076188770654929735, 0.06702993050190946], [-0.12263901446438115, -0.002360289944271145, -0.09326707570976123], [-0.7259086975141158, 0.4228484356107108, 0.19398438973568594], [0.5069022151724708, -0.9894679999080817, -0.08871308385753633]]","tensor(-6, dtype=torch.int32)",
"['Bi', 'Bi', 'Bi', 'Bi', 'Bi', 'Bi', 'Bi', 'Bi', 'Bi', 'Bi', 'Bi', 'Bi', 'Bi', 'Bi']","[[0.834245, 1.741865, 0.774376], [-0.561491, 1.032312, -1.716964], [0.561461, -1.032426, 1.717117], [-0.834215, -1.741751, -0.774529], [2.605638, -4.097033, 2.762897], [3.250702, -6.794899, 1.7812], [-0.131002, -4.370664, 1.716097], [0.514357, -7.068712, 0.734568], [5.882432, 4.804423, -1.695048], [6.412932, 2.335061, -3.204729], [3.452561, 3.590179, -0.563147], [3.983424, 1.120755, -2.072941], [3.552406, -1.075758, 5.230999], [3.297315, 0.582447, 2.917229]]",[-81777.7109375],"[[-0.14580286694699188, 0.6645539147271028, -0.22776479582336545], [0.17634666374657912, 0.3336825802368316, -0.0017386693622442105], [0.18681615016973532, -0.3493455436430747, 0.3399718619914422], [0.06950621274393183, -0.2796657299179761, -0.011095550388116378], [-0.022235694014049057, 0.23520685802696803, 0.09588888247094887], [0.012852766670350882, -0.26817170974222304, -0.08738063462057141], [-0.22262978575840253, -0.11628920890798342, 0.20240444869900737], [0.11698412705356633, -0.19318379919191056, -0.06355138027294346], [0.3324772978323387, 0.11332750212146628, -0.23333134008084958], [0.10176827873359254, 0.12203691319409625, 0.014527440211184644], [-0.17478230087659816, -0.22521009489168686, 0.15313046357474216], [-0.2854644963410257, 0.027163627316227987, 0.16056275558094496], [-0.14937546818145372, 0.5268054442502225, -0.8819624041508748], [0.01002959099854443, -0.5803312135945096, 0.5309315528784281]]","tensor(-6, dtype=torch.int32)",
"['Bi', 'Bi', 'Bi', 'Bi', 'Bi', 'Bi', 'Bi', 'Bi', 'Bi', 'Bi', 'Bi', 'Bi', 'Bi', 'Bi']","[[-0.137378, -1.89591, -0.846384], [-1.182582, 0.768486, -1.529651], [1.182738, -0.768493, 1.529765], [0.137222, 1.895917, 0.846271], [-1.765325, -0.410715, 3.600016], [-0.518444, -2.539924, 5.203161], [0.561493, 1.322315, 4.092341], [1.808255, -0.807254, 5.695423], [-2.714574, -7.998238, 3.413538], [-0.334434, -6.270888, 3.511049], [-3.219979, -7.462349, 6.262616], [-0.839714, -5.734851, 6.359794], [3.743014, -3.097192, 2.543835], [3.260986, -2.694782, -0.244347]]",[-81777.3515625],"[[-0.06667280407590138, -0.45612649928576643, -0.3999540863100596], [0.040610108313727425, -0.04058430470817367, -0.16507010759610877], [0.18565344525706884, -0.3443680908667063, 0.4965975879749132], [-0.32885497143532105, 0.6492589278081907, -0.38342964860361295], [0.08625762756260301, 0.19963490626871663, -0.5731624598076432], [0.21762451363049057, -0.12050643748246506, 0.24352654106752955], [0.006830005616388205, 0.38149828626604093, 0.5174219409790985], [0.2631672603677763, -0.2116552829738604, 0.20241735564399344], [-0.15202838530804597, -0.1696815379246261, -0.03609055383623221], [0.13714256397181873, 0.25828627543520793, 0.05667953764284753], [-0.11798829765789834, -0.17195022918294872, 0.01958889097414543], [0.06606201247213983, -0.06751319531855798, 0.030640480616171913], [-0.19088302054844336, -0.1487379370900717, -0.1507776457745982], [-0.1524025324463663, 0.2450597421500144, 0.14495831051491745]]","tensor(-6, dtype=torch.int32)",
"['Bi', 'Bi', 'Bi', 'Bi', 'Bi', 'Bi', 'Bi', 'Bi', 'Bi', 'Bi', 'Bi', 'Bi', 'Bi', 'Bi']","[[-1.5585359542776647, 0.8837289683956907, -1.0581604269545326], [0.599339349223654, 1.8724528253594785, 0.6808947673943271], [-0.5993137197867342, -1.8726246229561558, -0.680978108367079], [1.5585103248407461, -0.8835571707990143, 1.0582437679272851], [3.4549368697038303, -3.5607028216515877, -0.07142447673640762], [5.932354365581044, -4.6181891210706745, -1.2556706240573106], [4.197833755922959, -0.8487738499517585, -0.9394131783080497], [6.675257964720961, -1.9066348402704443, -2.1237489340351012], [-0.2039468488496864, -6.141716974864108, -2.8278771405150773], [-0.2638659584689951, -5.137260725528862, -0.06277479100687144], [-1.4352508020396444, -8.662269296094934, -1.9387396438635849], [-1.4951583191469577, -7.657431058426953, 0.8264118841696162], [4.233327093321816, -6.9612854685533, 4.538803356726903], [3.977953081233232, -6.479074084519405, 1.7333621580464005]]",[-81777.5625],"[[-0.10767518581523035, 0.3791426916729518, -0.09394399612329189], [-0.10038574437943079, 0.13202004947510926, -0.04460954890374945], [-0.032943228725746544, -0.09885418880387646, -0.0271911535618496], [-0.23988513707453657, -0.05283686758341887, 0.39234737056922475], [-0.4095103678088849, -0.34143163232715384, 0.18177349418124625], [0.46499804421314134, -0.15422678256718167, -0.12837216629857745], [-0.03685879474219595, 0.3598031001409848, 0.10653937465645906], [0.306087274746226, -0.4526776710257324, -0.15506455128316782], [0.05850373634157133, 0.17812386265360078, 0.05622100685224795], [0.32133397632114646, -0.11475595640340702, -0.054878478885333766], [-0.08717525478680953, -0.09668489644857381, 0.06258155962578545], [-0.08824190323240862, -0.22228628618666263, 0.059004998890272095], [-0.08430703336278088, 0.22792831807458297, -1.1230301979096102], [0.037546482941703006, 0.2604930544952708, 0.7490440107359009]]","tensor(-6, dtype=torch.int32)",
"['Bi', 'Bi', 'Bi', 'Bi', 'Bi', 'Bi', 'Bi', 'Bi', 'Bi', 'Bi', 'Bi', 'Bi', 'Bi', 'Bi']","[[-1.5813827600019055, 1.3414655829161575, 0.17150322373257615], [-1.2805736942507517, -1.5700094138102596, 0.4733987506633753], [1.2807324413403334, 1.570116911161214, -0.4733797590576683], [1.5812240129123254, -1.341573080267113, -0.17152221533828327], [0.9300693618500417, 1.6901587934898767, -3.9217340794567805], [1.7493365236410807, -0.35708801435508053, -5.870039878134569], [2.128966342144576, 3.778942445569829, -5.612736090868709], [2.948040812704858, 1.7313619794474133, -7.561038689003894], [-4.349069380356953, 2.1179672981567785, 1.957774911391466], [-2.2557309513640886, 3.7823966168680836, 3.184935424322804], [-5.377662299814603, 1.4413135554164476, 4.6306002396970944], [-3.2841664268396076, 3.106018088668262, 5.857541808916069], [-4.092827492153104, -1.729077518471905, -1.3664442358160813], [-6.7020131315209, -2.253279167700895, -2.4083688753454844]]",[-81777.2578125],"[[-0.49687089639164944, -0.2322576468087043, -0.0410851198846777], [-0.30664381604337293, -0.06908162053377362, -0.052110427695698756], [0.5884322499016822, -0.19427502739728386, -0.3898432175535672], [0.4528344055608617, 0.18864636525317374, 0.0012755152113908673], [-0.21698646831819274, 0.02715290066792485, 0.29625151417967505], [0.12303167355566952, -0.23813591178533325, -0.03926247413311956], [0.17256498028776177, 0.20536034478917625, -0.10265294439709766], [-0.0944008299848694, 0.05136593865383482, 0.04089427193399572], [-0.11859826650819466, 0.00654497296277225, -0.027130454924951124], [0.05483507864004206, -0.0034909018153629913, -0.12001221976031047], [-0.059616099026583116, 0.013964954520251304, 0.17322400581342334], [-0.08544639264587103, -0.032603683512848924, 0.06758271798637122], [-0.7079891270410709, 0.2600962816366562, 0.02417336070004851], [0.6905524100079418, 0.01273068034052678, 0.17348008782948096]]","tensor(-6, dtype=torch.int32)",
"['Bi', 'Bi', 'Bi', 'Bi', 'Bi', 'Bi', 'Bi', 'Bi', 'Bi', 'Bi', 'Bi', 'Bi', 'Bi', 'Bi']","[[-0.18828192861342719, -1.9692136012376247, 0.6453389865712836], [-0.43855126216850626, 0.6710529388911092, 1.9199650170369027], [0.4385295512199263, -0.6710609435789525, -1.920156280100991], [0.1883036395620073, 1.96922160592547, -0.6451477235071958], [-3.504128564466863, -2.710718194743849, 3.858591146532678], [-0.564819421913838, -2.8311906401483906, 3.9238737183604506], [-3.63959152255574, -5.070195683977087, 5.611980630344652], [-0.700090721656724, -5.190343864736441, 5.677182038644328], [4.552766190938027, -0.1485005603450107, -4.584377060472243], [2.2817076714888658, -0.35318504727065025, -6.444138099377879], [2.9256405421900094, 1.5123129657662595, -2.780486966307083], [0.6545806084962316, 1.3073307262684997, -4.640492564828576], [-3.9690726686271747, 4.051856760650518, 1.5364157910254082], [-3.143949265655925, 1.89514352176107, -0.14762797303303532]]",[-81778.078125],"[[0.07577009198530298, -0.2184618709697441, 0.45519575942820756], [-0.6042609981311722, -0.2881706867544926, 0.07745529677049187], [0.07587854117644063, 0.07667974878531493, -0.5119885285167095], [-0.587437232429651, 0.4498458050204493, -0.28618790232534275], [0.024981191474318026, 0.20059408254291805, -0.0958686221668672], [0.0006858729996743586, 0.19134057431930296, -0.023917263257363406], [-0.10734526167566694, -0.20199199210246155, 0.08201545927370613], [0.0246916850987348, -0.19438342516632995, 0.24056591414493556], [0.24173026456453253, -0.20850269738340635, -0.28236405275143156], [0.038012953303242204, -0.02534518274955175, -0.03262793931344619], [0.020244378659906442, 0.0722861938588129, 0.19536882670723604], [-0.09457329968002147, 0.2519425376856164, -0.1812737742952928], [0.03833671193402543, -0.16314856687802812, -0.31088526442298775], [0.8388372670491212, 0.06202512117282167, 0.6713848253723028]]","tensor(-6, dtype=torch.int32)",
"['Bi', 'Bi', 'Bi', 'Bi', 'Bi', 'Bi', 'Bi', 'Bi', 'Bi', 'Bi', 'Bi', 'Bi', 'Bi', 'Bi']","[[-0.978038, -1.211933, 1.379991], [1.37996, -1.51643, -0.35363], [-1.380015, 1.51661, 0.353674], [0.978092, 1.211754, -1.380035], [-2.372621, 5.077156, 6.7443], [-0.270875, 3.769498, 5.153387], [-4.428982, 3.868087, 5.021108], [-2.326893, 2.560377, 3.430363], [-3.352834, -0.492412, -1.547578], [-5.414228, 0.027241, -3.582014], [-3.603934, -3.38414, -2.032052], [-5.665332, -2.864137, -4.066649], [0.903707, -4.72936, 0.545225], [0.954665, -5.56884, 3.276693]]",[-81777.4140625],"[[-0.08807807244864162, -0.1177046019786634, 0.30447735190310704], [0.1618337554184744, -0.3764393808966132, -0.015769983063234884], [0.002810091320604471, 0.1267450684768715, 0.03456172363153152], [0.2116645389503444, 0.09002151897773442, -0.129427553306121], [-0.051691800448163586, -0.04898751779429424, -0.06518819686995762], [0.12376233005489902, 0.0026505301131011876, -0.014036842604277122], [-0.2334978448133786, 0.20619286845182144, 0.2189650875579248], [0.11856581916840904, -0.19825226907037172, -0.030121621427733215], [0.025064798653014433, 0.0018493800969694638, 0.1740881540623889], [-0.3757233796934834, 0.11804912999223492, -0.4093153752376218], [0.15325655054329104, -0.27817212384600626, 0.14622509374093748], [-0.031545380872712914, 0.1085802146270003, -0.02129882978538327], [0.07323637126698818, -0.08913952726299135, 0.9100064702346803], [-0.0904271364361004, 0.4609128675698316, -1.10442671361858]]","tensor(-6, dtype=torch.int32)",
"['Bi', 'Bi', 'Bi', 'Bi', 'Bi', 'Bi', 'Bi', 'Bi', 'Bi', 'Bi', 'Bi', 'Bi', 'Bi', 'Bi']","[[-0.4112582868209804, -0.6606633598633073, -1.9297940941939107], [0.8510835319164072, -1.8444682415509968, 0.44999850066413283], [-0.8512027318337977, 1.8446169530741083, -0.44997033574645007], [0.4113774867383711, 0.6605146483401961, 1.9297659292762297], [-4.166450101581, 3.5879940960801355, 6.111180318493423], [-1.5591924734715177, 4.278166204873444, 4.934666918361187], [-4.968632626836098, 2.3112817553647598, 3.5840539440524024], [-2.361083714046184, 3.0015202500337934, 2.4077838834986363], [6.027848905497214, -6.38450805211427, 0.7221061745850099], [3.4568945699611957, -7.35963750606799, 1.7697845662694391], [4.936153420302614, -3.6552276142396884, 0.5839462086185278], [2.3652033609600447, -4.630687293075454, 1.631823097762509], [0.9830252600092083, -5.353345229931226, -3.9669199850456236], [2.7456884191330717, -4.708494982781109, -1.8115938448956201]]",[-81777.703125],"[[0.10286706598642778, -0.15530962897162778, -0.2846191171554861], [0.08907854066238002, -0.1283864616400361, -0.30164625722919763], [-0.004293294189227236, -0.07273757697868316, -0.04632111265308114], [-0.12050582041736613, 0.33614564700131844, 0.17162328752469683], [0.00965449769373905, -0.0008517529537907267, 0.11519607808522174], [0.06773019654501647, 0.17991448272652424, 0.19150965015641092], [-0.16079384646049577, -0.05948589829070803, -0.08393175493844582], [0.058099353013403215, 0.04059282534874811, 0.03764958937752573], [-0.25191852356884953, -0.06440637538960818, 0.00912244359660148], [0.4336831217282528, -0.4123365773840945, -0.14027581485583954], [0.19546606588240972, 0.3074991196925871, 0.31685104979948214], [-0.1461063087093927, 0.22365205693897, -0.18625138133793595], [0.19149026402788605, 0.2309109022302807, 0.4252647596939534], [-0.4682525483891027, -0.43227729316660635, -0.2277356394974408]]","tensor(-6, dtype=torch.int32)",
"['Bi', 'Bi', 'Bi', 'Bi', 'Bi', 'Bi', 'Bi', 'Bi', 'Bi', 'Bi', 'Bi', 'Bi', 'Bi', 'Bi']","[[1.544448, 0.537101, 1.286825], [-1.088545, -0.735281, 1.613486], [1.088626, 0.735272, -1.61366], [-1.54453, -0.537091, -1.28665], [5.745453, 5.795413, 4.351556], [3.80867, 5.588138, 2.146058], [6.063435, 2.869883, 4.347011], [4.126598, 2.662921, 2.141296], [0.4153, -6.054433, 5.285702], [-2.400918, -5.207021, 5.381226], [1.200592, -3.348343, 4.437027], [-1.615864, -2.501137, 4.532773], [-1.561721, -0.715411, -4.703965], [-2.203056, -3.383722, -5.50212]]",[-81777.703125],"[[0.26652394023970283, -0.033673689821028044, 0.17127089193111392], [-0.2346717083199175, -0.29770922763172364, 0.41994118481917464], [0.010573744713830269, 0.11009572650998233, -0.26360213699625007], [-0.25364512313775855, 0.09273886798507368, -0.9186494953870833], [-0.022843348870224364, -0.04549220910568303, -0.00046795517443350804], [-0.02905003131913349, 0.13281076697730168, -0.02551980188813177], [0.13516502459600982, -0.008108358813013253, 0.1453594028292246], [-0.041911339198895455, -0.0032999808453109637, -0.1258712528746893], [-0.0009552584250440933, -0.00012981856689047886, 0.043214313292967974], [-0.04392902380159918, -0.15536542194098976, -0.025441280354292415], [0.03851925007470844, -0.01421044872765306, -0.04551658831930008], [0.06341876269876423, 0.2654439220502935, 0.05083655336325014], [-0.10419910384666009, -1.074114933296192, 0.389856278764828], [0.21867604398116577, 1.0313163264759575, 0.18535293455388796]]","tensor(-6, dtype=torch.int32)",
"['Bi', 'Bi', 'Bi', 'Bi', 'Bi', 'Bi', 'Bi', 'Bi', 'Bi', 'Bi', 'Bi', 'Bi', 'Bi', 'Bi']","[[0.02107734983763987, 0.43759557251037184, 2.0341535241406046], [0.7338600201809578, -1.9048739734344275, 0.40225556441352117], [-0.7338615147374419, 1.905045457675898, -0.40234335918118036], [-0.021075855281155798, -0.4377670567518429, -2.034065729372947], [2.405783345813334, -1.331387433978565, -4.091349079825275], [0.9576977697925619, -0.49540388314905426, -6.512607704393307], [2.992306701993507, 1.4846163603172986, -3.470082711572939], [1.5439614162484832, 2.3203542831849724, -5.891485161602879], [1.4966369718257155, -3.1575202140555296, 5.442148508096919], [0.19122006213095188, -0.5217390337215073, 5.3593359422511435], [-0.5015158892174226, -4.085638544236797, 7.393004839619477], [-1.806871398108746, -1.4496398611870351, 7.309880199247374], [1.3940854198811756, -0.7924818807232586, -9.88415326171527], [3.698066887072673, -2.448932288143954, -9.543440082061291]]",[-81777.234375],"[[0.09388074695065114, 0.061087490754991376, 0.17087751293054346], [0.02725596596607431, -0.3656748345119834, 0.11097776964681699], [-0.2109782597161466, 0.4840560997937196, -0.017249874863380952], [0.12131011335173508, 0.04349068132415306, -0.20093130861948547], [0.3476496944849292, -0.4163210181500032, -0.04890326783945311], [-0.2780224341374231, 0.08923321831384616, -0.5306872979434334], [-0.4492427267304245, 0.1152957340986996, -0.05752414549701352], [0.1687754806710246, 0.10782194446459349, 0.05236836090705319], [0.0966832509416433, -0.005374405612303509, -0.05395421821131371], [0.08973360668699011, 0.03763819424203208, -0.005618691400553185], [-0.05682958730607167, -0.05717555513820736, 0.00788126342997805], [-0.12137223123836112, -0.003356866019898031, 0.15556118584362658], [0.7791377613899988, -0.4660379531711199, 0.7112899110994523], [-0.6095070799139433, 0.393362596923246, -0.28648805307388253]]","tensor(-6, dtype=torch.int32)",
"['Bi', 'Bi', 'Bi', 'Bi', 'Bi', 'Bi', 'Bi', 'Bi', 'Bi', 'Bi', 'Bi', 'Bi', 'Bi', 'Bi']","[[0.075729, -0.934739, 1.857483], [-1.978537, -0.603763, -0.223084], [1.978721, 0.603782, 0.22303], [-0.075913, 0.93472, -1.857429], [5.299774, 1.044812, -0.056331], [5.120225, 3.561749, 1.457308], [3.887244, 2.300694, -2.311852], [3.70795, 4.817685, -0.797929], [-3.299092, 1.694253, -7.261346], [-1.59731, 3.147428, -5.350709], [-1.494966, -0.625267, -7.103812], [0.206654, 0.828197, -5.192979], [8.688969, 4.776014, -3.188049], [7.817468, 2.330666, -1.99264]]",[-81777.6171875],"[[-0.29212514844101145, -0.3249284319445289, 0.27594426172839637], [-0.20602559238791876, -0.11056937539550578, 0.14920814069545943], [0.33550343649960285, 0.12733991923224391, 0.20800230901026237], [0.05795933065803676, 0.26193302732572504, -0.39450606997366233], [0.27240426209999485, 0.09546691278746114, 0.012872965267922656], [-0.007567645235653974, 0.12161514919897481, -0.13536315391485923], [0.12727533308522215, 0.09287102276042872, -0.19386946136100944], [0.11158048798220081, 0.01482696875241639, 0.06746059051887386], [-0.11993457240202793, -0.018147992546042838, -0.09433583246111502], [0.05496270827133826, 0.05261693529774046, 0.11276818403137413], [-0.0453048989949016, -0.11914766013461227, -0.17252039733436378], [0.09509338271423971, 0.01441275352033859, 0.029945073960719024], [-0.37602018800607073, -0.537426163044709, 0.39627853804825885], [-0.023028015885498698, 0.3351893503642454, -0.26918482779048963]]","tensor(-6, dtype=torch.int32)",
"['Bi', 'Bi', 'Bi', 'Bi', 'Bi', 'Bi', 'Bi', 'Bi', 'Bi', 'Bi', 'Bi', 'Bi', 'Bi', 'Bi']","[[1.619821, 1.183642, -0.552166], [1.251566, -1.65793, 0.11729], [-1.251721, 1.658027, -0.117349], [-1.619665, -1.18374, 0.552225], [-3.89681, 4.497541, 4.353578], [-2.295367, 4.107083, 1.916113], [-2.820787, 7.223173, 4.623693], [-1.219461, 6.832444, 2.185981], [-1.375974, -6.867966, -2.074246], [-0.57681, -4.195256, -1.138155], [-4.165551, -5.956881, -2.29344], [-3.366016, -3.284072, -1.357391], [0.236655, -0.639586, -3.106288], [-0.018252, 0.306613, -5.791055]]",[-81778.2109375],"[[0.22700534295285238, 0.1649934886796578, -0.4079476504458344], [0.2006691073745301, -0.3307224161130618, 0.4723180303713381], [-0.07169046892788364, 0.2561640857157905, -0.49010354345163964], [0.11736557612889072, -0.2587851725676961, 0.5043834582828052], [-0.10101139696765833, -0.019123994128608515, 0.23190576543603716], [-0.06992735967395432, -0.0016943707730126506, -0.07718281110722092], [-0.016831309322355666, -0.06726796336382328, -0.08029683012899162], [0.12451941750919951, 0.16610739402741692, 0.0057795705562636085], [-0.2622551867294602, -0.4554775010679626, -0.08403423916696044], [0.06708685475728614, 0.13213816601946354, -0.27691454517437863], [0.17352904166066307, -0.34095890903927883, -0.034599302896056595], [-0.09337094833474846, 0.33153298254260327, -0.17006401544178204], [-0.48951563467863024, 0.6106404228123188, 0.17115370098440802], [0.19747240162950225, -0.19812268539959557, 0.2225065270048905]]","tensor(-6, dtype=torch.int32)",
"['Bi', 'Bi', 'Bi', 'Bi', 'Bi', 'Bi', 'Bi', 'Bi', 'Bi', 'Bi', 'Bi', 'Bi', 'Bi', 'Bi']","[[-1.9792816387816967, -0.5636332051003369, 0.3073703043894472], [-0.4018615660901834, 1.8643927543039576, 0.8315358455219756], [0.40192704061361273, -1.8645128806295959, -0.8316714912099665], [1.9792161642582693, 0.5637533314259755, -0.3072346587014566], [-1.6658439484148926, -5.305447415000321, -3.936100212000612], [0.9023252507357302, -4.002819796722795, -3.3311358226216425], [-1.5569672867389588, -6.7176374666865835, -1.3566188595548037], [1.0112811335742713, -5.414681507996412, -0.7518399009737582], [-6.217064473890532, -5.410468167671567, 2.4824569164958277], [-4.16038283443072, -3.7516902197691078, 3.777381629845375], [-4.158870841346173, -6.617341898653975, 0.7599141200540509], [-2.1022684021402185, -4.958427225592375, 2.0551902612776303], [-2.146928415327077, -0.41797173232887963, -3.060157767688718], [-4.732660495605584, 0.7759213500848237, -3.2985963152838815]]",[-81777.3984375],"[[-0.7530755027156033, 0.1267629633647406, -0.2260613361956664], [0.04495315131967256, 0.09385426457348856, 0.05766869299643883], [0.3352828871488255, -0.4045097236692149, -0.06581071271059893], [0.33751805120343936, 0.3661901352916849, 0.004287084457448296], [-0.16959556018750796, -0.03149844278752067, -0.010658184930410236], [0.1598478342417383, -0.011576907445167359, -0.2039870664114985], [-0.06403711334998773, -0.18141431087157506, -0.18785503068588238], [0.24360387989326265, 0.01674268848973042, 0.09529351749466065], [-0.2831099816118597, 0.23584120094867222, 0.27876882579667545], [-0.15749141689518387, -0.02737038526204416, 0.12302555432677174], [0.23434738918833603, -0.11440741746669245, -0.06858107789435494], [0.03917089653022859, 0.07063307645876855, -0.28322490998653616], [-0.446652081756733, 0.09966007582308435, 0.48800439082924907], [0.4760352305273169, -0.2307265026098826, -0.009558364093534282]]","tensor(-6, dtype=torch.int32)",
"['Bi', 'Bi', 'Bi', 'Bi', 'Bi', 'Bi', 'Bi', 'Bi', 'Bi', 'Bi', 'Bi', 'Bi', 'Bi', 'Bi']","[[1.63913, -1.229866, 0.361107], [-0.234917, -0.864573, -1.877826], [0.234937, 0.86472, 1.87795], [-1.63915, 1.229719, -0.36123], [-0.089091, 1.649916, 5.204498], [-2.167689, 3.561031, 4.376621], [1.978327, 3.685269, 4.711567], [-0.10063, 5.59632, 3.883815], [0.478296, -0.750263, 11.700399], [-0.635869, -2.166999, 9.374499], [2.106414, 0.917868, 9.904172], [0.99191, -0.499046, 7.57832], [0.385712, -0.10557, 15.027514], [0.080568, 2.390326, 16.386057]]",[-81777.40625],"[[0.1916707041472327, -0.2917939387491586, -0.14658083177047299], [0.0726260938841424, -0.005720594559432986, -0.0003821475930163943], [-0.035735664271207765, 0.2445482980271812, 0.08869719443123879], [-0.25727038059399615, 0.07741796433200637, -0.07373310867163009], [0.05398964803241084, -0.31527172310085205, -0.02721894206013827], [-0.2186576862944725, 0.2423596195433537, -0.02674135424239994], [0.18400387598134338, 0.1237011377659214, 0.09680666396143012], [-0.021543840625124197, -0.13538325995266617, -0.014551099515519608], [0.25669085362191396, 0.058127223787038405, 0.5188499324622151], [-0.2569423590718211, -0.1491771845963296, -0.14635308332687472], [0.04164796038804293, 0.2195365412616293, 0.00908459179499103], [0.07591849614159663, 0.04137135067302743, 0.06205720855796623], [-0.24344015195367882, 0.6513631197955558, 0.1406837977304181], [0.1668839704544254, -0.7581200098993892, -0.48078606614610175]]","tensor(-6, dtype=torch.int32)",
"['Bi', 'Bi', 'Bi', 'Bi', 'Bi', 'Bi', 'Bi', 'Bi', 'Bi', 'Bi', 'Bi', 'Bi', 'Bi', 'Bi']","[[0.92513, 0.237267, 1.848663], [-1.76916, -0.536868, 0.954332], [1.769305, 0.536845, -0.954457], [-0.925274, -0.237245, -1.848537], [-3.842516, 1.514243, -2.269142], [-5.810862, 0.716826, -4.305819], [-5.253172, 4.071382, -1.907276], [-7.221558, 3.273588, -3.944022], [-5.971079, 7.311043, -2.242269], [-4.416829, 9.800365, -2.456504], [-7.367607, 8.386029, 0.114418], [-5.813204, 10.875435, -0.100161], [1.382045, 3.395579, 3.023211], [4.186372, 3.319026, 2.477195]]",[-81777.9140625],"[[0.36956388729801526, 0.5070906771381036, 0.4302386643460029], [-0.4230516042945348, 0.02485121699564588, -0.18598496348147117], [0.24094849450627467, 0.29491155731733976, -0.04641744679944307], [-0.22295559613063973, -0.16510764572296058, 0.0421112425799043], [0.3178789259880315, -0.6061445893456684, 0.10474381806274412], [0.044263653062541965, -0.07973046721235331, -0.177420768395457], [-0.12967551063170932, 0.3972602886206629, 0.08063714153105375], [0.002830041549473925, 0.07216663749589441, 0.09347188990051576], [-0.1942076130352253, 0.01802533543100222, -0.08940471098925826], [0.11683705987165371, 0.12505996653586576, -0.04771770580708028], [-0.066411939805327, -0.0063048626483586945, 0.09682394178420027], [0.01656361619801976, 0.026953562929923364, -0.005742459232771883], [0.9085142011370915, -0.6251841329732786, -0.48245095920511744], [-0.9781546255400414, 0.02200414547788321, 0.1841467779738382]]","tensor(-6, dtype=torch.int32)",
"['Bi', 'Bi', 'Bi', 'Bi', 'Bi', 'Bi', 'Bi', 'Bi', 'Bi', 'Bi', 'Bi', 'Bi', 'Bi', 'Bi']","[[-0.224214, 2.025178, -0.422016], [2.033964, 0.293103, 0.325553], [-2.034118, -0.293187, -0.325633], [0.224367, -2.025093, 0.422096], [1.589483, 2.450304, -3.171151], [3.863823, 4.271465, -3.582318], [2.441602, 0.86136, -5.496879], [4.716061, 2.682728, -5.907742], [6.064342, 2.774792, -9.768814], [5.941521, 5.120484, -11.541088], [7.149732, 4.459797, -7.614157], [7.026667, 6.805472, -9.386729], [-1.434942, -2.456141, 3.410347], [-4.119688, -2.253525, 4.369163]]",[-81777.4453125],"[[-0.14635184919667685, -0.14298190242512326, 0.016066122888631653], [0.09915865900810884, 0.06432322586752681, 0.023336671847985508], [-0.15467770288822774, 0.2118996921751299, 0.042355620927918815], [-0.24527391516143604, -0.2583477248346434, 0.2882521907696434], [-0.07954689034542042, 0.014953976176404492, -0.03452246286461184], [0.23691499706500063, 0.2743778419747523, 0.12312886130875164], [-0.22604878920532143, -0.42643255539368613, -0.044517703905982274], [0.10261679466671844, 0.06742413225594517, -0.04773699937584028], [0.0035034961140322355, -0.05162047800714512, 0.07006187986552194], [0.026710804377793548, 0.09193406082978894, -0.014700275003186913], [0.03128450631772023, 0.0062537645159577975, 0.015169470735579735], [0.01561008092726444, 0.0780019136039643, -0.1400536199981317], [-0.37674847908908765, 0.08921393502950448, 0.11979784106052245], [0.7047140540284784, -0.019546112936161826, -0.42109566219718864]]","tensor(-6, dtype=torch.int32)",
"['Bi', 'Bi', 'Bi', 'Bi', 'Bi', 'Bi', 'Bi', 'Bi', 'Bi', 'Bi', 'Bi', 'Bi', 'Bi', 'Bi']","[[-1.241457, -0.179437, -1.660211], [0.461248, 1.951191, -0.555886], [-0.461207, -1.951372, 0.555938], [1.241416, 0.179619, 1.66016], [0.995094, 0.808595, 5.029822], [-1.312403, 2.591261, 4.635013], [1.668156, 2.230867, 7.516585], [-0.639626, 4.013405, 7.121551], [-2.717776, -1.279336, -6.335932], [-0.264043, 0.101175, -7.191324], [-1.254808, -2.484415, -4.08485], [1.198883, -1.10359, -4.940462], [-2.551331, -4.08385, -1.442421], [-5.339278, -4.653597, -1.708844]]",[-81777.625],"[[-0.08528734411662078, -0.1621005332295802, -0.15375308225956663], [0.25177459313452316, 0.2998775943893779, 0.1660169425683315], [-0.13769817967131726, -0.5964494681995828, -0.19503556013172008], [-0.09404540048788339, 0.279708255987711, -0.04485791246386125], [-0.07692570064933173, -0.05771245319637156, -0.24762436754536746], [0.053652833332576, -0.11564987804339616, -0.16187232198715776], [-0.0068154788755174665, 0.22665562130803152, 0.3937451258624935], [0.10365932615136751, -0.01801069041932085, 0.13031257892426715], [-0.24964145050959974, 0.05816928705794907, -0.182850169934703], [0.08630673566005984, -0.2742352485148069, 0.2733826188143548], [-0.24041385902013987, -0.264621785650147, 0.28990212000001], [0.24196032700225178, 0.31487484739805427, -0.18215370912637277], [-0.5088038041190193, 0.17761210999821814, -0.14853939639448965], [0.6597932574888267, 0.1136374230674059, 0.05713179493827462]]","tensor(-6, dtype=torch.int32)",
"['Bi', 'Bi', 'Bi', 'Bi', 'Bi', 'Bi', 'Bi', 'Bi', 'Bi', 'Bi', 'Bi', 'Bi', 'Bi', 'Bi']","[[-1.627984, 0.17426, 1.284141], [0.921026, 1.605734, 0.94986], [-0.921093, -1.605832, -0.950012], [1.62805, -0.174162, -1.283989], [0.949263, -4.476623, 1.082255], [1.936469, -5.078029, -1.623673], [-1.822565, -4.647721, 0.108831], [-0.835002, -5.249271, -2.597127], [-4.71678, 2.261317, 5.337437], [-2.386842, 4.019452, 5.709812], [-2.949663, 0.131862, 4.33615], [-0.619761, 1.890287, 4.708776], [-5.589792, -5.727868, -1.066016], [-4.430053, -3.132397, -1.360597]]",[-81777.3359375],"[[-0.27782404770811586, 0.19235734333607155, 0.24291333262546383], [0.0891403500164566, 0.2704435377481319, 0.316068097033118], [0.01116911997453679, -0.21094776641584095, -0.47679509477456256], [0.08600236830001061, -0.0663451425083674, -0.18025489697276953], [0.8025312135115046, 0.03258262102413864, -0.11309404582570289], [-0.12727888120954103, -0.06773698426110474, 0.3527194499156798], [-0.9496369619928041, -0.25502930299885085, 0.05797187764838176], [-0.07524301554663014, 0.013487238147284033, -0.2237167459301749], [-0.12117693013454849, 0.1472724074801033, 0.10341728236631065], [-0.09965457365928551, 0.16946613078300654, 0.12082761986646022], [0.08851063508299438, -0.14727662409161268, 0.0310983891994634], [0.13962054314286315, -0.10991842313822194, -0.20295975586595646], [0.5019308816250002, 0.693099860424708, -0.05749138962467844], [-0.07509049762301027, -0.6626492404550598, 0.027937997735507807]]","tensor(-6, dtype=torch.int32)",
"['Bi', 'Bi', 'Bi', 'Bi', 'Bi', 'Bi', 'Bi', 'Bi', 'Bi', 'Bi', 'Bi', 'Bi', 'Bi', 'Bi']","[[0.709863, -1.645673, 1.057152], [-1.293342, -1.238503, -1.059378], [1.29348, 1.238637, 1.059396], [-0.71, 1.645539, -1.05717], [5.297045, -1.743555, 2.572347], [2.659336, -1.181588, 3.749206], [4.905574, -4.61776, 3.067881], [2.267695, -4.055462, 4.244641], [-2.792075, -4.381256, -0.665754], [-3.352399, -4.617248, -3.544758], [-2.937102, -7.308205, -0.397798], [-3.497317, -7.543903, -3.277027], [2.678603, -0.159011, -1.679388], [2.150928, 2.35323, -2.935752]]",[-81777.8359375],"[[0.3327429443574298, -0.2542249586423903, -0.18113431758293372], [-0.6349954680463301, 0.04529172465503936, -0.42390911909368684], [0.6316010957812771, -0.21831691209358614, -0.04199469955155229], [-0.4285226577279589, 0.3670050211769189, -0.38264119367344995], [-0.04767253149962915, 0.02429475283163631, -0.06552526868025035], [0.17223155944597107, 0.19821622218417567, 0.24991429612751173], [-0.03846348281639227, -0.025689762185214845, 0.006135755957995818], [-0.010386614580369357, -0.08324799538673532, 0.027896674942715853], [0.018763026472359567, 0.21118811327187575, -0.012378906954251949], [0.03239707983330749, 0.10191190063536945, 0.006406889220258282], [-0.018441283587566193, -0.2657237610726601, -0.022050219671936953], [-0.0009728380954918089, -0.03937317561186833, 0.07890180020657646], [0.31020536152814554, 0.1987938979609611, 0.6772505433585868], [-0.32669313528329713, -0.26448387160053527, 0.08077263874236136]]","tensor(-6, dtype=torch.int32)",
"['Bi', 'Bi', 'Bi', 'Bi', 'Bi', 'Bi', 'Bi', 'Bi', 'Bi', 'Bi', 'Bi', 'Bi', 'Bi', 'Bi']","[[0.756365, 0.859101, 1.737692], [-0.074362, -1.850844, 0.947498], [0.07441, 1.850966, -0.947639], [-0.756413, -0.859223, -1.737551], [-2.527079, -0.343959, -4.659084], [-1.864336, -2.276666, -6.776565], [-3.492805, -2.541093, -2.956194], [-2.829799, -4.473693, -5.073936], [4.687269, 0.016576, 0.732411], [3.244957, -1.03742, 3.070603], [6.979653, 0.690109, 2.450312], [5.537059, -0.364139, 4.788438], [-1.788812, 0.297203, 6.391478], [0.729431, 0.792091, 5.133788]]",[-81777.625],"[[0.3316208114750182, -0.20857921345567418, 0.26436446950389153], [0.09356331837934115, -0.16176464412739378, 0.6460830994323435], [-0.2824017451445581, 0.5406369584428293, -0.19344414924156916], [0.18806832952174726, -0.11860145467787248, -0.4402545050772594], [-0.08572664304497025, 0.10844404892850217, -0.11618888440731506], [-0.02740395360342617, -0.11546403860443386, -0.03615724314679951], [-0.1524642389562597, 0.047621649340012874, 0.13358580074156284], [0.05734087716263011, -0.026760159301289957, -0.1644465633136359], [-0.08467290154435721, 0.147935803883549, -0.05733599206393022], [-0.3679056276888132, -0.25958838563814196, -0.03584717821900346], [-0.06969847994434136, -0.1472065357807921, 0.08331931782775377], [0.3041164202423222, 0.15415782554237578, 0.24515374173341867], [0.6912034136873173, 0.014120506347274265, -0.29830700944631594], [-0.5926920559679902, 0.02175580248660804, -0.01101431376784171]]","tensor(-6, dtype=torch.int32)",
"['Bi', 'Bi', 'Bi', 'Bi', 'Bi', 'Bi', 'Bi', 'Bi', 'Bi', 'Bi', 'Bi', 'Bi', 'Bi', 'Bi']","[[0.643996, -1.218691, 1.558774], [1.635415, 1.250264, 0.301928], [-1.635603, -1.250305, -0.301949], [-0.643809, 1.218732, -1.558753], [-1.508523, -0.792413, 7.026668], [-1.611877, -0.946499, 4.090022], [-1.502929, -3.73115, 7.180478], [-1.60616, -3.884927, 4.243635], [3.343691, 0.433223, 9.095991], [0.925359, 1.50128, 7.804001], [3.069275, 2.418735, 11.25059], [0.650754, 3.486559, 9.958358], [3.563533, -4.142301, -0.307926], [3.406618, -2.992174, 2.303746]]",[-81777.34375],"[[0.29789640404506695, -0.014099238170197672, 0.581506722607979], [0.1924855386103751, 0.1678540482120413, -0.012002708074477645], [-0.15900836859673007, -0.26563567502978724, -0.20330711209456476], [-0.03662009853530078, 0.009618939317412974, 0.06708186681440308], [-0.023309305010847783, 0.06185609675780532, 0.5253250022336965], [-0.010506680021994452, 0.09932526658482105, -0.5450078362269455], [0.019810972703251797, -0.049040492833037734, 0.1970081629867375], [0.059872900951922846, -0.016744745373393537, -0.2390796614320613], [0.08515416089943419, -0.10438566319490448, -0.023628245391650166], [-0.02924440682529772, -0.08711740493378445, -0.19163871960627127], [0.007234656339432528, 0.024990894822998766, 0.04624015885431016], [-0.05468364058034534, 0.1508219716175383, 0.14255031681051047], [0.1282402172115887, 0.14760783378346554, 0.795045185419603], [-0.4722670196564929, -0.13329706569735328, -1.1501203841946468]]","tensor(-6, dtype=torch.int32)",
"['Bi', 'Bi', 'Bi', 'Bi', 'Bi', 'Bi', 'Bi', 'Bi', 'Bi', 'Bi', 'Bi', 'Bi', 'Bi', 'Bi']","[[-1.52094, -0.044951, 1.419308], [-0.751394, -1.739086, -0.86017], [0.751531, 1.739197, 0.860247], [1.520803, 0.044839, -1.419385], [-0.60668, 2.96597, -5.914941], [2.283899, 3.385559, -5.55884], [-0.329053, 0.210404, -4.920136], [2.561649, 0.630356, -4.564], [-4.963782, -6.158092, -1.775495], [-3.063425, -4.106919, -0.859174], [-7.16457, -4.699327, -0.476112], [-5.263881, -2.648121, 0.440015], [5.031531, -3.41533, -2.060449], [4.763071, -0.585504, -1.763371]]",[-81777.4921875],"[[-0.10540783153128876, 0.17660053461269892, -0.15551531733793914], [-0.13846801980432907, -0.5162253489080822, 0.0702559468391367], [0.14618899543264985, 0.20090534046323869, 0.5236265305488805], [0.5496116560859092, 0.30634057996933844, -0.1809222528772667], [0.06320777785702035, -0.03963935692671185, -0.05508257316680621], [0.017747717842991787, 0.17111348890879416, 2.1318061647633385e-06], [-0.15006087324009473, -0.06268692349142843, 0.07454084688613476], [0.3486090250254053, -0.0679254462267375, -0.24099451727823684], [-0.18455527506933253, -0.2465221864344881, -0.05489159151868611], [-0.039487924009224275, -0.008040697624915135, 0.10175727440599487], [-0.08082688904897598, -0.047678923265612266, -0.03996617517194395], [0.0626807528404391, 0.06756749704726418, 0.04525893792944933], [-0.007571321915201789, 0.8802135388163127, 0.0782279136964489], [-0.48940857388396514, -0.8026227448345132, -0.15792526508182608]]","tensor(-6, dtype=torch.int32)",
"['Bi', 'Bi', 'Bi', 'Bi', 'Bi', 'Bi', 'Bi', 'Bi', 'Bi', 'Bi', 'Bi', 'Bi', 'Bi', 'Bi']","[[1.506170415847414, 0.8403434380585479, -1.1640396402479023], [-1.4272680941658331, 0.6962325180008613, -1.3442734064333455], [1.42734699966781, -0.6962559060061303, 1.344447601504939], [-1.5062493213493926, -0.8403200500532797, 1.16386544517631], [-2.901022123284725, -1.0912492402474427, -3.8451867734704024], [-3.6631735067259683, -3.1444264036980867, -5.810359148603273], [-2.567890171816394, 0.864833864810697, -6.018345972924507], [-3.3302473074482655, -1.1886426725039398, -7.983389859436831], [-0.2757404906829075, -3.1271415180432935, -4.895489024456016], [1.4324800233699002, -0.8884413640864719, -4.041956391321894], [1.9969727194207993, -4.308784124411163, -6.344058778589815], [3.7050840707899977, -2.069888389302722, -5.490212617910429], [7.534220230049187, -4.062851424285428, -6.2124814014440695], [5.7589131294801446, -2.7925392801421993, -8.05715909126074]]",[-81777.453125],"[[0.14671643182596372, 0.04065877418119669, -0.04510440425983961], [-0.04363430836813912, 0.07662303021830458, -0.01954531075153321], [0.06734674200812053, -0.03635550616308702, 0.12060295674835667], [-0.0833793788307167, 0.02522478820654056, 0.03972078895093451], [-0.04230894509539361, 0.42909693964670026, 0.34897232210240275], [0.018021566191689563, -0.3477191143085593, -0.40095013222392223], [-0.03408072138691242, 0.053335661871723894, 0.1472612488862309], [0.039610596550892364, -0.007992520267315858, -0.029535728400713647], [-0.47624302719938294, -0.24179104547677754, 0.2587052626373842], [-0.6526810680026959, 0.6088344789561051, 0.04203470079659069], [0.4760783222400591, -0.32108154527359084, -0.443352223296], [1.038663514920599, -0.3351429162155506, -0.3369599158214535], [-0.44332759211413425, 0.266543532056594, -0.545955545374725], [-0.008840635108127454, -0.20057762747361313, 0.855792159084166]]","tensor(-6, dtype=torch.int32)",
"['Bi', 'Bi', 'Bi', 'Bi', 'Bi', 'Bi', 'Bi', 'Bi', 'Bi', 'Bi', 'Bi', 'Bi', 'Bi', 'Bi']","[[-1.321595, 1.577406, -0.308043], [1.217546, 1.242978, 1.14083], [-1.217584, -1.243103, -1.140971], [1.321633, -1.577281, 0.308185], [3.642967, -3.976025, 0.287548], [4.186977, -3.672041, -2.588205], [1.987939, -6.343136, -0.275944], [2.532265, -6.038955, -3.151798], [-0.12283, 5.971076, 1.287701], [0.624653, 7.522166, -1.098448], [-2.444656, 4.876517, -0.151369], [-1.696806, 6.427718, -2.537547], [-2.999427, -4.164353, -1.073692], [-2.218177, -6.707474, -0.029456]]",[-81777.34375],"[[-0.09417498415865953, 0.7456424393780269, 0.18174510918669526], [-0.002511329482758149, 0.47610038231734597, 0.14771967683264733], [-0.40146065074910703, -1.1322944019282732, -0.32722792503570663], [-0.016247910266777625, -0.19898374832306648, 0.03595199701047573], [0.20974587786939217, -0.16757744878144412, 0.013570130558907509], [0.03987800685372459, 0.012001962454149766, 0.0035206767490493064], [-0.12992233667128295, -0.08049475375947471, 0.017854974041604844], [-0.034544666923755143, -0.044057152227183684, -0.016078510470492753], [0.020015694334241482, -0.10729846757233112, 0.018043960512571712], [0.04838113306378091, 0.029632329941951772, 0.01990887522340684], [0.028071386641060715, -0.12040133072727996, 0.07792930561065639], [-0.03467441000301519, 0.04563907059922934, -0.12391767619355568], [0.4092485779406621, -0.5185275159480222, 0.31735071826334404], [-0.041437479482796524, 1.0559012284593219, -0.36436999893819577]]","tensor(-6, dtype=torch.int32)",
"['Bi', 'Bi', 'Bi', 'Bi', 'Bi', 'Bi', 'Bi', 'Bi', 'Bi', 'Bi', 'Bi', 'Bi', 'Bi', 'Bi']","[[-0.62057, 1.207151, 1.577148], [-1.977653, -0.224755, -0.606035], [1.977828, 0.224692, 0.606086], [0.620395, -1.207088, -1.577199], [6.408867, 2.08061, 6.288763], [7.268848, 2.001195, 3.475857], [3.661428, 1.419881, 5.467256], [4.521783, 1.340406, 2.654282], [2.630902, -3.158423, -3.615089], [4.763145, -1.364743, -4.560901], [3.089673, -4.92193, -5.92581], [5.222082, -3.128019, -6.871361], [-6.919946, 1.069915, -0.365861], [-4.690166, 0.266347, 1.2312]]",[-81777.7578125],"[[-0.14407081663637555, -0.03367467198297718, 0.19322956485341483], [-0.9090567042032376, 0.3020460125691237, 0.2106978036286811], [0.16461101116250182, 0.15346830671640857, -0.053022398489831715], [0.2994057966991512, -0.4423701641910464, -0.30475950491959464], [-0.013995072439288445, 0.011150386906574983, -0.04778025563927556], [0.2590845519848623, 0.048458019375108095, 0.11289463095456403], [-0.05311557531977075, -0.01629464780581272, 0.08490959743188999], [-0.08522075250802748, -0.013095124130166391, -0.04380132732158394], [0.06478206519067586, 0.1136801548255071, 0.21135214974400907], [0.018002719995126287, 0.041442760531601563, -0.013805530609732535], [-0.002358703058525053, -0.08164429461669728, -0.1866770534120173], [-0.03946188900425841, -0.0410951934724178, 0.04580781733495117], [0.8365320146836868, -0.30596206195323394, 0.6059121614917365], [-0.4015106330221207, 0.2707175660741502, -0.8146226041251173]]","tensor(-6, dtype=torch.int32)",
"['Bi', 'Bi', 'Bi', 'Bi', 'Bi', 'Bi', 'Bi', 'Bi', 'Bi', 'Bi', 'Bi', 'Bi', 'Bi', 'Bi']","[[-0.355906, 2.00623, -0.422002], [-1.526179, -0.545129, -1.304805], [1.526273, 0.545129, 1.304973], [0.355812, -2.006231, 0.421834], [1.725546, 4.600702, -0.298183], [4.529308, 3.784835, 0.064574], [2.279673, 5.252374, -3.113876], [5.083513, 4.436268, -2.750827], [5.720182, -2.648174, 3.482659], [4.631195, -0.113361, 2.45936], [8.375357, -1.929353, 2.437096], [7.286047, 0.605593, 1.413961], [3.19162, -4.613314, -2.196935], [0.614616, -3.46976, -2.665525]]",[-81777.578125],"[[-0.1740510273122697, 0.29960762840859423, -0.16628109785276685], [-0.24928375844058429, -0.29972559068667376, -0.26058983087162035], [0.17982043172102838, 0.15586231361190636, 0.0017249314362582755], [-0.0793098345032466, -0.6454084415908422, -0.2943140840352969], [0.11774532827519305, 0.16432320171594067, 0.07601974623991338], [0.09148175211227028, -0.09486275463351311, 0.15141461122297287], [-0.07870295097844496, 0.044760323618464826, -0.027430353705242234], [0.07371140854898425, -0.02740474550363647, -0.04247939904455583], [0.09212180288613962, -0.1726782117334162, 0.03471881812130181], [0.03915600469250764, 0.16236211740943668, 0.051779423692212216], [0.001789036786723787, -0.12139963921317211, 0.07291086942730046], [-0.04659866853458169, 0.20820465494062118, -0.13969237980479737], [-0.7034012480304962, 0.28434118075050785, -0.29927251063778143], [0.740704375923807, 0.042224993388683636, 0.8468328880685592]]","tensor(-6, dtype=torch.int32)",
"['Bi', 'Bi', 'Bi', 'Bi', 'Bi', 'Bi', 'Bi', 'Bi', 'Bi', 'Bi', 'Bi', 'Bi', 'Bi', 'Bi']","[[0.643996, -1.218691, 1.558774], [1.635415, 1.250264, 0.301928], [-1.635603, -1.250305, -0.301949], [-0.643809, 1.218732, -1.558753], [-1.508523, -0.792413, 7.026668], [-1.611877, -0.946499, 4.090022], [-1.502929, -3.73115, 7.180478], [-1.60616, -3.884927, 4.243635], [3.343691, 0.433223, 9.095991], [0.925359, 1.50128, 7.804001], [3.069275, 2.418735, 11.25059], [0.650754, 3.486559, 9.958358], [3.563533, -4.142301, -0.307926], [3.406618, -2.992174, 2.303746]]",[-81777.34375],"[[0.29789640404506695, -0.014099238170197672, 0.581506722607979], [0.1924855386103751, 0.1678540482120413, -0.012002708074477645], [-0.15900836859673007, -0.26563567502978724, -0.20330711209456476], [-0.03662009853530078, 0.009618939317412974, 0.06708186681440308], [-0.023309305010847783, 0.06185609675780532, 0.5253250022336965], [-0.010506680021994452, 0.09932526658482105, -0.5450078362269455], [0.019810972703251797, -0.049040492833037734, 0.1970081629867375], [0.059872900951922846, -0.016744745373393537, -0.2390796614320613], [0.08515416089943419, -0.10438566319490448, -0.023628245391650166], [-0.02924440682529772, -0.08711740493378445, -0.19163871960627127], [0.007234656339432528, 0.024990894822998766, 0.04624015885431016], [-0.05468364058034534, 0.1508219716175383, 0.14255031681051047], [0.1282402172115887, 0.14760783378346554, 0.795045185419603], [-0.4722670196564929, -0.13329706569735328, -1.1501203841946468]]","tensor(-6, dtype=torch.int32)",
"['Bi', 'Bi', 'Bi', 'Bi', 'Bi', 'Bi', 'Bi', 'Bi', 'Bi', 'Bi', 'Bi', 'Bi', 'Bi', 'Bi']","[[0.96171, 1.845177, 0.012195], [-1.777167, 0.93, -0.552885], [1.777278, -0.930114, 0.552994], [-0.961821, -1.845063, -0.012303], [-1.820352, -2.047209, 4.238667], [-0.986198, 0.298818, 2.670656], [-4.232961, -0.605845, 5.111391], [-3.398561, 1.740122, 3.543089], [-6.839894, 0.333451, -2.74084], [-5.491341, -0.021382, -0.149737], [-5.351629, -1.960066, -3.829284], [-4.00325, -2.314752, -1.23787], [-0.891356, -5.026505, -2.389241], [0.11492, -2.472189, -3.183672]]",[-81777.453125],"[[0.4060766576437748, 0.12047974941693616, -0.13710790548209525], [-0.4239763791894707, 0.22061393692436818, 0.06702972481354316], [0.6847684531472666, 0.2321592763475159, -0.0729745813987654], [-0.05908197776136412, -0.5691757050476135, -0.8795779617644105], [-0.0299532500732799, -0.4253943947868211, 0.2552951037902167], [0.27457885093073003, 0.08950035607959303, -0.11941731758284646], [-0.037048326287333545, 0.08126711357497385, -0.07857475570414141], [-0.43869086211656055, 0.23070788781273144, 0.14996414828583682], [-0.10997545023778175, 0.07042054895427735, 0.0005741513066286851], [0.0595776353020829, 0.20719811892007658, 0.20873836482910757], [0.05819391823981486, -0.087952808233558, -0.18209303105831093], [-0.10893117040201902, -0.31021919407077997, -0.12150891115777501], [0.02519218145827105, 0.19029994545204226, -0.14932548590844008], [-0.32571950940136235, -0.05667722364872653, 1.0698695254155257]]","tensor(-6, dtype=torch.int32)",
"['Bi', 'Bi', 'Bi', 'Bi', 'Bi', 'Bi', 'Bi', 'Bi', 'Bi', 'Bi', 'Bi', 'Bi', 'Bi', 'Bi']","[[-0.58555, -1.97799, -0.272767], [-1.838923, 0.423458, 0.876327], [1.839067, -0.423431, -0.876452], [0.585406, 1.977963, 0.272892], [-1.458051, 0.691534, 4.632752], [-1.489692, 3.431495, 5.705096], [1.229447, 1.155414, 3.527297], [1.197567, 3.895447, 4.599935], [2.603607, 7.591837, 0.743337], [4.124171, 6.73537, 3.112443], [2.37121, 4.788411, -0.120752], [3.89178, 3.932183, 2.248656], [-4.842419, -0.071083, -0.652562], [-4.938861, 2.719989, -1.2599]]",[-81777.328125],"[[-0.14307662191780962, -0.15555912895996346, -0.06527916254995882], [-1.3597327703143027, -0.7508072742561048, 0.5717000155231695], [0.13992321357389031, -0.006134115593274484, -0.11121333424833504], [0.9422409225611637, 0.4319870154596494, 0.09866690954634998], [-0.4940434012641504, 0.000929634282589941, 0.16712534575229177], [-0.39282970978822485, -0.27612830139415345, 0.16726907049825182], [0.2581503668471677, 0.104269397845847, -0.6335931876090024], [0.38248245367674916, 0.2721184066929137, -0.17737870512454634], [0.10498179950256635, 0.2609152298671249, 0.118331591541272], [-0.00872460630069122, 0.11498910416662095, 0.007964330676712887], [0.08157528616979982, -0.05730832697866134, -0.1336339832413713], [-0.04335390884497433, -0.14978144559446074, -0.05991033623459151], [0.6758744881879638, 0.35731025998547444, 0.02980231595008063], [-0.13844580546076746, -0.16356266898150446, 0.011225694559690727]]","tensor(-6, dtype=torch.int32)",
"['Bi', 'Bi', 'Bi', 'Bi', 'Bi', 'Bi', 'Bi', 'Bi', 'Bi', 'Bi', 'Bi', 'Bi', 'Bi', 'Bi']","[[-0.940027, -0.097401, -1.853801], [0.254582, 2.051328, -0.236956], [-0.254523, -2.051508, 0.236992], [0.939969, 0.097582, 1.853765], [1.323003, 5.149501, -3.996175], [3.911573, 4.901118, -5.373102], [2.54702, 4.147496, -1.514718], [5.135643, 3.899327, -2.891961], [-6.851107, -1.208701, -1.619817], [-4.274442, -0.460322, -2.827725], [-6.670426, -3.862337, -2.878955], [-4.093564, -3.113673, -4.086695], [-4.700693, 2.231276, 2.629515], [-4.551689, 1.589855, -0.151604]]",[-81777.5390625],"[[-0.3107055442129232, -0.22284982088826413, 0.02809560644619388], [0.009599733166208652, 0.20019777248312765, 0.1391321875391484], [-0.028078811991084557, -0.062153419291308375, -0.19009302295553304], [0.04969247867436229, 0.1423924509893665, 0.1364636895188081], [-0.16525039344918066, 0.04326651700033779, -0.01403657006719176], [0.025464178611672023, -0.010900475541506692, -0.05663027527911597], [-0.03769882088800235, 0.04452665649212597, 0.14023364874074573], [0.2522040190212897, -0.028756282620995093, -0.07492286160446653], [-0.2559732583339452, 0.15270895669007864, 0.13824675054426963], [0.17172320064863256, 0.16120074947115118, -0.11214592530119072], [-0.009348834496982067, -0.02358491199507752, 0.1045796273243361], [0.08713314009380728, -0.10247759506481723, -0.10912590586282431], [0.039598826034130195, -0.3083081948814728, -0.9998110394080478], [0.16025720551278944, 0.02709848581061718, 0.8602319424709963]]","tensor(-6, dtype=torch.int32)",
"['Bi', 'Bi', 'Bi', 'Bi', 'Bi', 'Bi', 'Bi', 'Bi', 'Bi', 'Bi', 'Bi', 'Bi', 'Bi', 'Bi']","[[0.7937989672040601, -1.9185120279697485, 0.13751180942619856], [0.6697080386102933, 0.13616165982688044, -1.965160570641351], [-0.6697271115838902, -0.13610249194715596, 1.965342923002694], [-0.7937798942304638, 1.9184528600900257, -0.13769416178754157], [2.5959131255411316, -4.738841980530381, 0.44022867265688714], [1.1413160210335553, -4.372618892853487, -2.091241566826995], [5.117351974475467, -5.023885086840622, -1.0500583721048617], [3.662414842823011, -4.657481505719024, -3.581512129563251], [0.07755822097943077, 5.420533264945636, 4.353809752153396], [-2.829926153369396, 4.981765103049413, 4.464853765074514], [0.07320841004537915, 4.7244786591059995, 1.4945532085761555], [-2.8344696984966973, 4.285883492272458, 1.6058818401380088], [-3.7359656148291984, -2.2036175704148953, -2.381160623183961], [-2.4458264198787747, -3.0353887011546385, 0.029636271603446618]]",[-81777.8203125],"[[-0.13243841961218655, -0.36231568637966116, -0.29717711182807616], [0.2074519897861964, -0.18896929598828255, -0.437565798174929], [-0.8926900808958433, 0.48631517512091715, 0.4565881154018607], [-0.03544722747512936, -0.053025638081601115, 0.20054703132912433], [0.13492868866311808, -0.14582919505787972, 0.07583760919154468], [-0.23924493203439248, 0.02279336145500155, -0.1420432435654614], [0.10889599769137978, -0.04638625930090111, -0.04924699881060517], [0.200249863061896, -0.1268051294798344, -0.1527078768261555], [-0.0930766597046485, 0.03514885078874895, 0.29234178971282887], [0.09322994895964203, 0.12972261326759463, 0.10587160737522926], [-0.020049586634800436, -0.06606957151960176, -0.25676197037456605], [0.01929804762418118, -0.10161462952395794, -0.028079742730942114], [0.35577196811592343, -0.20159707043914374, 0.6554594036106465], [0.29736927618430253, 0.6150580946997708, -0.4252405398888202]]","tensor(-6, dtype=torch.int32)",
"['Bi', 'Bi', 'Bi', 'Bi', 'Bi', 'Bi', 'Bi', 'Bi', 'Bi', 'Bi', 'Bi', 'Bi', 'Bi', 'Bi']","[[-0.079798, 1.529661, 1.408362], [1.896629, 0.630888, -0.577653], [-1.896813, -0.630939, 0.577624], [0.079982, -1.529611, -1.408333], [-4.521511, 1.390697, -3.051138], [-2.230854, 2.580358, -4.463905], [-3.383141, 2.254295, -0.478558], [-1.092533, 3.444047, -1.891696], [6.582469, 0.61309, -1.404862], [8.34568, -1.654904, -2.041733], [4.247998, -0.962529, -2.257817], [6.011552, -3.230533, -2.894513], [-4.943668, -2.288508, -4.575602], [-2.383871, -1.410748, -3.656245]]",[-81777.4765625],"[[-0.08660215557617451, 0.12217981518659106, 0.46418485525692943], [-0.10190377594490015, 0.41771039164234486, -0.025014538700706253], [-0.1954063134119963, 0.20322951615837379, -0.008058859907660428], [0.16155257942172677, -0.15261541990549854, -0.03313590216067955], [0.3054343170273706, -0.9129437001056063, -0.41145736246229664], [-0.07599326386275079, -0.12196955025412928, -0.48153384620182665], [0.5337237724511047, 0.15096847315644354, 0.6262742813147288], [0.24018245960803963, -0.26862370992719226, 0.29600278552271303], [-0.036993644035149674, 0.0974865668562723, 0.058735238597854754], [-0.017788654970096903, -0.05534004357933643, -0.011815485381251897], [-0.04768821009535123, 0.007834474468851374, -0.05804217164756866], [0.20398372397554596, -0.20673398312149505, -0.08075644078351434], [-0.054893237025616604, -0.3033703885377109, -0.17924157323613665], [-0.8221256015072398, 1.022927326455949, -0.1500126393181947]]","tensor(-6, dtype=torch.int32)",
"['Bi', 'Bi', 'Bi', 'Bi', 'Bi', 'Bi', 'Bi', 'Bi', 'Bi', 'Bi', 'Bi', 'Bi', 'Bi', 'Bi']","[[-1.257155, -0.576014, -1.554826], [-1.281244, -0.900855, 1.369591], [1.281349, 0.900999, -1.369663], [1.257051, 0.575869, 1.554897], [0.164599, 1.144551, 5.639686], [-2.573677, 0.198742, 5.12432], [1.219789, -1.493541, 4.87359], [-1.518756, -2.439083, 4.358153], [1.838264, 2.224507, -4.733966], [-0.849357, 1.07175, -4.408142], [0.648152, 4.700674, -5.788523], [-2.039508, 3.547629, -5.462445], [4.511466, 0.237037, -4.160865], [7.280069, 0.297512, -3.454164]]",[-81777.3359375],"[[-0.18437082402684282, -0.10773905205297, -0.5247578165635929], [0.10429078943594339, 0.04293481365640579, 0.4031156707665397], [0.19866405717972704, 0.22955155923942056, -0.48746476740023126], [0.16223196809565316, -0.3027401079612414, 0.6221029212459346], [0.13916766878233713, -0.048108112610757536, 0.06688497162575155], [-0.18026512996899352, 0.025026396635024106, 0.07653175600575392], [-0.03972592601788314, 0.22254473361893284, -0.06395905461497256], [-0.04711465322810118, -0.11185641892560749, 0.07194156300105822], [0.596416558060973, 0.08069622551427669, 0.027098902329558965], [-0.30663142331930265, -0.4441977053257228, -0.1965796112755278], [0.17614920291492023, 0.3518555587771721, -0.15366736163290637], [-0.27838603974697, 0.05217208278350058, 0.03662407346297975], [0.10383791507541737, -0.09646028475256181, 0.2721819643981039], [-0.45605455977964904, 0.11441034852591238, -0.16440660834847992]]","tensor(-6, dtype=torch.int32)",
"['Bi', 'Bi', 'Bi', 'Bi', 'Bi', 'Bi', 'Bi', 'Bi', 'Bi', 'Bi', 'Bi', 'Bi', 'Bi', 'Bi']","[[0.269371, 0.570218, 1.982928], [-1.167807, 1.690541, -0.32742], [1.167846, -1.690729, 0.327416], [-0.26941, -0.570029, -1.982925], [-1.858105, -3.558705, -0.789029], [-1.133876, -4.538383, -3.467468], [-3.536516, -1.470678, -2.006789], [-2.812164, -2.45072, -4.685256], [-5.599788, -4.348304, 0.362631], [-5.320779, -7.264943, 0.091185], [-5.661871, -4.081741, -2.567377], [-5.382968, -6.998596, -2.838522], [4.473715, 2.808395, -1.981242], [2.348358, 2.172305, -0.17944]]",[-81777.484375],"[[-0.27944523198929033, 0.10181209035561686, 0.5919351227799645], [0.1874223137852549, 0.365643209925663, 0.1955371826350619], [0.155029327150437, -0.02282464151330835, -0.04896636274581912], [-0.4176818523815191, -0.3228195091247386, -0.260804003883042], [0.169437694366364, -0.04233440931514296, 0.073081333660881], [-0.06708850026421662, -0.03127112114728252, 0.11216325454605246], [0.30014128687498903, 0.4765313508668598, 0.134537212279936], [-0.05209289276247071, -0.14249282691212645, -0.39573305250080115], [0.19339987482072063, 0.06300949427189621, 0.04361820296905694], [-0.026023969785006682, -0.22840361246703692, 0.08110467118767946], [-0.1555431881115743, 0.08200615187513052, -0.15179981411098245], [0.035321680438542065, -0.09668206823353702, -0.04327402976791732], [0.2617717162244454, 0.17899654696976827, -0.055301219900195174], [-0.32284542585889386, -0.3849110162177873, -0.2755829186908789]]","tensor(-6, dtype=torch.int32)",
"['Bi', 'Bi', 'Bi', 'Bi', 'Bi', 'Bi', 'Bi', 'Bi', 'Bi', 'Bi', 'Bi', 'Bi', 'Bi', 'Bi']","[[-1.786013, -0.792346, 0.715582], [-1.05005, 1.051629, -1.456151], [1.050187, -1.051748, 1.456216], [1.785877, 0.792466, -0.715647], [-0.628766, 5.880148, 1.50717], [0.441427, 6.204578, 4.228888], [0.977756, 3.438209, 1.16676], [2.047742, 3.762851, 3.888724], [-3.333479, 2.223634, 0.858813], [-4.799826, 0.080802, 2.243158], [-5.581715, 2.553882, -1.011008], [-7.047961, 0.410974, 0.373701], [1.275999, -3.382799, -4.036039], [-0.366254, -2.617513, -1.825704]]",[-81777.3671875],"[[-0.5299524762547861, 0.16230848416792099, 0.4859942498473798], [-0.32277682878872904, -0.2993530376331924, -0.3583469807737752], [0.5439187163273268, -0.3024133719913558, -0.2125084783173199], [0.3257583330805036, -0.17709506086740298, 0.1515026972658457], [-0.2127281534925404, 0.36910900747591774, -0.010112915355737159], [-0.06430862199351871, -0.04301208049121066, -0.08096475167649617], [-0.011420897961529357, -0.13560077540004042, -0.0025520151558354504], [0.2168919030917811, -0.06416592568939021, 0.1930101467886522], [0.33068837468843726, 0.2926375695835846, 0.01833309664909558], [-0.04888735784431893, -0.21385887386424549, 0.18973018867735983], [-0.20579650696993945, 0.13999705569739607, -0.19980773591850975], [-0.3394969275536293, -0.023531422735418254, -0.07289621413120077], [-0.27931683102662047, 0.040242892873351775, 0.3341452247947574], [0.5902978433841262, 0.2478978302283784, -0.42417671965825793]]","tensor(-6, dtype=torch.int32)",
"['Bi', 'Bi', 'Bi', 'Bi', 'Bi', 'Bi', 'Bi', 'Bi', 'Bi', 'Bi', 'Bi', 'Bi', 'Bi', 'Bi']","[[-1.7205, 0.481358, -1.066719], [-0.831046, 0.83277, 1.716031], [0.831182, -0.832794, -1.716165], [1.720364, -0.481334, 1.066852], [5.535937, -3.938671, 6.237919], [4.138024, -4.845465, 3.812661], [5.526341, -1.180554, 5.211975], [4.128232, -2.087679, 2.78674], [-0.688113, -4.204885, -5.522547], [-0.553532, -1.267892, -5.642029], [-2.948501, -4.024815, -3.646892], [-2.813751, -1.087666, -3.766683], [1.290572, 5.143725, 0.12841], [-0.877025, 3.704611, -1.054265]]",[-81777.6328125],"[[0.11633132360098566, 0.1978803330819892, -0.46613570656720943], [0.19636631243966293, 0.16072524939033092, 0.5395879477746414], [-0.17452169371648166, -0.08934979219545312, -0.4665043515417309], [-0.1467556668818376, 0.44702581751832066, 0.2381903163582226], [-0.048780441031510295, 0.005170157064556337, 0.03275369203839979], [0.041401442881018775, -0.225959674720617, 0.0413050058904737], [0.11575441915557391, 0.10631594566855335, 0.11402159751358394], [0.08845093403467252, -0.08876990526872984, -0.05210101745294001], [0.07187394295063337, 0.01912258516329928, -0.04052139492133734], [0.08738068604266298, 0.0042404672461074915, 0.10219019699498869], [-0.06743354249870391, -0.06883875399525148, 0.03965711297493368], [-0.19794106257214264, -0.060237277892843395, -0.22762256231806116], [-0.5568194906623748, -0.5233118273484241, -0.4226069060465697], [0.47103921437588886, 0.13146376528842021, 0.562334509984098]]","tensor(-6, dtype=torch.int32)",
"['Bi', 'Bi', 'Bi', 'Bi', 'Bi', 'Bi', 'Bi', 'Bi', 'Bi', 'Bi', 'Bi', 'Bi', 'Bi', 'Bi']","[[0.02536, 1.783914, 1.070851], [0.16759, -1.069038, 1.777069], [-0.16754, 1.069087, -1.777249], [-0.02541, -1.783963, -1.070671], [3.028259, 4.639008, 4.836178], [1.578054, 2.236672, 3.950738], [1.446393, 4.679218, 7.317295], [-0.003639, 2.276659, 6.431592], [-0.006129, -3.010659, -4.759041], [2.063405, -4.198319, -6.480903], [0.789259, -4.804531, -2.566042], [2.858916, -5.99198, -4.288202], [7.342719, 5.938458, 7.266813], [5.777826, 3.670579, 6.507814]]",[-81777.96875],"[[-0.13182881071653127, 0.051812745207554654, 0.15537467791747375], [0.07674783163456399, 0.1104651428158775, 0.4205617466203359], [-0.019981771180427585, -0.059171092246068514, -0.5035174588385428], [-0.06984708978900131, 0.02174655679454235, -0.2501007012094814], [0.6690667174839738, 0.35145518637214707, 0.044377018205634465], [0.05225152991498835, -0.5676479547068359, 0.037209616819776595], [0.04481897051390935, -0.1272168147450066, 0.2937329115562841], [-0.009983660786347106, 0.14928146859804944, 0.01992982972572481], [-0.11342124459441268, 0.08580099938939181, 0.1090414707884535], [0.08950056176795934, -0.07790991948213155, 0.013704928429769652], [-0.04396781148527635, 0.03883878180956397, 0.03162405153061785], [0.10783834811180683, -0.0822969438030032, -0.1584050331962473], [-0.46730067405190534, -0.6447990898056448, -0.27732144818503407], [-0.1784198996348144, 0.7502488303415695, 0.07818271367795197]]","tensor(-6, dtype=torch.int32)",
"['Bi', 'Bi', 'Bi', 'Bi', 'Bi', 'Bi', 'Bi', 'Bi', 'Bi', 'Bi', 'Bi', 'Bi', 'Bi', 'Bi']","[[1.348228, -0.564527, -1.480981], [0.039138, -1.931731, 0.771872], [-0.039223, 1.93189, -0.77194], [-1.348143, 0.564368, 1.481049], [1.050658, 6.888324, -1.399693], [-0.571853, 4.76261, -2.627336], [-1.162168, 7.517239, 0.435444], [-2.784492, 5.391244, -0.792385], [3.526572, -2.222165, -3.670357], [3.399001, -3.927655, -6.064797], [3.423881, -4.615133, -1.960674], [3.296443, -6.320474, -4.355443], [-0.611364, 0.759798, 4.732376], [0.327797, -1.6834, 5.879985]]",[-81777.734375],"[[0.13003191714843532, -0.20862379640907217, -0.10594915188932863], [0.13457732151136673, -0.14116773103425712, 0.11191617139602093], [0.10282783093055388, 0.6154998104664244, -0.34998353753328093], [-0.3022570488329592, -0.1888696399748047, 0.9679689376403032], [0.030886782150411442, 0.07543600265632176, 0.03851351136928835], [0.013644430339028327, -0.0535716378499746, -0.03745626288202969], [0.0532112718321971, 0.03786727966001135, -0.05061344833452137], [-0.030249631582507083, -0.06153038922975129, 0.049378500525397176], [-0.03452424206898043, 0.05215969005943032, 0.036600141621559425], [0.07000022477772011, -0.12021220027445667, -0.19448338971235724], [0.009124315360734912, 0.0926228083243825, 0.1419599911991969], [-0.06256782992733416, -0.0645163158214016, -0.06634457686536004], [0.1813859258770241, -0.8279841204007028, -0.1557095899999202], [-0.30338807773721366, 0.7892740840818222, -0.38387825493053795]]","tensor(-6, dtype=torch.int32)",
"['Bi', 'Bi', 'Bi', 'Bi', 'Bi', 'Bi', 'Bi', 'Bi', 'Bi', 'Bi', 'Bi', 'Bi', 'Bi', 'Bi']","[[-0.7583122059030756, -1.7937962360260613, -0.7327839801248707], [1.23797687140227, 0.15668384075994513, -1.6648628660965623], [-1.2380161993795646, -0.15668651008119738, 1.6650514481342173], [0.7583515338803707, 1.7937989053473151, 0.7325953980872162], [-1.418941740728834, -2.550134898692653, -3.925032056280533], [-2.806335712864646, -4.303133243205591, -5.83826189871926], [-2.746428425551927, -0.2063875722501911, -5.11014238387295], [-4.133860567836683, -1.9597570111381324, -7.023275789780369], [-0.8726939523050663, -5.650582114539266, 2.9637017327834423], [-1.8209194966343039, -6.819321676081346, 0.43521803417078375], [-2.415249816127107, -3.205993198472554, 2.412008561186206], [-3.3634679728545356, -4.375116794461297, -0.11650564918018791], [3.4572285046519644, 2.7723262106618134, -1.2593944164733952], [4.192511720121068, 5.519171895430022, -1.5465205234641881]]",[-81777.8515625],"[[-0.5176579683794409, -0.43187836058014545, 0.15371502991179903], [0.39719806788985373, 0.31890783061841255, -0.2630433331270737], [-0.3455999070704534, -0.40963419220540437, 0.290689597910433], [0.7136980076480424, 0.5197601034831429, -0.3781331731710956], [0.004909041339954149, 0.16243446829228667, -0.05617092173505114], [-0.06034480148633266, -0.11889085820927256, -0.13289340227846724], [0.12845773265896296, 0.04656051848484009, 0.10076194840141425], [-0.04878164430845321, -0.05289682574219863, -0.04348542598639381], [0.1850746381942687, -0.040645111331464465, 0.09096341742916567], [-0.15485356644142392, 0.027197925851310405, -0.03637184810379046], [-0.16759734913088475, 0.1132508832050153, 0.28681504615422604], [0.2222900399993478, 0.010915763329332783, -0.2543261573186155], [-0.1109697992226224, 0.5913838779582501, 0.2515581061289805], [-0.23988678258146703, -0.7328234261685876, -0.005650413688847554]]","tensor(-6, dtype=torch.int32)",
"['Bi', 'Bi', 'Bi', 'Bi', 'Bi', 'Bi', 'Bi', 'Bi', 'Bi', 'Bi', 'Bi', 'Bi', 'Bi', 'Bi']","[[-0.828213, 1.798502, 0.639663], [0.236387, 0.788551, -1.910815], [-0.236446, -0.788681, 1.910944], [0.828272, -1.798371, -0.639792], [2.599464, -1.756319, 3.659588], [1.734713, 0.274496, 5.605433], [3.834708, -3.311033, 5.831429], [2.969661, -1.279993, 7.777174], [-3.446886, -0.095341, 5.938565], [-3.31245, 2.81283, 5.511038], [-0.990915, 0.028935, 7.554926], [-0.856807, 2.937287, 7.127305], [-3.858892, 5.476299, 1.73028], [-3.367174, 3.655426, -0.417016]]",[-81777.5390625],"[[-0.3285255615166734, 0.7518156614719462, -0.18692773610845925], [-0.03804632624067622, -0.040286179990042, -0.19390545682511395], [0.15694063487229365, -0.4219500402487544, 0.39864570261195303], [0.09880122404955129, 0.024683776381050127, 0.05988997308632669], [-0.049655583323655196, -0.006911540484794026, -0.7033714232173811], [-0.4800352007648821, 0.24451266251771778, 0.01073653162913823], [0.09288079295782851, -0.3039317635114662, 0.3559124018480225], [0.22913704575921165, -0.06645240899139876, 0.16677850374459927], [-0.08363242694337122, -0.09670546528520493, -0.07426121355213448], [-0.07325483179786463, 0.15906529285210674, -0.11281502955680156], [0.15592921375304916, -0.08473789906811159, -0.001483486204347359], [0.01673865185554156, 0.1896469363110953, 0.06708490071780616], [0.1955610939076456, -0.6471660486809727, -0.48569502469648845], [0.0983652161350628, 0.28066444978060084, 0.6897476542747487]]","tensor(-6, dtype=torch.int32)",
"['Bi', 'Bi', 'Bi', 'Bi', 'Bi', 'Bi', 'Bi', 'Bi', 'Bi', 'Bi', 'Bi', 'Bi', 'Bi', 'Bi']","[[1.903811, -0.551148, 0.633603], [0.341634, -0.925866, -1.831656], [-0.341684, 0.926013, 1.831771], [-1.903761, 0.551002, -0.633718], [3.067151, 1.135932, -5.903415], [2.773174, 1.157042, -2.975712], [5.873218, 1.978393, -5.627539], [5.578957, 1.999289, -2.699685], [2.357062, -3.371823, -6.373615], [4.340699, -1.542945, -7.547798], [1.83478, -4.513734, -9.035028], [3.818685, -2.684712, -10.208975], [-1.119837, -2.506114, -4.367633], [-3.758702, -3.07088, -5.308738]]",[-81777.578125],"[[0.17829396693254027, 0.15444074989023707, 0.3874747674375836], [-0.17492587135628349, -0.17956537814680232, -0.4724881860723692], [0.06131889016709164, -0.11523983828515448, -0.17086964535053203], [-0.19864662509068218, 0.10769971415291298, 0.13441786160538383], [-0.023148667538967778, -0.15052218082363952, -0.4456439516513495], [-0.2649466190026442, 0.004957771485037888, 0.341409932204508], [-0.03440354413562893, -0.011029853523916533, -0.003416194258055961], [0.3485887132992321, 0.0953625773636497, 0.20229599950786975], [-0.3450178089937923, -0.05437217697165837, 0.3179121446591908], [0.18480672909714815, 0.3238187946303707, 0.1446370767088307], [-0.10627748194405315, -0.06665120679743869, -0.0682619009719313], [-0.005629356342346428, -0.12034769748576428, -0.3139583000377709], [-0.3829606277063315, -0.18223547025198153, -0.4014947950179147], [0.7483040468380957, 0.19113601723900633, 0.33460668664457693]]","tensor(-6, dtype=torch.int32)",
"['Bi', 'Bi', 'Bi', 'Bi', 'Bi', 'Bi', 'Bi', 'Bi', 'Bi', 'Bi', 'Bi', 'Bi', 'Bi', 'Bi']","[[-0.02414, -1.073071, -1.782596], [1.904504, -0.728894, 0.412896], [-1.904689, 0.72893, -0.412858], [0.024325, 1.073035, 1.782558], [-0.284023, 6.076962, -1.93478], [-0.457216, 3.912711, 0.051255], [2.555106, 6.464446, -1.264661], [2.38163, 4.299937, 0.72133], [-2.384828, -5.752208, -3.785871], [-0.360078, -4.38666, -2.144536], [-3.853913, -6.502609, -1.348958], [-1.828951, -5.136789, 0.292205], [3.199749, -2.693847, -2.041117], [2.603213, -4.51497, -4.161471]]",[-81777.3984375],"[[-0.009842774539842145, -0.28717057849539523, -0.30720323697764823], [0.3449620674465219, -0.13270015805831775, 0.020841471418471664], [-0.02591518120806461, 0.2818429926974733, -0.012084253227301781], [-0.036353732100927585, -0.11520106602810479, 0.3845349664620785], [0.11428328453762354, 0.5482361151362021, -0.3982819427361314], [-0.10083753887603367, -0.20402043934893252, 0.23846017949482312], [-0.12681603096324892, 0.19399410851099413, -0.19845754605995045], [-0.07116673492516336, -0.3908755160419923, 0.1716591287225266], [-0.2751816206882055, -0.09462652154480454, -0.30357967645043277], [0.2563864862618647, 0.11976313114870742, -0.16568691558458493], [0.002900867253087744, -0.07185239709426225, 0.033063057625750375], [-0.15608836512648255, -0.11641591294163123, 0.36097968901837735], [0.051676270976507066, -0.09347908899333665, -0.4995756984086437], [0.03541999947763889, 0.35934858027352834, 0.6745164307493932]]","tensor(-6, dtype=torch.int32)",
"['Bi', 'Bi', 'Bi', 'Bi', 'Bi', 'Bi', 'Bi', 'Bi', 'Bi', 'Bi', 'Bi', 'Bi', 'Bi', 'Bi']","[[1.267371, -1.141586, 1.19175], [-0.965502, -1.731403, -0.631629], [0.965594, 1.73157, 0.631604], [-1.267463, 1.141419, -1.191725], [-3.586984, 1.008613, -7.002808], [-0.799324, 0.482622, -7.784215], [-2.76631, 1.165142, -4.181132], [0.021449, 0.63923, -4.962903], [-2.549171, -6.418571, -4.59031], [-1.594942, -3.999533, -3.21335], [-5.138021, -5.112075, -5.091091], [-4.183411, -2.692987, -3.714106], [2.273442, 2.787479, -2.321872], [1.420819, 5.514392, -2.249605]]",[-81777.7578125],"[[0.1677888964220122, -0.16900508030991965, 0.07290531584141006], [-0.1639962086355972, 0.0911926056913281, 0.02954259839214845], [0.5579955138967599, 0.45245002542631735, -0.1112876905927566], [-0.0496678012126141, 0.03771294139434963, -0.3197902851319798], [0.08358218755989967, -0.16180480478091608, -0.27156741898165715], [-0.17630136088389906, 0.11826294304901556, -0.2519107074109297], [0.12513026053505266, -0.008122366190759057, 0.08036475871196594], [-0.0563023566011241, -0.009244612201772105, 0.52057411519282], [-0.10311240078534564, -0.33146407693988894, -0.20772005314959163], [0.010454861980311465, 0.25266239554561454, 0.07446289099530276], [-0.04657066920571755, -0.17240886281773146, -0.005746454729287481], [0.2224907404227761, 0.28578778703077556, 0.02139932397895384], [-0.850457631303881, 0.33855343501735913, 0.3071374681225202], [0.26909283366865683, -0.721165523786976, 0.05733984872079856]]","tensor(-6, dtype=torch.int32)",
"['Bi', 'Bi', 'Bi', 'Bi', 'Bi', 'Bi', 'Bi', 'Bi', 'Bi', 'Bi', 'Bi', 'Bi', 'Bi', 'Bi']","[[-1.809944, -0.045261, 1.025557], [0.621807, -1.702032, 1.022422], [-0.62179, 1.702213, -1.022486], [1.809928, 0.04508, -1.025493], [5.434856, -4.490554, -4.380773], [5.979726, -1.770358, -3.399976], [3.807975, -5.027202, -1.98805], [4.352949, -2.306742, -1.007513], [-1.494223, -7.268867, 0.787213], [-1.362122, -4.346529, 1.104708], [-1.195865, -7.598213, 3.696229], [-1.063917, -4.67566, 4.013442], [0.736082, 2.895913, 3.187122], [-0.439977, 4.391818, 1.054659]]",[-81777.6640625],"[[-0.06633290405057188, -0.02832342688072033, 0.11288465506879794], [0.21816999917794827, 0.1854442601885302, 0.24089362713456108], [-0.5773646731313842, 0.8040620491777768, 0.026353163730869687], [0.4749863227033121, -0.2686241213039249, -0.16389418720590676], [0.029333490456747168, -0.052390318140156926, -0.023802802823720295], [0.04378620922666005, 0.04889714861055536, -0.03862799237176809], [-0.047437280572869694, -0.043693644319610786, 0.020681461296108906], [-0.009145161876660566, -0.014177075790219046, 0.10687660073302652], [0.08879962723766184, -0.3181364478226534, 0.00338404362373875], [-0.22582500026277466, 0.16119272762486506, -0.08658467206503805], [-0.08452028077655417, -0.014304371177919982, -0.09995683271358004], [0.09444160770349062, 0.07261498671236159, 0.09542572369210728], [-0.42128823793014764, 0.4668922798005941, -0.66114977226465], [0.4719573043989196, -1.0107258925663596, 0.4735664559106648]]","tensor(-6, dtype=torch.int32)",
"['Bi', 'Bi', 'Bi', 'Bi', 'Bi', 'Bi', 'Bi', 'Bi', 'Bi', 'Bi', 'Bi', 'Bi', 'Bi', 'Bi']","[[0.528774, 1.636637, -1.171124], [1.33954, 0.617364, 1.467446], [-1.339619, -0.61749, -1.467569], [-0.528696, -1.636511, 1.171247], [7.016673, 4.219086, 2.372302], [5.329883, 1.809569, 2.286991], [4.623087, 5.879782, 2.787869], [2.936466, 3.469927, 2.702636], [0.073855, -6.883867, -1.132552], [1.007916, -4.107132, -0.857624], [-1.472371, -6.127222, -3.519294], [-0.537985, -3.350429, -3.244166], [2.420412, -4.910467, -3.810428], [3.377171, -6.093098, -6.229982]]",[-81777.75],"[[0.17284091123116846, 0.2622098838667801, 0.13690751359121642], [0.16431739101959236, 0.26406185049495595, -0.018423126447030057], [-0.077423003696981, 0.022874412955746538, 0.0161542192159228], [-0.05414859371747794, -0.4087974005091582, -0.07048868322561799], [0.014951826732976538, 0.13162908731284295, 0.021823880193647942], [-0.18849523572602647, -0.10433562949979924, -0.006180966260911052], [0.24327184744794453, 0.22891037717953655, 0.015850911150960087], [-0.10845037384576624, -0.17355480412854357, -0.017611690984140935], [0.10683787989806841, -0.09901580843770562, -0.19952368028463377], [-0.40357121907582777, 0.42159044556235054, 0.6389909645619282], [-0.19316014502978474, -0.829117977519994, -0.04819074276971397], [0.4075820907968076, 0.4892840295781636, -0.2089419963117558], [0.12751573136334857, -0.4759437506263999, -0.5565387260423598], [-0.20985191022222563, 0.26165087430923745, 0.30303275108441086]]","tensor(-6, dtype=torch.int32)",
"['Bi', 'Bi', 'Bi', 'Bi', 'Bi', 'Bi', 'Bi', 'Bi', 'Bi', 'Bi', 'Bi', 'Bi', 'Bi', 'Bi']","[[-1.137278, 1.738914, 0.111761], [-1.046329, -0.788119, 1.616468], [1.046488, 0.78817, -1.616565], [1.13712, -1.738965, -0.111663], [-3.951459, 5.035307, 2.729022], [-1.527127, 3.382295, 2.949199], [-3.538562, 6.006436, 5.476072], [-1.114058, 4.353318, 5.695921], [5.31792, 0.145168, -1.065293], [4.456464, 2.803051, -0.142325], [3.969156, 0.602472, -3.640476], [3.107902, 3.260517, -2.717223], [-4.51086, -1.457601, 2.868916], [-3.50176, 0.89815, 4.133983]]",[-81777.3671875],"[[-0.578562293644232, 0.17417269198094287, -0.15885209686042503], [-0.47713345213714475, 0.0036091320025396717, 0.6114940295325109], [0.029914976610518514, -0.19772735235954514, -0.20543177007437788], [0.5048931026324331, -0.4048636105034536, -0.2744293669105133], [-0.34286101220674303, 0.06312267429545904, -0.008046621449864903], [-0.008829013715430862, -0.3904058266575203, -0.19420596752829483], [0.031010627115767506, -0.11469784943992407, -0.1037918408813636], [0.12823918876975718, 0.22417018593370827, 0.6495304364517217], [-0.06992663976467223, 0.0767911804577641, 0.06468194637837381], [0.14053122838470666, -0.134002113994977, 0.022258638551311088], [0.1582929330366076, -0.06842902276955928, -0.12908940163190513], [0.10373594506781851, 0.27180200656343523, -0.09626606351267232], [0.38971646209782784, 0.6573805329519945, -0.08481050706141949], [-0.0003994246958772657, -0.16922737801181062, -0.10948292944464923]]","tensor(-6, dtype=torch.int32)",
"['Bi', 'Bi', 'Bi', 'Bi', 'Bi', 'Bi', 'Bi', 'Bi', 'Bi', 'Bi', 'Bi', 'Bi', 'Bi', 'Bi']","[[0.642554, 1.962489, -0.255879], [1.9456, -0.675468, -0.295445], [-1.94579, 0.675473, 0.295412], [-0.642364, -1.962495, 0.255912], [0.612982, -3.034425, 5.615585], [-0.113172, -1.172657, 3.455763], [0.158178, -0.909488, 7.599938], [-0.568094, 0.952127, 5.439782], [1.700549, -0.745295, -3.667441], [4.285819, 0.166536, -2.59821], [1.977337, 1.119852, -5.926749], [4.562793, 2.031445, -4.857279], [-0.796032, 2.638661, -3.212383], [-2.811208, 4.265592, -2.003912]]",[-81777.65625],"[[-0.18458196313486142, 0.6257734301427607, -0.6001132922245038], [0.063704669527937, -0.35795936104746146, 0.11371234505483482], [-0.14829478150485387, 0.04071379067697582, -0.36633802522706277], [-0.07172471604087448, -0.20640045943552118, 0.11335892101942034], [0.0899640290793504, -0.37054862035173086, 0.3028218690868501], [0.12323957307191873, -0.0321756100270909, -0.3287731074655291], [0.05940938221844021, 0.0028946220400656157, -0.0790395599899135], [-0.24553380241227044, 0.408317992349378, 0.2448469061129737], [-0.14487829774042232, -0.09660472940780394, 0.14217272439205442], [0.18239966099038957, -0.09370976849615484, 0.05195682990815575], [0.13134667718589746, 0.25122221702679404, -0.21181942229017686], [-0.10979480443006881, 0.08865127450345978, -0.18983616960810173], [0.009770197399789186, -0.21092308381188357, 0.9327268071774322], [0.2498106806129824, -0.05920693344389827, -0.1260881512569646]]","tensor(-6, dtype=torch.int32)",
"['Bi', 'Bi', 'Bi', 'Bi', 'Bi', 'Bi', 'Bi', 'Bi', 'Bi', 'Bi', 'Bi', 'Bi', 'Bi', 'Bi']","[[1.093365, -0.435373, 1.716018], [0.697825, 1.959383, 0.052586], [-0.69796, -1.959519, -0.052595], [-1.09323, 0.43551, -1.716009], [2.268444, 5.013417, 1.355496], [1.720072, 6.969032, -0.773629], [3.717794, 3.324236, -0.569578], [3.169343, 5.280212, -2.698594], [5.195609, 7.992478, -2.021027], [7.349014, 9.47659, -3.369571], [3.223704, 9.200113, -3.84121], [5.377466, 10.684085, -5.189721], [-1.736521, -0.817143, 5.515167], [-2.314103, -1.788731, 2.89016]]",[-81777.59375],"[[0.13893657790278632, 0.12251256754119123, 0.43220823329761726], [0.3868303457859301, 0.39697484459031435, 0.15910987580550473], [-0.1196288166455061, -0.2039724111153988, 0.016527913839837264], [-0.5334640908886367, -0.3453090122983976, -0.42529144775948236], [0.21419764260356028, -0.003196088165708016, 0.3207162427350219], [-0.11086541237671942, 0.16217057011830924, -0.3011145013801912], [0.08026746811470067, -0.33513170619958665, 0.23265272273829682], [-0.044224613410616065, 0.3582901593625817, -0.2490735963523057], [-0.39090030149013283, -0.33547263466674776, 0.22532800574767486], [0.4084932902595669, 0.3100466215314448, -0.2896892839629693], [-0.22283233737712768, -0.12974318210422575, 0.17097979147069178], [0.1521728299632881, 0.02598521295458447, -8.03871273218023e-05], [-0.0017480271544695453, -0.26778748387395346, -0.6913679643803664], [0.05156694760981259, 0.2619466027579016, 0.3899265213419233]]","tensor(-6, dtype=torch.int32)",
"['Bi', 'Bi', 'Bi', 'Bi', 'Bi', 'Bi', 'Bi', 'Bi', 'Bi', 'Bi', 'Bi', 'Bi', 'Bi', 'Bi']","[[-0.15391022700313972, 2.018626398724982, -0.48080537010827207], [-1.3121704610657055, 0.27883716883599174, 1.5903972577226244], [1.3123341929842134, -0.27889574901313585, -1.5904801867387022], [0.1537464950846319, -2.0185678185478397, 0.4808882991243505], [1.7723461801106908, -4.326027005859145, -1.2698949269718998], [1.162848844081346, -4.72370459863597, -4.1209787891826135], [4.6265861789774805, -4.028857166391949, -1.9217101097767726], [4.016728122016311, -4.4264630484937255, -4.77290888929875], [1.212248145494485, 1.479737434606617, 5.236316782317902], [-1.3915221212511508, 0.6205602045601013, 6.304262729060039], [-0.1586398717900982, 3.0914805256388203, 3.19112506276433], [-2.7624190024724062, 2.232179554715932, 4.2594358075686065], [-1.5972942430786436, -1.3075856724064445, -4.460347333356255], [0.6077512015147972, 0.4737362866480828, -4.824916517001633]]",[-81776.84375],"[[-0.08372164427225877, 0.3018573449151246, -0.04008833863490542], [-0.32308911515088123, 0.5715400928183625, 0.27288305319467615], [0.6537079671715053, 0.1377587034731044, -0.13329295193002705], [0.28116545521884373, -0.5194279167715501, -0.3002708705457652], [-0.08381034738023055, -0.1735661169886907, 0.14503348961280424], [-0.2869948177863822, 0.04522046906273995, -0.2233988545600407], [0.1430120357707879, 0.1636541488824214, 0.2517770099728273], [-0.1073980207416258, 0.05103127853963709, -0.2846719276435365], [0.15831730710801553, 0.005671229351518261, 0.051289905949227825], [-0.13797477910191447, -0.030240113353356024, 0.01636827395653387], [0.11711890435559183, -0.06482880787192012, -0.21837388777105438], [-0.20435098055359488, 0.03729776456915932, 0.16588139393493231], [0.5653571005270432, 0.12429963948979585, -0.4904557333568562], [-0.6908295750815464, -0.6493381178292206, 0.7761054006496537]]","tensor(-6, dtype=torch.int32)",
"['Bi', 'Bi', 'Bi', 'Bi', 'Bi', 'Bi', 'Bi', 'Bi', 'Bi', 'Bi', 'Bi', 'Bi', 'Bi', 'Bi']","[[-1.218503, 0.353162, -1.649315], [-1.171436, -1.640867, 0.514004], [1.171525, 1.641034, -0.513971], [1.218414, -0.353329, 1.649283], [4.29141, -0.690595, 0.320291], [6.294523, -2.78213, 0.841187], [2.418249, -2.731903, -0.671772], [4.421637, -4.823359, -0.150618], [-4.728395, -3.494358, -2.473515], [-5.325973, -0.675903, -3.071447], [-4.371994, -2.815839, 0.36769], [-4.969771, 0.00269, -0.230563], [4.278009, 1.981267, -1.892964], [2.590215, 3.019038, -3.952727]]",[-81777.5546875],"[[-0.43337731454963946, 0.11058012261264556, -0.39966082612179116], [-0.324484556450029, -0.25764565901833125, -0.08811211387326615], [0.8072023963104353, 0.41391960647331816, -0.21484715504227994], [0.5608350417936881, -0.23438338465244052, 0.7313815507207451], [-0.05987644907624171, 0.6960016090524453, -0.21251876273563544], [0.5471547085503201, -0.3348063072040821, 0.2449014649521378], [-0.4505300273709841, -0.006054231374008313, -0.04167367143383185], [-0.04705772897272451, -0.09499038426480931, -0.029303387964337502], [-0.06740952838193706, -0.0450336114663644, -0.07939642930546369], [-0.02162993663305297, 0.009859322168911893, -0.06597279514325227], [-0.12822211663535332, -0.06980646633665481, 0.0805342459258065], [0.21263574799397505, -0.043077232281239775, -0.06766699879446729], [-0.6838166302321609, -0.05638997984517273, 0.13721023544433517], [0.1065335125380192, -0.1019739670999039, 0.01913927163201629]]","tensor(-6, dtype=torch.int32)",
"['Bi', 'Bi', 'Bi', 'Bi', 'Bi', 'Bi', 'Bi', 'Bi', 'Bi', 'Bi', 'Bi', 'Bi', 'Bi', 'Bi']","[[2.000087, 0.554517, -0.147911], [-0.570338, 1.862119, -0.73221], [0.570336, -1.862266, 0.732335], [-2.000085, -0.554371, 0.147786], [1.642398, 2.29759, -4.174163], [0.301013, -0.146961, -3.234391], [4.166917, 0.809266, -4.441655], [2.82515, -1.635301, -3.50192], [-3.610801, 3.275591, 1.802577], [-6.478122, 3.849972, 1.475662], [-4.242134, 0.463624, 2.39766], [-7.10955, 1.038315, 2.070535], [0.213298, -2.134537, 6.169638], [-0.164796, -0.641639, 3.762037]]",[-81777.6953125],"[[0.18790984663550436, -0.11316002036919726, 0.3297968698867523], [-0.18060549279314722, 0.2730405590611791, 0.15445195990620103], [0.31598911270045443, -0.29288737810446974, 0.48378145440260234], [-0.3820660890012434, 0.09560960909158964, 0.07005612059126522], [-0.14317884903586636, 0.19043425995524357, -0.14961442664101593], [-0.2358284996920525, -0.0749563373860837, -0.1862890737310625], [0.23753854134747351, 0.051407986498118015, 0.031873155568848364], [0.09736690764917066, -0.15731601614081187, -0.009351909538058423], [0.33486297434900086, -0.09795512495472955, -0.1150304989503411], [-0.22332933189222748, -0.05885011555043965, -0.0010863523626498857], [0.33672944200700167, -0.10700988679439627, 0.09560878633812439], [-0.4006459705522393, 0.20911498022782363, 0.00020968951925702284], [0.0005858637164273692, 0.07749823421695937, -0.2728845958574235], [0.04522005768600732, -0.0034999109658074286, -0.4367348171750312]]","tensor(-6, dtype=torch.int32)",
"['Bi', 'Bi', 'Bi', 'Bi', 'Bi', 'Bi', 'Bi', 'Bi', 'Bi', 'Bi', 'Bi', 'Bi', 'Bi', 'Bi']","[[1.639837, -0.315157, 1.241501], [0.19095, 2.054234, 0.269377], [-0.191045, -2.054402, -0.269378], [-1.639742, 0.315324, -1.2415], [5.517566, 0.211051, 2.752186], [4.807924, 1.719385, 5.176985], [3.621568, -1.906411, 3.514687], [2.911994, -0.397698, 5.939484], [3.559278, -2.711804, -2.91516], [5.406067, -0.428105, -3.095168], [1.268679, -0.874183, -3.105323], [3.115827, 1.409443, -3.28545], [-3.177741, 2.275163, 3.818568], [-2.344292, 0.170867, 2.073418]]",[-81777.1875],"[[0.03509190596453565, -0.20385357466176243, 0.24160356053088472], [-0.2809605381839061, 0.20837779312296378, 0.019110392985386176], [0.09718662179609877, -0.3092084928608176, -0.083440365431328], [-0.41541748057888905, 0.039730682561354085, 0.15302011176621613], [-0.05802072863538071, -0.08096773415780767, -0.10341131740368761], [0.001959087586688033, 0.02394391018521904, 0.08649422060595263], [0.12520919344562464, -0.08084293274154826, 0.09723161612622938], [0.0013461815065207953, -0.004257089437210028, 0.030444413323194773], [0.07122700161649259, -0.25006059197805064, -0.12268678558745695], [0.12837628006590365, 0.0963962642485474, 0.13643494456961608], [-0.13288939135532418, -0.06313810092293239, -0.18422807630062277], [-0.025486773478711325, 0.14490961379419326, -0.021778073394470403], [-0.18649291090207704, -0.28769148428307867, -0.15883553894693697], [0.6370950320454531, 0.7574510084879615, -0.08277948871036964]]","tensor(-6, dtype=torch.int32)",
"['Bi', 'Bi', 'Bi', 'Bi', 'Bi', 'Bi', 'Bi', 'Bi', 'Bi', 'Bi', 'Bi', 'Bi', 'Bi', 'Bi']","[[-0.15391022700313972, 2.018626398724982, -0.48080537010827207], [-1.3121704610657055, 0.27883716883599174, 1.5903972577226244], [1.3123341929842134, -0.27889574901313585, -1.5904801867387022], [0.1537464950846319, -2.0185678185478397, 0.4808882991243505], [1.7723461801106908, -4.326027005859145, -1.2698949269718998], [1.162848844081346, -4.72370459863597, -4.1209787891826135], [4.6265861789774805, -4.028857166391949, -1.9217101097767726], [4.016728122016311, -4.4264630484937255, -4.77290888929875], [1.212248145494485, 1.479737434606617, 5.236316782317902], [-1.3915221212511508, 0.6205602045601013, 6.304262729060039], [-0.1586398717900982, 3.0914805256388203, 3.19112506276433], [-2.7624190024724062, 2.232179554715932, 4.2594358075686065], [-1.5972942430786436, -1.3075856724064445, -4.460347333356255], [0.6077512015147972, 0.4737362866480828, -4.824916517001633]]",[-81776.84375],"[[-0.08372164427225877, 0.3018573449151246, -0.04008833863490542], [-0.32308911515088123, 0.5715400928183625, 0.27288305319467615], [0.6537079671715053, 0.1377587034731044, -0.13329295193002705], [0.28116545521884373, -0.5194279167715501, -0.3002708705457652], [-0.08381034738023055, -0.1735661169886907, 0.14503348961280424], [-0.2869948177863822, 0.04522046906273995, -0.2233988545600407], [0.1430120357707879, 0.1636541488824214, 0.2517770099728273], [-0.1073980207416258, 0.05103127853963709, -0.2846719276435365], [0.15831730710801553, 0.005671229351518261, 0.051289905949227825], [-0.13797477910191447, -0.030240113353356024, 0.01636827395653387], [0.11711890435559183, -0.06482880787192012, -0.21837388777105438], [-0.20435098055359488, 0.03729776456915932, 0.16588139393493231], [0.5653571005270432, 0.12429963948979585, -0.4904557333568562], [-0.6908295750815464, -0.6493381178292206, 0.7761054006496537]]","tensor(-6, dtype=torch.int32)",
"['Bi', 'Bi', 'Bi', 'Bi', 'Bi', 'Bi', 'Bi', 'Bi', 'Bi', 'Bi', 'Bi', 'Bi', 'Bi', 'Bi']","[[1.749131, 0.598921, -0.954751], [1.087687, -0.435409, 1.719378], [-1.087811, 0.43537, -1.719521], [-1.749007, -0.598883, 0.954893], [2.098404, -2.220398, 6.317092], [1.20244, -3.824355, 4.018639], [-0.367223, -0.621477, 6.162188], [-1.263033, -2.225785, 3.863695], [-5.78667, -4.781156, 2.207072], [-3.05381, -5.664449, 2.847061], [-5.99688, -3.513862, 4.854644], [-3.263787, -4.397235, 5.494337], [4.984553, 0.497368, 0.119563], [3.806527, 1.29936, 2.596923]]",[-81777.8515625],"[[0.45190130028709025, 0.39141688782212375, 0.10304539780001971], [0.5483281606801265, -0.23875328541681679, 0.5410581053728518], [-0.4182896100818776, -0.1608716995071446, -0.36800780338477834], [-0.4417282107997887, 0.2039700971212778, -0.335940215745465], [0.05803003603395629, 0.12159005521828484, -0.10020874954021987], [0.1258510439926992, -0.18506327391202998, -0.04333635334290966], [0.16039301125664654, 0.24059285932092234, 0.29730695260931017], [-0.39282857850221015, -0.3424160054262284, 0.1039396279725583], [0.018810761599971273, 0.010743442758246291, 0.05248534616539277], [0.03275192826065867, -0.040563915848863055, -0.14370325152577715], [-0.10684749582919346, -0.0006694842648675859, -0.026517421317996774], [0.26879329998521595, 0.23903996357736323, -0.02840835046496113], [-0.22823695346823314, 0.03675274182052581, 0.3203944432859278], [-0.06290428467252797, -0.27580531923695306, -0.35011702928301697]]","tensor(-6, dtype=torch.int32)",
"['Bi', 'Bi', 'Bi', 'Bi', 'Bi', 'Bi', 'Bi', 'Bi', 'Bi', 'Bi', 'Bi', 'Bi', 'Bi', 'Bi']","[[1.523958, 0.485775, -1.330898], [0.891514, 1.190227, 1.455152], [-0.891591, -1.190389, -1.455221], [-1.523881, -0.485613, 1.330968], [-0.944833, -1.450445, 4.546804], [-3.754863, -1.036452, 3.778265], [-0.818709, -3.821138, 2.807907], [-3.628884, -3.406791, 2.03941], [-0.989427, -2.198784, -4.960817], [-2.663902, -3.718344, -3.077898], [-1.80093, -4.003697, -7.1388], [-3.475519, -5.523077, -5.25556], [2.879903, 3.602955, 0.125553], [1.449668, 5.504593, -1.457623]]",[-81777.40625],"[[0.6187836252345852, 0.06637656140632146, -0.08112873672653788], [0.8656122359127856, 0.732423362296112, 0.3978905177750409], [-0.2109807793986339, -0.004272716610840533, -0.4716618844828049], [-0.5375295214487805, -0.08658014692097919, -0.37296828687092604], [0.028176796786586127, -0.0431155365972561, 0.3297210737237666], [-0.19927397460793178, 0.03213190124924973, 0.362192684736607], [-0.057057952814768845, -0.22643538048980358, 0.1655811403422093], [0.16536994981209913, -0.034953842790858315, -0.12266755372520687], [0.0015425275072342849, 0.11772013145031993, 0.33231038172307703], [0.16172669462380931, 0.2676080207743468, 0.1598561131984823], [-0.2196274555195389, -0.36058219625048066, -0.18516113015230262], [0.018352343937973165, -0.10408715795329512, -0.37864513151484464], [-1.079277711290607, -0.16997464384661978, -0.5724173537006804], [0.4481447622310545, -0.20042115004894176, 0.44549590744969686]]","tensor(-6, dtype=torch.int32)",
"['Bi', 'Bi', 'Bi', 'Bi', 'Bi', 'Bi', 'Bi', 'Bi', 'Bi', 'Bi', 'Bi', 'Bi', 'Bi', 'Bi']","[[-0.695031, 0.478475, 1.902027], [0.330091, 2.017502, -0.386822], [-0.330163, -2.017677, 0.386786], [0.695103, -0.4783, -1.901991], [-1.472893, 5.385934, 4.968297], [1.258394, 6.212027, 5.686598], [-0.392841, 3.670578, 2.835014], [2.338501, 4.496806, 3.553671], [-1.255318, -0.833149, 7.916508], [0.088177, -3.274347, 6.971052], [-0.917065, 0.382413, 5.257965], [0.42636, -2.059111, 4.312702], [-4.784458, -2.367466, 0.088492], [-2.881164, -3.475861, 1.909804]]",[-81777.359375],"[[-0.3479536504682458, 0.04567025295556214, -0.02766596458664273], [0.10866238712934169, 0.18183221820982812, -0.036009805725827536], [0.17448569825237717, -0.5509306327348809, 0.4019220097547434], [-0.06759680763946355, -0.0630840048825925, -0.25699722644353473], [-0.07991399265719462, 0.04639148892761458, 0.11212715623776481], [-0.029633810898189217, 0.0387727095640956, 0.010973412636200698], [0.19550833484168673, 0.11029077050333708, -0.0122487627826776], [-0.020182846985124403, -0.043395061944864075, -0.045284916370114454], [-0.07393555744617204, -0.15688057386933074, 0.23098279031430655], [-0.03857878657233726, -0.11812487473312909, 0.2517501676410237], [0.054897556481309145, 0.26997971048209984, -0.006400147784052429], [0.007108111714268626, -0.07388475241969313, -0.33676800857568506], [0.3138118499209572, -0.4553219492409396, 0.7238651835948126], [-0.2109094055355239, 0.7616408805097237, -0.9900953494253311]]","tensor(-6, dtype=torch.int32)",
"['Bi', 'Bi', 'Bi', 'Bi', 'Bi', 'Bi', 'Bi', 'Bi', 'Bi', 'Bi', 'Bi', 'Bi', 'Bi', 'Bi']","[[1.3342722225554817, 1.5739856584609975, 0.26833091995976477], [-1.126142389420041, 1.1756083493020109, -1.295628515737524], [1.1261697206959818, -1.1757232706614094, 1.2957807099637932], [-1.3342995538314235, -1.5738707371016003, -0.2684831141860341], [3.314344100709636, -3.7722172224072557, -5.363057165337046], [0.7638106107630525, -5.149045887353752, -4.855676239577566], [2.792696742582719, -1.970635229269131, -3.0954493348437153], [0.24212691490450822, -3.3478231112421266, -2.5882029850744184], [-3.818418203715045, 0.8899411443873506, -3.407954549627556], [-4.314137915845007, 2.5092240117463716, -5.814300040671047], [-6.654213995831706, 0.10574990418515995, -3.3516940718603796], [-7.149630923224791, 1.7251119457934287, -5.758264331321071], [-4.114957759527954, 5.656839264862006, -4.581021493420117], [-6.727673817529739, 5.3852677436541665, -3.454874196959983]]",[-81777.3046875],"[[0.27191554654163913, 0.14495733349517748, 0.2517937735746817], [-0.1415211550696716, 0.11118433218868515, -0.22373062989490092], [-0.023084929856457048, 0.017936478056755717, -0.1645027162376389], [-0.14124640683437123, 0.028351076539361735, 0.07709914736422377], [-0.12348053699305246, -0.08754199714394266, -0.03998099501873669], [0.10168142682091758, -0.3416071873478006, -0.5118323596245876], [-0.030769822603117652, 0.13449067528705805, 0.26437459965593235], [0.12554749938611523, 0.04589514747307781, 0.2590216627668626], [-0.035685625433893364, -0.25602144083375367, 0.4036357023786664], [0.23160859716880883, 0.3462141439543507, -0.23887808683307615], [0.10086340418809732, 0.08916729519244337, 0.012892253694473506], [-0.0915527145986477, 0.16284029143901899, -0.07360090247418347], [-1.1182592562530183, -0.5811524243970076, 0.2663323415264838], [0.863121349796755, 0.1842063761779769, -0.28434925401888556]]","tensor(-6, dtype=torch.int32)",
"['Bi', 'Bi', 'Bi', 'Bi', 'Bi', 'Bi', 'Bi', 'Bi', 'Bi', 'Bi', 'Bi', 'Bi', 'Bi', 'Bi']","[[-0.343854, -1.962509, 0.60003], [0.811148, -0.688833, -1.787863], [-0.811149, 0.688936, 1.788026], [0.343855, 1.962406, -0.600193], [-3.741973, -3.744193, -0.984694], [-5.419504, -3.114106, -3.318616], [-3.268824, -0.872469, -0.549733], [-4.946611, -0.242648, -2.883765], [2.243068, -0.52485, 2.768572], [0.092877, -0.957583, 4.730136], [3.361884, 1.603721, 4.464831], [1.211517, 1.170645, 6.426391], [2.718407, -3.474888, -1.75284], [3.720647, -6.15122, -1.784614]]",[-81777.1484375],"[[0.2905836684017826, -0.7236790356233007, -0.2517812265843367], [0.43375984348888696, -0.08216859426242491, 0.06101308298847824], [0.28313055044849084, -0.029243126415217435, 0.3695377648754937], [-0.11400303413852435, 0.4266609209023832, -0.18498151278642125], [0.04856567666603545, -0.013448270486286348, 0.2142465450126508], [-0.07699306358929871, 0.048545056407312735, -0.15042668999957948], [0.08334898837459419, -0.011510701502260893, 0.10836244206916815], [-0.3157914461804292, 0.06306559577380763, -0.2684706777826566], [-0.2137602977146908, 0.08235942164427026, -0.3895885753560737], [-0.21563103340629253, -0.0050404916326545765, 0.1139516120469465], [0.12036842058867014, 0.19387583770036512, 0.28610161605567513], [0.07976260601958945, 0.00021440451367797794, -0.001144430529761559], [-0.5160901088072326, -0.2400068531653013, 0.01307635506674048], [0.10141043239830237, 0.2818473121531659, 0.08142101989506631]]","tensor(-6, dtype=torch.int32)",
"['Bi', 'Bi', 'Bi', 'Bi', 'Bi', 'Bi', 'Bi', 'Bi', 'Bi', 'Bi', 'Bi', 'Bi', 'Bi', 'Bi']","[[-1.45443, -1.472744, 0.213004], [-1.216075, 1.00462, -1.356763], [1.216239, -1.004702, 1.356823], [1.454267, 1.472827, -0.213064], [0.331112, -2.389781, 4.27024], [3.236569, -2.844076, 4.168978], [0.76152, -0.012982, 5.951143], [3.667111, -0.467486, 5.849587], [-3.925377, 2.121494, 6.204106], [-2.145346, 2.320593, 3.869547], [-4.519693, -0.676326, 5.512113], [-2.739392, -0.476952, 3.177562], [1.524099, -3.261606, -4.062495], [-0.76939, -1.759936, -3.254322]]",[-81777.7109375],"[[-0.3694631514206143, -0.456568832117519, -0.5380375717135696], [0.1587702843127247, -0.014857662598879202, -0.4226911354325742], [0.5642618099764353, -0.19269307817198325, 0.26948590413667783], [0.08210472802468524, 0.308024602046421, -0.017289536722614938], [-0.40329071156627067, 0.1413785101876347, -0.08110369416793949], [0.4449183345170946, -0.09206647271560187, 0.015227222886630807], [-0.09565815154603911, 0.1443092094529304, -0.12362955821444503], [-0.11773653509753325, -0.09228044003865726, -0.009388007846346065], [-0.08329268118431646, -0.00738773990605975, 0.03201124959578065], [0.16288189191110547, -0.033489439324695496, -0.0567831017352853], [-0.23660852139919675, -0.0605711615334583, 0.2823380845951847], [0.1828896621010348, 0.03794137375176586, 0.05022626055377688], [-0.0799451030225992, 0.2692124928757585, 0.11383745500364369], [-0.21749693542128595, 0.04445391480137996, 0.47810980338993314]]","tensor(-6, dtype=torch.int32)",
"['Bi', 'Bi', 'Bi', 'Bi', 'Bi', 'Bi', 'Bi', 'Bi', 'Bi', 'Bi', 'Bi', 'Bi', 'Bi', 'Bi']","[[-2.015691, 0.079201, -0.510327], [0.108654, 2.074984, -0.10743], [-0.108599, -2.075164, 0.107389], [2.015636, -0.079021, 0.510368], [-4.228045, -4.749782, 0.720352], [-5.679784, -2.881816, -1.029354], [-3.528526, -2.524898, 2.514905], [-4.980536, -0.65708, 0.764969], [0.32511, -4.635403, -2.044321], [1.152971, -4.59838, -4.867721], [0.839002, -7.530763, -1.931801], [1.66698, -7.493403, -4.755347], [5.359345, -0.761988, 1.33152], [7.214724, -0.80057, 3.50507]]",[-81777.140625],"[[-0.18393533033327011, -0.09779484229528143, -0.295395593465362], [0.041312554653517325, 0.5092965306005182, 0.23647718937730694], [-0.16099069022705573, -0.28834320787173623, 0.25470426395798734], [0.6425776554494822, 0.03218514368286943, -0.12125612015557835], [0.04991752231594355, 0.168019987301563, 0.0652963889506374], [-0.009510490126275315, -0.08269248253141993, -0.06487848161238431], [0.051570804266680925, -0.21397575627840193, -0.0661567319648262], [-0.11506207211456991, 0.17245683962917358, 0.10467614659022768], [-0.11981347337636213, 0.06675173698647335, 0.05215290234334205], [0.07154340174597103, 0.10687459527145499, -0.2462885244503584], [0.04987859065040997, -0.3983081165807445, 0.021432264970818602], [-0.0009493469413963051, 0.010772593941961768, 0.06526594707242331], [0.21939338215867663, -0.07729270011692276, 0.6029440783658638], [-0.5221743706827223, 0.09913721599592089, -0.6161569847967892]]","tensor(-6, dtype=torch.int32)",
"['Bi', 'Bi', 'Bi', 'Bi', 'Bi', 'Bi', 'Bi', 'Bi', 'Bi', 'Bi', 'Bi', 'Bi', 'Bi', 'Bi']","[[-1.850088, 0.945693, 0.112043], [-0.85748, -1.547655, -1.094713], [0.857583, 1.547731, 1.094857], [1.849985, -0.945768, -0.112187], [4.442265, 0.243466, -2.807472], [4.669673, -2.272694, -1.298984], [6.691672, -0.578642, -4.51749], [6.91877, -3.094922, -3.008809], [4.063115, 4.957867, -6.655932], [3.52431, 2.670085, -4.885605], [1.393797, 4.656491, -7.857503], [0.855198, 2.368686, -6.086851], [-1.485988, -3.550645, 3.060751], [-2.73172, -1.011788, 2.647713]]",[-81777.625],"[[-0.21411279615245687, -0.2735787426716327, 0.22474688469075374], [0.16420745058779895, -0.0036479371697279717, -0.0898830392851153], [0.11535810909578352, 0.07427545747150155, 0.19129249466367768], [-0.3756506174339008, 0.06444581613384838, -0.054841557823580876], [-0.22941518785255616, 0.11912282326438019, 0.12322851732222949], [0.10870465608861865, -0.41058267268455756, 0.254393211726033], [0.045354896694542735, -0.04622118924472709, -0.060571675754374076], [0.22757756798793055, -0.040567613097247504, -0.1776546874900446], [0.051744199559481396, 0.21158504039676507, -0.21101682628483], [-0.025569758450099643, 0.04214377219503644, -0.010063750693979589], [0.026861419684025032, 0.052189052073721265, -0.0019930194822575012], [-0.04670995108296528, -0.09327185796427798, 0.04363395869791639], [-0.3267844094958478, 0.860615551274167, -0.10625578182140728], [0.47108354021882903, -0.5640730909003446, -0.120970161904314]]","tensor(-6, dtype=torch.int32)",
"['Bi', 'Bi', 'Bi', 'Bi', 'Bi', 'Bi', 'Bi', 'Bi', 'Bi', 'Bi', 'Bi', 'Bi', 'Bi', 'Bi']","[[-1.31689, 1.225475, 1.045815], [0.53681, -0.939562, 1.777066], [-0.536776, 0.939655, -1.777231], [1.316856, -1.225568, -1.045649], [4.354243, -2.659933, -1.317484], [4.232983, -3.274139, -4.192612], [5.228533, 0.080152, -1.939907], [5.107049, -0.534347, -4.815143], [-0.919154, 4.194521, -0.521567], [-0.34199, 6.760209, -1.841584], [-3.540054, 4.097645, -1.856241], [-2.962521, 6.663434, -3.176293], [5.110653, 2.22645, 1.456506], [2.318824, 1.958194, 2.006026]]",[-81777.46875],"[[-0.14392560064975973, -0.020619122294489093, 0.16235594675844733], [0.3464553649859423, 0.06578973249723517, 0.4864888789462671], [-0.13801113452066, 0.20157398192002532, -0.11998810279936047], [0.1594473589925301, -0.31588709127076403, -0.28839879515273187], [0.08895831581227104, -0.05380339721671591, 0.054466896464344744], [0.00244713980006245, -0.04031625677140587, 0.03169865984328813], [0.008589006245200462, 0.1575092089388698, 0.2556310443144947], [0.044298419538657735, 0.043920163775220324, -0.24285795103283453], [0.11663872486443799, -0.06037246657160154, 0.023576144528463502], [0.07913870178247556, 0.4437115094498543, -0.18357696977706417], [-0.16793323823307119, -0.13328343884308516, 0.09633224374453299], [0.02657260750667811, 0.17052609435670052, -0.14054701496682107], [-0.5884430485409134, -0.26560621017131314, -0.08721767801236123], [0.17513011990403063, -0.1883640579704114, -0.04966606314591876]]","tensor(-6, dtype=torch.int32)",
"['Bi', 'Bi', 'Bi', 'Bi', 'Bi', 'Bi', 'Bi', 'Bi', 'Bi', 'Bi', 'Bi', 'Bi', 'Bi', 'Bi']","[[-1.792317, 0.605293, 0.866564], [-0.563639, -1.990176, 0.224533], [0.563757, 1.990327, -0.224514], [1.7922, -0.605444, -0.866583], [-3.319845, -2.552821, -1.618508], [-4.716668, -0.147542, -2.578629], [-5.848429, -3.582789, -0.520652], [-7.245088, -1.177314, -1.481062], [1.808987, -0.80057, 2.608055], [0.404767, 1.320446, 4.087166], [3.759965, 1.173454, 1.629909], [2.355526, 3.294362, 3.109318], [3.446999, 0.563125, -3.564026], [5.231972, 1.579945, -1.57702]]",[-81777.4765625],"[[0.22608061948000813, 0.3620896862871765, 0.010705560103380897], [-0.521207635361059, -0.46349271390429175, 0.5582515959128176], [-0.048815212649835224, 0.4386642768952148, -0.13542640308749995], [1.4530746651673099, 0.2065282433330921, -0.4648858412093185], [0.19795684915425704, -0.001819779998394513, -0.08385117652094334], [0.10052972623584874, 0.20175226231152568, 0.027463603229656464], [-0.16052310914833845, -0.1897204699020516, 0.13143671726825026], [-0.1014994440388236, 0.02237053816479362, -0.004906477434468079], [-0.25709899076276727, -1.0675267349232394, 0.14502238244102345], [-0.34019035445855644, -0.04770157983916146, 0.11301341598610884], [0.20636040162618205, 0.1843444444938634, -0.8886323636494362], [-0.28118982929025166, 0.5635722397283766, 0.24625083205723183], [-0.4053003897493158, 0.02737457616250775, -0.014913599550097573], [-0.07029626175893372, -0.24302409581072254, 0.3845046788501392]]","tensor(-6, dtype=torch.int32)",
"['Bi', 'Bi', 'Bi', 'Bi', 'Bi', 'Bi', 'Bi', 'Bi', 'Bi', 'Bi', 'Bi', 'Bi', 'Bi', 'Bi']","[[-0.767041, -1.455116, 1.274363], [1.933787, -0.554228, 0.53123], [-1.933931, 0.554352, -0.531257], [0.767186, 1.454992, -1.274336], [1.648534, -3.883233, 1.456443], [0.88877, -5.318173, -0.997537], [4.342278, -5.058841, 1.309648], [3.582218, -6.493641, -1.144534], [-4.280027, -2.707968, 5.855578], [-1.710387, -2.059427, 4.57704], [-3.635578, -0.885827, 8.074664], [-1.06591, -0.237345, 6.795747], [2.606223, 6.087549, -4.610466], [2.551678, 3.430397, -3.559366]]",[-81777.5390625],"[[-0.051378197680466975, -0.0017965536680706353, -0.04174306554641614], [0.36665601944138015, -0.5561623163320101, 0.37201091036992984], [-0.33436885947102946, 0.29613807704565437, -0.1064636299155649], [-0.01406072816581503, 0.4407953626364752, -0.5668138883814433], [-0.06505115699590269, 0.13855924259478816, 0.02271034563035829], [-0.04863786299819242, 0.04891443157553466, -0.08743581052483443], [0.28287657673818783, -0.16919467356156714, -0.06708006704119786], [0.0003804332319052808, 0.035990481303812584, 0.15369230134732165], [-0.20661067294589136, -0.04580728768740792, 0.0759229698635639], [0.18551604542837286, -0.04989291684512355, -0.08603013622946265], [0.00863532212308462, -0.03354870842744811, -0.045010816053167944], [0.04910136116283842, 0.12355556182466454, 0.06104198220394498], [-0.12322841447804632, -0.8948081568479345, 0.3448623085888609], [-0.061644854805603555, 0.6708515782826406, -0.025766026289233933]]","tensor(-6, dtype=torch.int32)",
"['Bi', 'Bi', 'Bi', 'Bi', 'Bi', 'Bi', 'Bi', 'Bi', 'Bi', 'Bi', 'Bi', 'Bi', 'Bi', 'Bi']","[[-0.400665, -1.731349, 1.08241], [1.801462, -0.81883, -0.642774], [-1.801573, 0.818965, 0.642853], [0.400776, 1.731214, -1.08249], [-3.318554, -5.369987, -0.465458], [-2.361803, -2.8059, -1.546384], [-5.03876, -5.723354, -2.826789], [-4.08167, -3.159137, -3.907586], [-3.57918, -0.793776, 3.667747], [-4.96519, -2.14319, 1.450457], [-4.371776, 1.819951, 2.572264], [-5.757892, 0.470171, 0.355029], [-5.515437, -0.962221, -6.137437], [-7.451304, -0.48759, -8.185702]]",[-81777.09375],"[[-0.11605009618214648, -0.5639779600309257, 0.11813608474909304], [0.23352185893014543, 0.008968125899776387, -0.2300844977965333], [-0.3828984069755223, -0.016662176920947, -0.16624649078513495], [0.2858874430442534, 0.18831150459281884, -0.15567580568575357], [0.07998552078657939, 0.2377540513332762, 0.058055489969287326], [0.7267067683754038, 0.2682263714255703, 0.9145953776870865], [-0.12694047242486728, -0.16893010690039914, -0.06864160169614206], [-0.6846573814294585, 0.20379449067853952, -0.9621932083142806], [0.05000456449035735, -0.1909311516261602, 0.037798070666956736], [0.03089639293932734, -0.16360509220705616, -0.009143711773678072], [-0.226735222705794, 0.3574746564122488, 0.21435139465737804], [-0.11646034162875446, 0.10692735433741385, -0.06425190342650836], [-0.16202350293639659, -0.03502575658592992, -0.17333245500456101], [0.4074032961843914, -0.21775101197577207, 0.48777484261244564]]","tensor(-6, dtype=torch.int32)",
"['Bi', 'Bi', 'Bi', 'Bi', 'Bi', 'Bi', 'Bi', 'Bi', 'Bi', 'Bi', 'Bi', 'Bi', 'Bi', 'Bi']","[[0.922131, -0.137921, 1.860206], [0.506129, 2.015555, -0.101374], [-0.50625, -2.015705, 0.101367], [-0.92201, 0.138071, -1.860199], [5.536621, -0.994583, 5.976834], [4.493581, -3.745885, 6.003712], [3.136289, -0.098942, 4.529046], [2.093386, -2.850482, 4.556194], [0.355109, 2.253592, -4.28247], [2.152378, 2.753776, -6.557981], [2.570168, 0.994629, -2.809925], [4.367337, 1.495094, -5.085681], [-2.724649, -3.665004, -1.898283], [-4.050431, -5.240604, -3.880209]]",[-81777.671875],"[[0.21851113333347563, -0.18577588125711567, 0.2953501877584987], [-0.1453790974902989, 0.17275930437183443, -0.29711231999268806], [-0.19718520924804, -0.4893037242392379, 0.25829712549653083], [-0.35320986240305763, 0.16488036007818654, -0.38740277650937455], [0.21733984093151565, -0.14781527050089055, 0.1886074387298493], [0.11112859064141477, 0.0521017373622221, 0.03517261807947623], [-0.06716758744106334, 0.017495415350665126, -0.07968578141477217], [-0.1570599855468458, 0.10889553489255559, -0.08955486349666554], [-0.06947587370990091, 0.07989861745181284, 0.08093101878442109], [0.15232869032286053, -0.11200317757497065, 0.04588555211078939], [-0.29145069628787657, -0.08921234094466557, 0.34195608623915624], [0.31176401654596136, 0.16772281903433467, -0.4271852205481109], [-0.08869606314522407, -0.27031061164140324, -0.6583493251573209], [0.36246979838811993, 0.513443568019996, 0.691048633191668]]","tensor(-6, dtype=torch.int32)",
"['Bi', 'Bi', 'Bi', 'Bi', 'Bi', 'Bi', 'Bi', 'Bi', 'Bi', 'Bi', 'Bi', 'Bi', 'Bi', 'Bi']","[[-1.126272, 0.6518, -1.623694], [1.730136, 0.700914, -0.918832], [-1.730247, -0.701046, 0.918919], [1.126382, -0.651668, 1.623607], [0.460544, 4.540723, -0.596557], [-1.058233, 3.937607, 1.850458], [-1.920839, 3.947753, -2.220522], [-3.439486, 3.344789, 0.226823], [3.216311, -1.157741, 4.23236], [3.441448, -3.369378, 2.304592], [1.678705, -2.893663, 6.044045], [1.90413, -5.105283, 4.116022], [6.076629, -0.338438, 5.730684], [4.52117, -0.052848, 8.111279]]",[-81777.1484375],"[[-0.03670303722680668, 0.034611279101185076, -0.08600884748354942], [0.24001250959537487, 0.2864102000272337, -0.3968109623844558], [-0.43523596604972037, -0.07285903595899, 0.16812864218106696], [0.2797833836635062, -0.45105972633632735, 0.26010024113770774], [-0.03285371314872784, 0.005763799400776685, 0.020572153356041897], [-0.07613739998544347, -0.09441322270893966, -0.14979995754742878], [0.1937015682320078, 0.0872843210430461, -0.169735633964966], [-0.07713334305512304, -0.012344186758018592, 0.21717313051062032], [0.6119691696586901, 0.592600010424066, 0.4567674756572842], [-0.1734568450440878, -0.10416351975928823, -0.4671734043752502], [0.09232240046538477, 0.1939614554828422, 0.5897280866094436], [-0.01220084767774537, -0.19347253423612013, -0.20257527288722896], [-0.6148158966484392, -0.15419366674020554, 0.10819886839585904], [0.0549983437808017, -0.11710975122329098, -0.34512008753394063]]","tensor(-6, dtype=torch.int32)",
"['Bi', 'Bi', 'Bi', 'Bi', 'Bi', 'Bi', 'Bi', 'Bi', 'Bi', 'Bi', 'Bi', 'Bi', 'Bi', 'Bi']","[[1.7009466559755488, 0.8401944828879138, -0.8547329430768467], [-0.9341106302485058, -3.480260343541319e-05, -1.8591240550955759], [0.9341249355752675, 7.391898456249324e-05, 1.8593121568402622], [-1.700960961302312, -0.8402335992690417, 0.8545448413321616], [0.03782795090885205, 2.925559041941617, -6.838679394597828], [-0.6018143040800014, 5.779138493156963, -6.51271043746188], [-1.1261899191391458, 2.362856748648913, -4.195142475149368], [-1.7658605579103113, 5.216648309789056, -3.869493942326956], [1.8131533589195121, 2.6956284467986693, 4.2211579562252854], [-0.4074490041230121, 3.1114426664882444, 2.3358629289852764], [3.5848995618579678, 4.276212392697723, 2.482615837237557], [1.3639393761323861, 4.691988814830107, 0.5974586587268149], [0.3539828361583093, 7.899122947292081, 1.0688428370998373], [1.2139987841816464, 6.587127788531809, 3.4578353646585]]",[-81777.375],"[[0.2618154764243781, 0.3482725702802115, -0.24654152114092137], [-0.015553022974449672, 0.01584426227451907, 0.041414663500763435], [0.0356835994034852, 0.27002141379836947, 0.4000453605226102], [-0.4276187087801121, -0.2894065138813828, 0.13904533562647345], [0.13386332576980844, 0.10653628933096439, -0.3498276771737085], [-0.000512410652466472, -0.04707050222027245, -0.052668460233501455], [-0.05960977410931905, 0.016392648027941763, 0.05951598021428107], [-0.01661315624104585, 0.09974826471014032, 0.15189473929203517], [0.37688155946209106, -0.3242087797728971, 0.5499957791099958], [-0.3664604612271096, -0.20698677412369168, 0.026604720602868465], [0.35939372886993365, 0.3108817677207604, 0.4783540069028363], [-0.4907084729369613, 0.4694315026827077, -0.25691412834354493], [-0.12752041077368215, 0.4571689279262323, -0.6816054802943139], [0.330608259069759, -1.2263829455509907, -0.26079341093217695]]","tensor(-6, dtype=torch.int32)",
"['Bi', 'Bi', 'Bi', 'Bi', 'Bi', 'Bi', 'Bi', 'Bi', 'Bi', 'Bi', 'Bi', 'Bi', 'Bi', 'Bi']","[[-1.487105698317542, -1.3624629522430765, 0.5117871093795503], [-0.9752364930163266, 0.38966591407456297, -1.7961011054746199], [0.9753874595112175, -0.3897133973482105, 1.7962109756532136], [1.4869547318226521, 1.362510435516725, -0.5118969795581443], [3.792684889999877, 4.595218084073643, 4.469298555233335], [2.2698602166291315, 2.337633723849735, 3.3545647168541053], [2.335471768761542, 6.4478674259682105, 2.70745882006346], [0.8126225458312972, 4.189963866467409, 1.592939404492623], [9.885890215893511, 3.2639192132076325, 1.5758420257719457], [9.676516262784382, 5.576708402142364, 3.3829065999053904], [6.951901494900619, 3.15366192371451, 1.3773163791790637], [6.7428351152242065, 5.466681515516411, 3.184408901519733], [-2.3396974995645294, -4.095649352083475, 5.16731067111527], [-0.5104064327206668, -2.102677742451043, 4.245354934563694]]",[-81777.546875],"[[-0.5485708729523738, -0.3374627210329016, -0.09151337669859065], [-0.15275698492361234, -0.06647534324424248, -0.010668947574177478], [0.5879401404852823, 0.11877685543224448, 0.3803222630316558], [0.12262168521951942, 0.33090815270784096, 0.10174061364832367], [0.14549669981373742, 0.4472660101080808, 0.12073444303652119], [-0.27041587266286304, -0.3347541652032222, -0.26017542023559453], [0.27106435665975115, 0.1936164646704465, 0.2096752753376558], [-0.0764849104803265, -0.44185023542310287, -0.1925611290849945], [0.07595721697655473, 0.12532149929363065, 0.029598442783601978], [0.4659836000203222, -0.08387323659823023, 0.04503598202478614], [-0.15013039590790794, -0.05159492122763093, 0.05296753111811816], [-0.36637237518423676, 0.06946615493459268, -0.14010231671885592], [0.5899564006960493, 0.6333525322204182, -0.35645058545847613], [-0.6898782663873564, -0.6118848374285024, 0.10917192863478647]]","tensor(-6, dtype=torch.int32)",
"['Bi', 'Bi', 'Bi', 'Bi', 'Bi', 'Bi', 'Bi', 'Bi', 'Bi', 'Bi', 'Bi', 'Bi', 'Bi', 'Bi']","[[-0.002239, 1.658421, 1.256722], [1.922082, 0.482796, -0.633571], [-1.922268, -0.48284, 0.633547], [0.002425, -1.658377, -1.256697], [-2.106801, 6.880714, -1.504341], [-0.931106, 4.803617, 0.216624], [0.52365, 8.180103, -1.73276], [1.699158, 6.10267, -0.011771], [0.926493, 4.361564, 3.160025], [-0.808314, 6.329117, 4.493251], [0.286725, 2.385311, 5.244486], [-1.448218, 4.353154, 6.577498], [1.775196, -4.381663, -2.332465], [-0.923482, -5.285245, -2.069935]]",[-81777.1328125],"[[0.05424454734036217, 0.23004932508589407, -0.09391818223331982], [0.48614239689321564, 0.2442566833458433, 0.039005749340917203], [-0.44393925789345257, -0.39150137431858617, 0.38846361425862536], [0.4134945514643358, -0.24684948804738102, -0.7268193827559594], [-0.13541113072630134, 0.22935373845312065, -0.391422338563831], [0.07031168838640707, -0.03615676492134783, 0.3304715277282535], [-0.15244670402303165, 0.14310603535419214, -0.03301990934870741], [0.11729528212970382, -0.23936880785300352, 0.1287975812622009], [0.09322681221205578, 0.3538086726594815, -0.06848820959696537], [0.038174583221489665, 0.08127035316674325, -0.07629927672973051], [-0.029572238085733914, -0.2895085353110732, 0.20439900878712858], [0.004018499674044429, -0.027011176241327175, 0.061383167781563934], [-1.2333799495519868, 0.049044056383984076, 0.5308235664861146], [0.7162850530753235, -0.09479174072504412, -0.2947819736465636]]","tensor(-6, dtype=torch.int32)",
"['Bi', 'Bi', 'Bi', 'Bi', 'Bi', 'Bi', 'Bi', 'Bi', 'Bi', 'Bi', 'Bi', 'Bi', 'Bi', 'Bi']","[[1.2950181652861743, -1.1977806885976805, -1.1036140961095946], [-1.6276778474592373, -0.9071940396806109, -0.9255099795507005], [1.6277849891685374, 0.9073435489964763, 0.9255672911428772], [-1.2951253069954753, 1.1976311792818162, 1.1035567845174188], [8.520565516743961, 0.10307507173353336, 0.2402693584145682], [5.96378014030758, -0.9340253186067484, 1.2628078559681342], [7.390431585392449, 2.819267037029366, 0.1698603957369672], [4.833655174254551, 1.781831676233163, 1.1925891100539463], [2.329040967682494, 5.884779013650008, -2.1938805340939105], [3.8310832865754247, 5.401749801817715, -4.677600589283992], [1.9959383814085363, 2.983495637436145, -1.831311430228608], [3.498216979351529, 2.500745957645896, -4.315151909867921], [-2.2293832327407532, -0.1730315061832305, -4.2340327864342315], [0.23238100683287188, -1.3174509528882097, -5.127489546974975]]",[-81777.265625],"[[0.14257906175970247, -0.01071720206491412, -0.4732703675073597], [-0.16060589871577877, -0.2206059665001736, -0.6352530927251351], [-0.1313565502274804, -0.05459843417460086, 0.07828293533443718], [-0.11124567874393751, 0.44710238501268007, 0.21573650011611867], [0.057274954041227316, 0.04288070733164759, -0.025926992862500043], [-0.14982068065033463, -0.07860607175791232, 0.07544515578862263], [0.12919276003597657, 0.07084658098299974, -0.05720064911889735], [0.15453361818762665, 0.08322500971180002, -0.011429865974300532], [0.13986310114883582, 0.29309363211378847, 0.022000000857302037], [-0.14827344133684908, 0.011454821115343258, 0.06716990143518434], [-0.20745342960476057, -0.2946486361631023, 0.025485626766069143], [0.07400862823830415, -0.2335574430175173, 0.059479624795535535], [0.9627269696248586, -0.47933971697629185, 0.2569829825241677], [-0.7450994220909649, 0.4245872222153238, 0.40235467523327934]]","tensor(-6, dtype=torch.int32)",
"['Bi', 'Bi', 'Bi', 'Bi', 'Bi', 'Bi', 'Bi', 'Bi', 'Bi', 'Bi', 'Bi', 'Bi', 'Bi', 'Bi']","[[0.10415457348678037, 0.7190812574398481, 1.9498175990463857], [1.0109344939531388, -1.7230089349411193, 0.5815123232041433], [-1.0109652970114822, 1.7231648055944118, -0.5816212842569973], [-0.10412377042843707, -0.719237128093141, -1.9497086379935336], [4.181914504021563, 0.9694219818546748, -0.2508155226724055], [4.240039956348099, -1.5191616242495645, 1.318224542782605], [3.8082339948455615, -0.5937575275954656, -2.7159101690201246], [3.8662748458967338, -3.0823152068984045, -1.1464950856653], [5.209570872807225, 0.866738267544187, 4.0328789183411935], [5.8473725907059215, 2.8922425440249215, 1.9960050748286098], [5.359735030458376, 2.9271762216564747, 6.128566175582954], [5.997432610899635, 4.9526043887964555, 4.091329247013931], [11.372888740077107, 0.08498917529604655, 2.739613005793589], [9.061059481504978, 1.741909784804087, 2.4597852066146233]]",[-81777.0234375],"[[-0.11723609530229773, 0.5033777450157259, 0.1567671881574016], [0.05060200177693614, -0.5455503392930917, 0.18417094635687978], [-0.13677654152396768, 0.11934419536862277, 0.1774103297108667], [0.490772699129342, -0.12845233333934727, -0.2090496227494282], [-0.10332960770017043, 0.059283912314990285, -0.02362924812243593], [-0.3673546913996482, 0.32811639593398856, 0.23139396135856294], [-0.22936304585169626, -0.09553442999370283, -0.1012328719160841], [0.17154507452340695, -0.3443303470514882, -0.5665290099941022], [0.32599256070764066, -0.20737362251863176, -0.17097403219643506], [0.1397269354503377, -0.01999050779378666, -0.11528544968038404], [-0.06271402293368995, 0.14308011862003694, 0.14796285190371894], [-0.010939201518673962, 0.17809285513237935, 0.14885301973102288], [-0.4275708348128532, 0.12241352859281233, -0.0406015362510614], [0.24679564911749904, -0.10831389961471866, 0.18931130431936674]]","tensor(-6, dtype=torch.int32)",
"['Bi', 'Bi', 'Bi', 'Bi', 'Bi', 'Bi', 'Bi', 'Bi', 'Bi', 'Bi', 'Bi', 'Bi', 'Bi', 'Bi']","[[0.311617, -1.499319, 1.408777], [0.619761, -1.290162, -1.510061], [-0.61976, 1.290326, 1.510162], [-0.311618, 1.499155, -1.408878], [-0.492587, 5.149639, 6.021666], [-1.056282, 7.634409, 4.549769], [0.315879, 3.845725, 3.510481], [-0.247814, 6.330823, 2.038786], [-3.346762, 4.390063, 0.023624], [-3.976416, 1.895746, 1.45199], [-3.223317, 2.905414, -2.514178], [-3.853149, 0.411128, -1.085471], [-4.458963, -3.99932, -1.127953], [-1.994395, -3.820463, 0.30807]]",[-81777.6640625],"[[-0.3240138900458171, -0.6082451817866231, 0.16641371542694608], [-0.06289204621473243, -0.6808768292566558, -0.08818374484683408], [-0.2930604134426292, 0.6947705641800719, 0.10612810076801953], [-0.08065261958061869, 0.6189764580780021, -0.25789407914274376], [-0.06637553296448989, 0.12986566952636416, 0.33171182857711096], [0.025489046335159065, 0.0415367549727967, 0.052758500315854245], [0.1465030301459157, 0.017985154208643297, -0.08286346098591624], [-0.12963493860145442, -0.12968399527681967, -0.13490431459171018], [0.28948518968149684, 0.05608293853636146, 0.08024098573753809], [0.004855976826771316, -0.14802959777858696, 0.1077592609349601], [0.2352781804679865, 0.10764407544982575, -0.17357007648974218], [-0.22066397061947338, -0.6916358734774869, 0.10075063554126713], [0.15650257007414203, 0.22011329144076636, 0.38200715928429524], [0.3189212003622227, 0.3631778291670552, -0.5947165437134098]]","tensor(-6, dtype=torch.int32)",
"['Bi', 'Bi', 'Bi', 'Bi', 'Bi', 'Bi', 'Bi', 'Bi', 'Bi', 'Bi', 'Bi', 'Bi', 'Bi', 'Bi']","[[-0.004852349105651466, 1.9606212895557027, 0.6968897424841247], [1.6823119399059068, -0.406244904436563, 1.154857799670095], [-1.6824148373485175, 0.4062496889744054, -1.1550206069933393], [0.004955246548262182, -1.960626074093547, -0.696726935160881], [7.015987391213893, 0.6756302071130392, 2.23740696548739], [5.113153245849817, -0.7659272741843981, 0.517102369453898], [9.169304359264618, -1.1334857173411235, 1.3712750331894341], [7.266151907756784, -2.574854611419613, -0.34913719211375505], [-2.386686334088798, -5.284594813039056, 1.08560735707258], [-0.6419544058225684, -5.900486240512363, -1.2023834444463635], [-0.08728264339328023, -4.157266378337749, 2.5353425689939613], [1.6572808262384089, -4.773199784376689, 0.24700777984664035], [-5.015304366112371, -4.443471924041352, 6.092014327821574], [-2.3205580760621696, -4.209468511922862, 5.169068576667381]]",[-81777.3046875],"[[-0.11339743616601214, 0.10459577386109152, 0.018797181025585565], [0.14848581457506554, -0.0882665344142744, 0.22560388526898997], [-0.2435717410860265, 0.5170085073628128, -0.17519316338830507], [-0.1329816940097064, -0.34973131217409165, 0.08500462545712584], [0.05718573671233977, 0.1382559036765705, 0.11489736715524608], [-0.1667285214715856, 0.06828334398411927, -0.02616642440530477], [-0.05430388843404301, -0.04481924305099471, -0.028736474831319313], [0.24125394173024703, -0.20045385449918526, -0.10805648062428003], [-0.15692978481097072, -0.022328006952849592, -0.09409764533292647], [-0.024280524338896724, -0.07461931699788256, 0.12252418893388785], [-0.040608956458876085, 0.2214737142955496, 0.3071336114656519], [0.33313760891028965, -0.26056411982583144, -0.15948181179388723], [0.9143053570905875, -0.002553384526134168, -0.382036418454403], [-0.7612490441719006, -0.006933538855571025, 0.10435650686897986]]","tensor(-6, dtype=torch.int32)",
"['Bi', 'Bi', 'Bi', 'Bi', 'Bi', 'Bi', 'Bi', 'Bi', 'Bi', 'Bi', 'Bi', 'Bi', 'Bi', 'Bi']","[[1.7652924509844559, 0.2823408854556254, 1.0647726923751966], [0.9919811090042929, 0.4669500073966044, -1.7682862022196586], [-0.9921214284775668, -0.46693346782008566, 1.7684171750711544], [-1.7651521315111838, -0.28235742503214445, -1.064903665226693], [-4.300585904982351, -6.687080402887492, 1.3584484118390687], [-2.8889703997447493, -5.992688985723376, -1.1282111718039372], [-4.943015748824438, -3.847379041493194, 1.7865126488309095], [-3.5313563740502056, -3.153266921641236, -0.7004087295316337], [-2.0424355215437213, 3.5383900597835067, 1.2234985675344991], [0.4213760711400476, 2.942870700960814, 2.7179224661678414], [-3.565200227367069, 3.5563944788594415, 3.741577678433811], [-1.101053988113516, 2.960964234970711, 5.235832644530687], [-1.62363515273015, -0.9167637387940575, 6.7305069811025415], [-2.3610014895027627, -2.182575460988434, 4.276478539224605]]",[-81777.3828125],"[[0.4868707393983241, 0.04524414379370238, -0.003986130495838011], [0.0789437092112124, 0.1400923408330898, 0.05237741119517089], [-0.4073071368731409, 0.061696945384371905, 0.6537331639963784], [-0.15229799133418856, 0.12397907417089961, -0.20331405407692776], [-0.013391042840569373, -0.06783808009314676, 0.08808054070903736], [0.07827661041717311, -0.16441740698771126, -0.18915395271913857], [-0.048429649807184595, 0.0705295123663308, 0.2708048807856494], [-0.07894242365892294, -0.009367850386447552, -0.01400921351447235], [0.02043286119437585, -0.07660996900704381, -0.3149049293216273], [0.26271289476659454, -0.02930919351847664, -0.3999085777590132], [-0.04178298451610801, -0.027562981563839795, 0.06753993480617845], [-0.23837389322515548, -0.3712610734305418, 0.5065720339224495], [0.038642488259383885, 0.07903585759931989, -0.46687402495808406], [0.02343915607650014, 0.23080003620083892, -0.0406921728296765]]","tensor(-6, dtype=torch.int32)",
"['Bi', 'Bi', 'Bi', 'Bi', 'Bi', 'Bi', 'Bi', 'Bi', 'Bi', 'Bi', 'Bi', 'Bi', 'Bi', 'Bi']","[[-1.0013530295502904, 0.32335643046697504, 1.7951176642818185], [-1.7608762612340334, -0.7048826079940236, -0.8551960152850905], [1.7610626803695626, 0.7048739342105632, 0.8552438657959474], [1.0011666104147623, -0.32334775668351506, -1.7951655147926768], [-2.4150588954770167, -1.7022382319325282, -5.4929321254137795], [-4.802289413111676, -1.93665156942279, -7.197189882521676], [-4.135470770293545, -1.3328717251019957, -3.1342014748779694], [-6.522660105227636, -1.5674669247775652, -4.838796423520056], [3.046557355660095, 7.350228855546733, 1.1928807670042325], [1.5433995791874606, 4.856748783065535, 1.6187768657783381], [4.8654083132233445, 5.940280276653071, -0.6411544333673396], [3.361887047110869, 3.4468323289612193, -0.21513459583763245], [0.7254583878617904, 10.431205803820422, 2.6480556486415225], [3.4329904342801685, 9.937742071003754, 3.418774654640566]]",[-81777.5625],"[[-0.11031159645042608, 0.022120498244496384, 0.26645128082430336], [0.13200076619076756, -0.0017754644398727325, 0.07532811910819147], [-0.02110752417808624, 0.03568364568336762, 0.06267365659180135], [0.15895715219351855, -0.017222235489157862, -0.11046447432868699], [0.1003873384642697, 0.014661446181836488, 0.020966313972404338], [-0.06500749964015311, -0.00624129980095933, 0.034442717484992925], [-0.05642453549071304, -0.019531802168075714, 0.0028976898820491496], [-0.2694022918157723, -0.05433972963187275, -0.25730478197326173], [0.02984647724232768, 0.7995585023973898, -0.0770157921537761], [-0.15172581772120197, -0.6946481796021167, 0.2571252674515635], [0.5727850216554619, 0.1337174412960021, -0.0981587564373778], [-0.2232069987363638, 0.1513626234883877, 0.02050344829948475], [1.1685258934331022, -0.151269035281716, 0.3731117030843366], [-1.2682528693973294, -0.22106835394764154, -0.5702735667028004]]","tensor(-6, dtype=torch.int32)",
"['Bi', 'Bi', 'Bi', 'Bi', 'Bi', 'Bi', 'Bi', 'Bi', 'Bi', 'Bi', 'Bi', 'Bi', 'Bi', 'Bi']","[[0.2749780630734503, 0.7936031007752085, -1.9037583572499022], [-1.573821886165836, 1.3218392553864065, 0.3236210384607583], [1.5739887646921669, -1.3219256394261696, -0.3235785372240235], [-0.2751449415997813, -0.793516716735446, 1.9037158560131688], [0.873638731381017, 2.009320187649881, 3.356250808007492], [3.6181812652667835, 2.8236598378166824, 2.676066367109212], [1.1768268161187916, 3.215742551462131, 6.023174313195014], [3.9214564676838126, 4.0301134790155215, 5.342615839898338], [-2.0443907120463156, 2.8833456377927726, -5.961723840877462], [0.5088823702028124, 2.8789721824361734, -4.499160645616388], [-0.7170706922961823, 1.6531104285736884, -8.28219832087572], [1.8361853380600772, 1.6487517293571203, -6.819250470588314], [4.60738951473036, 9.202259972898446, 6.941832667023284], [4.8423965582214565, 6.403479208270553, 7.470833560457757]]",[-81777.4453125],"[[-0.11680954905265957, -0.16465065759510833, -0.13208525268722995], [-0.20370666174612456, 0.2188314929640056, 0.16878900468110958], [0.2894596843240742, -0.24536189836012576, 0.17307945831399804], [0.05761356851426739, -0.08096943108682975, -0.00045858756058868175], [-0.07916071043767088, -0.056795648725630296, -0.28268538940170146], [0.11529218597438073, -0.014475868995541227, -0.4620957299423966], [-0.033094167991154964, 0.2587908289977697, 0.6130546900118983], [0.18941224588513403, 0.04737522439275356, 0.42459519263951834], [-0.0729785408998169, 0.07794432086139712, 0.05395606940661051], [0.0326255379017695, 0.20021623301400407, -0.15047492392147946], [-0.05972064013876086, -0.06646192207834066, -0.10089482308605138], [0.12775170734159927, 0.03006759737832154, -0.019996575600592842], [0.14521701505764556, -0.8495510598293636, 0.15022593815405957], [-0.39898889365114354, 0.6490043884548804, -0.4270760514476912]]","tensor(-6, dtype=torch.int32)",
"['Bi', 'Bi', 'Bi', 'Bi', 'Bi', 'Bi', 'Bi', 'Bi', 'Bi', 'Bi', 'Bi', 'Bi', 'Bi', 'Bi']","[[-1.88981, 0.042808, 0.86977], [0.396982, -1.807107, 0.951669], [-0.396946, 1.80729, -0.951719], [1.889774, -0.042991, -0.86972], [-0.051275, 5.627219, -4.371294], [2.596837, 6.690039, -3.652802], [-0.634777, 5.157712, -1.525429], [2.013506, 6.220764, -0.807191], [-3.861253, -3.113784, -0.069089], [-5.441203, -5.279365, 1.144306], [-4.880848, -1.236283, 1.95459], [-6.460684, -3.402226, 3.167917], [2.761343, 12.249631, 0.015281], [2.469091, 9.408577, 0.121323]]",[-81777.4609375],"[[-0.22614551415957934, -0.17983179600326707, 0.3080837374517355], [-0.10254629497916522, -0.024026689468241044, -0.11089539145610927], [0.04402787763044842, 0.2871854909019528, -0.3672238735986742], [0.2120762242155166, 0.03843735525166157, 0.02229916944389274], [-0.06031651933596485, 0.03539605220959109, -0.03676243488478824], [0.09947716744334197, 0.04764844024972493, -0.040312209852798694], [-0.043053907220500065, -0.27775884449599514, -0.008795105988244437], [-0.030860325484294644, 0.3741341285311788, 0.1379651631707894], [0.20075919887897448, 0.16851240525051236, -0.013846904824616061], [-0.1388888582018021, -0.10298297138084422, 0.059952450927593756], [0.05013482179053317, 0.14753013500309145, -0.05981170866294521], [-0.1477420454424837, -0.23726415306681417, 0.10992402814620393], [-0.2565791648390069, -0.6677513403814127, -0.14989894507371612], [0.3867472991080319, 0.37698435222315513, 0.1404053471045241]]","tensor(-6, dtype=torch.int32)",
"['Bi', 'Bi', 'Bi', 'Bi', 'Bi', 'Bi', 'Bi', 'Bi', 'Bi', 'Bi', 'Bi', 'Bi', 'Bi', 'Bi']","[[0.083013, 0.539404, -2.007951], [-1.14965, 1.686093, 0.405337], [1.149799, -1.686214, -0.405312], [-0.083161, -0.539284, 2.007926], [-1.659092, -5.831656, 0.477219], [1.233443, -5.806438, -0.062146], [-2.128659, -4.264286, -1.968741], [0.764089, -4.239345, -2.507942], [-0.146131, -2.008259, -4.865257], [0.889231, -2.377516, -7.594724], [-2.649236, -0.917263, -5.962551], [-1.613592, -1.286778, -8.692066], [-4.877592, -6.003451, 1.58198], [-5.073696, -3.821012, -0.25289]]",[-81777.5859375],"[[-0.08401773267556396, 0.02887887802952582, -0.3715346389577359], [0.025792452102095787, -0.03494259163722108, 0.18211174869964525], [0.29667348386316283, -0.15546883176715276, -0.22395333897352454], [-0.24027198546947662, 0.06652779377765188, 0.16322580285957802], [-0.48748034829397935, 0.10653664928560544, 0.11738074564590618], [0.6652033757437309, -0.3139407651045429, -0.08489221676493668], [-1.0692663442813175, 0.19743398932709358, 0.13333794626015766], [0.5235879639801971, -0.130615043666928, 0.46684522858680044], [-0.08737122437781265, 0.19614658584235084, 0.2372699123410709], [0.11464622165997992, -0.08161920063600729, -0.25888580560091395], [-0.1284258509621847, 0.0959252378896944, 0.013434777329456325], [0.011053281428839394, -0.018444014100628976, 0.0002589303885543119], [0.31932599506712345, 0.5624152426678751, -0.555839899817817], [0.12631965351324806, -0.5198814596192666, 0.17692325965944142]]","tensor(-6, dtype=torch.int32)",
"['Bi', 'Bi', 'Bi', 'Bi', 'Bi', 'Bi', 'Bi', 'Bi', 'Bi', 'Bi', 'Bi', 'Bi', 'Bi', 'Bi']","[[-1.923954, 0.792373, 0.016115], [-0.473269, -1.114538, -1.691959], [0.473335, 1.114564, 1.692138], [1.923888, -0.792398, -0.016294], [0.59216, 6.793058, 1.838735], [1.552229, 4.250018, 0.712002], [-1.549271, 6.877906, -0.177928], [-0.588993, 4.334639, -1.304431], [-3.787239, -0.910816, -2.308852], [-2.557837, -3.582531, -2.402786], [-2.680037, -0.308049, -4.967919], [-1.450788, -2.980036, -5.061626], [-0.569367, -2.327671, 1.662861], [-1.433317, -2.460502, 4.383925]]",[-81777.6796875],"[[-0.1961717312451324, -0.14069937862416618, -0.12397789146279331], [-0.10400519113932007, 0.09229180432089595, -0.5039128947227764], [0.4012154702164639, -0.13219807275615172, 0.47437727945066427], [0.8373717374391529, -0.03659479886624449, 0.23351589396752243], [-0.10436072348048922, 0.2760961625869173, 0.11985975325878216], [0.10773740654603954, -0.41060283014445603, -0.06898067896800632], [-0.03730397635782192, 0.19097820283995395, 0.0629819320308105], [-0.10796505214545463, -0.3037732806252233, -0.043962196192876044], [-0.6010322050009997, 0.05554768598512774, -0.19751528765387816], [0.08783505164384475, -0.12836753831033543, 0.022723180584416115], [-0.022292592558379933, 0.08034686382409685, -0.1692907814507261], [-0.053614009653434734, -0.22690064757439987, -0.2221271348132292], [-0.23577208965759164, 1.0184628604651613, 0.15035968701425353], [0.018492623403797506, -0.338716185937203, 0.2723432754993836]]","tensor(-6, dtype=torch.int32)",
"['Bi', 'Bi', 'Bi', 'Bi', 'Bi', 'Bi', 'Bi', 'Bi', 'Bi', 'Bi', 'Bi', 'Bi', 'Bi', 'Bi']","[[0.05973028951551562, -1.6769581346042841, 1.2304301714560693], [-1.6261603572558658, -0.8050023998065733, -1.0180759066909657], [1.6263356451076423, 0.8050810245577911, 1.0180903745006076], [-0.05990557736729174, 1.6768795098530682, -1.2304446392657122], [0.17442277656503324, -7.534883158193975, 2.2557787028741574], [0.7200329110032478, -4.674991395753177, 2.681973902405522], [2.387626468666534, -7.668582191603912, 0.320911032233983], [2.933112624029932, -4.808534457006087, 0.7474360345476886], [7.903022860614143, 0.6643868443254974, 2.3237919770617217], [7.529472470648278, 1.8385832495437813, 4.995876662828775], [5.009892795348126, 0.8732392423940547, 1.8277697815604848], [4.636648896114093, 2.047601854011284, 4.5000185004469095], [2.695332840435544, 3.557629151886341, -1.9175215243630497], [1.7091573358056606, 4.4187218692376105, 0.6229944134709573]]",[-81777.953125],"[[-0.402365679560877, -0.05409285217020757, 0.11810379167558216], [-0.1478988828217961, -0.5921238418560552, -0.15519233518073874], [0.474033934145199, 0.5103973747370165, -0.06706618307647184], [0.04597325763018455, 0.7571872131581673, 0.048072507954549044], [0.0027616820493721788, -0.2084236616286512, 0.012819445155008442], [0.01831112398936437, -0.029530941003987753, 0.0862527424639031], [-0.025139232130573355, -0.08428492186340242, -0.027638140092889958], [0.009410237616535163, 0.1417929208236605, 0.007701368384802141], [0.32202498638776944, -0.04960173925156404, 0.09678552948179163], [0.04995750299214531, -0.017086311474490166, -0.03131466537443063], [-0.12301820096767613, 0.05503413355653988, -0.07927183357757057], [-0.15232102843121542, 0.030275450614688316, -0.027417529035602718], [-0.3588616130662862, 0.19871141692607025, 0.8355292838979189], [0.28866264190461777, -0.6548382247443861, -0.796838787973838]]","tensor(-6, dtype=torch.int32)",
"['Bi', 'Bi', 'Bi', 'Bi', 'Bi', 'Bi', 'Bi', 'Bi', 'Bi', 'Bi', 'Bi', 'Bi', 'Bi', 'Bi']","[[1.609922, 1.052606, -0.793654], [-1.136487, 0.473814, -1.677141], [1.136523, -0.473825, 1.67733], [-1.609958, -1.052594, 0.793465], [-4.203355, -6.227313, 0.087756], [-2.582738, -7.786252, -1.810039], [-2.963034, -3.745187, -0.892302], [-1.342547, -5.304476, -2.790194], [0.022678, 5.360268, -0.851945], [0.927025, 7.895737, -2.040165], [2.724091, 4.241347, -1.183973], [3.628234, 6.777132, -2.372112], [4.480631, 3.923862, 1.850416], [3.627235, 1.392092, 2.865355]]",[-81777.953125],"[[0.14247956001249937, 0.14155663631286033, -0.08435300471265147], [-0.15187992972966075, -0.04914827867919404, -0.014756762170785169], [0.5684403691380504, 0.0017101064472563848, 0.5520794022607297], [-0.48462128000225163, -0.03193902212595042, -0.18285356379274714], [-0.1831144280633215, -0.21590459893348665, 0.11072271607259092], [-0.019746936772609913, -0.022825042605622656, 0.02997086728185447], [0.038132273124539415, 0.22027635089315967, -0.026960520338913843], [0.13134004373608393, 0.04052823405951719, -0.14278223044352653], [-0.14619274924533504, -0.13464103348283166, 0.11180206577480972], [0.15559769552864683, -0.054475843908279295, -0.08244920461616519], [0.2125075012975799, -0.4824376923054903, 0.3813344040601824], [0.09515910014727619, 0.6128592860639025, -0.17520169945550698], [-0.6048528664052332, -0.5593391731496888, 0.04008944420987434], [0.22969487260864804, 0.5414869656166109, -0.5271623135657726]]","tensor(-6, dtype=torch.int32)",
"['Bi', 'Bi', 'Bi', 'Bi', 'Bi', 'Bi', 'Bi', 'Bi', 'Bi', 'Bi', 'Bi', 'Bi', 'Bi', 'Bi']","[[0.92709, 1.664722, 0.836014], [1.858595, -0.764479, -0.53861], [-1.858777, 0.764534, 0.538579], [-0.926908, -1.664777, -0.835982], [5.166194, 6.210815, -1.825585], [3.928545, 4.020003, -3.350996], [4.895805, 4.640638, 0.64854], [3.658228, 2.449812, -0.87725], [5.373442, -4.508295, -2.337344], [7.536438, -3.98623, -4.262755], [4.802501, -1.624852, -2.197191], [6.965605, -1.103078, -4.12283], [7.052575, 0.731746, -6.889264], [4.254626, 0.157137, -6.987]]",[-81777.2421875],"[[0.07618069738655202, 0.2347011217563, 0.17404120569277834], [0.15857410903335525, -0.05480355689790486, -0.08655104201714615], [-0.21684222935131692, -0.24498250616846445, -0.062124108699109], [-0.3448430253045192, -0.1057369329173869, 0.007948379543905442], [0.0002982512678990456, 0.12280207391677449, 0.012950057267616152], [0.0010032712319503205, -0.0733379298978544, -0.20391738947741053], [0.1401761588423617, 0.13676013787675434, 0.18612534579147866], [0.1849228916020225, -0.1367565383303439, -0.05387019451367552], [0.09259802287624198, -0.11246577071080487, 0.022428074343060062], [0.09726622319386126, -0.045827445147306425, -0.09542793484204513], [-0.45976322386842583, 0.3276070086948185, 0.20598774572851744], [0.53789256141532, 0.1557516018487393, -0.3889123234297336], [-1.229857536278905, -0.6411512066291131, 0.4273933257527264], [0.961665617654692, 0.43588830670347684, -0.14611474193241145]]","tensor(-6, dtype=torch.int32)",
"['Bi', 'Bi', 'Bi', 'Bi', 'Bi', 'Bi', 'Bi', 'Bi', 'Bi', 'Bi', 'Bi', 'Bi', 'Bi', 'Bi']","[[-1.5296258190385545, 1.2869368613359033, 0.577713655885012], [-1.0113213678193587, -0.4063214714971081, -1.7722970619458547], [1.011412187255262, 0.4062755042859222, 1.7724606340876092], [1.5295349996026526, -1.2868908941247188, -0.577877228026767], [4.582328490607366, 2.8893678451917424, -3.595277552164325], [2.983332773723022, 3.2429782824293767, -6.039962811220006], [3.257292355497478, 0.30848422949098775, -3.1021468189753927], [1.6584353098047178, 0.662333837098507, -5.547100472954263], [-4.345784835271783, 4.611456367413358, -3.09470776977703], [-1.8808842251357714, 6.068252803586021, -3.773178686978162], [-3.278644020796931, 4.057104342661754, -0.4088627943752954], [-0.8137635346104675, 5.514157643659229, -1.0876202137377262], [0.00011229786115918294, -4.017220583651212, -6.2819744798329165], [2.4138907508091467, -2.528411092685467, -5.927906825435711]]",[-81777.1484375],"[[-0.18681707576738374, -0.07210405681044418, -0.18118203728391793], [-0.11880153803620186, 0.14877264700188672, -0.04179915162170009], [0.3202791035345187, -0.05991779243787029, 0.21103127589256335], [0.10180977636149585, 0.0027306842983481423, -0.07480217395553333], [-0.004340182394990656, 0.3861939459805627, -0.2206087947152104], [0.4966952385268195, 0.14302509698204863, 0.08886889279501718], [-0.04792189779052671, -0.45841915323876437, 0.20735187097389432], [-0.6597634326757115, -0.6484017215415881, 0.004066801987326239], [-0.09310298781553634, 0.06905215567529951, -0.11881017694758693], [0.07472025856364985, -0.003553874851371959, 0.09154027045248586], [0.03579853292037082, 0.030188310738300514, 0.05142625676725563], [-0.0603219700776721, -0.06215994989693875, -0.08949932763776149], [0.49008652273932735, 0.41372080866727823, 0.1431249586838928], [-0.33117055964116265, 0.11404478887688553, -0.06620316611352099]]","tensor(-6, dtype=torch.int32)",
"['Bi', 'Bi', 'Bi', 'Bi', 'Bi', 'Bi', 'Bi', 'Bi', 'Bi', 'Bi', 'Bi', 'Bi', 'Bi', 'Bi']","[[-1.7205, 0.481358, -1.066719], [-0.831046, 0.83277, 1.716031], [0.831182, -0.832794, -1.716165], [1.720364, -0.481334, 1.066852], [5.535937, -3.938671, 6.237919], [4.138024, -4.845465, 3.812661], [5.526341, -1.180554, 5.211975], [4.128232, -2.087679, 2.78674], [-0.688113, -4.204885, -5.522547], [-0.553532, -1.267892, -5.642029], [-2.948501, -4.024815, -3.646892], [-2.813751, -1.087666, -3.766683], [1.290572, 5.143725, 0.12841], [-0.877025, 3.704611, -1.054265]]",[-81777.6328125],"[[0.11633132360098566, 0.1978803330819892, -0.46613570656720943], [0.19636631243966293, 0.16072524939033092, 0.5395879477746414], [-0.17452169371648166, -0.08934979219545312, -0.4665043515417309], [-0.1467556668818376, 0.44702581751832066, 0.2381903163582226], [-0.048780441031510295, 0.005170157064556337, 0.03275369203839979], [0.041401442881018775, -0.225959674720617, 0.0413050058904737], [0.11575441915557391, 0.10631594566855335, 0.11402159751358394], [0.08845093403467252, -0.08876990526872984, -0.05210101745294001], [0.07187394295063337, 0.01912258516329928, -0.04052139492133734], [0.08738068604266298, 0.0042404672461074915, 0.10219019699498869], [-0.06743354249870391, -0.06883875399525148, 0.03965711297493368], [-0.19794106257214264, -0.060237277892843395, -0.22762256231806116], [-0.5568194906623748, -0.5233118273484241, -0.4226069060465697], [0.47103921437588886, 0.13146376528842021, 0.562334509984098]]","tensor(-6, dtype=torch.int32)",
"['Bi', 'Bi', 'Bi', 'Bi', 'Bi', 'Bi', 'Bi', 'Bi', 'Bi', 'Bi', 'Bi', 'Bi', 'Bi', 'Bi']","[[-1.980203, -0.639149, -0.000486], [0.589796, -1.826927, -0.802111], [-0.589791, 1.827072, 0.802238], [1.980197, 0.639005, 0.000359], [3.522039, -3.829404, 2.511906], [1.305187, -2.726331, 4.101595], [4.278394, -1.109907, 1.679967], [2.061406, -0.007051, 3.269943], [-5.637347, 1.767288, -6.122776], [-4.590605, 2.585487, -3.497287], [-4.540976, -0.933454, -5.718022], [-3.494401, -0.114951, -3.092363], [1.131366, 3.637473, -2.538672], [0.976004, 4.67134, 0.121258]]",[-81777.3203125],"[[-0.09476422990604998, -0.25203802850967644, -0.25124689963075136], [-0.2691932095914168, -0.31542578368721924, 0.11054078471258852], [-0.07448839635272536, 0.3907599191801253, 0.37201127032457093], [0.33527003162593105, 0.5668288007880009, -0.38618726110865764], [-0.0772528994180415, 0.005548186570790811, 0.03377703279847202], [0.04263525940412825, -0.09890936470813949, -0.041957053438308155], [0.28528518750769377, -0.13606568252999565, -0.06801399506843454], [-0.19574148260490065, 0.2533307284698517, 0.008542829206963564], [0.024541661146556457, -0.05155573759384862, -0.03375569777267638], [0.040405720926332996, 0.06293066420550739, 0.1086316881406697], [-0.18066303411362283, -0.11075228377524815, -0.31087626555696163], [0.13050253213055568, 0.1052348476152209, 0.23887654417032883], [0.16874683856601574, -0.13095648635500484, 0.48770357159351874], [-0.12452450829626571, -0.28076909373696174, -0.27115635078158395]]","tensor(-6, dtype=torch.int32)",
"['Bi', 'Bi', 'Bi', 'Bi', 'Bi', 'Bi', 'Bi', 'Bi', 'Bi', 'Bi', 'Bi', 'Bi', 'Bi', 'Bi']","[[0.273288, -1.115924, -1.734861], [2.047536, -0.064306, 0.363819], [-2.047722, 0.064283, -0.363774], [-0.273102, 1.115946, 1.734816], [-4.042846, -3.731782, 5.688836], [-5.588159, -3.190834, 3.243902], [-1.937391, -1.89552, 4.764142], [-3.483082, -1.35464, 2.319221], [4.881085, 2.414922, 5.058129], [3.65511, 2.225075, 2.389936], [3.089804, 4.653413, 5.721703], [1.863861, 4.463229, 3.053324], [0.335033, 1.97345, -3.163189], [2.220567, 0.743906, -4.924219]]",[-81777.8515625],"[[-0.03116446658714092, 0.5081139767605026, -0.7435881268194922], [0.18792033674218622, 0.19179869373316993, 0.19107364224192241], [-0.39302326254092385, -0.02254596977242057, 0.11860880803696812], [0.05757232799682196, 0.13805977981929263, 0.2642642478474063], [-0.18567679088664518, 0.04536686775746206, -0.18800729149904435], [-0.366501341789914, -0.38466511577586204, 0.22176116378746974], [0.3752857262720644, 0.19523507784704208, -0.07122247647243374], [0.17533107743791684, 0.26423822826906795, -0.0989798643956927], [0.12687290379653401, -0.008277223819545716, 0.23637722483127963], [-0.03366053090779328, 0.014501214944479946, -0.15625307008580636], [0.007130752861190347, -0.013256255254125543, 0.020986168041962544], [-0.1428747902083666, -0.053998132677521175, -0.07152041607103572], [0.6328989893727016, -1.3104015009800198, 0.19385043518712564], [-0.4129729771894618, 0.4214422985165148, 0.08507857042481476]]","tensor(-6, dtype=torch.int32)",
"['Bi', 'Bi', 'Bi', 'Bi', 'Bi', 'Bi', 'Bi', 'Bi', 'Bi', 'Bi', 'Bi', 'Bi', 'Bi', 'Bi']","[[-0.633675, -0.193729, -1.97247], [1.452516, -1.454025, -0.323904], [-1.452665, 1.454105, 0.323996], [0.633824, 0.193648, 1.972378], [-8.475355, 1.353216, 2.140628], [-6.808965, 3.63306, 2.967534], [-6.203309, 0.23704, 0.640023], [-4.537026, 2.517075, 1.467246], [0.217719, 4.616055, 1.051348], [-0.853709, 2.983505, 3.252515], [0.579709, 6.874536, 2.902857], [-0.491703, 5.241603, 5.103983], [-1.929077, 5.216419, -3.655013], [-0.826776, 6.579388, -1.397693]]",[-81777.6328125],"[[0.1303943914719675, -0.15168108050152926, -0.1487439534747863], [0.14310012181366072, -0.17624402525178975, -0.3446705041872756], [-0.2035075554075352, -0.07930361243016568, -0.2485818468905468], [-0.07559911353080667, -0.031216721716602322, 0.28774270068629026], [-0.028498087156973616, 0.06537249364617259, 0.022864987286360317], [-0.31432797345412394, 0.09924880193464479, 0.18566218701263706], [0.035709701257170115, -0.10035144584434838, -0.07637949519259193], [0.2778310411125704, -0.011872769591269608, -0.009909042189258506], [0.12060789326914813, -0.055817189167087194, -0.6167601659309973], [-0.29774558305046916, 0.08962921984108708, 0.3046682821291356], [-0.017722968390315376, 0.5400420048432737, 0.3258813861456494], [0.1282040674812095, 0.09892756812855803, -0.11598422448283527], [0.4151854126795983, 0.4669406679887689, 0.8707770707908636], [-0.3087132466968314, -0.7582696481858807, -0.4457659762746637]]","tensor(-6, dtype=torch.int32)",
"['Bi', 'Bi', 'Bi', 'Bi', 'Bi', 'Bi', 'Bi', 'Bi', 'Bi', 'Bi', 'Bi', 'Bi', 'Bi', 'Bi']","[[1.99149, 0.505735, -0.328501], [0.219483, 0.448047, 2.019897], [-0.219531, -0.448158, -2.020047], [-1.991442, -0.505624, 0.328651], [-0.502232, -5.994627, 0.053653], [-3.240004, -5.043987, -0.455461], [-0.344954, -4.267768, 2.431273], [-3.082954, -3.317354, 1.921945], [6.289086, -2.410012, -0.560845], [5.35932, -3.962196, -2.881314], [5.12566, 0.028845, -1.726296], [4.195853, -1.523719, -4.046717], [-4.482956, 1.693299, -0.080459], [-5.044011, 1.269229, 2.689672]]",[-81777.234375],"[[-0.17560078630824258, -0.008172744413877863, -0.23115515716527546], [-0.011394842387726867, 0.2403532323741696, 0.4708628880238685], [0.5223137245508983, -0.09670567097357124, -0.49359736604180426], [-0.7077998937440645, 0.2469306835299824, 0.040818902574370076], [-0.02950463346193653, 0.016538434799774092, 0.04041218982545349], [-0.0720422988784592, -0.08171998793549987, -0.08905072131083641], [0.02882451459430973, 0.07047587912481511, -0.0611630812296108], [0.021618999154174364, 0.060561905556974285, 0.03277999958045101], [0.09691521599675093, -0.018236145437634722, 0.047332034978037334], [-0.03314045815799334, -0.06482952778120221, -0.009989049821544463], [-0.0256308376104758, -0.06066958341673828, -0.06524337277422065], [-0.020111591392824993, 0.10497280063654024, 0.014056485843259855], [0.5038014630503271, -0.5335129418756356, 0.7222181340015744], [-0.11157215760336521, 0.12942616490964837, -0.4182286234812662]]","tensor(-6, dtype=torch.int32)",
"['Bi', 'Bi', 'Bi', 'Bi', 'Bi', 'Bi', 'Bi', 'Bi', 'Bi', 'Bi', 'Bi', 'Bi', 'Bi', 'Bi']","[[0.236326, 0.259093, -2.051033], [-1.659162, 1.254996, -0.032713], [1.659334, -1.255057, 0.032776], [-0.236498, -0.259032, 2.05097], [4.207376, 3.158139, -1.357567], [1.766008, 2.326345, 0.05882], [5.059034, 4.686694, 1.008454], [2.617489, 3.854582, 2.424716], [3.232837, 7.460994, 1.807995], [2.033794, 7.226188, -0.868846], [3.253839, 10.391574, 1.541318], [2.054603, 10.156444, -1.135602], [-5.383922, 2.286103, -1.596066], [-3.253213, 0.987679, -2.989772]]",[-81777.28125],"[[-0.4938237260889298, -0.14077260368257302, -0.8412499915859534], [-0.3859398180039851, 0.3142915666132869, -0.1425319591238172], [0.09210730185631469, 0.1453802287763136, 0.15493712734023793], [0.16612384909672182, -0.22160180672567, 0.22404199065940472], [0.23939086793029038, 0.08862319804145828, -0.5447388986879934], [0.08266579446589103, -0.6401592744825765, 0.18378466360494705], [-0.09872090274250671, 0.13418368540033837, 0.1795148302307813], [0.10353406193628391, 0.5540380697289295, 0.5892966552611056], [0.00043968294852937174, -0.6012512631111213, 0.15020125555010222], [0.04854502555405779, -0.15536907290949178, -0.07657484771849614], [0.07149434507060577, 0.6628868105181492, -0.15304793111775974], [-0.006780866665676424, -0.019799742118451195, 0.1642771789439785], [-0.07818986134868129, 0.04352970040724233, -0.00302038916320486], [0.25433556756137427, -0.1683622013210135, 0.1153219593654043]]","tensor(-6, dtype=torch.int32)",
"['Bi', 'Bi', 'Bi', 'Bi', 'Bi', 'Bi', 'Bi', 'Bi', 'Bi', 'Bi', 'Bi', 'Bi', 'Bi', 'Bi']","[[-0.357551, 1.552591, 1.338407], [-0.692075, -1.370084, 1.404566], [0.692201, 1.370156, -1.404693], [0.357424, -1.552662, -1.338281], [-2.364575, 2.348026, 8.11087], [-4.349452, 2.368221, 5.938735], [-0.294561, 1.473319, 6.210925], [-2.279751, 1.493733, 4.038839], [-2.196431, 3.929332, -1.16349], [0.591549, 4.718616, -1.675848], [-2.936008, 4.777305, -3.882649], [-0.147755, 5.566427, -4.394789], [4.857431, 6.25072, -1.14282], [3.73985, 4.172546, -2.75541]]",[-81777.609375],"[[-0.03714233615515615, 0.1454373587200566, 0.13479751090750303], [-0.04364494245667742, 0.12495090027962916, -0.03463726782626852], [0.22033137253114793, 0.1297648822268716, -0.5581826903101034], [0.04110620294222462, -0.5347691835728822, -0.007149763608446674], [-0.058154940294398855, 0.026916060798535642, 0.05621360207106075], [-0.16017909535568273, 0.033287571619788375, 0.1574525932160426], [0.04624109987858603, -0.003105645962599083, -0.046526281656267564], [0.014669267481965476, -0.11479971660333976, 0.1589011535357903], [-0.3312454816285916, -0.3868875785738562, -0.023027614793184388], [0.7519154203296073, 0.7424696963276742, 0.2983785375757007], [-0.02880570439321056, 0.0005444010555463269, 0.03276397645671536], [0.1066762088421477, 0.07688985945150198, -0.18293738180201902], [-0.48131036579182934, -0.697167347868515, -0.5996381520983246], [-0.05043016971571964, 0.44971287891372064, 0.6018549584662451]]","tensor(-6, dtype=torch.int32)",
"['Bi', 'Bi', 'Bi', 'Bi', 'Bi', 'Bi', 'Bi', 'Bi', 'Bi', 'Bi', 'Bi', 'Bi', 'Bi', 'Bi']","[[1.5518269293478089, 1.0800252984879575, 0.8689610091986008], [-1.354596866939024, 0.9054718650778149, 1.293867440127073], [1.3546824855570891, -0.9056212547389775, -1.2939538645528943], [-1.551912547965875, -1.0798759088267957, -0.8688745847727807], [5.958382793936185, 0.04551980832997948, 2.4031968704624345], [6.940312506159117, -1.9881856940098226, 4.28950798737518], [3.360158165011339, -1.330027586860647, 2.272977600046604], [4.342384045831566, -3.3636353905230685, 4.159515006884919], [2.343678390224823, -5.360941513615251, -1.6344579479387737], [3.0777257663901985, -7.986522173859934, -0.5272929620961826], [4.16062492550647, -4.048958589397696, 0.2727035585007214], [4.894617030095052, -6.674847200852976, 1.3796436463560153], [-2.983487111134771, -7.567340970873547, -2.159452879845178], [-0.14365738633921632, -7.589795378150413, -1.83835015802948]]",[-81777.84375],"[[-0.06599902040995698, 0.2854475784728966, -0.1293127277756277], [-0.08159801473427723, 0.034486750222011024, 0.027753634110573782], [0.07399042481788559, -0.07743904738955328, -0.04564382200049113], [-0.0491359939415161, -0.03186721631727113, -0.038481007465202], [0.13213158399174157, 0.24782326819559053, -0.044881422644130635], [-0.22393302724735126, -0.15324513483896074, 0.02970357010762371], [-0.1973660093220277, 0.011064748555261253, -0.450466932464618], [0.5372513279333444, -0.5493144363965894, 0.39492639415021963], [-0.713097911839329, -0.07654348024263366, -0.5226757360756062], [-0.1659000087320835, -0.24310914795019223, -0.107695446119312], [0.19360628309631406, 0.40903563905943835, 0.508449145953407], [0.05792719185080061, -0.003725106816779749, 0.2596252038557117], [0.567812505399885, 0.06574180710788462, 0.12536716211095175], [-0.07579400325788668, 0.08219008869670445, -0.006006038589781564]]","tensor(-6, dtype=torch.int32)",
"['Bi', 'Bi', 'Bi', 'Bi', 'Bi', 'Bi', 'Bi', 'Bi', 'Bi', 'Bi', 'Bi', 'Bi', 'Bi', 'Bi']","[[1.92567366304867, 0.1304080064206911, -0.7774891605884916], [0.7468762838472366, -0.9585155041995501, 1.6888838822799879], [-0.7469928344817628, 0.9585354746750719, -1.6890359813585487], [-1.9255571124141453, -0.13042797689621316, 0.7776412596670532], [-2.3680849336691088, 4.826023729173366, -4.017134548307348], [-0.36755879836195354, 4.227129014765025, -1.9440851126235854], [-0.3740872771935467, 4.257518387620987, -6.105347645611207], [1.6263075494885817, 3.658524812017755, -4.031949709555653], [1.3660850005673777, -3.187156903898872, -1.1079866770989435], [-1.4334140469650327, -3.327828436740498, -2.0031571985612606], [0.7526904831879005, -5.033535565027905, 1.0998384796857055], [-2.046880921971896, -5.17411711752672, 0.20430034985614576], [6.61658350629044, -0.7485752498823277, 3.1498623038002003], [4.669440998960966, -0.3908354499995819, 1.0885757356766548]]",[-81777.3828125],"[[0.5820883064637243, 0.27693933062251913, -0.3029409626509444], [0.023325734369106902, -0.3793567618401903, 0.220483016279211], [-0.2929191055349733, 0.2595335182664284, -0.4672948119334655], [0.019871671340150276, -0.19829047568441407, 0.2624266279827807], [-0.1533208795798549, 0.1328733476627519, -0.025308822188597063], [0.00978803058114838, -0.14787044640515357, 0.1914328255515936], [-0.029594575842315323, -0.004884658012569771, -0.13746107240705185], [0.17414749515606973, -0.15367965151279347, 0.04826003918032425], [-0.08512382186540325, 0.2534755845018265, -0.3913051476171251], [0.11193499188153842, 0.26813268037471544, -0.10638094319230776], [-0.20698589994813482, -0.20635289400081167, 0.4298924394034094], [0.10178380820524903, -0.08700659032643421, 0.1509198792799025], [-0.15927704902522427, 0.1093282003710915, -0.21669901882627265], [-0.09934969207832052, -0.1174097477055561, 0.3485389881366763]]","tensor(-6, dtype=torch.int32)",
"['Bi', 'Bi', 'Bi', 'Bi', 'Bi', 'Bi', 'Bi', 'Bi', 'Bi', 'Bi', 'Bi', 'Bi', 'Bi', 'Bi']","[[-0.698641, 1.867275, 0.595736], [1.859365, 0.431643, 0.827859], [-1.859485, -0.431698, -0.827999], [0.698761, -1.867219, -0.595596], [6.029514, -1.688407, 0.694612], [8.214218, -1.899259, 2.65444], [4.902477, 0.578336, 2.195122], [7.087505, 0.367308, 4.154835], [11.859864, -5.293557, 0.188883], [12.85836, -4.141329, -2.327799], [9.45475, -3.607754, 0.006255], [10.453505, -2.455732, -2.510626], [3.734211, -1.076258, -1.999306], [1.466383, -0.848127, -3.723591]]",[-81777.65625],"[[-0.3214091039969417, 0.1319246100731408, -0.1906650937243365], [0.3648841684318826, -0.002905136829351452, -0.014828233735869206], [-0.17733057404682948, 0.36627061086500423, -0.06830812943225978], [0.32476799501880604, -0.5759418238574253, -0.8566431946997792], [-0.0015585609153882546, -0.23364630039176382, -0.22557133508502122], [0.19195316569626975, -0.05879627662055765, 0.16749419641517962], [0.13055919927547446, 0.15988449819303327, 0.13629646487699698], [0.09771133281855902, 0.172018774831022, 0.2895406741183093], [0.09113316175346411, -0.14551613736435384, 0.05757469341303453], [0.08573728741792686, -0.004430563405810611, -0.010743134225696824], [-0.10308077619902527, 0.0167619974851179, -0.09079310746185988], [-0.0635935463880373, 0.07701918601182024, -0.08449061022971377], [-0.0666996978297966, 0.37310332128340945, 0.44127626203691106], [-0.5461962007633093, -0.27197982415611144, 0.4536282598106403]]","tensor(-6, dtype=torch.int32)",
"['Bi', 'Bi', 'Bi', 'Bi', 'Bi', 'Bi', 'Bi', 'Bi', 'Bi', 'Bi', 'Bi', 'Bi', 'Bi', 'Bi']","[[-1.248152, 1.554789, 0.595368], [1.627795, 1.295496, 0.029674], [-1.627912, -1.295627, -0.029753], [1.24827, -1.554658, -0.595289], [8.971524, 1.713592, 1.104445], [7.157263, 4.014268, 1.375851], [6.654926, -0.081895, 0.84089], [4.840808, 2.219129, 1.112212], [5.41696, 0.380933, 6.392018], [3.991777, 2.00939, 4.398204], [4.435484, 2.144438, 8.533655], [3.010217, 3.772729, 6.539505], [-4.313837, 1.893499, 2.234778], [-6.233738, 0.105183, 3.367979]]",[-81777.3125],"[[-0.9539003676055228, 0.13129222119091655, 0.23125172785325865], [0.5191301828613144, -0.14746945693502958, -0.05366646018684413], [0.019563653011599024, -0.07671898384118883, 0.07398728807029935], [0.04705797065655493, 0.09285893856890794, -0.09026880781613224], [-0.07990016011456018, 0.04053760316460268, 0.07627048035844693], [0.3085850000004363, 0.21426361714705466, -0.13828233463164152], [-0.013324764906734699, -0.08725675880196039, -0.07833142636679508], [-0.2099863275696101, -0.16809372658088562, 0.12431547749400182], [0.13467188673777836, -0.15039470545861805, -0.0561888680450118], [-0.0322038561819946, -0.1657466166329068, -0.10988350753804059], [-0.033171234279802675, 0.03576960285164914, 0.006235694792977345], [-0.13591439873657366, 0.23961249714499083, 0.22662713346929736], [-0.3823819749098061, -0.5633295274561291, 0.2523019781057455], [0.804455942399263, 0.5996186117035249, -0.4604416869447039]]","tensor(-6, dtype=torch.int32)",
"['Bi', 'Bi', 'Bi', 'Bi', 'Bi', 'Bi', 'Bi', 'Bi', 'Bi', 'Bi', 'Bi', 'Bi', 'Bi', 'Bi']","[[1.219626, -0.555859, -1.591618], [-1.597191, 0.247078, -1.310282], [1.597312, -0.247024, 1.310421], [-1.219748, 0.555804, 1.591479], [3.380295, -2.909063, 2.966762], [2.794171, -3.222723, 5.833187], [4.228054, -0.131797, 3.444207], [3.641926, -0.445816, 6.310772], [2.703936, 4.402619, 5.440715], [1.637277, 2.303815, 3.675617], [0.418915, 6.130238, 4.767015], [-0.647628, 4.031072, 3.001983], [-0.069949, -3.203713, -3.127195], [1.014948, -5.371501, -1.61328]]",[-81777.8203125],"[[0.0659202931877513, -0.3742776990108641, -1.1057102090243627], [-0.20133543483719574, -0.16507612398082336, -0.2354468449283618], [0.162051836508856, -0.18631349922456197, 0.3287518701417075], [-0.2830225126340858, 0.0798439557684656, 0.36923401458054345], [-0.11928649978187243, -0.1090247586086907, -0.10921136937902667], [-0.07701476371194454, -0.09082452635981393, 0.04165770487439693], [0.33297295537305743, 0.14462962050555192, 0.27844640928248243], [0.11146782217955377, 0.10713170572934416, -0.02393322981679832], [0.13540213186027522, 0.29111079626254704, 0.2676481814278691], [-0.058813451599144646, -0.2628391874235097, -0.07774418608097618], [0.16147071545193484, 0.07874084905993782, 0.18717512779104023], [-0.32964496902823137, -0.0329974378946879, -0.3939923118567082], [0.42066613346623893, 0.1122802912264836, 0.8976754526743148], [-0.3179711772203222, 0.41745333260654727, -0.4189206105676293]]","tensor(-6, dtype=torch.int32)",
"['Bi', 'Bi', 'Bi', 'Bi', 'Bi', 'Bi', 'Bi', 'Bi', 'Bi', 'Bi', 'Bi', 'Bi', 'Bi', 'Bi']","[[1.125058, -1.73173, 0.255091], [0.38793, -0.049081, -2.043528], [-0.387936, 0.049163, 2.043702], [-1.125052, 1.731648, -0.255266], [3.790404, 4.338861, -5.216611], [3.620171, 2.079852, -3.33879], [1.723564, 3.093947, -6.901313], [1.553451, 0.834999, -5.023131], [-0.701138, -1.527542, -9.456048], [0.888071, -2.686574, -11.644513], [1.775602, -0.774037, -8.056817], [3.364638, -1.933105, -10.245624], [3.380871, -1.344528, -2.97325], [5.349179, -3.399426, -3.240462]]",[-81777.8515625],"[[0.33072699267921224, -0.410267146730636, 0.13142694707085048], [-0.23562769642444106, 0.2828704575092901, 0.06582876186474275], [-0.017493939536636843, 0.06684753634308287, -0.07660678083736598], [-0.21373067858994196, 0.15616482977665883, 0.14512183276613497], [0.07916466993872237, 0.07459036636032422, -0.2446970107160243], [-0.03827225948444177, -0.09106111940316357, 0.45959013710817487], [0.1269719941670045, 0.197593140700527, -0.12434705065823061], [-0.06847458274269723, -0.2250401963011137, -0.04494255836880752], [-0.20078131037835295, -0.10237876180480464, -0.03542716257499568], [0.0012460205281036511, 0.03932314191676309, -0.014002472078266496], [-0.0390602464735714, 0.1067998275503008, -0.011058829872520643], [0.18682514903576145, -0.1291825270397526, -0.18261367973553655], [0.5183691359059623, -0.49684317988428894, -0.11101278809118148], [-0.42501711090091454, 0.5153074645734179, 0.06978034391413328]]","tensor(-6, dtype=torch.int32)",
"['Bi', 'Bi', 'Bi', 'Bi', 'Bi', 'Bi', 'Bi', 'Bi', 'Bi', 'Bi', 'Bi', 'Bi', 'Bi', 'Bi']","[[2.080752, -0.003535, -0.01319], [-0.007905, 1.316136, -1.611406], [0.007856, -1.316196, 1.611582], [-2.080703, 0.003595, 0.013014], [1.596562, -3.496753, 4.140913], [-0.974434, -4.249252, 2.923522], [2.98006, -5.444228, 2.422444], [0.408777, -6.19647, 1.205076], [-4.875126, 5.618594, 2.222387], [-4.619624, 4.811388, -0.595671], [-2.383971, 4.18688, 2.858156], [-2.128655, 3.379887, 0.039836], [-6.921607, -2.642764, 0.987814], [-5.011718, -0.565685, 1.442031]]",[-81777.046875],"[[0.35061037282961477, 0.16215709753031582, -0.29405177994615833], [0.5752291136681565, -0.01781504992970381, -0.3267220859208555], [0.02983896961695731, -0.4253023492428968, 0.6535675848614978], [-1.0212046863880915, 0.04846131553117823, 0.22863542325586983], [0.1774822692169841, 0.10014436908156442, -0.0563510533218483], [-0.15493100811134017, -0.0165314053998554, -0.16334597628759542], [-0.048676439851294113, -0.016534141055127342, 0.024296784004253634], [0.0429366031451927, -0.09320248956273947, 0.030940389680881336], [-0.026267545948392586, -0.0810711954060623, -0.05837127303366682], [-0.3466795653052217, 0.3034025787670387, -0.17003059108225646], [0.1152453404489533, 0.05661633989229837, 0.23421168628866215], [0.003284557303163107, -0.06328465388392922, 0.027503897580616853], [0.5119241994801457, 0.48341306653853877, 0.06767044407460301], [-0.2189583512639281, -0.45021049049391937, -0.2013990439644775]]","tensor(-6, dtype=torch.int32)",
"['Bi', 'Bi', 'Bi', 'Bi', 'Bi', 'Bi', 'Bi', 'Bi', 'Bi', 'Bi', 'Bi', 'Bi', 'Bi', 'Bi']","[[1.246306, -1.605608, -0.445484], [-1.382507, -1.306932, 0.842322], [1.382564, 1.307074, -0.84244], [-1.246364, 1.605467, 0.445602], [1.51991, -0.856727, 4.921684], [3.61123, 0.749112, 6.227814], [0.830009, 1.434899, 3.209275], [2.921615, 3.040547, 4.51558], [-4.013353, -3.087304, 2.11242], [-6.680238, -2.015602, 2.742893], [-5.081717, -4.298061, -0.347768], [-7.748618, -3.226057, 0.282943], [3.940612, 1.457403, 9.446458], [1.323935, 0.321072, 9.619647]]",[-81777.1015625],"[[0.35626397468814014, 0.02178376067779891, -0.12898239225933164], [-0.05093165852162335, 0.0021554824383885223, 0.1268703326919551], [0.05380421997018116, -0.09150617760576975, 0.03216104214854689], [-0.27079824733583585, 0.1945910161500297, -0.07393139225675423], [-0.21686773470873955, -0.4363193266750822, 0.3102163658557432], [0.38677866658389437, 0.2925825479455963, 0.18438985020072662], [0.10490888297670897, 0.019501252303469323, -0.2155396563495587], [0.19231723410464086, 0.3599352034942483, 0.03770167481408492], [-0.06825567889885038, -0.04484570485932066, 0.03883367559587028], [-0.09384547139582874, 0.015420374547015479, 0.08487951550831695], [0.04484613680488992, -0.07681761141283511, -0.021378030090831456], [-0.09004471034103603, 0.019794296518953102, -0.020942685521324323], [-0.9266718558941418, -0.46912533554945335, -0.5307896279056733], [0.5769445546431932, 0.19373890067049332, 0.17054892576536107]]","tensor(-6, dtype=torch.int32)",
"['Bi', 'Bi', 'Bi', 'Bi', 'Bi', 'Bi', 'Bi', 'Bi', 'Bi', 'Bi', 'Bi', 'Bi', 'Bi', 'Bi']","[[-0.626591, 0.492815, 1.922038], [1.525421, -1.16902, 0.797112], [-1.525495, 1.169158, -0.797225], [0.626665, -0.492953, -1.921925], [-3.534677, 1.274208, -5.910366], [-3.610553, 2.289811, -3.149731], [-1.304624, 3.095329, -6.518841], [-1.38066, 4.110705, -3.757939], [0.599091, -0.423976, 8.179544], [-0.383429, 0.807009, 5.694057], [0.99609, -2.971375, 6.76074], [0.013589, -1.740007, 4.275227], [3.075912, -2.930702, 3.841032], [3.664224, -0.236381, 4.591207]]",[-81777.3671875],"[[0.0665161209628637, 0.015777871212082923, 0.46059446197878157], [0.3007135633321588, 0.11963673564760909, 0.3001203066616253], [0.12294590150691768, 0.24729480336044513, -0.3573506777494546], [-0.18506389097712891, 0.002085125704249893, -0.42602616660394643], [-0.008503018223664002, -0.03151633253318059, -0.20053078194818572], [-0.051762865778724146, 0.04550970290123781, -0.0001394466850512385], [-0.06290438751671111, -0.01630368266730295, -0.07081372226648151], [0.014419746924793177, -0.08213763816329506, 0.09878019241409595], [0.33061874917644085, -0.40613671864673767, 0.23712238236033406], [-0.020077596248082884, -0.14665925046012918, -0.49690966864869907], [0.0997033218021013, -0.32134791170796406, 0.6600673372369364], [-0.7805420987109897, -0.0989854694036747, -0.2672334622592938], [-0.20585379117995717, 1.1041742311489329, 0.5760873483765907], [0.3749364674260678, -0.44086200566716, -0.5055066196070483]]","tensor(-6, dtype=torch.int32)",
"['Bi', 'Bi', 'Bi', 'Bi', 'Bi', 'Bi', 'Bi', 'Bi', 'Bi', 'Bi', 'Bi', 'Bi', 'Bi', 'Bi']","[[-0.5054114823162134, 1.0210899776659528, -1.7411631717284772], [-0.5436590629151281, 1.659589978669875, 1.1309734077325904], [0.5437772117942153, -1.6597308960335737, -1.1310308545686982], [0.5052933334371267, -1.020949060302255, 1.7412206185645867], [-3.120858441620596, -1.6604114649113055, 2.7338445578825086], [-4.768897257394027, -2.5850142949478703, 4.9893691815952455], [-1.076133875616187, -0.7022543819944518, 4.620878042161299], [-2.7244334911238264, -1.6271313399614966, 6.876329827859454], [-4.456363721143834, -3.7207539381239, -3.1624576836609], [-2.9752150533488946, -5.192107950438074, -1.0889028485725543], [-1.924531682946927, -3.090647548127224, -4.523579054002301], [-0.44357752393746086, -4.562266290463698, -2.4498228427791533], [-3.8012853684993604, 1.2779601164401178, 0.18228273512320667], [-3.307126584073363, 4.085460605105398, -0.02263706898277898]]",[-81777.6171875],"[[-0.63055928420591, 0.05897625394108008, -0.2583301899014154], [-1.0669909167289982, 0.017169867231094996, 0.04141792366136947], [0.2900806060798766, -0.1046234389463604, -0.16425779281545363], [0.5955192425629398, -0.44140111487526207, 0.1296147811415559], [0.22291060180050912, 0.3260025365934068, -0.359696502145144], [-0.1878798161340229, -0.13158594417800917, 0.37243498835917227], [-0.024041653296890193, 0.12291587100543622, -0.018994446453296464], [-0.28026052925125694, -0.1449748684284055, 0.2007888694258149], [0.026117568276096664, -0.0007719880337770163, 0.0656613829566569], [-0.07478731297106735, -0.01340086446006074, -0.02183406690998951], [-0.014643047357469938, 0.04572813880405131, -0.0879880837883804], [-0.05624517523528953, 0.011870928680391121, 0.08132511769427364], [1.4629554200639912, 0.26076317474232924, 0.004743806733087084], [-0.2612407831289042, -0.01880712605809672, 0.017051251892452397]]","tensor(-6, dtype=torch.int32)",
"['Bi', 'Bi', 'Bi', 'Bi', 'Bi', 'Bi', 'Bi', 'Bi', 'Bi', 'Bi', 'Bi', 'Bi', 'Bi', 'Bi']","[[-0.767041, -1.455116, 1.274363], [1.933787, -0.554228, 0.53123], [-1.933931, 0.554352, -0.531257], [0.767186, 1.454992, -1.274336], [1.648534, -3.883233, 1.456443], [0.88877, -5.318173, -0.997537], [4.342278, -5.058841, 1.309648], [3.582218, -6.493641, -1.144534], [-4.280027, -2.707968, 5.855578], [-1.710387, -2.059427, 4.57704], [-3.635578, -0.885827, 8.074664], [-1.06591, -0.237345, 6.795747], [2.606223, 6.087549, -4.610466], [2.551678, 3.430397, -3.559366]]",[-81777.5390625],"[[-0.051378197680466975, -0.0017965536680706353, -0.04174306554641614], [0.36665601944138015, -0.5561623163320101, 0.37201091036992984], [-0.33436885947102946, 0.29613807704565437, -0.1064636299155649], [-0.01406072816581503, 0.4407953626364752, -0.5668138883814433], [-0.06505115699590269, 0.13855924259478816, 0.02271034563035829], [-0.04863786299819242, 0.04891443157553466, -0.08743581052483443], [0.28287657673818783, -0.16919467356156714, -0.06708006704119786], [0.0003804332319052808, 0.035990481303812584, 0.15369230134732165], [-0.20661067294589136, -0.04580728768740792, 0.0759229698635639], [0.18551604542837286, -0.04989291684512355, -0.08603013622946265], [0.00863532212308462, -0.03354870842744811, -0.045010816053167944], [0.04910136116283842, 0.12355556182466454, 0.06104198220394498], [-0.12322841447804632, -0.8948081568479345, 0.3448623085888609], [-0.061644854805603555, 0.6708515782826406, -0.025766026289233933]]","tensor(-6, dtype=torch.int32)",
"['Bi', 'Bi', 'Bi', 'Bi', 'Bi', 'Bi', 'Bi', 'Bi', 'Bi', 'Bi', 'Bi', 'Bi', 'Bi', 'Bi']","[[-0.715259, -1.511851, -1.237912], [1.923306, -0.312835, -0.729337], [-1.92344, 0.312854, 0.729475], [0.715393, 1.511832, 1.237774], [-4.249315, 5.858658, 2.692488], [-2.168369, 7.586195, 1.533355], [-2.993437, 3.50841, 1.443904], [-0.912428, 5.236287, 0.284941], [-3.979781, -1.496978, -4.193609], [-2.357994, -0.467077, -6.422381], [-1.917091, -3.517825, -3.62674], [-0.29537, -2.487563, -5.855626], [1.401294, 0.095371, -4.613882], [-0.101422, 2.124748, -5.952433]]",[-81777.8125],"[[0.06311892048277386, -0.05618706827180658, -0.4473010799745369], [0.5315810138950563, -0.07977438167856078, -0.27831065496071694], [-0.3454894009956526, 0.07150108136460247, 0.44662215409943473], [-0.2338478749907489, 0.18212830661313334, -0.08932438968221368], [-0.1416051273452182, 0.39097105828814394, 0.17951534445169706], [-0.09707976668980002, 0.0409851296276046, 0.06703754097146299], [0.11985836486230957, -0.21600708316200126, -0.17102848819141597], [0.1439280174880639, -0.23322062831768245, -0.03682004305398289], [-0.09184422643580246, -0.43143890738552126, 0.15784638359334568], [0.049493943120989425, 0.4720083665358564, -0.11432971868631833], [-0.39800673170200684, 0.063514407789099, 0.44614979076620065], [0.48445287265233417, 0.1599696017545946, -0.4227602981457464], [-0.2061848980276269, -0.008483102447595904, 0.22805877592091597], [0.11959914609866569, -0.3656008381222029, 0.030988299643604406]]","tensor(-6, dtype=torch.int32)",
"['Bi', 'Bi', 'Bi', 'Bi', 'Bi', 'Bi', 'Bi', 'Bi', 'Bi', 'Bi', 'Bi', 'Bi', 'Bi', 'Bi']","[[-1.5296258190385545, 1.2869368613359033, 0.577713655885012], [-1.0113213678193587, -0.4063214714971081, -1.7722970619458547], [1.011412187255262, 0.4062755042859222, 1.7724606340876092], [1.5295349996026526, -1.2868908941247188, -0.577877228026767], [4.582328490607366, 2.8893678451917424, -3.595277552164325], [2.983332773723022, 3.2429782824293767, -6.039962811220006], [3.257292355497478, 0.30848422949098775, -3.1021468189753927], [1.6584353098047178, 0.662333837098507, -5.547100472954263], [-4.345784835271783, 4.611456367413358, -3.09470776977703], [-1.8808842251357714, 6.068252803586021, -3.773178686978162], [-3.278644020796931, 4.057104342661754, -0.4088627943752954], [-0.8137635346104675, 5.514157643659229, -1.0876202137377262], [0.00011229786115918294, -4.017220583651212, -6.2819744798329165], [2.4138907508091467, -2.528411092685467, -5.927906825435711]]",[-81777.1484375],"[[-0.18681707576738374, -0.07210405681044418, -0.18118203728391793], [-0.11880153803620186, 0.14877264700188672, -0.04179915162170009], [0.3202791035345187, -0.05991779243787029, 0.21103127589256335], [0.10180977636149585, 0.0027306842983481423, -0.07480217395553333], [-0.004340182394990656, 0.3861939459805627, -0.2206087947152104], [0.4966952385268195, 0.14302509698204863, 0.08886889279501718], [-0.04792189779052671, -0.45841915323876437, 0.20735187097389432], [-0.6597634326757115, -0.6484017215415881, 0.004066801987326239], [-0.09310298781553634, 0.06905215567529951, -0.11881017694758693], [0.07472025856364985, -0.003553874851371959, 0.09154027045248586], [0.03579853292037082, 0.030188310738300514, 0.05142625676725563], [-0.0603219700776721, -0.06215994989693875, -0.08949932763776149], [0.49008652273932735, 0.41372080866727823, 0.1431249586838928], [-0.33117055964116265, 0.11404478887688553, -0.06620316611352099]]","tensor(-6, dtype=torch.int32)",
"['Bi', 'Bi', 'Bi', 'Bi', 'Bi', 'Bi', 'Bi', 'Bi', 'Bi', 'Bi', 'Bi', 'Bi', 'Bi', 'Bi']","[[0.6984597518375059, 1.907446306512513, -0.45112887556147463], [-0.6567870905465821, -0.22334395840806054, -1.961543554684288], [0.6567680273358086, 0.22334197586657945, 1.9617352567018165], [-0.698440688626733, -1.9074443239710335, 0.4509371735439468], [3.047364433191965, 3.3741776616568466, 6.795499557492112], [2.3659150676139884, 2.1119582555323557, 4.226308518908544], [5.909133690133321, 3.0056896270344167, 6.217267592342815], [5.227338259918358, 1.7435500665139503, 3.6479271149873522], [2.2342104184286953, -3.671867341428202, 0.30427600206645233], [4.278674910624434, -5.7867772367696295, 0.22921113332125276], [0.5336509383225274, -5.251844389474274, -1.5044884655809139], [2.5783658755397214, -7.366767954622619, -1.5792608306037315], [1.8416593276295465, -1.8141747540301578, -3.592908330353649], [3.675942058004643, -3.8571405039254127, -2.799219579016831]]",[-81777.421875],"[[-0.026914019341500003, 0.13588498530019114, -0.0875460594891773], [0.11335357312189626, -0.014990655554326963, -0.2081621288708863], [0.059350606767766746, 0.033889287224386444, 0.277561897885252], [-0.27258814749947724, -0.4195690431424258, -0.20578005190063456], [0.10239603962757479, 0.15361917913309794, 0.2306378509240024], [0.012876873346882572, -0.03990911207692002, -0.09312777326367687], [-0.02379593797449465, 0.005592563835822486, 0.045219867424268485], [0.02442679962059904, -0.017514359249202402, -0.0645107622355112], [-0.37812977931305153, 0.32720175119109357, 0.03563835824731502], [0.45070907909385804, -0.8831687664192911, 0.11944703955177845], [-0.06351826444596735, 0.2544621687508389, 0.2916139614286362], [0.44763126122455815, -0.03751240037940522, 0.1206792157101666], [0.47610578163696166, 0.16925771704584158, -0.33036842643463993], [-0.9330600223308566, 0.342730194405769, -0.1359355846383037]]","tensor(-6, dtype=torch.int32)",
"['Bi', 'Bi', 'Bi', 'Bi', 'Bi', 'Bi', 'Bi', 'Bi', 'Bi', 'Bi', 'Bi', 'Bi', 'Bi', 'Bi']","[[1.985598, -0.621993, 0.015505], [-0.321256, -1.069557, -1.755491], [0.321252, 1.069714, 1.755603], [-1.985594, 0.621836, -0.015618], [0.943627, -6.760644, 1.425591], [2.53733, -5.447297, 3.521669], [1.565744, -4.559775, -0.426165], [3.159581, -3.24665, 1.670197], [0.126424, -9.162453, 3.714465], [-2.451913, -9.867523, 2.484273], [-1.253056, -8.507934, 6.230115], [-3.831384, -9.213239, 4.999619], [-1.701975, -6.04396, -3.731386], [-0.487686, -7.338371, -1.491242]]",[-81777.578125],"[[0.06332100930267476, 0.1655254502170305, -0.22315953614583744], [0.046514470001832134, -0.13358862895659962, -0.11753146379632085], [-0.03981017083051511, 0.048116149883671154, 0.08448418246826653], [-0.09010739387066942, 0.10332729370604943, 0.08466786217938257], [-0.13606012894410524, -0.829069640753911, 0.5144759693526043], [-0.1430899402395283, -0.26215203401375503, 0.36660516299280965], [-0.11011356997575983, 0.786429928196652, -0.847545598257828], [0.20062349597930057, -0.04616663040556301, -0.07584167153677933], [0.07258264221675913, -0.029820719916656337, 0.001786235825395542], [-0.02037963418738363, -0.000156925002556454, -0.0954888185984733], [-0.07342627305118514, 0.020753724761403244, 0.1070975100384449], [0.049037561773817795, -0.009435521858963986, 0.06139077825111745], [0.4223424936516765, -0.41898010592758483, 0.7736355975911702], [-0.23496013483157757, 0.606816161861675, -0.6333448189066815]]","tensor(-6, dtype=torch.int32)",
"['Bi', 'Bi', 'Bi', 'Bi', 'Bi', 'Bi', 'Bi', 'Bi', 'Bi', 'Bi', 'Bi', 'Bi', 'Bi', 'Bi']","[[0.57777, -0.977672, 1.743575], [-1.945213, 0.142257, 0.724442], [1.945348, -0.142303, -0.724572], [-0.577905, 0.977717, -1.743446], [5.447366, 2.869912, 0.590246], [3.213743, 2.91797, -1.324677], [3.685275, 3.973102, 2.673001], [1.451675, 4.020923, 0.757774], [1.018838, -6.410761, 4.912824], [0.605633, -4.0159, 3.253843], [-0.739783, -7.95171, 3.126042], [-1.152721, -5.556572, 1.467082], [6.913461, -2.429751, 1.062035], [6.033093, -0.004812, 2.29202]]",[-81777.578125],"[[0.09283410169867583, 0.07362841329317761, 0.18213026065261329], [-0.04900859056742284, 0.1516566035859382, -0.010509297406455764], [0.37979585508017344, 0.06849371176076419, -0.2775164407562972], [-0.14199670657258345, 0.1014887482437754, -0.19001671257163152], [0.6081356527315622, -0.30881645083462816, 0.38901192802111983], [-0.6910527469589942, -0.41935672132630086, -0.011512768670342323], [0.025981279164578763, -0.08714039060871975, 0.1906523410456252], [0.026225184429350765, -0.03538553639186342, -0.11018458388422882], [-0.025417801027277972, -0.403964752342673, 0.2237619459486718], [0.0015563029713470719, 0.15164354237467742, -0.15823755144397827], [0.0669305315988895, 0.028847088892512397, 0.06857285035970248], [-0.023351923640347494, 0.11964522029271944, -0.061689334914818386], [-0.27671029662663144, 0.6217594216741946, 0.2090410866822263], [-0.006189188653354349, -0.04789288030424933, -0.4520139146676457]]","tensor(-6, dtype=torch.int32)",
"['Bi', 'Bi', 'Bi', 'Bi', 'Bi', 'Bi', 'Bi', 'Bi', 'Bi', 'Bi', 'Bi', 'Bi', 'Bi', 'Bi']","[[-0.700501, 1.958463, -0.058611], [1.534067, 0.587001, 1.277096], [-1.534141, -0.587085, -1.277252], [0.700575, -1.958379, 0.058768], [-6.595707, -4.011129, -1.41415], [-5.991808, -4.006596, -4.294011], [-3.961772, -2.821457, -0.86014], [-3.358172, -2.816934, -3.740244], [2.028905, -5.945593, -6.99723], [1.540626, -3.048217, -6.838778], [-0.842197, -6.451198, -6.595986], [-1.330215, -3.55359, -6.437696], [1.819252, 3.787475, -1.811683], [2.473266, 1.013997, -2.031514]]",[-81777.5390625],"[[-0.3372851091285918, 0.4023728272316063, 0.08465387537047339], [0.5970552204383698, 0.10640747699156192, -0.41692435355048596], [0.008023769472367711, -0.06527561442563995, -0.16740307646890368], [-0.07590661763844214, -0.03874020566000925, -0.21736719748423505], [-0.270797013205638, -0.19040767473389783, -0.1524876360079276], [-0.19643871474460453, -0.09133468493035767, -0.056581681402574906], [0.06653812961805902, 0.05674011286672623, 0.4411257495748627], [0.12914174932113137, 0.2063218864795902, -0.07501038200433201], [0.11377091481714198, -0.03066663903415756, 0.00016185926077589698], [0.05929913325409733, 0.07808120646917732, -0.03856961801340893], [-0.09939036695275859, -0.044617349635041804, -0.04064353781546218], [-0.010469167606188419, -0.07534262013801642, -0.02202347504210732], [-0.15453387529808452, -0.5299025968259556, -0.08344067396387747], [0.18133028717393684, 0.21469438000820218, 0.7399109330507609]]","tensor(-6, dtype=torch.int32)",
"['Bi', 'Bi', 'Bi', 'Bi', 'Bi', 'Bi', 'Bi', 'Bi', 'Bi', 'Bi', 'Bi', 'Bi', 'Bi', 'Bi']","[[-0.355906, 2.00623, -0.422002], [-1.526179, -0.545129, -1.304805], [1.526273, 0.545129, 1.304973], [0.355812, -2.006231, 0.421834], [1.725546, 4.600702, -0.298183], [4.529308, 3.784835, 0.064574], [2.279673, 5.252374, -3.113876], [5.083513, 4.436268, -2.750827], [5.720182, -2.648174, 3.482659], [4.631195, -0.113361, 2.45936], [8.375357, -1.929353, 2.437096], [7.286047, 0.605593, 1.413961], [3.19162, -4.613314, -2.196935], [0.614616, -3.46976, -2.665525]]",[-81777.578125],"[[-0.1740510273122697, 0.29960762840859423, -0.16628109785276685], [-0.24928375844058429, -0.29972559068667376, -0.26058983087162035], [0.17982043172102838, 0.15586231361190636, 0.0017249314362582755], [-0.0793098345032466, -0.6454084415908422, -0.2943140840352969], [0.11774532827519305, 0.16432320171594067, 0.07601974623991338], [0.09148175211227028, -0.09486275463351311, 0.15141461122297287], [-0.07870295097844496, 0.044760323618464826, -0.027430353705242234], [0.07371140854898425, -0.02740474550363647, -0.04247939904455583], [0.09212180288613962, -0.1726782117334162, 0.03471881812130181], [0.03915600469250764, 0.16236211740943668, 0.051779423692212216], [0.001789036786723787, -0.12139963921317211, 0.07291086942730046], [-0.04659866853458169, 0.20820465494062118, -0.13969237980479737], [-0.7034012480304962, 0.28434118075050785, -0.29927251063778143], [0.740704375923807, 0.042224993388683636, 0.8468328880685592]]","tensor(-6, dtype=torch.int32)",
"['Bi', 'Bi', 'Bi', 'Bi', 'Bi', 'Bi', 'Bi', 'Bi', 'Bi', 'Bi', 'Bi', 'Bi', 'Bi', 'Bi']","[[-1.923954, 0.792373, 0.016115], [-0.473269, -1.114538, -1.691959], [0.473335, 1.114564, 1.692138], [1.923888, -0.792398, -0.016294], [0.59216, 6.793058, 1.838735], [1.552229, 4.250018, 0.712002], [-1.549271, 6.877906, -0.177928], [-0.588993, 4.334639, -1.304431], [-3.787239, -0.910816, -2.308852], [-2.557837, -3.582531, -2.402786], [-2.680037, -0.308049, -4.967919], [-1.450788, -2.980036, -5.061626], [-0.569367, -2.327671, 1.662861], [-1.433317, -2.460502, 4.383925]]",[-81777.6796875],"[[-0.1961717312451324, -0.14069937862416618, -0.12397789146279331], [-0.10400519113932007, 0.09229180432089595, -0.5039128947227764], [0.4012154702164639, -0.13219807275615172, 0.47437727945066427], [0.8373717374391529, -0.03659479886624449, 0.23351589396752243], [-0.10436072348048922, 0.2760961625869173, 0.11985975325878216], [0.10773740654603954, -0.41060283014445603, -0.06898067896800632], [-0.03730397635782192, 0.19097820283995395, 0.0629819320308105], [-0.10796505214545463, -0.3037732806252233, -0.043962196192876044], [-0.6010322050009997, 0.05554768598512774, -0.19751528765387816], [0.08783505164384475, -0.12836753831033543, 0.022723180584416115], [-0.022292592558379933, 0.08034686382409685, -0.1692907814507261], [-0.053614009653434734, -0.22690064757439987, -0.2221271348132292], [-0.23577208965759164, 1.0184628604651613, 0.15035968701425353], [0.018492623403797506, -0.338716185937203, 0.2723432754993836]]","tensor(-6, dtype=torch.int32)",
"['Bi', 'Bi', 'Bi', 'Bi', 'Bi', 'Bi', 'Bi', 'Bi', 'Bi', 'Bi', 'Bi', 'Bi', 'Bi', 'Bi']","[[-0.695031, 0.478475, 1.902027], [0.330091, 2.017502, -0.386822], [-0.330163, -2.017677, 0.386786], [0.695103, -0.4783, -1.901991], [-1.472893, 5.385934, 4.968297], [1.258394, 6.212027, 5.686598], [-0.392841, 3.670578, 2.835014], [2.338501, 4.496806, 3.553671], [-1.255318, -0.833149, 7.916508], [0.088177, -3.274347, 6.971052], [-0.917065, 0.382413, 5.257965], [0.42636, -2.059111, 4.312702], [-4.784458, -2.367466, 0.088492], [-2.881164, -3.475861, 1.909804]]",[-81777.359375],"[[-0.3479536504682458, 0.04567025295556214, -0.02766596458664273], [0.10866238712934169, 0.18183221820982812, -0.036009805725827536], [0.17448569825237717, -0.5509306327348809, 0.4019220097547434], [-0.06759680763946355, -0.0630840048825925, -0.25699722644353473], [-0.07991399265719462, 0.04639148892761458, 0.11212715623776481], [-0.029633810898189217, 0.0387727095640956, 0.010973412636200698], [0.19550833484168673, 0.11029077050333708, -0.0122487627826776], [-0.020182846985124403, -0.043395061944864075, -0.045284916370114454], [-0.07393555744617204, -0.15688057386933074, 0.23098279031430655], [-0.03857878657233726, -0.11812487473312909, 0.2517501676410237], [0.054897556481309145, 0.26997971048209984, -0.006400147784052429], [0.007108111714268626, -0.07388475241969313, -0.33676800857568506], [0.3138118499209572, -0.4553219492409396, 0.7238651835948126], [-0.2109094055355239, 0.7616408805097237, -0.9900953494253311]]","tensor(-6, dtype=torch.int32)",
"['Bi', 'Bi', 'Bi', 'Bi', 'Bi', 'Bi', 'Bi', 'Bi', 'Bi', 'Bi', 'Bi', 'Bi', 'Bi', 'Bi']","[[-1.60742, -0.723945, -1.105359], [-0.971049, 1.827489, 0.215069], [0.971196, -1.827603, -0.215115], [1.607272, 0.72406, 1.105405], [1.047332, -5.818816, -2.729055], [2.944732, -6.91053, -4.695358], [3.135064, -4.00629, -1.721095], [5.032316, -5.098174, -3.68771], [-1.657297, -3.981513, 5.080259], [0.906944, -2.889195, 6.023563], [-1.858204, -1.806443, 3.108314], [0.706276, -0.714367, 4.0518], [0.327421, 0.530019, -3.555913], [-1.60538, 2.594197, -3.141556]]",[-81777.828125],"[[0.10381719197251148, 0.15852767488466046, -0.8138235048219978], [-0.3853769517895741, 0.3164547911617834, -0.09698576710639573], [0.21778397353647347, 0.033107064651722695, 0.2599051457222614], [0.20624413627712457, -0.051586230894154275, -0.015557368141187997], [-0.11732428418935373, 0.03244802369943365, 0.06411743465703232], [0.03693086280354229, 0.048071525792599906, 0.022219850867633926], [-0.07032058440825004, 0.10458518091022649, 0.15583243737669966], [0.22511984912096777, -0.15770764679026866, -0.2679711121629779], [0.12412706695046062, -0.03362250941328062, 0.17884109798692846], [-0.06963404806359433, -0.3556007839730608, 0.3256254583958665], [0.06566004598227587, 0.20506945001712043, -0.3649243290854049], [-0.01173651647521581, 0.16252445695254789, -0.2797578783060836], [-0.41044563281050267, -0.7393319202995946, 0.42511368158889773], [0.07997045411374709, 0.2769663272205975, 0.40056266676388325]]","tensor(-6, dtype=torch.int32)",
"['Bi', 'Bi', 'Bi', 'Bi', 'Bi', 'Bi', 'Bi', 'Bi', 'Bi', 'Bi', 'Bi', 'Bi', 'Bi', 'Bi']","[[0.784315, 1.674268, 0.954668], [1.024589, -1.235015, 1.324334], [-1.024643, 1.235078, -1.324508], [-0.784261, -1.674331, -0.954494], [-6.34064, 1.916587, -0.500657], [-4.246939, 0.076285, -1.443005], [-8.22443, -0.334433, -0.290637], [-6.130363, -2.174622, -1.232942], [-2.877156, 4.901714, -2.912225], [-4.331543, 4.621621, -0.369664], [-0.519188, 5.889004, -1.454451], [-1.973873, 5.608667, 1.088117], [-3.101981, -3.659617, -3.814086], [-2.487506, -4.58244, -1.179876]]",[-81777.5234375],"[[0.061071189951961195, 0.08926247748395395, -0.16656201673905657], [0.07033174300212243, -0.020023870446802358, 0.3385770377573934], [-0.22197585101980719, 0.6513132403667253, 0.08717165524039908], [0.17423928358953616, -0.8051306002407643, -0.2383844861760205], [0.15134925374457744, 0.250857171598683, -0.1258300123572439], [0.2845495944876728, 0.22472292199607843, -0.1782588970660842], [-0.3861156301350897, -0.4020942737615291, 0.11317806952334107], [0.012526292953132349, -0.6001040362480198, -0.10892700521260122], [0.0732465528411206, -0.14535883718621723, 0.006873858376085786], [-0.0441831466359677, 0.11703585767769363, -0.02311986602547503], [-0.01594494158761932, -0.08746650951350639, 0.06019346627081908], [0.19816454298213992, 0.05964546104087406, 0.07305202306868162], [-0.041182873280767175, -0.16536563035640658, 0.8817839694930998], [-0.3195202677291046, 0.8306426425352771, -0.7207603177053427]]","tensor(-6, dtype=torch.int32)",
"['Bi', 'Bi', 'Bi', 'Bi', 'Bi', 'Bi', 'Bi', 'Bi', 'Bi', 'Bi', 'Bi', 'Bi', 'Bi', 'Bi']","[[-1.57239, -0.828585, -1.082013], [-0.837308, -0.716037, 1.764968], [0.837382, 0.716172, -1.765084], [1.572315, 0.82845, 1.082129], [-7.90882, -2.491772, -1.789033], [-5.691397, -0.562101, -1.922139], [-6.571488, -3.874634, 0.43787], [-4.354137, -1.944622, 0.3046], [2.650311, -4.350679, -2.297258], [4.362802, -2.655572, -3.986135], [2.414084, -2.163892, -0.34226], [4.126598, -0.468875, -2.031511], [1.234276, -6.561572, -4.519116], [0.057937, -8.259492, -2.543885]]",[-81777.6015625],"[[-0.3334873819772021, -0.17442563724941426, -0.13486867908224676], [-0.3174851356107285, -0.1289034079266681, 0.11471625854870893], [0.5149079149218582, 0.15236802822291756, -0.18007815924401652], [0.3655674137626773, 0.054040247370523424, 0.12613581953585729], [-0.10535208998401836, -0.09783392308488059, 0.04363315651328778], [0.16243755361778134, 0.04880834780060959, 0.01741545399826159], [-0.19729854353787757, -0.16881476714899007, -0.05744706378173835], [-0.0678853369953068, 0.16939871642094798, 0.13132173747148224], [-0.06413990611105182, -0.9339136290510486, -0.9735960571216661], [0.08494266183677454, -0.03790184558996997, -0.22205159576070135], [-0.16469930289374096, 0.7184329538405297, 0.5956004894676328], [-0.08727696768395048, 0.04352986495793538, -0.03371193757274364], [0.06897270854381177, 0.11944169165425435, 1.0582455616143553], [0.14026403919686822, 0.23758626104845773, -0.49401337076266894]]","tensor(-6, dtype=torch.int32)",
"['Bi', 'Bi', 'Bi', 'Bi', 'Bi', 'Bi', 'Bi', 'Bi', 'Bi', 'Bi', 'Bi', 'Bi', 'Bi', 'Bi']","[[-0.978038, -1.211933, 1.379991], [1.37996, -1.51643, -0.35363], [-1.380015, 1.51661, 0.353674], [0.978092, 1.211754, -1.380035], [-2.372621, 5.077156, 6.7443], [-0.270875, 3.769498, 5.153387], [-4.428982, 3.868087, 5.021108], [-2.326893, 2.560377, 3.430363], [-3.352834, -0.492412, -1.547578], [-5.414228, 0.027241, -3.582014], [-3.603934, -3.38414, -2.032052], [-5.665332, -2.864137, -4.066649], [0.903707, -4.72936, 0.545225], [0.954665, -5.56884, 3.276693]]",[-81777.4140625],"[[-0.08807807244864162, -0.1177046019786634, 0.30447735190310704], [0.1618337554184744, -0.3764393808966132, -0.015769983063234884], [0.002810091320604471, 0.1267450684768715, 0.03456172363153152], [0.2116645389503444, 0.09002151897773442, -0.129427553306121], [-0.051691800448163586, -0.04898751779429424, -0.06518819686995762], [0.12376233005489902, 0.0026505301131011876, -0.014036842604277122], [-0.2334978448133786, 0.20619286845182144, 0.2189650875579248], [0.11856581916840904, -0.19825226907037172, -0.030121621427733215], [0.025064798653014433, 0.0018493800969694638, 0.1740881540623889], [-0.3757233796934834, 0.11804912999223492, -0.4093153752376218], [0.15325655054329104, -0.27817212384600626, 0.14622509374093748], [-0.031545380872712914, 0.1085802146270003, -0.02129882978538327], [0.07323637126698818, -0.08913952726299135, 0.9100064702346803], [-0.0904271364361004, 0.4609128675698316, -1.10442671361858]]","tensor(-6, dtype=torch.int32)",
"['Bi', 'Bi', 'Bi', 'Bi', 'Bi', 'Bi', 'Bi', 'Bi', 'Bi', 'Bi', 'Bi', 'Bi', 'Bi', 'Bi']","[[-1.777449, -0.95177, -0.514321], [-0.11121, 1.144527, -1.733954], [0.111296, -1.144645, 1.734079], [1.777363, 0.951888, 0.514195], [-0.26418, 3.580564, 1.326166], [-1.804687, 4.48314, -1.012746], [-2.672661, 2.284491, 2.41211], [-4.21297, 3.187152, 0.072878], [4.54641, 2.438741, -5.872371], [2.895047, 2.457827, -3.437017], [2.284139, 1.336033, -7.397502], [0.632881, 1.355358, -4.961866], [-0.543638, -2.193167, -11.380204], [0.284333, 0.05599, -9.823284]]",[-81777.234375],"[[-0.10744656319607528, 0.1867176254422722, -0.03245750079091144], [-0.519704053403323, 0.29146735704554777, 0.01216618404581275], [0.30508084156986454, -0.05693340850896732, 0.09291365167434676], [0.25043216801179213, -0.0033989688858192175, 0.42559540374279886], [0.13936050162575403, -0.37719096618711495, 0.3341759237834294], [-0.3747040909942275, -0.13109656013246287, -0.45523833692003407], [0.21445454737308317, -0.23938953095590934, -0.09996048368208206], [0.036370269445579015, 0.3909574314338758, -0.12341749350877804], [0.2825630562458378, -2.5442432209143758e-05, 0.06255687702182808], [-0.03577616431053447, 0.04951106667748484, 0.11157488297421883], [-0.055883163710581565, -0.1320898292533804, -0.6342210513471679], [-0.2363028170647665, -0.11299870926791758, 0.10545539696599823], [0.13685388034970072, 0.1675770374047115, 0.1504168683800881], [-0.035798388938514406, -0.03393265661642319, 0.04498432339158705]]","tensor(-6, dtype=torch.int32)",
"['Bi', 'Bi', 'Bi', 'Bi', 'Bi', 'Bi', 'Bi', 'Bi', 'Bi', 'Bi', 'Bi', 'Bi', 'Bi', 'Bi']","[[1.615131, -0.905131, 0.949634], [1.163299, 1.684166, -0.373129], [-1.163454, -1.68426, 0.373194], [-1.614976, 0.905225, -0.949699], [-5.50183, 0.710532, 3.873309], [-3.644272, 1.152993, 6.112063], [-3.227457, 0.593248, 2.009621], [-1.370024, 1.03562, 4.248729], [-2.858568, 0.29863, -3.972725], [-5.642426, 0.998155, -4.620113], [-3.61735, -2.537781, -3.775543], [-6.401268, -1.837924, -4.423117], [2.052083, 1.953711, -3.647632], [3.4552, -0.495253, -3.198098]]",[-81777.3125],"[[0.38466393306775576, -0.06474642968121241, -0.26513487527991064], [0.3818206513581424, 0.6835615766579348, -0.10996825114496087], [-0.3122664103806769, 0.03231042332458051, 0.006688620575594941], [-0.27704978527522833, 0.005181907012481873, -0.12973577732303854], [-0.5527262921727789, 0.10858602532334859, 0.5254664129855355], [-0.11961488125868852, -0.07051388005049114, -0.1033187576388475], [0.27399073646935435, -0.1879828145834533, -0.32107491182377734], [0.2817483246268785, 0.027686574560947124, -0.05970552204383699], [0.22149757414604174, -0.05094901347753087, -0.09335145936204046], [-0.28092598253836576, 0.100850651509386, -0.12173691671183114], [0.16124245278742083, -0.11526482942166132, 0.11107665432892115], [-0.11655079308783987, 0.046629403518717756, -0.017234047143593292], [-0.07555864434473492, -0.8597670867631327, 0.8422686632201103], [0.03349486435535696, 0.3517692725075045, -0.2630089317478081]]","tensor(-6, dtype=torch.int32)",
"['Bi', 'Bi', 'Bi', 'Bi', 'Bi', 'Bi', 'Bi', 'Bi', 'Bi', 'Bi', 'Bi', 'Bi', 'Bi', 'Bi']","[[0.236326, 0.259093, -2.051033], [-1.659162, 1.254996, -0.032713], [1.659334, -1.255057, 0.032776], [-0.236498, -0.259032, 2.05097], [4.207376, 3.158139, -1.357567], [1.766008, 2.326345, 0.05882], [5.059034, 4.686694, 1.008454], [2.617489, 3.854582, 2.424716], [3.232837, 7.460994, 1.807995], [2.033794, 7.226188, -0.868846], [3.253839, 10.391574, 1.541318], [2.054603, 10.156444, -1.135602], [-5.383922, 2.286103, -1.596066], [-3.253213, 0.987679, -2.989772]]",[-81777.28125],"[[-0.4938237260889298, -0.14077260368257302, -0.8412499915859534], [-0.3859398180039851, 0.3142915666132869, -0.1425319591238172], [0.09210730185631469, 0.1453802287763136, 0.15493712734023793], [0.16612384909672182, -0.22160180672567, 0.22404199065940472], [0.23939086793029038, 0.08862319804145828, -0.5447388986879934], [0.08266579446589103, -0.6401592744825765, 0.18378466360494705], [-0.09872090274250671, 0.13418368540033837, 0.1795148302307813], [0.10353406193628391, 0.5540380697289295, 0.5892966552611056], [0.00043968294852937174, -0.6012512631111213, 0.15020125555010222], [0.04854502555405779, -0.15536907290949178, -0.07657484771849614], [0.07149434507060577, 0.6628868105181492, -0.15304793111775974], [-0.006780866665676424, -0.019799742118451195, 0.1642771789439785], [-0.07818986134868129, 0.04352970040724233, -0.00302038916320486], [0.25433556756137427, -0.1683622013210135, 0.1153219593654043]]","tensor(-6, dtype=torch.int32)",
"['Bi', 'Bi', 'Bi', 'Bi', 'Bi', 'Bi', 'Bi', 'Bi', 'Bi', 'Bi', 'Bi', 'Bi', 'Bi', 'Bi']","[[-1.1255, 1.70299, 0.403472], [-1.515988, -0.708953, -1.236151], [1.516115, 0.708941, 1.236296], [1.125373, -1.702979, -0.403616], [-1.021258, -2.785552, -7.045681], [-0.857763, -3.285404, -4.150559], [-3.588316, -1.399114, -6.66115], [-3.424471, -1.899033, -3.76588], [4.245494, -1.763927, 2.774926], [4.500636, -2.083972, -0.13897], [7.176016, -1.653304, 3.019185], [7.430854, -1.973252, 0.105074], [-1.965011, -5.843711, 0.181206], [-2.770204, -5.583254, -2.548642]]",[-81777.9609375],"[[-0.24478617662282026, 0.33061396692192413, 0.09338683776104602], [-0.198118005989262, -0.03490824168004709, 0.07095904109728048], [0.14478753774878744, -0.07222248188734795, -0.0437900401724826], [0.1279116814684979, -0.18719914190780707, -0.029495151228249576], [-0.1805672347570133, -0.011272786911157712, -0.2768933592726486], [0.07796884919907975, -0.21575228669823307, 0.5935338356071195], [0.10852349605998993, -0.02910345373007371, -0.20670297560027362], [-0.14218722542187934, -0.14080484533399232, 0.22547872389808954], [-0.1771929171076756, -0.03613942024985863, -0.053081585317237806], [-0.0582905917719812, -0.13274885477904194, 0.022302326760315617], [0.14080926763386803, 0.03739699892148623, 0.058643912963212516], [0.291823249341358, 0.037303271875167306, 0.0029655017368755915], [-0.15385674919618755, 0.2765510424090149, -0.9354362371826683], [0.263845877710329, 0.17373771250828596, 0.472812093827218]]","tensor(-6, dtype=torch.int32)",
"['Bi', 'Bi', 'Bi', 'Bi', 'Bi', 'Bi', 'Bi', 'Bi', 'Bi', 'Bi', 'Bi', 'Bi', 'Bi', 'Bi']","[[-0.922864, 1.003941, 1.571667], [1.034922, 1.734302, -0.500037], [-1.035035, -1.734454, 0.500002], [0.922977, -1.003789, -1.571632], [3.68455, -2.86285, -1.71197], [6.183329, -2.309097, -3.163788], [2.295661, -3.299471, -4.269354], [4.794771, -2.745764, -5.720978], [-3.32705, -2.443105, 2.980438], [-2.739626, -5.244975, 3.660707], [-5.244114, -3.341471, 0.936504], [-4.656542, -6.143411, 1.617123], [1.366559, 1.530283, -3.895922], [2.528429, 2.887377, -6.126751]]",[-81777.375],"[[-0.24197251403795575, -0.23003029891201024, 0.27698735885605286], [0.2350194245031668, 0.411063880617543, -0.3253564694348228], [-0.5287024052085288, -0.27683026436628255, 0.7725212808666785], [0.3274499142050482, 0.24731208118321524, -0.9078919938289997], [-0.12201145925876522, -0.11614460998646654, 0.15711948090680136], [0.22875467108623881, 0.02707313471946931, -0.19349248600765234], [0.029057847477053325, -0.05478591912049366, -0.0412406305740274], [-0.03231668139312553, -0.01079040655448433, 0.10925332980575418], [0.09160202838447085, 0.10026541668513865, -0.04440067236776027], [0.027996603493279065, -0.03462658231563864, 0.09910487150031842], [0.0016041553413275761, -0.0006822760243684888, -0.07019501166061697], [-0.06152437284503669, 0.013877835212700133, -0.06063461639446536], [0.3472386262848559, 0.15472238868580887, -0.3154287661685307], [-0.31771514662635614, -0.23336214191370466, 0.5342086827746838]]","tensor(-6, dtype=torch.int32)",
"['Bi', 'Bi', 'Bi', 'Bi', 'Bi', 'Bi', 'Bi', 'Bi', 'Bi', 'Bi', 'Bi', 'Bi', 'Bi', 'Bi']","[[1.609922, 1.052606, -0.793654], [-1.136487, 0.473814, -1.677141], [1.136523, -0.473825, 1.67733], [-1.609958, -1.052594, 0.793465], [-4.203355, -6.227313, 0.087756], [-2.582738, -7.786252, -1.810039], [-2.963034, -3.745187, -0.892302], [-1.342547, -5.304476, -2.790194], [0.022678, 5.360268, -0.851945], [0.927025, 7.895737, -2.040165], [2.724091, 4.241347, -1.183973], [3.628234, 6.777132, -2.372112], [4.480631, 3.923862, 1.850416], [3.627235, 1.392092, 2.865355]]",[-81777.953125],"[[0.14247956001249937, 0.14155663631286033, -0.08435300471265147], [-0.15187992972966075, -0.04914827867919404, -0.014756762170785169], [0.5684403691380504, 0.0017101064472563848, 0.5520794022607297], [-0.48462128000225163, -0.03193902212595042, -0.18285356379274714], [-0.1831144280633215, -0.21590459893348665, 0.11072271607259092], [-0.019746936772609913, -0.022825042605622656, 0.02997086728185447], [0.038132273124539415, 0.22027635089315967, -0.026960520338913843], [0.13134004373608393, 0.04052823405951719, -0.14278223044352653], [-0.14619274924533504, -0.13464103348283166, 0.11180206577480972], [0.15559769552864683, -0.054475843908279295, -0.08244920461616519], [0.2125075012975799, -0.4824376923054903, 0.3813344040601824], [0.09515910014727619, 0.6128592860639025, -0.17520169945550698], [-0.6048528664052332, -0.5593391731496888, 0.04008944420987434], [0.22969487260864804, 0.5414869656166109, -0.5271623135657726]]","tensor(-6, dtype=torch.int32)",
"['Bi', 'Bi', 'Bi', 'Bi', 'Bi', 'Bi', 'Bi', 'Bi', 'Bi', 'Bi', 'Bi', 'Bi', 'Bi', 'Bi']","[[0.174181, 1.127582, 1.740096], [-2.06144, 0.28065, 0.024574], [2.061602, -0.280754, -0.024582], [-0.174343, -1.127478, -1.740088], [5.095254, 1.137378, 0.120795], [6.514835, 3.520625, 1.102241], [6.633442, 1.253411, -2.385272], [8.053034, 3.636713, -1.403445], [-5.229669, 0.108716, -4.02845], [-4.963733, -2.47581, -2.647213], [-2.52731, -0.211965, -5.148396], [-2.2617, -2.796672, -3.767059], [0.67366, -2.114117, 5.223639], [-1.431111, -1.249215, 3.49444]]",[-81777.5703125],"[[-0.09974744195667509, -0.01931305773271275, 0.49071356372402747], [-0.2826143240711409, -0.5027040641939646, -0.18653985927168762], [0.37524931943122736, -0.18891504568166792, 0.3206144784157894], [-0.22981926264817482, 0.1467341724475581, -0.24022256883947032], [-0.033848360381699645, -0.11809978075243908, 0.08995297332966116], [0.21264536392510008, 0.30672686272127114, 0.16977250360462728], [0.07635908062223554, -0.07256541581608056, -0.23265447108941048], [-0.051473976468239854, 0.03566422355937867, 0.028110416008568298], [-0.14196893864313143, -0.05607388824824376, 0.0055511484832656945], [-0.0885878710645443, 0.10367691250668713, 0.007459381164045993], [0.0936058958711676, -0.025336451278401836, -0.042241535875544224], [-0.08727614493048523, -0.074041898331555, -0.05298295774559151], [-0.43717247059645015, -0.009801312907402935, -0.4032932826708496], [0.6876347205318153, 0.47557253454729953, 0.03729189216630113]]","tensor(-6, dtype=torch.int32)",
"['Bi', 'Bi', 'Bi', 'Bi', 'Bi', 'Bi', 'Bi', 'Bi', 'Bi', 'Bi', 'Bi', 'Bi', 'Bi', 'Bi']","[[-1.126716, -1.334443, -1.131144], [-1.233014, -0.348542, 1.639237], [1.233106, 0.348652, -1.639366], [1.126624, 1.334334, 1.131274], [4.768235, 3.12962, 5.566682], [5.287384, 5.094696, 3.438943], [2.275406, 2.331977, 4.221532], [2.79492, 4.297167, 2.093743], [-7.772816, 0.682853, -0.563976], [-7.158147, -1.239975, 1.576872], [-4.937474, 0.712385, -1.351263], [-4.323095, -1.21066, 0.789716], [1.863316, -1.904335, 0.777791], [2.623943, -1.371326, 3.480677]]",[-81777.59375],"[[-0.24120776469201013, -0.11369779260291829, -0.3624996232012351], [-0.1292546208121447, -0.31148170926319907, 0.20193388513897859], [0.02106900388928528, 0.09988216783660901, -0.8209644906794121], [-0.06130284647451935, 0.4603606971504688, 0.07773050780461647], [0.17098179693226329, 0.21775219468387835, 0.14884952302879562], [0.2597574100531583, 0.0676597997016464, 0.2410969500846599], [0.011235397908371466, -0.3338169461621245, -0.017283633466501806], [-0.16925031226465437, -0.03884162545122822, -0.3108734887640164], [-0.10241311176197863, -0.06761279990994426, 0.12332621929622738], [-0.3493770653852119, 0.056157449147057746, 0.07553853830692799], [0.21336434760954143, -0.04173831414515435, -0.055554885077948646], [0.1637279910059272, 0.031184552056111228, -0.22641301187996724], [-0.1824989570492264, 0.3132949036343252, 0.6655515033037129], [0.39415711966021516, -0.3446925128424709, 0.2576904476600955]]","tensor(-6, dtype=torch.int32)",
"['Bi', 'Bi', 'Bi', 'Bi', 'Bi', 'Bi', 'Bi', 'Bi', 'Bi', 'Bi', 'Bi', 'Bi', 'Bi', 'Bi']","[[-1.1255, 1.70299, 0.403472], [-1.515988, -0.708953, -1.236151], [1.516115, 0.708941, 1.236296], [1.125373, -1.702979, -0.403616], [-1.021258, -2.785552, -7.045681], [-0.857763, -3.285404, -4.150559], [-3.588316, -1.399114, -6.66115], [-3.424471, -1.899033, -3.76588], [4.245494, -1.763927, 2.774926], [4.500636, -2.083972, -0.13897], [7.176016, -1.653304, 3.019185], [7.430854, -1.973252, 0.105074], [-1.965011, -5.843711, 0.181206], [-2.770204, -5.583254, -2.548642]]",[-81777.9609375],"[[-0.24478617662282026, 0.33061396692192413, 0.09338683776104602], [-0.198118005989262, -0.03490824168004709, 0.07095904109728048], [0.14478753774878744, -0.07222248188734795, -0.0437900401724826], [0.1279116814684979, -0.18719914190780707, -0.029495151228249576], [-0.1805672347570133, -0.011272786911157712, -0.2768933592726486], [0.07796884919907975, -0.21575228669823307, 0.5935338356071195], [0.10852349605998993, -0.02910345373007371, -0.20670297560027362], [-0.14218722542187934, -0.14080484533399232, 0.22547872389808954], [-0.1771929171076756, -0.03613942024985863, -0.053081585317237806], [-0.0582905917719812, -0.13274885477904194, 0.022302326760315617], [0.14080926763386803, 0.03739699892148623, 0.058643912963212516], [0.291823249341358, 0.037303271875167306, 0.0029655017368755915], [-0.15385674919618755, 0.2765510424090149, -0.9354362371826683], [0.263845877710329, 0.17373771250828596, 0.472812093827218]]","tensor(-6, dtype=torch.int32)",
"['Bi', 'Bi', 'Bi', 'Bi', 'Bi', 'Bi', 'Bi', 'Bi', 'Bi', 'Bi', 'Bi', 'Bi', 'Bi', 'Bi']","[[0.702541, 0.952936, 1.711159], [-1.606128, 1.32042, -0.075826], [1.606211, -1.320594, 0.075828], [-0.702624, -0.952762, -1.711161], [6.515409, -2.263306, 3.638042], [3.929089, -2.349122, 2.237365], [5.717323, -4.589708, 5.25383], [3.130984, -4.675357, 3.852807], [2.511003, -8.479694, -1.789219], [2.05199, -8.853937, 1.093065], [1.817709, -5.631569, -1.52963], [1.358867, -6.006113, 1.352822], [-4.397341, -0.518242, -0.101413], [-6.350065, -1.69373, -1.825752]]",[-81777.5],"[[0.10667759723862029, -0.12713937307509035, 0.17084609403258938], [-0.1046034871748282, 0.20634507784289186, -0.2152152343737941], [-0.031458055876795434, -0.07923095301476621, -0.033059010707143205], [-0.4606499978376857, -0.0673110550765655, -0.22503880790464112], [0.3249220041830817, 0.015653085222450985, 0.17392710007156711], [-0.05974275163813934, 0.07565012424565189, -0.028705750131601555], [0.2341653549841505, 0.036969804753494186, 0.08753284401164181], [-0.22680196858066204, -0.03763862104539218, 0.12584837004393717], [0.03706161375579726, -0.08585067312985599, -0.05696729566731711], [-0.014233238998640358, -0.14286584276443207, 0.059103575039826814], [-0.05028692833742042, 0.19132756453013378, -0.06170666415968012], [-0.07036064221758917, 0.07929646475943636, -0.09899220569767139], [-0.4099520835755386, -0.5216061565707872, -0.3121028881294593], [0.7176523664903782, 0.45282201283679147, 0.4170612391582662]]","tensor(-6, dtype=torch.int32)",
"['Bi', 'Bi', 'Bi', 'Bi', 'Bi', 'Bi', 'Bi', 'Bi', 'Bi', 'Bi', 'Bi', 'Bi', 'Bi', 'Bi']","[[0.6812410011701837, 1.8554800227307167, -0.6502455560035465], [1.7697398294088336, -0.8782865368718322, -0.6523332111299979], [-1.7699311851637038, 0.8783052560116162, 0.6523454409658084], [-0.6810496454153142, -1.8554987418705025, 0.6502333261677367], [4.325206281419019, 2.8794359191737784, -2.3272869883531815], [5.974215287521174, 2.7715786366780226, -4.761922436256751], [2.047370653956828, 1.7657963420541882, -3.820983966890604], [3.6967621497089924, 1.6579329114670815, -6.255573242631467], [2.791420425264005, -6.035237931719721, 2.667308060308303], [0.5196896198112574, -4.932735664276052, 1.1566652972367084], [1.0419950265914715, -8.129115540464724, 3.7695994243453983], [-1.2296542843391645, -7.026398428470007, 2.2586473580863786], [-0.24913685039156774, -2.8313548772313695, -4.763262851756547], [1.6091719835802194, -0.964936256468543, -5.8729537248595935]]",[-81777.5078125],"[[0.10320285224443104, -0.03541291865562862, 0.24664997033205902], [-0.042550736912201764, 0.027352161272788972, -0.12999838994472657], [-0.1997026805854162, 0.34516395057805654, -0.017656047680335976], [-0.001740617745294095, -0.08790262027217803, -0.023564322589609756], [-0.035278115642557326, 0.050551752109046284, 0.05271268323225839], [0.03504309097300081, -0.015380949229402752, -0.028198378638421347], [-0.5797300893439646, -0.28917501162509934, 0.3022290752151408], [0.6140214253335616, -0.08367017075858936, -0.5526671567674644], [0.15065068463049253, -0.03538035304503238, 0.041410493169136475], [0.09526446401291919, -0.05073356005602889, -0.0697816808885143], [0.03181412300771701, -0.04691765005305733, 0.07057327256626353], [-0.11545848501854346, -0.05113464722812687, -0.02363116616645179], [0.7579924831122761, 0.6104810143284275, -0.23898303932198656], [-0.8075335545801966, -0.3488271575378785, 0.3660466162340912]]","tensor(-6, dtype=torch.int32)",
"['Bi', 'Bi', 'Bi', 'Bi', 'Bi', 'Bi', 'Bi', 'Bi', 'Bi', 'Bi', 'Bi', 'Bi', 'Bi', 'Bi']","[[0.922131, -0.137921, 1.860206], [0.506129, 2.015555, -0.101374], [-0.50625, -2.015705, 0.101367], [-0.92201, 0.138071, -1.860199], [5.536621, -0.994583, 5.976834], [4.493581, -3.745885, 6.003712], [3.136289, -0.098942, 4.529046], [2.093386, -2.850482, 4.556194], [0.355109, 2.253592, -4.28247], [2.152378, 2.753776, -6.557981], [2.570168, 0.994629, -2.809925], [4.367337, 1.495094, -5.085681], [-2.724649, -3.665004, -1.898283], [-4.050431, -5.240604, -3.880209]]",[-81777.671875],"[[0.21851113333347563, -0.18577588125711567, 0.2953501877584987], [-0.1453790974902989, 0.17275930437183443, -0.29711231999268806], [-0.19718520924804, -0.4893037242392379, 0.25829712549653083], [-0.35320986240305763, 0.16488036007818654, -0.38740277650937455], [0.21733984093151565, -0.14781527050089055, 0.1886074387298493], [0.11112859064141477, 0.0521017373622221, 0.03517261807947623], [-0.06716758744106334, 0.017495415350665126, -0.07968578141477217], [-0.1570599855468458, 0.10889553489255559, -0.08955486349666554], [-0.06947587370990091, 0.07989861745181284, 0.08093101878442109], [0.15232869032286053, -0.11200317757497065, 0.04588555211078939], [-0.29145069628787657, -0.08921234094466557, 0.34195608623915624], [0.31176401654596136, 0.16772281903433467, -0.4271852205481109], [-0.08869606314522407, -0.27031061164140324, -0.6583493251573209], [0.36246979838811993, 0.513443568019996, 0.691048633191668]]","tensor(-6, dtype=torch.int32)",
"['Bi', 'Bi', 'Bi', 'Bi', 'Bi', 'Bi', 'Bi', 'Bi', 'Bi', 'Bi', 'Bi', 'Bi', 'Bi', 'Bi']","[[-2.0655664935186175, -0.24612497735486066, -0.05071741225427262], [-0.02823251692906137, 0.6439584882319143, -1.978237931445916], [0.02829205988134964, -0.6440676751880933, 1.9783850703103718], [2.0655069505663315, 0.24623416431103984, 0.05057027338981701], [0.8687078028449227, 1.1070007620545623, -6.092108776684404], [3.4981271206291593, 2.1337524011216633, -5.261296654289635], [-0.4482549385114267, 3.005699825952433, -4.269909577972168], [2.1814595664614718, 4.032396340629013, -3.4393388967197493], [-2.884173898485444, -4.038463724057032, -3.6216560002620874], [-5.320782463905027, -2.5996477000935383, -4.428539392018174], [-1.2841003399342195, -1.6266822296043861, -4.153570981622812], [-3.7210450853033583, -0.18800123410817648, -4.960323154651046], [1.696037096422826, -3.6691341249179477, -4.184875829153643], [2.5811222787402395, -1.2238972433001163, -2.999260024175465]]",[-81777.90625],"[[-0.42950050022140307, -0.12359520825727105, 0.0804267737544088], [-0.12272488935731614, -0.11427027474845436, -0.6107232123797591], [0.09318207499238305, 0.08601512097872192, 0.1059028720069086], [0.6792488058373015, -0.22094447812903054, 0.4679375880781884], [-0.26245115632046334, -0.0864518488024925, -0.025572761500247787], [0.050618420850776946, -0.10663753942928116, 0.18217582062575124], [-0.19384400742567842, 0.03490533118966378, -0.2191629597663163], [0.19603191457813227, 0.008966675796793892, 0.02480100846542928], [0.09222829803779732, -0.2826089247515252, 0.01400921865668151], [-0.1961274568242839, 0.06397478977499539, -0.011234539159442116], [0.4445206360608316, -0.1274241486182484, -0.11202379783369334], [-0.24956529439197295, 0.2753198946924583, -0.089572347007802], [-0.0951247501901022, 0.4469045128042886, 0.24457755719728896], [0.0023751637842600345, 0.15256872864634585, -0.06494039381064402]]","tensor(-6, dtype=torch.int32)",
"['Bi', 'Bi', 'Bi', 'Bi', 'Bi', 'Bi', 'Bi', 'Bi', 'Bi', 'Bi', 'Bi', 'Bi', 'Bi', 'Bi']","[[0.245204, 1.980859, -0.588037], [-1.923413, 0.435101, 0.66338], [1.923592, -0.43517, -0.663363], [-0.245382, -1.98079, 0.58802], [-2.997255, 1.197933, 6.212745], [-5.300791, 2.704078, 5.171801], [-1.477456, 1.838279, 3.775528], [-3.781249, 3.344553, 2.734841], [2.224938, 6.887483, -3.817609], [1.658538, 4.936359, -1.689084], [-0.238848, 6.082382, -5.210963], [-0.805082, 4.131318, -3.082094], [2.173223, 2.082922, 2.20022], [3.765473, -0.27826, 2.440641]]",[-81777.671875],"[[0.19602677236897448, 0.5181336227265358, 0.40929778888230217], [-0.48556276707695023, -0.1570662076199267, 0.6023984899742229], [0.36968652898642845, -0.5899543438123862, 0.14239054837197812], [0.20122467165193708, -0.10758545426542701, -0.1082637116533387], [-0.0697229568599324, -0.27166563517657083, 0.21538847540031988], [-0.10255899623578496, 0.1628827146645707, 0.0998427785144604], [0.42808834674249246, -0.050061061942373926, -0.4817786667798288], [-0.16244228445020653, 0.03807760115677386, -0.2868668796225365], [-0.04156179238918594, 0.16722952690982848, -0.27482377435291533], [0.012354121506111431, -0.06820225134570101, 0.09669055287864736], [0.16070318931304406, 0.18119571556027766, -0.055213390967780225], [-0.03906202053573083, -0.08450608827927869, 0.07176559660367886], [-0.04457244786467603, 0.21641450039357246, -0.13078540505632538], [-0.41070253758002556, 0.039144938658400096, -0.3029941330936359]]","tensor(-6, dtype=torch.int32)",
"['Bi', 'Bi', 'Bi', 'Bi', 'Bi', 'Bi', 'Bi', 'Bi', 'Bi', 'Bi', 'Bi', 'Bi', 'Bi', 'Bi']","[[0.05973028951551562, -1.6769581346042841, 1.2304301714560693], [-1.6261603572558658, -0.8050023998065733, -1.0180759066909657], [1.6263356451076423, 0.8050810245577911, 1.0180903745006076], [-0.05990557736729174, 1.6768795098530682, -1.2304446392657122], [0.17442277656503324, -7.534883158193975, 2.2557787028741574], [0.7200329110032478, -4.674991395753177, 2.681973902405522], [2.387626468666534, -7.668582191603912, 0.320911032233983], [2.933112624029932, -4.808534457006087, 0.7474360345476886], [7.903022860614143, 0.6643868443254974, 2.3237919770617217], [7.529472470648278, 1.8385832495437813, 4.995876662828775], [5.009892795348126, 0.8732392423940547, 1.8277697815604848], [4.636648896114093, 2.047601854011284, 4.5000185004469095], [2.695332840435544, 3.557629151886341, -1.9175215243630497], [1.7091573358056606, 4.4187218692376105, 0.6229944134709573]]",[-81777.953125],"[[-0.402365679560877, -0.05409285217020757, 0.11810379167558216], [-0.1478988828217961, -0.5921238418560552, -0.15519233518073874], [0.474033934145199, 0.5103973747370165, -0.06706618307647184], [0.04597325763018455, 0.7571872131581673, 0.048072507954549044], [0.0027616820493721788, -0.2084236616286512, 0.012819445155008442], [0.01831112398936437, -0.029530941003987753, 0.0862527424639031], [-0.025139232130573355, -0.08428492186340242, -0.027638140092889958], [0.009410237616535163, 0.1417929208236605, 0.007701368384802141], [0.32202498638776944, -0.04960173925156404, 0.09678552948179163], [0.04995750299214531, -0.017086311474490166, -0.03131466537443063], [-0.12301820096767613, 0.05503413355653988, -0.07927183357757057], [-0.15232102843121542, 0.030275450614688316, -0.027417529035602718], [-0.3588616130662862, 0.19871141692607025, 0.8355292838979189], [0.28866264190461777, -0.6548382247443861, -0.796838787973838]]","tensor(-6, dtype=torch.int32)",
"['Bi', 'Bi', 'Bi', 'Bi', 'Bi', 'Bi', 'Bi', 'Bi', 'Bi', 'Bi', 'Bi', 'Bi', 'Bi', 'Bi']","[[0.269371, 0.570218, 1.982928], [-1.167807, 1.690541, -0.32742], [1.167846, -1.690729, 0.327416], [-0.26941, -0.570029, -1.982925], [-1.858105, -3.558705, -0.789029], [-1.133876, -4.538383, -3.467468], [-3.536516, -1.470678, -2.006789], [-2.812164, -2.45072, -4.685256], [-5.599788, -4.348304, 0.362631], [-5.320779, -7.264943, 0.091185], [-5.661871, -4.081741, -2.567377], [-5.382968, -6.998596, -2.838522], [4.473715, 2.808395, -1.981242], [2.348358, 2.172305, -0.17944]]",[-81777.484375],"[[-0.27944523198929033, 0.10181209035561686, 0.5919351227799645], [0.1874223137852549, 0.365643209925663, 0.1955371826350619], [0.155029327150437, -0.02282464151330835, -0.04896636274581912], [-0.4176818523815191, -0.3228195091247386, -0.260804003883042], [0.169437694366364, -0.04233440931514296, 0.073081333660881], [-0.06708850026421662, -0.03127112114728252, 0.11216325454605246], [0.30014128687498903, 0.4765313508668598, 0.134537212279936], [-0.05209289276247071, -0.14249282691212645, -0.39573305250080115], [0.19339987482072063, 0.06300949427189621, 0.04361820296905694], [-0.026023969785006682, -0.22840361246703692, 0.08110467118767946], [-0.1555431881115743, 0.08200615187513052, -0.15179981411098245], [0.035321680438542065, -0.09668206823353702, -0.04327402976791732], [0.2617717162244454, 0.17899654696976827, -0.055301219900195174], [-0.32284542585889386, -0.3849110162177873, -0.2755829186908789]]","tensor(-6, dtype=torch.int32)",
"['Bi', 'Bi', 'Bi', 'Bi', 'Bi', 'Bi', 'Bi', 'Bi', 'Bi', 'Bi', 'Bi', 'Bi', 'Bi', 'Bi']","[[0.712595, 1.394613, 1.370029], [-1.950592, 0.602496, 0.401367], [1.950734, -0.602624, -0.401387], [-0.712737, -1.394484, -1.37001], [-3.882794, 6.432999, -0.02371], [-3.081171, 3.787568, 0.984958], [-1.607177, 7.658735, 1.383057], [-0.805677, 5.012996, 2.391529], [-2.172215, 9.69873, -4.70415], [-2.391221, 8.927307, -1.873027], [-0.685212, 7.221752, -5.263852], [-0.904503, 6.45049, -2.432524], [1.332029, -3.329951, 1.373875], [-0.954689, -4.863117, 0.606694]]",[-81777.6171875],"[[-0.14876801901364473, 0.28531727489283837, 0.49527166934357864], [-0.12227566596529214, 0.11589161329590358, -0.07192145696325129], [0.327597084231144, -0.651824375957009, -0.09027302442764162], [-0.3531758209784331, -0.18609423542607406, -0.10228285960401196], [-0.03757059476044385, 0.35670039397936126, -0.16521043848402467], [0.036109492592560334, -0.39941482283568275, 0.20473978298801487], [-0.1329763975342739, 0.20707624856303714, -0.12016561185948714], [0.20816362011154207, -0.4609012975992266, 0.09692766014291276], [0.06488578354938837, 0.08195467836146111, -0.42102603668519223], [0.11645067427553783, -0.17339822385968906, 0.16998487684284375], [-0.0024824513503489513, 0.15437210139798066, -0.1649358959370906], [-0.20634322664759502, 0.07439084864500221, 0.33859081887793624], [-0.04082322717227178, 0.23893984476506117, -0.103803976494976], [0.2936406603239935, 0.3443207825424547, -0.06417903832274256]]","tensor(-6, dtype=torch.int32)",
"['Bi', 'Bi', 'Bi', 'Bi', 'Bi', 'Bi', 'Bi', 'Bi', 'Bi', 'Bi', 'Bi', 'Bi', 'Bi', 'Bi']","[[-1.184315, 0.575667, 1.611124], [1.425313, -0.751453, 1.316323], [-1.425375, 0.75156, -1.316471], [1.184377, -0.575774, -1.610976], [3.970174, 2.375201, -0.630251], [6.225584, 4.128261, 0.075598], [3.436431, 1.912011, 2.226396], [5.691954, 3.665328, 2.931981], [0.458788, -6.354474, 3.321596], [2.899338, -5.670618, 4.816379], [0.111145, -3.524166, 2.594712], [2.551949, -2.840593, 4.089556], [-3.819385, 0.149563, 3.704601], [-3.820333, 1.633453, 6.147205]]",[-81777.6484375],"[[-0.5035825592064804, 0.5627895954945618, 0.44789834756821345], [0.48832115091336864, -0.10993647229236576, 0.04003323986377977], [-0.3609132516760588, -0.08871112981805639, -0.15719404293958925], [0.21220447091191172, 0.1717966828174973, 0.009343779705379966], [-0.23443629798467414, -0.3270555067626462, -0.04378407520985957], [0.1677561919717687, 0.17371015026720021, 0.21962838111718733], [-0.33918957771226854, -0.2681498553533025, -0.10947238791587578], [0.3323196891216526, 0.27929986173639976, -0.10136785490647592], [0.1717973513046878, -0.38106160986436194, 0.17537602034595584], [-0.11292949513265381, -0.21706473274157423, 0.037594716863603016], [-0.169068740859293, 0.1854439516559807, -0.015971166854324016], [0.05957213313828407, 0.12699863081044183, -0.1007288839965297], [0.16754448722074275, 0.39727252707845845, 0.4183314162423304], [0.11943690939973761, -0.5032078978472443, -0.8231710126290172]]","tensor(-6, dtype=torch.int32)",
"['Bi', 'Bi', 'Bi', 'Bi', 'Bi', 'Bi', 'Bi', 'Bi', 'Bi', 'Bi', 'Bi', 'Bi', 'Bi', 'Bi']","[[-1.802558, 1.034674, -0.099738], [0.866018, 1.38462, -1.289087], [-0.866065, -1.384796, 1.289147], [1.802606, -1.034497, 0.099679], [-0.800662, 0.924072, -4.639164], [0.97307, -1.295708, -3.874466], [1.4417, 2.809974, -4.365218], [3.215328, 0.589839, -3.600627], [2.953061, -5.850604, -1.044306], [1.545555, -7.779317, -2.763989], [0.932887, -3.808038, -1.682022], [-0.474556, -5.737125, -3.401637], [-2.46246, 3.071082, 2.5162], [-4.515288, 4.326439, 4.058349]]",[-81777.0390625],"[[-1.140439147013287, 0.1876162779146865, 0.28124289688876], [0.6066135588208583, 0.22821844151526513, 0.29787249277248323], [-0.12469337844500734, 0.033882232113421965, 0.25712228497025197], [0.2726805529980426, 0.029314865375177676, 0.28607179124256], [-0.1787134683556323, 0.2398429709594427, -0.10251821851716372], [-0.03709670933329914, -0.22981262919836126, -0.5836859908490478], [-0.14608486569720475, 0.2550830390845497, -0.42191383909628366], [0.3786133526622495, -0.11194090542206989, 0.04523747434842474], [0.30708553181002657, -0.1309071725691817, 0.15634665829247804], [-0.06006100296291457, 0.06955367533445816, 0.04028286840734439], [-0.04912586378947526, 0.18632311515568703, 0.34473545028893837], [-0.26623520519549326, -0.3251931528719716, -0.37487568651382275], [0.33169861309957543, -0.1922433405590435, 0.1753504121443501], [0.09633280938754034, -0.23566744570123074, -0.3902339226053756]]","tensor(-6, dtype=torch.int32)",
"['Bi', 'Bi', 'Bi', 'Bi', 'Bi', 'Bi', 'Bi', 'Bi', 'Bi', 'Bi', 'Bi', 'Bi', 'Bi', 'Bi']","[[1.2456347668029744, -1.3790981241088291, 0.9360540002273943], [-0.39136032864275017, -1.377858595262685, -1.5090552367673222], [0.3914137501147217, 1.3780297686463172, 1.509125684045967], [-1.245688188274947, 1.3789269507251984, -0.9361244475060401], [3.6257317381281995, 0.8763102313656513, 0.1097084447247858], [4.19015655840891, 3.5594067851870106, -0.9583417249325366], [3.5944531119406364, -0.20612457657772332, -2.6265692186806318], [4.159042164173686, 2.4772259052236687, -3.694380607168705], [1.123329809512399, 3.4559299631438933, 4.140986915825501], [-0.1350807380847845, 4.795292083502673, 6.438991629490421], [0.9228503916933302, 5.94349353054441, 2.5815977987903884], [-0.33549731552945306, 7.2827040395469185, 4.879951128410187], [-1.882935605127225, 9.986246264745708, 3.684581375443492], [-0.41854041407568354, 11.06455187024885, 1.4798029807376618]]",[-81777.328125],"[[-0.021817354730226713, -0.7545117217333723, -0.06229642412798633], [0.18771876214320113, 0.10946251487429284, 0.09829775035091269], [0.2860290080623672, 0.45984303095455464, -0.192083469276328], [-0.1277144777472969, -0.0367167257875847, -0.07643096870626136], [-0.24171926023693488, -0.32514656445700213, 0.21775903382205816], [0.132022517735505, 0.4983405911910356, -0.3174637954427237], [-0.31658812864524466, -0.16886207547324167, 0.20196715523222947], [0.15030625946110415, 0.22920404874453754, 0.0730730032820454], [-0.0024161631320959603, 0.027920339389259977, 0.06673975563913573], [-0.12822720742241953, -0.19103975508357263, 0.3164194127627778], [0.020954713148544378, 0.04402660236257729, -0.3115561170297122], [-0.040710509947533155, 0.4848574616688687, -0.24417980731893443], [0.4177519921144313, 0.008918246470945884, -0.2906636297541862], [-0.3065736763104608, -0.4050913075249603, 0.5202568408877848]]","tensor(-6, dtype=torch.int32)",
"['Bi', 'Bi', 'Bi', 'Bi', 'Bi', 'Bi', 'Bi', 'Bi', 'Bi', 'Bi', 'Bi', 'Bi', 'Bi', 'Bi']","[[-1.31689, 1.225475, 1.045815], [0.53681, -0.939562, 1.777066], [-0.536776, 0.939655, -1.777231], [1.316856, -1.225568, -1.045649], [4.354243, -2.659933, -1.317484], [4.232983, -3.274139, -4.192612], [5.228533, 0.080152, -1.939907], [5.107049, -0.534347, -4.815143], [-0.919154, 4.194521, -0.521567], [-0.34199, 6.760209, -1.841584], [-3.540054, 4.097645, -1.856241], [-2.962521, 6.663434, -3.176293], [5.110653, 2.22645, 1.456506], [2.318824, 1.958194, 2.006026]]",[-81777.46875],"[[-0.14392560064975973, -0.020619122294489093, 0.16235594675844733], [0.3464553649859423, 0.06578973249723517, 0.4864888789462671], [-0.13801113452066, 0.20157398192002532, -0.11998810279936047], [0.1594473589925301, -0.31588709127076403, -0.28839879515273187], [0.08895831581227104, -0.05380339721671591, 0.054466896464344744], [0.00244713980006245, -0.04031625677140587, 0.03169865984328813], [0.008589006245200462, 0.1575092089388698, 0.2556310443144947], [0.044298419538657735, 0.043920163775220324, -0.24285795103283453], [0.11663872486443799, -0.06037246657160154, 0.023576144528463502], [0.07913870178247556, 0.4437115094498543, -0.18357696977706417], [-0.16793323823307119, -0.13328343884308516, 0.09633224374453299], [0.02657260750667811, 0.17052609435670052, -0.14054701496682107], [-0.5884430485409134, -0.26560621017131314, -0.08721767801236123], [0.17513011990403063, -0.1883640579704114, -0.04966606314591876]]","tensor(-6, dtype=torch.int32)",
"['Bi', 'Bi', 'Bi', 'Bi', 'Bi', 'Bi', 'Bi', 'Bi', 'Bi', 'Bi', 'Bi', 'Bi', 'Bi', 'Bi']","[[-0.273842, -1.807131, 0.994487], [1.931788, 0.126669, 0.762269], [-1.931966, -0.126605, -0.762305], [0.27402, 1.807066, -0.994451], [1.940876, 5.774004, -2.2509], [1.050663, 3.429879, -3.790677], [1.706454, 7.446007, -4.661152], [0.81609, 5.101587, -6.20073], [0.602129, 2.334045, -8.282436], [-1.504242, 0.493664, -9.195952], [-1.177253, 4.622271, -8.790059], [-3.283603, 2.781525, -9.703455], [4.06412, 2.155378, -3.068928], [6.130421, 1.823611, -1.122501]]",[-81777.5859375],"[[-0.03393713548059962, 0.0013441940426813118, 0.06037241514950995], [0.20587446286077146, -0.1353256157880074, 0.04467603766815959], [-0.1298851070769806, -0.08117090284163171, -0.05915556277441201], [0.12294245622678197, 0.12649880808030523, 0.1723311126152658], [0.18588181076576601, 0.1809955807798567, 0.07804649655736229], [-0.09668638768922956, -0.3648565033466137, -0.1574175747716781], [0.17505560929333436, 0.24803553858962385, 0.34064626272248555], [0.00906870236869348, 0.09738171721154508, -0.2837029811719353], [0.21153207564243992, 0.10241331745034493, 0.024732997607108433], [-0.2403645966564083, -0.09156814122612104, -0.08666622750228051], [0.06154581585722464, 0.08245686650781027, -0.08321297694237081], [-0.20859361164131598, -0.24476005420029873, -0.09627645077517104], [0.5039768638046992, -0.11766500696814848, 0.5446417109349112], [-0.7661464841737738, 0.20850933083321987, -0.49591315993601215]]","tensor(-6, dtype=torch.int32)",
"['Bi', 'Bi', 'Bi', 'Bi', 'Bi', 'Bi', 'Bi', 'Bi', 'Bi', 'Bi', 'Bi', 'Bi', 'Bi', 'Bi']","[[0.49289450946759145, -2.0088316232640353, 0.22663894511221938], [-0.6931588954395748, -0.38712631919383056, -1.9231663686873073], [0.6932643074629714, 0.38721866080453105, 1.9232985743311235], [-0.4929999214909883, 2.0087392816533365, -0.2267711507560355], [0.017296262455429146, -0.00788172065490822, 6.935657293654022], [2.1174850875178537, -0.12078534385519113, 4.87780080431052], [-0.2923836726278979, -2.9301453574703866, 6.779668537944645], [1.808054059112395, -3.04275519608234, 4.721797762895958], [-1.308625365306745, -4.457326667528445, 1.9047937401217365], [-3.3123979660181777, -6.568826118057254, 2.334653129732665], [0.8365036272915125, -6.356482276439771, 2.576722676401487], [-1.1676113010541584, -8.467937513999825, 3.0064108205621674], [0.7685620226050606, -10.059376368897402, 0.8136943573609514], [0.4088557911927436, -12.669814199851432, -0.29286326969837634]]",[-81777.515625],"[[0.20820866586376427, -0.33732280152171834, 0.05347815248748609], [-0.07785983436493474, 0.21472513041896574, -0.0007023548084668872], [0.0015111276354541098, -0.18777460653465464, 0.16918022395383378], [-0.19655492867157046, 0.33426236431937173, -0.5458768695746109], [0.06046960290259207, 0.14404320297319825, 0.0654523007323014], [0.19088677436112855, 0.13078031426925918, 0.29376525605188664], [-0.0786119338763522, -0.22941482789791512, -0.04097052575359649], [-0.11173742820569636, -0.13133675272222295, -0.26069164661294447], [0.15265943721588918, 0.11444181884595803, 0.4885970818567753], [-0.3690106370147293, -0.10465341802575029, -0.24994370956389425], [0.229103261445045, 0.22505428595420604, -0.18337534375598746], [0.19580596590773924, -0.45473650872832594, -0.12716045613263727], [-0.18211056599153896, -0.4769665874499746, 0.05627962803664669], [-0.018956090715188556, 0.7416155753865664, 0.28645879390377477]]","tensor(-6, dtype=torch.int32)",
"['Bi', 'Bi', 'Bi', 'Bi', 'Bi', 'Bi', 'Bi', 'Bi', 'Bi', 'Bi', 'Bi', 'Bi', 'Bi', 'Bi']","[[0.261014, 0.155251, 2.058515], [0.018334, 2.074459, -0.158704], [-0.018406, -2.074636, 0.158676], [-0.260942, -0.155075, -2.058487], [5.382945, -4.751198, 0.092525], [5.287557, -5.036657, 3.019594], [2.460535, -4.411272, 0.030629], [2.365471, -4.696656, 2.957892], [-3.059408, -1.516226, -3.335856], [-2.101466, -4.221279, -2.6852], [-5.363747, -2.673528, -4.753789], [-4.405568, -5.378615, -4.102831], [-2.190658, -1.495175, 3.843327], [-3.610056, -1.71956, 1.37286]]",[-81777.5546875],"[[0.07485806976907845, -0.03791648545944218, 0.7752497370457985], [-0.20723899948288096, 0.12278582453583588, -0.06255420307306604], [-0.6114518634174171, -0.4192910038932644, -0.0424406319297153], [0.2845327794637269, 0.06583380122971738, -0.1581243199983239], [0.31199305054184906, -0.06238579572314862, 0.04644153290713813], [0.09684466488710615, -0.035244465025828786, -0.07567850924020285], [-0.20240712264776944, 0.05919212388152384, -0.07447420385544988], [-0.15674831624979252, 0.0886180558323005, 0.060039868483276075], [0.04521789795816106, -0.06824441746079483, 0.32002410138238424], [0.0811259085115011, 0.21288637926832543, 0.1762023733576117], [-0.26858174950046476, -0.21703099984949917, -0.2657174875774876], [-0.08568344848804486, 0.11283626688062319, -0.09461263758007851], [0.15843305823615725, 0.34377267446832654, -0.5959835840498876], [0.48780291907444717, -0.1643609455311588, -0.016752520393640103]]","tensor(-6, dtype=torch.int32)",
"['Bi', 'Bi', 'Bi', 'Bi', 'Bi', 'Bi', 'Bi', 'Bi', 'Bi', 'Bi', 'Bi', 'Bi', 'Bi', 'Bi']","[[-0.137378, -1.89591, -0.846384], [-1.182582, 0.768486, -1.529651], [1.182738, -0.768493, 1.529765], [0.137222, 1.895917, 0.846271], [-1.765325, -0.410715, 3.600016], [-0.518444, -2.539924, 5.203161], [0.561493, 1.322315, 4.092341], [1.808255, -0.807254, 5.695423], [-2.714574, -7.998238, 3.413538], [-0.334434, -6.270888, 3.511049], [-3.219979, -7.462349, 6.262616], [-0.839714, -5.734851, 6.359794], [3.743014, -3.097192, 2.543835], [3.260986, -2.694782, -0.244347]]",[-81777.3515625],"[[-0.06667280407590138, -0.45612649928576643, -0.3999540863100596], [0.040610108313727425, -0.04058430470817367, -0.16507010759610877], [0.18565344525706884, -0.3443680908667063, 0.4965975879749132], [-0.32885497143532105, 0.6492589278081907, -0.38342964860361295], [0.08625762756260301, 0.19963490626871663, -0.5731624598076432], [0.21762451363049057, -0.12050643748246506, 0.24352654106752955], [0.006830005616388205, 0.38149828626604093, 0.5174219409790985], [0.2631672603677763, -0.2116552829738604, 0.20241735564399344], [-0.15202838530804597, -0.1696815379246261, -0.03609055383623221], [0.13714256397181873, 0.25828627543520793, 0.05667953764284753], [-0.11798829765789834, -0.17195022918294872, 0.01958889097414543], [0.06606201247213983, -0.06751319531855798, 0.030640480616171913], [-0.19088302054844336, -0.1487379370900717, -0.1507776457745982], [-0.1524025324463663, 0.2450597421500144, 0.14495831051491745]]","tensor(-6, dtype=torch.int32)",
"['Bi', 'Bi', 'Bi', 'Bi', 'Bi', 'Bi', 'Bi', 'Bi', 'Bi', 'Bi', 'Bi', 'Bi', 'Bi', 'Bi']","[[1.585080067422445, -0.3244359120353963, 1.3084254729912275], [1.1784423329190206, 1.3139461787469198, -1.101691440617673], [-1.1785994415901109, -1.3139994619268736, 1.1017893935053409], [-1.5849229587513562, 0.3244891952153503, -1.3085234258788965], [2.6076369766182292, -0.13979139273782504, -5.363959435579961], [5.109486894972888, 1.3213602686529922, -5.877862605667133], [3.4989724907417616, -0.6990252720202839, -2.615753223033342], [6.000820586211659, 0.7623838814449142, -3.1299430331538702], [1.2118463290276225, -4.969309305571942, -2.3837178743685863], [2.078408288649829, -7.776693616460172, -2.5448928131659705], [3.8436166889124244, -4.100358030701712, -3.3729435169235193], [4.709903324944545, -6.908010768588756, -3.5341431916674257], [6.6185887366752265, 4.182098412495638, -5.0017911533804575], [8.230295443825971, 3.4339609648619698, -2.7632791758003767]]",[-81777.703125],"[[-0.07243881462661592, -0.0822271126026405, 0.08197380737952806], [0.267389836839782, -0.00224510908712503, -0.1335787044929251], [0.10822787045550895, 0.08307876528335265, -0.0423881454008418], [-0.07796843782234712, -0.0685811807385381, -0.005155830869842751], [-0.3102228964613736, -0.25759413408257026, 0.3672310726914951], [0.6767332371173137, 0.7377141812985558, -0.0012848683756279602], [-0.941159001754366, -0.6421688498214384, 0.0626471227925472], [0.506660171387414, 0.2639818377204608, 0.13897581295866024], [0.014824197101680345, 0.19458623389551294, 0.10274648118167774], [0.08165966982207906, -0.05902592768154427, -0.11337517040035892], [-0.17956800067347278, 0.3907509717361907, -0.07741549607161063], [0.10057214946140045, -0.41074732622178983, 0.06943123933441134], [0.4052675824548891, -0.180814420751228, 0.17479289382746319], [-0.5803168154088678, 0.03469937542847623, -0.6295848355705099]]","tensor(-6, dtype=torch.int32)",
"['Bi', 'Bi', 'Bi', 'Bi', 'Bi', 'Bi', 'Bi', 'Bi', 'Bi', 'Bi', 'Bi', 'Bi', 'Bi', 'Bi']","[[0.057622, -1.989742, 0.606071], [-2.076404, -0.089737, -0.096941], [2.076581, 0.089773, 0.096873], [-0.057798, 1.989705, -0.606003], [-6.454897, -1.624504, 1.353975], [-6.643747, -2.918585, -1.281932], [-5.293694, 0.768807, 0.095591], [-5.482799, -0.52556, -2.540353], [0.471248, -5.286618, 1.323482], [0.947117, -3.973722, 3.913495], [-1.170905, -7.329679, 2.661053], [-0.694936, -6.01641, 5.251059], [0.380683, 0.5225, -4.629426], [1.845691, 2.641924, -3.392479]]",[-81777.234375],"[[0.43168671044483486, -0.5125755116920705, 0.3991468623164707], [-0.576399994693384, 0.2314750025748896, -0.390680780581187], [0.27363253017942313, 0.1728371574184833, -0.2033639335057583], [0.39412297539140745, 0.6751489224758005, -0.06004094834719921], [-0.0380673167384583, -0.04561908283223303, 0.07267566478042344], [-0.02422695280389093, -0.018638194202845206, -0.0389118371750686], [-0.06675667350726483, 0.08226207962491343, 0.04019427328576493], [0.032352784843622334, -0.024333993029719357, -0.037909054967209185], [0.10544346704075219, -0.03253164116254837, -0.125029730346018], [0.038588448783344734, 0.18334593031960494, -0.10444161043054116], [-0.1303189552636228, -0.1763038291442948, 0.13763955848691853], [-0.05775965867644002, -0.07981351389025151, 0.030646882666573352], [0.5056606801934155, 0.6686260301591518, 0.08547668025781038], [-0.8902346760230017, -1.1252634593468356, 0.18878870160266117]]","tensor(-6, dtype=torch.int32)",
"['Bi', 'Bi', 'Bi', 'Bi', 'Bi', 'Bi', 'Bi', 'Bi', 'Bi', 'Bi', 'Bi', 'Bi', 'Bi', 'Bi']","[[0.137312, -1.311087, 1.609941], [0.092565, 1.615522, 1.307832], [-0.092641, -1.615627, -1.307975], [-0.137237, 1.311192, -1.609798], [3.010317, -2.280739, 5.056234], [4.560984, -4.76734, 5.321872], [0.852102, -3.769582, 3.720077], [2.403039, -6.256193, 3.985989], [-4.270014, -0.743132, 4.388668], [-5.57907, 1.408957, 2.867746], [-1.663468, 0.565172, 3.99609], [-2.9729, 2.717315, 2.475229], [-7.932691, 1.005495, 0.055162], [-6.047344, -1.046145, 0.691152]]",[-81777.0859375],"[[0.05591010888656834, 0.06229909807674839, 0.26824560328782043], [0.24334255282386408, 0.39450606997366233, -0.18122985982908535], [-0.13929684107638068, -0.20781055603076862, -0.3993623723022734], [0.08879016557281152, 0.030351159360118368, 0.0464132764678161], [-0.031598870132372184, 0.11450393673258405, -0.028099679075846845], [0.016522190561044654, -0.06915021760393845, 0.012268256897594757], [-0.05835656631547556, -0.0792986759093742, 0.09344437908152162], [0.16142289290676745, -0.25067025229579754, 0.07548053418762816], [0.1768123936299996, -0.39124354395141486, 0.5787540980458173], [-0.4500753018151612, -0.32728248387487074, -0.5675240274661334], [-0.18283844569782326, -0.2638060255893562, -0.10245568925380506], [0.10765230298447821, 0.4308568607309517, -0.019647897824231], [-0.04700157090651236, -0.35737114374190254, -0.08175449215894859], [0.060215989146930174, 0.9155585134623395, 0.3097779925250422]]","tensor(-6, dtype=torch.int32)",
"['Bi', 'Bi', 'Bi', 'Bi', 'Bi', 'Bi', 'Bi', 'Bi', 'Bi', 'Bi', 'Bi', 'Bi', 'Bi', 'Bi']","[[-0.357551, 1.552591, 1.338407], [-0.692075, -1.370084, 1.404566], [0.692201, 1.370156, -1.404693], [0.357424, -1.552662, -1.338281], [-2.364575, 2.348026, 8.11087], [-4.349452, 2.368221, 5.938735], [-0.294561, 1.473319, 6.210925], [-2.279751, 1.493733, 4.038839], [-2.196431, 3.929332, -1.16349], [0.591549, 4.718616, -1.675848], [-2.936008, 4.777305, -3.882649], [-0.147755, 5.566427, -4.394789], [4.857431, 6.25072, -1.14282], [3.73985, 4.172546, -2.75541]]",[-81777.609375],"[[-0.03714233615515615, 0.1454373587200566, 0.13479751090750303], [-0.04364494245667742, 0.12495090027962916, -0.03463726782626852], [0.22033137253114793, 0.1297648822268716, -0.5581826903101034], [0.04110620294222462, -0.5347691835728822, -0.007149763608446674], [-0.058154940294398855, 0.026916060798535642, 0.05621360207106075], [-0.16017909535568273, 0.033287571619788375, 0.1574525932160426], [0.04624109987858603, -0.003105645962599083, -0.046526281656267564], [0.014669267481965476, -0.11479971660333976, 0.1589011535357903], [-0.3312454816285916, -0.3868875785738562, -0.023027614793184388], [0.7519154203296073, 0.7424696963276742, 0.2983785375757007], [-0.02880570439321056, 0.0005444010555463269, 0.03276397645671536], [0.1066762088421477, 0.07688985945150198, -0.18293738180201902], [-0.48131036579182934, -0.697167347868515, -0.5996381520983246], [-0.05043016971571964, 0.44971287891372064, 0.6018549584662451]]","tensor(-6, dtype=torch.int32)",
"['Bi', 'Bi', 'Bi', 'Bi', 'Bi', 'Bi', 'Bi', 'Bi', 'Bi', 'Bi', 'Bi', 'Bi', 'Bi', 'Bi']","[[0.332014, 1.459599, -1.445355], [-1.810886, -0.482774, -0.903618], [1.811, 0.482823, 0.903766], [-0.332128, -1.459648, 1.445208], [3.487416, 4.631168, -0.433032], [2.758292, 7.206487, -1.655499], [2.733674, 3.24015, -2.914321], [2.004709, 5.815786, -4.136639], [-3.764156, 1.042105, 1.430138], [-2.720645, 1.906699, 4.04201], [-4.371128, -1.610329, 2.550871], [-3.327607, -0.745355, 5.162812], [5.492118, -0.297898, 2.826901], [5.000608, 1.548831, 0.701753]]",[-81777.40625],"[[0.06646655006658267, 0.3867878197161952, -0.2879970857733258], [-0.3248546926652063, -0.2556201942531718, 0.5013977373795212], [0.7001894241905444, 0.7186756661127771, -0.03664422578066911], [-0.4889981741710824, -0.47711355178770415, -0.017378126701985238], [0.18810926150664323, -0.2566200454018112, 0.09536453140312966], [-0.11250315457138196, 0.23988380010015553, -0.001034356914750955], [0.2524137697328357, -0.08302878301033899, -0.017706189361833526], [-0.005884944706324913, 0.07018395591092773, -0.06398954791527824], [-0.016390056354526242, 0.06738335453732394, -0.1888121500764207], [0.0757925634393225, 0.041551055456464495, -0.017698969700176], [0.10583535480066687, -0.15572203414608204, -0.049921790349544505], [0.013327186887248012, -0.019306306012088582, 0.022903970373985477], [0.16961859728453482, 0.37520031417795363, -0.2527989211987537], [-0.6209623792547381, -0.6547451507586303, 0.323920713215878]]","tensor(-6, dtype=torch.int32)",
"['Bi', 'Bi', 'Bi', 'Bi', 'Bi', 'Bi', 'Bi', 'Bi', 'Bi', 'Bi', 'Bi', 'Bi', 'Bi', 'Bi']","[[-1.766086, 0.917847, 0.606805], [-0.379373, 0.569242, -1.964929], [0.379415, -0.569367, 1.965069], [1.766044, -0.917722, -0.606946], [5.902608, 2.344546, 0.249209], [4.859254, 1.219293, -2.261475], [3.334953, 3.708137, 0.704876], [2.291771, 2.582566, -1.805944], [8.726579, -3.107255, -0.153653], [7.255705, -5.590408, -0.72706], [6.400697, -1.528683, -1.024422], [4.929939, -4.012155, -1.597649], [-0.065614, 4.885998, -2.613995], [-2.187366, 4.445149, -0.750647]]",[-81777.46875],"[[-0.22694661892427048, 0.31569024750420405, -0.20660825610758723], [-0.1711894393380546, 0.16840513876748103, -0.062070321191318584], [0.11223010326510365, -0.07765486590790546, 0.04850997111422918], [0.4681961383546418, -0.12252424035597942, 0.16294447259655567], [0.012181394700501474, -0.12883830755873055, -0.08759357350179522], [0.5055683775390333, -0.38551728267749, -0.3166400649577383], [-0.28253904212907094, 0.08891357859259832, 0.0819591006613368], [-0.9045469867718612, 0.40883987515680154, 0.1095432989801616], [0.4265091743101371, -0.33698588397770035, 0.0964681523325732], [0.1548267241096203, 0.01317468439025562, 0.10036255301612919], [-0.22184050807477435, 0.2750377930980623, 0.08311892593687494], [-0.29040543943237385, 0.06946322387537275, -0.12559269940461215], [-0.25418495225514276, -0.05839770398873783, 0.41247834809057454], [0.6706335486143505, -0.22978018185857563, -0.2986413044636635]]","tensor(-6, dtype=torch.int32)",
"['Bi', 'Bi', 'Bi', 'Bi', 'Bi', 'Bi', 'Bi', 'Bi', 'Bi', 'Bi', 'Bi', 'Bi', 'Bi', 'Bi']","[[0.160754, -1.997662, 0.559658], [-2.052634, -0.072172, 0.332251], [2.052793, 0.072208, -0.332354], [-0.160913, 1.997627, -0.559556], [4.710472, 4.959259, -4.259786], [1.980301, 5.404655, -5.262832], [3.680461, 2.989316, -2.331507], [0.950254, 3.434857, -3.334908], [0.458408, 1.817616, -6.270513], [-2.437492, 2.310374, -6.099438], [0.274398, 1.756769, -9.206888], [-2.621634, 2.24969, -9.03549], [1.445402, -2.000951, -2.977847], [1.363937, -1.486959, -5.788082]]",[-81777.5078125],"[[-0.10411770267569237, -0.1878434092931858, 0.060069384763841764], [-0.03580310948652125, 0.028243239271113853, -0.03867034360639159], [0.41812840182478106, -0.12431892277413753, -0.22955150781732903], [-0.2053871356988883, 0.14652915256843724, 0.34490180075519267], [-0.033401373850659284, 0.14618015083289845, -0.07808166926800152], [0.12051517923803329, 0.337595441451264, -0.327117161850448], [-0.09771760631373151, -0.1814264464851874, 0.13710116918809856], [-0.06453338795580545, -0.295862711745255, 0.023133163778357058], [0.29315235614237034, -0.47113336822556795, 0.4131948120925286], [-0.2109964117144736, 0.03512378766131391, 0.15598186997482485], [-0.06068552426512742, -0.08942204023411998, -0.5935127525495726], [0.057322982274761014, 0.07694632090805444, -0.01810572872897501], [-0.27918812153140116, 0.09990669617429165, 0.03238691368580254], [0.21047514597214903, 0.4874740233767153, 0.10064820273484407]]","tensor(-6, dtype=torch.int32)",
"['Bi', 'Bi', 'Bi', 'Bi', 'Bi', 'Bi', 'Bi', 'Bi', 'Bi', 'Bi', 'Bi', 'Bi', 'Bi', 'Bi']","[[0.818134, -0.188633, -1.903888], [-1.751682, -0.90603, -0.663041], [1.751786, 0.906169, 0.663126], [-0.818237, 0.188495, 1.903803], [6.228051, -1.520274, -1.296594], [4.675454, -3.648281, 0.014644], [3.98193, -1.01036, -3.128201], [2.429433, -3.138462, -1.816604], [0.709478, -0.65509, -6.836777], [-1.86284, 0.403522, -7.79638], [-0.634466, -1.775362, -4.470627], [-3.206814, -0.716676, -5.430607], [-1.410082, -5.085043, -4.914645], [-3.860642, -4.887148, -3.457305]]",[-81777.3828125],"[[0.18241832720963233, -0.012270138946146507, -0.14846288032222185], [-0.4820990778324502, -0.134145118831655, -0.1592823455006568], [0.1607916353105579, 0.19406831058914095, 0.3479653747051255], [0.11721835468070337, 0.068324790189931, 0.06466816525783095], [0.0839281039699438, 0.0006172311922898502, 0.14240494655761993], [0.15480764651364495, -0.07898397270891784, 0.047583812965029906], [0.049871391557589066, 0.042449486813885, -0.24283789641711914], [-0.2519336416637734, 0.02296642764641592, -0.0657590335085632], [0.21002725955450605, 0.12548152484262087, -0.35258122733351854], [0.06847232017066782, -0.004101365346180282, 0.23267545130277423], [-0.14583258891592385, -0.806606928489964, 0.19081385783527116], [-0.2997696079970644, -0.041965203839823245, -0.1754297564316547], [-0.6405716796570309, 0.6905956045648672, 0.526435205190862], [0.7771826934682095, -0.05732992425712403, -0.4072033156702452]]","tensor(-6, dtype=torch.int32)",
"['Bi', 'Bi', 'Bi', 'Bi', 'Bi', 'Bi', 'Bi', 'Bi', 'Bi', 'Bi', 'Bi', 'Bi', 'Bi', 'Bi']","[[0.643206, 1.707902, 0.999536], [1.606403, -1.064182, 0.784787], [-1.606517, 1.064247, -0.784928], [-0.643092, -1.707967, -0.999395], [-4.40726, 4.590697, -2.282795], [-3.797111, 6.658119, -0.279847], [-1.544041, 3.941908, -2.485055], [-0.934178, 6.009436, -0.481871], [3.726766, 2.683469, 0.227069], [2.468986, 4.540184, -1.677902], [6.148642, 2.610929, -1.442995], [4.890575, 4.467864, -3.347834], [-0.63587, -1.231199, 3.329219], [-2.26175, -3.581662, 3.338372]]",[-81777.96875],"[[-0.2296023642658995, 0.2345971462871296, 0.14817399101173753], [-0.08471645605592364, -0.27144919959311975, 0.5165297676902232], [-0.2847769315545384, 0.10936625271885912, 0.056472255191697275], [-0.06688270905372212, -0.256542603731895, -0.29449267295934667], [-0.23705090565304085, 0.044905596169381376, 0.027220710980088544], [-0.11951399111501278, 0.007675029989495973, -0.07126340845732969], [0.2810373113666318, -0.03765261299651051, -0.05708397239310723], [0.3017351660255357, -0.10583175525425643, 0.08907920914957054], [-0.09083306242701586, -0.039849220766859324, 0.18438866749262034], [-0.3666433181847604, 0.044883428105702165, 0.11236503483340389], [0.2666983639743349, 0.04490325132200543, -0.21466856611823015], [0.18301199525689846, -0.033784494143959974, -0.11063997792724217], [0.1437908747698258, -0.24128448645264425, -0.2563223114915756], [0.3113700719023836, 0.49678198759531134, -0.1395336912301882]]","tensor(-6, dtype=torch.int32)",
"['Bi', 'Bi', 'Bi', 'Bi', 'Bi', 'Bi', 'Bi', 'Bi', 'Bi', 'Bi', 'Bi', 'Bi', 'Bi', 'Bi']","[[1.393173, 1.509837, 0.330416], [-0.604905, 0.942053, -1.753719], [0.604878, -0.942135, 1.753891], [-1.393146, -1.509756, -0.330588], [-4.813305, -4.401644, 3.941495], [-2.5882, -5.95641, 2.805745], [-3.021763, -2.093389, 4.291062], [-0.796749, -3.648455, 3.155088], [-1.807038, -5.018874, -0.642826], [-2.864916, -3.342061, -2.817109], [-3.651568, -7.179093, -1.411605], [-4.709222, -5.501995, -3.586016], [-0.813048, 3.594632, 2.80726], [-1.895196, 1.385378, 1.352474]]",[-81777.484375],"[[0.01287625113957448, 0.39068258035439224, -0.072569015362491], [0.03582101465880866, 0.38976377042207944, -0.34340048136948614], [0.16501302907445736, -0.06890190032370908, 0.3788751425304723], [-0.33804733879205007, -0.7887449507594863, -0.0813354021125892], [0.08098748024097356, -0.14263140944892871, 0.01590046662061365], [-0.19122405185978758, -0.08092387111369177, -0.08176827327949145], [0.057494114995532065, 0.1831611193224742, -0.12216269163009565], [0.03472828492836129, -0.011806301395696094, 0.16427306517665227], [0.06463057570888754, 0.15841423775063973, 0.23861367443818293], [0.21110290686613126, 0.18413870470546045, -0.19083437524981073], [-0.1515020287786552, -0.25514171169104, -0.18610236011654338], [-0.26735728665581326, -0.2705688533853071, -0.02848722166902322], [-0.14518729308871356, 0.12166909097303996, 0.02465746369678975], [0.4343221954823822, 0.19412682892935654, 0.27984215911417964]]","tensor(-6, dtype=torch.int32)",
"['Bi', 'Bi', 'Bi', 'Bi', 'Bi', 'Bi', 'Bi', 'Bi', 'Bi', 'Bi', 'Bi', 'Bi', 'Bi', 'Bi']","[[-0.922864, 1.003941, 1.571667], [1.034922, 1.734302, -0.500037], [-1.035035, -1.734454, 0.500002], [0.922977, -1.003789, -1.571632], [3.68455, -2.86285, -1.71197], [6.183329, -2.309097, -3.163788], [2.295661, -3.299471, -4.269354], [4.794771, -2.745764, -5.720978], [-3.32705, -2.443105, 2.980438], [-2.739626, -5.244975, 3.660707], [-5.244114, -3.341471, 0.936504], [-4.656542, -6.143411, 1.617123], [1.366559, 1.530283, -3.895922], [2.528429, 2.887377, -6.126751]]",[-81777.375],"[[-0.24197251403795575, -0.23003029891201024, 0.27698735885605286], [0.2350194245031668, 0.411063880617543, -0.3253564694348228], [-0.5287024052085288, -0.27683026436628255, 0.7725212808666785], [0.3274499142050482, 0.24731208118321524, -0.9078919938289997], [-0.12201145925876522, -0.11614460998646654, 0.15711948090680136], [0.22875467108623881, 0.02707313471946931, -0.19349248600765234], [0.029057847477053325, -0.05478591912049366, -0.0412406305740274], [-0.03231668139312553, -0.01079040655448433, 0.10925332980575418], [0.09160202838447085, 0.10026541668513865, -0.04440067236776027], [0.027996603493279065, -0.03462658231563864, 0.09910487150031842], [0.0016041553413275761, -0.0006822760243684888, -0.07019501166061697], [-0.06152437284503669, 0.013877835212700133, -0.06063461639446536], [0.3472386262848559, 0.15472238868580887, -0.3154287661685307], [-0.31771514662635614, -0.23336214191370466, 0.5342086827746838]]","tensor(-6, dtype=torch.int32)",
"['Bi', 'Bi', 'Bi', 'Bi', 'Bi', 'Bi', 'Bi', 'Bi', 'Bi', 'Bi', 'Bi', 'Bi', 'Bi', 'Bi']","[[-0.9668327379046897, -1.6442757860500434, -0.8314483121972974], [1.131250659526678, -1.270831446555498, 1.1975659909815486], [-1.1313676449373453, 1.27098060996108, -1.1976003667306505], [0.9669497233153576, 1.6441266226444629, 0.8314826879464001], [1.7076783780316946, -0.5794250117589702, 5.666825395997066], [0.47274514216469476, 1.1198565114541486, 7.7273340389295715], [-0.5243353976232448, 0.011247100987057279, 3.8422487662920473], [-1.759037547667658, 1.7106692537591934, 5.9030318006780105], [-5.825880170770612, 1.2899752870902512, 0.8534360686351877], [-7.637478017851188, 2.564681584141301, -1.0834559666867154], [-3.6451036868885787, 3.0622085124026697, -0.02021273929673162], [-5.457079852502187, 4.336887001696578, -1.957037174202902], [5.968591968463425, 1.4341504248267325, -2.082326836003438], [4.202639638362516, 1.580200668855077, 0.1600660194584299]]",[-81777.765625],"[[-0.018528572588019574, -0.011250731976079977, -0.005929532801932057], [0.39447706791401244, -0.16851775314803646, -0.05563350945597116], [-0.2862232293022567, 0.002868724332084269, -0.4672063659359516], [0.43610607926130895, 0.25460352808058634, 0.22436348157594935], [0.07773606139050687, -0.1409566433483301, -0.1192916419910302], [-0.09022499619410793, 0.10403589012799203, 0.048574331004048], [0.05707096260393804, -0.0856142343527811, -0.2572993312315545], [-0.19096930681811097, 0.231196140572263, 0.39187680700919597], [-0.015419011861588668, -0.1373797740802673, 0.02759682244230717], [0.036491193636133464, 0.07377542905299865, 0.03621375602544355], [0.148774806729733, -0.03689720704460459, 0.23055454713564633], [-0.10321941015791912, 0.07859115935135474, -0.21768298054861457], [-0.3923474219913163, 1.911502097362818e-05, 0.28148864306441046], [-0.05039807718836592, -0.17226683500079346, -0.11842003753878587]]","tensor(-6, dtype=torch.int32)",
"['Bi', 'Bi', 'Bi', 'Bi', 'Bi', 'Bi', 'Bi', 'Bi', 'Bi', 'Bi', 'Bi', 'Bi', 'Bi', 'Bi']","[[-0.775121, 1.902815, -0.328932], [1.709163, 0.511236, -1.070656], [-1.709316, -0.511345, 1.070699], [0.775274, -1.902706, 0.328889], [-1.440753, -3.638615, -3.412619], [0.422482, -4.75534, -1.427777], [-3.06296, -6.089644, -3.268537], [-1.199509, -7.206119, -1.283496], [4.315273, 0.075487, 1.109592], [6.209543, -1.879449, 2.226856], [5.723638, -0.035477, -1.471891], [7.617792, -1.990614, -0.35432], [0.192195, 0.96518, 3.438803], [2.748935, 2.237207, 3.554008]]",[-81777.6875],"[[-0.019155320466797732, 0.12987374279474187, 0.12644959713866524], [0.10667312351665302, 0.1311849032857936, -0.2254267361635043], [-0.08739683257941842, 0.07936650164816537, 0.08581272362627156], [0.20110187569724916, -0.08326373054675812, 0.2635797169643221], [0.022058457491007724, 0.10512048488355177, -0.004059122097949089], [0.17088661464075272, 0.2525472100604802, -0.0836647200168821], [0.015561296788984543, -0.08102563543292432, 0.013293726532258316], [-0.21130756679061108, -0.26343264978240954, 0.03356822825341106], [-0.3928959928642687, 0.09034115869898227, 0.19966478250392336], [0.3146542980472769, -0.2596456184260681, 0.2630358769237949], [-0.08216309209862609, 0.18805855932434748, -0.2826314476276363], [0.11502129439594867, -0.11820380764370107, 0.012618292217174257], [0.3429147997145335, 0.09103710528639672, -0.10080025785963974], [-0.4940333739562927, -0.2749706358464616, -0.300457378471918]]","tensor(-6, dtype=torch.int32)",
"['Bi', 'Bi', 'Bi', 'Bi', 'Bi', 'Bi', 'Bi', 'Bi', 'Bi', 'Bi', 'Bi', 'Bi', 'Bi', 'Bi']","[[1.267371, -1.141586, 1.19175], [-0.965502, -1.731403, -0.631629], [0.965594, 1.73157, 0.631604], [-1.267463, 1.141419, -1.191725], [-3.586984, 1.008613, -7.002808], [-0.799324, 0.482622, -7.784215], [-2.76631, 1.165142, -4.181132], [0.021449, 0.63923, -4.962903], [-2.549171, -6.418571, -4.59031], [-1.594942, -3.999533, -3.21335], [-5.138021, -5.112075, -5.091091], [-4.183411, -2.692987, -3.714106], [2.273442, 2.787479, -2.321872], [1.420819, 5.514392, -2.249605]]",[-81777.7578125],"[[0.1677888964220122, -0.16900508030991965, 0.07290531584141006], [-0.1639962086355972, 0.0911926056913281, 0.02954259839214845], [0.5579955138967599, 0.45245002542631735, -0.1112876905927566], [-0.0496678012126141, 0.03771294139434963, -0.3197902851319798], [0.08358218755989967, -0.16180480478091608, -0.27156741898165715], [-0.17630136088389906, 0.11826294304901556, -0.2519107074109297], [0.12513026053505266, -0.008122366190759057, 0.08036475871196594], [-0.0563023566011241, -0.009244612201772105, 0.52057411519282], [-0.10311240078534564, -0.33146407693988894, -0.20772005314959163], [0.010454861980311465, 0.25266239554561454, 0.07446289099530276], [-0.04657066920571755, -0.17240886281773146, -0.005746454729287481], [0.2224907404227761, 0.28578778703077556, 0.02139932397895384], [-0.850457631303881, 0.33855343501735913, 0.3071374681225202], [0.26909283366865683, -0.721165523786976, 0.05733984872079856]]","tensor(-6, dtype=torch.int32)",
"['Bi', 'Bi', 'Bi', 'Bi', 'Bi', 'Bi', 'Bi', 'Bi', 'Bi', 'Bi', 'Bi', 'Bi', 'Bi', 'Bi']","[[0.354536, 0.309035, -2.026947], [0.820658, -1.906244, -0.147165], [-0.820794, 1.906373, 0.147212], [-0.3544, -0.309164, 2.026901], [6.187751, -4.155587, -2.349229], [4.099896, -2.91578, -0.687286], [5.123412, -2.771852, -4.718262], [3.035625, -1.53202, -3.055941], [1.84191, 7.435216, 0.660237], [0.215416, 4.98681, 0.794897], [3.385968, 6.537901, 2.999162], [1.759293, 4.089384, 3.1335], [2.315357, -6.487937, 0.547304], [0.838876, -4.50989, 1.987991]]",[-81777.734375],"[[-0.13869566540374414, 0.17683969876062744, -0.4051440151688276], [0.07396615359066086, -0.7694729792779442, 0.36986640346276767], [-0.2130054728324197, -0.0369019327348206, 0.19743450354800937], [-0.10731014038711928, 0.14709854938847863, 0.33979450719759025], [0.22870767129453667, -0.041095728262170214, -0.35174093893504516], [-0.2638336906746251, -0.083357781552254, 0.20029876547098652], [0.2779872100046923, -0.29727918467985814, -0.0873850569204471], [0.08026294297064183, 0.17514405529084823, 0.04235654652556722], [0.34921210331543023, 0.38672513618656185, 0.05862246995102456], [-0.16682061843760151, -0.1484748102474679, 0.03968783253244228], [-0.04042745190223379, 0.13082957663299072, -0.09376216760747266], [-0.0536560729243454, -0.18744447670672493, -0.023412349740160616], [-0.3890587735465473, 0.9730874926359614, 0.4643368589596335], [0.371367877114749, -0.42215886536265196, -0.7509584552053438]]","tensor(-6, dtype=torch.int32)",
"['Bi', 'Bi', 'Bi', 'Bi', 'Bi', 'Bi', 'Bi', 'Bi', 'Bi', 'Bi', 'Bi', 'Bi', 'Bi', 'Bi']","[[1.539308, 1.115363, 0.846294], [-1.375069, 0.968615, 1.224693], [1.375156, -0.968769, -1.224771], [-1.539394, -1.115209, -0.846216], [-3.325004, -1.391279, 2.457636], [-5.875237, -2.289899, 1.296986], [-4.786402, 0.385888, 4.292262], [-7.336636, -0.513073, 3.131433], [-0.230218, 7.313203, -0.93077], [2.397708, 6.724262, 0.254753], [-0.35076, 4.582054, -2.019876], [2.277279, 3.993332, -0.834056], [-1.227117, 11.892542, -4.07951], [-0.197125, 10.565113, -1.76752]]",[-81777.6796875],"[[0.41796436535264775, 0.18076952926528053, -0.09395068099519702], [-0.3524579171579149, 0.13652853277628776, 0.03568113628529863], [0.18519028647822725, 0.032601055843969294, -0.12341420249491705], [-0.0789845383519252, -0.017504347367972198, 0.1222971089774801], [0.2068809474592245, -0.16651265153114184, 0.029967288304280647], [-0.2646172605060882, -0.14623121296983527, -0.13949625594751952], [-0.024410015449908035, 0.12928449704735143, 0.20473592633114657], [-0.07352340938217566, 0.029623665319520907, -0.05224875312204314], [-0.15907619433552125, 0.5041558641054817, -0.07083249132990742], [0.25944851754905024, 0.2431440635503736, 0.20569484549489006], [-0.08590764880732424, -0.23630898771575584, -0.20807969925808706], [-0.09967498822964191, -0.2289319744579992, -0.08007730922004583], [0.29174416216451127, -0.48579154396238, 0.6598796466026774], [-0.21008048141928914, 0.03750444023962897, -0.48918781884482143]]","tensor(-6, dtype=torch.int32)",
"['Bi', 'Bi', 'Bi', 'Bi', 'Bi', 'Bi', 'Bi', 'Bi', 'Bi', 'Bi', 'Bi', 'Bi', 'Bi', 'Bi']","[[0.601141, 0.550289, -1.914556], [-0.295268, 2.002183, 0.482686], [0.29534, -2.00236, -0.48266], [-0.601213, -0.550112, 1.91453], [-1.200234, -3.187469, -3.23643], [-3.660747, -3.485879, -1.650511], [-2.007978, -0.455898, -3.975301], [-4.468491, -0.754574, -2.389103], [5.832028, 2.700757, -1.04254], [4.654434, 5.393047, -1.194734], [3.255746, 1.626813, -0.110191], [2.078324, 4.319358, -0.262617], [4.312083, -0.560949, -2.435983], [3.709302, -1.874931, -4.901414]]",[-81777.5078125],"[[0.3466447525492235, 0.09744769175503945, -0.3071694526634816], [-0.3835108955083059, 0.32760855135756584, 0.15643093910057412], [0.20979071793324802, -0.3670656478228892, 0.1366646470526943], [-0.05846177591484381, -0.24144425489117657, 0.10368642559362905], [0.11484070001032731, -0.08045572439196715, 0.05350967422962331], [-0.13765390525046875, -0.04589923552935825, -0.09155600561250868], [-0.03155558815789111, 0.1892798854214127, -0.05360675913852225], [0.00829609572715478, -0.08374720105177297, 0.05449723549837568], [0.5531752070322534, 0.21460135744453793, -0.33605200737255525], [0.6635897505100183, 0.14604146545191302, -0.2854570401377469], [-0.6788744530106149, -0.20778170823739348, 0.20282204750471103], [-0.4052723647094058, -0.029563779151669356, 0.20706195322157847], [-0.19587631132901773, -0.1958313684209787, -0.020407438112299767], [-0.000934077665523182, 0.28286922337909226, 0.18779481541664475]]","tensor(-6, dtype=torch.int32)",
"['Bi', 'Bi', 'Bi', 'Bi', 'Bi', 'Bi', 'Bi', 'Bi', 'Bi', 'Bi', 'Bi', 'Bi', 'Bi', 'Bi']","[[1.537166, 0.430273, -1.334803], [0.255897, 1.861006, 0.894471], [-0.255912, -1.861198, -0.894473], [-1.537151, -0.430081, 1.334805], [1.630646, -5.316761, 4.023254], [0.126762, -7.159152, 2.290557], [1.011034, -3.093884, 2.197123], [-0.492981, -4.9366, 0.464585], [4.802625, -3.751243, 0.946297], [7.402302, -2.586223, 0.209601], [3.57879, -1.076537, 0.856654], [6.178726, 0.088248, 0.119799], [3.875055, -2.346329, 5.451957], [4.777427, -5.032609, 5.080652]]",[-81777.6796875],"[[0.319330931587915, 0.15425732728957892, -0.1373138509588645], [0.013435661789431464, 0.10089898827546918, 0.10832377265630161], [-0.27886159124988186, -0.02215048760830458, -0.24446993075961657], [0.1291520851615385, -0.16664645181342738, 0.10573050515593968], [0.639677963705408, -0.41895763447356527, 0.671890304532513], [-0.10038574437943079, -0.5242826764374138, -0.05656635761928472], [0.15496088434654687, 0.847914294654441, -0.3030895210735128], [-0.08719052714800814, -0.11659640448306943, 0.07381101314037052], [-0.1128243883774687, -0.27480346262674205, 0.2764873304375499], [-0.026933297483632535, 0.14902687782264756, -0.046762057088361106], [-0.6787762368157012, 0.0017185967487968017, 0.16953040839747885], [0.5777467392718074, 0.21525164121463125, -0.1079859809367268], [0.18848258589149833, -0.47523073190458165, -0.3200609710220455], [-0.7350721142332864, 0.5306183923407192, -0.17203034480162702]]","tensor(-6, dtype=torch.int32)",
"['Bi', 'Bi', 'Bi', 'Bi', 'Bi', 'Bi', 'Bi', 'Bi', 'Bi', 'Bi', 'Bi', 'Bi', 'Bi', 'Bi']","[[0.02107734983763987, 0.43759557251037184, 2.0341535241406046], [0.7338600201809578, -1.9048739734344275, 0.40225556441352117], [-0.7338615147374419, 1.905045457675898, -0.40234335918118036], [-0.021075855281155798, -0.4377670567518429, -2.034065729372947], [2.405783345813334, -1.331387433978565, -4.091349079825275], [0.9576977697925619, -0.49540388314905426, -6.512607704393307], [2.992306701993507, 1.4846163603172986, -3.470082711572939], [1.5439614162484832, 2.3203542831849724, -5.891485161602879], [1.4966369718257155, -3.1575202140555296, 5.442148508096919], [0.19122006213095188, -0.5217390337215073, 5.3593359422511435], [-0.5015158892174226, -4.085638544236797, 7.393004839619477], [-1.806871398108746, -1.4496398611870351, 7.309880199247374], [1.3940854198811756, -0.7924818807232586, -9.88415326171527], [3.698066887072673, -2.448932288143954, -9.543440082061291]]",[-81777.234375],"[[0.09388074695065114, 0.061087490754991376, 0.17087751293054346], [0.02725596596607431, -0.3656748345119834, 0.11097776964681699], [-0.2109782597161466, 0.4840560997937196, -0.017249874863380952], [0.12131011335173508, 0.04349068132415306, -0.20093130861948547], [0.3476496944849292, -0.4163210181500032, -0.04890326783945311], [-0.2780224341374231, 0.08923321831384616, -0.5306872979434334], [-0.4492427267304245, 0.1152957340986996, -0.05752414549701352], [0.1687754806710246, 0.10782194446459349, 0.05236836090705319], [0.0966832509416433, -0.005374405612303509, -0.05395421821131371], [0.08973360668699011, 0.03763819424203208, -0.005618691400553185], [-0.05682958730607167, -0.05717555513820736, 0.00788126342997805], [-0.12137223123836112, -0.003356866019898031, 0.15556118584362658], [0.7791377613899988, -0.4660379531711199, 0.7112899110994523], [-0.6095070799139433, 0.393362596923246, -0.28648805307388253]]","tensor(-6, dtype=torch.int32)",
"['Bi', 'Bi', 'Bi', 'Bi', 'Bi', 'Bi', 'Bi', 'Bi', 'Bi', 'Bi', 'Bi', 'Bi', 'Bi', 'Bi']","[[0.931869, 1.77738, -0.549777], [1.54216, -1.081731, -0.883463], [-1.542344, 1.081778, 0.883494], [-0.931685, -1.777428, 0.549746], [3.139631, -5.567077, 3.335334], [4.261078, -6.538101, 0.794117], [1.05997, -4.100885, 1.857111], [2.18163, -5.072229, -0.684094], [0.592289, 4.971069, 2.17783], [1.236057, 5.088628, -0.690978], [2.233291, 7.368886, 2.644142], [2.876818, 7.486268, -0.224908], [4.844297, -0.620774, 0.013227], [5.241869, -1.478534, 2.710342]]",[-81777.3203125],"[[-0.09130727695554668, 0.26824339213788256, 0.08919516596607857], [0.5040149161524669, -0.41553616276625066, -0.25810192723690134], [-0.03132523775645903, 0.1269130130279647, -0.09686291972961628], [-0.14827632097397744, 0.05559777110232456, 0.07762930912839129], [0.3385623824612937, 0.04498128948818395, 0.14957220910383054], [0.08854652770291573, -0.048418671190632735, 0.006239371472525161], [-0.0018774462745526478, -0.1985481517853106, -0.02402585643035748], [-0.03999062123428006, 0.10822190549288592, -0.010289339409731563], [-0.07003200363031521, -0.13144093387975964, -0.0445929035727057], [-0.061234043715988215, 0.1463158023104808, -0.043517924748271], [0.09025836913154194, 0.11765271708826136, 0.0063023738191263275], [0.12857615773586673, 0.30488338073820564, 0.05011895807528141], [-0.4930497721885918, -0.5582407972735863, 1.1099535600213661], [-0.21694522780074732, 0.1682049011428769, -1.0194861600875602]]","tensor(-6, dtype=torch.int32)",
"['Bi', 'Bi', 'Bi', 'Bi', 'Bi', 'Bi', 'Bi', 'Bi', 'Bi', 'Bi', 'Bi', 'Bi', 'Bi', 'Bi']","[[1.5132086800187832, -1.4241502143801, 0.10821440351185696], [0.026699306253499033, -0.12951390703055365, -2.0763954868764194], [-0.026693324154529185, 0.1296058499561491, 2.076564684136814], [-1.5132146621177545, 1.4240582714545058, -0.10838360077225162], [0.5181057289769194, -7.072602639826164, -1.740765206049166], [0.7721691798620891, -4.668190021068503, -0.0636947300508434], [2.2547221751353916, -8.552277699336749, 0.11788590546941764], [2.5085097794085334, -6.147597933238102, 1.7949246175756883], [-7.494652266347902, 1.5356749329630555, -1.16501934771527], [-4.560621398305006, 1.5243901606887231, -1.3878403051411101], [-7.568294841728301, -1.2868819081767875, -1.9942410109519544], [-4.634070888823116, -1.2978997411632864, -2.216862144323773], [4.750958921220975, -2.7082151020864638, -0.3075707936612368], [7.520459753826082, -3.0670455147551268, 0.30017084333564886]]",[-81777.3203125],"[[0.34796717447833075, -0.13238710036479187, 0.1405285544359446], [-0.0972579956592088, 0.09033323969687927, -0.3021170264775927], [-0.01581567673381095, 0.16728105184558947, 0.41098345646631523], [0.1651217867981445, 0.0845136987488322, -0.031013100518372402], [-0.11083548471942109, -0.37548442123392123, -0.1593430749908102], [0.09792823120083435, 0.08069972221650398, -0.03300683271081917], [-0.065116771584756, 0.0769139249903604, -0.08791845827638402], [0.14886371552607108, 0.13543853870111233, 0.1116828179444407], [-0.34120599218931036, -0.057633623129982735, 0.009822575942270371], [0.15284681931759883, -0.02789909178102001, -0.07890087460892806], [-0.10256136165199754, 0.07164958836507926, -0.0003904696414731684], [0.1662391888481309, -0.03022885705750964, 0.016352806191387254], [0.6315208773184156, -0.32476994905828604, 0.1333190743525486], [-0.986183670919005, 0.25611142949401483, -0.12522935090552317]]","tensor(-6, dtype=torch.int32)",
"['Bi', 'Bi', 'Bi', 'Bi', 'Bi', 'Bi', 'Bi', 'Bi', 'Bi', 'Bi', 'Bi', 'Bi', 'Bi', 'Bi']","[[0.269371, 0.570218, 1.982928], [-1.167807, 1.690541, -0.32742], [1.167846, -1.690729, 0.327416], [-0.26941, -0.570029, -1.982925], [-1.858105, -3.558705, -0.789029], [-1.133876, -4.538383, -3.467468], [-3.536516, -1.470678, -2.006789], [-2.812164, -2.45072, -4.685256], [-5.599788, -4.348304, 0.362631], [-5.320779, -7.264943, 0.091185], [-5.661871, -4.081741, -2.567377], [-5.382968, -6.998596, -2.838522], [4.473715, 2.808395, -1.981242], [2.348358, 2.172305, -0.17944]]",[-81777.484375],"[[-0.27944523198929033, 0.10181209035561686, 0.5919351227799645], [0.1874223137852549, 0.365643209925663, 0.1955371826350619], [0.155029327150437, -0.02282464151330835, -0.04896636274581912], [-0.4176818523815191, -0.3228195091247386, -0.260804003883042], [0.169437694366364, -0.04233440931514296, 0.073081333660881], [-0.06708850026421662, -0.03127112114728252, 0.11216325454605246], [0.30014128687498903, 0.4765313508668598, 0.134537212279936], [-0.05209289276247071, -0.14249282691212645, -0.39573305250080115], [0.19339987482072063, 0.06300949427189621, 0.04361820296905694], [-0.026023969785006682, -0.22840361246703692, 0.08110467118767946], [-0.1555431881115743, 0.08200615187513052, -0.15179981411098245], [0.035321680438542065, -0.09668206823353702, -0.04327402976791732], [0.2617717162244454, 0.17899654696976827, -0.055301219900195174], [-0.32284542585889386, -0.3849110162177873, -0.2755829186908789]]","tensor(-6, dtype=torch.int32)",
"['Bi', 'Bi', 'Bi', 'Bi', 'Bi', 'Bi', 'Bi', 'Bi', 'Bi', 'Bi', 'Bi', 'Bi', 'Bi', 'Bi']","[[-0.778161, 1.918878, 0.205154], [1.622308, 0.530783, 1.18966], [-1.622393, -0.530854, -1.189817], [0.778246, -1.918806, -0.204996], [-1.615524, 3.958893, 2.802299], [0.517041, 4.214354, 4.813572], [-1.351472, 6.818406, 2.159397], [0.781281, 7.073545, 4.17077], [2.87765, 4.966895, -5.401516], [3.649874, 3.965843, -2.744473], [0.295426, 3.573699, -5.175721], [1.067923, 2.572843, -2.518489], [2.98551, -1.80159, -3.102569], [3.845808, 0.800327, -3.91384]]",[-81777.8359375],"[[-0.1288193328069383, 0.5597896306719108, 0.12599949957108442], [0.14444876900947265, 0.09623207351013936, 0.14604763610290236], [-0.16036997415961965, -0.38656639618986105, -0.2382562394796254], [0.1924384873965814, 0.05655818150672384, -0.4371637802629735], [-0.07933081471661037, -0.05928566066610393, 0.06063615905721268], [0.06645904244121231, -0.13573591265670698, 0.10006353355360406], [-0.09292840981462959, 0.14720483885177005, -0.08115485914905943], [0.11099931550318809, 0.09109392669759023, 0.02470911204557053], [0.08713457991237146, -0.05470940304822584, 0.11239614519880849], [0.5624846624915052, 0.32195386963511735, 0.11839360658371485], [-0.11888792715005263, 0.11468689653441799, -0.3805381843941911], [-0.25398558880609545, -0.7795820482612313, 0.3729932265853413], [0.26778018193694936, 0.4647417565087174, 0.21116173373889635], [-0.5913257709947671, -0.4275381303626097, -0.12570037726437613]]","tensor(-6, dtype=torch.int32)",
"['Bi', 'Bi', 'Bi', 'Bi', 'Bi', 'Bi', 'Bi', 'Bi', 'Bi', 'Bi', 'Bi', 'Bi', 'Bi', 'Bi']","[[-0.7583122059030756, -1.7937962360260613, -0.7327839801248707], [1.23797687140227, 0.15668384075994513, -1.6648628660965623], [-1.2380161993795646, -0.15668651008119738, 1.6650514481342173], [0.7583515338803707, 1.7937989053473151, 0.7325953980872162], [-1.418941740728834, -2.550134898692653, -3.925032056280533], [-2.806335712864646, -4.303133243205591, -5.83826189871926], [-2.746428425551927, -0.2063875722501911, -5.11014238387295], [-4.133860567836683, -1.9597570111381324, -7.023275789780369], [-0.8726939523050663, -5.650582114539266, 2.9637017327834423], [-1.8209194966343039, -6.819321676081346, 0.43521803417078375], [-2.415249816127107, -3.205993198472554, 2.412008561186206], [-3.3634679728545356, -4.375116794461297, -0.11650564918018791], [3.4572285046519644, 2.7723262106618134, -1.2593944164733952], [4.192511720121068, 5.519171895430022, -1.5465205234641881]]",[-81777.8515625],"[[-0.5176579683794409, -0.43187836058014545, 0.15371502991179903], [0.39719806788985373, 0.31890783061841255, -0.2630433331270737], [-0.3455999070704534, -0.40963419220540437, 0.290689597910433], [0.7136980076480424, 0.5197601034831429, -0.3781331731710956], [0.004909041339954149, 0.16243446829228667, -0.05617092173505114], [-0.06034480148633266, -0.11889085820927256, -0.13289340227846724], [0.12845773265896296, 0.04656051848484009, 0.10076194840141425], [-0.04878164430845321, -0.05289682574219863, -0.04348542598639381], [0.1850746381942687, -0.040645111331464465, 0.09096341742916567], [-0.15485356644142392, 0.027197925851310405, -0.03637184810379046], [-0.16759734913088475, 0.1132508832050153, 0.28681504615422604], [0.2222900399993478, 0.010915763329332783, -0.2543261573186155], [-0.1109697992226224, 0.5913838779582501, 0.2515581061289805], [-0.23988678258146703, -0.7328234261685876, -0.005650413688847554]]","tensor(-6, dtype=torch.int32)",
"['Bi', 'Bi', 'Bi', 'Bi', 'Bi', 'Bi', 'Bi', 'Bi', 'Bi', 'Bi', 'Bi', 'Bi', 'Bi', 'Bi']","[[-0.940027, -0.097401, -1.853801], [0.254582, 2.051328, -0.236956], [-0.254523, -2.051508, 0.236992], [0.939969, 0.097582, 1.853765], [1.323003, 5.149501, -3.996175], [3.911573, 4.901118, -5.373102], [2.54702, 4.147496, -1.514718], [5.135643, 3.899327, -2.891961], [-6.851107, -1.208701, -1.619817], [-4.274442, -0.460322, -2.827725], [-6.670426, -3.862337, -2.878955], [-4.093564, -3.113673, -4.086695], [-4.700693, 2.231276, 2.629515], [-4.551689, 1.589855, -0.151604]]",[-81777.5390625],"[[-0.3107055442129232, -0.22284982088826413, 0.02809560644619388], [0.009599733166208652, 0.20019777248312765, 0.1391321875391484], [-0.028078811991084557, -0.062153419291308375, -0.19009302295553304], [0.04969247867436229, 0.1423924509893665, 0.1364636895188081], [-0.16525039344918066, 0.04326651700033779, -0.01403657006719176], [0.025464178611672023, -0.010900475541506692, -0.05663027527911597], [-0.03769882088800235, 0.04452665649212597, 0.14023364874074573], [0.2522040190212897, -0.028756282620995093, -0.07492286160446653], [-0.2559732583339452, 0.15270895669007864, 0.13824675054426963], [0.17172320064863256, 0.16120074947115118, -0.11214592530119072], [-0.009348834496982067, -0.02358491199507752, 0.1045796273243361], [0.08713314009380728, -0.10247759506481723, -0.10912590586282431], [0.039598826034130195, -0.3083081948814728, -0.9998110394080478], [0.16025720551278944, 0.02709848581061718, 0.8602319424709963]]","tensor(-6, dtype=torch.int32)",
"['Bi', 'Bi', 'Bi', 'Bi', 'Bi', 'Bi', 'Bi', 'Bi', 'Bi', 'Bi', 'Bi', 'Bi', 'Bi', 'Bi']","[[-0.224214, 2.025178, -0.422016], [2.033964, 0.293103, 0.325553], [-2.034118, -0.293187, -0.325633], [0.224367, -2.025093, 0.422096], [1.589483, 2.450304, -3.171151], [3.863823, 4.271465, -3.582318], [2.441602, 0.86136, -5.496879], [4.716061, 2.682728, -5.907742], [6.064342, 2.774792, -9.768814], [5.941521, 5.120484, -11.541088], [7.149732, 4.459797, -7.614157], [7.026667, 6.805472, -9.386729], [-1.434942, -2.456141, 3.410347], [-4.119688, -2.253525, 4.369163]]",[-81777.4453125],"[[-0.14635184919667685, -0.14298190242512326, 0.016066122888631653], [0.09915865900810884, 0.06432322586752681, 0.023336671847985508], [-0.15467770288822774, 0.2118996921751299, 0.042355620927918815], [-0.24527391516143604, -0.2583477248346434, 0.2882521907696434], [-0.07954689034542042, 0.014953976176404492, -0.03452246286461184], [0.23691499706500063, 0.2743778419747523, 0.12312886130875164], [-0.22604878920532143, -0.42643255539368613, -0.044517703905982274], [0.10261679466671844, 0.06742413225594517, -0.04773699937584028], [0.0035034961140322355, -0.05162047800714512, 0.07006187986552194], [0.026710804377793548, 0.09193406082978894, -0.014700275003186913], [0.03128450631772023, 0.0062537645159577975, 0.015169470735579735], [0.01561008092726444, 0.0780019136039643, -0.1400536199981317], [-0.37674847908908765, 0.08921393502950448, 0.11979784106052245], [0.7047140540284784, -0.019546112936161826, -0.42109566219718864]]","tensor(-6, dtype=torch.int32)",
"['Bi', 'Bi', 'Bi', 'Bi', 'Bi', 'Bi', 'Bi', 'Bi', 'Bi', 'Bi', 'Bi', 'Bi', 'Bi', 'Bi']","[[-1.268576, 0.418243, 1.595463], [0.82867, 1.9017, 0.160463], [-0.828754, -1.901847, -0.160556], [1.26866, -0.418096, -1.59537], [-0.749231, 4.723312, -0.92001], [-1.249482, 5.907727, 1.726728], [1.807014, 6.171858, -1.084879], [1.306517, 7.356088, 1.562092], [0.573631, 0.88199, 7.455392], [-1.396261, 3.063795, 7.587923], [-0.678601, -0.09795, 4.979207], [-2.648397, 2.084167, 5.111944], [-0.04076, -4.613178, 1.661777], [2.765252, -4.77672, 1.144287]]",[-81777.703125],"[[-0.13127036680199597, 0.28540376685087226, 0.5215110257013682], [-0.18304547103851562, 0.43179022311518106, 0.17450410736116204], [-0.2135738926327211, -0.7332178336109897, 0.08136229586648443], [0.3296643551567562, -0.28948128160253694, -0.31160800192011423], [0.0015201079895272632, -0.23235365185368015, -0.04805388287297955], [-0.03735685883680057, -0.0679774339613227, 0.1235936655945237], [0.14791780615149677, 0.07866237894819005, -0.03647234743957019], [-0.006540447818713401, 0.003882221875386674, -0.05055016830862568], [0.12611915877818605, 0.09756837940397263, 0.2846730589295512], [0.047187173803853406, 0.031314603667920736, 0.06769960040052764], [-0.14503014717685167, -0.09657079082736257, -0.26751875202336767], [-0.016273389913154444, -0.0403560111904047, -0.16482883514242555], [0.7837750056084882, 0.6204795258148222, -0.5731038386232444], [-0.7042445703323728, -0.09027878370189835, 0.19408461139217112]]","tensor(-6, dtype=torch.int32)",
"['Bi', 'Bi', 'Bi', 'Bi', 'Bi', 'Bi', 'Bi', 'Bi', 'Bi', 'Bi', 'Bi', 'Bi', 'Bi', 'Bi']","[[-0.633675, -0.193729, -1.97247], [1.452516, -1.454025, -0.323904], [-1.452665, 1.454105, 0.323996], [0.633824, 0.193648, 1.972378], [-8.475355, 1.353216, 2.140628], [-6.808965, 3.63306, 2.967534], [-6.203309, 0.23704, 0.640023], [-4.537026, 2.517075, 1.467246], [0.217719, 4.616055, 1.051348], [-0.853709, 2.983505, 3.252515], [0.579709, 6.874536, 2.902857], [-0.491703, 5.241603, 5.103983], [-1.929077, 5.216419, -3.655013], [-0.826776, 6.579388, -1.397693]]",[-81777.6328125],"[[0.1303943914719675, -0.15168108050152926, -0.1487439534747863], [0.14310012181366072, -0.17624402525178975, -0.3446705041872756], [-0.2035075554075352, -0.07930361243016568, -0.2485818468905468], [-0.07559911353080667, -0.031216721716602322, 0.28774270068629026], [-0.028498087156973616, 0.06537249364617259, 0.022864987286360317], [-0.31432797345412394, 0.09924880193464479, 0.18566218701263706], [0.035709701257170115, -0.10035144584434838, -0.07637949519259193], [0.2778310411125704, -0.011872769591269608, -0.009909042189258506], [0.12060789326914813, -0.055817189167087194, -0.6167601659309973], [-0.29774558305046916, 0.08962921984108708, 0.3046682821291356], [-0.017722968390315376, 0.5400420048432737, 0.3258813861456494], [0.1282040674812095, 0.09892756812855803, -0.11598422448283527], [0.4151854126795983, 0.4669406679887689, 0.8707770707908636], [-0.3087132466968314, -0.7582696481858807, -0.4457659762746637]]","tensor(-6, dtype=torch.int32)",
"['Bi', 'Bi', 'Bi', 'Bi', 'Bi', 'Bi', 'Bi', 'Bi', 'Bi', 'Bi', 'Bi', 'Bi', 'Bi', 'Bi']","[[-0.643745, 1.626051, -1.127503], [-0.796306, -1.298136, -1.417619], [0.796332, 1.298206, 1.417797], [0.643719, -1.626121, 1.127325], [-2.171087, 4.537327, 4.042208], [-2.213869, 4.245636, 6.969903], [0.61233, 3.583641, 3.988052], [0.569204, 3.291915, 6.915916], [-1.721036, 0.098622, -7.511649], [-0.509995, 1.653182, -5.326463], [-4.065681, -0.451585, -5.820562], [-2.854372, 1.103235, -3.635472], [2.98748, -1.846089, -1.349501], [4.775886, -3.444177, -2.903838]]",[-81777.8671875],"[[0.08131992406302428, -0.1624849647862161, -0.24203972271164798], [0.18776036261528758, 0.15805669994789903, -0.4544619661813919], [0.40912804455800367, -0.0016688484462998223, 0.12608794556859831], [0.19121705845533302, -0.5036783585630898, 0.47924258064530134], [-0.06941612123948745, 0.07071200936934055, -0.017040509817521785], [-0.01358488869919035, -0.013827266727842487, 0.014803952224226148], [-0.002142266446632102, 0.021203621782826906, -0.09035889932057661], [0.025441146656854312, -0.01634917579172186, 0.15823462038475836], [-0.07202610091961219, -0.051695142884116134, 0.02084078750465368], [-0.015755158074232993, 0.04273546049177683, 0.17198391065293223], [-0.05760312982967708, -0.12071078887439539, -0.22168336216291243], [-0.05352309539552511, 0.07837477518999521, -0.020924348403467668], [-0.19785842727097708, 0.41355882907880814, -0.35218486585163655], [-0.3980275576490958, 0.07820677921681041, 0.430711387633878]]","tensor(-6, dtype=torch.int32)",
"['Bi', 'Bi', 'Bi', 'Bi', 'Bi', 'Bi', 'Bi', 'Bi', 'Bi', 'Bi', 'Bi', 'Bi', 'Bi', 'Bi']","[[-2.0655664935186175, -0.24612497735486066, -0.05071741225427262], [-0.02823251692906137, 0.6439584882319143, -1.978237931445916], [0.02829205988134964, -0.6440676751880933, 1.9783850703103718], [2.0655069505663315, 0.24623416431103984, 0.05057027338981701], [0.8687078028449227, 1.1070007620545623, -6.092108776684404], [3.4981271206291593, 2.1337524011216633, -5.261296654289635], [-0.4482549385114267, 3.005699825952433, -4.269909577972168], [2.1814595664614718, 4.032396340629013, -3.4393388967197493], [-2.884173898485444, -4.038463724057032, -3.6216560002620874], [-5.320782463905027, -2.5996477000935383, -4.428539392018174], [-1.2841003399342195, -1.6266822296043861, -4.153570981622812], [-3.7210450853033583, -0.18800123410817648, -4.960323154651046], [1.696037096422826, -3.6691341249179477, -4.184875829153643], [2.5811222787402395, -1.2238972433001163, -2.999260024175465]]",[-81777.90625],"[[-0.42950050022140307, -0.12359520825727105, 0.0804267737544088], [-0.12272488935731614, -0.11427027474845436, -0.6107232123797591], [0.09318207499238305, 0.08601512097872192, 0.1059028720069086], [0.6792488058373015, -0.22094447812903054, 0.4679375880781884], [-0.26245115632046334, -0.0864518488024925, -0.025572761500247787], [0.050618420850776946, -0.10663753942928116, 0.18217582062575124], [-0.19384400742567842, 0.03490533118966378, -0.2191629597663163], [0.19603191457813227, 0.008966675796793892, 0.02480100846542928], [0.09222829803779732, -0.2826089247515252, 0.01400921865668151], [-0.1961274568242839, 0.06397478977499539, -0.011234539159442116], [0.4445206360608316, -0.1274241486182484, -0.11202379783369334], [-0.24956529439197295, 0.2753198946924583, -0.089572347007802], [-0.0951247501901022, 0.4469045128042886, 0.24457755719728896], [0.0023751637842600345, 0.15256872864634585, -0.06494039381064402]]","tensor(-6, dtype=torch.int32)",
"['Bi', 'Bi', 'Bi', 'Bi', 'Bi', 'Bi', 'Bi', 'Bi', 'Bi', 'Bi', 'Bi', 'Bi', 'Bi', 'Bi']","[[0.95627, 1.832249, -0.241094], [1.350044, -0.877871, -1.317432], [-1.350219, 0.877915, 1.317499], [-0.956094, -1.832293, 0.241028], [1.125811, -7.599959, -2.510325], [0.564716, -5.012868, -1.225629], [2.864319, -6.252061, -4.464965], [2.303105, -3.664977, -3.179903], [3.757134, 2.503115, 1.68139], [5.541344, 0.461365, 0.538513], [5.75187, 3.078543, 3.767], [7.536026, 1.036698, 2.623754], [3.239318, 0.065036, -3.967289], [3.627709, -1.126068, -6.536077]]",[-81777.6328125],"[[-0.08197982376424268, 0.38820470402753093, 0.03147757570275838], [0.3684568725105276, -0.0692396920432839, -0.2296331660987546], [0.0819814178490816, 0.18228766367493304, 0.015356338616373599], [-0.22729793465393028, -0.2762084170128317, -0.061136804540814514], [0.004264647456230139, -0.031902764409178885, -0.08038995553683909], [-0.041929048967234865, -0.005590229272864852, 0.21654706654566014], [0.14073588830918646, -0.25289677743902633, -0.17844417086203915], [0.015089637938405143, 0.07703384130791993, -0.07428841583857916], [-0.19324946520285546, -0.020218590480980157, -0.2399398501799754], [-0.18453043819910042, -0.11589156187381201, -0.1618629631664906], [0.33711891292861224, 0.004719835296656243, 0.2491640478113911], [-0.0017457095608021322, 0.13192522713823973, 0.10766808956659261], [0.0071289222347301765, -0.47803400722694744, -0.6742480074313568], [-0.2151015401293155, 0.4667552399265392, 1.0642305788531]]","tensor(-6, dtype=torch.int32)",
"['Bi', 'Bi', 'Bi', 'Bi', 'Bi', 'Bi', 'Bi', 'Bi', 'Bi', 'Bi', 'Bi', 'Bi', 'Bi', 'Bi']","[[-0.255732, -0.647987, -1.960722], [1.376194, -1.526262, 0.324834], [-1.376352, 1.526367, -0.324795], [0.255889, 0.647882, 1.960683], [1.941159, 2.88072, -3.640151], [-0.608086, 1.688394, -4.499235], [3.324626, 0.35322, -4.238166], [0.775101, -0.838864, -5.097358], [-3.042637, 5.455912, -0.00879], [-2.680742, 4.595116, 2.781618], [-4.500436, 2.966006, -0.587623], [-4.138473, 2.105484, 2.203047], [-2.388174, -1.366674, 1.502816], [-3.138465, -3.973742, 0.603648]]",[-81777.015625],"[[-0.12651032662881867, -0.7593973346541827, -0.04940496233372313], [0.4632810091532658, -0.4453243119301017, -0.1668445811322768], [-0.3466780226424744, 0.2514376241684136, 0.2125475076848275], [0.04245867594164996, 0.05299396207318916, 0.38248502478132806], [0.028214016096470163, 0.15356271767654547, -0.0716901089732426], [-0.026408781865120277, 0.2437856055648987, 0.12129818342648903], [0.040899506702918344, -0.0029656020099541685, -0.13328960949407448], [0.2683606859287716, -0.1176480376779278, -0.1874007165067922], [-0.07071082666123425, -0.059377603365845105, -0.01793262139988738], [0.05408241348561726, 0.08296558525978982, 0.013648127587412774], [-0.19795175836719084, 0.1711783321662738, -0.04179806661556779], [-0.03531379228969402, -0.14561610191038116, 0.09819922562344954], [-0.2267630934794292, 0.5671111080707633, -0.2548360073566097], [0.13454081182634645, -0.009131848697151066, 0.0883876334399402]]","tensor(-6, dtype=torch.int32)",
"['Bi', 'Bi', 'Bi', 'Bi', 'Bi', 'Bi', 'Bi', 'Bi', 'Bi', 'Bi', 'Bi', 'Bi', 'Bi', 'Bi']","[[-1.830965, 0.774012, -0.614968], [-0.864002, -1.88172, 0.2038], [0.864104, 1.881873, -0.203741], [1.830864, -0.774165, 0.614909], [-5.237926, -1.063438, -0.999847], [-3.907945, -1.724035, 1.540444], [-6.444781, -3.746543, -1.065511], [-5.114693, -4.406845, 1.475005], [-3.146674, -0.374468, -4.573937], [-5.655433, 1.143652, -4.818395], [-1.762051, 2.059658, -3.669664], [-4.271138, 3.577577, -3.914111], [1.042566, 0.721156, 3.484166], [1.889497, -1.626549, 4.876729]]",[-81777.453125],"[[-0.37701355997117136, 0.06320664657100565, -0.10239974201816839], [-0.23558553030934723, -0.2568921196883496, -0.0697557127322675], [0.10534550795629641, 0.37618437874447874, -0.08173598020598057], [0.4721566678479669, 0.31323407129998865, 0.557081229108506], [0.1915087245587625, 0.31874806217988016, -0.2201131371744916], [0.030465655789225582, 0.12165469278739817, 0.3015587882514237], [-0.15913203872697476, -0.17639062963487817, -0.12776188891573168], [-0.10550656194711819, -0.2290130156743259, 0.13611072828221782], [-0.15846195745162397, -0.04527311500009734, -0.043455945701292235], [0.0853822178755819, -0.11162599653324719, 0.031978221186360206], [0.16599051161326048, -0.029458225024287528, 0.08773323590252063], [-0.13329382610558388, 0.15473005057745398, -0.04751187345891251], [0.2874696493800119, -0.8525541099775094, -0.4677218209819278], [-0.1531424963441714, 0.3576828130389558, 0.03539673612340907]]","tensor(-6, dtype=torch.int32)",
"['Bi', 'Bi', 'Bi', 'Bi', 'Bi', 'Bi', 'Bi', 'Bi', 'Bi', 'Bi', 'Bi', 'Bi', 'Bi', 'Bi']","[[-0.359304, -2.04728, -0.096239], [-1.959042, 0.371669, -0.594072], [1.959234, -0.371652, 0.594062], [0.359112, 2.047262, 0.096248], [-0.902009, 3.927616, -4.060152], [1.271041, 4.469351, -2.151568], [-1.279312, 6.819776, -4.451193], [0.893994, 7.36123, -2.54255], [-0.914092, -4.599777, 2.034383], [-3.501101, -3.593229, 1.058394], [-1.240421, -7.02412, 0.398555], [-3.827491, -6.017191, -0.577414], [-3.068457, 0.186812, -3.823541], [-5.55329, -0.087203, -2.438345]]",[-81777.65625],"[[0.17126019613606572, -0.7705343312481108, -0.18590299666749607], [-0.9570972790389167, 0.22914712448916086, -0.7960602575073495], [0.26840809709720637, 0.044385348584470075, 0.13576522324890633], [0.4017515455211629, 0.401997703073546, 0.13251390724262282], [-0.07394800159233388, -0.30301881569759326, 0.07391683980483771], [0.08839226142818221, -0.3055126842949352, 0.11311003809618361], [0.012675679271375124, 0.24152041100880337, 0.023119814603383453], [-0.10854756159884836, 0.361538338621279, -0.20929948269240495], [0.14529867333907115, -0.008263766658179796, 0.19298952652992948], [-0.10649191206593273, 0.10393098906117323, -0.17751106558826768], [0.011160630187217288, -0.07142317689586204, -0.05081342884866758], [-0.04406391423222617, 0.02772047714592439, 0.05701912913562757], [-0.3508269626793406, -0.025818805924029426, 1.1823589502884564], [0.5443280361762864, 0.08514500776713332, -0.4840846904766369]]","tensor(-6, dtype=torch.int32)",
"['Bi', 'Bi', 'Bi', 'Bi', 'Bi', 'Bi', 'Bi', 'Bi', 'Bi', 'Bi', 'Bi', 'Bi', 'Bi', 'Bi']","[[-0.132997, 1.449368, 1.487064], [0.803479, -1.337922, 1.37597], [-0.803483, 1.33802, -1.376136], [0.133002, -1.449466, -1.486898], [-5.505358, 2.067149, 0.556371], [-5.392207, -0.116458, -1.412732], [-3.769474, 3.707343, -1.163026], [-3.656607, 1.523476, -3.132122], [2.576219, 7.201965, -3.09059], [-0.257425, 6.832227, -3.792067], [2.815552, 4.321143, -2.539734], [-0.018254, 3.951672, -3.241435], [2.480565, -2.871114, -3.497066], [1.653389, -0.38418, -4.636883]]",[-81777.1640625],"[[-0.16325408500994584, 0.15680431490752078, 0.36977626053623175], [0.14428848635002453, -0.051793461923212956, -0.07808110362499417], [-0.2829585949742545, 0.8890442546029746, -0.49103587739403737], [0.5082145069495373, -1.2022850107748684, -0.3835336240727833], [-0.0412094122222305, -0.047155688057180296, 0.0014396211033478], [-0.07163313329577435, 0.02886149222036335, 0.02199752745469714], [0.21504667275760198, 0.12599456305029297, 0.11533903149980815], [0.13922397597261488, -0.16475345035617242, 0.017823961378174248], [-0.09003535152036886, 0.052966759786744484, -0.0718096139140695], [-0.0006014497523846119, 0.44618784311396825, -0.031305260273881044], [-0.0020995588569139604, -0.22229178835046146, 0.06356130473661799], [0.018772051049431478, -0.29342869846250963, -0.07765080356267082], [-0.19335020108025644, 0.11465969424797331, 0.23849746051121704], [-0.18908335018740222, 0.16872292729343205, 0.3227153279672019]]","tensor(-6, dtype=torch.int32)",
"['Bi', 'Bi', 'Bi', 'Bi', 'Bi', 'Bi', 'Bi', 'Bi', 'Bi', 'Bi', 'Bi', 'Bi', 'Bi', 'Bi']","[[1.8030965149297382, -0.7499024813815651, -0.7184733299131609], [-0.30426482537146304, 0.9946376009569597, -1.8019500220022082], [0.30427809884376356, -0.9946512428707676, 1.8021417371897157], [-1.8031097884020402, 0.7499161232953734, 0.7182816147256545], [-0.9104764237536407, 6.519223171455647, -1.5176273985601803], [1.244442440494066, 6.202577906676662, -3.4961051276702206], [-1.9732889265441795, 3.875273022735949, -2.252349190908957], [0.18194838890212978, 3.5588386553390006, -4.23077613489953], [-0.5317000627303183, -3.2290529341602556, 4.318113014686181], [-0.6509702703502045, -5.916322066390879, 3.1253544941478504], [-0.9500654311104233, -4.39541169416287, 6.987277037120984], [-1.0691696811802482, -7.08272842185964, 5.7941740448665735], [3.1735555880477233, -0.8230400313653294, -3.7816739891202635], [1.8548270325783673, -2.6600002469348256, -5.5294657923967785]]",[-81777.6328125],"[[0.9132054385517375, -0.11486666816657413, -0.6726148418028447], [-0.05122696016692739, 0.1662191856545071, -0.1960977348553519], [-0.24732390826427816, -0.24476848742331753, 0.3362091532844171], [-0.21089037936164007, 0.06138501897686074, 0.20709661171130195], [-0.020098432479590225, -0.029586374018708658, -0.01644297997117815], [0.032042755911290396, 0.03132361796057433, -0.0067581689544539665], [-0.2519679401988559, 0.11844477156483481, 0.07879448230145351], [0.1490249237831676, -0.025597922329656825, -0.12898131239540853], [0.03090221392009395, 0.11588960783433205, -0.22278271505875505], [0.030902717856591412, 0.034918788351029705, -0.1310294028808622], [-0.08511245758316456, -0.18533144011960842, 0.30983620233270825], [0.017537905424935895, 0.1223268309464121, 0.06221533148956808], [-0.8624749741056217, -0.7010923961186513, -0.17497827046760128], [0.5501680431167815, 0.6521370222738023, 0.5589257395334031]]","tensor(-6, dtype=torch.int32)",
"['Bi', 'Bi', 'Bi', 'Bi', 'Bi', 'Bi', 'Bi', 'Bi', 'Bi', 'Bi', 'Bi', 'Bi', 'Bi', 'Bi']","[[0.245204, 1.980859, -0.588037], [-1.923413, 0.435101, 0.66338], [1.923592, -0.43517, -0.663363], [-0.245382, -1.98079, 0.58802], [-2.997255, 1.197933, 6.212745], [-5.300791, 2.704078, 5.171801], [-1.477456, 1.838279, 3.775528], [-3.781249, 3.344553, 2.734841], [2.224938, 6.887483, -3.817609], [1.658538, 4.936359, -1.689084], [-0.238848, 6.082382, -5.210963], [-0.805082, 4.131318, -3.082094], [2.173223, 2.082922, 2.20022], [3.765473, -0.27826, 2.440641]]",[-81777.671875],"[[0.19602677236897448, 0.5181336227265358, 0.40929778888230217], [-0.48556276707695023, -0.1570662076199267, 0.6023984899742229], [0.36968652898642845, -0.5899543438123862, 0.14239054837197812], [0.20122467165193708, -0.10758545426542701, -0.1082637116533387], [-0.0697229568599324, -0.27166563517657083, 0.21538847540031988], [-0.10255899623578496, 0.1628827146645707, 0.0998427785144604], [0.42808834674249246, -0.050061061942373926, -0.4817786667798288], [-0.16244228445020653, 0.03807760115677386, -0.2868668796225365], [-0.04156179238918594, 0.16722952690982848, -0.27482377435291533], [0.012354121506111431, -0.06820225134570101, 0.09669055287864736], [0.16070318931304406, 0.18119571556027766, -0.055213390967780225], [-0.03906202053573083, -0.08450608827927869, 0.07176559660367886], [-0.04457244786467603, 0.21641450039357246, -0.13078540505632538], [-0.41070253758002556, 0.039144938658400096, -0.3029941330936359]]","tensor(-6, dtype=torch.int32)",
"['Bi', 'Bi', 'Bi', 'Bi', 'Bi', 'Bi', 'Bi', 'Bi', 'Bi', 'Bi', 'Bi', 'Bi', 'Bi', 'Bi']","[[0.105625, -0.893171, -1.87638], [1.667735, 1.157043, -0.456963], [-1.667839, -1.157165, 0.45707], [-0.105521, 0.893293, 1.876273], [4.703667, 1.131716, -1.981199], [5.132909, -1.498283, -3.229067], [7.591599, 1.356722, -1.46247], [8.020572, -1.273401, -2.710584], [-1.178406, -5.535353, -0.413707], [-3.483778, -3.947095, -1.319803], [0.412282, -4.512319, -2.668252], [-1.89336, -2.923976, -3.574087], [4.13568, -2.599296, -0.126539], [2.350526, -1.528337, 1.831653]]",[-81777.0859375],"[[-0.24043787313690673, -0.2400574010813223, -0.3133100217292491], [0.5678850105490097, 0.8101005453917624, 0.20488124516194553], [-0.15806991542543455, -0.26714069680608743, -0.360065455652215], [0.1431676390199024, 0.07339480273113949, 0.45830576752683516], [-0.3340512252113531, 0.1262770760214216, 0.00036460314670140967], [-0.04200949368729923, -0.17037614753765953, 0.08459936795340088], [0.28732988413510335, 0.2496407306003176, 0.13686457614474895], [0.07968403306365852, -0.17385737171538757, -0.101440925698608], [0.04099731152109939, -0.1709268267163666, 0.001447424405744737], [-0.0805258641248793, -0.006285759341337528, 0.09293797432366308], [0.12049677012924842, -0.05657880176544655, 0.04299937409238177], [-0.1861122331581263, -0.14453757496162759, -0.19228982612982987], [-0.6251687063458052, -0.04444311616214862, 0.2503185251894051], [0.4338193902709341, 0.005706623177151288, -0.3030674609962259]]","tensor(-6, dtype=torch.int32)",
"['Bi', 'Bi', 'Bi', 'Bi', 'Bi', 'Bi', 'Bi', 'Bi', 'Bi', 'Bi', 'Bi', 'Bi', 'Bi', 'Bi']","[[-1.766086, 0.917847, 0.606805], [-0.379373, 0.569242, -1.964929], [0.379415, -0.569367, 1.965069], [1.766044, -0.917722, -0.606946], [5.902608, 2.344546, 0.249209], [4.859254, 1.219293, -2.261475], [3.334953, 3.708137, 0.704876], [2.291771, 2.582566, -1.805944], [8.726579, -3.107255, -0.153653], [7.255705, -5.590408, -0.72706], [6.400697, -1.528683, -1.024422], [4.929939, -4.012155, -1.597649], [-0.065614, 4.885998, -2.613995], [-2.187366, 4.445149, -0.750647]]",[-81777.46875],"[[-0.22694661892427048, 0.31569024750420405, -0.20660825610758723], [-0.1711894393380546, 0.16840513876748103, -0.062070321191318584], [0.11223010326510365, -0.07765486590790546, 0.04850997111422918], [0.4681961383546418, -0.12252424035597942, 0.16294447259655567], [0.012181394700501474, -0.12883830755873055, -0.08759357350179522], [0.5055683775390333, -0.38551728267749, -0.3166400649577383], [-0.28253904212907094, 0.08891357859259832, 0.0819591006613368], [-0.9045469867718612, 0.40883987515680154, 0.1095432989801616], [0.4265091743101371, -0.33698588397770035, 0.0964681523325732], [0.1548267241096203, 0.01317468439025562, 0.10036255301612919], [-0.22184050807477435, 0.2750377930980623, 0.08311892593687494], [-0.29040543943237385, 0.06946322387537275, -0.12559269940461215], [-0.25418495225514276, -0.05839770398873783, 0.41247834809057454], [0.6706335486143505, -0.22978018185857563, -0.2986413044636635]]","tensor(-6, dtype=torch.int32)",
"['Bi', 'Bi', 'Bi', 'Bi', 'Bi', 'Bi', 'Bi', 'Bi', 'Bi', 'Bi', 'Bi', 'Bi', 'Bi', 'Bi']","[[-0.400665, -1.731349, 1.08241], [1.801462, -0.81883, -0.642774], [-1.801573, 0.818965, 0.642853], [0.400776, 1.731214, -1.08249], [-3.318554, -5.369987, -0.465458], [-2.361803, -2.8059, -1.546384], [-5.03876, -5.723354, -2.826789], [-4.08167, -3.159137, -3.907586], [-3.57918, -0.793776, 3.667747], [-4.96519, -2.14319, 1.450457], [-4.371776, 1.819951, 2.572264], [-5.757892, 0.470171, 0.355029], [-5.515437, -0.962221, -6.137437], [-7.451304, -0.48759, -8.185702]]",[-81777.09375],"[[-0.11605009618214648, -0.5639779600309257, 0.11813608474909304], [0.23352185893014543, 0.008968125899776387, -0.2300844977965333], [-0.3828984069755223, -0.016662176920947, -0.16624649078513495], [0.2858874430442534, 0.18831150459281884, -0.15567580568575357], [0.07998552078657939, 0.2377540513332762, 0.058055489969287326], [0.7267067683754038, 0.2682263714255703, 0.9145953776870865], [-0.12694047242486728, -0.16893010690039914, -0.06864160169614206], [-0.6846573814294585, 0.20379449067853952, -0.9621932083142806], [0.05000456449035735, -0.1909311516261602, 0.037798070666956736], [0.03089639293932734, -0.16360509220705616, -0.009143711773678072], [-0.226735222705794, 0.3574746564122488, 0.21435139465737804], [-0.11646034162875446, 0.10692735433741385, -0.06425190342650836], [-0.16202350293639659, -0.03502575658592992, -0.17333245500456101], [0.4074032961843914, -0.21775101197577207, 0.48777484261244564]]","tensor(-6, dtype=torch.int32)",
"['Bi', 'Bi', 'Bi', 'Bi', 'Bi', 'Bi', 'Bi', 'Bi', 'Bi', 'Bi', 'Bi', 'Bi', 'Bi', 'Bi']","[[-0.828213, 1.798502, 0.639663], [0.236387, 0.788551, -1.910815], [-0.236446, -0.788681, 1.910944], [0.828272, -1.798371, -0.639792], [2.599464, -1.756319, 3.659588], [1.734713, 0.274496, 5.605433], [3.834708, -3.311033, 5.831429], [2.969661, -1.279993, 7.777174], [-3.446886, -0.095341, 5.938565], [-3.31245, 2.81283, 5.511038], [-0.990915, 0.028935, 7.554926], [-0.856807, 2.937287, 7.127305], [-3.858892, 5.476299, 1.73028], [-3.367174, 3.655426, -0.417016]]",[-81777.5390625],"[[-0.3285255615166734, 0.7518156614719462, -0.18692773610845925], [-0.03804632624067622, -0.040286179990042, -0.19390545682511395], [0.15694063487229365, -0.4219500402487544, 0.39864570261195303], [0.09880122404955129, 0.024683776381050127, 0.05988997308632669], [-0.049655583323655196, -0.006911540484794026, -0.7033714232173811], [-0.4800352007648821, 0.24451266251771778, 0.01073653162913823], [0.09288079295782851, -0.3039317635114662, 0.3559124018480225], [0.22913704575921165, -0.06645240899139876, 0.16677850374459927], [-0.08363242694337122, -0.09670546528520493, -0.07426121355213448], [-0.07325483179786463, 0.15906529285210674, -0.11281502955680156], [0.15592921375304916, -0.08473789906811159, -0.001483486204347359], [0.01673865185554156, 0.1896469363110953, 0.06708490071780616], [0.1955610939076456, -0.6471660486809727, -0.48569502469648845], [0.0983652161350628, 0.28066444978060084, 0.6897476542747487]]","tensor(-6, dtype=torch.int32)",
"['Bi', 'Bi', 'Bi', 'Bi', 'Bi', 'Bi', 'Bi', 'Bi', 'Bi', 'Bi', 'Bi', 'Bi', 'Bi', 'Bi']","[[1.615131, -0.905131, 0.949634], [1.163299, 1.684166, -0.373129], [-1.163454, -1.68426, 0.373194], [-1.614976, 0.905225, -0.949699], [-5.50183, 0.710532, 3.873309], [-3.644272, 1.152993, 6.112063], [-3.227457, 0.593248, 2.009621], [-1.370024, 1.03562, 4.248729], [-2.858568, 0.29863, -3.972725], [-5.642426, 0.998155, -4.620113], [-3.61735, -2.537781, -3.775543], [-6.401268, -1.837924, -4.423117], [2.052083, 1.953711, -3.647632], [3.4552, -0.495253, -3.198098]]",[-81777.3125],"[[0.38466393306775576, -0.06474642968121241, -0.26513487527991064], [0.3818206513581424, 0.6835615766579348, -0.10996825114496087], [-0.3122664103806769, 0.03231042332458051, 0.006688620575594941], [-0.27704978527522833, 0.005181907012481873, -0.12973577732303854], [-0.5527262921727789, 0.10858602532334859, 0.5254664129855355], [-0.11961488125868852, -0.07051388005049114, -0.1033187576388475], [0.27399073646935435, -0.1879828145834533, -0.32107491182377734], [0.2817483246268785, 0.027686574560947124, -0.05970552204383699], [0.22149757414604174, -0.05094901347753087, -0.09335145936204046], [-0.28092598253836576, 0.100850651509386, -0.12173691671183114], [0.16124245278742083, -0.11526482942166132, 0.11107665432892115], [-0.11655079308783987, 0.046629403518717756, -0.017234047143593292], [-0.07555864434473492, -0.8597670867631327, 0.8422686632201103], [0.03349486435535696, 0.3517692725075045, -0.2630089317478081]]","tensor(-6, dtype=torch.int32)",
"['Bi', 'Bi', 'Bi', 'Bi', 'Bi', 'Bi', 'Bi', 'Bi', 'Bi', 'Bi', 'Bi', 'Bi', 'Bi', 'Bi']","[[-1.096902, -1.560559, 0.83137], [1.588957, -0.441082, 1.268687], [-1.589088, 0.441197, -1.268769], [1.097033, 1.560444, -0.831288], [-2.715185, -4.052858, -0.691885], [-1.332459, -2.712227, -2.91654], [-1.616399, -6.638586, -1.567409], [-0.233605, -5.297577, -3.792027], [0.019975, 2.150591, 2.911185], [-0.92739, 4.632068, 4.177315], [-2.624502, 1.770759, 1.677357], [-3.571599, 4.252493, 2.943593], [4.135568, -1.277671, -1.502153], [1.925525, -0.779713, -3.244562]]",[-81777.9453125],"[[-0.2914413374672094, 0.08994644272403078, 0.16896389121456581], [0.7425622560925144, -0.11158568161345019, -0.07496158243942463], [-0.4359660054838509, 0.11571276726139587, -0.07835646892539348], [0.4227870376333669, -0.21544488543478074, -0.7844558341009789], [-0.32774379145841553, 0.01722899235199119, 0.1817279342081083], [0.37672600763506814, 0.3420766196218147, -0.13310109610635015], [0.08617113560456909, -0.2683256674844071, 0.07919865994125531], [0.15411293405642834, -0.3403378844392933, -0.37102340052326904], [0.2843844267295248, -0.6107129279614435, -0.0777332331754701], [-0.27558754667912094, 0.5798766423049615, 0.1197668849613926], [-0.02426484574317464, -0.6542828661553455, -0.2624053392368675], [-0.09390902910101895, 0.5955012448308875, 0.3603967167661594], [-0.23601490477402218, -0.08392075061084817, 0.28425263190881084], [-0.380081299110522, 0.5426948705477743, 0.6042908229442873]]","tensor(-6, dtype=torch.int32)",
"['Bi', 'Bi', 'Bi', 'Bi', 'Bi', 'Bi', 'Bi', 'Bi', 'Bi', 'Bi', 'Bi', 'Bi', 'Bi', 'Bi']","[[-1.786013, -0.792346, 0.715582], [-1.05005, 1.051629, -1.456151], [1.050187, -1.051748, 1.456216], [1.785877, 0.792466, -0.715647], [-0.628766, 5.880148, 1.50717], [0.441427, 6.204578, 4.228888], [0.977756, 3.438209, 1.16676], [2.047742, 3.762851, 3.888724], [-3.333479, 2.223634, 0.858813], [-4.799826, 0.080802, 2.243158], [-5.581715, 2.553882, -1.011008], [-7.047961, 0.410974, 0.373701], [1.275999, -3.382799, -4.036039], [-0.366254, -2.617513, -1.825704]]",[-81777.3671875],"[[-0.5299524762547861, 0.16230848416792099, 0.4859942498473798], [-0.32277682878872904, -0.2993530376331924, -0.3583469807737752], [0.5439187163273268, -0.3024133719913558, -0.2125084783173199], [0.3257583330805036, -0.17709506086740298, 0.1515026972658457], [-0.2127281534925404, 0.36910900747591774, -0.010112915355737159], [-0.06430862199351871, -0.04301208049121066, -0.08096475167649617], [-0.011420897961529357, -0.13560077540004042, -0.0025520151558354504], [0.2168919030917811, -0.06416592568939021, 0.1930101467886522], [0.33068837468843726, 0.2926375695835846, 0.01833309664909558], [-0.04888735784431893, -0.21385887386424549, 0.18973018867735983], [-0.20579650696993945, 0.13999705569739607, -0.19980773591850975], [-0.3394969275536293, -0.023531422735418254, -0.07289621413120077], [-0.27931683102662047, 0.040242892873351775, 0.3341452247947574], [0.5902978433841262, 0.2478978302283784, -0.42417671965825793]]","tensor(-6, dtype=torch.int32)",
"['Bi', 'Bi', 'Bi', 'Bi', 'Bi', 'Bi', 'Bi', 'Bi', 'Bi', 'Bi', 'Bi', 'Bi', 'Bi', 'Bi']","[[0.023188, -1.634526, 1.287439], [-0.419153, -1.264728, -1.598024], [0.419251, 1.264866, 1.598116], [-0.023286, 1.634389, -1.287532], [1.817344, 4.275901, -7.085317], [1.426341, 2.227136, -5.009747], [1.374522, 6.387527, -5.084116], [0.983671, 4.338413, -3.008612], [-4.232497, 3.529026, -0.685183], [-3.775214, 0.629524, -0.480022], [-3.08765, 3.517574, -3.396097], [-2.630581, 0.617877, -3.19068], [-2.695913, -3.680686, -7.208794], [-2.500871, -1.074501, -6.052074]]",[-81777.125],"[[-0.013863092499044766, 0.053315812944374846, 0.16488241696184966], [0.11951944185672005, -0.502248567306768, -0.06772932236945964], [0.08900356725285954, -0.11339841318575211, 0.1926361539166066], [0.07069437159192934, 0.21410174040276764, -0.1645520814455536], [0.03190979895130674, 0.21851925802394495, -0.11813953002922878], [-0.10387709870919966, -0.16047682926591839, 0.31725918694033545], [0.1064543739390809, 0.21544205721974397, -0.28676532099167024], [-0.08155091209839194, -0.1036087782353465, -0.02147962985937095], [-0.06958643120679324, -0.26426301371720845, -0.32330117985654827], [-0.1813204141323539, 0.024050595598615578, 0.4954311292495615], [0.04179065669217143, 0.6313974642986288, 0.09330970462367925], [-0.051712883505710495, -0.4763710167853201, -0.4689165618576473], [-0.011485808067728061, 0.4820791260609181, 0.3486058882778191], [0.06931970481777901, -0.2169819431741339, -0.1827716998229552]]","tensor(-6, dtype=torch.int32)",
"['Bi', 'Bi', 'Bi', 'Bi', 'Bi', 'Bi', 'Bi', 'Bi', 'Bi', 'Bi', 'Bi', 'Bi', 'Bi', 'Bi']","[[0.017335673536298807, -2.055585574286993, 0.32246258811954154], [-0.6288047741606463, 0.3021159583043389, 1.9601620919505935], [0.6287954046715034, -0.30209566680118416, -1.9603534488620786], [-0.017326304047156016, 2.0555652827838404, -0.322271231208057], [-1.5604698953594598, -5.594834969805552, 6.111340113435807], [-3.2437630017016126, -5.555904412215138, 3.6981840079157577], [0.8065992820422665, -4.993368518744544, 4.4696700690000215], [-0.8770706074664637, -4.954373764238498, 2.0565627610353143], [6.820636230715158, -2.4948849486580893, 0.1417017720615965], [6.835706840446291, 0.3275497118460178, -0.690133021445742], [3.975772947127526, -2.6934869786813858, -0.5843623081135765], [3.9911841955486436, 0.12910274690759982, -1.4162886882047467], [4.1946910730438045, 0.630711015272797, -4.733838144721368], [1.5108185059327395, 1.5133213490844084, -5.165197700490818]]",[-81777.8671875],"[[-0.00149189680164583, -0.4177354342009432, 0.483059796769399], [-0.009848220139340239, -0.17181714880994528, 0.10084957164546289], [0.13269568433635046, 0.4602250456728864, -0.6656409777430583], [0.05026921342687186, 0.07721284160870237, -0.2072055237012638], [-0.027900675581440614, 0.002919290245837336, 0.08708943131596611], [-0.18369925151083627, -0.04713863649161309, 0.05348617433377222], [0.10026258847010186, 0.0039759504643683465, -0.01279112186696737], [0.06914260713438493, 0.04697446632204168, -0.10249847243399783], [0.11948951419942175, 0.2799973509865616, 0.0466673530223022], [0.7629017501952123, -0.15294416133695568, 0.1050039624240364], [-0.36431744556060325, -0.07567403551823558, -0.1241512353335022], [-0.5832802705464987, 0.23859269422481916, -0.4472100114503525], [-0.8159534078551519, 0.10149615302496262, 0.2945947458111287], [0.7561963094534623, -0.3352053940568177, 0.40711728651103546]]","tensor(-6, dtype=torch.int32)",
"['Bi', 'Bi', 'Bi', 'Bi', 'Bi', 'Bi', 'Bi', 'Bi', 'Bi', 'Bi', 'Bi', 'Bi', 'Bi', 'Bi']","[[0.424284, 1.802173, -0.949669], [-0.313214, -0.900641, -1.849229], [0.313168, 0.90069, 1.849409], [-0.424237, -1.802221, 0.949489], [-2.815288, -4.101286, 4.715607], [-3.211293, -5.531218, 2.174586], [0.033683, -3.74456, 4.07065], [-0.36268, -5.174505, 1.529488], [-4.758663, 3.439283, -4.205987], [-6.000698, 0.803155, -3.797949], [-2.353325, 2.526959, -2.777045], [-3.595643, -0.109269, -2.369249], [-0.094423, -3.98573, 8.821989], [1.921561, -3.290595, 6.919138]]",[-81777.609375],"[[0.01013585989299919, -0.03583970144688804, -0.02605078640576453], [0.22011941066966412, 0.10987584564639549, -0.54128487679671], [0.31131355902373953, 0.3305871245901205, 0.38873717978581945], [-0.491074906761545, -0.5064789599366937, 0.31339713075238196], [-0.00021593077277809973, -0.008822179719460168, 0.41647965530252085], [0.4029249976509691, 0.083189322780245, -0.1420792904516575], [0.27845396832994435, 0.48401948726451616, 0.6738705692791755], [-0.17343329372614516, -0.3352817558628108, -0.5428172551257296], [-0.572787078539125, 0.0051685218420441615, -0.24054205429444342], [-0.29269094571464244, 0.41842546724782625, -0.26626801248991994], [0.3090627112311944, -0.24512664229115713, 0.1416906422835122], [0.39064941310532453, -0.16991571412967157, 0.27772387747372224], [0.5990303429758745, 0.29575009736469954, -0.6305335731601212], [-0.9920473320216258, -0.4188371525129984, 0.18432968635358055]]","tensor(-6, dtype=torch.int32)",
"['Bi', 'Bi', 'Bi', 'Bi', 'Bi', 'Bi', 'Bi', 'Bi', 'Bi', 'Bi', 'Bi', 'Bi', 'Bi', 'Bi']","[[1.236485, 1.307783, -1.044281], [0.979768, -1.618099, -0.866439], [-0.979922, 1.618204, 0.866487], [-1.236331, -1.307888, 1.044233], [-0.825132, 1.687559, -4.901558], [-2.225134, 1.135899, -2.372926], [-0.373138, 4.46634, -4.044856], [-1.773161, 3.914312, -1.51611], [-3.815735, 1.29558, 2.667083], [-4.74826, -0.948734, 1.008239], [-6.308278, 2.752337, 2.097041], [-7.240646, 0.507677, 0.438263], [2.751627, -4.415032, 0.901243], [1.441652, -2.586618, 2.664511]]",[-81777.203125],"[[0.5793541938545307, -0.298350975334615, -0.5377280107222709], [0.6669460704273039, 0.18003912987650894, 0.020593755776713747], [-0.19508497676172637, 0.34076468779938934, 0.178612886744506], [-0.14317427246971595, -0.6522717481537362, 0.5643445995438756], [-0.12140848381292349, 0.07132706900670305, -0.16796100616252324], [0.02614055395103196, -0.1069237547910034, 0.11807005878350711], [0.18822794369400486, 0.06905734930654887, -0.2093043677911048], [-0.16526319754998356, 0.15973444852980914, 0.17330679538086366], [-0.15260894072195974, -0.20852887122801947, 0.24491123514953755], [0.029899940790941156, -0.12444002179980333, 0.0840721886705449], [-0.055994492538847584, 0.07204744108761699, -0.043629263860955336], [-0.1513250339394443, 0.1385939010845116, -0.02874352994228379], [-0.029002388751286627, -0.014691944624351303, -0.1246988291867146], [-0.48023055329078634, 0.38294427548120974, -0.2534301273728716]]","tensor(-6, dtype=torch.int32)",
"['Bi', 'Bi', 'Bi', 'Bi', 'Bi', 'Bi', 'Bi', 'Bi', 'Bi', 'Bi', 'Bi', 'Bi', 'Bi', 'Bi']","[[1.8030965149297382, -0.7499024813815651, -0.7184733299131609], [-0.30426482537146304, 0.9946376009569597, -1.8019500220022082], [0.30427809884376356, -0.9946512428707676, 1.8021417371897157], [-1.8031097884020402, 0.7499161232953734, 0.7182816147256545], [-0.9104764237536407, 6.519223171455647, -1.5176273985601803], [1.244442440494066, 6.202577906676662, -3.4961051276702206], [-1.9732889265441795, 3.875273022735949, -2.252349190908957], [0.18194838890212978, 3.5588386553390006, -4.23077613489953], [-0.5317000627303183, -3.2290529341602556, 4.318113014686181], [-0.6509702703502045, -5.916322066390879, 3.1253544941478504], [-0.9500654311104233, -4.39541169416287, 6.987277037120984], [-1.0691696811802482, -7.08272842185964, 5.7941740448665735], [3.1735555880477233, -0.8230400313653294, -3.7816739891202635], [1.8548270325783673, -2.6600002469348256, -5.5294657923967785]]",[-81777.6328125],"[[0.9132054385517375, -0.11486666816657413, -0.6726148418028447], [-0.05122696016692739, 0.1662191856545071, -0.1960977348553519], [-0.24732390826427816, -0.24476848742331753, 0.3362091532844171], [-0.21089037936164007, 0.06138501897686074, 0.20709661171130195], [-0.020098432479590225, -0.029586374018708658, -0.01644297997117815], [0.032042755911290396, 0.03132361796057433, -0.0067581689544539665], [-0.2519679401988559, 0.11844477156483481, 0.07879448230145351], [0.1490249237831676, -0.025597922329656825, -0.12898131239540853], [0.03090221392009395, 0.11588960783433205, -0.22278271505875505], [0.030902717856591412, 0.034918788351029705, -0.1310294028808622], [-0.08511245758316456, -0.18533144011960842, 0.30983620233270825], [0.017537905424935895, 0.1223268309464121, 0.06221533148956808], [-0.8624749741056217, -0.7010923961186513, -0.17497827046760128], [0.5501680431167815, 0.6521370222738023, 0.5589257395334031]]","tensor(-6, dtype=torch.int32)",
"['Bi', 'Bi', 'Bi', 'Bi', 'Bi', 'Bi', 'Bi', 'Bi', 'Bi', 'Bi', 'Bi', 'Bi', 'Bi', 'Bi']","[[-1.4973008904818514, -1.2690797836933212, 0.6908264945076068], [1.2333635821000908, -1.6406559246506038, -0.3405397689662782], [-1.233407804218052, 1.6408289975016785, 0.34061192984559696], [1.497345112599814, 1.2689067108422476, -0.6908986553869262], [0.48027721610307594, -5.358781667554594, -0.5966884298308203], [-2.253097919332676, -4.279620170760456, -0.7463029097471073], [-0.35131286935578576, -7.686061058769976, -2.1942138544002336], [-3.084731254254196, -6.6065206113139014, -2.3437736179588384], [3.3470836004849884, 0.5220205107902345, -4.323147796480318], [2.3072400935622546, 2.3071508236028615, -6.418463740955071], [3.8965343289277623, 2.8517119083963087, -2.611277238847832], [2.8564506165245023, 4.636688729283037, -4.706852431381033], [-0.6054224633503141, -2.4705141079843607, 3.694229591111964], [0.4299201188784191, 0.18229900096212392, 3.936907094440201]]",[-81777.25],"[[0.11600124519514753, -0.35276830090267874, 0.13848205803532984], [0.021552998899634208, -0.3863623533304802, -0.00628638154864562], [-0.4155561145377829, 0.4956961587095537, 0.2674725235630392], [0.2879346593541503, -0.040986276340246784, 0.12103392529787052], [0.047027919586236845, 0.19085000756565038, 0.11753449769972392], [0.0777587385328927, -0.013602202517424607, -0.02344127466667315], [-0.12240560959070934, -0.1383737631104669, -0.12721383226369506], [-0.08420938281087456, -0.26435742467734535, -0.13059308643382428], [-0.011210679308949999, -0.05107044674679193, 0.0232673651529569], [0.007513703461588822, -0.05358994411457631, -0.06001657427579132], [0.0034419726667848476, 0.07449215016541055, 0.0074022666469304894], [0.007257672867622767, 0.09156670140755688, -0.011109105251456294], [0.20403195789744596, 0.8843879842106016, -0.3056029814877459], [-0.15393984729617732, -0.434512611487495, -0.02018616885224033]]","tensor(-6, dtype=torch.int32)",
"['Bi', 'Bi', 'Bi', 'Bi', 'Bi', 'Bi', 'Bi', 'Bi', 'Bi', 'Bi', 'Bi', 'Bi', 'Bi', 'Bi']","[[-1.5813827600019055, 1.3414655829161575, 0.17150322373257615], [-1.2805736942507517, -1.5700094138102596, 0.4733987506633753], [1.2807324413403334, 1.570116911161214, -0.4733797590576683], [1.5812240129123254, -1.341573080267113, -0.17152221533828327], [0.9300693618500417, 1.6901587934898767, -3.9217340794567805], [1.7493365236410807, -0.35708801435508053, -5.870039878134569], [2.128966342144576, 3.778942445569829, -5.612736090868709], [2.948040812704858, 1.7313619794474133, -7.561038689003894], [-4.349069380356953, 2.1179672981567785, 1.957774911391466], [-2.2557309513640886, 3.7823966168680836, 3.184935424322804], [-5.377662299814603, 1.4413135554164476, 4.6306002396970944], [-3.2841664268396076, 3.106018088668262, 5.857541808916069], [-4.092827492153104, -1.729077518471905, -1.3664442358160813], [-6.7020131315209, -2.253279167700895, -2.4083688753454844]]",[-81777.2578125],"[[-0.49687089639164944, -0.2322576468087043, -0.0410851198846777], [-0.30664381604337293, -0.06908162053377362, -0.052110427695698756], [0.5884322499016822, -0.19427502739728386, -0.3898432175535672], [0.4528344055608617, 0.18864636525317374, 0.0012755152113908673], [-0.21698646831819274, 0.02715290066792485, 0.29625151417967505], [0.12303167355566952, -0.23813591178533325, -0.03926247413311956], [0.17256498028776177, 0.20536034478917625, -0.10265294439709766], [-0.0944008299848694, 0.05136593865383482, 0.04089427193399572], [-0.11859826650819466, 0.00654497296277225, -0.027130454924951124], [0.05483507864004206, -0.0034909018153629913, -0.12001221976031047], [-0.059616099026583116, 0.013964954520251304, 0.17322400581342334], [-0.08544639264587103, -0.032603683512848924, 0.06758271798637122], [-0.7079891270410709, 0.2600962816366562, 0.02417336070004851], [0.6905524100079418, 0.01273068034052678, 0.17348008782948096]]","tensor(-6, dtype=torch.int32)",
"['Bi', 'Bi', 'Bi', 'Bi', 'Bi', 'Bi', 'Bi', 'Bi', 'Bi', 'Bi', 'Bi', 'Bi', 'Bi', 'Bi']","[[-1.386893514695465, 1.549698972341305, -0.06836792779119799], [-1.5130599285798385, -1.3715617242219673, -0.3979610686546331], [1.5132093814702954, 1.3716329838161017, 0.398059571973248], [1.3867440618050095, -1.5497702319354403, 0.06826942447258316], [-3.5828332034308117, -1.878106289381368, 4.476430772167706], [-3.6754169439518396, 0.8475740747991605, 3.371709783368345], [-0.6429942618687938, -1.827010907962782, 4.355620272507257], [-0.7358963442493824, 0.8988760588256726, 3.2509659307097007], [-2.5683472247097177, -2.3587242572925433, -3.4888994129087214], [-1.1550757908172695, -0.09400836498716447, -4.726655221242915], [-5.056898855958767, -0.7883787008318253, -3.457522206742947], [-3.6433045892912896, 1.4762583143132026, -4.695473016084682], [0.5267057529390143, -3.0061380125159367, -4.992631670163112], [0.17987936759776113, -3.8932305279207666, -2.298003244620946]]",[-81777.3515625],"[[-0.23026786897509988, 0.06943807847259119, -0.12963997796642904], [-0.3925809811312629, -0.11425104288620425, 0.05715447208066045], [0.4063202955136706, 0.14345411149208254, -0.20850238885085687], [0.10132023804967484, -0.39602847241691586, 0.08450336290842507], [-0.1618293331185987, -0.26245861252374214, -0.0007805467266992315], [-0.262220373973462, 0.25764797301245224, 0.16266473641837223], [0.17978052817796397, -0.09183743871971418, 0.07835256084643358], [0.04397530368401924, 0.09393170624340479, -0.15463404553247814], [0.27747288624473077, -0.18850171490956527, 0.0642975148217379], [0.5872737101784334, -0.10565764005217389, -0.018764944516375417], [-0.6563346076093012, 0.5615631786104304, 0.05510273062670472], [-0.29126840497323314, -0.24744454449111977, 0.16493759286611265], [0.12009660341258971, -0.18298510150300326, 0.09470185490896606], [0.2552677472374973, 0.4725788432198209, -0.24393694078041228]]","tensor(-6, dtype=torch.int32)",
"['Bi', 'Bi', 'Bi', 'Bi', 'Bi', 'Bi', 'Bi', 'Bi', 'Bi', 'Bi', 'Bi', 'Bi', 'Bi', 'Bi']","[[1.985598, -0.621993, 0.015505], [-0.321256, -1.069557, -1.755491], [0.321252, 1.069714, 1.755603], [-1.985594, 0.621836, -0.015618], [0.943627, -6.760644, 1.425591], [2.53733, -5.447297, 3.521669], [1.565744, -4.559775, -0.426165], [3.159581, -3.24665, 1.670197], [0.126424, -9.162453, 3.714465], [-2.451913, -9.867523, 2.484273], [-1.253056, -8.507934, 6.230115], [-3.831384, -9.213239, 4.999619], [-1.701975, -6.04396, -3.731386], [-0.487686, -7.338371, -1.491242]]",[-81777.578125],"[[0.06332100930267476, 0.1655254502170305, -0.22315953614583744], [0.046514470001832134, -0.13358862895659962, -0.11753146379632085], [-0.03981017083051511, 0.048116149883671154, 0.08448418246826653], [-0.09010739387066942, 0.10332729370604943, 0.08466786217938257], [-0.13606012894410524, -0.829069640753911, 0.5144759693526043], [-0.1430899402395283, -0.26215203401375503, 0.36660516299280965], [-0.11011356997575983, 0.786429928196652, -0.847545598257828], [0.20062349597930057, -0.04616663040556301, -0.07584167153677933], [0.07258264221675913, -0.029820719916656337, 0.001786235825395542], [-0.02037963418738363, -0.000156925002556454, -0.0954888185984733], [-0.07342627305118514, 0.020753724761403244, 0.1070975100384449], [0.049037561773817795, -0.009435521858963986, 0.06139077825111745], [0.4223424936516765, -0.41898010592758483, 0.7736355975911702], [-0.23496013483157757, 0.606816161861675, -0.6333448189066815]]","tensor(-6, dtype=torch.int32)",
"['Bi', 'Bi', 'Bi', 'Bi', 'Bi', 'Bi', 'Bi', 'Bi', 'Bi', 'Bi', 'Bi', 'Bi', 'Bi', 'Bi']","[[0.709863, -1.645673, 1.057152], [-1.293342, -1.238503, -1.059378], [1.29348, 1.238637, 1.059396], [-0.71, 1.645539, -1.05717], [5.297045, -1.743555, 2.572347], [2.659336, -1.181588, 3.749206], [4.905574, -4.61776, 3.067881], [2.267695, -4.055462, 4.244641], [-2.792075, -4.381256, -0.665754], [-3.352399, -4.617248, -3.544758], [-2.937102, -7.308205, -0.397798], [-3.497317, -7.543903, -3.277027], [2.678603, -0.159011, -1.679388], [2.150928, 2.35323, -2.935752]]",[-81777.8359375],"[[0.3327429443574298, -0.2542249586423903, -0.18113431758293372], [-0.6349954680463301, 0.04529172465503936, -0.42390911909368684], [0.6316010957812771, -0.21831691209358614, -0.04199469955155229], [-0.4285226577279589, 0.3670050211769189, -0.38264119367344995], [-0.04767253149962915, 0.02429475283163631, -0.06552526868025035], [0.17223155944597107, 0.19821622218417567, 0.24991429612751173], [-0.03846348281639227, -0.025689762185214845, 0.006135755957995818], [-0.010386614580369357, -0.08324799538673532, 0.027896674942715853], [0.018763026472359567, 0.21118811327187575, -0.012378906954251949], [0.03239707983330749, 0.10191190063536945, 0.006406889220258282], [-0.018441283587566193, -0.2657237610726601, -0.022050219671936953], [-0.0009728380954918089, -0.03937317561186833, 0.07890180020657646], [0.31020536152814554, 0.1987938979609611, 0.6772505433585868], [-0.32669313528329713, -0.26448387160053527, 0.08077263874236136]]","tensor(-6, dtype=torch.int32)",
"['Bi', 'Bi', 'Bi', 'Bi', 'Bi', 'Bi', 'Bi', 'Bi', 'Bi', 'Bi', 'Bi', 'Bi', 'Bi', 'Bi']","[[-0.601801, -1.989452, -0.098144], [-0.933748, 0.19114, 1.849455], [0.933786, -0.191091, -1.849638], [0.601763, 1.989402, 0.098327], [-3.043592, 0.067403, -1.104907], [-2.422377, 1.843415, -3.367248], [-5.8484, 0.954796, -1.178688], [-5.226874, 2.730723, -3.441239], [-9.193609, 5.112251, 2.94472], [-8.391873, 5.258784, 0.117343], [-6.733577, 3.621084, 3.564815], [-5.931995, 3.767897, 0.737225], [-5.62327, -2.48554, 1.050508], [-4.193005, -0.385967, 2.35985]]",[-81777.53125],"[[0.1483478491033622, -0.24134382754632508, -0.07339624254970367], [0.10646522400040383, -0.2746135608425451, 0.6737142461207788], [-0.10285996973779005, 0.06960463462721181, 0.04812696394952997], [0.10940044840975839, 0.23618243794838276, -0.15399821137011818], [-0.08014132972406024, -0.2863995556542771, -0.0768410598865946], [0.509466943412007, -0.13179780319530984, -0.10242920687664248], [-0.7052493580018037, 0.09288876338202308, 0.2999928827186954], [-0.369391931823779, 0.15631205122484615, -0.026939493845667666], [-0.12840276244306625, 0.01794603228137088, 0.11528061600377572], [-0.04619101990359837, 0.11691167332653316, -0.2233345769455684], [0.0741305500174352, -0.0948293816960791, 0.3455328012409444], [0.17392242066123356, -0.2085336020604446, -0.3129345890386393], [0.5045470833782059, 0.5579826583738655, -0.002790714962277026], [-0.21264711227621375, -0.0006742099550835892, -0.505686699771754]]","tensor(-6, dtype=torch.int32)",
"['Bi', 'Bi', 'Bi', 'Bi', 'Bi', 'Bi', 'Bi', 'Bi', 'Bi', 'Bi', 'Bi', 'Bi', 'Bi', 'Bi']","[[1.622859, -1.271846, -0.280092], [0.383439, 0.038873, 2.044595], [-0.383549, -0.038897, -2.044751], [-1.622749, 1.27187, 0.280249], [-2.253074, -2.085461, -0.152979], [-4.338404, -0.193357, -1.007175], [-3.18852, -1.860631, 2.628074], [-5.273956, 0.031464, 1.773507], [3.383407, 0.935044, 3.242937], [5.773543, -0.530442, 2.349678], [3.682856, -0.217288, 5.934093], [6.073178, -1.682637, 5.040525], [1.321408, 2.715929, -0.690433], [0.311413, 5.296231, -1.390574]]",[-81777.734375],"[[0.42554989519175257, -0.165321973000657, 0.2571981839774209], [0.32009712075242475, -0.34619866590478576, 0.3102285528914472], [0.4162096378996456, 0.626241371176119, -0.4316621821071522], [0.017981708928507582, 0.7421349385115026, -0.5785175564245593], [-0.13755661465320349, -0.49847953368247894, 0.06022113135608796], [-0.19279052303552324, -0.02331669436540752, -0.16532459552732748], [-0.08954252219468686, -0.23712377075680666, 0.3117915787870471], [-0.17825802289052736, 0.10917120872550438, 0.33241651692009366], [-0.16286492262088476, 0.11728062683360413, -0.17211046042030528], [0.06980672344711271, -0.11950170123512568, -0.18067948918292775], [-0.009248206605973397, -0.07101154305278144, 0.2558495882037005], [-0.009921383491237187, 0.05605481065226838, 0.016255443603193778], [-0.588342261241421, -0.3773771141586267, 0.04229301967363196], [0.11999730735375289, 0.1848163964503648, -0.054723081324585546]]","tensor(-6, dtype=torch.int32)",
"['Bi', 'Bi', 'Bi', 'Bi', 'Bi', 'Bi', 'Bi', 'Bi', 'Bi', 'Bi', 'Bi', 'Bi', 'Bi', 'Bi']","[[-1.53215, 1.179041, 0.769475], [1.271107, 0.66982, 1.504837], [-1.271158, -0.669855, -1.505019], [1.532202, -1.179006, -0.769293], [-2.108124, 2.429083, -2.90854], [-3.061727, -0.000228, -4.267732], [-0.181942, 2.890455, -5.084963], [-1.135899, 0.461019, -6.444066], [5.42545, 1.701933, 4.892905], [5.305313, 2.066204, 1.975511], [2.914139, 3.208032, 5.184185], [2.794199, 3.572052, 2.266574], [0.353989, -3.96857, -5.755657], [0.949167, -3.581561, -2.987222]]",[-81777.3359375],"[[-0.2939129402988982, 0.38217716071905156, 0.647963605321345], [0.051528895262044995, 0.5929764201344156, 0.4894528483048136], [0.00864694865799037, -0.10643920442206545, -0.5307171227565486], [0.4241381530895746, -0.7003442046861937, -0.6580557050144115], [0.21880711889259769, 0.08250618029363342, 0.21073091945565722], [-0.22130067895739017, -0.1867007075741431, -0.36931428446549647], [0.004597286682228855, 0.19199970268914768, 0.05868777600732842], [-0.08114945982944376, -0.2756528527354248, 0.007261724928439101], [-0.034143302072362644, 0.019891319721342168, 0.002941037676807435], [0.08475373707231755, -0.0828345617704495, -0.05194911659441907], [-0.0038822907809893882, -0.03145341246192595, 0.09861358483738376], [-0.16949832101233425, -0.07831558836258912, -0.153345716450087], [0.11360502714971188, 0.2913051203466197, 0.5231596179573538], [-0.11774913350996981, -0.1012147199177571, -0.2795519842514059]]","tensor(-6, dtype=torch.int32)",
"['Bi', 'Bi', 'Bi', 'Bi', 'Bi', 'Bi', 'Bi', 'Bi', 'Bi', 'Bi', 'Bi', 'Bi', 'Bi', 'Bi']","[[-2.0655664935186175, -0.24612497735486066, -0.05071741225427262], [-0.02823251692906137, 0.6439584882319143, -1.978237931445916], [0.02829205988134964, -0.6440676751880933, 1.9783850703103718], [2.0655069505663315, 0.24623416431103984, 0.05057027338981701], [0.8687078028449227, 1.1070007620545623, -6.092108776684404], [3.4981271206291593, 2.1337524011216633, -5.261296654289635], [-0.4482549385114267, 3.005699825952433, -4.269909577972168], [2.1814595664614718, 4.032396340629013, -3.4393388967197493], [-2.884173898485444, -4.038463724057032, -3.6216560002620874], [-5.320782463905027, -2.5996477000935383, -4.428539392018174], [-1.2841003399342195, -1.6266822296043861, -4.153570981622812], [-3.7210450853033583, -0.18800123410817648, -4.960323154651046], [1.696037096422826, -3.6691341249179477, -4.184875829153643], [2.5811222787402395, -1.2238972433001163, -2.999260024175465]]",[-81777.90625],"[[-0.42950050022140307, -0.12359520825727105, 0.0804267737544088], [-0.12272488935731614, -0.11427027474845436, -0.6107232123797591], [0.09318207499238305, 0.08601512097872192, 0.1059028720069086], [0.6792488058373015, -0.22094447812903054, 0.4679375880781884], [-0.26245115632046334, -0.0864518488024925, -0.025572761500247787], [0.050618420850776946, -0.10663753942928116, 0.18217582062575124], [-0.19384400742567842, 0.03490533118966378, -0.2191629597663163], [0.19603191457813227, 0.008966675796793892, 0.02480100846542928], [0.09222829803779732, -0.2826089247515252, 0.01400921865668151], [-0.1961274568242839, 0.06397478977499539, -0.011234539159442116], [0.4445206360608316, -0.1274241486182484, -0.11202379783369334], [-0.24956529439197295, 0.2753198946924583, -0.089572347007802], [-0.0951247501901022, 0.4469045128042886, 0.24457755719728896], [0.0023751637842600345, 0.15256872864634585, -0.06494039381064402]]","tensor(-6, dtype=torch.int32)",
"['Bi', 'Bi', 'Bi', 'Bi', 'Bi', 'Bi', 'Bi', 'Bi', 'Bi', 'Bi', 'Bi', 'Bi', 'Bi', 'Bi']","[[-0.494506, 0.238012, -2.00712], [1.001103, -1.765966, -0.456139], [-1.00123, 1.766075, 0.456235], [0.494633, -0.238121, 2.007024], [-0.413502, -4.701084, 0.244257], [-2.893063, -3.269452, -0.43436], [-0.716338, -3.89178, 3.057293], [-3.196083, -2.460257, 2.378356], [-4.031856, 3.231253, 0.10781], [-4.971158, 0.644728, -0.93426], [-6.776574, 3.893738, 0.936965], [-7.715615, 1.306931, -0.105142], [-4.709865, -0.263198, 4.431369], [-1.958725, -0.143844, 5.196368]]",[-81776.7265625],"[[-0.40198808714242096, 0.4547377428585238, -0.07942507141047253], [0.24545630932026266, -0.2458653206366728, 0.149177133174238], [0.05225806052061873, 0.32484301985041814, -0.4183116187370729], [-0.26475445464641784, -0.5009466113701089, 0.3348997925665706], [0.04584041894101152, 0.10695985309929104, 0.15106180425265733], [-0.2604292396796228, -0.04781626653000752, -0.33495584264639044], [0.292185620820707, -0.3421800294479777, 0.5147593050771981], [-0.09900542117520689, 0.6940413989214982, -0.262571175482206], [0.23581405008431913, -0.10358604967086911, -0.0778366944237247], [0.22100947565278492, -0.1678033460297456, 0.17810159688794758], [-0.2783055641736507, -0.02421291971509934, 0.09251302215886383], [-0.11867277711889095, 0.07802016844647443, -0.042306281431049884], [0.6114693469285535, -0.2514826184985442, -0.04023208909191127], [-0.28178257173986937, 0.017675474946534087, -0.1712463635934313]]","tensor(-6, dtype=torch.int32)",
"['Bi', 'Bi', 'Bi', 'Bi', 'Bi', 'Bi', 'Bi', 'Bi', 'Bi', 'Bi', 'Bi', 'Bi', 'Bi', 'Bi']","[[0.017335673536298807, -2.055585574286993, 0.32246258811954154], [-0.6288047741606463, 0.3021159583043389, 1.9601620919505935], [0.6287954046715034, -0.30209566680118416, -1.9603534488620786], [-0.017326304047156016, 2.0555652827838404, -0.322271231208057], [-1.5604698953594598, -5.594834969805552, 6.111340113435807], [-3.2437630017016126, -5.555904412215138, 3.6981840079157577], [0.8065992820422665, -4.993368518744544, 4.4696700690000215], [-0.8770706074664637, -4.954373764238498, 2.0565627610353143], [6.820636230715158, -2.4948849486580893, 0.1417017720615965], [6.835706840446291, 0.3275497118460178, -0.690133021445742], [3.975772947127526, -2.6934869786813858, -0.5843623081135765], [3.9911841955486436, 0.12910274690759982, -1.4162886882047467], [4.1946910730438045, 0.630711015272797, -4.733838144721368], [1.5108185059327395, 1.5133213490844084, -5.165197700490818]]",[-81777.8671875],"[[-0.00149189680164583, -0.4177354342009432, 0.483059796769399], [-0.009848220139340239, -0.17181714880994528, 0.10084957164546289], [0.13269568433635046, 0.4602250456728864, -0.6656409777430583], [0.05026921342687186, 0.07721284160870237, -0.2072055237012638], [-0.027900675581440614, 0.002919290245837336, 0.08708943131596611], [-0.18369925151083627, -0.04713863649161309, 0.05348617433377222], [0.10026258847010186, 0.0039759504643683465, -0.01279112186696737], [0.06914260713438493, 0.04697446632204168, -0.10249847243399783], [0.11948951419942175, 0.2799973509865616, 0.0466673530223022], [0.7629017501952123, -0.15294416133695568, 0.1050039624240364], [-0.36431744556060325, -0.07567403551823558, -0.1241512353335022], [-0.5832802705464987, 0.23859269422481916, -0.4472100114503525], [-0.8159534078551519, 0.10149615302496262, 0.2945947458111287], [0.7561963094534623, -0.3352053940568177, 0.40711728651103546]]","tensor(-6, dtype=torch.int32)",
"['Bi', 'Bi', 'Bi', 'Bi', 'Bi', 'Bi', 'Bi', 'Bi', 'Bi', 'Bi', 'Bi', 'Bi', 'Bi', 'Bi']","[[1.539308, 1.115363, 0.846294], [-1.375069, 0.968615, 1.224693], [1.375156, -0.968769, -1.224771], [-1.539394, -1.115209, -0.846216], [-3.325004, -1.391279, 2.457636], [-5.875237, -2.289899, 1.296986], [-4.786402, 0.385888, 4.292262], [-7.336636, -0.513073, 3.131433], [-0.230218, 7.313203, -0.93077], [2.397708, 6.724262, 0.254753], [-0.35076, 4.582054, -2.019876], [2.277279, 3.993332, -0.834056], [-1.227117, 11.892542, -4.07951], [-0.197125, 10.565113, -1.76752]]",[-81777.6796875],"[[0.41796436535264775, 0.18076952926528053, -0.09395068099519702], [-0.3524579171579149, 0.13652853277628776, 0.03568113628529863], [0.18519028647822725, 0.032601055843969294, -0.12341420249491705], [-0.0789845383519252, -0.017504347367972198, 0.1222971089774801], [0.2068809474592245, -0.16651265153114184, 0.029967288304280647], [-0.2646172605060882, -0.14623121296983527, -0.13949625594751952], [-0.024410015449908035, 0.12928449704735143, 0.20473592633114657], [-0.07352340938217566, 0.029623665319520907, -0.05224875312204314], [-0.15907619433552125, 0.5041558641054817, -0.07083249132990742], [0.25944851754905024, 0.2431440635503736, 0.20569484549489006], [-0.08590764880732424, -0.23630898771575584, -0.20807969925808706], [-0.09967498822964191, -0.2289319744579992, -0.08007730922004583], [0.29174416216451127, -0.48579154396238, 0.6598796466026774], [-0.21008048141928914, 0.03750444023962897, -0.48918781884482143]]","tensor(-6, dtype=torch.int32)",
"['Bi', 'Bi', 'Bi', 'Bi', 'Bi', 'Bi', 'Bi', 'Bi', 'Bi', 'Bi', 'Bi', 'Bi', 'Bi', 'Bi']","[[-1.8123, -0.501734, -0.890811], [-0.245812, 1.973434, -0.611587], [0.245907, -1.973601, 0.611604], [1.812206, 0.501901, 0.890794], [4.14606, -2.287835, 5.394026], [5.327216, -0.44435, 7.359922], [2.709057, -0.040868, 4.150635], [3.890539, 1.802506, 6.116703], [0.684829, -1.471254, -6.490258], [-0.077634, -0.638997, -3.772849], [-0.01416, -4.253465, -5.834078], [-0.776714, -3.420837, -3.116617], [-1.292448, -1.706441, 3.63984], [-3.078208, -3.729727, 4.580914]]",[-81777.8984375],"[[-0.41606632453041825, 0.05561247782051582, 0.18472723054356882], [0.03266575511959253, -0.0022248868353911297, -0.03444661013732536], [-0.14720962110628677, -0.4628806367482407, 0.4134219434710279], [0.17273678149572333, 0.25100177052019984, -0.03195315291671601], [0.12000306662800961, -0.2454966242400597, 0.07864510112541989], [-0.007268857172540947, -0.029492621261343943, -0.05470153546821443], [-0.30544182465274095, -0.06532359123708206, 0.018001290460980424], [0.1005283892614677, 0.2201463558456509, 0.1552385636410672], [0.08138625856115969, -0.33850077879558343, -0.510518628028957], [-0.02286979010971369, 0.20259625310059273, 0.31353561044500106], [0.1099684054112356, 0.06623900731135074, -0.2576677705177097], [-0.05079264918146098, 0.1345759331148941, 0.3129292925632068], [-0.18393085661130285, -0.22034273681338665, -0.2985694163796377], [0.5223584617705711, 0.41204758522942697, -0.2924770298136786]]","tensor(-6, dtype=torch.int32)",
"['Bi', 'Bi', 'Bi', 'Bi', 'Bi', 'Bi', 'Bi', 'Bi', 'Bi', 'Bi', 'Bi', 'Bi', 'Bi', 'Bi']","[[0.048895, -0.733479, -1.946621], [2.055254, 0.316617, -0.067755], [-2.055417, -0.316686, 0.06783], [-0.048731, 0.733548, 1.946546], [-3.477693, 3.029336, -2.241408], [-5.753505, 2.702757, -0.405015], [-1.632627, 3.059944, 0.050895], [-3.908762, 2.733213, 1.887143], [3.969959, -4.330366, -4.120747], [1.633112, -3.7086, -2.444184], [2.274294, -4.223587, -6.523491], [-0.062486, -3.601669, -4.84658], [-2.776252, 0.939551, 4.457786], [-4.595745, -0.786257, 5.828653]]",[-81777.609375],"[[0.12751691407145485, -0.1603369611768267, -0.2054785641777137], [0.34115883813133346, -0.08892699975850014, -0.053684663607262685], [-0.22020034904180763, 0.3527676838375798, 0.04675100648088103], [-0.1235270739859304, 0.24776402994609287, 0.4165551943550487], [-0.3108252034200248, 0.22664729092919586, -0.11494076740053777], [-0.337697514303046, -0.049271933382811266, -0.227887386089687], [0.5567274451184505, -0.3680579399240667, -0.10100152392607539], [-0.06258623903611903, -0.21899722636516097, 0.6418217507032881], [0.21982671612440308, -0.10480238782505129, -0.18853303096333618], [-0.1768970343927367, 0.057044325960500714, 0.18136438002065297], [0.10829590188266644, -0.0060131554072559365, -0.09288557521234525], [-0.11838954423848022, -0.0014348897567017232, 0.057064586264582384], [-0.23604766064635727, -0.14740348239153522, -0.1895716029469338], [0.24108908250464847, 0.26251810788369767, -0.179284407838421]]","tensor(-6, dtype=torch.int32)",
"['Bi', 'Bi', 'Bi', 'Bi', 'Bi', 'Bi', 'Bi', 'Bi', 'Bi', 'Bi', 'Bi', 'Bi', 'Bi', 'Bi']","[[-1.992683, -0.270941, 0.534341], [-0.494925, 1.790167, -0.937688], [0.495003, -1.790342, 0.937698], [1.992604, 0.271117, -0.534352], [0.666885, -0.613574, -4.555173], [-1.88718, 0.666692, -3.850911], [1.163315, 1.480989, -6.561718], [-1.390896, 2.761177, -5.857108], [6.252818, -1.020271, 2.604588], [8.011992, -1.755782, 0.363462], [3.922093, -1.992717, 1.093983], [5.681639, -2.728285, -1.147063], [2.893155, -4.940176, -0.272512], [0.496523, -5.75865, 1.052063]]",[-81777.265625],"[[-0.4030888798568277, 0.3223757878965135, -0.08904197955526819], [-0.6950754971831284, 0.015630274382627055, -0.24895177741735777], [-0.1269285939217128, -0.25537815046811485, 0.39457132460787464], [0.4739020364803019, -0.33558535189148636, -0.19886048956955438], [0.16549125452613125, -0.017317556620315703, 0.031567898606614846], [-0.01500294029200491, 0.03674338299985865, 0.4294687213688079], [0.03653141085395649, -0.09798479550156997, 0.008179408716946352], [-0.04945019834768415, 0.24785031621576048, -0.1852784239431917], [0.514174893006416, 0.05926792004450957, 0.30432586242131876], [-0.08349847239481095, 0.07750368495866664, 0.07641502785787221], [-0.32119014873100327, -0.2788087807618314, -0.2406760602650953], [0.04926807672594293, -0.16795822936957802, -0.15427887314595], [0.28239511169474457, -0.19362541211438103, 0.14372829408437557], [0.18872195572779316, 0.605010732226377, -0.27347641270939277]]","tensor(-6, dtype=torch.int32)",
"['Bi', 'Bi', 'Bi', 'Bi', 'Bi', 'Bi', 'Bi', 'Bi', 'Bi', 'Bi', 'Bi', 'Bi', 'Bi', 'Bi']","[[-1.802558, 1.034674, -0.099738], [0.866018, 1.38462, -1.289087], [-0.866065, -1.384796, 1.289147], [1.802606, -1.034497, 0.099679], [-0.800662, 0.924072, -4.639164], [0.97307, -1.295708, -3.874466], [1.4417, 2.809974, -4.365218], [3.215328, 0.589839, -3.600627], [2.953061, -5.850604, -1.044306], [1.545555, -7.779317, -2.763989], [0.932887, -3.808038, -1.682022], [-0.474556, -5.737125, -3.401637], [-2.46246, 3.071082, 2.5162], [-4.515288, 4.326439, 4.058349]]",[-81777.0390625],"[[-1.140439147013287, 0.1876162779146865, 0.28124289688876], [0.6066135588208583, 0.22821844151526513, 0.29787249277248323], [-0.12469337844500734, 0.033882232113421965, 0.25712228497025197], [0.2726805529980426, 0.029314865375177676, 0.28607179124256], [-0.1787134683556323, 0.2398429709594427, -0.10251821851716372], [-0.03709670933329914, -0.22981262919836126, -0.5836859908490478], [-0.14608486569720475, 0.2550830390845497, -0.42191383909628366], [0.3786133526622495, -0.11194090542206989, 0.04523747434842474], [0.30708553181002657, -0.1309071725691817, 0.15634665829247804], [-0.06006100296291457, 0.06955367533445816, 0.04028286840734439], [-0.04912586378947526, 0.18632311515568703, 0.34473545028893837], [-0.26623520519549326, -0.3251931528719716, -0.37487568651382275], [0.33169861309957543, -0.1922433405590435, 0.1753504121443501], [0.09633280938754034, -0.23566744570123074, -0.3902339226053756]]","tensor(-6, dtype=torch.int32)",
"['Bi', 'Bi', 'Bi', 'Bi', 'Bi', 'Bi', 'Bi', 'Bi', 'Bi', 'Bi', 'Bi', 'Bi', 'Bi', 'Bi']","[[-1.850088, 0.945693, 0.112043], [-0.85748, -1.547655, -1.094713], [0.857583, 1.547731, 1.094857], [1.849985, -0.945768, -0.112187], [4.442265, 0.243466, -2.807472], [4.669673, -2.272694, -1.298984], [6.691672, -0.578642, -4.51749], [6.91877, -3.094922, -3.008809], [4.063115, 4.957867, -6.655932], [3.52431, 2.670085, -4.885605], [1.393797, 4.656491, -7.857503], [0.855198, 2.368686, -6.086851], [-1.485988, -3.550645, 3.060751], [-2.73172, -1.011788, 2.647713]]",[-81777.625],"[[-0.21411279615245687, -0.2735787426716327, 0.22474688469075374], [0.16420745058779895, -0.0036479371697279717, -0.0898830392851153], [0.11535810909578352, 0.07427545747150155, 0.19129249466367768], [-0.3756506174339008, 0.06444581613384838, -0.054841557823580876], [-0.22941518785255616, 0.11912282326438019, 0.12322851732222949], [0.10870465608861865, -0.41058267268455756, 0.254393211726033], [0.045354896694542735, -0.04622118924472709, -0.060571675754374076], [0.22757756798793055, -0.040567613097247504, -0.1776546874900446], [0.051744199559481396, 0.21158504039676507, -0.21101682628483], [-0.025569758450099643, 0.04214377219503644, -0.010063750693979589], [0.026861419684025032, 0.052189052073721265, -0.0019930194822575012], [-0.04670995108296528, -0.09327185796427798, 0.04363395869791639], [-0.3267844094958478, 0.860615551274167, -0.10625578182140728], [0.47108354021882903, -0.5640730909003446, -0.120970161904314]]","tensor(-6, dtype=torch.int32)",
"['Bi', 'Bi', 'Bi', 'Bi', 'Bi', 'Bi', 'Bi', 'Bi', 'Bi', 'Bi', 'Bi', 'Bi', 'Bi', 'Bi']","[[1.0460236275233181, -1.0030270099647713, 1.493146371751473], [0.48661662116544435, -1.5049497241630831, -1.3517527565115173], [-0.48662859154443405, 1.5051319368932103, 1.351814175002272], [-1.0460116571443292, 1.002844797234645, -1.4932077902422287], [1.2440634330244555, -1.8283431430865333, -7.754306245726287], [-0.1896955888053733, -0.9951987393134132, -5.323561682929714], [1.9389390097373667, -4.382613556588332, -6.468728747186331], [0.504910322147876, -3.5491966970894033, -4.038023123515849], [3.8483639438598702, 5.425602386500113, -1.8600379698781713], [3.1303419205810825, 6.668692822355017, 0.7085188626942951], [2.013245137575362, 3.195917832936317, -1.2937300363517779], [1.2952817379016683, 4.439387495370831, 1.2748617028710956], [3.1858109437522053, 0.8335608714629223, -8.143237077658489], [0.9611610653712681, 2.603493478173399, -7.8491018867704625]]",[-81777.734375],"[[0.07127019617341797, -0.09874995622424819, 0.42335350339418837], [-0.010958258545812708, -0.005748305924584283, -0.12134760005649532], [-0.05203550570826984, -0.09463454339109066, 0.07789793813479391], [0.17037727882367423, 0.14422441442391856, -0.2028222531930773], [0.14757538644367993, 0.5051071213775802, -0.3506601494142621], [-0.09514835293013643, 0.3142235866082209, 0.25755145374656063], [0.38539484667744317, -0.36513058309472357, 0.07272508141042974], [-0.2144648832134903, -0.018335472349726475, -0.2468294334316657], [0.22963342320921248, 0.3705032146448677, 0.06842701730798774], [0.3621093809482509, 0.2886202701011576, -0.2662079000648654], [-0.3722042574342625, -0.23808089014734493, 0.10967098003354939], [-0.29112653142256983, -0.3051034158680672, 0.028448228296979745], [-1.1109228664476083, 0.20052959924007943, 0.21059182269793916], [0.7709775896775117, -0.7040980173713759, -0.05896828351688552]]","tensor(-6, dtype=torch.int32)",
"['Bi', 'Bi', 'Bi', 'Bi', 'Bi', 'Bi', 'Bi', 'Bi', 'Bi', 'Bi', 'Bi', 'Bi', 'Bi', 'Bi']","[[1.544448, 0.537101, 1.286825], [-1.088545, -0.735281, 1.613486], [1.088626, 0.735272, -1.61366], [-1.54453, -0.537091, -1.28665], [5.745453, 5.795413, 4.351556], [3.80867, 5.588138, 2.146058], [6.063435, 2.869883, 4.347011], [4.126598, 2.662921, 2.141296], [0.4153, -6.054433, 5.285702], [-2.400918, -5.207021, 5.381226], [1.200592, -3.348343, 4.437027], [-1.615864, -2.501137, 4.532773], [-1.561721, -0.715411, -4.703965], [-2.203056, -3.383722, -5.50212]]",[-81777.703125],"[[0.26652394023970283, -0.033673689821028044, 0.17127089193111392], [-0.2346717083199175, -0.29770922763172364, 0.41994118481917464], [0.010573744713830269, 0.11009572650998233, -0.26360213699625007], [-0.25364512313775855, 0.09273886798507368, -0.9186494953870833], [-0.022843348870224364, -0.04549220910568303, -0.00046795517443350804], [-0.02905003131913349, 0.13281076697730168, -0.02551980188813177], [0.13516502459600982, -0.008108358813013253, 0.1453594028292246], [-0.041911339198895455, -0.0032999808453109637, -0.1258712528746893], [-0.0009552584250440933, -0.00012981856689047886, 0.043214313292967974], [-0.04392902380159918, -0.15536542194098976, -0.025441280354292415], [0.03851925007470844, -0.01421044872765306, -0.04551658831930008], [0.06341876269876423, 0.2654439220502935, 0.05083655336325014], [-0.10419910384666009, -1.074114933296192, 0.389856278764828], [0.21867604398116577, 1.0313163264759575, 0.18535293455388796]]","tensor(-6, dtype=torch.int32)",
"['Bi', 'Bi', 'Bi', 'Bi', 'Bi', 'Bi', 'Bi', 'Bi', 'Bi', 'Bi', 'Bi', 'Bi', 'Bi', 'Bi']","[[1.506170415847414, 0.8403434380585479, -1.1640396402479023], [-1.4272680941658331, 0.6962325180008613, -1.3442734064333455], [1.42734699966781, -0.6962559060061303, 1.344447601504939], [-1.5062493213493926, -0.8403200500532797, 1.16386544517631], [-2.901022123284725, -1.0912492402474427, -3.8451867734704024], [-3.6631735067259683, -3.1444264036980867, -5.810359148603273], [-2.567890171816394, 0.864833864810697, -6.018345972924507], [-3.3302473074482655, -1.1886426725039398, -7.983389859436831], [-0.2757404906829075, -3.1271415180432935, -4.895489024456016], [1.4324800233699002, -0.8884413640864719, -4.041956391321894], [1.9969727194207993, -4.308784124411163, -6.344058778589815], [3.7050840707899977, -2.069888389302722, -5.490212617910429], [7.534220230049187, -4.062851424285428, -6.2124814014440695], [5.7589131294801446, -2.7925392801421993, -8.05715909126074]]",[-81777.453125],"[[0.14671643182596372, 0.04065877418119669, -0.04510440425983961], [-0.04363430836813912, 0.07662303021830458, -0.01954531075153321], [0.06734674200812053, -0.03635550616308702, 0.12060295674835667], [-0.0833793788307167, 0.02522478820654056, 0.03972078895093451], [-0.04230894509539361, 0.42909693964670026, 0.34897232210240275], [0.018021566191689563, -0.3477191143085593, -0.40095013222392223], [-0.03408072138691242, 0.053335661871723894, 0.1472612488862309], [0.039610596550892364, -0.007992520267315858, -0.029535728400713647], [-0.47624302719938294, -0.24179104547677754, 0.2587052626373842], [-0.6526810680026959, 0.6088344789561051, 0.04203470079659069], [0.4760783222400591, -0.32108154527359084, -0.443352223296], [1.038663514920599, -0.3351429162155506, -0.3369599158214535], [-0.44332759211413425, 0.266543532056594, -0.545955545374725], [-0.008840635108127454, -0.20057762747361313, 0.855792159084166]]","tensor(-6, dtype=torch.int32)",
"['Bi', 'Bi', 'Bi', 'Bi', 'Bi', 'Bi', 'Bi', 'Bi', 'Bi', 'Bi', 'Bi', 'Bi', 'Bi', 'Bi']","[[-1.013656, 1.333473, -1.234531], [-1.430572, -1.457027, -0.399301], [1.430681, 1.457137, 0.399415], [1.013547, -1.333583, 1.234417], [2.682728, 0.039944, 5.676837], [3.717969, -2.076438, 7.439652], [3.75423, -1.385842, 3.336138], [4.789306, -3.502261, 5.099299], [3.838498, -1.476785, 10.709776], [6.453735, -2.806605, 10.485209], [4.312985, -1.028635, 13.57925], [6.928383, -2.358469, 13.354334], [0.33458, 4.679666, 0.345615], [1.399644, 7.214046, 1.127151]]",[-81777.71875],"[[-0.18806308446840633, 0.033243986254967, 0.14433594894055088], [-0.19655138054725158, -0.025987701783816833, -0.19788300703075126], [0.2560491573411141, 0.6206733871000707, 0.04061200064669749], [0.08604520290229495, -0.16355536704450038, 0.09916117869059615], [-0.04286071956465129, 0.1487836513294844, 0.0164243137519354], [-0.003943602883440392, -0.09584291112107829, -0.06275834877663006], [-0.03302423908881827, 0.020161774211995803, 0.01598943712346162], [0.15044412208862434, -0.17386503360703268, -0.1465990351908915], [-0.006483919513441884, 0.006227894061684987, -0.022585688195955293], [-0.07464785625870825, 0.02080065256217718, -0.19465215701691574], [0.1549059141306502, 0.0335004745055481, 0.36154435500599363], [-0.12459562504891787, 0.04371580724108083, 0.12077882030155287], [0.3958900441463883, 0.5701115871143301, 0.05353847060090689], [-0.3753450159436537, -1.0451468122267327, -0.22591282919518962]]","tensor(-6, dtype=torch.int32)",
"['Bi', 'Bi', 'Bi', 'Bi', 'Bi', 'Bi', 'Bi', 'Bi', 'Bi', 'Bi', 'Bi', 'Bi', 'Bi', 'Bi']","[[-0.678405, -1.437412, 1.34288], [1.923198, -0.187001, 0.771522], [-1.923355, 0.187098, -0.771576], [0.678563, 1.437316, -1.342827], [-0.704946, 6.137857, -4.576871], [-0.313605, 3.253949, -4.143003], [-3.479703, 5.90434, -3.625004], [-3.088, 3.020308, -3.191091], [0.218451, 6.988345, 3.657489], [0.20405, 7.330709, 0.735009], [0.342021, 4.068238, 3.314606], [0.327735, 4.410943, 0.391987], [-2.788395, 3.243394, -7.979313], [-4.881643, 4.307948, -6.350423]]",[-81777.6171875],"[[0.20399663092053197, -0.13850566077536405, 0.11585772613755378], [0.06923290432719562, -0.20637726807221957, 0.24393359834445974], [-0.18208979146654153, 0.2457124427584119, -0.23756394386071297], [-0.1701566780508053, 0.12324672074264803, -0.04292822648647467], [-0.010570613108453177, 0.073358807267035, 0.19079580868112736], [-0.2030360148277664, 0.008845335087297668, -0.25452351530609124], [-0.08804084285433926, 0.16168637970401228, -0.3820065422191963], [-0.05324443908126481, -0.3943219788858137, 0.013807551497931544], [-0.03208663952424292, 0.07098454645470309, -0.031658823148942784], [-0.013198883626552152, 0.4247653483405494, 0.02280714257554441], [0.10371301081497478, -0.2080387672731911, 0.06267777035912758], [-0.04835766916339394, -0.17943260630634833, -0.14541586428577705], [-0.6698940989374613, 0.2898221586476064, 0.3777019475111239], [1.0974348518267414, -0.2740092998444139, 0.07598174531423736]]","tensor(-6, dtype=torch.int32)",
"['Bi', 'Bi', 'Bi', 'Bi', 'Bi', 'Bi', 'Bi', 'Bi', 'Bi', 'Bi', 'Bi', 'Bi', 'Bi', 'Bi']","[[0.150739, -1.94667, 0.719353], [1.043228, 0.694429, 1.660828], [-1.043375, -0.694433, -1.660952], [-0.150592, 1.946674, -0.719229], [-2.948471, -5.947352, -0.621006], [-3.891873, -6.226602, 2.152137], [-3.08604, -3.018315, -0.37266], [-4.029361, -3.297895, 2.400665], [-1.294496, 6.222163, -3.778238], [1.619379, 6.168876, -4.184203], [-0.926484, 5.280633, -1.014554], [1.987534, 5.227568, -1.420801], [7.063013, 5.11739, -0.703546], [5.099658, 5.433389, -2.756258]]",[-81777.4296875],"[[-0.15293007168386333, -0.040140871443661345, -0.02416804365577936], [0.21870982829533242, 0.034050356641835706, 0.33965062818535546], [-0.10818251617073729, -0.37033501298331656, -0.3142471893482552], [0.19347896199756734, 0.5478303948336529, -0.05681385214604885], [0.0044430291492509105, -0.3106549448748106, -0.10428904108482971], [0.009918606698291983, 0.010398405665968157, -0.006199236530048658], [-0.028308781869038964, 0.021104243448643572, -0.11429248909201598], [-0.05362372842874295, 0.050768912743988655, 0.2825076232311169], [-0.05971626926097675, 0.030783588297033038, 0.09358141895557656], [0.11396868418135034, 0.01694441221278112, -0.2745354506854384], [-0.44726760419291967, 0.15180053402026455, -0.0618876699220341], [0.6742469789895252, -0.17217525225569336, 0.09983619648673843], [-0.5659212008716521, 0.11669168961876317, -0.7137612568206833], [0.20876803537594799, -0.08720363978136049, 0.8644156438417694]]","tensor(-6, dtype=torch.int32)",
"['Bi', 'Bi', 'Bi', 'Bi', 'Bi', 'Bi', 'Bi', 'Bi', 'Bi', 'Bi', 'Bi', 'Bi', 'Bi', 'Bi']","[[1.783192, 0.731159, 0.78444], [0.831433, 0.018607, -1.907165], [-0.831567, -0.018566, 1.907297], [-1.783059, -0.7312, -0.784573], [-0.797786, 1.835286, -6.305786], [-0.075115, 2.766143, -3.609573], [2.051924, 1.726598, -7.031872], [2.774337, 2.6574, -4.335378], [-2.544738, 4.503563, 1.991178], [-0.5875, 3.020545, 0.370009], [-2.024078, 6.925951, 0.403473], [-0.066873, 5.442549, -1.217705], [-5.506543, -2.519909, -1.811671], [-2.924168, -3.74062, -1.908869]]",[-81777.65625],"[[0.33877758391454693, 0.005761737374904414, 0.051150840044764716], [0.5568102346858907, 0.1262044680281137, -0.4796798226899877], [-0.03547394125170404, -0.29947300537284344, 0.67849135842836], [-1.0574608604968776, -0.49569739283975156, -0.38089001434476666], [-0.09757789249091453, -0.11359674819296783, -0.4820024043002839], [-0.11782004457425566, -0.06894339795161239, 0.5475784265849216], [-0.03640473253135448, -0.021113751393376314, 0.07639425333287478], [0.27740979133836474, 0.036216995617212956, -0.0442070939040155], [-0.3228620351944735, 0.07327915444718094, 0.4823260035225832], [-0.04317354585876507, -0.5490048754052909, -0.09802284784933757], [0.0058092051076399165, 0.049864382726507006, -0.03443513272648519], [0.26294285436013065, 0.7970886993389062, -0.5474287882984301], [0.6158191416551229, -0.2875680712632919, -0.07575543668920329], [-0.33967433376957284, 0.72549526389783, 0.30590246374909524]]","tensor(-6, dtype=torch.int32)",
"['Bi', 'Bi', 'Bi', 'Bi', 'Bi', 'Bi', 'Bi', 'Bi', 'Bi', 'Bi', 'Bi', 'Bi', 'Bi', 'Bi']","[[-1.107884, 1.342413, -1.140279], [0.602086, -0.977097, -1.735419], [-0.602161, 0.977107, 1.735596], [1.107959, -1.342424, 1.140102], [0.761147, -4.951159, 3.201775], [-1.221615, -3.815818, 1.347599], [-1.380371, -6.406197, 4.600568], [-3.363005, -5.270732, 2.74605], [-2.312133, -3.149139, -4.863507], [-4.879081, -1.803449, -4.355365], [-1.975722, -3.597857, -1.974677], [-4.542922, -2.252151, -1.466826], [3.674363, 0.860439, 0.581533], [5.132285, 3.306531, 0.825135]]",[-81777.328125],"[[-0.08170785232188749, 0.008131174795046341, 0.24946579264476984], [0.003603335704377018, -0.13060933581476286, -0.14334854193807323], [-0.11547113485307162, 0.1772383742366304, -0.2030293299558613], [0.17016156314950523, 0.02566410770372666, 0.20133384075235683], [0.22622033330282512, 0.09029888973970528, 0.034107928815566256], [0.11211728319618186, 0.24092283488257732, -0.05680608741022059], [-0.08830458676204199, -0.14883162814092651, 0.0618614446553294], [-0.2859293006267978, -0.16566783798860954, 0.2183135696576336], [-0.024310467422822498, 0.05675507669537538, -0.4321986687885838], [0.010677751036255604, -0.0017221145340816414, -0.036732671778182985], [0.15206314664195256, 0.18742118249924017, 0.08338683503399548], [0.07002233627709857, -0.010461860526975208, 0.14341004275960034], [0.3254376134953327, -0.04635107630584356, -0.09561629396349475], [-0.4722685108971487, -0.29433105332551757, -0.023182564981735886]]","tensor(-6, dtype=torch.int32)",
"['Bi', 'Bi', 'Bi', 'Bi', 'Bi', 'Bi', 'Bi', 'Bi', 'Bi', 'Bi', 'Bi', 'Bi', 'Bi', 'Bi']","[[-0.507707, 0.831014, 1.838848], [0.994406, 1.75279, -0.517484], [-0.994532, -1.752934, 0.517457], [0.507833, -0.830871, -1.838822], [0.561261, 5.639269, -3.964864], [-2.090721, 6.228332, -2.83424], [0.066831, 2.758527, -3.623221], [-2.585308, 3.34793, -2.492684], [-1.140794, 4.713843, 4.148383], [0.325365, 2.229699, 4.729519], [-0.712822, 5.613952, 6.917228], [0.753489, 3.129619, 7.498065], [-3.017865, -4.406497, -0.152036], [-4.689892, -3.29079, -2.183726]]",[-81777.3359375],"[[-0.13075943690007857, 0.19833361881924788, 0.16805526285638542], [0.027694940935246836, 0.07740505738702033, -0.2914571240493238], [-0.08166152101737587, -0.8343614881981861, -0.042572822700534446], [-0.13743721255655975, 0.01828796347931771, -0.23593844012384593], [0.043001076163613, 0.26384094118953755, -0.09837246664997529], [0.014350867033124663, -0.08640253501666935, -0.037833639327701125], [0.09468241735834963, -0.218206817395518, 0.24754600027780282], [-0.030452100925885663, 0.031849804797062876, 0.07116678634725493], [-0.05709348548004913, 0.005878516944877683, -0.0630320685700989], [0.009342015927638845, -0.05458958957484947, -0.09611118017283986], [0.05692260986973598, -0.04588745472817777, 0.04865932143700785], [0.02771737639380225, 0.17780694830320656, 0.3528730991253144], [-0.3220655069959328, 0.9499208119383139, -0.5190556208285265], [0.48695635718080116, -0.48476248506572434, 0.4875237999613627]]","tensor(-6, dtype=torch.int32)",
"['Bi', 'Bi', 'Bi', 'Bi', 'Bi', 'Bi', 'Bi', 'Bi', 'Bi', 'Bi', 'Bi', 'Bi', 'Bi', 'Bi']","[[1.125058, -1.73173, 0.255091], [0.38793, -0.049081, -2.043528], [-0.387936, 0.049163, 2.043702], [-1.125052, 1.731648, -0.255266], [3.790404, 4.338861, -5.216611], [3.620171, 2.079852, -3.33879], [1.723564, 3.093947, -6.901313], [1.553451, 0.834999, -5.023131], [-0.701138, -1.527542, -9.456048], [0.888071, -2.686574, -11.644513], [1.775602, -0.774037, -8.056817], [3.364638, -1.933105, -10.245624], [3.380871, -1.344528, -2.97325], [5.349179, -3.399426, -3.240462]]",[-81777.8515625],"[[0.33072699267921224, -0.410267146730636, 0.13142694707085048], [-0.23562769642444106, 0.2828704575092901, 0.06582876186474275], [-0.017493939536636843, 0.06684753634308287, -0.07660678083736598], [-0.21373067858994196, 0.15616482977665883, 0.14512183276613497], [0.07916466993872237, 0.07459036636032422, -0.2446970107160243], [-0.03827225948444177, -0.09106111940316357, 0.45959013710817487], [0.1269719941670045, 0.197593140700527, -0.12434705065823061], [-0.06847458274269723, -0.2250401963011137, -0.04494255836880752], [-0.20078131037835295, -0.10237876180480464, -0.03542716257499568], [0.0012460205281036511, 0.03932314191676309, -0.014002472078266496], [-0.0390602464735714, 0.1067998275503008, -0.011058829872520643], [0.18682514903576145, -0.1291825270397526, -0.18261367973553655], [0.5183691359059623, -0.49684317988428894, -0.11101278809118148], [-0.42501711090091454, 0.5153074645734179, 0.06978034391413328]]","tensor(-6, dtype=torch.int32)",
"['Bi', 'Bi', 'Bi', 'Bi', 'Bi', 'Bi', 'Bi', 'Bi', 'Bi', 'Bi', 'Bi', 'Bi', 'Bi', 'Bi']","[[0.05973028951551562, -1.6769581346042841, 1.2304301714560693], [-1.6261603572558658, -0.8050023998065733, -1.0180759066909657], [1.6263356451076423, 0.8050810245577911, 1.0180903745006076], [-0.05990557736729174, 1.6768795098530682, -1.2304446392657122], [0.17442277656503324, -7.534883158193975, 2.2557787028741574], [0.7200329110032478, -4.674991395753177, 2.681973902405522], [2.387626468666534, -7.668582191603912, 0.320911032233983], [2.933112624029932, -4.808534457006087, 0.7474360345476886], [7.903022860614143, 0.6643868443254974, 2.3237919770617217], [7.529472470648278, 1.8385832495437813, 4.995876662828775], [5.009892795348126, 0.8732392423940547, 1.8277697815604848], [4.636648896114093, 2.047601854011284, 4.5000185004469095], [2.695332840435544, 3.557629151886341, -1.9175215243630497], [1.7091573358056606, 4.4187218692376105, 0.6229944134709573]]",[-81777.953125],"[[-0.402365679560877, -0.05409285217020757, 0.11810379167558216], [-0.1478988828217961, -0.5921238418560552, -0.15519233518073874], [0.474033934145199, 0.5103973747370165, -0.06706618307647184], [0.04597325763018455, 0.7571872131581673, 0.048072507954549044], [0.0027616820493721788, -0.2084236616286512, 0.012819445155008442], [0.01831112398936437, -0.029530941003987753, 0.0862527424639031], [-0.025139232130573355, -0.08428492186340242, -0.027638140092889958], [0.009410237616535163, 0.1417929208236605, 0.007701368384802141], [0.32202498638776944, -0.04960173925156404, 0.09678552948179163], [0.04995750299214531, -0.017086311474490166, -0.03131466537443063], [-0.12301820096767613, 0.05503413355653988, -0.07927183357757057], [-0.15232102843121542, 0.030275450614688316, -0.027417529035602718], [-0.3588616130662862, 0.19871141692607025, 0.8355292838979189], [0.28866264190461777, -0.6548382247443861, -0.796838787973838]]","tensor(-6, dtype=torch.int32)",
"['Bi', 'Bi', 'Bi', 'Bi', 'Bi', 'Bi', 'Bi', 'Bi', 'Bi', 'Bi', 'Bi', 'Bi', 'Bi', 'Bi']","[[0.601141, 0.550289, -1.914556], [-0.295268, 2.002183, 0.482686], [0.29534, -2.00236, -0.48266], [-0.601213, -0.550112, 1.91453], [-1.200234, -3.187469, -3.23643], [-3.660747, -3.485879, -1.650511], [-2.007978, -0.455898, -3.975301], [-4.468491, -0.754574, -2.389103], [5.832028, 2.700757, -1.04254], [4.654434, 5.393047, -1.194734], [3.255746, 1.626813, -0.110191], [2.078324, 4.319358, -0.262617], [4.312083, -0.560949, -2.435983], [3.709302, -1.874931, -4.901414]]",[-81777.5078125],"[[0.3466447525492235, 0.09744769175503945, -0.3071694526634816], [-0.3835108955083059, 0.32760855135756584, 0.15643093910057412], [0.20979071793324802, -0.3670656478228892, 0.1366646470526943], [-0.05846177591484381, -0.24144425489117657, 0.10368642559362905], [0.11484070001032731, -0.08045572439196715, 0.05350967422962331], [-0.13765390525046875, -0.04589923552935825, -0.09155600561250868], [-0.03155558815789111, 0.1892798854214127, -0.05360675913852225], [0.00829609572715478, -0.08374720105177297, 0.05449723549837568], [0.5531752070322534, 0.21460135744453793, -0.33605200737255525], [0.6635897505100183, 0.14604146545191302, -0.2854570401377469], [-0.6788744530106149, -0.20778170823739348, 0.20282204750471103], [-0.4052723647094058, -0.029563779151669356, 0.20706195322157847], [-0.19587631132901773, -0.1958313684209787, -0.020407438112299767], [-0.000934077665523182, 0.28286922337909226, 0.18779481541664475]]","tensor(-6, dtype=torch.int32)",
"['Bi', 'Bi', 'Bi', 'Bi', 'Bi', 'Bi', 'Bi', 'Bi', 'Bi', 'Bi', 'Bi', 'Bi', 'Bi', 'Bi']","[[1.8529288086431517, 0.9218840994401369, -0.2156368169636601], [-0.19046473614924964, -0.10106275866038472, -2.0693995327352934], [0.1904075428203531, 0.10110712106767678, 2.069578076567305], [-1.852871615314257, -0.9219284618474297, 0.21545827313164934], [-0.9505711362209658, 4.571461924606358, 2.25843166130363], [-2.4833990155904253, 6.716745759206141, 0.9520972397198688], [0.18587696935412157, 3.7991127037653176, -0.3438406729373566], [-1.3470667595184267, 5.944690205718457, -1.6499541728648535], [-3.2909793818045396, 9.58614553392813, 2.445322743200337], [-5.875584887228533, 10.969879696629787, 2.6971318138993987], [-2.225815781062447, 11.168294318854652, 4.686324894730913], [-4.810731431853664, 12.551850310572778, 4.937990672192808], [4.358355812622167, 3.038196767795123, -1.2788346904282453], [6.785480607549148, 2.72802294130109, 0.19802056700381465]]",[-81777.390625],"[[0.4611554769978959, -0.23086462234786065, -0.1611273701464696], [-0.07535701832365821, 0.09655351300459243, -0.20323692093956103], [-0.14191206580984636, 0.14625671832725787, 0.2125094039149683], [0.13628170673671416, -0.06006660797089656, 0.07306235890908877], [0.15054393236837693, -0.28001092641873815, 0.3862223823972053], [-0.13325114576957428, -0.1687116658553765, -0.18110428708145226], [0.3164291829601776, -0.07615066688507055, 0.038591426122447085], [-0.23208378871707963, 0.48014575826177447, -0.470879137404807], [0.08123044962367884, 0.050390502714276496, 0.01800725542360345], [-0.24908722320657378, 0.14253823261898968, -0.0020292412035649303], [0.12119040272254188, 0.13022073906870912, 0.17555928868033926], [0.025311660688052157, -0.07627392563858264, -0.05468631452910738], [0.5241340665927537, -0.3290858566265055, 0.7247907812432136], [-0.9983804768203524, 0.16518704143235677, -0.5521513931889387]]","tensor(-6, dtype=torch.int32)",
"['Bi', 'Bi', 'Bi', 'Bi', 'Bi', 'Bi', 'Bi', 'Bi', 'Bi', 'Bi', 'Bi', 'Bi', 'Bi', 'Bi']","[[1.3499543102389993, 1.485515042904966, -0.5482546097395848], [0.07663670745534801, -0.7807456887956883, -1.9270360420829835], [-0.07672462017078874, 0.7808138986130808, 1.9271933181945684], [-1.3498663975235596, -1.4855832527223596, 0.5480973336280006], [-2.1360963507771578, -4.680830143795222, 5.655065576305554], [-1.0625362044558435, -1.9459184854964608, 5.493694905754559], [-4.1877178011203124, -3.9929633051803446, 3.660686586749952], [-3.113792290479121, -1.257998792939793, 3.499426294523815], [1.9093796711608417, 3.738966704592252, 7.308233719771422], [1.7087528450034408, 0.8925728863458791, 6.5898293991713555], [-0.6442523600958243, 4.263337299784964, 5.943001928099328], [-0.8446796890855892, 1.4166930014333086, 5.224811917081322], [-3.7904045823493613, 0.3984116012823101, -4.455793149822302], [-1.4149342591487015, 1.7490181303414971, -3.618388366308586]]",[-81777.78125],"[[0.0632777633236578, 0.23168912416421972, -0.26706397504545326], [0.03854443661516326, 0.7266172939360583, -0.8491432826431514], [0.04535990520626241, -0.20443284452338678, 0.06465099027924395], [-0.3915353643211191, -0.2487806961186783, 0.5819762063040846], [-0.09295977729049207, -0.12948031237207985, -0.06631166672675023], [0.09345286372663196, -0.023835517558382115, 0.04153064088610809], [-0.09345888011134657, -0.22706308996169428, 0.02823514029169034], [0.02258630011884507, 0.1281247231939049, -0.057926677629884835], [0.07790930241703262, 0.23751689264691925, 0.05964309562466149], [-0.11287473060512342, -0.16405107600731073, -0.019934154323626507], [0.0043653463097251865, 0.20155027633580794, 0.08769729186050773], [0.03361115541546024, 0.04255742692631604, 0.06762066748995567], [0.4717642658671364, 0.44303104091200485, 0.18098617053709795], [-0.15761750386373274, -1.0076271973278792, 0.14097901195816648]]","tensor(-6, dtype=torch.int32)",
"['Bi', 'Bi', 'Bi', 'Bi', 'Bi', 'Bi', 'Bi', 'Bi', 'Bi', 'Bi', 'Bi', 'Bi', 'Bi', 'Bi']","[[-0.7033540571480155, 1.88526219519384, 0.5299002030541479], [1.9568512576634602, 0.6968635731235828, 0.11840286662013189], [-1.9570007378958192, -0.6969503673472126, -0.11848795141829627], [0.7035035373803745, -1.8851754009702115, -0.529815118255984], [-0.42801007617864806, 0.6489712355672835, 6.299574940965063], [0.3430700827368486, 0.6468239503303268, 3.4599016432994736], [2.2033663854998835, -0.45749135673232966, 7.014737416155695], [2.9742561351148193, -0.45939957242962515, 4.174829473964351], [0.5701622408239129, -4.323718402915922, -2.9888298105982263], [0.9118251634480712, -3.825102269280535, -5.868580157132525], [1.2546181294991645, -7.156338621213783, -3.398270590813082], [1.5963527459291855, -6.657359911048227, -6.278129869702408], [-2.369097544465568, -1.2077158064689035, -3.5134258119365978], [-0.4170943628166972, 0.7964094665247687, -2.929123242049454]]",[-81777.328125],"[[-0.05997106572474494, 0.5270676969172694, -0.5426974416523532], [0.3064503661348571, 0.2799325077290819, -0.09835580589230405], [-0.14136493475545814, -0.7118108168871358, -0.215997004432052], [-0.11966002985509384, -0.6882615558281492, 0.3745137264112064], [-0.09388331805523005, 0.05385780178960526, 0.513586212902033], [0.0381079504752231, -0.09286917156513193, -0.22344266618206504], [-0.14472444284242145, 0.002611605132439512, 0.09528415867399351], [0.2647708582936312, 0.0017027628583581535, -0.1980193784176157], [-0.20602029591248622, 0.34628886025341327, -0.01213316592081062], [-0.14758459099807236, 0.2065514346963937, 0.00032908631942532975], [0.11285791558117747, -0.3718174090393225, -0.11943824637411865], [0.067183219756903, -0.11506829418765081, 0.10964670880632464], [0.25934217666366727, 0.1791092127724153, 0.07799574295297496], [-0.13010334243363691, 0.38668476984467326, 0.242172854506743]]","tensor(-6, dtype=torch.int32)",
"['Bi', 'Bi', 'Bi', 'Bi', 'Bi', 'Bi', 'Bi', 'Bi', 'Bi', 'Bi', 'Bi', 'Bi', 'Bi', 'Bi']","[[-0.8601286794092889, 0.9245714866120041, -1.6538019592841826], [1.0658691755365337, 1.7375249084682562, 0.4169352660581115], [-1.0658892748451378, -1.7377137411719854, -0.41696775032809164], [0.8601487787178939, -0.9243826539082758, 1.653834443554164], [5.419996806488388, -1.3542193423051743, 2.6837883938100076], [3.5926936694564566, 0.9521067067856619, 2.67208111144753], [4.652809893401887, -1.9477200905629066, 5.46210443403317], [2.825384227861581, 0.35873216330504637, 5.4500543293860195], [-7.487405676391152, 0.8935511315928493, -2.651265651552616], [-6.1870007150462945, -0.9383099322244078, -4.55167235517213], [-4.871874414777362, 1.5006045774864587, -1.4469645054497517], [-3.5716576807334546, -0.3313340219401889, -3.347698358442571], [-2.727325499735426, -2.4938217714207274, -5.937604991312057], [-0.01433062983890232, -2.901198600830116, -6.738820929103797]]",[-81777.5390625],"[[-0.2832644021528679, -0.21756697231001498, -0.19657657737212472], [0.194492799955116, 0.05812958920325098, 0.26305850264408914], [-0.2917279642056642, 0.08767749435525027, -0.4644065358937215], [0.1962039214744601, 0.13647639077542784, 0.24538113022237587], [0.13897020795067824, -0.09047968981369296, -0.03467648745551493], [0.15202303741052187, 0.14826490526964717, 0.11656159172707123], [0.00990534494087406, -0.03234499953895745, 0.05063835205347252], [-0.04574202276877733, 0.023454176469450028, 0.06415764673264618], [-0.01982856934298973, -0.17090276117750816, -0.2061026741031939], [-0.4301479557764596, -0.07987336920484812, -0.15563816471471859], [0.1491676715093877, 0.12249652384861896, 0.13044689342746846], [0.46985820319862065, -0.3880895185423966, -0.20206778826544727], [0.995585686143097, 0.21509917471310297, 0.030066707776137243], [-1.2357222258233576, 0.1825660114566439, 0.36335580102600606]]","tensor(-6, dtype=torch.int32)",
"['Bi', 'Bi', 'Bi', 'Bi', 'Bi', 'Bi', 'Bi', 'Bi', 'Bi', 'Bi', 'Bi', 'Bi', 'Bi', 'Bi']","[[-1.5813827600019055, 1.3414655829161575, 0.17150322373257615], [-1.2805736942507517, -1.5700094138102596, 0.4733987506633753], [1.2807324413403334, 1.570116911161214, -0.4733797590576683], [1.5812240129123254, -1.341573080267113, -0.17152221533828327], [0.9300693618500417, 1.6901587934898767, -3.9217340794567805], [1.7493365236410807, -0.35708801435508053, -5.870039878134569], [2.128966342144576, 3.778942445569829, -5.612736090868709], [2.948040812704858, 1.7313619794474133, -7.561038689003894], [-4.349069380356953, 2.1179672981567785, 1.957774911391466], [-2.2557309513640886, 3.7823966168680836, 3.184935424322804], [-5.377662299814603, 1.4413135554164476, 4.6306002396970944], [-3.2841664268396076, 3.106018088668262, 5.857541808916069], [-4.092827492153104, -1.729077518471905, -1.3664442358160813], [-6.7020131315209, -2.253279167700895, -2.4083688753454844]]",[-81777.2578125],"[[-0.49687089639164944, -0.2322576468087043, -0.0410851198846777], [-0.30664381604337293, -0.06908162053377362, -0.052110427695698756], [0.5884322499016822, -0.19427502739728386, -0.3898432175535672], [0.4528344055608617, 0.18864636525317374, 0.0012755152113908673], [-0.21698646831819274, 0.02715290066792485, 0.29625151417967505], [0.12303167355566952, -0.23813591178533325, -0.03926247413311956], [0.17256498028776177, 0.20536034478917625, -0.10265294439709766], [-0.0944008299848694, 0.05136593865383482, 0.04089427193399572], [-0.11859826650819466, 0.00654497296277225, -0.027130454924951124], [0.05483507864004206, -0.0034909018153629913, -0.12001221976031047], [-0.059616099026583116, 0.013964954520251304, 0.17322400581342334], [-0.08544639264587103, -0.032603683512848924, 0.06758271798637122], [-0.7079891270410709, 0.2600962816366562, 0.02417336070004851], [0.6905524100079418, 0.01273068034052678, 0.17348008782948096]]","tensor(-6, dtype=torch.int32)",
"['Bi', 'Bi', 'Bi', 'Bi', 'Bi', 'Bi', 'Bi', 'Bi', 'Bi', 'Bi', 'Bi', 'Bi', 'Bi', 'Bi']","[[0.261014, 0.155251, 2.058515], [0.018334, 2.074459, -0.158704], [-0.018406, -2.074636, 0.158676], [-0.260942, -0.155075, -2.058487], [5.382945, -4.751198, 0.092525], [5.287557, -5.036657, 3.019594], [2.460535, -4.411272, 0.030629], [2.365471, -4.696656, 2.957892], [-3.059408, -1.516226, -3.335856], [-2.101466, -4.221279, -2.6852], [-5.363747, -2.673528, -4.753789], [-4.405568, -5.378615, -4.102831], [-2.190658, -1.495175, 3.843327], [-3.610056, -1.71956, 1.37286]]",[-81777.5546875],"[[0.07485806976907845, -0.03791648545944218, 0.7752497370457985], [-0.20723899948288096, 0.12278582453583588, -0.06255420307306604], [-0.6114518634174171, -0.4192910038932644, -0.0424406319297153], [0.2845327794637269, 0.06583380122971738, -0.1581243199983239], [0.31199305054184906, -0.06238579572314862, 0.04644153290713813], [0.09684466488710615, -0.035244465025828786, -0.07567850924020285], [-0.20240712264776944, 0.05919212388152384, -0.07447420385544988], [-0.15674831624979252, 0.0886180558323005, 0.060039868483276075], [0.04521789795816106, -0.06824441746079483, 0.32002410138238424], [0.0811259085115011, 0.21288637926832543, 0.1762023733576117], [-0.26858174950046476, -0.21703099984949917, -0.2657174875774876], [-0.08568344848804486, 0.11283626688062319, -0.09461263758007851], [0.15843305823615725, 0.34377267446832654, -0.5959835840498876], [0.48780291907444717, -0.1643609455311588, -0.016752520393640103]]","tensor(-6, dtype=torch.int32)",
"['Bi', 'Bi', 'Bi', 'Bi', 'Bi', 'Bi', 'Bi', 'Bi', 'Bi', 'Bi', 'Bi', 'Bi', 'Bi', 'Bi']","[[-0.059102, -1.484491, 1.456883], [-1.908814, 0.617274, 0.551641], [1.90895, -0.617332, -0.551765], [0.058966, 1.484548, -1.456759], [-0.200614, -1.35435, 4.820863], [0.541343, -4.137532, 4.219439], [2.640771, -0.589411, 4.785396], [3.382458, -3.372817, 4.183813], [-3.115586, -6.760284, -1.413307], [-2.073319, -4.015153, -1.22291], [-1.212269, -7.626341, 0.657247], [-0.170232, -4.880926, 0.847523], [-1.334067, 6.65303, 1.722286], [-1.297073, 3.805487, 1.480684]]",[-81777.2109375],"[[-0.02498129431850118, -0.1742139324983883, 0.18581681324201163], [-0.8374355008327095, 0.07279239292830512, -0.31016489234207384], [0.3937038853450481, -0.11190017912554023, -0.0123394353567568], [-0.19923515092879052, 0.4410666655916399, 0.16454899612005897], [-0.06463412383320642, 0.156568596039728, -0.04951058845203317], [0.07941314148522648, -0.29015825343815915, 0.12188012723687541], [0.12107717127688747, 0.06479718328559975, 0.013025467764915052], [-0.0029098527493700553, 0.011628735771268663, 0.034969917336685544], [-0.005063299901373927, -0.1465171712210996, 0.05008768315918377], [-0.0759721293831123, 0.251176297099015, -0.122004054477578], [-0.16876555620735006, -0.36454226294498154, -0.05280277473670276], [0.2634553783468869, 0.3041628029689254, 0.082289539021816], [-0.2688555721381167, -0.29849783682816133, -0.21931907723634664], [0.7962536045716821, 0.07280031193040812, 0.12920942079364778]]","tensor(-6, dtype=torch.int32)",
"['Bi', 'Bi', 'Bi', 'Bi', 'Bi', 'Bi', 'Bi', 'Bi', 'Bi', 'Bi', 'Bi', 'Bi', 'Bi', 'Bi']","[[-1.766086, 0.917847, 0.606805], [-0.379373, 0.569242, -1.964929], [0.379415, -0.569367, 1.965069], [1.766044, -0.917722, -0.606946], [5.902608, 2.344546, 0.249209], [4.859254, 1.219293, -2.261475], [3.334953, 3.708137, 0.704876], [2.291771, 2.582566, -1.805944], [8.726579, -3.107255, -0.153653], [7.255705, -5.590408, -0.72706], [6.400697, -1.528683, -1.024422], [4.929939, -4.012155, -1.597649], [-0.065614, 4.885998, -2.613995], [-2.187366, 4.445149, -0.750647]]",[-81777.46875],"[[-0.22694661892427048, 0.31569024750420405, -0.20660825610758723], [-0.1711894393380546, 0.16840513876748103, -0.062070321191318584], [0.11223010326510365, -0.07765486590790546, 0.04850997111422918], [0.4681961383546418, -0.12252424035597942, 0.16294447259655567], [0.012181394700501474, -0.12883830755873055, -0.08759357350179522], [0.5055683775390333, -0.38551728267749, -0.3166400649577383], [-0.28253904212907094, 0.08891357859259832, 0.0819591006613368], [-0.9045469867718612, 0.40883987515680154, 0.1095432989801616], [0.4265091743101371, -0.33698588397770035, 0.0964681523325732], [0.1548267241096203, 0.01317468439025562, 0.10036255301612919], [-0.22184050807477435, 0.2750377930980623, 0.08311892593687494], [-0.29040543943237385, 0.06946322387537275, -0.12559269940461215], [-0.25418495225514276, -0.05839770398873783, 0.41247834809057454], [0.6706335486143505, -0.22978018185857563, -0.2986413044636635]]","tensor(-6, dtype=torch.int32)",
"['Bi', 'Bi', 'Bi', 'Bi', 'Bi', 'Bi', 'Bi', 'Bi', 'Bi', 'Bi', 'Bi', 'Bi', 'Bi', 'Bi']","[[2.000087, 0.554517, -0.147911], [-0.570338, 1.862119, -0.73221], [0.570336, -1.862266, 0.732335], [-2.000085, -0.554371, 0.147786], [1.642398, 2.29759, -4.174163], [0.301013, -0.146961, -3.234391], [4.166917, 0.809266, -4.441655], [2.82515, -1.635301, -3.50192], [-3.610801, 3.275591, 1.802577], [-6.478122, 3.849972, 1.475662], [-4.242134, 0.463624, 2.39766], [-7.10955, 1.038315, 2.070535], [0.213298, -2.134537, 6.169638], [-0.164796, -0.641639, 3.762037]]",[-81777.6953125],"[[0.18790984663550436, -0.11316002036919726, 0.3297968698867523], [-0.18060549279314722, 0.2730405590611791, 0.15445195990620103], [0.31598911270045443, -0.29288737810446974, 0.48378145440260234], [-0.3820660890012434, 0.09560960909158964, 0.07005612059126522], [-0.14317884903586636, 0.19043425995524357, -0.14961442664101593], [-0.2358284996920525, -0.0749563373860837, -0.1862890737310625], [0.23753854134747351, 0.051407986498118015, 0.031873155568848364], [0.09736690764917066, -0.15731601614081187, -0.009351909538058423], [0.33486297434900086, -0.09795512495472955, -0.1150304989503411], [-0.22332933189222748, -0.05885011555043965, -0.0010863523626498857], [0.33672944200700167, -0.10700988679439627, 0.09560878633812439], [-0.4006459705522393, 0.20911498022782363, 0.00020968951925702284], [0.0005858637164273692, 0.07749823421695937, -0.2728845958574235], [0.04522005768600732, -0.0034999109658074286, -0.4367348171750312]]","tensor(-6, dtype=torch.int32)",
"['Bi', 'Bi', 'Bi', 'Bi', 'Bi', 'Bi', 'Bi', 'Bi', 'Bi', 'Bi', 'Bi', 'Bi', 'Bi', 'Bi']","[[0.236326, 0.259093, -2.051033], [-1.659162, 1.254996, -0.032713], [1.659334, -1.255057, 0.032776], [-0.236498, -0.259032, 2.05097], [4.207376, 3.158139, -1.357567], [1.766008, 2.326345, 0.05882], [5.059034, 4.686694, 1.008454], [2.617489, 3.854582, 2.424716], [3.232837, 7.460994, 1.807995], [2.033794, 7.226188, -0.868846], [3.253839, 10.391574, 1.541318], [2.054603, 10.156444, -1.135602], [-5.383922, 2.286103, -1.596066], [-3.253213, 0.987679, -2.989772]]",[-81777.28125],"[[-0.4938237260889298, -0.14077260368257302, -0.8412499915859534], [-0.3859398180039851, 0.3142915666132869, -0.1425319591238172], [0.09210730185631469, 0.1453802287763136, 0.15493712734023793], [0.16612384909672182, -0.22160180672567, 0.22404199065940472], [0.23939086793029038, 0.08862319804145828, -0.5447388986879934], [0.08266579446589103, -0.6401592744825765, 0.18378466360494705], [-0.09872090274250671, 0.13418368540033837, 0.1795148302307813], [0.10353406193628391, 0.5540380697289295, 0.5892966552611056], [0.00043968294852937174, -0.6012512631111213, 0.15020125555010222], [0.04854502555405779, -0.15536907290949178, -0.07657484771849614], [0.07149434507060577, 0.6628868105181492, -0.15304793111775974], [-0.006780866665676424, -0.019799742118451195, 0.1642771789439785], [-0.07818986134868129, 0.04352970040724233, -0.00302038916320486], [0.25433556756137427, -0.1683622013210135, 0.1153219593654043]]","tensor(-6, dtype=torch.int32)",
"['Bi', 'Bi', 'Bi', 'Bi', 'Bi', 'Bi', 'Bi', 'Bi', 'Bi', 'Bi', 'Bi', 'Bi', 'Bi', 'Bi']","[[-0.93247, -1.330571, -1.299921], [-1.736889, 1.142962, 0.07589], [1.737078, -1.142991, -0.075916], [0.932281, 1.330601, 1.299947], [-3.652479, -0.201992, 2.512506], [-1.768337, 0.421412, 4.684991], [-5.06732, 2.329237, 3.013469], [-3.182835, 2.952465, 5.185945], [2.851401, 2.370947, -3.438689], [1.871277, 4.258354, -5.472249], [0.077089, 1.743872, -2.68382], [-0.902797, 3.631364, -4.71767], [8.303504, 2.352127, -4.283051], [5.805921, 3.71511, -4.552493]]",[-81777.5703125],"[[0.1504644338147976, -0.27789485592821855, -0.12160584180039923], [-0.3188319830333352, 0.24892714623549198, 0.09234533471822849], [-0.1395519974947899, 0.0774027948149909, -0.03858689069396993], [0.16081251267973853, -0.053809670711888406, 0.10605528708634529], [0.021340491963979635, -0.1365964613592621, 0.01621580745500558], [0.039920903162518825, 0.021620109871352444, -0.02201795230947186], [-0.09529593433296484, 0.11089132911087463, 0.01235336045915608], [-0.002538161015922549, -0.012232760227778578, 0.011309579417681653], [1.4356271494949493, -0.02127502135698273, -0.17354354269048802], [0.16043641150193821, 0.15012160273024816, -0.22111663929163308], [-0.5462373384365715, -0.17340686277107414, 0.3122598283529549], [-0.3305258808790513, 0.11063627553664855, -0.06282195790391183], [-0.48575889093422814, 0.20245561368012732, -0.020120867938145638], [-0.0460681262469365, -0.2521076540216728, 0.09664411872995257]]","tensor(-6, dtype=torch.int32)",
"['Bi', 'Bi', 'Bi', 'Bi', 'Bi', 'Bi', 'Bi', 'Bi', 'Bi', 'Bi', 'Bi', 'Bi', 'Bi', 'Bi']","[[2.070377, -0.158222, -0.134972], [0.193307, 0.964561, 1.833346], [-0.193375, -0.964696, -1.833467], [-2.070309, 0.158357, 0.135092], [-6.158756, -0.76409, -3.825436], [-5.882142, -3.363722, -5.175884], [-3.292726, -0.805491, -3.159091], [-3.016377, -3.405214, -4.509803], [-12.285079, 1.940422, -0.939136], [-9.655186, 1.095756, 0.07502], [-11.835995, 0.386423, -3.397442], [-9.206047, -0.45823, -2.382905], [-3.648608, -1.232824, -7.090413], [-6.267709, -0.093384, -7.191542]]",[-81777.734375],"[[0.14202133775444925, 0.12558580884434073, 0.297965463914056], [0.3595456811505462, 0.07786040000794209, 0.12003787938400778], [-0.10320388068626261, -0.04804720314328358, -0.011405687306840634], [-0.14422585424248274, -0.15648349247816667, -0.21596306585161065], [-0.5501932399416547, 0.09791527283375673, -0.09591176530170101], [0.0370435440328168, -0.05235128877264935, -0.20640961256782206], [0.4222200576516297, 0.16722839562381375, 0.09433536966229081], [0.0017164853577166152, 0.1325355045210855, -0.18796594813741577], [0.012057405753288992, 0.004252360147447613, -0.04857625933248217], [0.0502862598502299, 0.06393565756330466, 0.18892193624193937], [-0.26337269162362975, 0.04202561965521805, -0.0998237523405766], [-0.044105586695240846, -0.13378814667192163, 0.06742526354195988], [-0.20873116573628667, -0.31224244768600157, -0.047675863651163386], [0.2824169660836651, -0.012193072657498801, 0.1573792653134526]]","tensor(-6, dtype=torch.int32)",
"['Bi', 'Bi', 'Bi', 'Bi', 'Bi', 'Bi', 'Bi', 'Bi', 'Bi', 'Bi', 'Bi', 'Bi', 'Bi', 'Bi']","[[-0.940027, -0.097401, -1.853801], [0.254582, 2.051328, -0.236956], [-0.254523, -2.051508, 0.236992], [0.939969, 0.097582, 1.853765], [1.323003, 5.149501, -3.996175], [3.911573, 4.901118, -5.373102], [2.54702, 4.147496, -1.514718], [5.135643, 3.899327, -2.891961], [-6.851107, -1.208701, -1.619817], [-4.274442, -0.460322, -2.827725], [-6.670426, -3.862337, -2.878955], [-4.093564, -3.113673, -4.086695], [-4.700693, 2.231276, 2.629515], [-4.551689, 1.589855, -0.151604]]",[-81777.5390625],"[[-0.3107055442129232, -0.22284982088826413, 0.02809560644619388], [0.009599733166208652, 0.20019777248312765, 0.1391321875391484], [-0.028078811991084557, -0.062153419291308375, -0.19009302295553304], [0.04969247867436229, 0.1423924509893665, 0.1364636895188081], [-0.16525039344918066, 0.04326651700033779, -0.01403657006719176], [0.025464178611672023, -0.010900475541506692, -0.05663027527911597], [-0.03769882088800235, 0.04452665649212597, 0.14023364874074573], [0.2522040190212897, -0.028756282620995093, -0.07492286160446653], [-0.2559732583339452, 0.15270895669007864, 0.13824675054426963], [0.17172320064863256, 0.16120074947115118, -0.11214592530119072], [-0.009348834496982067, -0.02358491199507752, 0.1045796273243361], [0.08713314009380728, -0.10247759506481723, -0.10912590586282431], [0.039598826034130195, -0.3083081948814728, -0.9998110394080478], [0.16025720551278944, 0.02709848581061718, 0.8602319424709963]]","tensor(-6, dtype=torch.int32)",
"['Bi', 'Bi', 'Bi', 'Bi', 'Bi', 'Bi', 'Bi', 'Bi', 'Bi', 'Bi', 'Bi', 'Bi', 'Bi', 'Bi']","[[-0.4708623888013491, -1.6777579313134403, 1.1371594585886495], [-1.814628830695175, 0.8687102760045453, 0.5304428208237596], [1.8147642137720361, -0.868770117994435, -0.530566138943863], [0.47072700572448867, 1.6778177733033313, -1.1370361404685474], [0.08948864529332745, -4.419357288484352, -4.837680685976611], [0.49621833662787185, -1.7932964830806162, -3.574078982791943], [-2.7628839449157008, -3.798433532905384, -5.209545195626225], [-2.355796103191836, -1.1722306138463008, -3.9459434052997944], [5.238725165260904, -2.1861375854070957, 1.0450779330199669], [4.715623694798064, -5.081580864287892, 1.0121123423891483], [2.7854063951151398, -1.760960338926292, 2.6136155443893836], [2.2626056756038206, -4.656636492123548, 2.5805884198825844], [-7.325768614923898, -0.374846427695913, 1.728866663529744], [-5.14925055686684, 0.2723785509863533, -0.006677341708175022]]",[-81777.5234375],"[[0.01671032856750049, -0.44776007356396064, 0.39788229024038846], [-0.5317933871332727, 0.036791226113862666, 0.4278460972690693], [0.15141018892309718, -0.3192269561187446, -0.22146013886337307], [-0.012287756154721073, 0.2918897381057681, -0.451259655428382], [-0.09109845184164908, -0.39374707990197344, -0.11898053833698428], [0.12770650732310235, 0.3782364287309839, 0.08599506636300656], [0.12060233968325772, -0.018248527877286667, -0.05962329811940401], [-0.020501741086044363, 0.1913124464352099, 0.2700250133447799], [0.30986720985392974, -0.0524490935908304, -0.11464627308207151], [0.11460338705769559, 0.018935881833198467, -0.10835550008680514], [-0.2747293633927784, 0.2112033342109828, 0.14884962587297876], [-0.22818846243587526, 0.0008363350680729437, 0.020033681781875413], [0.5829727664388631, 0.08762149569752199, -0.1750243960837466], [-0.27126716538893414, 0.017654916394321266, -0.09703127565744211]]","tensor(-6, dtype=torch.int32)",
