atoms,coordinates,total_energy,forces
"['Bi', 'Bi', 'Bi', 'Bi', 'Bi', 'Bi', 'Bi', 'Bi', 'Bi', 'Bi', 'Bi', 'Bi', 'Bi', 'Bi']","[[1.248991, -0.615767, -1.546146], [0.140107, 1.96496, -0.669483], [-0.140097, -1.965101, 0.669614], [-1.249001, 0.615908, 1.546015], [2.226522, 5.917983, 3.596171], [1.183624, 3.304503, 4.456635], [-0.181123, 6.33895, 1.957302], [-1.223883, 3.725325, 2.818095], [5.160002, -0.486175, -1.73791], [3.733816, -2.186551, 0.194195], [7.559675, -0.565843, -0.036417], [6.133187, -2.266419, 1.895557], [5.246236, -7.682417, -0.081803], [5.222157, -5.540109, 1.809806]]",[-81777.72833493254],"[[-0.012619500636326336, 0.1716126945738318, 0.20276954554921003], [0.0921861319227035, -0.19129532287871448, -0.2019705490902736], [-0.16337477265887904, 0.3218143615006666, 0.07992129459419867], [0.04968028649644919, -0.14154948864213102, 0.03596539760754091], [0.046186731301160786, -0.08426841537200593, 0.03161958295085973], [0.08687366421970551, 0.0534920364522121, 0.026098259280709187], [-0.11219513624283073, -0.10087008906000244, 0.008964104692215], [0.0182613011248346, -0.0763607775512576, -0.09338822615751861], [0.0730346938238199, -0.032068518379170886, 0.0062561145055429045], [0.6749725447016885, 0.23628379089088267, 0.22717066497727512], [-0.12659013371494748, 0.04446643608067916, 0.008059780363099671], [-0.5843920161664115, 0.4146669237302189, -0.44007982423216957], [-0.09024047424367286, -0.611459062510238, -0.47222341372283494], [0.055941013563606624, 0.002145365656091498, 0.580019595719548]]"
"['Bi', 'Bi', 'Bi', 'Bi', 'Bi', 'Bi', 'Bi', 'Bi', 'Bi', 'Bi', 'Bi', 'Bi', 'Bi', 'Bi']","[[-0.890744, 1.802656, 0.535463], [-1.124627, -0.035775, -1.750097], [1.124696, 0.035702, 1.750262], [0.890675, -1.802584, -0.535628], [-0.851925, -2.283473, -4.42929], [1.306636, -2.157196, -6.425031], [-1.213846, -5.147149, -5.002209], [0.94497, -5.020584, -6.997915], [1.226357, -4.439793, 3.309973], [-1.555002, -3.923963, 4.120079], [2.032346, -1.836395, 4.420181], [-0.749244, -1.320871, 5.230331], [-4.170993, 6.303914, -2.093117], [-2.231259, 4.759825, -0.671335]]",[-81777.43482498033],"[[0.5734247124746902, -1.0213368411634465, 0.22666636852517125], [0.0926685225637952, 0.12161772030355372, 0.2309902979396769], [-0.2997429713536271, 0.5133672062140029, -0.4168151330279747], [-0.08174898999514976, 0.1468703381460562, -0.11046437148450385], [-0.00029815510858779504, -0.08941982908418214, -0.09042651937100148], [-0.07570977387188219, -0.024508483613070436, 0.02701804623276197], [0.009841051899774288, 0.15926146813147618, 0.020880248817730516], [0.03311598638461145, 0.007999601089326128, 0.0028511266639045015], [0.07026736254346698, 0.026006332007595487, 0.11899833038067022], [-0.1768785224397687, -0.12920515276004685, -0.07111479861266974], [-0.12033669315816661, -0.09872913027715917, 0.2004867646377951], [0.201702280038512, 0.08482721924118229, 0.09539831571729629], [-0.48171906857569, 0.5475064356567126, -0.29760154977195963], [0.2548935486770853, -0.24117238629300458, 0.06603496445196988]]"
"['Bi', 'Bi', 'Bi', 'Bi', 'Bi', 'Bi', 'Bi', 'Bi', 'Bi', 'Bi', 'Bi', 'Bi', 'Bi', 'Bi']","[[0.931869, 1.77738, -0.549777], [1.54216, -1.081731, -0.883463], [-1.542344, 1.081778, 0.883494], [-0.931685, -1.777428, 0.549746], [3.139631, -5.567077, 3.335334], [4.261078, -6.538101, 0.794117], [1.05997, -4.100885, 1.857111], [2.18163, -5.072229, -0.684094], [0.592289, 4.971069, 2.17783], [1.236057, 5.088628, -0.690978], [2.233291, 7.368886, 2.644142], [2.876818, 7.486268, -0.224908], [4.844297, -0.620774, 0.013227], [5.241869, -1.478534, 2.710342]]",[-81777.32253083285],"[[0.09130727695554668, -0.26824339213788256, -0.08919516596607857], [-0.5040149161524669, 0.41553616276625066, 0.25810192723690134], [0.03132523775645903, -0.1269130130279647, 0.09686291972961628], [0.14827632097397744, -0.05559777110232456, -0.07762930912839129], [-0.3385623824612937, -0.04498128948818395, -0.14957220910383054], [-0.08854652770291573, 0.048418671190632735, -0.006239371472525161], [0.0018774462745526478, 0.1985481517853106, 0.02402585643035748], [0.03999062123428006, -0.10822190549288592, 0.010289339409731563], [0.07003200363031521, 0.13144093387975964, 0.0445929035727057], [0.061234043715988215, -0.1463158023104808, 0.043517924748271], [-0.09025836913154194, -0.11765271708826136, -0.0063023738191263275], [-0.12857615773586673, -0.30488338073820564, -0.05011895807528141], [0.4930497721885918, 0.5582407972735863, -1.1099535600213661], [0.21694522780074732, -0.1682049011428769, 1.0194861600875602]]"
"['Bi', 'Bi', 'Bi', 'Bi', 'Bi', 'Bi', 'Bi', 'Bi', 'Bi', 'Bi', 'Bi', 'Bi', 'Bi', 'Bi']","[[1.749131, 0.598921, -0.954751], [1.087687, -0.435409, 1.719378], [-1.087811, 0.43537, -1.719521], [-1.749007, -0.598883, 0.954893], [2.098404, -2.220398, 6.317092], [1.20244, -3.824355, 4.018639], [-0.367223, -0.621477, 6.162188], [-1.263033, -2.225785, 3.863695], [-5.78667, -4.781156, 2.207072], [-3.05381, -5.664449, 2.847061], [-5.99688, -3.513862, 4.854644], [-3.263787, -4.397235, 5.494337], [4.984553, 0.497368, 0.119563], [3.806527, 1.29936, 2.596923]]",[-81777.84950191667],"[[-0.45190130028709025, -0.39141688782212375, -0.10304539780001971], [-0.5483281606801265, 0.23875328541681679, -0.5410581053728518], [0.4182896100818776, 0.1608716995071446, 0.36800780338477834], [0.4417282107997887, -0.2039700971212778, 0.335940215745465], [-0.05803003603395629, -0.12159005521828484, 0.10020874954021987], [-0.1258510439926992, 0.18506327391202998, 0.04333635334290966], [-0.16039301125664654, -0.24059285932092234, -0.29730695260931017], [0.39282857850221015, 0.3424160054262284, -0.1039396279725583], [-0.018810761599971273, -0.010743442758246291, -0.05248534616539277], [-0.03275192826065867, 0.040563915848863055, 0.14370325152577715], [0.10684749582919346, 0.0006694842648675859, 0.026517421317996774], [-0.26879329998521595, -0.23903996357736323, 0.02840835046496113], [0.22823695346823314, -0.03675274182052581, -0.3203944432859278], [0.06290428467252797, 0.27580531923695306, 0.35011702928301697]]"
"['Bi', 'Bi', 'Bi', 'Bi', 'Bi', 'Bi', 'Bi', 'Bi', 'Bi', 'Bi', 'Bi', 'Bi', 'Bi', 'Bi']","[[-0.93247, -1.330571, -1.299921], [-1.736889, 1.142962, 0.07589], [1.737078, -1.142991, -0.075916], [0.932281, 1.330601, 1.299947], [-3.652479, -0.201992, 2.512506], [-1.768337, 0.421412, 4.684991], [-5.06732, 2.329237, 3.013469], [-3.182835, 2.952465, 5.185945], [2.851401, 2.370947, -3.438689], [1.871277, 4.258354, -5.472249], [0.077089, 1.743872, -2.68382], [-0.902797, 3.631364, -4.71767], [8.303504, 2.352127, -4.283051], [5.805921, 3.71511, -4.552493]]",[-81777.57371498864],"[[-0.1504644338147976, 0.27789485592821855, 0.12160584180039923], [0.3188319830333352, -0.24892714623549198, -0.09234533471822849], [0.1395519974947899, -0.0774027948149909, 0.03858689069396993], [-0.16081251267973853, 0.053809670711888406, -0.10605528708634529], [-0.021340491963979635, 0.1365964613592621, -0.01621580745500558], [-0.039920903162518825, -0.021620109871352444, 0.02201795230947186], [0.09529593433296484, -0.11089132911087463, -0.01235336045915608], [0.002538161015922549, 0.012232760227778578, -0.011309579417681653], [-1.4356271494949493, 0.02127502135698273, 0.17354354269048802], [-0.16043641150193821, -0.15012160273024816, 0.22111663929163308], [0.5462373384365715, 0.17340686277107414, -0.3122598283529549], [0.3305258808790513, -0.11063627553664855, 0.06282195790391183], [0.48575889093422814, -0.20245561368012732, 0.020120867938145638], [0.0460681262469365, 0.2521076540216728, -0.09664411872995257]]"
"['Bi', 'Bi', 'Bi', 'Bi', 'Bi', 'Bi', 'Bi', 'Bi', 'Bi', 'Bi', 'Bi', 'Bi', 'Bi', 'Bi']","[[0.95627, 1.832249, -0.241094], [1.350044, -0.877871, -1.317432], [-1.350219, 0.877915, 1.317499], [-0.956094, -1.832293, 0.241028], [1.125811, -7.599959, -2.510325], [0.564716, -5.012868, -1.225629], [2.864319, -6.252061, -4.464965], [2.303105, -3.664977, -3.179903], [3.757134, 2.503115, 1.68139], [5.541344, 0.461365, 0.538513], [5.75187, 3.078543, 3.767], [7.536026, 1.036698, 2.623754], [3.239318, 0.065036, -3.967289], [3.627709, -1.126068, -6.536077]]",[-81777.63586777257],"[[0.08197982376424268, -0.38820470402753093, -0.03147757570275838], [-0.3684568725105276, 0.0692396920432839, 0.2296331660987546], [-0.0819814178490816, -0.18228766367493304, -0.015356338616373599], [0.22729793465393028, 0.2762084170128317, 0.061136804540814514], [-0.004264647456230139, 0.031902764409178885, 0.08038995553683909], [0.041929048967234865, 0.005590229272864852, -0.21654706654566014], [-0.14073588830918646, 0.25289677743902633, 0.17844417086203915], [-0.015089637938405143, -0.07703384130791993, 0.07428841583857916], [0.19324946520285546, 0.020218590480980157, 0.2399398501799754], [0.18453043819910042, 0.11589156187381201, 0.1618629631664906], [-0.33711891292861224, -0.004719835296656243, -0.2491640478113911], [0.0017457095608021322, -0.13192522713823973, -0.10766808956659261], [-0.0071289222347301765, 0.47803400722694744, 0.6742480074313568], [0.2151015401293155, -0.4667552399265392, -1.0642305788531]]"
"['Bi', 'Bi', 'Bi', 'Bi', 'Bi', 'Bi', 'Bi', 'Bi', 'Bi', 'Bi', 'Bi', 'Bi', 'Bi', 'Bi']","[[0.169237, -0.330668, 2.047372], [1.917199, 0.807756, -0.027942], [-1.917389, -0.807757, 0.027907], [-0.169047, 0.330669, -2.047337], [2.685331, 4.343131, -4.298924], [3.245281, 6.800618, -2.780528], [0.677494, 3.56224, -2.294265], [1.237603, 6.020021, -0.776061], [-0.391005, 0.100167, -5.524131], [2.490793, 0.121952, -4.929928], [0.090523, -1.712097, -7.792102], [2.972427, -1.690217, -7.19754], [-5.153727, 0.064021, 0.953528], [-7.535747, 1.341854, 1.881626]]",[-81777.33358250691],"[[-0.1844049682956505, -0.040287558102096284, -0.1567196227226921], [-0.14721157514576674, -0.18968138911245244, -0.09167180816274197], [0.5932037057791897, 0.09454136656115163, -0.12905597727237952], [-0.025875329087091788, 0.2319475715964899, 0.43300841246466004], [-0.09368380033990803, 0.22120446822404807, 0.3384232857035756], [0.03278764604546864, -0.0644005132711683, -0.15266884745864792], [-0.004917810349230918, 0.12796747443785986, 0.009626858319515963], [-0.06818775031587605, -0.3996265275867087, -0.21113175465950645], [0.09904280503578397, -0.06268846615417577, -0.030639472743176986], [-0.044929008647676766, -0.17691816887237521, -0.20787421658014202], [0.0077469077891034735, 0.09286053265374684, 0.11083486765432217], [0.009686975886779614, 0.018052635419420895, 0.05240152815612089], [0.4891119712597442, -0.05082545133367849, -0.23012260156639244], [-0.6653267887635177, 0.18756197618598028, 0.2595493048485428]]"
"['Bi', 'Bi', 'Bi', 'Bi', 'Bi', 'Bi', 'Bi', 'Bi', 'Bi', 'Bi', 'Bi', 'Bi', 'Bi', 'Bi']","[[-1.992683, -0.270941, 0.534341], [-0.494925, 1.790167, -0.937688], [0.495003, -1.790342, 0.937698], [1.992604, 0.271117, -0.534352], [0.666885, -0.613574, -4.555173], [-1.88718, 0.666692, -3.850911], [1.163315, 1.480989, -6.561718], [-1.390896, 2.761177, -5.857108], [6.252818, -1.020271, 2.604588], [8.011992, -1.755782, 0.363462], [3.922093, -1.992717, 1.093983], [5.681639, -2.728285, -1.147063], [2.893155, -4.940176, -0.272512], [0.496523, -5.75865, 1.052063]]",[-81777.26917339241],"[[0.4030888798568277, -0.3223757878965135, 0.08904197955526819], [0.6950754971831284, -0.015630274382627055, 0.24895177741735777], [0.1269285939217128, 0.25537815046811485, -0.39457132460787464], [-0.4739020364803019, 0.33558535189148636, 0.19886048956955438], [-0.16549125452613125, 0.017317556620315703, -0.031567898606614846], [0.01500294029200491, -0.03674338299985865, -0.4294687213688079], [-0.03653141085395649, 0.09798479550156997, -0.008179408716946352], [0.04945019834768415, -0.24785031621576048, 0.1852784239431917], [-0.514174893006416, -0.05926792004450957, -0.30432586242131876], [0.08349847239481095, -0.07750368495866664, -0.07641502785787221], [0.32119014873100327, 0.2788087807618314, 0.2406760602650953], [-0.04926807672594293, 0.16795822936957802, 0.15427887314595], [-0.28239511169474457, 0.19362541211438103, -0.14372829408437557], [-0.18872195572779316, -0.605010732226377, 0.27347641270939277]]"
"['Bi', 'Bi', 'Bi', 'Bi', 'Bi', 'Bi', 'Bi', 'Bi', 'Bi', 'Bi', 'Bi', 'Bi', 'Bi', 'Bi']","[[1.083992, -1.775742, -0.037641], [-1.767905, -1.074621, -0.22047], [1.768032, 1.074758, 0.220425], [-1.08412, 1.775605, 0.037686], [5.310789, 0.89824, -2.016803], [8.163684, 0.198066, -1.846343], [4.857096, -0.306948, 0.62924], [7.710236, -1.00692, 0.799482], [-2.24167, -2.225651, 6.082952], [-4.66093, -0.789387, 5.221187], [-0.966158, -1.626885, 3.499464], [-3.385654, -0.19049, 2.637975], [3.600315, 3.586095, 1.529626], [1.804291, 4.392787, -0.542038]]",[-81777.77471366576],"[[-0.027597064126137584, 0.7500097176157327, -0.11925616074784151], [-0.14076165077706695, 0.024569742750767114, 0.08115213377820579], [-0.4991513118868518, -0.2249617776114575, 0.1889199307803678], [0.49218346421178005, -0.4887844125363933, -0.25243063617887324], [0.07072198525510663, -0.03183483068399541, -0.11205377691308323], [-0.08242380210292573, 0.033978082892123056, 0.0009683324918277587], [0.10463536887160647, -0.14868620646594438, 0.03151700102037111], [-0.1900717342096198, 0.048179836144090306, 0.005832257631294261], [0.17667195989790052, -0.05617503550237737, -0.15632464963728274], [0.20651903877869968, 0.20437175507859232, -0.4784679068356812], [-0.14711125064509836, 0.03514788405342729, 0.32137763367689604], [-0.1688529737630324, -0.25273757464350133, 0.3813429401273843], [0.6034953231875781, -0.02681718640084978, 0.5363241876221959], [-0.40782490591323817, 0.1420523452756707, -0.43250046504405415]]"
"['Bi', 'Bi', 'Bi', 'Bi', 'Bi', 'Bi', 'Bi', 'Bi', 'Bi', 'Bi', 'Bi', 'Bi', 'Bi', 'Bi']","[[1.617677, 1.081622, 0.736838], [-0.136026, -1.025992, 1.804922], [0.136039, 1.026007, -1.805114], [-1.61769, -1.081637, -0.736646], [-2.191324, 4.449077, 0.06737], [-4.792336, 3.494367, -0.923377], [-1.726566, 1.844744, 1.356287], [-4.327727, 0.890214, 0.365234], [3.815271, 0.638739, -4.732512], [3.02798, 3.047929, -3.237758], [1.166467, 0.567592, -6.012603], [0.379458, 2.977008, -4.517718], [1.780145, -1.858463, -1.398746], [1.321598, -4.58775, -2.112166]]",[-81777.3600905413],"[[-0.715406763751174, -0.5627258321010052, -0.201970497668182], [-0.012451679498252906, 0.6617267281321533, -0.1233695681194275], [-0.6124561368659323, -0.06516845078679173, 0.5111605814202147], [0.6158535944564799, 0.5309438941804068, -0.28803020160030196], [0.08698653571071885, -0.4358977169462356, 0.04195178781613058], [-0.009951244299816437, -0.1201715254000186, 0.20620140451902336], [-0.12000486640121483, -0.32974452219752604, -0.2043096371919663], [0.40438795615635864, 0.5531685221603483, -0.07078153203715377], [0.05669398725058091, 0.14446018471380295, -0.10638834797349495], [-0.01888399694279643, 0.00048270781255254865, -0.12764176690980583], [-0.0037991782828139605, -0.04281691308483612, -0.028200234975927305], [0.036609325607115224, -0.15632629514421323, 0.22269354915195907], [0.3064283574796618, -0.2717090868439541, 0.09035226587076307], [-0.010878883405253158, 0.08918940669182185, 0.08171484572634208]]"
"['Bi', 'Bi', 'Bi', 'Bi', 'Bi', 'Bi', 'Bi', 'Bi', 'Bi', 'Bi', 'Bi', 'Bi', 'Bi', 'Bi']","[[-0.546674, -1.906423, 0.629615], [2.006208, -0.542133, 0.100632], [-2.006361, 0.542244, -0.100594], [0.546827, 1.906312, -0.629653], [-5.761361, 4.15135, -0.308052], [-6.851163, 3.907169, -3.030371], [-5.254228, 1.253169, -0.251316], [-6.34403, 1.009305, -2.973853], [-5.954751, -4.678514, 1.519862], [-5.684534, -3.325673, 4.118923], [-3.125172, -4.120265, 0.935315], [-2.855209, -2.767516, 3.534649], [5.223653, -1.281657, -1.000613], [7.428761, -2.010921, 0.664895]]",[-81777.46970849749],"[[0.45064721831768995, 0.46353647410422444, -0.18005342521796755], [-0.5997199132239334, -0.1500525428612591, -0.019443741836248668], [-0.0740312539585984, 0.06301885309256339, -0.1803405661773382], [-0.3456294233510191, -0.24750645668937946, 0.2390977105862051], [-0.001043580495317272, -0.08033575665231604, -0.08082766038034964], [0.011637261554052269, -0.05334574060167315, 0.08019506580975909], [0.16426504333036615, 0.045093538771889215, -0.04656411288904137], [0.06881047184488367, 0.057284004329345016, 0.0936922335629268], [0.19591220394893905, -0.05175268420459174, -0.042253728053457326], [0.04267517323161098, 0.026536637753619412, 0.03417877303113304], [-0.20812345945801977, 0.10496087071129417, -0.00013625039068294322], [-0.10933190276168513, -0.040375001368824395, 0.09507296814388332], [-0.5251157143209747, 0.12179080706380471, -0.519562642651484], [0.9349934929741832, -0.2620919730107921, 0.5251254845183745]]"
"['Bi', 'Bi', 'Bi', 'Bi', 'Bi', 'Bi', 'Bi', 'Bi', 'Bi', 'Bi', 'Bi', 'Bi', 'Bi', 'Bi']","[[0.756365, 0.859101, 1.737692], [-0.074362, -1.850844, 0.947498], [0.07441, 1.850966, -0.947639], [-0.756413, -0.859223, -1.737551], [-2.527079, -0.343959, -4.659084], [-1.864336, -2.276666, -6.776565], [-3.492805, -2.541093, -2.956194], [-2.829799, -4.473693, -5.073936], [4.687269, 0.016576, 0.732411], [3.244957, -1.03742, 3.070603], [6.979653, 0.690109, 2.450312], [5.537059, -0.364139, 4.788438], [-1.788812, 0.297203, 6.391478], [0.729431, 0.792091, 5.133788]]",[-81777.62151734524],"[[-0.3316208114750182, 0.20857921345567418, -0.26436446950389153], [-0.09356331837934115, 0.16176464412739378, -0.6460830994323435], [0.2824017451445581, -0.5406369584428293, 0.19344414924156916], [-0.18806832952174726, 0.11860145467787248, 0.4402545050772594], [0.08572664304497025, -0.10844404892850217, 0.11618888440731506], [0.02740395360342617, 0.11546403860443386, 0.03615724314679951], [0.1524642389562597, -0.047621649340012874, -0.13358580074156284], [-0.05734087716263011, 0.026760159301289957, 0.1644465633136359], [0.08467290154435721, -0.147935803883549, 0.05733599206393022], [0.3679056276888132, 0.25958838563814196, 0.03584717821900346], [0.06969847994434136, 0.1472065357807921, -0.08331931782775377], [-0.3041164202423222, -0.15415782554237578, -0.24515374173341867], [-0.6912034136873173, -0.014120506347274265, 0.29830700944631594], [0.5926920559679902, -0.02175580248660804, 0.01101431376784171]]"
"['Bi', 'Bi', 'Bi', 'Bi', 'Bi', 'Bi', 'Bi', 'Bi', 'Bi', 'Bi', 'Bi', 'Bi', 'Bi', 'Bi']","[[0.471313, -1.929499, 0.620171], [-0.700768, 0.442164, 1.908486], [0.700756, -0.442174, -1.908678], [-0.471301, 1.92951, -0.619979], [-5.696422, -4.71228, -1.6536], [-4.803922, -2.119596, -2.721189], [-3.047241, -5.124467, -0.440422], [-2.155013, -2.531524, -1.508098], [1.185044, 4.844442, -0.043944], [-0.476244, 6.134852, 2.013549], [-0.877938, 5.410839, -2.064627], [-2.539047, 6.701378, -0.006819], [3.173574, 0.749237, 0.039737], [5.449582, 0.565552, 1.758542]]",[-81777.50539415881],"[[-0.39166083422456904, -0.1381533166038727, -0.14069547054520629], [-0.12105259151711327, 0.03936571426638038, -0.2141633440684779], [-0.13325397398461106, 0.33851250303246316, 0.583573890689408], [0.22989418463560374, -0.37697237087581753, 0.09851248900534174], [0.0034940287927518396, -0.025266800055359653, 0.008145079328608988], [0.4569640623133863, -0.09437218787986054, 0.2210678911488173], [0.011476927472512569, 0.3527898981811414, -0.13332308527569167], [-0.29425731404619493, -0.13237419341980583, -0.021092966583960555], [-0.11808851931438356, 0.13295567443136802, 0.02289987717549588], [0.02996564279735016, -0.01984223733493112, -0.08065539637356389], [0.03171233297743868, -0.1612195185345771, 0.13818170159842366], [0.032163659533008204, -0.040461822428244414, 0.008127621528518312], [0.11351467853480961, 0.004912205341248935, -0.9018961779510236], [0.1480103144942453, 0.13295670287319958, 0.41129044635303497]]"
"['Bi', 'Bi', 'Bi', 'Bi', 'Bi', 'Bi', 'Bi', 'Bi', 'Bi', 'Bi', 'Bi', 'Bi', 'Bi', 'Bi']","[[-0.265611, 1.391868, -1.523768], [0.351718, -1.483134, -1.416161], [-0.351804, 1.483212, 1.416315], [0.265697, -1.391946, 1.523614], [6.216443, -2.812242, 2.506709], [6.623067, -2.313533, 5.377991], [3.484512, -1.736935, 2.707021], [3.891499, -1.238194, 5.578427], [-0.684109, 4.003156, -3.936869], [0.472703, 1.45004, -4.832244], [0.433152, 5.340737, -6.308043], [1.589805, 2.787297, -7.203281], [-3.582403, 1.132874, -0.807617], [-5.758705, 1.42555, 1.021671]]",[-81777.60739268163],"[[-0.020473870312409177, -0.043411882111019186, 0.2831266423695309], [0.09513832562227875, 0.052836610472960975, 0.18890285864596398], [0.2855211120638529, 0.21635073700001597, -0.48414655125280504], [0.09238528968338447, -0.24182071602361793, -0.20382056167896945], [-0.3797294177378549, 0.19395502772139497, -0.0050445539778892256], [0.029104513025160213, -0.01600442666315656, 0.1037951318952246], [0.1581907059185509, -0.136517785559148, 0.07892010647117817], [0.0987559726089628, -0.026103339783357073, -0.15594700579673507], [0.028210591385171083, 0.04964659474204739, -0.03764714168596662], [0.04118013248328608, 0.044698246869512064, -0.027550629977442793], [-0.07599352097320869, -0.026818240553727127, 0.21751107649646986], [-0.0010175670876298752, -0.1789672363775689, 0.06992895375879322], [0.30885404038357156, 0.1663631160888335, -0.46602067534834973], [-0.654488040300741, -0.054767355745434065, 0.4406118886137254]]"
"['Bi', 'Bi', 'Bi', 'Bi', 'Bi', 'Bi', 'Bi', 'Bi', 'Bi', 'Bi', 'Bi', 'Bi', 'Bi', 'Bi']","[[-0.773923, 0.381947, 1.893376], [-1.238433, -1.663152, -0.170628], [1.238602, 1.663245, 0.170623], [0.773755, -0.382041, -1.893372], [1.538273, 2.717241, -6.01309], [0.856292, -0.088139, -5.444707], [-0.900929, 3.592501, -4.61879], [-1.582622, 0.786865, -4.050413], [3.890976, 5.102529, -2.167763], [4.482711, 2.360124, -3.055107], [4.259315, 6.072797, -4.921445], [4.85092, 3.330104, -5.808568], [-3.052537, 5.082299, -6.734746], [-5.799296, 5.787105, -6.378649]]",[-81777.21486732233],"[[0.1166927694826863, 0.09889429803530718, -0.005550819381879597], [0.3057349305747346, 0.28491361147395233, -0.28755290174627646], [-0.28400863408427396, -0.28404185275543326, 0.012809566971216341], [0.06316134370832557, -0.24163415667537358, 0.40624537352624174], [-0.20940649206497844, 8.198409179784364e-05, 0.34361506575764045], [-0.1567676509562258, 0.10768099651157864, 0.2056397724348102], [0.4928902094384258, -0.8207670298477532, -0.09543456829185867], [0.021452586981410164, 0.4195941885452073, -0.28092618822673204], [0.019145910224038987, 0.19957895903307993, 0.002340642077300169], [0.050616204558629946, -0.07222757267441415, -0.1783745967721343], [0.033106262467094076, -0.06724950283294683, 0.04281472250373491], [-0.13733467690595352, 0.05460820437200065, 0.0033201233928029186], [-0.07241721734815322, 0.3078589200673572, -0.025635321616861387], [-0.2523038293010423, 0.017540569089279628, -0.14179307508993522]]"
"['Bi', 'Bi', 'Bi', 'Bi', 'Bi', 'Bi', 'Bi', 'Bi', 'Bi', 'Bi', 'Bi', 'Bi', 'Bi', 'Bi']","[[1.65954, 1.254014, -0.055592], [0.496643, -0.571212, 1.938032], [-0.496689, 0.571182, -1.938216], [-1.659494, -1.253984, 0.055776], [-5.420112, 0.429029, -4.624497], [-2.636866, 1.369488, -4.458992], [-6.04928, 2.619277, -6.486436], [-3.265767, 3.559481, -6.32082], [4.725685, -1.796904, 1.972444], [3.488081, -3.913883, 0.346083], [4.821953, -0.040835, -0.386965], [3.584147, -2.158084, -2.01314], [-2.47651, 2.462286, 1.273248], [-3.348891, 0.129913, 2.675828]]",[-81777.01909194129],"[[-0.486552230963091, 0.12351329286538755, -0.5526363035125177], [-0.20787833034746822, 0.05836376540829646, 0.156955084480027], [0.46113228563459424, -0.09943407573059974, 0.3081822621791987], [0.04239118444645405, 0.3376275802585002, -0.3315853816539211], [0.07761943608680834, 0.13552040267090426, -0.022190427146833086], [0.01300781456087638, 0.09456548352210163, -0.02067292522890699], [0.09854601620905049, -0.06596616169343873, 0.04071578585412904], [-0.037634111327960795, -0.17248892701431814, 0.17683486508401913], [-0.02357969779499153, -0.03238746904439159, -0.12632716113861842], [0.12027416389480795, -0.19114460472829983, 0.13558925685152698], [0.08353673043094487, -0.12611699905033977, 0.013481576575001314], [0.051549258410309814, 0.09366210021726218, -0.0990337033255747], [-0.030398359697977665, 0.2611983084812609, -0.3020381449891123], [-0.16064847620760522, -0.41019402451641224, 0.6201848772300813]]"
"['Bi', 'Bi', 'Bi', 'Bi', 'Bi', 'Bi', 'Bi', 'Bi', 'Bi', 'Bi', 'Bi', 'Bi', 'Bi', 'Bi']","[[0.63429, 1.277312, 1.515211], [-1.521575, 1.332998, -0.486652], [1.521648, -1.33317, 0.486698], [-0.634363, -1.27714, -1.515257], [0.84867, -0.692013, -6.541148], [2.791255, 0.357242, -4.595964], [-1.330871, 0.647493, -5.086781], [0.612081, 1.696772, -3.14171], [2.289111, 5.349802, 4.994278], [1.380013, 4.496035, 2.329145], [1.299011, 8.069144, 4.460671], [0.389849, 7.215001, 1.795485], [6.288725, -1.888173, -3.977292], [4.594198, -0.684265, -2.015805]]",[-81777.29073080666],"[[0.01807218095642963, -0.06759053414429106, -0.04263956343319332], [0.1007940872086504, -0.14868533229038755, -0.0836157661857], [-0.25328984790704734, 0.5030391305426858, 0.0029301151103353867], [-0.36030811650237077, -0.22850203435031693, 0.299865150243216], [-0.07108389393563146, 0.45670031840568354, 0.23590187901673407], [-0.8349574702395735, 0.05640437803081453, -0.24834792779595924], [0.3407981121589149, -0.31435769542305597, 0.012343687963730287], [0.7025831225534928, -0.04707909999398426, -0.45704685188082655], [-0.07544335601541739, -0.027526826691251415, -0.21296592924399638], [-0.02541764676100324, 0.007408833248024979, 0.08042656806604251], [0.010222804365438999, 0.0517017249118381, 0.03413750166043267], [0.0780861429899688, -0.24808819481139957, 0.06767260380244929], [0.11173958793354263, -0.010236297522269023, -0.40962863861951393], [0.27206137959335386, 0.01763603934450304, 0.7324742701667741]]"
"['Bi', 'Bi', 'Bi', 'Bi', 'Bi', 'Bi', 'Bi', 'Bi', 'Bi', 'Bi', 'Bi', 'Bi', 'Bi', 'Bi']","[[-0.601801, -1.989452, -0.098144], [-0.933748, 0.19114, 1.849455], [0.933786, -0.191091, -1.849638], [0.601763, 1.989402, 0.098327], [-3.043592, 0.067403, -1.104907], [-2.422377, 1.843415, -3.367248], [-5.8484, 0.954796, -1.178688], [-5.226874, 2.730723, -3.441239], [-9.193609, 5.112251, 2.94472], [-8.391873, 5.258784, 0.117343], [-6.733577, 3.621084, 3.564815], [-5.931995, 3.767897, 0.737225], [-5.62327, -2.48554, 1.050508], [-4.193005, -0.385967, 2.35985]]",[-81777.531569911],"[[-0.1483478491033622, 0.24134382754632508, 0.07339624254970367], [-0.10646522400040383, 0.2746135608425451, -0.6737142461207788], [0.10285996973779005, -0.06960463462721181, -0.04812696394952997], [-0.10940044840975839, -0.23618243794838276, 0.15399821137011818], [0.08014132972406024, 0.2863995556542771, 0.0768410598865946], [-0.509466943412007, 0.13179780319530984, 0.10242920687664248], [0.7052493580018037, -0.09288876338202308, -0.2999928827186954], [0.369391931823779, -0.15631205122484615, 0.026939493845667666], [0.12840276244306625, -0.01794603228137088, -0.11528061600377572], [0.04619101990359837, -0.11691167332653316, 0.2233345769455684], [-0.0741305500174352, 0.0948293816960791, -0.3455328012409444], [-0.17392242066123356, 0.2085336020604446, 0.3129345890386393], [-0.5045470833782059, -0.5579826583738655, 0.002790714962277026], [0.21264711227621375, 0.0006742099550835892, 0.505686699771754]]"
"['Bi', 'Bi', 'Bi', 'Bi', 'Bi', 'Bi', 'Bi', 'Bi', 'Bi', 'Bi', 'Bi', 'Bi', 'Bi', 'Bi']","[[1.008555, 0.191283, -1.809956], [1.803168, 0.174935, 1.023176], [-1.803336, -0.175019, -1.023221], [-1.008387, -0.191199, 1.810001], [0.401581, -0.279494, 5.172587], [-1.619711, -2.274239, 4.402076], [1.197631, -1.965773, 7.449126], [-0.823781, -3.960515, 6.678249], [-2.493436, 3.127587, -1.583901], [-4.658875, 1.485031, -0.456428], [-4.161991, 3.712216, -3.936345], [-6.327428, 2.069603, -2.808491], [3.525837, -7.465973, 7.628178], [2.629257, -4.959095, 6.588969]]",[-81777.79515477181],"[[-0.29443677714580163, -0.006215347071339995, 0.4204367909378018], [-0.07841262184939649, -0.08888442226667369, -0.29256177342059886], [0.3367592668201168, -0.06658523225394432, 0.45567192799621836], [-0.15709628954349977, -0.0017661956078658273, -0.40753195425751915], [0.13105459970573535, -0.08926474005598338, 0.3485238186196608], [0.1530955993966524, -0.31902486729884366, 0.211687370359005], [-0.15518472471118522, 0.2454833573404326, -0.467551511014622], [-0.43263621936581964, 0.5552655150548925, -0.43190612850959753], [-0.27075047621276005, 0.11396904413599138, -0.0019245828490183883], [0.2248724060162952, -0.012854741278667472, -0.20939996145934806], [0.05198706609800353, -0.03489574611179368, 0.04671581834361431], [0.07551632396336636, 0.0431083992109451, 0.06003652604732353], [0.2201175080522757, -0.34593049969720735, -0.11357504807032198], [0.20276861995156165, 0.019677563228862254, 0.3801125123201098]]"
"['Bi', 'Bi', 'Bi', 'Bi', 'Bi', 'Bi', 'Bi', 'Bi', 'Bi', 'Bi', 'Bi', 'Bi', 'Bi', 'Bi']","[[-0.893571, -1.769754, 0.631836], [-1.876942, 0.873343, -0.208007], [1.877118, -0.873394, 0.207948], [0.893395, 1.769805, -0.631777], [1.694664, -3.796284, 7.326984], [2.912338, -3.868386, 4.649226], [-0.939206, -3.291491, 6.115469], [0.278803, -3.363779, 3.437675], [4.117844, 0.00128, 2.56056], [5.059193, 1.32357, 0.106232], [5.94376, -2.248945, 2.048331], [6.885061, -0.926273, -0.406021], [-2.961594, 6.006057, 0.475537], [-4.034503, 3.36948, 0.219474]]",[-81778.0011678556],"[[0.30574434081749335, 0.51276875591222, -0.4749627199632779], [0.5928026134648826, -0.6891845823719713, 0.20548216372412412], [-0.5790544030606318, -0.06220982932576926, -0.03189958652391938], [-0.30506577489703224, -0.38134319723784216, 0.0029753948330742516], [-0.014562772330307776, 0.018942906090908, -0.06244282282270844], [-0.28265875275826413, -0.05947093446205889, 0.10413282077061625], [0.1603172150936608, -0.022283218311085293, -0.047995220550907554], [0.030316099778080596, 0.05264691437713034, 0.15650771228329985], [0.3503971254158415, 0.19014660477495715, -0.022727546319991073], [0.03286839929808247, -0.12914524602335867, 0.24081387147052388], [0.01189225342176845, 0.11829929846776109, -0.0706350819203401], [0.07356747811465787, -0.028363808649236405, -0.049341625743526706], [0.20491394961218903, 0.6797476001256065, 0.10916251839202773], [-0.5783566052779207, -0.20669659926091793, -0.06284556064394607]]"
"['Bi', 'Bi', 'Bi', 'Bi', 'Bi', 'Bi', 'Bi', 'Bi', 'Bi', 'Bi', 'Bi', 'Bi', 'Bi', 'Bi']","[[0.404877, -1.534827, 1.345398], [-1.638033, -1.062453, -0.71899], [1.638199, 1.06255, 0.718974], [-0.405042, 1.53473, -1.345382], [2.15731, 4.508545, -2.972221], [1.931074, 4.440671, -0.039215], [3.625487, 7.053073, -2.799902], [3.399191, 6.984855, 0.133268], [-4.500145, -0.668864, -5.2359], [-3.530808, 0.826032, -2.894109], [-5.00063, 1.865074, -6.646053], [-4.031061, 3.359783, -4.304018], [-1.535179, 2.173483, 1.79391], [-1.599974, 0.332655, 3.979179]]",[-81778.02705349265],"[[0.21635994155440838, 0.4039312765610558, -0.3798012543997891], [-0.22739681933603445, 0.1700534739130086, 0.18237652104917954], [-0.2965569614036474, -0.10109506071065548, -0.4344249882434462], [0.5678202187136216, -0.09900650103913002, -0.15264462765351478], [0.09019193178922337, 0.04909459915779594, 0.018005692192019484], [0.1742315188537079, 0.007069082346761048, 0.06298249767381785], [-0.07541209138373808, -0.06311922901532332, 0.0011631959936410593], [-0.0917761435865534, -0.15458390899318977, 0.005777415970626497], [0.023114029618080945, 0.10025358960407574, 0.09217867571942472], [0.15308809177128205, -0.05323919402792388, -0.006648912436478534], [0.0331076971434491, -0.02954906214905978, -0.02106402108861139], [-0.021766832525251488, -0.1260622345228094, 0.09359057208787741], [-0.43090992832946, 0.03517419159547851, -0.09518465692679039], [-0.11901452833951726, -0.13379025497767633, 0.6316319490362238]]"
"['Bi', 'Bi', 'Bi', 'Bi', 'Bi', 'Bi', 'Bi', 'Bi', 'Bi', 'Bi', 'Bi', 'Bi', 'Bi', 'Bi']","[[0.0332, -1.817232, -1.013055], [-1.604339, 0.622509, -1.169394], [1.604514, -0.622493, 1.169473], [-0.033375, 1.817216, 1.012976], [2.454558, -4.749837, 5.898382], [2.720679, -2.060692, 7.062853], [1.594223, -3.560125, 3.348036], [1.860576, -0.870942, 4.512812], [-1.171691, -0.623161, 6.066844], [-1.3e-05, 2.075853, 6.095166], [-3.654772, 0.442753, 7.232174], [-2.482803, 3.141836, 7.260253], [-3.176895, -1.196899, 1.299922], [-4.982468, -2.307362, -0.617113]]",[-81777.55528352522],"[[0.26217640808516296, 0.2210744731765393, -0.14146417939220338], [0.44833939484767654, 0.23220627613921802, -0.44059625629788574], [-0.08730545552268461, -0.2277739489556663, 0.06700411661193739], [-0.22633736998325626, -0.09668746755315269, -0.19489800603674937], [-0.09734371628586906, 0.06099883906911118, -0.27013623932886277], [0.006572890016289859, 0.1790134134158058, -0.17561415605205283], [0.04242281931719274, -0.0775561869141676, 0.23693258342032028], [-0.06533912070873857, -0.1649428893415452, 0.12948046663835458], [-0.3703922457712427, 0.045546531403225864, 0.05122286182622864], [-0.17121808144306347, 0.31061020765513786, 0.19042145585444067], [0.4299383593311883, -0.28264682283301806, -0.15956717246590646], [0.24249218569544134, -0.028538484352117165, -0.15441221062941135], [-0.22702508903601826, 0.02096532152603689, 1.5100590843911224], [-0.18947220404391382, -0.17788377290802387, -0.6456696658160577]]"
"['Bi', 'Bi', 'Bi', 'Bi', 'Bi', 'Bi', 'Bi', 'Bi', 'Bi', 'Bi', 'Bi', 'Bi', 'Bi', 'Bi']","[[1.800108, -0.545479, -0.889819], [0.282311, 1.962124, -0.631882], [-0.282346, -1.962262, 0.632011], [-1.800073, 0.545617, 0.88969], [2.659329, 4.207747, -0.110321], [3.707583, 3.134197, -2.641519], [0.36667, 5.361965, -1.549541], [1.415168, 4.288117, -4.080717], [0.108511, -2.058288, -3.532175], [-2.232384, -2.934104, -1.979285], [0.588248, -4.8365, -4.375532], [-1.752915, -5.712051, -2.822562], [0.497825, -5.282199, 3.102228], [1.928215, -4.487118, 0.759137]]",[-81776.947950912],"[[-0.7944389189599003, 0.3988810101030132, 0.36993170951907156], [-0.22841862771777766, -0.17105224519772494, 0.31112129182333], [0.3430681918137101, 0.9675935563717851, -0.15714411208866713], [0.7249789860983885, -0.3440010913991153, -0.3278400021917577], [-0.07903580617722832, 0.04231296116074584, -0.1340532275540054], [0.011367033320601573, 0.11854237069464955, -0.03929577507962537], [0.14687758866096867, -0.3898633750134657, 0.0959628274386378], [0.05359657756438985, -0.01777876650188649, 0.03242422555545142], [-0.236911911739506, -0.2735933979677324, 0.05265858719191851], [0.20280255853200302, -0.15431574278561133, -0.33039922826749507], [-0.18306717116116147, -0.04010619752731041, 0.035120157261648514], [0.07612536721601426, 0.1848734749720162, -0.12961920344143157], [-0.1057967882319835, -0.10626781459083649, 0.16777562952238512], [0.061653185184439165, -0.21061624819143862, 0.0586286406020139]]"
"['Bi', 'Bi', 'Bi', 'Bi', 'Bi', 'Bi', 'Bi', 'Bi', 'Bi', 'Bi', 'Bi', 'Bi', 'Bi', 'Bi']","[[-0.13903, 2.074324, -0.086984], [-1.025102, -0.144314, -1.804784], [1.025136, 0.144274, 1.804969], [0.138997, -2.074284, 0.086798], [2.692796, 3.005407, -4.838006], [2.619255, 2.368481, -1.966207], [4.616683, 5.168388, -4.308829], [4.543029, 4.531108, -1.43693], [6.743476, -2.115044, 3.55523], [3.967985, -1.407002, 2.881704], [5.784888, -3.690342, 5.84857], [3.009325, -2.982193, 5.17468], [-4.033438, 0.784707, -0.79881], [-2.907705, -0.088525, 1.678776]]",[-81777.81173517574],"[[0.1368029210569471, -0.3089186265305933, 0.11619232968745079], [-0.02972116674736164, -0.06837842343144668, 0.798743462245881], [0.20436748704499136, 0.10009382116554341, -0.1809276007747908], [0.007468092066359279, 0.19383372300736287, -0.09406401528503457], [0.17461785302773222, -0.11081815547455937, 0.3118184211188507], [0.18581331653978433, 0.4384142626859634, -0.29691172241344294], [0.0032707674408646785, 0.19017149306728084, -0.1440310159374943], [-0.13348748170246602, -0.3734554597665345, -0.09579123191904255], [-0.22015931421272852, 0.06926242060776129, -0.07109582386087752], [0.15182465098121456, -0.016054054123738334, 0.05789109354251297], [-0.014393413671696165, -0.017699782169222928, 0.04307034172096834], [0.07969637436563722, -0.02793401766561968, -0.013423078803622366], [-0.4123025873815615, 0.16734054720554503, -0.21879560034408424], [-0.13133207331188937, -0.23838998833981934, -0.2211880645768347]]"
"['Bi', 'Bi', 'Bi', 'Bi', 'Bi', 'Bi', 'Bi', 'Bi', 'Bi', 'Bi', 'Bi', 'Bi', 'Bi', 'Bi']","[[0.61059, -0.559412, -1.908914], [1.625508, 1.290966, 0.141538], [-1.625624, -1.291109, -0.141479], [-0.610475, 0.559554, 1.908855], [3.436259, 5.148858, -1.89562], [6.043968, 3.952629, -2.549228], [3.577794, 3.982703, 0.80251], [6.185704, 2.786635, 0.148615], [-4.381653, -5.264589, 4.961142], [-2.075574, -3.439249, 4.86923], [-5.703254, -3.701058, 2.847235], [-3.396839, -1.875852, 2.755456], [-4.064835, -2.919984, 7.551046], [-2.440332, -0.874929, 8.711642]]",[-81777.59209853606],"[[-0.17433544290078673, 0.08304312977388921, 0.4390153355144167], [-0.12730443798905522, -0.01910516850088187, 0.10608315785998049], [0.1475380540051944, 0.028734875604271244, -0.1548926472310231], [0.29998943743855966, 0.11394600703896451, -0.324540349419391], [-0.0012465368059030924, -0.0421600627136483, -0.06551297880036325], [-0.058997131310260686, -0.015392606617563448, 0.09623747282975503], [-0.10122027350364751, -0.129746318851812, 0.015293351696399905], [0.0001270462476672429, -0.01214423709712733, -0.07760961446731697], [0.2902516873785561, 0.39858929257749215, 0.1664628749464945], [0.00036378908356964095, -0.2754962210444787, -0.3805489830334225], [0.12649510568971165, 0.1740399201404889, -0.1958047317775414], [-0.12515293767743849, -0.15838873239321713, 0.03316547500554596], [-0.6051130621886169, -0.6326120541016973, 0.2461404802487058], [0.32702717319018676, 0.48900871569985593, 0.09734824142992791]]"
"['Bi', 'Bi', 'Bi', 'Bi', 'Bi', 'Bi', 'Bi', 'Bi', 'Bi', 'Bi', 'Bi', 'Bi', 'Bi', 'Bi']","[[0.074401, 0.216478, -2.068167], [-1.578766, -1.340714, -0.197204], [1.578854, 1.34087, 0.197274], [-0.07449, -0.216635, 2.068098], [4.604029, -0.369152, -0.130318], [6.864024, -1.342373, 1.483242], [5.121086, -2.472255, -2.122671], [7.381081, -3.445388, -0.508735], [6.463101, 5.503622, -2.483181], [5.910248, 5.850088, 0.386075], [4.242321, 3.582771, -2.678947], [3.689593, 3.929562, 0.190474], [-3.754102, -0.610097, -2.747167], [-4.217659, 1.665585, -1.081445]]",[-81776.86522397869],"[[0.1732076535883016, 0.22983906015343225, 0.2639403400925575], [-0.18828383950754998, 0.5696554731620347, 0.5363488702261533], [-0.12108354761624314, 0.1453721555079359, 0.16547505656728423], [0.24623098312988279, -0.061998381685201186, -0.3217189220986982], [0.1486738137418741, -0.3759356500875167, 0.16444712895664323], [-0.16984099783060896, 0.14733750784804084, -0.27067231463356173], [0.18339323864385654, 0.1628413713029421, 0.11437949527096568], [-0.06740145511355934, -0.07778630077397843, -0.01469541047332365], [0.05843251674473603, -0.020983797483540807, -0.07917073774552855], [-0.3073328206484244, -0.24076049533946609, 0.01919866414778869], [0.047368981750836016, 0.1060049448586906, -0.04481402885090872], [0.033344511301792515, -0.015760536825012033, -0.016479247972368], [-0.33781563084740035, -0.8849207170793478, -1.2187575635909131], [0.29325576596853337, 0.31953831688324835, 0.697626547146305]]"
"['Bi', 'Bi', 'Bi', 'Bi', 'Bi', 'Bi', 'Bi', 'Bi', 'Bi', 'Bi', 'Bi', 'Bi', 'Bi', 'Bi']","[[-0.20153, -2.015467, 0.476436], [2.070722, -0.191666, 0.065422], [-2.070891, 0.191745, -0.065376], [0.201699, 2.015388, -0.476482], [0.298546, -1.491963, 5.118758], [1.119111, 0.264891, 7.332003], [1.118653, 0.565799, 3.181518], [1.939297, 2.322485, 5.395101], [4.511789, 2.288824, -0.086171], [4.49749, 0.263511, -2.2207], [6.981052, 1.119206, 1.006803], [6.966557, -0.906024, -1.128047], [-0.924906, 0.107401, -4.766054], [-0.869091, -1.944721, -2.777606]]",[-81777.68123727091],"[[0.6146755143384317, 0.5349445329051626, -0.041186318560902886], [-0.6147037964887996, -0.2605151659946493, -0.06596914417475025], [-0.0009269150823873049, 0.3518721166906602, 0.2954643448018015], [-0.16305425876207436, -0.22915607193309542, 0.13193484306936476], [0.03600131593850803, 0.4177015984646851, -0.05096236265250448], [0.01938394822816196, -0.13445102885445154, 0.039254195176375524], [0.22205113296187717, 0.025081551970450495, 0.3034526638842355], [-0.23547168179859387, -0.2930501804464052, -0.33925580936622085], [0.040141935880957005, -0.2894288824912191, 0.045475790031842225], [0.018547727317132317, -0.08396733902581768, 0.24209006493930268], [-0.02390362611867696, 0.07041052164641969, -0.015807999415538378], [-0.08068033608797914, 0.06646984108044365, -0.05347573564918192], [-0.2780391977392775, 0.2618678241136043, -0.3337630558101509], [0.42437520893174835, -0.44373557498871274, -0.15411457956335883]]"
"['Bi', 'Bi', 'Bi', 'Bi', 'Bi', 'Bi', 'Bi', 'Bi', 'Bi', 'Bi', 'Bi', 'Bi', 'Bi', 'Bi']","[[-1.661133, -0.519347, -1.140452], [-0.459486, -1.509262, 1.356431], [0.459528, 1.509443, -1.356484], [1.661091, 0.519167, 1.140505], [1.057867, 1.782791, 7.089541], [0.547744, 1.574929, 4.19906], [2.118078, -0.962333, 7.099651], [1.60793, -1.169867, 4.208971], [0.760843, -4.789502, -4.995361], [-1.797516, -5.689179, -6.137157], [-0.587813, -2.457075, -3.811818], [-3.146203, -3.357125, -4.953703], [2.555777, -1.449655, -4.551906], [4.359058, 0.731546, -4.153431]]",[-81777.34465588069],"[[0.20151674913209916, -0.13905623710988796, 0.3540203774105075], [-0.1388373332660411, 0.1521046442698559, -0.1774983129095564], [0.14966497455703695, -0.025967750012284636, 0.1783254372525859], [-0.24283897628104228, 0.10013958682704768, 0.17560561998485089], [-0.17936786589305181, -0.012779845002284351, -0.5181001983670103], [0.2032095643868416, 0.22111093143946797, 0.2787313390919152], [0.001516858113339544, -0.13694880553075345, -0.1812355162591589], [0.09314577099572911, -0.04447570234158149, -0.08039730889593472], [-0.3271442612927095, 0.2811703403175437, 0.3537143131214362], [0.009409821097593382, -0.07890575970762796, -0.17628459728204468], [-0.32154850928720924, -0.6810902309367038, -0.19233996266911824], [0.2745954088442181, 0.07458039047455813, 0.14026347355386087], [-0.32605457575008356, -0.31001695098460436, -0.4618298777289392], [0.6132660348082831, 0.5870988750670688, 0.31318645444318755]]"
"['Bi', 'Bi', 'Bi', 'Bi', 'Bi', 'Bi', 'Bi', 'Bi', 'Bi', 'Bi', 'Bi', 'Bi', 'Bi', 'Bi']","[[-0.58555, -1.97799, -0.272767], [-1.838923, 0.423458, 0.876327], [1.839067, -0.423431, -0.876452], [0.585406, 1.977963, 0.272892], [-1.458051, 0.691534, 4.632752], [-1.489692, 3.431495, 5.705096], [1.229447, 1.155414, 3.527297], [1.197567, 3.895447, 4.599935], [2.603607, 7.591837, 0.743337], [4.124171, 6.73537, 3.112443], [2.37121, 4.788411, -0.120752], [3.89178, 3.932183, 2.248656], [-4.842419, -0.071083, -0.652562], [-4.938861, 2.719989, -1.2599]]",[-81777.3315475944],"[[0.14307662191780962, 0.15555912895996346, 0.06527916254995882], [1.3597327703143027, 0.7508072742561048, -0.5717000155231695], [-0.13992321357389031, 0.006134115593274484, 0.11121333424833504], [-0.9422409225611637, -0.4319870154596494, -0.09866690954634998], [0.4940434012641504, -0.000929634282589941, -0.16712534575229177], [0.39282970978822485, 0.27612830139415345, -0.16726907049825182], [-0.2581503668471677, -0.104269397845847, 0.6335931876090024], [-0.38248245367674916, -0.2721184066929137, 0.17737870512454634], [-0.10498179950256635, -0.2609152298671249, -0.118331591541272], [0.00872460630069122, -0.11498910416662095, -0.007964330676712887], [-0.08157528616979982, 0.05730832697866134, 0.1336339832413713], [0.04335390884497433, 0.14978144559446074, 0.05991033623459151], [-0.6758744881879638, -0.35731025998547444, -0.02980231595008063], [0.13844580546076746, 0.16356266898150446, -0.011225694559690727]]"
"['Bi', 'Bi', 'Bi', 'Bi', 'Bi', 'Bi', 'Bi', 'Bi', 'Bi', 'Bi', 'Bi', 'Bi', 'Bi', 'Bi']","[[0.941345, 1.693338, 0.759072], [-1.741161, 0.511931, 1.017443], [1.741304, -0.512049, -1.017496], [-0.941489, -1.69322, -0.75902], [3.447375, -6.131887, -1.908165], [5.991317, -6.672131, -0.531645], [3.762022, -3.257576, -1.361181], [6.306147, -3.798148, 0.015251], [-8.009964, -4.20255, -2.060764], [-5.938934, -4.870926, -0.080253], [-6.106681, -2.446104, -3.458], [-4.035694, -3.114809, -1.477294], [1.547913, 3.551127, -2.052053], [3.406348, 5.1129, -0.543634]]",[-81777.95174979143],"[[-0.08886092237082262, -0.7874074621575468, 0.1810167152594952], [0.26268893207191923, 0.14005068893891176, 0.012910235999898274], [-0.5208096283722465, -0.027365546443226686, 0.3854903375015032], [0.17321238442072676, 0.02215486362829785, -0.03974552811919261], [0.046695563181741805, 0.19731839246522662, 0.015080273975528819], [0.022397858722048924, -0.033655532680491915, 0.0337637710410541], [0.007783407189705423, -0.07549930325105408, 0.08552501702389355], [-0.10584198825048043, -0.015671221794150487, -0.10399367259080662], [-0.07145968658088231, -0.011084098688321992, -0.016671381475339433], [0.13935947318392247, 0.09493315147688318, -0.08636021463530079], [0.09277208665623296, -0.06355431133216341, 0.07691140530787309], [-0.05792966011119635, 0.005705779854849411, 0.03355655029641373], [-0.39942047926575636, 0.08514649900778909, -1.1230183708285473], [0.5009162209139864, 0.46522918651478373, 0.5490784089962472]]"
"['Bi', 'Bi', 'Bi', 'Bi', 'Bi', 'Bi', 'Bi', 'Bi', 'Bi', 'Bi', 'Bi', 'Bi', 'Bi', 'Bi']","[[-0.787245, -1.835219, 0.584749], [-1.901056, 0.841527, 0.081988], [1.901225, -0.841569, -0.082071], [0.787076, 1.835261, -0.584666], [-7.379732, -1.876467, -1.94091], [-4.538263, -2.576797, -2.247355], [-6.933575, -1.315988, 0.913327], [-4.091957, -2.016297, 0.606527], [1.642169, 1.852064, -6.174839], [1.513949, 0.46522, -3.582825], [-0.638686, 0.261723, -7.13836], [-0.76675, -1.124943, -4.546042], [1.006558, -2.470645, -8.059277], [2.908848, -3.360185, -9.9979]]",[-81777.59873724311],"[[-0.0014030193727836108, -0.30220794073550233, -0.08875159900412814], [0.3602031640134604, 0.5208286545461304, -0.1584373776918498], [-0.2327989671667442, -0.07449358998397473, 0.11678779750792213], [-0.44031744571735076, -0.11143763741179759, 0.2701671954279926], [0.09127539525876842, 0.03933780749728109, -0.025261277322724193], [-0.15679655017169256, -0.0668725274795897, 0.019434357304535712], [0.23620424091521178, -0.07095266475792483, -0.026507234601655202], [0.21526305691896153, 0.08223899110579497, 0.0879231376867176], [-0.2440125312550317, -0.4575263628847899, 0.2871480556192841], [-0.3904617224710654, 0.14521799207738553, -0.44655484258155925], [0.11055919382137337, 0.12365948587174334, 0.4645836335771156], [0.25714115687786104, 0.3379917515110544, -0.14286059771109114], [-0.14748874021937128, 0.21973863008153022, -0.07667825754465918], [0.33952659810046976, -0.39704395588139496, -0.2736451800139513]]"
"['Bi', 'Bi', 'Bi', 'Bi', 'Bi', 'Bi', 'Bi', 'Bi', 'Bi', 'Bi', 'Bi', 'Bi', 'Bi', 'Bi']","[[0.137312, -1.311087, 1.609941], [0.092565, 1.615522, 1.307832], [-0.092641, -1.615627, -1.307975], [-0.137237, 1.311192, -1.609798], [3.010317, -2.280739, 5.056234], [4.560984, -4.76734, 5.321872], [0.852102, -3.769582, 3.720077], [2.403039, -6.256193, 3.985989], [-4.270014, -0.743132, 4.388668], [-5.57907, 1.408957, 2.867746], [-1.663468, 0.565172, 3.99609], [-2.9729, 2.717315, 2.475229], [-7.932691, 1.005495, 0.055162], [-6.047344, -1.046145, 0.691152]]",[-81777.08497071352],"[[-0.05591010888656834, -0.06229909807674839, -0.26824560328782043], [-0.24334255282386408, -0.39450606997366233, 0.18122985982908535], [0.13929684107638068, 0.20781055603076862, 0.3993623723022734], [-0.08879016557281152, -0.030351159360118368, -0.0464132764678161], [0.031598870132372184, -0.11450393673258405, 0.028099679075846845], [-0.016522190561044654, 0.06915021760393845, -0.012268256897594757], [0.05835656631547556, 0.0792986759093742, -0.09344437908152162], [-0.16142289290676745, 0.25067025229579754, -0.07548053418762816], [-0.1768123936299996, 0.39124354395141486, -0.5787540980458173], [0.4500753018151612, 0.32728248387487074, 0.5675240274661334], [0.18283844569782326, 0.2638060255893562, 0.10245568925380506], [-0.10765230298447821, -0.4308568607309517, 0.019647897824231], [0.04700157090651236, 0.35737114374190254, 0.08175449215894859], [-0.060215989146930174, -0.9155585134623395, -0.3097779925250422]]"
"['Bi', 'Bi', 'Bi', 'Bi', 'Bi', 'Bi', 'Bi', 'Bi', 'Bi', 'Bi', 'Bi', 'Bi', 'Bi', 'Bi']","[[0.182652, 1.371141, -1.554453], [-1.720698, 0.970119, 0.653431], [1.720874, -0.970195, -0.653411], [-0.182828, -1.371065, 1.554433], [-4.121704, -1.748359, 3.839304], [-2.652084, -3.614913, 2.10307], [-1.998701, -1.962198, 5.865875], [-0.52916, -3.828742, 4.129264], [-6.621811, -3.993962, 4.961012], [-8.960627, -4.08375, 6.744321], [-7.412822, -1.306789, 4.059203], [-9.751623, -1.396819, 5.842811], [-4.305122, -1.456716, -1.496111], [-3.20005, 1.041341, -2.336808]]",[-81777.72896217651],"[[0.06398872516181298, -0.170967707279171, 0.26979618503725855], [0.7180976818034422, -0.5454814336903774, 0.21755838482072146], [-0.42709559184249074, 0.25667388433169325, 0.4866631484146244], [0.4631231947542133, 0.26091003623587555, -0.5073789493834889], [-0.15978365947144912, -0.09612002477259125, 0.2118755237920883], [-0.008263591823068432, -0.1704621252747777, 0.48700330555041177], [-0.1793486340308017, 0.062213634560546016, -0.10189796524855185], [-0.290676073900348, 0.1023980965112379, -0.3409104694290125], [-0.28933004923120653, -0.0799156895862167, 0.16224564637201286], [0.3259647927781887, -0.07383477014667948, -0.15648539509555506], [0.025135375473705018, -0.041622403608528744, 0.10350331152552036], [0.2671265557309035, 0.12598720969119734, -0.23035508084241588], [0.04324671949508033, -0.03706966645533835, 0.25397962384347245], [-0.554377969754259, 0.39696250328833566, -0.8555715583112969]]"
"['Bi', 'Bi', 'Bi', 'Bi', 'Bi', 'Bi', 'Bi', 'Bi', 'Bi', 'Bi', 'Bi', 'Bi', 'Bi', 'Bi']","[[0.666984, -1.362285, -1.424439], [0.565037, 1.572631, -1.239544], [-0.565041, -1.57273, 1.239709], [-0.666979, 1.362384, 1.424274], [-5.652273, -5.323723, 1.915937], [-3.402729, -3.515789, 1.342146], [-7.498321, -3.441269, 0.608906], [-5.248423, -1.633489, 0.035108], [2.706144, 4.07457, 0.199217], [4.326059, 4.775166, -2.155216], [0.272888, 4.919973, -1.223603], [1.893148, 5.620399, -3.57807], [-3.221307, -2.47425, 5.622071], [-0.859307, -1.216533, 4.618405]]",[-81777.3430834953],"[[-0.29678080176828575, 0.6566014882645902, 0.24631228145666734], [-0.12707653527918225, -0.24718419444146117, -0.08270019584515662], [0.32035870493228125, 0.08547606319271145, -0.30853409212977423], [0.0603609480230881, -0.288844830375078, -0.30301449624190074], [0.39240763726055394, 0.2044488367938675, -0.03545371180087732], [-0.039065789775043484, -0.24899908574160937, -0.05970423649154753], [-0.004082719181553242, 0.15106751210482247, -0.05782085096541764], [-0.2526319536674005, -0.02195961908878596, 0.011762844586103664], [0.1362604179908009, 0.22124843411234713, -0.02304888811247014], [-0.161344628483386, -0.047197170258456135, 0.11852560709279517], [0.16072823187164245, -0.313465573556272, -0.08736263688851915], [0.0012325412552383526, -0.05879555671127556, 0.08026412567874812], [-0.9241819982199428, -0.36626315466172543, 0.6447450966094882], [0.7203566542864567, 0.2778968099676985, -0.12901005734460053]]"
"['Bi', 'Bi', 'Bi', 'Bi', 'Bi', 'Bi', 'Bi', 'Bi', 'Bi', 'Bi', 'Bi', 'Bi', 'Bi', 'Bi']","[[-1.184315, 0.575667, 1.611124], [1.425313, -0.751453, 1.316323], [-1.425375, 0.75156, -1.316471], [1.184377, -0.575774, -1.610976], [3.970174, 2.375201, -0.630251], [6.225584, 4.128261, 0.075598], [3.436431, 1.912011, 2.226396], [5.691954, 3.665328, 2.931981], [0.458788, -6.354474, 3.321596], [2.899338, -5.670618, 4.816379], [0.111145, -3.524166, 2.594712], [2.551949, -2.840593, 4.089556], [-3.819385, 0.149563, 3.704601], [-3.820333, 1.633453, 6.147205]]",[-81777.6522209115],"[[0.5035825592064804, -0.5627895954945618, -0.44789834756821345], [-0.48832115091336864, 0.10993647229236576, -0.04003323986377977], [0.3609132516760588, 0.08871112981805639, 0.15719404293958925], [-0.21220447091191172, -0.1717966828174973, -0.009343779705379966], [0.23443629798467414, 0.3270555067626462, 0.04378407520985957], [-0.1677561919717687, -0.17371015026720021, -0.21962838111718733], [0.33918957771226854, 0.2681498553533025, 0.10947238791587578], [-0.3323196891216526, -0.27929986173639976, 0.10136785490647592], [-0.1717973513046878, 0.38106160986436194, -0.17537602034595584], [0.11292949513265381, 0.21706473274157423, -0.037594716863603016], [0.169068740859293, -0.1854439516559807, 0.015971166854324016], [-0.05957213313828407, -0.12699863081044183, 0.1007288839965297], [-0.16754448722074275, -0.39727252707845845, -0.4183314162423304], [-0.11943690939973761, 0.5032078978472443, 0.8231710126290172]]"
"['Bi', 'Bi', 'Bi', 'Bi', 'Bi', 'Bi', 'Bi', 'Bi', 'Bi', 'Bi', 'Bi', 'Bi', 'Bi', 'Bi']","[[2.013045, 0.268252, 0.453218], [-0.499876, 1.535817, 1.3116], [0.499865, -1.535995, -1.311673], [-2.013033, -0.268074, -0.453145], [-5.336913, 0.152375, 2.454053], [-7.359494, -0.061269, 0.327592], [-3.994812, -2.253282, 1.418949], [-6.017586, -2.466604, -0.707604], [2.447815, 6.250219, 2.993986], [0.123653, 4.724298, 2.030579], [3.644403, 6.122819, 0.308505], [1.319913, 4.596931, -0.654702], [2.988981, -1.550594, 3.698087], [0.680017, -2.339623, 2.210014]]",[-81777.51337151323],"[[0.18213920809654782, 0.4854959697799906, -0.6332527733627572], [0.11947645298816097, -0.2271616146891574, -0.3365872085016974], [-0.12380886704777697, 0.5076165194465786, 0.26742974038284645], [0.7555833581218545, 0.28340144202692286, 0.0495392459836695], [-0.10353884419080066, -0.13487978625402755, -0.08734556475411531], [0.12128090560371887, -0.015166200290555385, 0.06314000354032077], [-0.380440996641109, -0.09019846239485377, 0.11751752840950325], [0.08708778580903562, 0.053661420821869504, 0.1417875729261364], [-0.21303056681310967, -0.12480383309771653, -0.021406872741997467], [0.159314844262534, -0.06748686720767012, 0.08014168967870128], [-0.06463772337961687, -0.08898808920329462, -0.08843879842106014], [0.06485477602816693, 0.22662780195648788, -0.06901281777524247], [-0.28451771279089455, 0.201876343818503, -0.2192796364921064], [-0.32798388120399247, -1.0205387703021584, 0.7269916467627451]]"
"['Bi', 'Bi', 'Bi', 'Bi', 'Bi', 'Bi', 'Bi', 'Bi', 'Bi', 'Bi', 'Bi', 'Bi', 'Bi', 'Bi']","[[-1.766086, 0.917847, 0.606805], [-0.379373, 0.569242, -1.964929], [0.379415, -0.569367, 1.965069], [1.766044, -0.917722, -0.606946], [5.902608, 2.344546, 0.249209], [4.859254, 1.219293, -2.261475], [3.334953, 3.708137, 0.704876], [2.291771, 2.582566, -1.805944], [8.726579, -3.107255, -0.153653], [7.255705, -5.590408, -0.72706], [6.400697, -1.528683, -1.024422], [4.929939, -4.012155, -1.597649], [-0.065614, 4.885998, -2.613995], [-2.187366, 4.445149, -0.750647]]",[-81777.46860643882],"[[0.22694661892427048, -0.31569024750420405, 0.20660825610758723], [0.1711894393380546, -0.16840513876748103, 0.062070321191318584], [-0.11223010326510365, 0.07765486590790546, -0.04850997111422918], [-0.4681961383546418, 0.12252424035597942, -0.16294447259655567], [-0.012181394700501474, 0.12883830755873055, 0.08759357350179522], [-0.5055683775390333, 0.38551728267749, 0.3166400649577383], [0.28253904212907094, -0.08891357859259832, -0.0819591006613368], [0.9045469867718612, -0.40883987515680154, -0.1095432989801616], [-0.4265091743101371, 0.33698588397770035, -0.0964681523325732], [-0.1548267241096203, -0.01317468439025562, -0.10036255301612919], [0.22184050807477435, -0.2750377930980623, -0.08311892593687494], [0.29040543943237385, -0.06946322387537275, 0.12559269940461215], [0.25418495225514276, 0.05839770398873783, -0.41247834809057454], [-0.6706335486143505, 0.22978018185857563, 0.2986413044636635]]"
"['Bi', 'Bi', 'Bi', 'Bi', 'Bi', 'Bi', 'Bi', 'Bi', 'Bi', 'Bi', 'Bi', 'Bi', 'Bi', 'Bi']","[[-1.7205, 0.481358, -1.066719], [-0.831046, 0.83277, 1.716031], [0.831182, -0.832794, -1.716165], [1.720364, -0.481334, 1.066852], [5.535937, -3.938671, 6.237919], [4.138024, -4.845465, 3.812661], [5.526341, -1.180554, 5.211975], [4.128232, -2.087679, 2.78674], [-0.688113, -4.204885, -5.522547], [-0.553532, -1.267892, -5.642029], [-2.948501, -4.024815, -3.646892], [-2.813751, -1.087666, -3.766683], [1.290572, 5.143725, 0.12841], [-0.877025, 3.704611, -1.054265]]",[-81777.62894678889],"[[-0.11633132360098566, -0.1978803330819892, 0.46613570656720943], [-0.19636631243966293, -0.16072524939033092, -0.5395879477746414], [0.17452169371648166, 0.08934979219545312, 0.4665043515417309], [0.1467556668818376, -0.44702581751832066, -0.2381903163582226], [0.048780441031510295, -0.005170157064556337, -0.03275369203839979], [-0.041401442881018775, 0.225959674720617, -0.0413050058904737], [-0.11575441915557391, -0.10631594566855335, -0.11402159751358394], [-0.08845093403467252, 0.08876990526872984, 0.05210101745294001], [-0.07187394295063337, -0.01912258516329928, 0.04052139492133734], [-0.08738068604266298, -0.0042404672461074915, -0.10219019699498869], [0.06743354249870391, 0.06883875399525148, -0.03965711297493368], [0.19794106257214264, 0.060237277892843395, 0.22762256231806116], [0.5568194906623748, 0.5233118273484241, 0.4226069060465697], [-0.47103921437588886, -0.13146376528842021, -0.562334509984098]]"
"['Bi', 'Bi', 'Bi', 'Bi', 'Bi', 'Bi', 'Bi', 'Bi', 'Bi', 'Bi', 'Bi', 'Bi', 'Bi', 'Bi']","[[-2.010163, -0.135523, 0.520186], [-0.007826, 2.020491, 0.496448], [0.007858, -2.020642, -0.496563], [2.010131, 0.135674, -0.520072], [-0.399494, 0.690408, -3.225535], [-2.627517, 2.610406, -3.137046], [1.486169, 2.847992, -2.555484], [-0.742208, 4.767848, -2.466937], [-5.66824, 3.353836, -6.341332], [-2.959305, 2.213794, -6.483769], [-5.495336, 4.118582, -9.177725], [-2.786307, 2.978274, -9.319899], [-6.230009, -0.658604, -2.203704], [-3.385474, -0.761249, -2.461256]]",[-81777.32954743602],"[[0.181494220801887, -0.025291498085944487, 0.004803435790480744], [-0.19760023694916473, -0.28835513779698224, -0.3981907713677639], [-0.04179318665907706, 0.3017745553476843, 0.015393825321133842], [-0.2874246550498813, 0.19146702124249285, -0.3157239803962791], [0.05087185977132748, 0.2865818983910121, 0.6779354856184036], [0.45180616941767127, -0.004074511701516504, 0.4351435091290634], [-0.17290955972342487, 0.12676322047519847, -0.017404639932402773], [0.16946309687960345, -0.33199079342392074, -0.22408441388495645], [0.07494507594802816, 0.04853792930542005, -0.19361379072168444], [-0.002000686001890841, 0.1733649537664382, -0.46224171726038604], [-0.04800490333075166, -0.04636139671962322, 0.20623328621580164], [0.016555254965929203, -0.1376567848875971, 0.46285189179904873], [-0.2628638700274671, 0.06473660806172106, 0.0725871159387264], [0.05110725467994334, -0.35513777946049396, -0.2596043264865311]]"
"['Bi', 'Bi', 'Bi', 'Bi', 'Bi', 'Bi', 'Bi', 'Bi', 'Bi', 'Bi', 'Bi', 'Bi', 'Bi', 'Bi']","[[1.665561, -0.179955, 1.234195], [0.058944, 2.067875, 0.22209], [-0.059028, -2.068048, -0.222086], [-1.665477, 0.180128, -1.234199], [4.481865, 0.792335, -2.531607], [1.539456, 0.769231, -2.528539], [4.476213, 1.099831, -5.458255], [1.533627, 1.076821, -5.454859], [3.858611, -4.300095, -4.513523], [1.881781, -2.125088, -4.654249], [2.570596, -5.618912, -6.80734], [0.593864, -3.443568, -6.947908], [-2.850962, -2.605633, -2.68624], [-4.290128, -2.728116, -0.220059]]",[-81777.16986886367],"[[-0.21830343950559275, -0.32443210591661964, -0.011437075351539745], [-0.8283893264823362, -0.4597621440045027, -0.07939416673343426], [0.7401772994851342, 0.2736219372285581, 0.06168450123821007], [1.1752328768375995, 0.6511744007194652, -0.27497058442437], [-0.5214688595862744, -0.006322865522620096, -0.10187004305282508], [0.3199797755394441, 0.16498680380775266, -0.7099143701497451], [0.17755127766388157, -0.07880924044173636, -0.06530410226437407], [-0.01692015641218386, -0.34852726389979655, 0.864495348083715], [-0.2605490017309075, 0.21380842879240763, -0.17693272132429172], [0.12113018745330424, -0.022206661101144207, -0.1718519101438519], [-0.12827477285712902, 0.2003317784537795, 0.16796748534606204], [0.28654451453043506, -0.12189262280512883, 0.06346931061478524], [-0.021672426707323736, 0.20684865438571362, -0.04998265867934519], [-0.8261997738229518, -0.35744174627363895, 0.5049822685392291]]"
"['Bi', 'Bi', 'Bi', 'Bi', 'Bi', 'Bi', 'Bi', 'Bi', 'Bi', 'Bi', 'Bi', 'Bi', 'Bi', 'Bi']","[[0.435769, 1.624999, 1.224418], [-0.478757, -1.134952, 1.676777], [0.478849, 1.134989, -1.676942], [-0.43586, -1.625035, -1.224252], [-2.697643, -5.319863, -1.898345], [-3.592705, -2.538942, -1.546696], [-5.499699, -6.196028, -2.10002], [-6.394509, -3.414828, -1.748457], [0.533123, 4.625879, -0.316231], [-1.20662, 5.6588, 1.820281], [2.768369, 4.449117, 1.589625], [1.028246, 5.481998, 3.72609], [1.90227, 0.509651, -4.698297], [2.236477, -2.325899, -4.57099]]",[-81777.63435281656],"[[-0.20401334310029476, -0.2804603040770368, -0.748449571357261], [0.14145615754591723, 0.3509845713900267, -0.03199900599577597], [-0.23834489116550558, -0.24535768174861636, 0.954231525875284], [-0.4405582553722098, 0.47510983856728206, 0.13737344916300323], [-0.19030765876577893, -0.09564534744523624, 0.013609324477108138], [-0.16627184187628283, -0.10167412488391353, -0.056317217585590086], [0.12695471634423436, -0.11253297938449709, -0.027433634434684898], [0.5985300060248222, 0.3044811571378838, 0.095217104266576], [-0.08497973716480216, -0.23594774752242154, 0.26524512424425356], [0.0073292832723540645, -0.12884946615260295, -0.17940591824081942], [0.0016739649444118172, 0.0710297464732, 0.08809355049820655], [0.1375858224012197, 0.034147791220957395, 0.022932699896550016], [0.07413373818711302, 0.9526153295369925, -0.45622142446681907], [0.23233251737404162, -0.9913737026219562, -0.07512392198253588]]"
"['Bi', 'Bi', 'Bi', 'Bi', 'Bi', 'Bi', 'Bi', 'Bi', 'Bi', 'Bi', 'Bi', 'Bi', 'Bi', 'Bi']","[[-1.334161, -0.971193, -1.267483], [-0.390494, -1.402995, 1.485943], [0.39051, 1.403172, -1.486015], [1.334144, 0.971015, 1.267555], [-4.078828, 1.56202, -2.471834], [-4.783145, -1.109257, -1.458656], [-6.786051, 2.519603, -1.828535], [-7.490079, -0.151903, -0.815247], [5.304325, 2.578802, 5.624151], [4.271784, 1.64775, 3.03083], [7.187654, 0.318458, 5.685591], [6.154937, -0.612334, 3.092046], [2.987286, 1.874532, -3.929367], [0.2866, 2.411826, -4.694777]]",[-81777.31520277562],"[[0.22287532624568673, 0.3381255003712484, 0.008591675051753352], [0.005359904582478558, 0.1597777459309177, 0.08440740928554082], [-0.2798363998399229, -0.3458470416425765, 0.9847896180163299], [-0.3160864547198113, -0.14687846283652548, -0.9526137868742452], [-0.31104991796021997, 0.08490049572168071, -0.04123112777150382], [-0.18137461301687696, 0.0710095890133015, 0.013360498118172137], [0.27286171302667134, 0.03267025969481475, -0.04487571479196549], [0.24747951151339267, -0.2019334223401544, 0.000900292322914711], [-0.09680748671489538, -0.07019922827212635, -0.3020121254107739], [0.1560446049265498, 0.01515661007047612, 0.2546953165140528], [0.016909342346325035, -0.05320607820094774, -0.006578063078702589], [-0.006483297306133793, 0.1017714154811788, 0.0628682377863319], [1.0252171521939102, -0.06477147223981083, 0.1457684141456347], [-0.7655834122709966, 0.07323724544254501, -0.21329703609166606]]"
"['Bi', 'Bi', 'Bi', 'Bi', 'Bi', 'Bi', 'Bi', 'Bi', 'Bi', 'Bi', 'Bi', 'Bi', 'Bi', 'Bi']","[[0.620438, -1.780432, 0.880247], [-1.856113, -0.191909, 0.920283], [1.856232, 0.191934, -0.920433], [-0.620557, 1.780406, -0.880097], [3.313678, -3.942288, 0.67453], [6.061059, -3.503998, 1.632712], [4.296279, -5.975679, -1.212181], [7.043702, -5.537235, -0.253648], [1.818186, 3.344104, 0.807226], [3.507403, 5.248656, 2.282876], [1.52961, 5.293603, -1.378188], [3.219064, 7.198011, 0.097728], [-0.708925, 1.917983, 3.238258], [-0.028384, 3.012481, 5.789175]]",[-81777.73569412151],"[[-0.4697721226173193, 0.08216252645561874, -0.12722931031326], [0.6333767006034597, -0.10571914087370096, -0.04969788313618713], [-0.1785823420221088, 0.1271393216529988, 0.08400821958862206], [0.40196772399415615, -0.032753856589092835, 0.20935743538961318], [0.05863799942268107, -0.046878358432882704, -0.06200306109553477], [-0.1130262715090033, -0.06139592046027524, -0.024694024803901593], [-0.039853262543257335, 0.11127082414671907, 0.1325545306949693], [0.0455281942853692, 0.015185442437223815, -0.013420348290559584], [0.2772805162001381, 0.7481955462248665, -0.247487996158503], [-0.4216391422830748, -0.7005020705073377, -0.3889857027544152], [0.14316100557008887, -0.1757246621268536, 0.3160534417370183], [-0.008104851826367646, 0.3267295935462258, -0.08692920007860958], [-0.5811154004910716, -0.7021840871228487, 0.02098197714149895], [0.24696986716376476, 0.4270506489344517, 0.26267273411307224]]"
"['Bi', 'Bi', 'Bi', 'Bi', 'Bi', 'Bi', 'Bi', 'Bi', 'Bi', 'Bi', 'Bi', 'Bi', 'Bi', 'Bi']","[[0.332014, 1.459599, -1.445355], [-1.810886, -0.482774, -0.903618], [1.811, 0.482823, 0.903766], [-0.332128, -1.459648, 1.445208], [3.487416, 4.631168, -0.433032], [2.758292, 7.206487, -1.655499], [2.733674, 3.24015, -2.914321], [2.004709, 5.815786, -4.136639], [-3.764156, 1.042105, 1.430138], [-2.720645, 1.906699, 4.04201], [-4.371128, -1.610329, 2.550871], [-3.327607, -0.745355, 5.162812], [5.492118, -0.297898, 2.826901], [5.000608, 1.548831, 0.701753]]",[-81777.40430663743],"[[-0.06646655006658267, -0.3867878197161952, 0.2879970857733258], [0.3248546926652063, 0.2556201942531718, -0.5013977373795212], [-0.7001894241905444, -0.7186756661127771, 0.03664422578066911], [0.4889981741710824, 0.47711355178770415, 0.017378126701985238], [-0.18810926150664323, 0.2566200454018112, -0.09536453140312966], [0.11250315457138196, -0.23988380010015553, 0.001034356914750955], [-0.2524137697328357, 0.08302878301033899, 0.017706189361833526], [0.005884944706324913, -0.07018395591092773, 0.06398954791527824], [0.016390056354526242, -0.06738335453732394, 0.1888121500764207], [-0.0757925634393225, -0.041551055456464495, 0.017698969700176], [-0.10583535480066687, 0.15572203414608204, 0.049921790349544505], [-0.013327186887248012, 0.019306306012088582, -0.022903970373985477], [-0.16961859728453482, -0.37520031417795363, 0.2527989211987537], [0.6209623792547381, 0.6547451507586303, -0.323920713215878]]"
"['Bi', 'Bi', 'Bi', 'Bi', 'Bi', 'Bi', 'Bi', 'Bi', 'Bi', 'Bi', 'Bi', 'Bi', 'Bi', 'Bi']","[[0.075729, -0.934739, 1.857483], [-1.978537, -0.603763, -0.223084], [1.978721, 0.603782, 0.22303], [-0.075913, 0.93472, -1.857429], [5.299774, 1.044812, -0.056331], [5.120225, 3.561749, 1.457308], [3.887244, 2.300694, -2.311852], [3.70795, 4.817685, -0.797929], [-3.299092, 1.694253, -7.261346], [-1.59731, 3.147428, -5.350709], [-1.494966, -0.625267, -7.103812], [0.206654, 0.828197, -5.192979], [8.688969, 4.776014, -3.188049], [7.817468, 2.330666, -1.99264]]",[-81777.61575793236],"[[0.29212514844101145, 0.3249284319445289, -0.27594426172839637], [0.20602559238791876, 0.11056937539550578, -0.14920814069545943], [-0.33550343649960285, -0.12733991923224391, -0.20800230901026237], [-0.05795933065803676, -0.26193302732572504, 0.39450606997366233], [-0.27240426209999485, -0.09546691278746114, -0.012872965267922656], [0.007567645235653974, -0.12161514919897481, 0.13536315391485923], [-0.12727533308522215, -0.09287102276042872, 0.19386946136100944], [-0.11158048798220081, -0.01482696875241639, -0.06746059051887386], [0.11993457240202793, 0.018147992546042838, 0.09433583246111502], [-0.05496270827133826, -0.05261693529774046, -0.11276818403137413], [0.0453048989949016, 0.11914766013461227, 0.17252039733436378], [-0.09509338271423971, -0.01441275352033859, -0.029945073960719024], [0.37602018800607073, 0.537426163044709, -0.39627853804825885], [0.023028015885498698, -0.3351893503642454, 0.26918482779048963]]"
"['Bi', 'Bi', 'Bi', 'Bi', 'Bi', 'Bi', 'Bi', 'Bi', 'Bi', 'Bi', 'Bi', 'Bi', 'Bi', 'Bi']","[[0.96171, 1.845177, 0.012195], [-1.777167, 0.93, -0.552885], [1.777278, -0.930114, 0.552994], [-0.961821, -1.845063, -0.012303], [-1.820352, -2.047209, 4.238667], [-0.986198, 0.298818, 2.670656], [-4.232961, -0.605845, 5.111391], [-3.398561, 1.740122, 3.543089], [-6.839894, 0.333451, -2.74084], [-5.491341, -0.021382, -0.149737], [-5.351629, -1.960066, -3.829284], [-4.00325, -2.314752, -1.23787], [-0.891356, -5.026505, -2.389241], [0.11492, -2.472189, -3.183672]]",[-81777.45375292035],"[[-0.4060766576437748, -0.12047974941693616, 0.13710790548209525], [0.4239763791894707, -0.22061393692436818, -0.06702972481354316], [-0.6847684531472666, -0.2321592763475159, 0.0729745813987654], [0.05908197776136412, 0.5691757050476135, 0.8795779617644105], [0.0299532500732799, 0.4253943947868211, -0.2552951037902167], [-0.27457885093073003, -0.08950035607959303, 0.11941731758284646], [0.037048326287333545, -0.08126711357497385, 0.07857475570414141], [0.43869086211656055, -0.23070788781273144, -0.14996414828583682], [0.10997545023778175, -0.07042054895427735, -0.0005741513066286851], [-0.0595776353020829, -0.20719811892007658, -0.20873836482910757], [-0.05819391823981486, 0.087952808233558, 0.18209303105831093], [0.10893117040201902, 0.31021919407077997, 0.12150891115777501], [-0.02519218145827105, -0.19029994545204226, 0.14932548590844008], [0.32571950940136235, 0.05667722364872653, -1.0698695254155257]]"
"['Bi', 'Bi', 'Bi', 'Bi', 'Bi', 'Bi', 'Bi', 'Bi', 'Bi', 'Bi', 'Bi', 'Bi', 'Bi', 'Bi']","[[-1.811226, 0.64508, 0.795642], [1.023989, 1.113442, 1.428495], [-1.024031, -1.1135, -1.428674], [1.811269, -0.645022, -0.795463], [5.192109, 0.710949, -3.137986], [8.061548, 1.290693, -2.840445], [5.076607, -0.158146, -0.328859], [7.946203, 0.421848, -0.031567], [-3.617969, -3.520655, -0.835821], [-2.834406, -6.0072, 0.528524], [-1.618456, -4.040613, -2.9314], [-0.83515, -6.527316, -1.566815], [-4.80345, -0.294892, 2.146529], [-5.130603, 1.768772, 0.196528]]",[-81777.6031014617],"[[0.9573297068928487, -0.3484722422618083, -0.6191903739789658], [-0.7114493195833436, -0.16063896312066334, -0.39387728063784855], [0.21028580983095946, 0.43693099245440065, 0.7462116819317935], [0.004936922398007654, 0.07320310117373732, 0.12068235245775286], [0.11664972919203563, 0.07131580756864751, -0.032580656700240365], [-0.09460024485600825, -0.018357347307483687, -0.05984513302247081], [0.08698139350156106, 0.033785049502549014, 0.017367903990179564], [-0.2775716680826518, -0.0876551257454139, 0.025194104644496066], [0.13080314567791973, -0.21985808360026554, -0.24036829904700194], [0.026420675794902225, 0.002916596242459573, -0.04301847739940294], [-0.22909642230686514, 0.1474863748031587, 0.12887286320427085], [-0.008822760789094997, 0.041834694571398684, 0.08653479263620754], [-0.22147206878861914, -0.60089696490015, 0.737857648934058], [0.01265176799879143, 0.6228063754587194, -0.47795671982330595]]"
"['Bi', 'Bi', 'Bi', 'Bi', 'Bi', 'Bi', 'Bi', 'Bi', 'Bi', 'Bi', 'Bi', 'Bi', 'Bi', 'Bi']","[[-1.777449, -0.95177, -0.514321], [-0.11121, 1.144527, -1.733954], [0.111296, -1.144645, 1.734079], [1.777363, 0.951888, 0.514195], [-0.26418, 3.580564, 1.326166], [-1.804687, 4.48314, -1.012746], [-2.672661, 2.284491, 2.41211], [-4.21297, 3.187152, 0.072878], [4.54641, 2.438741, -5.872371], [2.895047, 2.457827, -3.437017], [2.284139, 1.336033, -7.397502], [0.632881, 1.355358, -4.961866], [-0.543638, -2.193167, -11.380204], [0.284333, 0.05599, -9.823284]]",[-81777.23150338145],"[[0.10744656319607528, -0.1867176254422722, 0.03245750079091144], [0.519704053403323, -0.29146735704554777, -0.01216618404581275], [-0.30508084156986454, 0.05693340850896732, -0.09291365167434676], [-0.25043216801179213, 0.0033989688858192175, -0.42559540374279886], [-0.13936050162575403, 0.37719096618711495, -0.3341759237834294], [0.3747040909942275, 0.13109656013246287, 0.45523833692003407], [-0.21445454737308317, 0.23938953095590934, 0.09996048368208206], [-0.036370269445579015, -0.3909574314338758, 0.12341749350877804], [-0.2825630562458378, 2.5442432209143758e-05, -0.06255687702182808], [0.03577616431053447, -0.04951106667748484, -0.11157488297421883], [0.055883163710581565, 0.1320898292533804, 0.6342210513471679], [0.2363028170647665, 0.11299870926791758, -0.10545539696599823], [-0.13685388034970072, -0.1675770374047115, -0.1504168683800881], [0.035798388938514406, 0.03393265661642319, -0.04498432339158705]]"
"['Bi', 'Bi', 'Bi', 'Bi', 'Bi', 'Bi', 'Bi', 'Bi', 'Bi', 'Bi', 'Bi', 'Bi', 'Bi', 'Bi']","[[0.717391, 0.488759, -1.891079], [0.874514, -1.881548, -0.154625], [-0.874659, 1.881671, 0.154656], [-0.717246, -0.488882, 1.891047], [3.079803, -2.012708, -6.969456], [1.594678, -0.192691, -5.19738], [2.290136, -0.392109, -9.295384], [0.805113, 1.427915, -7.522937], [5.073554, -4.180963, -5.258497], [3.75687, -6.811562, -5.326356], [6.364832, -4.893183, -2.711891], [5.048031, -7.523912, -2.780093], [5.849197, 3.27951, -4.093646], [4.841213, 0.728279, -4.895791]]",[-81777.66248606076],"[[-0.04418617025495248, -0.03393038890218461, 0.008624693176755481], [-0.057137297102073444, 0.0962549563408915, -0.005144410023303314], [0.15505287846837965, -0.10313173549177891, -0.17421634933669247], [0.007682326784290868, -0.03504076155225234, 0.02017473772128258], [-0.24979103737399966, 0.29934074775330527, 0.2843874606329279], [-0.37088661775967197, -0.12888093647264856, -0.4711994456132454], [0.2992238653391488, -0.28218494960646595, -0.004936355726558465], [-0.03203735659167472, -0.15162785863674616, 0.47272565329127564], [-0.06727038020212743, -0.08405352245130214, 0.0028975618410411207], [0.07756724266385684, 0.061295595959606874, 0.05295904647300781], [-0.08505383639876582, 0.09715448298886262, -0.1848230813222699], [-0.02938961766970438, -0.0675677027356305, -0.01032983430684911], [0.42180040196226287, 0.7069961664527028, 0.3387478619456149], [-0.013382589048713976, -0.39086327758419676, -0.3175222109387561]]"
"['Bi', 'Bi', 'Bi', 'Bi', 'Bi', 'Bi', 'Bi', 'Bi', 'Bi', 'Bi', 'Bi', 'Bi', 'Bi', 'Bi']","[[-1.363651, 0.427617, 1.512387], [-1.002792, -1.778283, -0.401274], [1.002947, 1.778392, 0.401314], [1.363496, -0.427725, -1.512428], [1.143965, -6.769027, 2.649858], [2.824893, -7.583445, 0.3762], [-0.019234, -4.61421, 1.017806], [1.661827, -5.42899, -1.255851], [-3.822261, 4.759145, 3.067761], [-6.300164, 5.158756, 1.531981], [-2.576877, 3.48395, 0.726232], [-5.05502, 3.883838, -0.809427], [-4.859741, -0.718304, 0.547735], [-4.16785, -2.690733, -1.401381]]",[-81777.55844889203],"[[0.7510309603544685, -0.08620599978265886, -0.2517413230412723], [0.3534702124527162, 0.21424669927892553, 0.3753509809062767], [-0.2957267003130316, 0.15477350224483724, 0.1860811227927217], [-0.40558315983090226, -0.19798708534410484, 0.2654461846223229], [-0.26139006146075466, 0.4420549981917658, -0.2511991285076756], [0.05203910525468029, 0.04008089271604495, -0.14337718404308208], [0.16097228111827086, -0.13181101867284534, 0.14011244687089675], [0.021311299642590896, -0.17851657316698072, 0.08203047452444684], [-0.053420662589102066, -0.18007641089290286, -0.2227952106270085], [0.12399326666817509, 0.04511798997643447, 0.027909093377831904], [-0.32848277833648065, 0.25907113081896044, -0.1191425179254545], [0.26969128397043973, 0.10492991461216433, 0.19621626277643883], [-0.10341424846290755, 0.3753079406156261, 0.6259395234985571], [-0.29066404113091876, -0.8577323145993978, -0.9231196178079446]]"
"['Bi', 'Bi', 'Bi', 'Bi', 'Bi', 'Bi', 'Bi', 'Bi', 'Bi', 'Bi', 'Bi', 'Bi', 'Bi', 'Bi']","[[-0.137378, -1.89591, -0.846384], [-1.182582, 0.768486, -1.529651], [1.182738, -0.768493, 1.529765], [0.137222, 1.895917, 0.846271], [-1.765325, -0.410715, 3.600016], [-0.518444, -2.539924, 5.203161], [0.561493, 1.322315, 4.092341], [1.808255, -0.807254, 5.695423], [-2.714574, -7.998238, 3.413538], [-0.334434, -6.270888, 3.511049], [-3.219979, -7.462349, 6.262616], [-0.839714, -5.734851, 6.359794], [3.743014, -3.097192, 2.543835], [3.260986, -2.694782, -0.244347]]",[-81777.35203826085],"[[0.06667280407590138, 0.45612649928576643, 0.3999540863100596], [-0.040610108313727425, 0.04058430470817367, 0.16507010759610877], [-0.18565344525706884, 0.3443680908667063, -0.4965975879749132], [0.32885497143532105, -0.6492589278081907, 0.38342964860361295], [-0.08625762756260301, -0.19963490626871663, 0.5731624598076432], [-0.21762451363049057, 0.12050643748246506, -0.24352654106752955], [-0.006830005616388205, -0.38149828626604093, -0.5174219409790985], [-0.2631672603677763, 0.2116552829738604, -0.20241735564399344], [0.15202838530804597, 0.1696815379246261, 0.03609055383623221], [-0.13714256397181873, -0.25828627543520793, -0.05667953764284753], [0.11798829765789834, 0.17195022918294872, -0.01958889097414543], [-0.06606201247213983, 0.06751319531855798, -0.030640480616171913], [0.19088302054844336, 0.1487379370900717, 0.1507776457745982], [0.1524025324463663, -0.2450597421500144, -0.14495831051491745]]"
"['Bi', 'Bi', 'Bi', 'Bi', 'Bi', 'Bi', 'Bi', 'Bi', 'Bi', 'Bi', 'Bi', 'Bi', 'Bi', 'Bi']","[[2.063952, 0.025156, -0.263028], [0.216046, -1.353593, 1.565252], [-0.216119, 1.353657, -1.565419], [-2.06388, -0.02522, 0.263195], [-1.239526, 2.873667, 2.0897], [1.599537, 3.391238, 1.515109], [-1.977249, 4.032004, -0.512968], [0.862073, 4.549364, -1.087368], [2.126597, -0.990631, 4.463419], [4.121219, -0.668167, 6.602535], [4.285366, -1.481716, 2.524758], [6.279868, -1.159307, 4.664235], [-2.046549, -1.193837, 4.10764], [-3.811459, -2.227421, 2.111383]]",[-81777.83084680956],"[[-0.23236383342781253, -0.48224938460613226, -0.2749102663109492], [0.4049542162288138, 0.8772361997139559, -0.21017072719000826], [-0.2640843219489754, -0.2716830158435241, 1.3862058915004052], [0.4442978241380249, -0.2222942566108572, -0.9063920114176741], [0.0728244803134497, 0.3358405597319872, -0.2868527385473526], [-0.03470756182545542, 0.27357822845071694, -0.18955077699984474], [0.3900633041055203, -0.14827729799371742, 0.1805612697943903], [-0.29222845542299136, -0.09090083674371545, 0.1937570526688203], [0.23852857087662163, 0.0012333650371454295, 0.1943893387068614], [-0.3095897362477757, -0.023461555539591446, -0.2582624670068074], [0.2047722303278005, -0.027167046885317913, 0.14227052921023545], [-0.16170185775357723, 0.005076835224319045, -0.21066443069124707], [-0.09255940488546703, -0.20953304183235147, 0.16084567992880622], [-0.37315489764126203, -0.01837696997762979, 0.07303669928539143]]"
"['Bi', 'Bi', 'Bi', 'Bi', 'Bi', 'Bi', 'Bi', 'Bi', 'Bi', 'Bi', 'Bi', 'Bi', 'Bi', 'Bi']","[[-1.998749, 0.415974, 0.4021], [-0.578275, -1.390391, -1.435728], [0.57837, 1.390451, 1.435884], [1.998653, -0.416034, -0.402256], [-0.127708, 4.266003, -0.915924], [-1.653625, 2.212505, -2.369553], [0.455688, 5.630922, -3.456889], [-1.070491, 3.577225, -4.910318], [5.690101, -4.36311, -1.689386], [3.852912, -2.213675, -2.503622], [5.687235, -5.407497, -4.440588], [3.850038, -3.257745, -5.254604], [-4.743879, -1.172871, -1.710242], [-5.187865, 1.367481, -0.478279]]",[-81777.68303467741],"[[0.3938208191812961, -0.009180056908005288, -0.5911900166730016], [0.3331913964180801, 0.2880307158212177, 0.569443614144734], [-0.2538732829580895, -0.7084467836561137, -0.16032477414112273], [0.10309450589747655, 0.028460754718488104, -0.2620985550385141], [0.09914688334913752, 0.28261977481284817, -0.4878681737086595], [0.3511765300578868, 0.1983184493022324, -0.30005335509839093], [-0.19620345867563593, -0.09280345413209545, 0.27578161365273574], [-0.01989274925548803, -0.3871299308914626, 0.511683595513653], [-0.12352558274527464, 0.11515365485967002, -0.06841673288967218], [0.035375514226214905, -0.019326802857791505, 0.027290860997419033], [0.051602068898360255, -0.07033883925076018, -0.01946498944448863], [-0.023316565810178578, 0.10569013881405108, 0.23615389868755704], [0.06967307743110192, -0.5810799192478829, -0.3194113557391427], [-0.8279069872633359, 0.8554486595124259, 0.5880686957142268]]"
"['Bi', 'Bi', 'Bi', 'Bi', 'Bi', 'Bi', 'Bi', 'Bi', 'Bi', 'Bi', 'Bi', 'Bi', 'Bi', 'Bi']","[[2.03215, 0.263466, 0.36148], [-0.282868, 2.059332, 0.089683], [0.282832, -2.059515, -0.089635], [-2.032114, -0.263283, -0.361528], [0.861201, 4.302284, 2.493261], [3.282259, 5.917426, 2.059548], [0.524233, 5.521254, 5.150407], [2.945401, 7.136455, 4.716329], [-4.327884, 2.306398, -2.391062], [-3.409545, 5.077335, -2.761028], [-3.735089, 2.494169, 0.485254], [-2.816879, 5.265295, 0.114977], [1.733994, -1.1288, -3.125604], [2.975923, -3.212689, -1.614558]]",[-81777.29475881917],"[[-0.30989744604377745, -0.025704936844439464, 0.7194644809975811], [0.09115481045401838, -0.35453979195753527, -0.2724356295758574], [-0.7102794669999478, 0.5520341508201412, 0.2604605557333936], [0.7514325668896914, -0.28394836739294477, 0.31658699735922996], [0.09236703484087433, 0.05800319370215266, 0.1703288392134079], [-0.18920522054444167, -0.1123345929551898, 0.07199488771002444], [0.08717792873557156, -0.06052025366279624, -0.22512591692777398], [-0.03640732420477001, -0.03058160232131529, -0.047378849650209796], [-0.032428200483130394, 0.027123980883621474, 0.12848745462789496], [0.1188123366754332, 0.06286093584932784, 0.08357997640996183], [0.3305481466447045, 0.14577859571976712, -0.26980970904734347], [-0.22657113481156907, -0.11558621749402281, -0.05879447684735243], [-0.14425963855664936, -0.28382953093930835, -0.8038255075565187], [0.17916336023484677, 0.4308999524436939, -0.08945237926815092]]"
"['Bi', 'Bi', 'Bi', 'Bi', 'Bi', 'Bi', 'Bi', 'Bi', 'Bi', 'Bi', 'Bi', 'Bi', 'Bi', 'Bi']","[[-0.786302, 1.921511, -0.138703], [-1.908305, -0.756311, 0.339517], [1.908492, 0.756336, -0.339478], [0.786115, -1.921537, 0.138664], [0.219812, -0.025268, -5.688435], [2.332127, -1.519008, -7.090283], [0.980241, -1.323697, -3.159466], [3.092684, -2.817291, -4.561646], [5.70896, 1.449318, -6.068531], [4.257903, 3.801126, -5.057715], [3.851336, 1.281718, -8.344713], [2.400471, 3.633762, -7.33366], [-1.957643, 0.895833, -3.178123], [-3.589592, 1.067164, -5.51813]]",[-81777.15687418877],"[[0.2626104105380799, -0.4848782876159576, -0.08549354670384791], [0.37026261067837496, -0.08875447864125649, 0.2218225103427221], [-0.15691204418937638, 0.25207129860292726, 0.5037806885253298], [-0.16496083565150585, 0.40159347401165263, -0.20871496777743967], [0.9368662855494482, -0.6885891145515001, 0.6182627194469017], [-0.3738764010081907, -0.08840141456048306, 0.13761940102702003], [-0.10467578663558663, -0.21344688006652385, -1.079372842160026], [-0.5409079528654445, 0.4055927243399358, 0.12200143195090753], [0.05425159216690834, -0.0886119880254943, -0.1314529152270973], [-0.024062489528397533, 0.14247313225105213, 0.1680903327228415], [0.03785510290872572, 0.21888790299846644, 0.03513504909936946], [0.04784283632472578, -0.04989842929334069, -0.0741526100947221], [-0.3243046305515982, 0.4623623020651361, -0.2518123883718329], [-0.009111500975513715, -0.191126555574156, 0.02002453893399287]]"
"['Bi', 'Bi', 'Bi', 'Bi', 'Bi', 'Bi', 'Bi', 'Bi', 'Bi', 'Bi', 'Bi', 'Bi', 'Bi', 'Bi']","[[-1.268576, 0.418243, 1.595463], [0.82867, 1.9017, 0.160463], [-0.828754, -1.901847, -0.160556], [1.26866, -0.418096, -1.59537], [-0.749231, 4.723312, -0.92001], [-1.249482, 5.907727, 1.726728], [1.807014, 6.171858, -1.084879], [1.306517, 7.356088, 1.562092], [0.573631, 0.88199, 7.455392], [-1.396261, 3.063795, 7.587923], [-0.678601, -0.09795, 4.979207], [-2.648397, 2.084167, 5.111944], [-0.04076, -4.613178, 1.661777], [2.765252, -4.77672, 1.144287]]",[-81777.70134519378],"[[0.13127036680199597, -0.28540376685087226, -0.5215110257013682], [0.18304547103851562, -0.43179022311518106, -0.17450410736116204], [0.2135738926327211, 0.7332178336109897, -0.08136229586648443], [-0.3296643551567562, 0.28948128160253694, 0.31160800192011423], [-0.0015201079895272632, 0.23235365185368015, 0.04805388287297955], [0.03735685883680057, 0.0679774339613227, -0.1235936655945237], [-0.14791780615149677, -0.07866237894819005, 0.03647234743957019], [0.006540447818713401, -0.003882221875386674, 0.05055016830862568], [-0.12611915877818605, -0.09756837940397263, -0.2846730589295512], [-0.047187173803853406, -0.031314603667920736, -0.06769960040052764], [0.14503014717685167, 0.09657079082736257, 0.26751875202336767], [0.016273389913154444, 0.0403560111904047, 0.16482883514242555], [-0.7837750056084882, -0.6204795258148222, 0.5731038386232444], [0.7042445703323728, 0.09027878370189835, -0.19408461139217112]]"
"['Bi', 'Bi', 'Bi', 'Bi', 'Bi', 'Bi', 'Bi', 'Bi', 'Bi', 'Bi', 'Bi', 'Bi', 'Bi', 'Bi']","[[-0.043562, -2.076075, 0.133148], [-0.500771, 0.13964, 2.014605], [0.500751, -0.139602, -2.014793], [0.043582, 2.076037, -0.132961], [0.32721, -2.313028, 4.610053], [-2.535853, -2.089943, 3.968635], [0.629505, -4.382684, 2.540029], [-2.233736, -4.159271, 1.898709], [5.350727, -1.970719, -3.75251], [3.399171, 0.215663, -4.016086], [3.336045, -3.885343, -4.719532], [1.384628, -1.698602, -4.983142], [-4.062099, 2.053862, -4.703727], [-2.680747, 0.710802, -2.592732]]",[-81777.62960826507],"[[-0.0014774677627490886, 1.0246833908833322, -0.5094968710693054], [-0.023607573710835876, 0.4269430739188709, -0.6940326571659299], [0.11259993094773145, -0.32684251645933077, 0.9152782630632402], [0.22180790646871398, -0.63384926962506, 0.5231853290031426], [-0.2675488339469407, -0.09542032437249161, 0.05652259741935197], [0.47767430969636043, -0.08100954031826045, -0.133866668205761], [-0.4342098382122846, -0.08323210596043776, -0.06683036136449588], [0.3889895594112835, -0.069899746010777, 0.2521910092321205], [-0.019372496528367575, 0.0935388414637501, -0.014518060821680844], [0.054662043301882644, -0.22507937993489605, -0.08446068257241546], [0.022933774618263996, -0.07809478190135387, -0.02052293727219275], [0.09432662790672258, 0.1689900650591789, 0.12170302955348133], [-0.02895259674001181, 0.017560294603608886, 0.04526675408736916], [-0.5901996271892125, -0.1379918512363183, -0.3823795580715019]]"
"['Bi', 'Bi', 'Bi', 'Bi', 'Bi', 'Bi', 'Bi', 'Bi', 'Bi', 'Bi', 'Bi', 'Bi', 'Bi', 'Bi']","[[-1.096902, -1.560559, 0.83137], [1.588957, -0.441082, 1.268687], [-1.589088, 0.441197, -1.268769], [1.097033, 1.560444, -0.831288], [-2.715185, -4.052858, -0.691885], [-1.332459, -2.712227, -2.91654], [-1.616399, -6.638586, -1.567409], [-0.233605, -5.297577, -3.792027], [0.019975, 2.150591, 2.911185], [-0.92739, 4.632068, 4.177315], [-2.624502, 1.770759, 1.677357], [-3.571599, 4.252493, 2.943593], [4.135568, -1.277671, -1.502153], [1.925525, -0.779713, -3.244562]]",[-81777.94763202783],"[[0.2914413374672094, -0.08994644272403078, -0.16896389121456581], [-0.7425622560925144, 0.11158568161345019, 0.07496158243942463], [0.4359660054838509, -0.11571276726139587, 0.07835646892539348], [-0.4227870376333669, 0.21544488543478074, 0.7844558341009789], [0.32774379145841553, -0.01722899235199119, -0.1817279342081083], [-0.37672600763506814, -0.3420766196218147, 0.13310109610635015], [-0.08617113560456909, 0.2683256674844071, -0.07919865994125531], [-0.15411293405642834, 0.3403378844392933, 0.37102340052326904], [-0.2843844267295248, 0.6107129279614435, 0.0777332331754701], [0.27558754667912094, -0.5798766423049615, -0.1197668849613926], [0.02426484574317464, 0.6542828661553455, 0.2624053392368675], [0.09390902910101895, -0.5955012448308875, -0.3603967167661594], [0.23601490477402218, 0.08392075061084817, -0.28425263190881084], [0.380081299110522, -0.5426948705477743, -0.6042908229442873]]"
"['Bi', 'Bi', 'Bi', 'Bi', 'Bi', 'Bi', 'Bi', 'Bi', 'Bi', 'Bi', 'Bi', 'Bi', 'Bi', 'Bi']","[[-2.012237, 0.378838, 0.370268], [-0.432362, -0.333951, -2.007597], [0.432437, 0.333907, 2.007769], [2.012162, -0.378794, -0.37044], [-3.529001, 0.55825, 5.949235], [-5.742527, -1.269279, 5.302123], [-3.556091, 1.569292, 3.185738], [-5.769832, -0.258365, 2.538919], [3.079578, 4.531774, -1.878702], [1.505093, 2.957864, 0.045386], [2.967464, 6.852055, -0.072163], [1.393006, 5.277761, 1.851904], [4.337468, 7.247298, 2.939042], [6.429872, 5.825539, 4.268965]]",[-81778.16573957603],"[[-5.092751904325133e-05, -0.05391431466824931, -0.3321445454777385], [-0.40440579962213613, 0.030042076594271456, 0.28599003011695123], [0.47149013469693496, -0.018306274886128578, -0.42105534727739163], [-0.12563378565578284, 0.09001570828138612, 0.38808015972172943], [0.028508289299942657, 0.06210667661006411, -0.1187287757766192], [-0.028131751034363942, -0.014892413648367506, -0.05111206264550587], [-0.038243365411184185, -0.10356692065280214, -0.013428709522650139], [-0.03303732086891567, 0.012385041609777185, 0.0746092382679333], [-0.4817767127403488, -0.04949531609083455, 0.37605613204808364], [0.4794455950628506, 0.4263606673096603, 0.3100142770358423], [-0.21915128695152816, -0.3070526216714167, -0.1076288545107187], [-0.18136715681359816, -0.4474015073193884, -0.8688466854730317], [0.21160766611705933, 0.6174456224117298, 0.2000623266939116], [0.32025580932703396, -0.23049155507346347, 0.2791429215129042]]"
"['Bi', 'Bi', 'Bi', 'Bi', 'Bi', 'Bi', 'Bi', 'Bi', 'Bi', 'Bi', 'Bi', 'Bi', 'Bi', 'Bi']","[[-1.60742, -0.723945, -1.105359], [-0.971049, 1.827489, 0.215069], [0.971196, -1.827603, -0.215115], [1.607272, 0.72406, 1.105405], [1.047332, -5.818816, -2.729055], [2.944732, -6.91053, -4.695358], [3.135064, -4.00629, -1.721095], [5.032316, -5.098174, -3.68771], [-1.657297, -3.981513, 5.080259], [0.906944, -2.889195, 6.023563], [-1.858204, -1.806443, 3.108314], [0.706276, -0.714367, 4.0518], [0.327421, 0.530019, -3.555913], [-1.60538, 2.594197, -3.141556]]",[-81777.82519811552],"[[-0.10381719197251148, -0.15852767488466046, 0.8138235048219978], [0.3853769517895741, -0.3164547911617834, 0.09698576710639573], [-0.21778397353647347, -0.033107064651722695, -0.2599051457222614], [-0.20624413627712457, 0.051586230894154275, 0.015557368141187997], [0.11732428418935373, -0.03244802369943365, -0.06411743465703232], [-0.03693086280354229, -0.048071525792599906, -0.022219850867633926], [0.07032058440825004, -0.10458518091022649, -0.15583243737669966], [-0.22511984912096777, 0.15770764679026866, 0.2679711121629779], [-0.12412706695046062, 0.03362250941328062, -0.17884109798692846], [0.06963404806359433, 0.3556007839730608, -0.3256254583958665], [-0.06566004598227587, -0.20506945001712043, 0.3649243290854049], [0.01173651647521581, -0.16252445695254789, 0.2797578783060836], [0.41044563281050267, 0.7393319202995946, -0.42511368158889773], [-0.07997045411374709, -0.2769663272205975, -0.40056266676388325]]"
"['Bi', 'Bi', 'Bi', 'Bi', 'Bi', 'Bi', 'Bi', 'Bi', 'Bi', 'Bi', 'Bi', 'Bi', 'Bi', 'Bi']","[[-0.775121, 1.902815, -0.328932], [1.709163, 0.511236, -1.070656], [-1.709316, -0.511345, 1.070699], [0.775274, -1.902706, 0.328889], [-1.440753, -3.638615, -3.412619], [0.422482, -4.75534, -1.427777], [-3.06296, -6.089644, -3.268537], [-1.199509, -7.206119, -1.283496], [4.315273, 0.075487, 1.109592], [6.209543, -1.879449, 2.226856], [5.723638, -0.035477, -1.471891], [7.617792, -1.990614, -0.35432], [0.192195, 0.96518, 3.438803], [2.748935, 2.237207, 3.554008]]",[-81777.68400530965],"[[0.019155320466797732, -0.12987374279474187, -0.12644959713866524], [-0.10667312351665302, -0.1311849032857936, 0.2254267361635043], [0.08739683257941842, -0.07936650164816537, -0.08581272362627156], [-0.20110187569724916, 0.08326373054675812, -0.2635797169643221], [-0.022058457491007724, -0.10512048488355177, 0.004059122097949089], [-0.17088661464075272, -0.2525472100604802, 0.0836647200168821], [-0.015561296788984543, 0.08102563543292432, -0.013293726532258316], [0.21130756679061108, 0.26343264978240954, -0.03356822825341106], [0.3928959928642687, -0.09034115869898227, -0.19966478250392336], [-0.3146542980472769, 0.2596456184260681, -0.2630358769237949], [0.08216309209862609, -0.18805855932434748, 0.2826314476276363], [-0.11502129439594867, 0.11820380764370107, -0.012618292217174257], [-0.3429147997145335, -0.09103710528639672, 0.10080025785963974], [0.4940333739562927, 0.2749706358464616, 0.300457378471918]]"
"['Bi', 'Bi', 'Bi', 'Bi', 'Bi', 'Bi', 'Bi', 'Bi', 'Bi', 'Bi', 'Bi', 'Bi', 'Bi', 'Bi']","[[1.85313, 0.664302, 0.674037], [0.855356, -1.809626, -0.567912], [-0.855459, 1.809787, 0.567885], [-1.853027, -0.664462, -0.67401], [4.818423, -2.560706, 4.792932], [6.756078, -0.500597, 5.605186], [3.049453, -0.471163, 3.713854], [4.987473, 1.588836, 4.526158], [-5.250163, 0.455602, 6.415192], [-4.479207, 2.700974, 4.676733], [-3.07051, -1.167083, 5.285648], [-2.299663, 1.078643, 3.547298], [-0.067453, 3.796213, -2.106944], [1.469944, 6.098804, -2.815979]]",[-81777.59811951687],"[[-0.5190489359566214, 0.1492772005644485, 0.12340936881830873], [-0.05478735893905784, -0.09220834626626512, -0.040456114576079276], [0.2895266873094002, -0.5409619460616012, 0.06595891117852626], [0.08343332060478184, -0.015319479261130605, 0.1298059170559507], [-0.20014300795559725, 0.20849297860809812, -0.06924653118146373], [0.07418408041476773, 0.05154159651866471, 0.01286971024952578], [0.2571205880412299, -0.16400793287247695, 0.06573291108604165], [-0.060721468307140314, -0.11618708463410984, 0.03682392542189702], [-0.00747498262663071, 0.011215955215545885, 0.03840915023443113], [0.10171824503848731, -0.178825928469913, -0.029593614249202815], [0.017792372787317986, 0.20537664559220642, -0.16839511145962333], [-0.04671839973261152, 0.011193638027801104, 0.0011393078609985747], [-0.27740799156515955, -0.07041900629153001, 0.25213758167897116], [0.3442219492824421, 0.52902019373448, -0.40371365826949845]]"
"['Bi', 'Bi', 'Bi', 'Bi', 'Bi', 'Bi', 'Bi', 'Bi', 'Bi', 'Bi', 'Bi', 'Bi', 'Bi', 'Bi']","[[0.90391, -1.592114, -0.988856], [-1.866947, -0.669785, -0.628334], [1.867087, 0.669915, 0.628357], [-0.90405, 1.591983, 0.988833], [-1.915015, -1.998128, -3.962456], [-4.043412, -0.144577, -3.130237], [-1.182005, -0.173237, -6.151595], [-3.310526, 1.680288, -5.319012], [5.472597, -0.099118, -2.936851], [4.779343, 2.220807, -4.608874], [4.970738, 1.496251, -0.51553], [4.277372, 3.816106, -2.187915], [-3.444067, 0.668685, -9.936565], [-1.163551, -0.961121, -9.378691]]",[-81777.37127450031],"[[-0.07592003880434395, 0.042513095941166784, 0.5137304004468173], [0.38635237744471407, 0.1224428391850117, -0.04046948431988951], [-0.17213005223719643, 0.04277866533312053, -0.2614205547610603], [0.0333843068584646, -0.4518415992387684, -0.21821036551983689], [0.03953563342579019, 0.5726960614370322, -0.10556646868380637], [-0.36113457235820984, 0.015928990454811876, -0.1753155479662603], [-0.2545295831128974, 0.17461029398027028, 0.4495363982954255], [0.20526228286053733, -0.2371868142410811, 0.2926709939431102], [0.015722314784342228, 0.016296267601697424, -0.04696413048163453], [0.04304202871734558, -0.013556519131266855, -0.04662976861556796], [0.03059402075643134, 0.07292403348274439, -0.01254666124360633], [-0.010323828206552818, -0.07204492140512968, 0.09978595710326689], [-0.3000111375612055, 0.15633791653690982, -0.01943800313082858], [0.41792523314095703, -0.4487977713720014, -0.42109350246934235]]"
"['Bi', 'Bi', 'Bi', 'Bi', 'Bi', 'Bi', 'Bi', 'Bi', 'Bi', 'Bi', 'Bi', 'Bi', 'Bi', 'Bi']","[[0.601141, 0.550289, -1.914556], [-0.295268, 2.002183, 0.482686], [0.29534, -2.00236, -0.48266], [-0.601213, -0.550112, 1.91453], [-1.200234, -3.187469, -3.23643], [-3.660747, -3.485879, -1.650511], [-2.007978, -0.455898, -3.975301], [-4.468491, -0.754574, -2.389103], [5.832028, 2.700757, -1.04254], [4.654434, 5.393047, -1.194734], [3.255746, 1.626813, -0.110191], [2.078324, 4.319358, -0.262617], [4.312083, -0.560949, -2.435983], [3.709302, -1.874931, -4.901414]]",[-81777.50944254422],"[[-0.3466447525492235, -0.09744769175503945, 0.3071694526634816], [0.3835108955083059, -0.32760855135756584, -0.15643093910057412], [-0.20979071793324802, 0.3670656478228892, -0.1366646470526943], [0.05846177591484381, 0.24144425489117657, -0.10368642559362905], [-0.11484070001032731, 0.08045572439196715, -0.05350967422962331], [0.13765390525046875, 0.04589923552935825, 0.09155600561250868], [0.03155558815789111, -0.1892798854214127, 0.05360675913852225], [-0.00829609572715478, 0.08374720105177297, -0.05449723549837568], [-0.5531752070322534, -0.21460135744453793, 0.33605200737255525], [-0.6635897505100183, -0.14604146545191302, 0.2854570401377469], [0.6788744530106149, 0.20778170823739348, -0.20282204750471103], [0.4052723647094058, 0.029563779151669356, -0.20706195322157847], [0.19587631132901773, 0.1958313684209787, 0.020407438112299767], [0.000934077665523182, -0.28286922337909226, -0.18779481541664475]]"
"['Bi', 'Bi', 'Bi', 'Bi', 'Bi', 'Bi', 'Bi', 'Bi', 'Bi', 'Bi', 'Bi', 'Bi', 'Bi', 'Bi']","[[1.903811, -0.551148, 0.633603], [0.341634, -0.925866, -1.831656], [-0.341684, 0.926013, 1.831771], [-1.903761, 0.551002, -0.633718], [3.067151, 1.135932, -5.903415], [2.773174, 1.157042, -2.975712], [5.873218, 1.978393, -5.627539], [5.578957, 1.999289, -2.699685], [2.357062, -3.371823, -6.373615], [4.340699, -1.542945, -7.547798], [1.83478, -4.513734, -9.035028], [3.818685, -2.684712, -10.208975], [-1.119837, -2.506114, -4.367633], [-3.758702, -3.07088, -5.308738]]",[-81777.57690471291],"[[-0.17829396693254027, -0.15444074989023707, -0.3874747674375836], [0.17492587135628349, 0.17956537814680232, 0.4724881860723692], [-0.06131889016709164, 0.11523983828515448, 0.17086964535053203], [0.19864662509068218, -0.10769971415291298, -0.13441786160538383], [0.023148667538967778, 0.15052218082363952, 0.4456439516513495], [0.2649466190026442, -0.004957771485037888, -0.341409932204508], [0.03440354413562893, 0.011029853523916533, 0.003416194258055961], [-0.3485887132992321, -0.0953625773636497, -0.20229599950786975], [0.3450178089937923, 0.05437217697165837, -0.3179121446591908], [-0.18480672909714815, -0.3238187946303707, -0.1446370767088307], [0.10627748194405315, 0.06665120679743869, 0.0682619009719313], [0.005629356342346428, 0.12034769748576428, 0.3139583000377709], [0.3829606277063315, 0.18223547025198153, 0.4014947950179147], [-0.7483040468380957, -0.19113601723900633, -0.33460668664457693]]"
"['Bi', 'Bi', 'Bi', 'Bi', 'Bi', 'Bi', 'Bi', 'Bi', 'Bi', 'Bi', 'Bi', 'Bi', 'Bi', 'Bi']","[[-0.38056, 1.136408, -1.701019], [1.038202, 1.597963, 0.835198], [-1.038225, -1.598146, -0.835254], [0.380583, -1.136225, 1.701075], [0.970554, 5.884668, 4.954406], [0.859708, 4.807728, 2.218309], [3.806071, 6.571152, 4.569127], [3.694878, 5.49419, 1.832863], [3.61021, 1.096383, -1.370041], [5.165825, 2.793223, -3.202828], [4.812119, -1.30506, -2.573511], [6.367795, 0.392145, -4.406193], [-2.809828, 3.54292, -1.625624], [-4.650727, 2.207851, -3.356787]]",[-81777.62610351742],"[[0.3570237875132943, -0.5355919370381276, 0.41731151047797554], [-0.26785340699535626, -0.030020854697077284, -0.4439839951131253], [0.31331151296990484, 0.19385974258570124, 0.030679988209131166], [-0.09149954415595621, -0.09301721576678451, -0.027342442497480763], [0.017295439978728074, -0.07679596271228084, -0.15255952409195345], [0.0673335779526766, -0.01230201035850645, 0.07960787694603175], [0.020124786301523867, -0.035608836824540184, -0.07021074682063977], [-0.03745112067287191, 0.05971158985064316, 0.09348351129321235], [0.07392295903373547, 0.02863018536802792, -0.08027343307732371], [-0.10636515661019334, -0.2370654581049574, 0.14792104574326614], [-0.02653102760342827, 0.21603613664374274, 0.005455595952695757], [0.034996589975586974, -0.017938689206693562, -0.02067860222781718], [0.1055000313414878, 0.9867174322295829, 0.5226011740428185], [-0.45761989966936995, -0.4455561741410261, -0.5047216099570211]]"
"['Bi', 'Bi', 'Bi', 'Bi', 'Bi', 'Bi', 'Bi', 'Bi', 'Bi', 'Bi', 'Bi', 'Bi', 'Bi', 'Bi']","[[0.92709, 1.664722, 0.836014], [1.858595, -0.764479, -0.53861], [-1.858777, 0.764534, 0.538579], [-0.926908, -1.664777, -0.835982], [5.166194, 6.210815, -1.825585], [3.928545, 4.020003, -3.350996], [4.895805, 4.640638, 0.64854], [3.658228, 2.449812, -0.87725], [5.373442, -4.508295, -2.337344], [7.536438, -3.98623, -4.262755], [4.802501, -1.624852, -2.197191], [6.965605, -1.103078, -4.12283], [7.052575, 0.731746, -6.889264], [4.254626, 0.157137, -6.987]]",[-81777.23990987842],"[[-0.07618069738655202, -0.2347011217563, -0.17404120569277834], [-0.15857410903335525, 0.05480355689790486, 0.08655104201714615], [0.21684222935131692, 0.24498250616846445, 0.062124108699109], [0.3448430253045192, 0.1057369329173869, -0.007948379543905442], [-0.0002982512678990456, -0.12280207391677449, -0.012950057267616152], [-0.0010032712319503205, 0.0733379298978544, 0.20391738947741053], [-0.1401761588423617, -0.13676013787675434, -0.18612534579147866], [-0.1849228916020225, 0.1367565383303439, 0.05387019451367552], [-0.09259802287624198, 0.11246577071080487, -0.022428074343060062], [-0.09726622319386126, 0.045827445147306425, 0.09542793484204513], [0.45976322386842583, -0.3276070086948185, -0.20598774572851744], [-0.53789256141532, -0.1557516018487393, 0.3889123234297336], [1.229857536278905, 0.6411512066291131, -0.4273933257527264], [-0.961665617654692, -0.43588830670347684, 0.14611474193241145]]"
"['Bi', 'Bi', 'Bi', 'Bi', 'Bi', 'Bi', 'Bi', 'Bi', 'Bi', 'Bi', 'Bi', 'Bi', 'Bi', 'Bi']","[[-0.494506, 0.238012, -2.00712], [1.001103, -1.765966, -0.456139], [-1.00123, 1.766075, 0.456235], [0.494633, -0.238121, 2.007024], [-0.413502, -4.701084, 0.244257], [-2.893063, -3.269452, -0.43436], [-0.716338, -3.89178, 3.057293], [-3.196083, -2.460257, 2.378356], [-4.031856, 3.231253, 0.10781], [-4.971158, 0.644728, -0.93426], [-6.776574, 3.893738, 0.936965], [-7.715615, 1.306931, -0.105142], [-4.709865, -0.263198, 4.431369], [-1.958725, -0.143844, 5.196368]]",[-81776.72674244341],"[[0.40198808714242096, -0.4547377428585238, 0.07942507141047253], [-0.24545630932026266, 0.2458653206366728, -0.149177133174238], [-0.05225806052061873, -0.32484301985041814, 0.4183116187370729], [0.26475445464641784, 0.5009466113701089, -0.3348997925665706], [-0.04584041894101152, -0.10695985309929104, -0.15106180425265733], [0.2604292396796228, 0.04781626653000752, 0.33495584264639044], [-0.292185620820707, 0.3421800294479777, -0.5147593050771981], [0.09900542117520689, -0.6940413989214982, 0.262571175482206], [-0.23581405008431913, 0.10358604967086911, 0.0778366944237247], [-0.22100947565278492, 0.1678033460297456, -0.17810159688794758], [0.2783055641736507, 0.02421291971509934, -0.09251302215886383], [0.11867277711889095, -0.07802016844647443, 0.042306281431049884], [-0.6114693469285535, 0.2514826184985442, 0.04023208909191127], [0.28178257173986937, -0.017675474946534087, 0.1712463635934313]]"
"['Bi', 'Bi', 'Bi', 'Bi', 'Bi', 'Bi', 'Bi', 'Bi', 'Bi', 'Bi', 'Bi', 'Bi', 'Bi', 'Bi']","[[-1.200566, 0.55255, -1.607185], [1.596778, -0.306353, -1.298212], [-1.596901, 0.306304, 1.298351], [1.20069, -0.552501, 1.607045], [1.843539, -3.54834, -0.448179], [4.502112, -2.29932, -0.622102], [1.424169, -3.05499, -3.318823], [4.082999, -1.806063, -3.492474], [-2.320485, -1.839504, -3.750793], [-4.240251, 0.281246, -3.06142], [-3.517186, -3.586724, -1.707514], [-5.437021, -1.465705, -1.018408], [3.438701, -0.803302, 4.041022], [4.300278, 1.646532, 5.234437]]",[-81776.96103110524],"[[0.6012296658326587, -0.3922119762021003, 0.14884052416276947], [-0.6695732250860156, 0.6044965113105987, 0.5447640955128665], [0.6787649239555541, -0.30422414952417776, -0.035108690135226654], [-0.5267401381939185, 0.7800206787023903, -0.8923378395685352], [0.07668617654676216, -0.46109685581349713, -0.5481240149765625], [-0.22433386245120054, 0.0294335629891668, -0.336918932414466], [0.12446048779225131, -0.1557399804560427, 0.5450895973525542], [-0.38177606840474443, 0.09636751929935539, 0.5301170269478351], [-0.3517546686334964, 0.15903140569375696, -0.20083946876392747], [0.5620989968046713, -0.1433641742539129, -0.08023532930746452], [-0.06794848332376438, 0.11019425123744546, 0.06163261634780803], [-0.05090296499452292, -0.1497794401328892, 0.01093163732900286], [0.35284862220972335, -0.0332260193761697, 0.3908158149936704], [-0.11356527787292219, -0.14538778782377557, -0.1507859761534338]]"
"['Bi', 'Bi', 'Bi', 'Bi', 'Bi', 'Bi', 'Bi', 'Bi', 'Bi', 'Bi', 'Bi', 'Bi', 'Bi', 'Bi']","[[-1.31689, 1.225475, 1.045815], [0.53681, -0.939562, 1.777066], [-0.536776, 0.939655, -1.777231], [1.316856, -1.225568, -1.045649], [4.354243, -2.659933, -1.317484], [4.232983, -3.274139, -4.192612], [5.228533, 0.080152, -1.939907], [5.107049, -0.534347, -4.815143], [-0.919154, 4.194521, -0.521567], [-0.34199, 6.760209, -1.841584], [-3.540054, 4.097645, -1.856241], [-2.962521, 6.663434, -3.176293], [5.110653, 2.22645, 1.456506], [2.318824, 1.958194, 2.006026]]",[-81777.4712365174],"[[0.14392560064975973, 0.020619122294489093, -0.16235594675844733], [-0.3464553649859423, -0.06578973249723517, -0.4864888789462671], [0.13801113452066, -0.20157398192002532, 0.11998810279936047], [-0.1594473589925301, 0.31588709127076403, 0.28839879515273187], [-0.08895831581227104, 0.05380339721671591, -0.054466896464344744], [-0.00244713980006245, 0.04031625677140587, -0.03169865984328813], [-0.008589006245200462, -0.1575092089388698, -0.2556310443144947], [-0.044298419538657735, -0.043920163775220324, 0.24285795103283453], [-0.11663872486443799, 0.06037246657160154, -0.023576144528463502], [-0.07913870178247556, -0.4437115094498543, 0.18357696977706417], [0.16793323823307119, 0.13328343884308516, -0.09633224374453299], [-0.02657260750667811, -0.17052609435670052, 0.14054701496682107], [0.5884430485409134, 0.26560621017131314, 0.08721767801236123], [-0.17513011990403063, 0.1883640579704114, 0.04966606314591876]]"
"['Bi', 'Bi', 'Bi', 'Bi', 'Bi', 'Bi', 'Bi', 'Bi', 'Bi', 'Bi', 'Bi', 'Bi', 'Bi', 'Bi']","[[1.393173, 1.509837, 0.330416], [-0.604905, 0.942053, -1.753719], [0.604878, -0.942135, 1.753891], [-1.393146, -1.509756, -0.330588], [-4.813305, -4.401644, 3.941495], [-2.5882, -5.95641, 2.805745], [-3.021763, -2.093389, 4.291062], [-0.796749, -3.648455, 3.155088], [-1.807038, -5.018874, -0.642826], [-2.864916, -3.342061, -2.817109], [-3.651568, -7.179093, -1.411605], [-4.709222, -5.501995, -3.586016], [-0.813048, 3.594632, 2.80726], [-1.895196, 1.385378, 1.352474]]",[-81777.48119708811],"[[-0.01287625113957448, -0.39068258035439224, 0.072569015362491], [-0.03582101465880866, -0.38976377042207944, 0.34340048136948614], [-0.16501302907445736, 0.06890190032370908, -0.3788751425304723], [0.33804733879205007, 0.7887449507594863, 0.0813354021125892], [-0.08098748024097356, 0.14263140944892871, -0.01590046662061365], [0.19122405185978758, 0.08092387111369177, 0.08176827327949145], [-0.057494114995532065, -0.1831611193224742, 0.12216269163009565], [-0.03472828492836129, 0.011806301395696094, -0.16427306517665227], [-0.06463057570888754, -0.15841423775063973, -0.23861367443818293], [-0.21110290686613126, -0.18413870470546045, 0.19083437524981073], [0.1515020287786552, 0.25514171169104, 0.18610236011654338], [0.26735728665581326, 0.2705688533853071, 0.02848722166902322], [0.14518729308871356, -0.12166909097303996, -0.02465746369678975], [-0.4343221954823822, -0.19412682892935654, -0.27984215911417964]]"
"['Bi', 'Bi', 'Bi', 'Bi', 'Bi', 'Bi', 'Bi', 'Bi', 'Bi', 'Bi', 'Bi', 'Bi', 'Bi', 'Bi']","[[0.236326, 0.259093, -2.051033], [-1.659162, 1.254996, -0.032713], [1.659334, -1.255057, 0.032776], [-0.236498, -0.259032, 2.05097], [4.207376, 3.158139, -1.357567], [1.766008, 2.326345, 0.05882], [5.059034, 4.686694, 1.008454], [2.617489, 3.854582, 2.424716], [3.232837, 7.460994, 1.807995], [2.033794, 7.226188, -0.868846], [3.253839, 10.391574, 1.541318], [2.054603, 10.156444, -1.135602], [-5.383922, 2.286103, -1.596066], [-3.253213, 0.987679, -2.989772]]",[-81777.28470822446],"[[0.4938237260889298, 0.14077260368257302, 0.8412499915859534], [0.3859398180039851, -0.3142915666132869, 0.1425319591238172], [-0.09210730185631469, -0.1453802287763136, -0.15493712734023793], [-0.16612384909672182, 0.22160180672567, -0.22404199065940472], [-0.23939086793029038, -0.08862319804145828, 0.5447388986879934], [-0.08266579446589103, 0.6401592744825765, -0.18378466360494705], [0.09872090274250671, -0.13418368540033837, -0.1795148302307813], [-0.10353406193628391, -0.5540380697289295, -0.5892966552611056], [-0.00043968294852937174, 0.6012512631111213, -0.15020125555010222], [-0.04854502555405779, 0.15536907290949178, 0.07657484771849614], [-0.07149434507060577, -0.6628868105181492, 0.15304793111775974], [0.006780866665676424, 0.019799742118451195, -0.1642771789439785], [0.07818986134868129, -0.04352970040724233, 0.00302038916320486], [-0.25433556756137427, 0.1683622013210135, -0.1153219593654043]]"
"['Bi', 'Bi', 'Bi', 'Bi', 'Bi', 'Bi', 'Bi', 'Bi', 'Bi', 'Bi', 'Bi', 'Bi', 'Bi', 'Bi']","[[1.537166, 0.430273, -1.334803], [0.255897, 1.861006, 0.894471], [-0.255912, -1.861198, -0.894473], [-1.537151, -0.430081, 1.334805], [1.630646, -5.316761, 4.023254], [0.126762, -7.159152, 2.290557], [1.011034, -3.093884, 2.197123], [-0.492981, -4.9366, 0.464585], [4.802625, -3.751243, 0.946297], [7.402302, -2.586223, 0.209601], [3.57879, -1.076537, 0.856654], [6.178726, 0.088248, 0.119799], [3.875055, -2.346329, 5.451957], [4.777427, -5.032609, 5.080652]]",[-81777.68130424795],"[[-0.319330931587915, -0.15425732728957892, 0.1373138509588645], [-0.013435661789431464, -0.10089898827546918, -0.10832377265630161], [0.27886159124988186, 0.02215048760830458, 0.24446993075961657], [-0.1291520851615385, 0.16664645181342738, -0.10573050515593968], [-0.639677963705408, 0.41895763447356527, -0.671890304532513], [0.10038574437943079, 0.5242826764374138, 0.05656635761928472], [-0.15496088434654687, -0.847914294654441, 0.3030895210735128], [0.08719052714800814, 0.11659640448306943, -0.07381101314037052], [0.1128243883774687, 0.27480346262674205, -0.2764873304375499], [0.026933297483632535, -0.14902687782264756, 0.046762057088361106], [0.6787762368157012, -0.0017185967487968017, -0.16953040839747885], [-0.5777467392718074, -0.21525164121463125, 0.1079859809367268], [-0.18848258589149833, 0.47523073190458165, 0.3200609710220455], [0.7350721142332864, -0.5306183923407192, 0.17203034480162702]]"
"['Bi', 'Bi', 'Bi', 'Bi', 'Bi', 'Bi', 'Bi', 'Bi', 'Bi', 'Bi', 'Bi', 'Bi', 'Bi', 'Bi']","[[1.523958, 0.485775, -1.330898], [0.891514, 1.190227, 1.455152], [-0.891591, -1.190389, -1.455221], [-1.523881, -0.485613, 1.330968], [-0.944833, -1.450445, 4.546804], [-3.754863, -1.036452, 3.778265], [-0.818709, -3.821138, 2.807907], [-3.628884, -3.406791, 2.03941], [-0.989427, -2.198784, -4.960817], [-2.663902, -3.718344, -3.077898], [-1.80093, -4.003697, -7.1388], [-3.475519, -5.523077, -5.25556], [2.879903, 3.602955, 0.125553], [1.449668, 5.504593, -1.457623]]",[-81777.40979134061],"[[-0.6187836252345852, -0.06637656140632146, 0.08112873672653788], [-0.8656122359127856, -0.732423362296112, -0.3978905177750409], [0.2109807793986339, 0.004272716610840533, 0.4716618844828049], [0.5375295214487805, 0.08658014692097919, 0.37296828687092604], [-0.028176796786586127, 0.0431155365972561, -0.3297210737237666], [0.19927397460793178, -0.03213190124924973, -0.362192684736607], [0.057057952814768845, 0.22643538048980358, -0.1655811403422093], [-0.16536994981209913, 0.034953842790858315, 0.12266755372520687], [-0.0015425275072342849, -0.11772013145031993, -0.33231038172307703], [-0.16172669462380931, -0.2676080207743468, -0.1598561131984823], [0.2196274555195389, 0.36058219625048066, 0.18516113015230262], [-0.018352343937973165, 0.10408715795329512, 0.37864513151484464], [1.079277711290607, 0.16997464384661978, 0.5724173537006804], [-0.4481447622310545, 0.20042115004894176, -0.44549590744969686]]"
"['Bi', 'Bi', 'Bi', 'Bi', 'Bi', 'Bi', 'Bi', 'Bi', 'Bi', 'Bi', 'Bi', 'Bi', 'Bi', 'Bi']","[[0.57777, -0.977672, 1.743575], [-1.945213, 0.142257, 0.724442], [1.945348, -0.142303, -0.724572], [-0.577905, 0.977717, -1.743446], [5.447366, 2.869912, 0.590246], [3.213743, 2.91797, -1.324677], [3.685275, 3.973102, 2.673001], [1.451675, 4.020923, 0.757774], [1.018838, -6.410761, 4.912824], [0.605633, -4.0159, 3.253843], [-0.739783, -7.95171, 3.126042], [-1.152721, -5.556572, 1.467082], [6.913461, -2.429751, 1.062035], [6.033093, -0.004812, 2.29202]]",[-81777.57451859214],"[[-0.09283410169867583, -0.07362841329317761, -0.18213026065261329], [0.04900859056742284, -0.1516566035859382, 0.010509297406455764], [-0.37979585508017344, -0.06849371176076419, 0.2775164407562972], [0.14199670657258345, -0.1014887482437754, 0.19001671257163152], [-0.6081356527315622, 0.30881645083462816, -0.38901192802111983], [0.6910527469589942, 0.41935672132630086, 0.011512768670342323], [-0.025981279164578763, 0.08714039060871975, -0.1906523410456252], [-0.026225184429350765, 0.03538553639186342, 0.11018458388422882], [0.025417801027277972, 0.403964752342673, -0.2237619459486718], [-0.0015563029713470719, -0.15164354237467742, 0.15823755144397827], [-0.0669305315988895, -0.028847088892512397, -0.06857285035970248], [0.023351923640347494, -0.11964522029271944, 0.061689334914818386], [0.27671029662663144, -0.6217594216741946, -0.2090410866822263], [0.006189188653354349, 0.04789288030424933, 0.4520139146676457]]"
"['Bi', 'Bi', 'Bi', 'Bi', 'Bi', 'Bi', 'Bi', 'Bi', 'Bi', 'Bi', 'Bi', 'Bi', 'Bi', 'Bi']","[[-1.724819, -0.901964, -0.735646], [-0.583868, 1.808002, -0.848016], [0.583989, -1.808148, 0.848051], [1.724697, 0.90211, 0.735612], [-4.584045, -3.575925, -1.498176], [-3.333383, -4.894538, -3.812354], [-4.32416, -0.970975, -2.842257], [-3.073568, -2.289963, -5.156482], [-1.497707, 7.25575, -1.095098], [0.53196, 5.13135, -0.934816], [0.371721, 8.925209, -2.637177], [2.401263, 6.80045, -2.476829], [2.798607, 6.703645, 1.908527], [1.664974, 8.902426, 0.477275]]",[-81777.4573460849],"[[0.30366421436898666, 0.31055395188695173, 0.059744551411344556], [0.014703802558669151, -0.45022252326334855, 0.07925018487701631], [-0.40635192009999094, 0.1222644045272366, -0.3053744102906824], [-0.08419457324850015, 0.02511214297273015, -0.041467736241480924], [0.035668969818431304, 0.0021861824555023225, -0.020435098055359487], [-0.005154257353840469, 0.0004511557313813032, 0.03702210102062885], [0.18015884050570213, -0.005458830402256002, 0.1806547551568788], [0.05102852231552852, 0.019594161738532158, 0.03878787393890191], [0.19324977373540492, -0.025189605211483005, -0.12521037615373093], [-0.17664511756609688, 0.28650826195587265, -0.05667156721865297], [-0.1488687548910457, -0.004338788856308897, -0.24471300298650503], [-0.14876796759155317, 0.000460654831514294, 0.1816761007397978], [0.4816376674047223, -0.4691519721928906, 0.451318482301147], [-0.2827278126272532, 0.19339072168841978, -0.2449784952453214]]"
"['Bi', 'Bi', 'Bi', 'Bi', 'Bi', 'Bi', 'Bi', 'Bi', 'Bi', 'Bi', 'Bi', 'Bi', 'Bi', 'Bi']","[[-1.83937, -0.68881, 0.687004], [-0.955526, 1.003194, -1.552249], [0.955656, -1.003314, 1.552326], [1.83924, 0.68893, -0.687081], [0.893322, -6.667816, -2.177538], [3.356476, -5.105631, -1.789258], [-0.716351, -4.281422, -1.566036], [1.747124, -2.719368, -1.177924], [-6.303817, -3.548305, 2.21654], [-3.426846, -3.779798, 1.644037], [-6.87478, -3.507824, -0.670019], [-3.997584, -3.739464, -1.242245], [4.316999, -7.045032, -7.3834], [3.245159, -6.736894, -4.751964]]",[-81777.40009399639],"[[0.46631810072603597, 0.040906011597502935, 0.004974867273603856], [0.07434472302885689, -0.04245608426823444, 0.09476099031428058], [-0.27352690920332223, -0.0060453404943745055, -0.3706285302820428], [-0.19095619418475865, -0.2602770817106439, -0.03367344299498847], [-0.041008660376710616, 0.46113732499956883, 0.5401330219453664], [-0.7005180113557268, 0.4035029305382124, 0.4315876714964559], [0.302132093150425, -0.08080256639965966, -0.10896839999632138], [0.14220979972008202, -0.6543944520940694, -0.05029997412205372], [0.1412578739607931, -0.06450258612295032, 0.14459311082053164], [-0.304120945386381, 0.03236461706689439, 0.1284390664397202], [0.4330298040547564, 0.029892566863008896, -0.19084969903310092], [-0.12660201221810197, -0.09644789202849155, 0.008156890983044417], [0.23222381107244605, -0.26848646436477097, -0.06320191573858049], [-0.1596090300484508, 0.5080456368007956, -0.53657461320818]]"
"['Bi', 'Bi', 'Bi', 'Bi', 'Bi', 'Bi', 'Bi', 'Bi', 'Bi', 'Bi', 'Bi', 'Bi', 'Bi', 'Bi']","[[0.45443, 0.720594, 1.898408], [-1.189621, 1.670824, -0.349363], [1.189659, -1.671013, 0.349371], [-0.454467, -0.720406, -1.898416], [-3.004557, 4.312968, 1.808239], [-0.156882, 5.032048, 1.629394], [-3.165492, 4.220615, -1.12867], [-0.317597, 4.939622, -1.307206], [3.162405, 0.079668, 3.975335], [4.995243, -0.268317, 6.25084], [5.193472, 1.693888, 2.586481], [7.02625, 1.345601, 4.862217], [7.430915, -1.13335, 2.61024], [8.650384, -2.811768, 0.64452]]",[-81777.24943282316],"[[-0.1811522638928944, -0.12383838332834264, -0.5521282532477287], [0.02408783033512709, 0.1696391146990744, -0.012540752845284036], [-0.29307290901088257, 0.39513815032333716, -0.16781573875381584], [0.02022269396388807, 0.19004864569050137, 0.31567610642902016], [0.04128740925073576, -0.06297082485902969, 0.02880140550635465], [-0.011016319229413245, -0.07936835284346219, 0.030916673812245637], [0.4718876788869232, -0.4671235249464197, 0.15128528466265462], [-0.09540906293443607, -0.18152851933696942, -0.010694818028450287], [0.06439511395155263, 0.3477014251090565, 0.6218103295448567], [-0.3470009533775832, 0.015193911655706684, -0.22624768985554447], [-0.10696797778976033, 0.1316410686601806, 0.30423602802733224], [-0.24279778718568845, -0.28504262950172116, -0.31737606935449186], [0.7186304146721887, 0.3696966591384693, -0.01992739746079318], [-0.06060582002318176, -0.40740689573080185, -0.14015898386377468]]"
"['Bi', 'Bi', 'Bi', 'Bi', 'Bi', 'Bi', 'Bi', 'Bi', 'Bi', 'Bi', 'Bi', 'Bi', 'Bi', 'Bi']","[[-1.639164, -0.252026, -1.256717], [0.468178, 1.781212, -0.967987], [-0.46814, -1.781388, 0.968056], [1.639127, 0.252202, 1.256648], [1.459733, -0.158633, 4.548025], [4.357707, -0.320526, 4.064443], [1.887036, -0.913059, 7.360162], [4.78515, -1.074755, 6.876279], [2.020052, -5.529035, -2.552037], [0.655776, -5.260671, 0.041232], [-0.290879, -4.297794, -3.894983], [-1.654935, -4.02943, -1.301397], [-2.088438, -5.572975, 2.052676], [-3.631872, -6.573665, -0.134714]]",[-81777.84994309563],"[[0.20211694778499573, 0.08719808619547008, 0.3325312910284954], [-0.0719014537696275, -0.141265073053614, 0.03133030797468861], [-0.08243578345026337, 0.5402744326972054, -0.23406451626256636], [-0.4021987634516153, -0.3181354708029134, 0.15208016735426483], [0.06213506160461508, -0.10508922025187246, 0.14114474535932184], [0.10360538437730236, -0.10824432552481385, 0.13989138329920361], [-0.18213062060725432, 0.13123226303213678, -0.4397859984008938], [0.07583678643807944, 0.08202183561306177, -0.15112654466595382], [0.12970821508195282, -0.07672500022590344, 0.35742930212747714], [0.19678997905217274, -0.21571356586327495, -0.45888447174545216], [-0.569798426576621, 0.08525525673147621, 0.4885297189168083], [0.8556965139938312, 0.2716229034184696, -0.4687941258576005], [0.08454059250272743, 0.16245585988238306, 0.19264145039203912], [-0.4242395574541661, -0.4045446906914878, -0.08352341210922622]]"
"['Bi', 'Bi', 'Bi', 'Bi', 'Bi', 'Bi', 'Bi', 'Bi', 'Bi', 'Bi', 'Bi', 'Bi', 'Bi', 'Bi']","[[0.109422, 1.542927, 1.391804], [-1.29653, 1.139726, -1.161438], [1.296586, -1.139884, 1.161534], [-0.109477, -1.54277, -1.3919], [7.874926, -1.876385, 3.728665], [5.940781, 0.264329, 4.307228], [5.678187, -3.620139, 2.837867], [3.744176, -1.479063, 3.416441], [0.041028, -3.160521, 5.25246], [0.257408, -0.382431, 4.307096], [2.256227, -2.693119, 7.132431], [2.472296, 0.085124, 6.186898], [4.77053, 4.965824, 0.731667], [3.250616, 2.6342, 1.380998]]",[-81777.31384524137],"[[-0.1899165423372379, -0.4812568868165884, -0.16726655081576453], [0.2158689120019316, 0.021957762751280002, 0.48284120145810155], [-0.1834214179500412, 0.2533800936777664, -0.24669259924597706], [0.2907624115921072, -0.013244114498304019, 0.5095084410399103], [-0.030494380169580962, 0.07590877736628841, 0.0352547802973993], [0.00027181429644332236, -0.30435548154606756, -0.025401983591908633], [-0.38845734076345284, 0.38992096775603285, 0.2297028430328426], [0.15126034494823937, -0.10092850455603487, -0.1985783365530668], [0.030424554111427415, 0.22416499230245893, -0.07310853594732568], [0.23736015811178998, -0.15614086708198352, -0.08975109019812656], [0.03406494508921634, 0.0106062023380342, 0.1069216979073403], [-0.19272979354536984, -0.282618694948925, -0.3687357859352458], [0.4620749039953076, 0.30310309650568934, -0.04395877662378612], [-0.4273714199417143, 0.04335467503413884, -0.14076987831171942]]"
"['Bi', 'Bi', 'Bi', 'Bi', 'Bi', 'Bi', 'Bi', 'Bi', 'Bi', 'Bi', 'Bi', 'Bi', 'Bi', 'Bi']","[[1.200583, 0.53542, 1.61296], [0.061903, -1.987091, 0.613631], [-0.061884, 1.987235, -0.613757], [-1.200602, -0.535565, -1.612834], [-0.612383, -5.060086, 2.178661], [-3.344291, -5.505713, 1.180458], [-0.829671, -7.47255, 3.849786], [-3.561673, -7.918016, 2.851246], [-0.500376, -7.696625, -1.632108], [-0.075103, -6.400739, -4.239431], [1.385683, -5.811398, -0.387697], [1.810681, -4.515555, -2.995286], [0.439111, 2.597903, -3.830071], [2.071834, 1.415663, -5.856094]]",[-81777.28299012012],"[[-0.3017223619247328, 0.012645967586861451, -0.2406328142860783], [0.08325087502386368, 0.024645430927360535, 0.22725499720746276], [0.023658527861380355, -0.3520336849023977, 0.21164155327540912], [0.033571961497259606, 0.1105849048671623, 0.30466833355122713], [-0.03610137304430019, -0.11855995704996918, 0.08243830313275068], [0.10147851524755143, -0.09883773373457157, -0.006994813419895176], [0.04497973139880915, 0.3007569121553589, -0.25392830459607774], [-0.01386962824688431, 0.016527502463104644, 0.0047946940349125125], [0.09224454741873592, 0.027272050796319856, -0.07658394942870542], [-0.18215751436114952, -0.03086562710193632, 0.013982340329413773], [-0.043528296584142256, 0.08586918508282401, -0.18821688794431563], [0.08587977803368904, -0.20646345149770404, 0.2782633466364653], [-0.2627008105750737, 0.5223132103299826, 0.25685787257535875], [0.3724450156670299, -0.30753670924153054, -0.6058329714707067]]"
"['Bi', 'Bi', 'Bi', 'Bi', 'Bi', 'Bi', 'Bi', 'Bi', 'Bi', 'Bi', 'Bi', 'Bi', 'Bi', 'Bi']","[[1.871236, 0.787823, 0.455548], [-0.494256, 0.005513, 2.021036], [0.494276, -0.005592, -2.02121], [-1.871257, -0.787744, -0.455374], [7.690785, -1.562482, -3.887403], [6.499592, 1.062904, -3.298576], [5.892829, -2.818147, -1.92513], [4.701669, -0.192487, -1.336571], [3.525492, 4.335585, -5.223631], [5.923049, 5.918592, -4.587926], [3.806385, 2.887849, -2.677061], [6.203982, 4.471196, -2.041534], [1.420333, 8.094172, -7.966302], [3.989488, 7.715462, -6.772878]]",[-81777.66670337235],"[[-0.1400847303635363, -0.10356712634116845, 0.09748008767273349], [0.2959346512513724, 0.08123276361779984, -0.10896665164520775], [-0.21723889936574836, -0.028775272799414792, 0.050244289139084075], [0.03338123181738825, -0.007934356739532166, -0.106603086627924], [-0.11170019861139403, 0.6409887128197271, 0.05609389144186754], [-0.28504885157480203, -0.6154967251409297, 0.17629159068649927], [-0.2365851243475288, 0.23027187989824294, 0.12593367929386481], [0.2999843466514935, -0.03565063784278381, -0.17555548344556252], [0.39694908212243385, -0.15026388765764404, 0.5831131487488705], [-0.24727140630877717, -0.4381378689437325, 0.09357020893961258], [0.3933959184385884, 0.04132855720841635, -0.29481035864111454], [-0.12153405656055657, -0.024806155816796224, -0.23056364884585556], [-0.7659433669120415, 0.016255752135743245, -0.4038738380847634], [0.7089466063862502, 0.39069810982604875, 0.1572526127018964]]"
"['Bi', 'Bi', 'Bi', 'Bi', 'Bi', 'Bi', 'Bi', 'Bi', 'Bi', 'Bi', 'Bi', 'Bi', 'Bi', 'Bi']","[[-1.830965, 0.774012, -0.614968], [-0.864002, -1.88172, 0.2038], [0.864104, 1.881873, -0.203741], [1.830864, -0.774165, 0.614909], [-5.237926, -1.063438, -0.999847], [-3.907945, -1.724035, 1.540444], [-6.444781, -3.746543, -1.065511], [-5.114693, -4.406845, 1.475005], [-3.146674, -0.374468, -4.573937], [-5.655433, 1.143652, -4.818395], [-1.762051, 2.059658, -3.669664], [-4.271138, 3.577577, -3.914111], [1.042566, 0.721156, 3.484166], [1.889497, -1.626549, 4.876729]]",[-81777.45381424532],"[[0.37701355997117136, -0.06320664657100565, 0.10239974201816839], [0.23558553030934723, 0.2568921196883496, 0.0697557127322675], [-0.10534550795629641, -0.37618437874447874, 0.08173598020598057], [-0.4721566678479669, -0.31323407129998865, -0.557081229108506], [-0.1915087245587625, -0.31874806217988016, 0.2201131371744916], [-0.030465655789225582, -0.12165469278739817, -0.3015587882514237], [0.15913203872697476, 0.17639062963487817, 0.12776188891573168], [0.10550656194711819, 0.2290130156743259, -0.13611072828221782], [0.15846195745162397, 0.04527311500009734, 0.043455945701292235], [-0.0853822178755819, 0.11162599653324719, -0.031978221186360206], [-0.16599051161326048, 0.029458225024287528, -0.08773323590252063], [0.13329382610558388, -0.15473005057745398, 0.04751187345891251], [-0.2874696493800119, 0.8525541099775094, 0.4677218209819278], [0.1531424963441714, -0.3576828130389558, -0.03539673612340907]]"
"['Bi', 'Bi', 'Bi', 'Bi', 'Bi', 'Bi', 'Bi', 'Bi', 'Bi', 'Bi', 'Bi', 'Bi', 'Bi', 'Bi']","[[-1.850088, 0.945693, 0.112043], [-0.85748, -1.547655, -1.094713], [0.857583, 1.547731, 1.094857], [1.849985, -0.945768, -0.112187], [4.442265, 0.243466, -2.807472], [4.669673, -2.272694, -1.298984], [6.691672, -0.578642, -4.51749], [6.91877, -3.094922, -3.008809], [4.063115, 4.957867, -6.655932], [3.52431, 2.670085, -4.885605], [1.393797, 4.656491, -7.857503], [0.855198, 2.368686, -6.086851], [-1.485988, -3.550645, 3.060751], [-2.73172, -1.011788, 2.647713]]",[-81777.62576963953],"[[0.21411279615245687, 0.2735787426716327, -0.22474688469075374], [-0.16420745058779895, 0.0036479371697279717, 0.0898830392851153], [-0.11535810909578352, -0.07427545747150155, -0.19129249466367768], [0.3756506174339008, -0.06444581613384838, 0.054841557823580876], [0.22941518785255616, -0.11912282326438019, -0.12322851732222949], [-0.10870465608861865, 0.41058267268455756, -0.254393211726033], [-0.045354896694542735, 0.04622118924472709, 0.060571675754374076], [-0.22757756798793055, 0.040567613097247504, 0.1776546874900446], [-0.051744199559481396, -0.21158504039676507, 0.21101682628483], [0.025569758450099643, -0.04214377219503644, 0.010063750693979589], [-0.026861419684025032, -0.052189052073721265, 0.0019930194822575012], [0.04670995108296528, 0.09327185796427798, -0.04363395869791639], [0.3267844094958478, -0.860615551274167, 0.10625578182140728], [-0.47108354021882903, 0.5640730909003446, 0.120970161904314]]"
"['Bi', 'Bi', 'Bi', 'Bi', 'Bi', 'Bi', 'Bi', 'Bi', 'Bi', 'Bi', 'Bi', 'Bi', 'Bi', 'Bi']","[[-1.058729, 0.77792, 1.613583], [-1.78826, -0.351907, -1.003589], [1.788433, 0.351859, 1.003661], [1.058556, -0.777872, -1.613655], [-3.281425, 3.592926, -4.87861], [-3.477896, 3.455759, -1.945882], [-4.637468, 0.989871, -5.091015], [-4.833918, 0.853037, -2.158093], [-1.64162, 3.754867, 3.195807], [-3.219465, 1.493582, 4.22309], [-1.035419, 4.584385, 5.953393], [-2.613318, 2.322801, 6.980439], [0.117583, 2.514743, -1.249188], [2.871923, 3.004883, -0.664707]]",[-81777.23460372255],"[[0.4240113462117436, -0.3413084249957334, -0.6199421649578338], [0.5606632920078182, 0.1714869161378324, 0.5231801867939848], [-0.8515349241224366, 0.2842401363405574, 0.06426912982718692], [-0.6512901004255153, 0.2920073918512982, 0.1341654819799198], [-0.04886903615308975, -0.10386969392801247, 0.1559112674430885], [-0.10393412580875948, -0.00948057275339533, -0.09049285386913687], [0.12050448344298512, 0.05946923753303682, -0.03552259683475499], [0.09252428359691936, -0.08871884313179305, 0.05854451406019256], [0.021050430229807366, 0.03071891473245559, 0.24384330115164904], [0.08603640972463514, 0.05054898045831024, 0.08966871200741888], [-0.012664870347725463, -0.111108587447791, -0.3488085941628189], [-0.05446447962604059, -0.1224470043744295, -0.21019160455918884], [0.6121260070380025, 0.09224506163965171, 0.23858487806689935], [-0.19889843907313884, -0.21199934818860774, -0.20006083545325587]]"
"['Bi', 'Bi', 'Bi', 'Bi', 'Bi', 'Bi', 'Bi', 'Bi', 'Bi', 'Bi', 'Bi', 'Bi', 'Bi', 'Bi']","[[-1.53215, 1.179041, 0.769475], [1.271107, 0.66982, 1.504837], [-1.271158, -0.669855, -1.505019], [1.532202, -1.179006, -0.769293], [-2.108124, 2.429083, -2.90854], [-3.061727, -0.000228, -4.267732], [-0.181942, 2.890455, -5.084963], [-1.135899, 0.461019, -6.444066], [5.42545, 1.701933, 4.892905], [5.305313, 2.066204, 1.975511], [2.914139, 3.208032, 5.184185], [2.794199, 3.572052, 2.266574], [0.353989, -3.96857, -5.755657], [0.949167, -3.581561, -2.987222]]",[-81777.33890693686],"[[0.2939129402988982, -0.38217716071905156, -0.647963605321345], [-0.051528895262044995, -0.5929764201344156, -0.4894528483048136], [-0.00864694865799037, 0.10643920442206545, 0.5307171227565486], [-0.4241381530895746, 0.7003442046861937, 0.6580557050144115], [-0.21880711889259769, -0.08250618029363342, -0.21073091945565722], [0.22130067895739017, 0.1867007075741431, 0.36931428446549647], [-0.004597286682228855, -0.19199970268914768, -0.05868777600732842], [0.08114945982944376, 0.2756528527354248, -0.007261724928439101], [0.034143302072362644, -0.019891319721342168, -0.002941037676807435], [-0.08475373707231755, 0.0828345617704495, 0.05194911659441907], [0.0038822907809893882, 0.03145341246192595, -0.09861358483738376], [0.16949832101233425, 0.07831558836258912, 0.153345716450087], [-0.11360502714971188, -0.2913051203466197, -0.5231596179573538], [0.11774913350996981, 0.1012147199177571, 0.2795519842514059]]"
"['Bi', 'Bi', 'Bi', 'Bi', 'Bi', 'Bi', 'Bi', 'Bi', 'Bi', 'Bi', 'Bi', 'Bi', 'Bi', 'Bi']","[[-1.013656, 1.333473, -1.234531], [-1.430572, -1.457027, -0.399301], [1.430681, 1.457137, 0.399415], [1.013547, -1.333583, 1.234417], [2.682728, 0.039944, 5.676837], [3.717969, -2.076438, 7.439652], [3.75423, -1.385842, 3.336138], [4.789306, -3.502261, 5.099299], [3.838498, -1.476785, 10.709776], [6.453735, -2.806605, 10.485209], [4.312985, -1.028635, 13.57925], [6.928383, -2.358469, 13.354334], [0.33458, 4.679666, 0.345615], [1.399644, 7.214046, 1.127151]]",[-81777.71939351989],"[[0.18806308446840633, -0.033243986254967, -0.14433594894055088], [0.19655138054725158, 0.025987701783816833, 0.19788300703075126], [-0.2560491573411141, -0.6206733871000707, -0.04061200064669749], [-0.08604520290229495, 0.16355536704450038, -0.09916117869059615], [0.04286071956465129, -0.1487836513294844, -0.0164243137519354], [0.003943602883440392, 0.09584291112107829, 0.06275834877663006], [0.03302423908881827, -0.020161774211995803, -0.01598943712346162], [-0.15044412208862434, 0.17386503360703268, 0.1465990351908915], [0.006483919513441884, -0.006227894061684987, 0.022585688195955293], [0.07464785625870825, -0.02080065256217718, 0.19465215701691574], [-0.1549059141306502, -0.0335004745055481, -0.36154435500599363], [0.12459562504891787, -0.04371580724108083, -0.12077882030155287], [-0.3958900441463883, -0.5701115871143301, -0.05353847060090689], [0.3753450159436537, 1.0451468122267327, 0.22591282919518962]]"
"['Bi', 'Bi', 'Bi', 'Bi', 'Bi', 'Bi', 'Bi', 'Bi', 'Bi', 'Bi', 'Bi', 'Bi', 'Bi', 'Bi']","[[-2.048542, 0.285486, 0.227348], [0.055451, 1.52484, -1.414459], [-0.055418, -1.525018, 1.414525], [2.048509, -0.285308, -0.227414], [3.106599, -1.647297, 4.933129], [1.612321, 0.833853, 5.452108], [0.581077, -3.051821, 4.377334], [-0.913009, -0.570339, 4.896279], [-5.326986, -4.100436, -3.037352], [-6.160541, -1.443122, -3.987186], [-2.96176, -2.902031, -1.760875], [-3.795688, -0.24467, -2.710795], [4.621801, 3.44732, 0.838742], [4.852399, 1.419957, -1.162474]]",[-81777.18194488254],"[[0.385000953455957, -0.1986952189672232, 0.06798571291806674], [0.005721890396140748, 0.011122382435501694, -0.07794843462872335], [0.06888014877897164, 0.359127053903011, -0.5960951699886116], [-0.8997683318015328, -0.3418892889421966, 0.41230706110352877], [0.05526846402786009, 0.038954239831783685, 0.01232254834188264], [0.0809101414152405, 0.04618043723715166, -0.00031331680944533737], [-0.17631015406155887, 0.21231405138906412, 0.047050828128034766], [0.01484749645137426, -0.23764385379102493, 0.23977658503921576], [0.2755314451772095, 0.00594725285468978, 0.2403576546740453], [0.34023324048293235, 0.3038552474391984, 0.1755877250969818], [-0.17145128062836895, -0.259721877387878, -0.2426942230932507], [-0.3697348657525116, -0.10761738738429685, -0.1538172056077642], [-0.11782765504380917, 0.4429057766969212, 0.65410083195116], [0.5001623730514552, -0.27953018128457696, -0.7712516694256216]]"
"['Bi', 'Bi', 'Bi', 'Bi', 'Bi', 'Bi', 'Bi', 'Bi', 'Bi', 'Bi', 'Bi', 'Bi', 'Bi', 'Bi']","[[-1.923954, 0.792373, 0.016115], [-0.473269, -1.114538, -1.691959], [0.473335, 1.114564, 1.692138], [1.923888, -0.792398, -0.016294], [0.59216, 6.793058, 1.838735], [1.552229, 4.250018, 0.712002], [-1.549271, 6.877906, -0.177928], [-0.588993, 4.334639, -1.304431], [-3.787239, -0.910816, -2.308852], [-2.557837, -3.582531, -2.402786], [-2.680037, -0.308049, -4.967919], [-1.450788, -2.980036, -5.061626], [-0.569367, -2.327671, 1.662861], [-1.433317, -2.460502, 4.383925]]",[-81777.6813941204],"[[0.1961717312451324, 0.14069937862416618, 0.12397789146279331], [0.10400519113932007, -0.09229180432089595, 0.5039128947227764], [-0.4012154702164639, 0.13219807275615172, -0.47437727945066427], [-0.8373717374391529, 0.03659479886624449, -0.23351589396752243], [0.10436072348048922, -0.2760961625869173, -0.11985975325878216], [-0.10773740654603954, 0.41060283014445603, 0.06898067896800632], [0.03730397635782192, -0.19097820283995395, -0.0629819320308105], [0.10796505214545463, 0.3037732806252233, 0.043962196192876044], [0.6010322050009997, -0.05554768598512774, 0.19751528765387816], [-0.08783505164384475, 0.12836753831033543, -0.022723180584416115], [0.022292592558379933, -0.08034686382409685, 0.1692907814507261], [0.053614009653434734, 0.22690064757439987, 0.2221271348132292], [0.23577208965759164, -1.0184628604651613, -0.15035968701425353], [-0.018492623403797506, 0.338716185937203, -0.2723432754993836]]"
"['Bi', 'Bi', 'Bi', 'Bi', 'Bi', 'Bi', 'Bi', 'Bi', 'Bi', 'Bi', 'Bi', 'Bi', 'Bi', 'Bi']","[[1.690029, 0.752716, -0.952333], [-0.595434, -0.908223, -1.774682], [0.595411, 0.908334, 1.774837], [-1.690005, -0.752827, 0.952177], [-1.692974, 2.138184, 4.048774], [-4.468641, 3.114743, 4.03083], [-2.565125, -0.314958, 5.420381], [-5.340884, 0.661867, 5.402174], [3.857125, -2.208783, 4.969021], [2.190361, -2.038724, 2.550076], [5.836179, -3.80982, 3.492577], [4.169164, -3.63947, 1.073612], [3.46389, 3.401564, -2.267853], [3.750149, 3.853628, -5.075331]]",[-81777.54763659257],"[[-0.519365181819825, -0.190704740156943, 0.7159790916304353], [-0.06802335388910172, 0.081277449415381, 0.4764073722040657], [0.4557492668219514, -0.06881890506790243, -0.6901400048334876], [-0.1330130100634773, -0.27304991788184624, -0.308235329777707], [-0.1385531233658904, 0.01833174424808708, -0.11359278869191634], [0.10873499512264957, -0.09688729380102418, 0.06622435201525106], [-0.04755954173780516, 0.05651447272888268, 0.11403337317255527], [0.016551372598015077, 0.02861057812450929, -0.03552224716453226], [-0.14446116173354293, -0.029067504545851646, -0.2645717005329502], [0.3297480703218449, -0.10835621999608723, 0.08811072547679355], [0.04852449785509992, 0.02113769351921496, 0.023421765125128516], [-0.2493864997795568, 0.1403116560536693, 0.19495950685827645], [0.2028495069016136, 0.2540657044247737, 0.6604735717604014], [0.1468369652086222, 0.17726321110686252, -0.9211342108521244]]"
"['Bi', 'Bi', 'Bi', 'Bi', 'Bi', 'Bi', 'Bi', 'Bi', 'Bi', 'Bi', 'Bi', 'Bi', 'Bi', 'Bi']","[[1.783192, 0.731159, 0.78444], [0.831433, 0.018607, -1.907165], [-0.831567, -0.018566, 1.907297], [-1.783059, -0.7312, -0.784573], [-0.797786, 1.835286, -6.305786], [-0.075115, 2.766143, -3.609573], [2.051924, 1.726598, -7.031872], [2.774337, 2.6574, -4.335378], [-2.544738, 4.503563, 1.991178], [-0.5875, 3.020545, 0.370009], [-2.024078, 6.925951, 0.403473], [-0.066873, 5.442549, -1.217705], [-5.506543, -2.519909, -1.811671], [-2.924168, -3.74062, -1.908869]]",[-81777.65557367615],"[[-0.33877758391454693, -0.005761737374904414, -0.051150840044764716], [-0.5568102346858907, -0.1262044680281137, 0.4796798226899877], [0.03547394125170404, 0.29947300537284344, -0.67849135842836], [1.0574608604968776, 0.49569739283975156, 0.38089001434476666], [0.09757789249091453, 0.11359674819296783, 0.4820024043002839], [0.11782004457425566, 0.06894339795161239, -0.5475784265849216], [0.03640473253135448, 0.021113751393376314, -0.07639425333287478], [-0.27740979133836474, -0.036216995617212956, 0.0442070939040155], [0.3228620351944735, -0.07327915444718094, -0.4823260035225832], [0.04317354585876507, 0.5490048754052909, 0.09802284784933757], [-0.0058092051076399165, -0.049864382726507006, 0.03443513272648519], [-0.26294285436013065, -0.7970886993389062, 0.5474287882984301], [-0.6158191416551229, 0.2875680712632919, 0.07575543668920329], [0.33967433376957284, -0.72549526389783, -0.30590246374909524]]"
"['Bi', 'Bi', 'Bi', 'Bi', 'Bi', 'Bi', 'Bi', 'Bi', 'Bi', 'Bi', 'Bi', 'Bi', 'Bi', 'Bi']","[[1.688694, 1.205034, -0.160999], [-1.213158, 1.653046, -0.352975], [1.213217, -1.653201, 0.353072], [-1.688753, -1.204879, 0.160902], [0.040883, -3.007061, 6.259915], [2.714668, -1.778614, 6.249481], [-0.277262, -2.33834, 3.411853], [2.396769, -1.110006, 3.401693], [-5.685303, -3.74986, -2.852846], [-3.366164, -3.993069, -1.058199], [-7.105869, -5.802928, -1.295037], [-4.786487, -6.045838, 0.499625], [-3.411288, 1.79938, -4.134575], [-4.427064, 1.882823, -1.464467]]",[-81777.22320085192],"[[-0.29478768149872875, 0.023310996797660695, -0.266478483110748], [0.44061517962758645, -0.43921865846451547, 0.5016816387471225], [-0.3452727083017436, 0.15682838044637923, 0.43223024195281257], [0.26254829265145385, 0.10630252450265155, -0.2750160929754164], [-0.18196745831067784, 0.05853577230462432, -0.6340498157822136], [0.1793509994470143, 0.2634289473918159, -0.4672116624113841], [0.11342767235585992, -0.02308160798934112, 0.3731322204988762], [-0.04176052334650682, -0.2822647052705032, 0.4005428178365342], [0.04936650889364123, -0.07834592739662004, 0.11376351003595477], [-0.09394307052564349, 0.0035056656120759045, 0.06488742905631885], [0.010787377793290396, 0.0002769570198220219, -0.037297615445093746], [0.07640289224425986, 0.16282867004632237, -0.12291952197393827], [0.5893593902128306, -0.12465923417619966, -1.190301606553569], [-0.7620172902200735, 0.16299419775911145, 1.1108771007861038]]"
"['Bi', 'Bi', 'Bi', 'Bi', 'Bi', 'Bi', 'Bi', 'Bi', 'Bi', 'Bi', 'Bi', 'Bi', 'Bi', 'Bi']","[[-1.126272, 0.6518, -1.623694], [1.730136, 0.700914, -0.918832], [-1.730247, -0.701046, 0.918919], [1.126382, -0.651668, 1.623607], [0.460544, 4.540723, -0.596557], [-1.058233, 3.937607, 1.850458], [-1.920839, 3.947753, -2.220522], [-3.439486, 3.344789, 0.226823], [3.216311, -1.157741, 4.23236], [3.441448, -3.369378, 2.304592], [1.678705, -2.893663, 6.044045], [1.90413, -5.105283, 4.116022], [6.076629, -0.338438, 5.730684], [4.52117, -0.052848, 8.111279]]",[-81777.14835051574],"[[0.03670303722680668, -0.034611279101185076, 0.08600884748354942], [-0.24001250959537487, -0.2864102000272337, 0.3968109623844558], [0.43523596604972037, 0.07285903595899, -0.16812864218106696], [-0.2797833836635062, 0.45105972633632735, -0.26010024113770774], [0.03285371314872784, -0.005763799400776685, -0.020572153356041897], [0.07613739998544347, 0.09441322270893966, 0.14979995754742878], [-0.1937015682320078, -0.0872843210430461, 0.169735633964966], [0.07713334305512304, 0.012344186758018592, -0.21717313051062032], [-0.6119691696586901, -0.592600010424066, -0.4567674756572842], [0.1734568450440878, 0.10416351975928823, 0.4671734043752502], [-0.09232240046538477, -0.1939614554828422, -0.5897280866094436], [0.01220084767774537, 0.19347253423612013, 0.20257527288722896], [0.6148158966484392, 0.15419366674020554, -0.10819886839585904], [-0.0549983437808017, 0.11710975122329098, 0.34512008753394063]]"
"['Bi', 'Bi', 'Bi', 'Bi', 'Bi', 'Bi', 'Bi', 'Bi', 'Bi', 'Bi', 'Bi', 'Bi', 'Bi', 'Bi']","[[0.057622, -1.989742, 0.606071], [-2.076404, -0.089737, -0.096941], [2.076581, 0.089773, 0.096873], [-0.057798, 1.989705, -0.606003], [-6.454897, -1.624504, 1.353975], [-6.643747, -2.918585, -1.281932], [-5.293694, 0.768807, 0.095591], [-5.482799, -0.52556, -2.540353], [0.471248, -5.286618, 1.323482], [0.947117, -3.973722, 3.913495], [-1.170905, -7.329679, 2.661053], [-0.694936, -6.01641, 5.251059], [0.380683, 0.5225, -4.629426], [1.845691, 2.641924, -3.392479]]",[-81777.23527529172],"[[-0.43168671044483486, 0.5125755116920705, -0.3991468623164707], [0.576399994693384, -0.2314750025748896, 0.390680780581187], [-0.27363253017942313, -0.1728371574184833, 0.2033639335057583], [-0.39412297539140745, -0.6751489224758005, 0.06004094834719921], [0.0380673167384583, 0.04561908283223303, -0.07267566478042344], [0.02422695280389093, 0.018638194202845206, 0.0389118371750686], [0.06675667350726483, -0.08226207962491343, -0.04019427328576493], [-0.032352784843622334, 0.024333993029719357, 0.037909054967209185], [-0.10544346704075219, 0.03253164116254837, 0.125029730346018], [-0.038588448783344734, -0.18334593031960494, 0.10444161043054116], [0.1303189552636228, 0.1763038291442948, -0.13763955848691853], [0.05775965867644002, 0.07981351389025151, -0.030646882666573352], [-0.5056606801934155, -0.6686260301591518, -0.08547668025781038], [0.8902346760230017, 1.1252634593468356, -0.18878870160266117]]"
"['Bi', 'Bi', 'Bi', 'Bi', 'Bi', 'Bi', 'Bi', 'Bi', 'Bi', 'Bi', 'Bi', 'Bi', 'Bi', 'Bi']","[[-1.669401, -0.045823, -1.241255], [0.559045, 1.828871, -0.819515], [-0.559017, -1.829054, 0.819568], [1.669374, 0.046006, 1.241202], [-1.699532, -2.317177, 3.946714], [-3.414166, -4.252575, 2.542229], [0.199894, -4.469725, 4.59369], [-1.514984, -6.404984, 3.188941], [-7.179964, -1.393226, -0.328494], [-7.140112, 1.089548, -1.907279], [-4.51583, -0.753105, 0.745049], [-4.476318, 1.729812, -0.833848], [1.467654, 3.113871, 3.518023], [-0.499288, 1.053858, 3.754096]]",[-81777.40173950316],"[[0.24759845081121223, -0.09178467965375532, 0.5694554412257968], [-0.3475243274256624, -0.2511304285933276, 0.013210006224960437], [0.428209240079792, 0.6541095737067282, -0.33574218927079874], [0.21494393141862947, -0.24125342750933124, -0.613514403510604], [-0.02331028717279692, -0.18612426592755552, 0.0622473160305295], [0.24664112573230762, 0.03768010838887718, 0.16891807413096993], [-0.14339173649499865, 0.09792458023233232, -0.03285885021567647], [-0.0328103797521552, 0.03983402553879807, -0.05329694103676578], [0.23577856884113044, 0.10210355077068003, 0.04788339807056238], [0.1248719159469656, 0.023285064636877992, 0.10564427030836364], [-0.2520025986885793, 0.2761658909430969, -0.36062256259236924], [-0.1495268033969673, -0.3159425757075765, -0.06914574388197119], [0.31172210754132545, -0.2420032130266277, -0.234470545097665], [-0.8701826314122237, 0.09437285636705105, 0.7244894477865675]]"
"['Bi', 'Bi', 'Bi', 'Bi', 'Bi', 'Bi', 'Bi', 'Bi', 'Bi', 'Bi', 'Bi', 'Bi', 'Bi', 'Bi']","[[-0.54512, 1.200756, -1.609579], [1.600403, -0.747313, -1.099608], [-1.600562, 0.747299, 1.099716], [0.545279, -1.200743, 1.609471], [3.865362, -3.128083, -1.559369], [1.859547, -4.939464, -0.395788], [6.018, -4.843817, -0.519051], [4.011832, -6.65519, 0.644378], [-0.632794, 3.681334, -7.462454], [-3.39922, 4.446373, -6.814445], [-0.263547, 2.690993, -4.716049], [-3.03022, 3.456068, -4.068334], [0.790436, -3.685683, 4.023078], [0.788179, -6.406144, 4.899052]]",[-81777.52213658865],"[[0.3682823459317124, -0.31259196364245617, -0.05364501717465617], [-0.2053853359256831, 0.22410333721465708, 0.11975624058843598], [0.2796062345580205, -0.16110392167271012, 0.033195022139366585], [-0.2330100548526712, 0.3658095603919173, -0.28550630250147846], [-0.02192068742325238, 0.03116114986223415, 0.21690990082383332], [0.0049465085043195935, -0.12725147323473004, -0.24756127263900143], [-0.23256242554548612, 0.11893394992201478, -0.09315939784999724], [0.10542408091222734, 0.008606587458310925, 0.012221380518912401], [0.10582126514757456, -0.11399979454675492, 0.2462880102294426], [-0.10212195987946492, 0.018941918786749706, 0.08512361617703695], [-0.007501696403205397, 0.06398157749108366, -0.14330853555082568], [-0.06883186343498006, 0.06219214012626648, -0.15614477516094344], [0.024929512272282302, 0.9439378515832324, -0.19120697972538375], [-0.011790010877084235, -1.1170364389152974, 0.45505830817742]]"
"['Bi', 'Bi', 'Bi', 'Bi', 'Bi', 'Bi', 'Bi', 'Bi', 'Bi', 'Bi', 'Bi', 'Bi', 'Bi', 'Bi']","[[-1.741863, -0.931982, -0.65348], [0.856595, -1.859842, 0.368971], [-0.856648, 1.860021, -0.368926], [1.741917, 0.931803, 0.653435], [-6.146283, 0.725456, -5.04427], [-3.545716, -0.159754, -3.989865], [-7.51925, -0.776926, -2.91879], [-4.918375, -1.661923, -1.864473], [0.450868, 4.438646, 1.496161], [0.798938, 5.967886, -0.993534], [-0.054614, 6.939978, 2.96166], [0.293405, 8.469029, 0.471632], [0.23031, 0.595648, -3.324551], [2.984523, -0.064755, -3.707199]]",[-81777.96249487765],"[[0.029531172403399846, 0.3938922444664977, 0.44017932597937265], [-0.32039953407299404, -0.13359685649125208, -0.27119106069339893], [-0.13507657859849595, -0.4107142103948137, 0.35064312870194986], [0.04792168695995125, 0.3358035358260511, -0.07844522345545683], [0.2612144550180163, 0.0008221934786681224, 0.02708336257348414], [-0.3070918567272906, 0.015731992421977176, -0.20278389231276026], [0.17839238881582023, -0.11028290292332565, 0.18128261889504418], [-0.07722852534663362, 0.12574244053528683, -0.08832423000102473], [-0.11227694879053104, 0.06530050271796362, -0.010510742367229101], [-0.017480425810970188, 0.04963443855959839, 0.03640611064340877], [0.012078272838051277, -0.192997136999483, -0.09047084521394157], [0.019483151727233923, -0.06630606171876824, -0.05443223797462129], [-0.2128378882359675, 0.08373336850913853, -0.10972281350185983], [0.6252859487146027, -0.14331491189018133, -0.14195094091107918]]"
"['Bi', 'Bi', 'Bi', 'Bi', 'Bi', 'Bi', 'Bi', 'Bi', 'Bi', 'Bi', 'Bi', 'Bi', 'Bi', 'Bi']","[[1.27633, -0.371271, 1.600891], [-1.628829, -0.018525, 1.294403], [1.628928, 0.018472, -1.294559], [-1.27643, 0.371325, -1.600735], [1.305248, 0.990401, -4.984896], [-0.240995, 3.173945, -3.760322], [3.667156, 1.785568, -3.419982], [2.120529, 3.969078, -2.195408], [0.150071, -3.345283, 0.497912], [1.060178, -6.132144, 0.246073], [-0.517339, -3.304465, -2.367878], [0.392775, -6.091539, -2.619396], [-0.120716, 2.845415, 1.956281], [2.683634, 3.250443, 1.582358]]",[-81777.51930591662],"[[-0.14960625052845505, -0.1416738786816578, -0.682066736455767], [0.09124798728395743, -0.37926636180319645, -0.4810111920630295], [-0.11712749184488534, 0.42895228930309176, 0.631030310564763], [-0.13130050014766056, -0.09916045878131406, 0.6515143007447947], [0.22691576566932378, 0.28231473896560844, 0.020659498920796014], [0.27043597870067, -0.09141968564773584, -0.06085984515557629], [-0.2866446333427371, -0.0703088601713703, -0.11411837388993343], [-0.13691157593645106, -0.260059771951636, -0.303641280116143], [0.0948300501832696, -0.34835865086151285, -0.10175681160717068], [-0.19004828573586033, 0.46282947176712075, 0.06203957078055504], [-0.0726349384838938, -0.7711729936255075, 0.2255483494100859], [-0.032749259454105784, 0.6144410296008368, -0.06711400562163923], [0.5219419428287906, 0.16577315043216095, -0.29821511816866636], [-0.08716039380234353, 0.2068120418565102, 0.528198468711066]]"
"['Bi', 'Bi', 'Bi', 'Bi', 'Bi', 'Bi', 'Bi', 'Bi', 'Bi', 'Bi', 'Bi', 'Bi', 'Bi', 'Bi']","[[1.49483, -0.130022, -1.441628], [1.367363, 0.80636, 1.344993], [-1.367499, -0.806484, -1.34505], [-1.494695, 0.130146, 1.441686], [4.024847, -1.022776, 2.402945], [6.895437, -0.75929, 2.993369], [4.631878, -3.048551, 0.35658], [7.502565, -2.784924, 0.947349], [10.064155, -4.878483, 0.370563], [11.531548, -7.203278, -0.678435], [7.883616, -5.394295, -1.537065], [9.351273, -7.719251, -2.585833], [1.108767, 0.925202, 5.256141], [1.233953, 3.312234, 3.689408]]",[-81777.82061658289],"[[-0.10393083479489851, 0.1313375240535966, 0.57942978432915], [-0.2869316714579246, -0.2469862193888865, -0.6432852234295933], [-0.13885065158775975, 0.017370865902654447, -0.22898668756343804], [0.5145685291174443, -0.1494583091709856, -0.10876302016255951], [0.1995941285500954, -0.2589355821855613, -0.16406290308837365], [-0.3261944438391753, -0.07782918679835434, -0.22570564958822253], [0.13203717303160467, 0.173089331355581, 0.2586235015117754], [0.22807096295661988, -0.20442276579343752, -0.04124403985869901], [-0.008003648007933302, -0.029413328396130915, 0.0232783643383454], [-0.1022317460449836, 0.31130918814595543, 0.21390438241529186], [0.016923257164306, -0.12261510319179747, -0.07480371661828067], [-0.17710364835669648, 0.0727091405620406, -0.07085234025725647], [-0.031305728214914404, -0.7613961113538132, 0.7782229623808291], [0.09047027957093422, 1.151221845396244, -0.2975646287102067]]"
"['Bi', 'Bi', 'Bi', 'Bi', 'Bi', 'Bi', 'Bi', 'Bi', 'Bi', 'Bi', 'Bi', 'Bi', 'Bi', 'Bi']","[[0.622814, -0.4379, -1.936508], [-1.816481, 0.692987, -0.740994], [1.816643, -0.692975, 0.741097], [-0.622976, 0.437888, 1.936405], [-4.51723, 0.300617, 2.234242], [-5.841069, 2.922037, 2.050058], [-2.835261, 1.304539, 4.430371], [-4.159449, 3.925968, 4.246024], [-2.953366, 3.089139, -2.994813], [-2.621863, 2.288157, -5.806724], [-1.727717, 5.696718, -3.593291], [-1.396443, 4.895455, -6.405335], [-2.972942, 8.740387, 0.572961], [-4.088778, 6.911235, 2.464352]]",[-81777.58648781797],"[[-0.12779063386492368, 0.08556929144474207, -0.06714403612312068], [0.5533767816312386, -0.19679445277414004, 0.1659018085052887], [-0.4716788537730256, 0.12425510795848944, 0.19022785167965015], [0.17937737897999373, 0.12613114012552368, -0.45429345598729126], [-0.3194521848798555, -0.04171306075598047, 0.06238620709988125], [0.1408142555767511, -0.3284167523708947, 0.14087364809252348], [-0.22571835084484226, 0.24715272412141553, 0.08109078722295343], [0.04682521884344617, -0.5287440571027069, -0.012967129402019993], [0.07782311899154816, 0.035534351924889684, -0.11476048154746588], [0.0043485539114995276, 0.06862437529546347, 0.08890792216252476], [-0.017282183363519308, -0.15189993292328452, -0.07501321021936878], [-0.03717097311795584, 0.02290387267201148, 0.08588646290559417], [0.21305067285091664, 0.6983649683813627, -0.6324495602923114], [-0.02794336620186853, -0.1580080546492664, 0.5464887924643872]]"
"['Bi', 'Bi', 'Bi', 'Bi', 'Bi', 'Bi', 'Bi', 'Bi', 'Bi', 'Bi', 'Bi', 'Bi', 'Bi', 'Bi']","[[-0.778161, 1.918878, 0.205154], [1.622308, 0.530783, 1.18966], [-1.622393, -0.530854, -1.189817], [0.778246, -1.918806, -0.204996], [-1.615524, 3.958893, 2.802299], [0.517041, 4.214354, 4.813572], [-1.351472, 6.818406, 2.159397], [0.781281, 7.073545, 4.17077], [2.87765, 4.966895, -5.401516], [3.649874, 3.965843, -2.744473], [0.295426, 3.573699, -5.175721], [1.067923, 2.572843, -2.518489], [2.98551, -1.80159, -3.102569], [3.845808, 0.800327, -3.91384]]",[-81777.83873592313],"[[0.1288193328069383, -0.5597896306719108, -0.12599949957108442], [-0.14444876900947265, -0.09623207351013936, -0.14604763610290236], [0.16036997415961965, 0.38656639618986105, 0.2382562394796254], [-0.1924384873965814, -0.05655818150672384, 0.4371637802629735], [0.07933081471661037, 0.05928566066610393, -0.06063615905721268], [-0.06645904244121231, 0.13573591265670698, -0.10006353355360406], [0.09292840981462959, -0.14720483885177005, 0.08115485914905943], [-0.11099931550318809, -0.09109392669759023, -0.02470911204557053], [-0.08713457991237146, 0.05470940304822584, -0.11239614519880849], [-0.5624846624915052, -0.32195386963511735, -0.11839360658371485], [0.11888792715005263, -0.11468689653441799, 0.3805381843941911], [0.25398558880609545, 0.7795820482612313, -0.3729932265853413], [-0.26778018193694936, -0.4647417565087174, -0.21116173373889635], [0.5913257709947671, 0.4275381303626097, 0.12570037726437613]]"
"['Bi', 'Bi', 'Bi', 'Bi', 'Bi', 'Bi', 'Bi', 'Bi', 'Bi', 'Bi', 'Bi', 'Bi', 'Bi', 'Bi']","[[0.048895, -0.733479, -1.946621], [2.055254, 0.316617, -0.067755], [-2.055417, -0.316686, 0.06783], [-0.048731, 0.733548, 1.946546], [-3.477693, 3.029336, -2.241408], [-5.753505, 2.702757, -0.405015], [-1.632627, 3.059944, 0.050895], [-3.908762, 2.733213, 1.887143], [3.969959, -4.330366, -4.120747], [1.633112, -3.7086, -2.444184], [2.274294, -4.223587, -6.523491], [-0.062486, -3.601669, -4.84658], [-2.776252, 0.939551, 4.457786], [-4.595745, -0.786257, 5.828653]]",[-81777.60887082416],"[[-0.12751691407145485, 0.1603369611768267, 0.2054785641777137], [-0.34115883813133346, 0.08892699975850014, 0.053684663607262685], [0.22020034904180763, -0.3527676838375798, -0.04675100648088103], [0.1235270739859304, -0.24776402994609287, -0.4165551943550487], [0.3108252034200248, -0.22664729092919586, 0.11494076740053777], [0.337697514303046, 0.049271933382811266, 0.227887386089687], [-0.5567274451184505, 0.3680579399240667, 0.10100152392607539], [0.06258623903611903, 0.21899722636516097, -0.6418217507032881], [-0.21982671612440308, 0.10480238782505129, 0.18853303096333618], [0.1768970343927367, -0.057044325960500714, -0.18136438002065297], [-0.10829590188266644, 0.0060131554072559365, 0.09288557521234525], [0.11838954423848022, 0.0014348897567017232, -0.057064586264582384], [0.23604766064635727, 0.14740348239153522, 0.1895716029469338], [-0.24108908250464847, -0.26251810788369767, 0.179284407838421]]"
"['Bi', 'Bi', 'Bi', 'Bi', 'Bi', 'Bi', 'Bi', 'Bi', 'Bi', 'Bi', 'Bi', 'Bi', 'Bi', 'Bi']","[[1.267371, -1.141586, 1.19175], [-0.965502, -1.731403, -0.631629], [0.965594, 1.73157, 0.631604], [-1.267463, 1.141419, -1.191725], [-3.586984, 1.008613, -7.002808], [-0.799324, 0.482622, -7.784215], [-2.76631, 1.165142, -4.181132], [0.021449, 0.63923, -4.962903], [-2.549171, -6.418571, -4.59031], [-1.594942, -3.999533, -3.21335], [-5.138021, -5.112075, -5.091091], [-4.183411, -2.692987, -3.714106], [2.273442, 2.787479, -2.321872], [1.420819, 5.514392, -2.249605]]",[-81777.7597061645],"[[-0.1677888964220122, 0.16900508030991965, -0.07290531584141006], [0.1639962086355972, -0.0911926056913281, -0.02954259839214845], [-0.5579955138967599, -0.45245002542631735, 0.1112876905927566], [0.0496678012126141, -0.03771294139434963, 0.3197902851319798], [-0.08358218755989967, 0.16180480478091608, 0.27156741898165715], [0.17630136088389906, -0.11826294304901556, 0.2519107074109297], [-0.12513026053505266, 0.008122366190759057, -0.08036475871196594], [0.0563023566011241, 0.009244612201772105, -0.52057411519282], [0.10311240078534564, 0.33146407693988894, 0.20772005314959163], [-0.010454861980311465, -0.25266239554561454, -0.07446289099530276], [0.04657066920571755, 0.17240886281773146, 0.005746454729287481], [-0.2224907404227761, -0.28578778703077556, -0.02139932397895384], [0.850457631303881, -0.33855343501735913, -0.3071374681225202], [-0.26909283366865683, 0.721165523786976, -0.05733984872079856]]"
"['Bi', 'Bi', 'Bi', 'Bi', 'Bi', 'Bi', 'Bi', 'Bi', 'Bi', 'Bi', 'Bi', 'Bi', 'Bi', 'Bi']","[[-0.1645, -1.785045, 1.056536], [-1.8692, 0.586778, 0.700492], [1.869332, -0.586813, -0.700628], [0.164367, 1.785079, -1.056401], [4.437137, -3.142409, -1.727037], [2.872577, -1.640521, -3.715704], [6.591138, -3.508428, -3.698374], [5.026307, -2.006301, -5.686908], [-1.912438, -5.72896, 6.859504], [0.463836, -5.509252, 5.138061], [-3.600665, -4.760229, 4.6524], [-1.224085, -4.540735, 2.931052], [-2.222443, 0.944729, -3.848905], [-3.893248, -0.364222, -1.934929]]",[-81777.629648028],"[[0.10714137308256082, 0.6096891141181288, 0.18822516690105964], [0.6772387162775239, -0.43001929770333186, 0.016676076312300493], [-0.3094701798848572, -0.23986955618078848, -0.21457878314633522], [0.1072232884744443, 0.06652177739293727, 0.4462795801253431], [0.04529012028578213, -0.059661710421812654, -0.02731570815206944], [0.23997054916864735, 0.016498536398918847, -0.13007799134248907], [-0.040427225645030845, -0.013875048135336614, 0.19973132269042507], [-0.30725003108098403, 0.1265891566952075, 0.07798844101597091], [0.001736410389761196, -0.012422764856158687, -0.041441588107913596], [-0.11224357585309704, 0.08742434339841257, -0.0720856991237509], [0.14975568312658025, 0.05747981965407343, -0.04802215544247602], [0.0037808936154907135, -0.04892174379695703, 0.058992349055743944], [0.37949914961176934, 0.09442695240739093, -0.4335107548772839], [-0.9486152050331526, -0.24357410650223904, -0.02298487275066489]]"
"['Bi', 'Bi', 'Bi', 'Bi', 'Bi', 'Bi', 'Bi', 'Bi', 'Bi', 'Bi', 'Bi', 'Bi', 'Bi', 'Bi']","[[0.834245, 1.741865, 0.774376], [-0.561491, 1.032312, -1.716964], [0.561461, -1.032426, 1.717117], [-0.834215, -1.741751, -0.774529], [2.605638, -4.097033, 2.762897], [3.250702, -6.794899, 1.7812], [-0.131002, -4.370664, 1.716097], [0.514357, -7.068712, 0.734568], [5.882432, 4.804423, -1.695048], [6.412932, 2.335061, -3.204729], [3.452561, 3.590179, -0.563147], [3.983424, 1.120755, -2.072941], [3.552406, -1.075758, 5.230999], [3.297315, 0.582447, 2.917229]]",[-81777.71055186696],"[[0.14580286694699188, -0.6645539147271028, 0.22776479582336545], [-0.17634666374657912, -0.3336825802368316, 0.0017386693622442105], [-0.18681615016973532, 0.3493455436430747, -0.3399718619914422], [-0.06950621274393183, 0.2796657299179761, 0.011095550388116378], [0.022235694014049057, -0.23520685802696803, -0.09588888247094887], [-0.012852766670350882, 0.26817170974222304, 0.08738063462057141], [0.22262978575840253, 0.11628920890798342, -0.20240444869900737], [-0.11698412705356633, 0.19318379919191056, 0.06355138027294346], [-0.3324772978323387, -0.11332750212146628, 0.23333134008084958], [-0.10176827873359254, -0.12203691319409625, -0.014527440211184644], [0.17478230087659816, 0.22521009489168686, -0.15313046357474216], [0.2854644963410257, -0.027163627316227987, -0.16056275558094496], [0.14937546818145372, -0.5268054442502225, 0.8819624041508748], [-0.01002959099854443, 0.5803312135945096, -0.5309315528784281]]"
"['Bi', 'Bi', 'Bi', 'Bi', 'Bi', 'Bi', 'Bi', 'Bi', 'Bi', 'Bi', 'Bi', 'Bi', 'Bi', 'Bi']","[[-1.980203, -0.639149, -0.000486], [0.589796, -1.826927, -0.802111], [-0.589791, 1.827072, 0.802238], [1.980197, 0.639005, 0.000359], [3.522039, -3.829404, 2.511906], [1.305187, -2.726331, 4.101595], [4.278394, -1.109907, 1.679967], [2.061406, -0.007051, 3.269943], [-5.637347, 1.767288, -6.122776], [-4.590605, 2.585487, -3.497287], [-4.540976, -0.933454, -5.718022], [-3.494401, -0.114951, -3.092363], [1.131366, 3.637473, -2.538672], [0.976004, 4.67134, 0.121258]]",[-81777.32410017628],"[[0.09476422990604998, 0.25203802850967644, 0.25124689963075136], [0.2691932095914168, 0.31542578368721924, -0.11054078471258852], [0.07448839635272536, -0.3907599191801253, -0.37201127032457093], [-0.33527003162593105, -0.5668288007880009, 0.38618726110865764], [0.0772528994180415, -0.005548186570790811, -0.03377703279847202], [-0.04263525940412825, 0.09890936470813949, 0.041957053438308155], [-0.28528518750769377, 0.13606568252999565, 0.06801399506843454], [0.19574148260490065, -0.2533307284698517, -0.008542829206963564], [-0.024541661146556457, 0.05155573759384862, 0.03375569777267638], [-0.040405720926332996, -0.06293066420550739, -0.1086316881406697], [0.18066303411362283, 0.11075228377524815, 0.31087626555696163], [-0.13050253213055568, -0.1052348476152209, -0.23887654417032883], [-0.16874683856601574, 0.13095648635500484, -0.48770357159351874], [0.12452450829626571, 0.28076909373696174, 0.27115635078158395]]"
"['Bi', 'Bi', 'Bi', 'Bi', 'Bi', 'Bi', 'Bi', 'Bi', 'Bi', 'Bi', 'Bi', 'Bi', 'Bi', 'Bi']","[[0.023188, -1.634526, 1.287439], [-0.419153, -1.264728, -1.598024], [0.419251, 1.264866, 1.598116], [-0.023286, 1.634389, -1.287532], [1.817344, 4.275901, -7.085317], [1.426341, 2.227136, -5.009747], [1.374522, 6.387527, -5.084116], [0.983671, 4.338413, -3.008612], [-4.232497, 3.529026, -0.685183], [-3.775214, 0.629524, -0.480022], [-3.08765, 3.517574, -3.396097], [-2.630581, 0.617877, -3.19068], [-2.695913, -3.680686, -7.208794], [-2.500871, -1.074501, -6.052074]]",[-81777.12311409069],"[[0.013863092499044766, -0.053315812944374846, -0.16488241696184966], [-0.11951944185672005, 0.502248567306768, 0.06772932236945964], [-0.08900356725285954, 0.11339841318575211, -0.1926361539166066], [-0.07069437159192934, -0.21410174040276764, 0.1645520814455536], [-0.03190979895130674, -0.21851925802394495, 0.11813953002922878], [0.10387709870919966, 0.16047682926591839, -0.31725918694033545], [-0.1064543739390809, -0.21544205721974397, 0.28676532099167024], [0.08155091209839194, 0.1036087782353465, 0.02147962985937095], [0.06958643120679324, 0.26426301371720845, 0.32330117985654827], [0.1813204141323539, -0.024050595598615578, -0.4954311292495615], [-0.04179065669217143, -0.6313974642986288, -0.09330970462367925], [0.051712883505710495, 0.4763710167853201, 0.4689165618576473], [0.011485808067728061, -0.4820791260609181, -0.3486058882778191], [-0.06931970481777901, 0.2169819431741339, 0.1827716998229552]]"
"['Bi', 'Bi', 'Bi', 'Bi', 'Bi', 'Bi', 'Bi', 'Bi', 'Bi', 'Bi', 'Bi', 'Bi', 'Bi', 'Bi']","[[-1.948624, -0.006035, -0.729756], [0.724818, -0.254868, -1.933542], [-0.724835, 0.254825, 1.933729], [1.948641, 0.006078, 0.729569], [2.624538, 3.312353, -8.060383], [0.241794, 2.012483, -6.92408], [3.925131, 3.23444, -5.421776], [1.542154, 1.934385, -4.285718], [0.777699, 4.683935, -2.454352], [3.271671, 6.236136, -2.624906], [0.80543, 4.961622, 0.475149], [3.29948, 6.513996, 0.30426], [9.142672, 4.889455, -1.808076], [6.334596, 5.385786, -1.616734]]",[-81777.22346178367],"[[0.11800475272720325, 0.04000289568753969, 0.0019932673367389062], [0.03918779897173022, 0.2577936003758007, -0.16614030416602674], [0.01966334502054098, -0.07218314398729091, -0.06442005366596788], [-0.05276554514240041, 0.006678629263201367, -0.03031655743469564], [-0.04108018850609539, 0.14131721505447392, -0.037550941237042806], [0.29185112011499315, 0.0020429950703992547, 0.35762666011495287], [-0.31535183871953026, -0.4682810362278368, 0.049269639957526895], [0.029520039520573246, -0.19029269493712977, -0.30209784603743417], [0.3492485615783589, 0.17585008060821194, 0.05949417724745207], [-0.45548356887476876, 0.15777850643246294, 0.4587719087869883], [0.1668046261671208, 0.2588771152674373, -0.014409837887746127], [-0.4102090911892446, 0.03071102658360755, -0.04951899082179699], [0.5629294635836535, 0.05629947696399574, 0.07405938184269148], [-0.3095528666081144, -0.3816454562921367, -0.3441147856435939]]"
"['Bi', 'Bi', 'Bi', 'Bi', 'Bi', 'Bi', 'Bi', 'Bi', 'Bi', 'Bi', 'Bi', 'Bi', 'Bi', 'Bi']","[[-1.257155, -0.576014, -1.554826], [-1.281244, -0.900855, 1.369591], [1.281349, 0.900999, -1.369663], [1.257051, 0.575869, 1.554897], [0.164599, 1.144551, 5.639686], [-2.573677, 0.198742, 5.12432], [1.219789, -1.493541, 4.87359], [-1.518756, -2.439083, 4.358153], [1.838264, 2.224507, -4.733966], [-0.849357, 1.07175, -4.408142], [0.648152, 4.700674, -5.788523], [-2.039508, 3.547629, -5.462445], [4.511466, 0.237037, -4.160865], [7.280069, 0.297512, -3.454164]]",[-81777.33209843666],"[[0.18437082402684282, 0.10773905205297, 0.5247578165635929], [-0.10429078943594339, -0.04293481365640579, -0.4031156707665397], [-0.19866405717972704, -0.22955155923942056, 0.48746476740023126], [-0.16223196809565316, 0.3027401079612414, -0.6221029212459346], [-0.13916766878233713, 0.048108112610757536, -0.06688497162575155], [0.18026512996899352, -0.025026396635024106, -0.07653175600575392], [0.03972592601788314, -0.22254473361893284, 0.06395905461497256], [0.04711465322810118, 0.11185641892560749, -0.07194156300105822], [-0.596416558060973, -0.08069622551427669, -0.027098902329558965], [0.30663142331930265, 0.4441977053257228, 0.1965796112755278], [-0.17614920291492023, -0.3518555587771721, 0.15366736163290637], [0.27838603974697, -0.05217208278350058, -0.03662407346297975], [-0.10383791507541737, 0.09646028475256181, -0.2721819643981039], [0.45605455977964904, -0.11441034852591238, 0.16440660834847992]]"
"['Bi', 'Bi', 'Bi', 'Bi', 'Bi', 'Bi', 'Bi', 'Bi', 'Bi', 'Bi', 'Bi', 'Bi', 'Bi', 'Bi']","[[1.622859, -1.271846, -0.280092], [0.383439, 0.038873, 2.044595], [-0.383549, -0.038897, -2.044751], [-1.622749, 1.27187, 0.280249], [-2.253074, -2.085461, -0.152979], [-4.338404, -0.193357, -1.007175], [-3.18852, -1.860631, 2.628074], [-5.273956, 0.031464, 1.773507], [3.383407, 0.935044, 3.242937], [5.773543, -0.530442, 2.349678], [3.682856, -0.217288, 5.934093], [6.073178, -1.682637, 5.040525], [1.321408, 2.715929, -0.690433], [0.311413, 5.296231, -1.390574]]",[-81777.73661448887],"[[-0.42554989519175257, 0.165321973000657, -0.2571981839774209], [-0.32009712075242475, 0.34619866590478576, -0.3102285528914472], [-0.4162096378996456, -0.626241371176119, 0.4316621821071522], [-0.017981708928507582, -0.7421349385115026, 0.5785175564245593], [0.13755661465320349, 0.49847953368247894, -0.06022113135608796], [0.19279052303552324, 0.02331669436540752, 0.16532459552732748], [0.08954252219468686, 0.23712377075680666, -0.3117915787870471], [0.17825802289052736, -0.10917120872550438, -0.33241651692009366], [0.16286492262088476, -0.11728062683360413, 0.17211046042030528], [-0.06980672344711271, 0.11950170123512568, 0.18067948918292775], [0.009248206605973397, 0.07101154305278144, -0.2558495882037005], [0.009921383491237187, -0.05605481065226838, -0.016255443603193778], [0.588342261241421, 0.3773771141586267, -0.04229301967363196], [-0.11999730735375289, -0.1848163964503648, 0.054723081324585546]]"
"['Bi', 'Bi', 'Bi', 'Bi', 'Bi', 'Bi', 'Bi', 'Bi', 'Bi', 'Bi', 'Bi', 'Bi', 'Bi', 'Bi']","[[1.509601, -1.377329, 0.392153], [1.105843, 0.759074, -1.590542], [-1.105944, -0.759062, 1.590705], [-1.509501, 1.377317, -0.392316], [2.725824, -0.849615, 5.845654], [-0.002343, -0.976511, 4.750521], [1.633503, -0.939307, 8.576707], [-1.094703, -1.06633, 7.481212], [1.678975, 0.640937, -5.327233], [3.273131, 2.870449, -6.397867], [-0.15311, 2.561435, -4.056403], [1.441265, 4.790875, -5.127344], [-3.244758, -3.314688, 1.144243], [-4.542926, -1.845042, 3.22346]]",[-81777.64382094829],"[[-0.4734409345851234, 0.5848095635500234, -0.19769238533727224], [-0.2609142014252933, -0.32109846314171997, -0.16661482722710702], [0.529750901655801, 0.8065405939918286, -0.06810706905419044], [0.2509531766436588, -0.4491071780970253, 0.6193019599176898], [-0.2596579597280468, 0.004980364809414443, -0.05922050887607481], [-0.044488007648096066, 0.03511438770297348, 0.004953232457014312], [0.03923076212924351, 0.0009965308241862976, 0.06702437691601905], [0.1438978327203077, -0.008696190452885307, -0.24729212941168305], [0.03964889058249038, 0.1797739975723336, 0.021040521192760318], [-0.00028761455683407825, -0.06633161849828242, -0.0013627985554141733], [0.3436690075317056, -0.18981292682270856, 0.15755343193762672], [-0.09098311209023999, -0.05338415290408179, 0.048043495610480824], [0.02773087469284143, -1.041482473980896, -0.7066655224038573], [-0.23895455148325243, 0.5162274057917454, 0.5244940212337986]]"
"['Bi', 'Bi', 'Bi', 'Bi', 'Bi', 'Bi', 'Bi', 'Bi', 'Bi', 'Bi', 'Bi', 'Bi', 'Bi', 'Bi']","[[-0.828213, 1.798502, 0.639663], [0.236387, 0.788551, -1.910815], [-0.236446, -0.788681, 1.910944], [0.828272, -1.798371, -0.639792], [2.599464, -1.756319, 3.659588], [1.734713, 0.274496, 5.605433], [3.834708, -3.311033, 5.831429], [2.969661, -1.279993, 7.777174], [-3.446886, -0.095341, 5.938565], [-3.31245, 2.81283, 5.511038], [-0.990915, 0.028935, 7.554926], [-0.856807, 2.937287, 7.127305], [-3.858892, 5.476299, 1.73028], [-3.367174, 3.655426, -0.417016]]",[-81777.53823752556],"[[0.3285255615166734, -0.7518156614719462, 0.18692773610845925], [0.03804632624067622, 0.040286179990042, 0.19390545682511395], [-0.15694063487229365, 0.4219500402487544, -0.39864570261195303], [-0.09880122404955129, -0.024683776381050127, -0.05988997308632669], [0.049655583323655196, 0.006911540484794026, 0.7033714232173811], [0.4800352007648821, -0.24451266251771778, -0.01073653162913823], [-0.09288079295782851, 0.3039317635114662, -0.3559124018480225], [-0.22913704575921165, 0.06645240899139876, -0.16677850374459927], [0.08363242694337122, 0.09670546528520493, 0.07426121355213448], [0.07325483179786463, -0.15906529285210674, 0.11281502955680156], [-0.15592921375304916, 0.08473789906811159, 0.001483486204347359], [-0.01673865185554156, -0.1896469363110953, -0.06708490071780616], [-0.1955610939076456, 0.6471660486809727, 0.48569502469648845], [-0.0983652161350628, -0.28066444978060084, -0.6897476542747487]]"
"['Bi', 'Bi', 'Bi', 'Bi', 'Bi', 'Bi', 'Bi', 'Bi', 'Bi', 'Bi', 'Bi', 'Bi', 'Bi', 'Bi']","[[-1.221721, -1.409659, -0.921941], [-1.032768, -0.272757, 1.785469], [1.032843, 0.27286, -1.785613], [1.221647, 1.409555, 0.922085], [1.381363, 2.401066, -6.60845], [2.990583, 0.087243, -7.453995], [-0.226249, 0.649158, -4.874593], [1.383323, -1.664594, -5.720278], [-6.241238, -4.663482, -1.492592], [-6.667551, -4.412627, 1.408036], [-3.418736, -3.907784, -1.142927], [-3.845348, -3.657121, 1.757853], [5.741703, -0.437949, -9.468737], [7.293601, 1.959393, -9.581016]]",[-81777.67256002354],"[[0.2870211973193616, -0.009189503146228137, -0.03598520025500754], [0.054966102129382396, 0.06935575170397507, -0.08492363566289074], [-0.5668699384612632, -0.025259179301387817, 0.4547948213801752], [0.06342529330439461, -0.2359988096593583, -0.2528594964226324], [-0.04497300538923076, -0.37652931813478285, 0.016569365187858162], [-0.4346435321326521, 0.1323447799834233, 0.4556612836232617], [-0.004591082092659074, 0.07373969069935206, -0.040582139838118245], [0.12564391580782366, 0.28710079871712413, -0.17323326178990736], [0.23905055652822826, 0.09393242615268688, 0.03391480800843653], [0.11266276874363958, -0.02708016926159716, 0.009479210067968516], [-0.024186612173048117, 0.18187294450635777, 0.013855039799503676], [-0.22856806031590288, -0.024101534322532585, -0.023637018000473346], [-0.1376292226465114, -1.015359023017523, -0.4193011854673968], [0.568148805878804, 0.8654132324183793, 0.05107189170756527]]"
"['Bi', 'Bi', 'Bi', 'Bi', 'Bi', 'Bi', 'Bi', 'Bi', 'Bi', 'Bi', 'Bi', 'Bi', 'Bi', 'Bi']","[[0.174181, 1.127582, 1.740096], [-2.06144, 0.28065, 0.024574], [2.061602, -0.280754, -0.024582], [-0.174343, -1.127478, -1.740088], [5.095254, 1.137378, 0.120795], [6.514835, 3.520625, 1.102241], [6.633442, 1.253411, -2.385272], [8.053034, 3.636713, -1.403445], [-5.229669, 0.108716, -4.02845], [-4.963733, -2.47581, -2.647213], [-2.52731, -0.211965, -5.148396], [-2.2617, -2.796672, -3.767059], [0.67366, -2.114117, 5.223639], [-1.431111, -1.249215, 3.49444]]",[-81777.56959131935],"[[0.09974744195667509, 0.01931305773271275, -0.49071356372402747], [0.2826143240711409, 0.5027040641939646, 0.18653985927168762], [-0.37524931943122736, 0.18891504568166792, -0.3206144784157894], [0.22981926264817482, -0.1467341724475581, 0.24022256883947032], [0.033848360381699645, 0.11809978075243908, -0.08995297332966116], [-0.21264536392510008, -0.30672686272127114, -0.16977250360462728], [-0.07635908062223554, 0.07256541581608056, 0.23265447108941048], [0.051473976468239854, -0.03566422355937867, -0.028110416008568298], [0.14196893864313143, 0.05607388824824376, -0.0055511484832656945], [0.0885878710645443, -0.10367691250668713, -0.007459381164045993], [-0.0936058958711676, 0.025336451278401836, 0.042241535875544224], [0.08727614493048523, 0.074041898331555, 0.05298295774559151], [0.43717247059645015, 0.009801312907402935, 0.4032932826708496], [-0.6876347205318153, -0.47557253454729953, -0.03729189216630113]]"
"['Bi', 'Bi', 'Bi', 'Bi', 'Bi', 'Bi', 'Bi', 'Bi', 'Bi', 'Bi', 'Bi', 'Bi', 'Bi', 'Bi']","[[-0.23744, 1.278286, 1.624599], [-2.052302, 0.049058, -0.338457], [2.052473, -0.049144, 0.338485], [0.23727, -1.2782, -1.624628], [0.456843, 0.091994, 4.720866], [3.149902, 1.244132, 4.440999], [0.255016, 1.222396, 7.430352], [2.948207, 2.374589, 7.150127], [-2.234022, -1.116378, 12.465064], [-1.724838, 0.056473, 9.814882], [-2.608637, -3.758104, 11.223773], [-2.099256, -2.584922, 8.573579], [1.181666, -1.232793, -4.82437], [-0.183779, 0.404224, -6.728046]]",[-81777.8356578554],"[[-0.2088649660185722, -0.10326769550191071, -0.11854689583870838], [0.40461580744414, -0.03885738118008766, 0.17969547603849426], [-0.4042645945586634, -0.3081370621607018, -0.2943109987098022], [0.006112472034929373, 0.38951540171975846, 0.5048782930700587], [0.060372723682059426, 0.31178797924063667, 0.4347014334077688], [-0.08717417492288639, 0.05213279630553512, 0.26309100140596636], [0.03180885738553944, -0.2867127676140777, -0.08235690196178296], [-0.1006156525508753, -0.05236887512796897, -0.0819971530091044], [0.12042555053241313, 0.14658859650630124, -0.29789028481616914], [0.06681658024395301, -0.028686631397952918, -0.06277850623652856], [0.021063748551526026, 0.001191197379388855, -0.0839071751786716], [-0.031175604612176683, 0.0025720707999926386, 0.12594463219937088], [0.5509990241166793, -0.6482613392315807, 0.16979986015734672], [-0.4344082760636835, 0.5654578878265358, -0.6570462893567386]]"
"['Bi', 'Bi', 'Bi', 'Bi', 'Bi', 'Bi', 'Bi', 'Bi', 'Bi', 'Bi', 'Bi', 'Bi', 'Bi', 'Bi']","[[-0.513622, 1.922424, 0.608435], [-1.167572, 0.22836, -1.706907], [1.167631, -0.228449, 1.707068], [0.513563, -1.922335, -0.608595], [5.71062, -0.186196, -2.677372], [3.497143, -0.299798, -0.741933], [7.571186, 0.515401, -0.50806], [5.357399, 0.40159, 1.427282], [4.251697, -3.203471, 5.906365], [5.462753, -2.312146, 3.377096], [6.307269, -1.729124, 7.409955], [7.5181, -0.8378, 4.880373], [-4.246905, -0.790677, -5.487754], [-3.592217, 1.360944, -3.724191]]",[-81777.42242324591],"[[0.18075255997505985, -0.27193971492468066, -0.11071870514944783], [0.43762894450338663, -0.386757634948439, 0.3002873256150701], [0.04851231081939597, -0.03591425833746675, -0.08759866428886144], [-0.11774676809375723, 0.4292621074048482, -0.07808634867833511], [-0.672117590177287, -0.03412928441019853, 0.4210504621786917], [0.5921233276351393, 0.08228064299997304, 0.1270903163997251], [-0.08131401052249283, 0.01016788042942471, 0.20070489715026826], [-0.07050344136590084, -0.02758931995914596, -0.6047423089083407], [0.15482338167366774, 0.07991826069079558, -0.2833926488492631], [-0.09391010896494209, -0.011357160279018627, 0.33896918262776593], [0.05832278200130892, 0.013334144296238495, -0.05642988338823714], [-0.10235916998791346, -0.08437871575844039, 0.07642844902377403], [-0.15837289438901117, -0.7272199608493507, -0.4945710433458306], [-0.15937325975856642, 0.9626904599398383, 0.24987069019385372]]"
"['Bi', 'Bi', 'Bi', 'Bi', 'Bi', 'Bi', 'Bi', 'Bi', 'Bi', 'Bi', 'Bi', 'Bi', 'Bi', 'Bi']","[[-0.251574, 1.676467, 1.2066], [0.43076, -1.14603, 1.68225], [-0.430728, 1.1461, -1.682427], [0.251541, -1.676537, -1.206423], [-1.960435, 4.621055, 1.201022], [-0.651717, 4.527825, -1.432774], [0.67319, 4.785757, 2.503616], [1.981698, 4.692632, -0.130484], [-3.179987, 9.167697, -2.200764], [-0.99963, 7.443577, -3.166047], [-2.235527, 11.339625, -3.947356], [-0.055218, 9.615124, -4.912604], [2.443466, -1.847348, 4.250933], [5.094236, -0.999972, 3.600075]]",[-81777.3139844217],"[[0.24616264317017586, -0.3673178731820785, -0.011615993376975673], [-0.06463602645059481, 0.83247789698369, -0.6920616483957513], [0.4984054344485152, -0.2819876430410818, 0.0925970972785936], [-0.455993778867404, 0.5218072169488566, -0.007673219931872433], [0.1889703244301141, 0.1464747479955479, 0.08489885021475022], [0.02154848918220283, -0.19229172874721823, 0.17128960957244824], [-0.3063914364179089, -0.15143677414444293, -0.18579809560067728], [-0.2553656034777699, -0.25655710476172, -0.038523214717969094], [0.09258686428236959, 0.05462208833672666, -0.12461598819718271], [0.0575473882824067, 0.10038872686074231, -0.07055321795054818], [-0.09212483678954271, 0.05284159841584403, 0.04630395310112162], [-0.08448665072866228, -0.30395017262025104, 0.22378482877942393], [-0.3567303216366596, -0.34451464382770314, 0.7650203403682192], [0.5065763533781421, 0.19454843865820323, -0.25497700673171614]]"
"['Bi', 'Bi', 'Bi', 'Bi', 'Bi', 'Bi', 'Bi', 'Bi', 'Bi', 'Bi', 'Bi', 'Bi', 'Bi', 'Bi']","[[-1.802558, 1.034674, -0.099738], [0.866018, 1.38462, -1.289087], [-0.866065, -1.384796, 1.289147], [1.802606, -1.034497, 0.099679], [-0.800662, 0.924072, -4.639164], [0.97307, -1.295708, -3.874466], [1.4417, 2.809974, -4.365218], [3.215328, 0.589839, -3.600627], [2.953061, -5.850604, -1.044306], [1.545555, -7.779317, -2.763989], [0.932887, -3.808038, -1.682022], [-0.474556, -5.737125, -3.401637], [-2.46246, 3.071082, 2.5162], [-4.515288, 4.326439, 4.058349]]",[-81777.04086127628],"[[1.140439147013287, -0.1876162779146865, -0.28124289688876], [-0.6066135588208583, -0.22821844151526513, -0.29787249277248323], [0.12469337844500734, -0.033882232113421965, -0.25712228497025197], [-0.2726805529980426, -0.029314865375177676, -0.28607179124256], [0.1787134683556323, -0.2398429709594427, 0.10251821851716372], [0.03709670933329914, 0.22981262919836126, 0.5836859908490478], [0.14608486569720475, -0.2550830390845497, 0.42191383909628366], [-0.3786133526622495, 0.11194090542206989, -0.04523747434842474], [-0.30708553181002657, 0.1309071725691817, -0.15634665829247804], [0.06006100296291457, -0.06955367533445816, -0.04028286840734439], [0.04912586378947526, -0.18632311515568703, -0.34473545028893837], [0.26623520519549326, 0.3251931528719716, 0.37487568651382275], [-0.33169861309957543, 0.1922433405590435, -0.1753504121443501], [-0.09633280938754034, 0.23566744570123074, 0.3902339226053756]]"
"['Bi', 'Bi', 'Bi', 'Bi', 'Bi', 'Bi', 'Bi', 'Bi', 'Bi', 'Bi', 'Bi', 'Bi', 'Bi', 'Bi']","[[-0.617462, -1.188272, 1.592628], [-1.860178, -0.240412, -0.900469], [1.860371, 0.240408, 0.900475], [0.61727, 1.188276, -1.592635], [0.535945, 4.546158, -0.95618], [-1.495265, 5.211416, -2.978538], [-1.511493, 3.168214, 0.64667], [-3.542578, 3.83355, -1.376045], [-6.73114, 4.498809, -2.314509], [-6.781278, 2.104948, -0.604179], [-5.851209, 2.854018, -4.590523], [-5.901569, 0.460169, -2.879878], [-2.519246, -1.814556, 6.46286], [-0.177536, -1.155939, 4.962572]]",[-81777.06867008793],"[[-0.20568435538820823, 0.30561871664776874, -0.7227724641487834], [0.4929385976266005, -0.17158132709796933, -0.018053951824965286], [-0.3569147212570577, 0.013446882089813747, -0.10145619805980664], [-0.26210215458492453, -0.3907864015572879, 0.032899972462311265], [-0.15100102334041235, 0.17926846699003188, 0.15253237322760033], [-0.2104754545046985, -0.2656670939277413, 0.3810713800617617], [0.014373749863876802, 0.2713739690731413, -0.2906257830947849], [0.09520301461348367, 0.14683758227372112, -0.05105388369109472], [0.28597511771039363, -0.10741627558413593, 0.1331464503911218], [0.17875481171726085, 0.09547663156276934, -0.07146755416089372], [0.018413551653578265, -0.002231250319223887, -0.024397093078294522], [-0.08165622454194334, -0.0472099280793766, -0.005138235772767562], [-0.31740615127806493, -0.08399947783305384, 0.12226152489010823], [0.5082497310822681, 0.0654483412312499, 0.4764815228601209]]"
"['Bi', 'Bi', 'Bi', 'Bi', 'Bi', 'Bi', 'Bi', 'Bi', 'Bi', 'Bi', 'Bi', 'Bi', 'Bi', 'Bi']","[[0.897676, -1.465571, 1.173028], [-0.783469, -1.47401, -1.241924], [0.783566, 1.474172, 1.241963], [-0.897773, 1.465409, -1.173067], [-6.287772, -0.393042, -4.455173], [-6.735473, 1.203474, -2.024327], [-3.609248, -1.125144, -3.480804], [-4.057315, 0.471442, -1.049858], [0.515878, 2.494939, 4.881237], [0.541521, 5.391403, 4.363401], [3.148356, 2.241099, 3.5907], [3.173774, 5.137784, 3.073086], [6.570164, -2.662802, 3.224812], [4.534855, -0.750836, 3.83321]]",[-81777.54297311742],"[[-0.44660333361391724, 0.08583864036042678, -0.4928401757433206], [0.1315473261872342, -0.1703471969001012, 0.315818031401775], [-0.32179955193829224, -0.06104321633414286, -0.6012625759712685], [0.3640502049506732, 0.07861625333204474, 0.6504940864478904], [0.17747589287762844, -0.10420985106379985, -0.05598940175178137], [0.5261750094074782, -0.16191433383597686, 0.2539058845641498], [-0.2538982740945963, 0.0699719426273523, -0.06711863360988124], [-0.23918811062319897, 0.2022670488703114, -0.19902858838692233], [0.36240536650737293, -0.02386415452118181, 0.0799246884522428], [0.00526715969810877, 0.2309886524327464, -0.12222804910849107], [-0.4725931899833711, 0.19480544627190927, 0.1496040908006088], [-0.15112592760085491, -0.3149142881422945, 0.11331557219622022], [0.472129002762698, -0.6167694219074812, -0.08225698883784723], [-0.15650010181374632, 0.5966304739619368, 0.055860332301921]]"
"['Bi', 'Bi', 'Bi', 'Bi', 'Bi', 'Bi', 'Bi', 'Bi', 'Bi', 'Bi', 'Bi', 'Bi', 'Bi', 'Bi']","[[1.358605, -0.503935, 1.493304], [-0.995776, 1.253399, 1.329033], [0.995789, -1.253541, -1.329162], [-1.358618, 0.504077, -1.493175], [-2.747933, 3.191026, -4.576865], [-4.136536, 2.210379, -2.17511], [-2.810577, 5.927245, -3.495644], [-4.199142, 4.946225, -1.093804], [-6.28533, 1.336291, 0.404628], [-4.198991, 2.34521, 2.217799], [-5.5306, -1.428, 1.074656], [-3.444303, -0.418722, 2.88796], [-4.128763, -4.28701, -0.03017], [-4.768973, -3.573499, -2.722618]]",[-81776.84924306202],"[[-0.4544751302368357, 0.2102413297217446, 0.027558497557454206], [0.39856697538974734, -0.09411163214183564, -0.13771514896153797], [-0.27325982285966693, 0.3602455358169206, -0.1677389655710901], [0.2200363639917659, -0.17055710187792195, 0.23161852163248334], [-0.16940720106605833, -0.2532709245773467, 0.5648444222740122], [0.1383538113389347, 0.208516015705125, -0.524711022460257], [0.008589561603789502, 0.09928536304175664, 0.03836756004676297], [0.05708206977571885, -0.020634122118602348, -0.24912856656820237], [0.08174693311148665, -0.30600967881003505, 0.2624541388017748], [0.20076135860682076, -0.3603861238152944, 0.08498225684728947], [0.05110891561350132, 0.7361144400295693, -0.2282356679159437], [-0.3001151644524675, 0.07903827443762404, -0.07853552064826752], [0.18334449050104076, -0.7336508076220751, 0.5287934223106217], [-0.14075846260738914, 0.2518201531076611, -0.3796791269322918]]"
"['Bi', 'Bi', 'Bi', 'Bi', 'Bi', 'Bi', 'Bi', 'Bi', 'Bi', 'Bi', 'Bi', 'Bi', 'Bi', 'Bi']","[[0.083013, 0.539404, -2.007951], [-1.14965, 1.686093, 0.405337], [1.149799, -1.686214, -0.405312], [-0.083161, -0.539284, 2.007926], [-1.659092, -5.831656, 0.477219], [1.233443, -5.806438, -0.062146], [-2.128659, -4.264286, -1.968741], [0.764089, -4.239345, -2.507942], [-0.146131, -2.008259, -4.865257], [0.889231, -2.377516, -7.594724], [-2.649236, -0.917263, -5.962551], [-1.613592, -1.286778, -8.692066], [-4.877592, -6.003451, 1.58198], [-5.073696, -3.821012, -0.25289]]",[-81777.58480061544],"[[0.08401773267556396, -0.02887887802952582, 0.3715346389577359], [-0.025792452102095787, 0.03494259163722108, -0.18211174869964525], [-0.29667348386316283, 0.15546883176715276, 0.22395333897352454], [0.24027198546947662, -0.06652779377765188, -0.16322580285957802], [0.48748034829397935, -0.10653664928560544, -0.11738074564590618], [-0.6652033757437309, 0.3139407651045429, 0.08489221676493668], [1.0692663442813175, -0.19743398932709358, -0.13333794626015766], [-0.5235879639801971, 0.130615043666928, -0.46684522858680044], [0.08737122437781265, -0.19614658584235084, -0.2372699123410709], [-0.11464622165997992, 0.08161920063600729, 0.25888580560091395], [0.1284258509621847, -0.0959252378896944, -0.013434777329456325], [-0.011053281428839394, 0.018444014100628976, -0.0002589303885543119], [-0.31932599506712345, -0.5624152426678751, 0.555839899817817], [-0.12631965351324806, 0.5198814596192666, -0.17692325965944142]]"
"['Bi', 'Bi', 'Bi', 'Bi', 'Bi', 'Bi', 'Bi', 'Bi', 'Bi', 'Bi', 'Bi', 'Bi', 'Bi', 'Bi']","[[0.643206, 1.707902, 0.999536], [1.606403, -1.064182, 0.784787], [-1.606517, 1.064247, -0.784928], [-0.643092, -1.707967, -0.999395], [-4.40726, 4.590697, -2.282795], [-3.797111, 6.658119, -0.279847], [-1.544041, 3.941908, -2.485055], [-0.934178, 6.009436, -0.481871], [3.726766, 2.683469, 0.227069], [2.468986, 4.540184, -1.677902], [6.148642, 2.610929, -1.442995], [4.890575, 4.467864, -3.347834], [-0.63587, -1.231199, 3.329219], [-2.26175, -3.581662, 3.338372]]",[-81777.9654110079],"[[0.2296023642658995, -0.2345971462871296, -0.14817399101173753], [0.08471645605592364, 0.27144919959311975, -0.5165297676902232], [0.2847769315545384, -0.10936625271885912, -0.056472255191697275], [0.06688270905372212, 0.256542603731895, 0.29449267295934667], [0.23705090565304085, -0.044905596169381376, -0.027220710980088544], [0.11951399111501278, -0.007675029989495973, 0.07126340845732969], [-0.2810373113666318, 0.03765261299651051, 0.05708397239310723], [-0.3017351660255357, 0.10583175525425643, -0.08907920914957054], [0.09083306242701586, 0.039849220766859324, -0.18438866749262034], [0.3666433181847604, -0.044883428105702165, -0.11236503483340389], [-0.2666983639743349, -0.04490325132200543, 0.21466856611823015], [-0.18301199525689846, 0.033784494143959974, 0.11063997792724217], [-0.1437908747698258, 0.24128448645264425, 0.2563223114915756], [-0.3113700719023836, -0.49678198759531134, 0.1395336912301882]]"
"['Bi', 'Bi', 'Bi', 'Bi', 'Bi', 'Bi', 'Bi', 'Bi', 'Bi', 'Bi', 'Bi', 'Bi', 'Bi', 'Bi']","[[-0.366168, 0.694119, 1.927131], [-1.615334, 1.10565, -0.70508], [1.615439, -1.105809, 0.705104], [0.366063, -0.693959, -1.927155], [1.903394, -4.262906, -0.247213], [4.76506, -4.011824, -0.884504], [1.244597, -4.001584, -3.103357], [4.106514, -3.750644, -3.740392], [-2.772019, -1.549841, 1.087174], [-4.629092, -2.198821, 3.275419], [-4.17515, -3.450768, -0.667123], [-6.032262, -4.099488, 1.521404], [-1.468006, -3.024384, 3.976288], [0.778549, -1.358666, 4.565033]]",[-81777.4530108919],"[[0.08665146936199766, -0.3294402062595684, -0.6026437733510492], [0.476336204029322, -0.6882373874451075, 0.5914820941531638], [-0.35019195127044594, 0.143543585931428, -0.26382705722481153], [0.19823180307792376, 0.2629550928179261, -0.010084478939094615], [0.08161488118031476, 0.0016064338542053902, 0.05350412064373289], [-0.23229724181921924, 0.08871118124014796, -0.06334517768571633], [0.08293663462223151, -0.03316268792818244, 0.048727075184870815], [-0.18590191680357296, 0.09575086557715395, 0.1544923776701812], [-0.97897943588895, -0.11398138543797007, 0.14197629200222708], [0.32176201381144043, -0.12627877295044368, -0.87864619346502], [0.3795449152732736, 0.5133723484231607, 0.3720924658071723], [-0.16560422886132775, -0.0666495612905082, 0.14788232490830805], [-0.06947268554022307, -0.015405528989176957, 0.03300496094668574], [0.34971454857223727, 0.2470593416031102, 0.2749729498405826]]"
"['Bi', 'Bi', 'Bi', 'Bi', 'Bi', 'Bi', 'Bi', 'Bi', 'Bi', 'Bi', 'Bi', 'Bi', 'Bi', 'Bi']","[[-1.32622, 1.293228, 0.947849], [-0.799736, -1.59948, 1.063481], [0.799878, 1.599593, -1.063545], [1.326078, -1.293341, -0.947784], [4.503819, 5.601418, 2.580878], [3.233997, 4.48071, 0.174661], [2.138456, 4.867967, 4.17052], [0.868865, 3.747156, 1.764014], [-4.980593, -3.403396, 1.194986], [-2.290019, -4.5406, 0.840179], [-4.861794, -4.019814, 4.070012], [-2.171019, -5.156903, 3.714896], [4.573297, -1.031061, 0.70487], [2.181348, -0.321604, 2.098962]]",[-81777.20384612179],"[[0.4621074027571848, -0.41356602817162896, -0.31088212767540147], [0.27077572445972475, 0.6153841107603744, -0.506478548559961], [0.009838527075077817, -0.07733018682168301, 0.5905312996798895], [-0.7164480611056252, -0.30970723572703107, 0.008356059028143698], [-0.16730038655202276, -0.046992911426290654, -0.14684884371177664], [0.05049262184594092, 0.07776660611290412, 0.187524129526579], [-0.0344396630127532, -0.2593221734700435, -0.31199757568590797], [-0.08834670145504424, 0.06151120878959275, 0.0870008310521775], [0.050627975075392115, -0.059246734142779506, 0.040776273660452056], [0.03894481930460662, 0.1849108074105017, 0.07600745636002629], [0.1099572982394548, -0.024918394816083173, -0.09186063008301579], [-0.0835607959698033, 0.07875606999904487, -0.022206434843941268], [0.04756477136451863, 0.04641255655853401, -0.27944101537778093], [0.04208738787162134, 0.129482729210384, 0.6742793749072193]]"
"['Bi', 'Bi', 'Bi', 'Bi', 'Bi', 'Bi', 'Bi', 'Bi', 'Bi', 'Bi', 'Bi', 'Bi', 'Bi', 'Bi']","[[1.079333, 1.756785, -0.28011], [0.909508, -0.263299, 1.852667], [-0.909563, 0.263245, -1.852843], [-1.079279, -1.756731, 0.280287], [-2.133701, -0.131881, -6.155928], [-4.342091, 1.507471, -5.110054], [-2.414937, -1.967034, -3.872732], [-4.623514, -0.327456, -2.82711], [-2.400168, -3.907683, 3.887491], [-1.411462, -1.14151, 4.057956], [-2.371375, -4.098732, 6.823906], [-1.382734, -1.332329, 6.994069], [-3.523179, 4.784005, -4.995518], [-1.495598, 6.658306, -5.733187]]",[-81777.60506223621],"[[-0.5105079322339089, -0.3425704773893282, -0.09361129519078328], [-0.21413166806006595, 0.03237893811939882, 0.04993446589511844], [0.5858585742182114, -0.13128923870960504, 0.26305726851389133], [0.0941806405887331, 0.386861661839701, -0.10732453857276107], [-0.10225694286985675, 0.0015991817966301677, 0.23627103821217138], [-0.21501813349677626, -0.45909879902314865, 0.30323350292993073], [0.04435869137219613, 0.10878862836416527, -0.06922189999959796], [-0.2088685141428911, 0.16999264157867203, -0.3349196929160112], [0.06097775601156427, 0.15933011662373261, 0.22901214149876908], [0.2559928501508364, -0.19678679088249493, 0.12180361116460758], [-0.04267266383354198, -0.06421138281834501, -0.02987229627450891], [-0.03925242111421609, 0.037759545235946615, -0.46966243929598384], [-0.22984677346716895, -0.48844749499237533, 0.0878685788475535], [0.5260587954805123, 0.7779931056314762, -0.19657189796179114]]"
"['Bi', 'Bi', 'Bi', 'Bi', 'Bi', 'Bi', 'Bi', 'Bi', 'Bi', 'Bi', 'Bi', 'Bi', 'Bi', 'Bi']","[[-0.757036, -1.930811, -0.169056], [0.552372, -0.041057, -2.005519], [-0.552342, 0.041082, 2.005707], [0.757006, 1.930786, 0.168868], [-2.036024, 4.797265, 3.628865], [-2.988508, 2.023628, 3.387972], [-0.389096, 4.030437, 5.943916], [-1.341716, 1.25669, 5.70268], [-2.802064, -3.857668, 8.0298], [-0.470138, -5.552536, 7.440007], [-2.052739, -2.059476, 5.824153], [0.279175, -3.75471, 5.23448], [-6.146475, 3.146417, 2.786975], [-7.082321, 4.299358, 0.345016]]",[-81777.5771215151],"[[0.0111436249015325, 0.2655942288239755, 0.2801067257753476], [0.00529446997094576, 0.015451942569035116, -0.014253478733885395], [0.07404668058607175, -0.03145429177969193, -0.3443346665071807], [-0.08632535045721101, -0.14122666075120532, 0.04423634278970497], [0.016702353001096765, -0.2238283318688988, -0.13888345888218642], [0.31470669715859473, 0.13201660419497355, 0.6576597549092621], [-0.058288432044134926, -0.40786172413080785, 0.1067550389085365], [-0.0009522990836737889, 0.21710545903810385, -0.3535517164678671], [0.07906069446955197, 0.09874352846280096, -0.09290799524427319], [0.009090921854464263, 0.05162628870349341, -0.06416320031853659], [-0.018665720448466823, 0.01912033801789733, 0.12983821012946162], [-0.04142508675872626, -0.052291484880144325, 0.09184211813004778], [0.1506905881735569, -0.28892000947296487, 0.4237728505510056], [-0.4671414712563804, 0.34531641707958477, -0.7336384663200964]]"
"['Bi', 'Bi', 'Bi', 'Bi', 'Bi', 'Bi', 'Bi', 'Bi', 'Bi', 'Bi', 'Bi', 'Bi', 'Bi', 'Bi']","[[1.153087, 1.729123, 0.101188], [-1.731245, 1.153937, 0.01117], [1.731361, -1.154078, -0.011109], [-1.153203, -1.728982, -0.101249], [-4.274455, -1.076215, -1.386453], [-6.279701, 0.748168, -0.242369], [-6.218553, -1.936811, -3.421082], [-8.223669, -0.112131, -2.276789], [-5.636486, -6.142198, -7.500172], [-6.392118, -3.521826, -6.395189], [-8.38376, -6.518786, -8.485325], [-9.139109, -3.89816, -7.380281], [5.272561, 4.306075, 0.791084], [2.483691, 4.892371, 0.57497]]",[-81777.51197494341],"[[-0.13498499585339582, -0.47480259157010446, -0.05737949515340506], [0.46953285562520775, 0.08422830614057521, 0.08285415358734065], [-0.4930712666228714, 0.13746081529659399, -0.0735235636484504], [-0.10770794168756542, -0.22313727038018422, -0.011025832316355145], [-0.23587184851525264, -0.15033341032545727, -0.28263972658438036], [0.08864998895117034, -0.009859733545644516, -0.04285664179278916], [0.13701611704862884, 0.09834058495319703, 0.12594499215401192], [0.25093451042441606, -0.1313837525139251, -0.04226220241414936], [-0.07841889534456899, 0.21564738563141428, 0.11494971484447233], [-0.01880693579635788, -0.07277367528697079, 0.12918566378733884], [0.006289148057172508, 0.03647604468795463, -0.020367472862725472], [0.1056633993264306, -0.056634286202259035, 0.02016628907163634], [1.1587006743953245, -0.39985684713488584, 0.0733165897298496], [-1.1352989947391665, 0.9484717373976502, -0.023998505019847228]]"
"['Bi', 'Bi', 'Bi', 'Bi', 'Bi', 'Bi', 'Bi', 'Bi', 'Bi', 'Bi', 'Bi', 'Bi', 'Bi', 'Bi']","[[-1.129039, -1.506926, -0.885529], [-0.100028, 1.108018, -1.75818], [0.100117, -1.108103, 1.758327], [1.128949, 1.507011, 0.885381], [-2.99382, 1.002761, 5.501074], [-5.732762, 1.561484, 4.582193], [-2.753597, -1.12992, 3.487663], [-5.492683, -0.570848, 2.568859], [1.940241, 4.667901, 0.052317], [-0.986459, 4.801003, -0.221595], [1.772248, 6.171909, 2.576123], [-1.15462, 6.304746, 2.301987], [1.296369, 0.189438, 4.722273], [0.072405, 0.434043, 7.293329]]",[-81777.20938089694],"[[-0.015844745642179903, 0.19163954235973651, 0.30088952972953814], [0.04528686012517609, -0.21169060995077438, -0.03736095717749933], [0.18539381511669234, 0.7009638408897068, -0.473842695386621], [-0.14299264964226302, -0.32472870854084057, -0.16439339287094443], [-0.5164726891685717, -0.019562593716512523, -0.26224305111584784], [0.3857093956116248, -0.06859573319045462, -0.04647985779199109], [-0.28537471336913084, 0.17765021376807733, -0.2009164476350195], [0.1296570501008329, -0.1084367984135897, 0.15651897372135537], [-0.1038403833358131, -0.22602575210829454, 0.27535948970297325], [-0.05735275566578459, -0.004546996390886646, 0.026655479349464953], [-0.02047449251971727, -0.020837892440897846, -0.09073880573315368], [0.04153539742957904, -0.007426121355213449, 0.015037382808943746], [0.4517193689270878, -0.1719200444151925, -0.5972907336177963], [-0.09075320391879547, 0.09625629331527252, 1.1042400514261523]]"
"['Bi', 'Bi', 'Bi', 'Bi', 'Bi', 'Bi', 'Bi', 'Bi', 'Bi', 'Bi', 'Bi', 'Bi', 'Bi', 'Bi']","[[-0.945844, 1.836822, 0.24734], [1.851612, 0.925093, 0.211282], [-1.851743, -0.925204, -0.211369], [0.945974, -1.836711, -0.247252], [1.904946, 2.408766, -4.989376], [0.150561, 3.833387, -6.873759], [-0.359836, 2.063109, -3.142449], [-2.114112, 3.48774, -5.027202], [2.365926, 6.943476, -1.240799], [0.67912, 6.023831, 0.987934], [0.430687, 5.83695, -3.161817], [-1.256075, 4.917481, -0.932744], [-4.385931, 5.084157, -3.137752], [-2.693693, 7.352034, -2.736115]]",[-81777.58308804456],"[[-0.12956454175808435, 0.08790143756407175, -0.42689232031448354], [-0.027566293146537406, -0.15918222668835474, 0.025088514521650132], [0.11492127842782977, 0.21214584972751302, -0.010083507061563792], [0.059829912083363766, 0.022232788665874907, 0.02387295284105078], [-0.15371914367912526, -0.12693363328668744, 0.07524368403382066], [-0.21530928537928998, -0.14598361559888798, 0.4207385357711806], [-0.008782091056866085, 0.26335659650896587, -0.13816318964545565], [0.5844917750240725, 0.14592735983070182, -0.0765322702266697], [-0.05139690503738299, -0.20456541067547446, -0.11288702048501052], [-0.4032462314570559, 0.04994317165522257, -0.4001080440522436], [0.24114065886250105, 0.07784800728387183, 0.30052900944548594], [0.6022000007007324, -0.5298228925840099, 0.19627215858998392], [-0.19684628624245049, 0.11949002842033753, 0.45428090899694623], [-0.43693670030656573, 0.18035928381867253, -0.35639211854035213]]"
"['Bi', 'Bi', 'Bi', 'Bi', 'Bi', 'Bi', 'Bi', 'Bi', 'Bi', 'Bi', 'Bi', 'Bi', 'Bi', 'Bi']","[[1.113281, 0.23655, 1.741943], [1.012088, -1.771905, -0.406122], [-1.012155, 1.772081, 0.406081], [-1.113214, -0.236726, -1.741902], [0.10983, -1.577621, 4.477092], [-0.742403, -0.024267, 6.826369], [-2.091164, -3.476632, 4.934522], [-2.943288, -1.922908, 7.283815], [-4.354632, 0.798771, -2.274235], [-6.169235, 2.857263, -3.336376], [-2.721781, 0.978624, -4.715814], [-4.536596, 3.037312, -5.7777], [3.672647, 1.563803, -0.0272], [2.995298, 4.337929, -0.144119]]",[-81777.90193404982],"[[-0.6018904397094339, -0.19328664337506624, -0.03758204131802908], [-0.3051266586534604, 0.14875464926983448, 0.13866995435795523], [0.273075886038093, -0.12466211381332802, 0.4120915511177261], [0.05132330973991679, -0.22667906978179098, -0.23028406693394687], [-0.08826020949701031, 0.04429178094663504, 0.026135910536162477], [-0.04938728856084783, -0.09833940224509073, -0.0969593875734163], [0.11166163204271064, 0.16727909780610953, -0.007755351296540556], [0.0782271937871668, 0.001200826680257721, -0.008202579511411326], [-0.11376885793347885, 0.13375492800076236, -0.09936373030932126], [0.07587026221969662, -0.13049867547368735, 0.21102402537765091], [-0.06823685841333291, 0.14071912470733208, -0.11848380093234238], [0.15695863260434587, -0.19279134578898852, -0.012384851348038347], [0.6286669512358456, -0.38247278632353254, -0.20888296375062443], [-0.14469055568407166, 0.7075175864613021, 0.028393988274783438]]"
"['Bi', 'Bi', 'Bi', 'Bi', 'Bi', 'Bi', 'Bi', 'Bi', 'Bi', 'Bi', 'Bi', 'Bi', 'Bi', 'Bi']","[[0.16336, -1.168788, -1.713757], [-1.626392, 0.994567, -0.83342], [1.626565, -0.994579, 0.833505], [-0.163533, 1.1688, 1.713672], [0.385485, -3.285423, 4.919047], [0.621292, -5.948994, 3.691001], [-0.964475, -2.290277, 2.500959], [-0.728623, -4.954148, 1.27315], [-2.488755, 4.655025, -2.420055], [-0.33153, 2.853089, -3.290525], [-4.48901, 2.673588, -3.276063], [-2.331437, 0.871704, -4.146375], [-3.760266, 1.204227, 2.258727], [-2.033327, 2.621728, 4.041034]]",[-81777.1980580028],"[[-0.27580542208113623, 0.2652380794177074, -0.02671949985347936], [0.5317594485528314, -0.5099655834340374, 0.3142204498606347], [-0.36226925223096634, 0.7650424518675978, 0.15304356023997565], [0.27186715835346437, -0.22274450844471272, -0.9450645096097028], [-0.12671318678009325, -0.05923094756066511, -0.3089116845482303], [-0.00021368619848072712, 0.23299843345997462, -0.10820560468985574], [-0.2635258266123486, -0.4269755212586565, 0.22017268395653877], [-0.007054205935667578, 0.20399632238798254, 0.2816103591551752], [0.17188399752899647, -0.2699506055782668, 0.18759941146864895], [0.04048841279179932, 0.1552763588783769, -0.2775048193636006], [0.11398585915993734, -0.1548680674712489, 0.008585350134489278], [0.06997677630396062, 0.15544728591078166, 0.1890116677917427], [-0.34096065739039244, -0.21153639509813246, 0.08508623231645986], [0.1868361533633591, 0.08050272418366929, 0.23077051992027325]]"
"['Bi', 'Bi', 'Bi', 'Bi', 'Bi', 'Bi', 'Bi', 'Bi', 'Bi', 'Bi', 'Bi', 'Bi', 'Bi', 'Bi']","[[-1.502579, -1.181542, 0.822149], [0.366729, 0.834808, 1.870163], [-0.366768, -0.834803, -1.870352], [1.502617, 1.181537, -0.82196], [2.252205, 1.381666, -8.184073], [-0.074729, 1.666439, -6.405704], [2.978576, -1.128778, -6.831331], [0.651352, -0.843784, -5.053085], [-2.293275, 2.45962, -8.804253], [-2.915083, 1.193114, -11.386429], [-4.394293, 4.464034, -9.28165], [-5.015999, 3.19716, -11.863871], [-4.735628, -1.180888, 2.083266], [-7.053467, -2.210608, 0.765865]]",[-81777.68320519873],"[[0.6268455807521586, 0.19328844314827148, -0.592061621125246], [0.028305835383191553, -0.17497899037688336, -0.16355454429103514], [-0.2124131931816262, -0.108356734217003, 0.592144924913602], [0.15786381568239055, 0.20082306511671413, -0.008175300091829284], [0.07386186958894099, -0.029986108789798138, 0.010392538405319125], [-0.044577415238722454, -0.14945753783961194, -0.05738350607654813], [-0.26256598185095664, 0.0890618799047088, 0.11073001800959496], [0.08862242671008462, 0.19331374281732777, -0.1424534375899778], [-0.12897365050376342, 0.01345652887419375, -0.016159227727642486], [-0.023777672847566204, 0.16307292498131712, 0.19938226953279473], [0.3024308040804007, -0.27412433106327355, 0.08003899976182034], [-0.02787462000763812, -0.012136138117703818, -0.09387673602750808], [0.4787801417757418, 0.28426399619104953, 0.5194896232814434], [-1.056218502764357, -0.3963522773275815, -0.44017762905035057]]"
"['Bi', 'Bi', 'Bi', 'Bi', 'Bi', 'Bi', 'Bi', 'Bi', 'Bi', 'Bi', 'Bi', 'Bi', 'Bi', 'Bi']","[[1.738702, -0.478549, 1.038085], [-0.786736, -1.871593, 0.455072], [0.786787, 1.871737, -0.45519], [-1.738752, 0.478405, -1.037967], [-4.276283, 4.72471, 0.834385], [-3.928377, 7.618689, 0.431692], [-1.451015, 4.288137, 0.13644], [-1.103361, 7.182349, -0.266077], [0.820754, -0.463028, -3.391189], [1.968139, -2.746364, -4.850025], [-1.882754, -1.535389, -3.839462], [-0.735, -3.818812, -5.298226], [-1.644382, -0.217124, 3.254564], [-3.69233, 1.256218, 1.911651]]",[-81778.10606498671],"[[-0.06169087757756572, -0.10296970448121714, -0.2846143349009693], [0.15402104277877876, 0.25813447742087015, -0.7586553138727145], [-0.1244303544465867, -0.017158981174307964, 0.17875686860092396], [0.5973611818832579, -0.5831619997358696, -0.14750360120383726], [0.1753984403778838, 0.3099331329753325, -0.1788937027866126], [-0.17904920319154397, -0.19919308765787982, 0.12349740343908999], [0.09169057722616789, 0.2732882078542179, -0.09953172628250606], [-0.00875159261435127, -0.5413789792242975, 0.08588754276951731], [-0.09535789795331612, -0.1284829809059277, -0.2856051357614911], [-0.09083959303264624, 0.333769020772774, 0.3645413373473331], [0.33496237325202083, -0.32305713060991986, -0.07747386014555148], [-0.2578587007437382, 0.18886516625283745, 0.035198467964912404], [-0.4013002138233842, 0.5062931204977313, 0.6566503392515891], [-0.12256177848283124, 0.024114158446014947, 0.38728126610697616]]"
"['Bi', 'Bi', 'Bi', 'Bi', 'Bi', 'Bi', 'Bi', 'Bi', 'Bi', 'Bi', 'Bi', 'Bi', 'Bi', 'Bi']","[[-0.224214, 2.025178, -0.422016], [2.033964, 0.293103, 0.325553], [-2.034118, -0.293187, -0.325633], [0.224367, -2.025093, 0.422096], [1.589483, 2.450304, -3.171151], [3.863823, 4.271465, -3.582318], [2.441602, 0.86136, -5.496879], [4.716061, 2.682728, -5.907742], [6.064342, 2.774792, -9.768814], [5.941521, 5.120484, -11.541088], [7.149732, 4.459797, -7.614157], [7.026667, 6.805472, -9.386729], [-1.434942, -2.456141, 3.410347], [-4.119688, -2.253525, 4.369163]]",[-81777.44732136933],"[[0.14635184919667685, 0.14298190242512326, -0.016066122888631653], [-0.09915865900810884, -0.06432322586752681, -0.023336671847985508], [0.15467770288822774, -0.2118996921751299, -0.042355620927918815], [0.24527391516143604, 0.2583477248346434, -0.2882521907696434], [0.07954689034542042, -0.014953976176404492, 0.03452246286461184], [-0.23691499706500063, -0.2743778419747523, -0.12312886130875164], [0.22604878920532143, 0.42643255539368613, 0.044517703905982274], [-0.10261679466671844, -0.06742413225594517, 0.04773699937584028], [-0.0035034961140322355, 0.05162047800714512, -0.07006187986552194], [-0.026710804377793548, -0.09193406082978894, 0.014700275003186913], [-0.03128450631772023, -0.0062537645159577975, -0.015169470735579735], [-0.01561008092726444, -0.0780019136039643, 0.1400536199981317], [0.37674847908908765, -0.08921393502950448, -0.11979784106052245], [-0.7047140540284784, 0.019546112936161826, 0.42109566219718864]]"
"['Bi', 'Bi', 'Bi', 'Bi', 'Bi', 'Bi', 'Bi', 'Bi', 'Bi', 'Bi', 'Bi', 'Bi', 'Bi', 'Bi']","[[0.354536, 0.309035, -2.026947], [0.820658, -1.906244, -0.147165], [-0.820794, 1.906373, 0.147212], [-0.3544, -0.309164, 2.026901], [6.187751, -4.155587, -2.349229], [4.099896, -2.91578, -0.687286], [5.123412, -2.771852, -4.718262], [3.035625, -1.53202, -3.055941], [1.84191, 7.435216, 0.660237], [0.215416, 4.98681, 0.794897], [3.385968, 6.537901, 2.999162], [1.759293, 4.089384, 3.1335], [2.315357, -6.487937, 0.547304], [0.838876, -4.50989, 1.987991]]",[-81777.73563966824],"[[0.13869566540374414, -0.17683969876062744, 0.4051440151688276], [-0.07396615359066086, 0.7694729792779442, -0.36986640346276767], [0.2130054728324197, 0.0369019327348206, -0.19743450354800937], [0.10731014038711928, -0.14709854938847863, -0.33979450719759025], [-0.22870767129453667, 0.041095728262170214, 0.35174093893504516], [0.2638336906746251, 0.083357781552254, -0.20029876547098652], [-0.2779872100046923, 0.29727918467985814, 0.0873850569204471], [-0.08026294297064183, -0.17514405529084823, -0.04235654652556722], [-0.34921210331543023, -0.38672513618656185, -0.05862246995102456], [0.16682061843760151, 0.1484748102474679, -0.03968783253244228], [0.04042745190223379, -0.13082957663299072, 0.09376216760747266], [0.0536560729243454, 0.18744447670672493, 0.023412349740160616], [0.3890587735465473, -0.9730874926359614, -0.4643368589596335], [-0.371367877114749, 0.42215886536265196, 0.7509584552053438]]"
"['Bi', 'Bi', 'Bi', 'Bi', 'Bi', 'Bi', 'Bi', 'Bi', 'Bi', 'Bi', 'Bi', 'Bi', 'Bi', 'Bi']","[[-1.803437, -0.562106, 0.872563], [-1.036854, 1.054497, -1.463515], [1.036983, -1.054625, 1.463579], [1.803308, 0.562234, -0.872628], [-0.534465, -5.863664, 0.228501], [-2.675254, -4.725444, 1.895771], [-1.429739, -4.220339, -2.042583], [-3.57048, -3.082132, -0.374931], [-7.297895, -4.450423, 2.191239], [-5.437051, -6.727228, 2.082939], [-7.922152, -4.825248, -0.660018], [-6.061225, -7.102229, -0.767986], [4.211508, 2.875451, -0.844711], [4.444134, 1.722525, 1.760071]]",[-81777.31382409213],"[[0.4213170857235228, 0.2204413129629414, 0.07268265818487801], [0.4747365656045186, -0.19235528645240846, 0.4006600602053317], [-0.49066846654971374, 0.2814263709115097, -0.47483678726100376], [-0.339898688355127, -0.4479031812448217, 0.4296757981315919], [-0.05353152861854388, -0.03893098161976303, -0.09626112699188084], [0.007384562020800241, 0.23601305357872535, -0.2591045551784861], [-0.031160753912129, 0.03207491014515401, 0.12654349387788638], [-0.02750788279271414, -0.4113143062035271, 0.07277490941716866], [0.01016005912929572, -0.10939196376464803, -0.08332240315324844], [-0.2731464885698294, -0.09474767199256191, 0.0035780658601338375], [-0.0054601159545454485, 0.005462445375293924, 0.05077943884613464], [-0.04262840483932093, -0.07469269632256412, 0.0971152993550803], [0.488529153273801, 0.5868474210392532, -0.15253011065557093], [-0.1346845879943981, 0.0020389090710024793, -0.18916469993627835]]"
"['Bi', 'Bi', 'Bi', 'Bi', 'Bi', 'Bi', 'Bi', 'Bi', 'Bi', 'Bi', 'Bi', 'Bi', 'Bi', 'Bi']","[[-0.708281, 0.872249, -1.751352], [0.581465, 1.872108, 0.697147], [-0.581439, -1.872294, -0.697191], [0.708255, -0.872063, 1.751396], [-5.947304, -2.988936, 1.732008], [-4.097791, -3.047665, -0.555822], [-5.456096, -0.105474, 2.054847], [-3.606624, -0.164492, -0.233236], [-5.127281, -5.968137, -2.408407], [-5.767849, -7.292392, 0.13999], [-7.332784, -4.06861, -1.975496], [-7.973073, -5.39307, 0.57307], [-1.585897, -0.817633, 4.256122], [-3.408538, 1.194269, 5.149697]]",[-81777.22735211847],"[[0.0009677370240072872, -0.07531860602124957, 0.40970191510001236], [-0.11798598366377733, -0.360031105695041, -0.10397593196921227], [0.38674719626384874, 0.1538756211037966, 0.18958733810695658], [0.1893404092231998, -0.026649457822541186, -0.7471681328351413], [0.07042785089128141, 0.06904449378365442, -0.42572236488690457], [-0.2928838814022424, 0.43712367103154276, 0.697654315075757], [0.4501437446190513, -0.6023043875466355, -0.8967997344547441], [-0.6313650683809348, -0.23747158978423916, 0.0781541229950347], [-0.0358770647386285, 0.1138813180477596, 0.025290140542726835], [-0.032153405967947586, 0.0106474582821071, 0.03603988764940057], [-0.03643256216731641, -0.025430995935976846, 0.04738477347515956], [0.2560849471168523, 0.14068539181525702, -0.06268188412645381], [-0.2030302555535097, 0.17851899000528487, 0.05768350255881324], [-0.010484856486328818, 0.21420144783833706, 0.709023739523617]]"
"['Bi', 'Bi', 'Bi', 'Bi', 'Bi', 'Bi', 'Bi', 'Bi', 'Bi', 'Bi', 'Bi', 'Bi', 'Bi', 'Bi']","[[1.236485, 1.307783, -1.044281], [0.979768, -1.618099, -0.866439], [-0.979922, 1.618204, 0.866487], [-1.236331, -1.307888, 1.044233], [-0.825132, 1.687559, -4.901558], [-2.225134, 1.135899, -2.372926], [-0.373138, 4.46634, -4.044856], [-1.773161, 3.914312, -1.51611], [-3.815735, 1.29558, 2.667083], [-4.74826, -0.948734, 1.008239], [-6.308278, 2.752337, 2.097041], [-7.240646, 0.507677, 0.438263], [2.751627, -4.415032, 0.901243], [1.441652, -2.586618, 2.664511]]",[-81777.2037992537],"[[-0.5793541938545307, 0.298350975334615, 0.5377280107222709], [-0.6669460704273039, -0.18003912987650894, -0.020593755776713747], [0.19508497676172637, -0.34076468779938934, -0.178612886744506], [0.14317427246971595, 0.6522717481537362, -0.5643445995438756], [0.12140848381292349, -0.07132706900670305, 0.16796100616252324], [-0.02614055395103196, 0.1069237547910034, -0.11807005878350711], [-0.18822794369400486, -0.06905734930654887, 0.2093043677911048], [0.16526319754998356, -0.15973444852980914, -0.17330679538086366], [0.15260894072195974, 0.20852887122801947, -0.24491123514953755], [-0.029899940790941156, 0.12444002179980333, -0.0840721886705449], [0.055994492538847584, -0.07204744108761699, 0.043629263860955336], [0.1513250339394443, -0.1385939010845116, 0.02874352994228379], [0.029002388751286627, 0.014691944624351303, 0.1246988291867146], [0.48023055329078634, -0.38294427548120974, 0.2534301273728716]]"
"['Bi', 'Bi', 'Bi', 'Bi', 'Bi', 'Bi', 'Bi', 'Bi', 'Bi', 'Bi', 'Bi', 'Bi', 'Bi', 'Bi']","[[1.65914, 0.609232, -1.098091], [-0.674759, -1.101717, -1.630897], [0.674743, 1.101846, 1.631039], [-1.659124, -0.609361, 1.09795], [4.128078, -1.389001, 2.859062], [6.710217, 0.002849, 3.090634], [2.819598, 0.79279, 4.33809], [5.402009, 2.18455, 4.569405], [-6.459273, 1.215319, 2.635421], [-4.948855, 0.261756, 0.297116], [-8.984661, 0.649793, 1.234543], [-7.47388, -0.303885, -1.103702], [1.963737, -4.910722, 0.384277], [-0.615444, -3.797241, 0.909851]]",[-81777.66855069954],"[[-0.0208594948615697, 0.051319849033153606, -0.03387928562757456], [0.16206530909684938, 0.4133435762034633, -0.014460591492133452], [-0.32847424226927874, -0.3033370156002769, -0.053358904657117075], [0.16962600206572204, 0.2746564982890126, -0.2923777337548418], [0.04296912247590653, 0.011978652820037532, -0.013540254323700785], [-0.004255294291993046, 0.050221437161586883, 0.011743437888742188], [0.08000819792896523, 0.16004303250136775, 0.04576596489461597], [-0.11770372780310658, -0.15837037470652385, -0.051201655355661936], [-0.0013707993186427693, -0.05038925829966031, -0.12010117997874013], [-0.17509438155038404, -0.03714132828216122, 0.0004001648140413455], [-0.049074765657074366, 0.01728804033975002, 0.05329097607414276], [0.2687902146597213, 0.05137257724585752, 0.11996403726050203], [0.5156581632379788, -0.3292344664711655, -0.2628742572899658], [-0.5396013175184516, -0.15262513868080677, 0.6321878218461802]]"
"['Bi', 'Bi', 'Bi', 'Bi', 'Bi', 'Bi', 'Bi', 'Bi', 'Bi', 'Bi', 'Bi', 'Bi', 'Bi', 'Bi']","[[-0.480131, -1.816212, 0.894741], [0.147097, -0.948399, -1.846025], [-0.147035, 0.94851, 1.846169], [0.480069, 1.816101, -0.894885], [3.137133, -0.025028, 1.847822], [2.868462, 2.881473, 2.219816], [6.067566, 0.243088, 1.87092], [5.798564, 3.149719, 2.243062], [3.175197, -1.353593, -4.137008], [3.812434, -0.331094, -1.452471], [5.972791, -2.200216, -4.478411], [6.609736, -1.17768, -1.793626], [1.66245, -2.206713, 4.740007], [-0.021776, 0.078544, 5.070504]]",[-81777.66332614359],"[[-0.08567552948594188, 0.34229994576553724, -0.1648159281974395], [0.029087543734939526, -0.09909047331467663, 0.0957837242936722], [0.31551638941257937, 0.0043663953203933745, -0.7013119684496887], [-0.20319372638263564, 0.010170729213298122, 0.4351108046788199], [0.4435185223401627, 0.13182634245613556, -0.027135771969220273], [0.32914962002006204, 0.18481629360618163, 0.00370097185809769], [-0.6888811920316621, -0.1116861089583017, 0.03479483025707217], [-0.4993245529133775, 0.05148652345858484, -0.0035365970286018052], [0.2595427742429124, 0.16031407834607456, 0.5021508653327702], [0.280666866618905, -0.34159921692360606, -0.44175860125591127], [0.13876863335169312, 0.0608157250010025, 0.08298785102544304], [-0.5161204478412634, -0.04869711153210841, -0.3034840827821895], [0.572246632356642, -1.07017960062774, 0.35158950087534835], [-0.3693056455541114, 0.7222515583611, 0.1254327252777135]]"
"['Bi', 'Bi', 'Bi', 'Bi', 'Bi', 'Bi', 'Bi', 'Bi', 'Bi', 'Bi', 'Bi', 'Bi', 'Bi', 'Bi']","[[-1.844439, -0.808081, 0.524179], [0.266644, -1.516492, -1.399306], [-0.266593, 1.516602, 1.399456], [1.844389, 0.807971, -0.524329], [-1.268767, 6.82758, -1.497351], [-4.024642, 6.053395, -0.816099], [-0.237613, 4.750286, 0.314122], [-2.993765, 3.976193, 0.995122], [8.129995, 2.095498, 0.319021], [5.706841, 0.901241, -0.847336], [6.835816, 2.140134, 2.961552], [4.412704, 0.945682, 1.794864], [-4.573331, 9.455689, -1.065079], [-3.969302, 11.706152, -2.720014]]",[-81777.74927938418],"[[0.10401670968783351, 0.0837918868493541, 0.11718806706876404], [0.10472787721435499, 0.13072668102774349, -0.010319128227382604], [0.11790016019293394, -0.10055255764450931, -0.3413702857719015], [-0.20718829730058522, -0.10011423573589981, 0.2500043362098645], [0.21766246313407503, -0.3635448800567378, 0.1929175870238121], [0.06051768255821735, -0.3939916947916092, 0.3772025361577199], [-0.010979562718353406, 0.13657265293086154, -0.10929626725222169], [-0.2714625179148384, 0.37050691703546124, -0.22064720701761906], [-0.06595001515668329, -0.05877812462223068, -0.21922199232744766], [0.2277677268825854, 0.031530535314874396, -0.006601861222684813], [-0.4327385493280595, -0.15617346868804388, -0.03408493285621264], [0.2702115726930243, 0.13438721403880344, 0.1655800090561946], [-0.2349249621209383, -0.5014739449192396, 0.246446801648235], [0.12968085852923342, 0.781944893369233, -0.3966812244474049]]"
"['Bi', 'Bi', 'Bi', 'Bi', 'Bi', 'Bi', 'Bi', 'Bi', 'Bi', 'Bi', 'Bi', 'Bi', 'Bi', 'Bi']","[[2.052302, 0.271899, -0.209386], [0.180356, 0.225934, 2.06042], [-0.180411, -0.226023, -2.060582], [-2.052247, -0.27181, 0.209548], [2.216868, 7.281177, 1.795056], [-0.485753, 6.261661, 2.356072], [3.040232, 4.602983, 0.895494], [0.337324, 3.583724, 1.456521], [3.097137, 3.330269, -4.048904], [4.905962, 3.394489, -1.728916], [5.350785, 2.577159, -5.784921], [7.159451, 2.641339, -3.464584], [-5.049837, -2.731237, -0.973181], [-4.942727, 0.057897, -1.587595]]",[-81777.45091336624],"[[0.02265784881706647, -0.1723366147790646, -0.057270120364619], [-0.5504683481315961, -0.4799121476997364, -0.4095057912427345], [-0.013412897229489953, -0.02531511111039703, 0.28741133672816266], [0.8622255769614691, 0.6497700633984744, 0.2633396786408368], [0.21034000871548247, -0.11525367082778894, -0.02693886135394126], [0.11758098327051028, -0.4952392734258846, -0.26017356904029776], [-0.26693901936291914, 0.2963936448407962, -0.042991064282382786], [0.11335362454398783, 0.464672130996721, 0.23213032570995756], [0.13205234254862014, 0.031701138388102186, -0.14203573594009106], [0.1827454745562505, 0.025247917863332272, -0.06738104054320294], [-0.06896869762066868, -0.0033843295305679227, 0.02500378119914817], [-0.32797663068908, 0.11180504825612123, 0.292867734865487], [-0.236960505616047, -1.0935216306576678, 0.24028103575759432], [-0.1780467809383256, 0.8045860402909549, -0.32880514342858214]]"
"['Bi', 'Bi', 'Bi', 'Bi', 'Bi', 'Bi', 'Bi', 'Bi', 'Bi', 'Bi', 'Bi', 'Bi', 'Bi', 'Bi']","[[-0.235621, 1.103897, -1.74803], [0.547793, -1.662916, -1.124072], [-0.547895, 1.663011, 1.124205], [0.235723, -1.103991, 1.747897], [-2.776541, 3.241718, -2.440903], [-5.690041, 2.843237, -2.546013], [-2.434975, 1.325047, -4.647612], [-5.348696, 0.926846, -4.752576], [4.715736, -3.449006, -6.602177], [3.48494, -1.492, -4.781852], [2.998825, -5.563939, -5.489013], [1.768051, -3.606562, -3.668788], [-8.18132, 1.556621, -6.611204], [-10.291431, 2.483256, -4.920931]]",[-81777.65889002703],"[[-0.05091906525139594, -0.2052963242851618, 0.20340949347889623], [0.01563504635272548, 0.14800578935018643, 0.13991915122865567], [0.04695137266071408, -0.07973812910399841, -0.13477051430942466], [-0.02200189833248126, -0.02255579139191194, -0.29564010551081454], [0.048905581833574116, 0.17912510219871286, -0.010817110046640701], [0.15447258016492374, -0.12467049561425521, -0.02956785692353148], [-0.3931078518815693, -0.09785310352503912, 0.10252788587038035], [0.7284695176746921, 0.00955883203456764, 0.18762733366437573], [0.009404961709939277, 0.08331319859885601, 0.010702917007873796], [0.07814563834992436, -0.053916114441454534, -0.09687680369434229], [-0.18525543826825638, 0.19004808004749402, 0.24117716854752133], [0.017381983358853575, -0.08821999742139645, -0.07719813489051111], [0.3159844332901209, -0.2676535293253932, -0.8245758641709238], [-0.7713457718532091, 0.32509658218398846, 0.576197905873483]]"
"['Bi', 'Bi', 'Bi', 'Bi', 'Bi', 'Bi', 'Bi', 'Bi', 'Bi', 'Bi', 'Bi', 'Bi', 'Bi', 'Bi']","[[0.47497, -1.16373, 1.658268], [2.010024, 0.482062, -0.237331], [-2.010211, -0.482023, 0.237349], [-0.474782, 1.163691, -1.658286], [-2.206158, -4.41848, 3.660357], [-0.843328, -4.18783, 1.062703], [-4.768178, -3.75195, 2.375193], [-3.405011, -3.521483, -0.222501], [3.035218, 4.628463, -2.547248], [1.313261, 7.005476, -2.754583], [1.688139, 3.871286, -0.042868], [-0.033863, 6.248455, -0.250552], [0.144044, -3.227264, 5.823913], [1.625928, -5.055623, 4.202382]]",[-81777.65319324337],"[[-0.2599778565597525, 0.796242291711535, -0.7507455677462115], [-0.2567632559268555, -0.02066663630710702, 0.23410097452549503], [0.5693459121707362, 0.09791954086735769, 0.23597685242625457], [-0.023052431094579853, -0.33045779802980224, 0.00899698397756987], [-0.6894190671095664, 0.21705408836861761, -0.5504354379929862], [-1.0122238180940222, -0.24061985591900073, -0.386470905365801], [0.6541373416361802, -0.3277472367385513, 0.31596335023257394], [0.5364064629687205, -0.13304237207776826, 0.1299368377011079], [-0.10013511310508041, 0.07325472895368147, 0.023959285390600812], [0.07136018483367919, 0.007570036362912344, -0.04384323118401072], [-0.07360527335196758, 0.29773766404836616, 0.04921049941000322], [0.22120724501699326, -0.37337195028981207, 0.08218468937708878], [0.25066444159944923, 0.04787147328752549, 0.49760278702107674], [0.11701302626903307, -0.11311944833894236, 0.15830959379427886]]"
"['Bi', 'Bi', 'Bi', 'Bi', 'Bi', 'Bi', 'Bi', 'Bi', 'Bi', 'Bi', 'Bi', 'Bi', 'Bi', 'Bi']","[[0.311617, -1.499319, 1.408777], [0.619761, -1.290162, -1.510061], [-0.61976, 1.290326, 1.510162], [-0.311618, 1.499155, -1.408878], [-0.492587, 5.149639, 6.021666], [-1.056282, 7.634409, 4.549769], [0.315879, 3.845725, 3.510481], [-0.247814, 6.330823, 2.038786], [-3.346762, 4.390063, 0.023624], [-3.976416, 1.895746, 1.45199], [-3.223317, 2.905414, -2.514178], [-3.853149, 0.411128, -1.085471], [-4.458963, -3.99932, -1.127953], [-1.994395, -3.820463, 0.30807]]",[-81777.66287991201],"[[0.3240138900458171, 0.6082451817866231, -0.16641371542694608], [0.06289204621473243, 0.6808768292566558, 0.08818374484683408], [0.2930604134426292, -0.6947705641800719, -0.10612810076801953], [0.08065261958061869, -0.6189764580780021, 0.25789407914274376], [0.06637553296448989, -0.12986566952636416, -0.33171182857711096], [-0.025489046335159065, -0.0415367549727967, -0.052758500315854245], [-0.1465030301459157, -0.017985154208643297, 0.08286346098591624], [0.12963493860145442, 0.12968399527681967, 0.13490431459171018], [-0.28948518968149684, -0.05608293853636146, -0.08024098573753809], [-0.004855976826771316, 0.14802959777858696, -0.1077592609349601], [-0.2352781804679865, -0.10764407544982575, 0.17357007648974218], [0.22066397061947338, 0.6916358734774869, -0.10075063554126713], [-0.15650257007414203, -0.22011329144076636, -0.38200715928429524], [-0.3189212003622227, -0.3631778291670552, 0.5947165437134098]]"
"['Bi', 'Bi', 'Bi', 'Bi', 'Bi', 'Bi', 'Bi', 'Bi', 'Bi', 'Bi', 'Bi', 'Bi', 'Bi', 'Bi']","[[1.239125, 0.359964, -1.632394], [0.513809, 1.851429, 0.798195], [-0.513832, -1.85162, -0.798191], [-1.239102, -0.359772, 1.63239], [-5.585779, -5.070095, -3.853127], [-2.849949, -4.861, -2.790193], [-5.657346, -2.154021, -4.24204], [-2.921297, -1.945244, -3.17912], [-0.10074, -1.33356, -5.830177], [-2.740305, -2.451477, -6.494458], [-0.332156, 0.549205, -8.079955], [-2.971911, -0.568895, -8.743955], [-1.832028, -7.160306, -7.710166], [-0.411867, -4.925949, -6.633581]]",[-81777.57935701807],"[[-0.0324658260275379, 0.05381635558379353, 0.14043059535148883], [-0.018612498583683763, -0.0632211476008306, -0.09019851381694534], [-0.03506453912739793, 0.06181423917526095, 0.027603836415598385], [0.028527048078950255, 0.008422264971050164, -0.09946626595992747], [0.029778548659353355, 0.029408900954046066, 0.04837311121749476], [-0.1833560604716458, -0.06636622556591432, 0.08675863300084588], [0.5781488600279462, 0.003940430654610955, 0.14696521190501732], [-0.4445360626883049, -0.1294175774203549, -0.30971788009998763], [-0.26127590441745185, -0.09547781427087564, -0.07140301943596353], [0.14684904940014296, 0.7125230128554888, -0.19714813392001238], [0.04094289152158256, -0.004224372131443628, -0.04070449870502771], [-0.011693974978853465, -0.3577607175076963, 0.5106085652671267], [-0.21925222851729545, -0.44770186375629456, -0.11352506579730832], [0.3831656990075439, 0.29950766386256694, -0.05696230772443407]]"
"['Bi', 'Bi', 'Bi', 'Bi', 'Bi', 'Bi', 'Bi', 'Bi', 'Bi', 'Bi', 'Bi', 'Bi', 'Bi', 'Bi']","[[-0.996271, -1.761832, -0.482814], [-1.814778, 1.017049, 0.033116], [1.814961, -1.017078, -0.03317], [0.996088, 1.761861, 0.482868], [-4.872862, 6.115081, -4.195638], [-2.905623, 3.951114, -3.870781], [-5.913927, 5.573531, -1.496977], [-3.946373, 3.409577, -1.172343], [1.957055, 1.69402, 6.316896], [0.773693, 1.047749, 3.701499], [3.769674, -0.610614, 6.066029], [2.586133, -1.2566, 3.450444], [5.774652, -1.135104, 8.730414], [7.05469, -2.729074, 10.727663]]",[-81777.61449895399],"[[-0.11240164736260731, 0.22840304682402957, 0.1112396623592229], [0.23864360209548124, -0.13409349105171084, -0.0666613883715711], [0.0002117662518474854, 0.2325567691154126, -0.14230256517328843], [-0.1786834378541508, -0.23592609882186724, -0.04189294551673806], [0.07136306447080755, -0.01944329446405194, -0.09801919688083555], [-0.07321312848159499, 0.07387868461288695, -0.020011467438313783], [0.24016893559795463, -0.33481690015494714, 0.12475858165712804], [-0.1501310129730069, 0.1779964387106709, 0.009535548111501197], [-0.1967492013335515, -0.18231424889627879, -0.47464997080230154], [0.1207388139143053, 0.18392473738240508, 0.27601008200561605], [-0.2903022867166687, 0.12549067797492172, -0.572754682621431], [0.11937833963743046, 0.1843351885173794, 0.6987197808132498], [-0.19352488192534636, -0.09122901253216521, -0.4068213009519135], [0.4007376561415226, -0.21420905830789058, 0.6040074872196936]]"
"['Bi', 'Bi', 'Bi', 'Bi', 'Bi', 'Bi', 'Bi', 'Bi', 'Bi', 'Bi', 'Bi', 'Bi', 'Bi', 'Bi']","[[1.273936, -1.529129, -0.607097], [-1.248755, -1.398556, 0.901974], [1.248796, 1.398704, -0.902091], [-1.273977, 1.528981, 0.607213], [3.507356, 0.06818, 1.365707], [2.593788, -2.072612, 3.165906], [4.970149, 1.316708, 3.593099], [4.056474, -0.824417, 5.393136], [0.475395, -7.060197, 3.527087], [0.893946, -4.700155, 1.820238], [1.338297, -8.807655, 1.322172], [1.756902, -6.447275, -0.3845], [6.741679, 0.195682, 7.142353], [5.888941, 2.648175, 8.336656]]",[-81777.79330702558],"[[0.19719292256177667, 0.4321718778788718, 0.02117462486538616], [-0.06244256571225055, 0.116023356694526, -0.07355050882443719], [0.06246493432208691, -0.17638409902924782, -0.08906938753007917], [0.05151388001130426, -0.11172020180501781, 0.08433665248752972], [-6.448818793730852e-05, 0.1278956891980172, 0.4488238937945229], [0.3201883949649754, 0.3122978292786309, 0.5515307285435942], [-0.610319548960873, -0.27054144541049613, -0.6755345881626343], [-0.3402436277454311, -0.4198648230131815, -0.8468143761155911], [0.04184383227707207, 0.15235666394067887, -0.18689384895010944], [0.0842534001212652, -0.3007030732254769, 0.1519365968745795], [-0.001488903521695084, -0.0005169678839104663, 0.0035167969522397593], [-0.09403403620564468, 0.10078472838798322, 0.1726867478006181], [0.6030278963751357, -0.7231190490460181, 0.16281699723153423], [-0.2719211001275295, 0.7624482073474959, 0.27835739764196116]]"
"['Bi', 'Bi', 'Bi', 'Bi', 'Bi', 'Bi', 'Bi', 'Bi', 'Bi', 'Bi', 'Bi', 'Bi', 'Bi', 'Bi']","[[-0.62057, 1.207151, 1.577148], [-1.977653, -0.224755, -0.606035], [1.977828, 0.224692, 0.606086], [0.620395, -1.207088, -1.577199], [6.408867, 2.08061, 6.288763], [7.268848, 2.001195, 3.475857], [3.661428, 1.419881, 5.467256], [4.521783, 1.340406, 2.654282], [2.630902, -3.158423, -3.615089], [4.763145, -1.364743, -4.560901], [3.089673, -4.92193, -5.92581], [5.222082, -3.128019, -6.871361], [-6.919946, 1.069915, -0.365861], [-4.690166, 0.266347, 1.2312]]",[-81777.75420270614],"[[0.14407081663637555, 0.03367467198297718, -0.19322956485341483], [0.9090567042032376, -0.3020460125691237, -0.2106978036286811], [-0.16461101116250182, -0.15346830671640857, 0.053022398489831715], [-0.2994057966991512, 0.4423701641910464, 0.30475950491959464], [0.013995072439288445, -0.011150386906574983, 0.04778025563927556], [-0.2590845519848623, -0.048458019375108095, -0.11289463095456403], [0.05311557531977075, 0.01629464780581272, -0.08490959743188999], [0.08522075250802748, 0.013095124130166391, 0.04380132732158394], [-0.06478206519067586, -0.1136801548255071, -0.21135214974400907], [-0.018002719995126287, -0.041442760531601563, 0.013805530609732535], [0.002358703058525053, 0.08164429461669728, 0.1866770534120173], [0.03946188900425841, 0.0410951934724178, -0.04580781733495117], [-0.8365320146836868, 0.30596206195323394, -0.6059121614917365], [0.4015106330221207, -0.2707175660741502, 0.8146226041251173]]"
"['Bi', 'Bi', 'Bi', 'Bi', 'Bi', 'Bi', 'Bi', 'Bi', 'Bi', 'Bi', 'Bi', 'Bi', 'Bi', 'Bi']","[[-1.461088, 0.084232, -1.479136], [-0.828912, 1.675186, 0.91409], [0.829054, -1.675291, -0.914167], [1.460945, -0.084128, 1.479213], [4.03424, 2.921455, 6.035359], [2.434557, 2.461476, 3.608892], [2.340374, 1.021416, 7.512022], [0.740857, 0.561518, 5.085216], [8.602131, 2.106264, 8.910102], [5.660201, 2.15387, 8.943166], [8.578539, -0.405244, 10.443603], [5.636432, -0.357433, 10.476393], [2.934187, 4.293043, 0.780804], [5.762956, 4.035706, 1.097169]]",[-81777.68123974171],"[[-0.020053582131316035, 0.03575528179914471, 0.042083942591485624], [-0.09820580765117151, -0.12524683441665962, -0.07552527140730089], [0.1397378369337522, 0.2406166677493229, 0.30267757869788275], [-0.15351499797556126, -0.08464168833476945, -0.06161415581693159], [-0.39362443821356036, -0.2156610124856824, -0.3916744610788372], [-0.029537003668584777, -0.22894935512495254, 0.6062942276321599], [-0.22453955081751187, 0.013522693679426953, 0.06794046147747823], [0.5611924253301541, 0.03939698404026887, 0.07732026235800848], [-0.1348005448109061, -0.031537503008283195, 0.03300316631568967], [0.09369665586280249, -0.07910687150778888, -0.13436052597327455], [-0.05671676723714989, 0.002411309915092844, -0.035229259513349216], [0.08102866933632741, 0.08416140599943243, 0.03590955835829653], [-0.8476206745115317, 0.5034480390149128, -0.5651647819045421], [1.084233258255963, -0.14591219031368635, 0.11156948365460315]]"
"['Bi', 'Bi', 'Bi', 'Bi', 'Bi', 'Bi', 'Bi', 'Bi', 'Bi', 'Bi', 'Bi', 'Bi', 'Bi', 'Bi']","[[1.296738, 1.107098, -1.192694], [-0.169524, 1.608571, 1.308689], [0.169557, -1.608755, -1.308736], [-1.296772, -1.106914, 1.192741], [-6.938823, -3.253738, -2.23735], [-4.887705, -4.416474, -0.476874], [-6.559989, -0.635251, -0.94899], [-4.508698, -1.79831, 0.811366], [-3.189501, 1.083383, 6.48883], [-1.625583, -0.1007, 8.682097], [-1.430943, -0.227882, 4.527219], [0.132802, -1.411998, 6.720828], [-2.776282, 2.596843, -0.475787], [-2.04372, 5.332854, -0.857673]]",[-81777.83306592474],"[[0.05175037021047073, 0.022232469848907126, 0.3583936206108363], [0.5430558536306508, -0.4143570542063709, -0.0922564259218904], [-0.12913964101537667, 0.032607473320998205, 0.06304852363940379], [0.021455651738068203, 0.4825185278334506, 0.06031091432798286], [0.052290045061580144, -0.008999755628305914, 0.05815622584668831], [-0.08331551259297701, 0.19016825347551142, 0.004324860154363208], [0.1002411454579139, -0.19036406880023982, 0.08065827601069225], [0.04794379845932971, -0.047141660110597866, -0.18050167159025157], [0.11036219578853868, -0.08820487932647257, -0.10861806128640157], [0.013006750123580718, -0.02316140479105161, -0.02010408376745463], [-0.0004432739588726185, -0.06067575406772762, 0.014747069106522747], [-0.10136682646464434, 0.06226382252192599, -0.018604209342521414], [-0.980448050824413, -0.5216421520348917, -0.13739910878670056], [0.3525378270882269, 0.5545641177257709, -0.08205155758199377]]"
"['Bi', 'Bi', 'Bi', 'Bi', 'Bi', 'Bi', 'Bi', 'Bi', 'Bi', 'Bi', 'Bi', 'Bi', 'Bi', 'Bi']","[[-1.786013, -0.792346, 0.715582], [-1.05005, 1.051629, -1.456151], [1.050187, -1.051748, 1.456216], [1.785877, 0.792466, -0.715647], [-0.628766, 5.880148, 1.50717], [0.441427, 6.204578, 4.228888], [0.977756, 3.438209, 1.16676], [2.047742, 3.762851, 3.888724], [-3.333479, 2.223634, 0.858813], [-4.799826, 0.080802, 2.243158], [-5.581715, 2.553882, -1.011008], [-7.047961, 0.410974, 0.373701], [1.275999, -3.382799, -4.036039], [-0.366254, -2.617513, -1.825704]]",[-81777.36655562875],"[[0.5299524762547861, -0.16230848416792099, -0.4859942498473798], [0.32277682878872904, 0.2993530376331924, 0.3583469807737752], [-0.5439187163273268, 0.3024133719913558, 0.2125084783173199], [-0.3257583330805036, 0.17709506086740298, -0.1515026972658457], [0.2127281534925404, -0.36910900747591774, 0.010112915355737159], [0.06430862199351871, 0.04301208049121066, 0.08096475167649617], [0.011420897961529357, 0.13560077540004042, 0.0025520151558354504], [-0.2168919030917811, 0.06416592568939021, -0.1930101467886522], [-0.33068837468843726, -0.2926375695835846, -0.01833309664909558], [0.04888735784431893, 0.21385887386424549, -0.18973018867735983], [0.20579650696993945, -0.13999705569739607, 0.19980773591850975], [0.3394969275536293, 0.023531422735418254, 0.07289621413120077], [0.27931683102662047, -0.040242892873351775, -0.3341452247947574], [-0.5902978433841262, -0.2478978302283784, 0.42417671965825793]]"
"['Bi', 'Bi', 'Bi', 'Bi', 'Bi', 'Bi', 'Bi', 'Bi', 'Bi', 'Bi', 'Bi', 'Bi', 'Bi', 'Bi']","[[0.922131, -0.137921, 1.860206], [0.506129, 2.015555, -0.101374], [-0.50625, -2.015705, 0.101367], [-0.92201, 0.138071, -1.860199], [5.536621, -0.994583, 5.976834], [4.493581, -3.745885, 6.003712], [3.136289, -0.098942, 4.529046], [2.093386, -2.850482, 4.556194], [0.355109, 2.253592, -4.28247], [2.152378, 2.753776, -6.557981], [2.570168, 0.994629, -2.809925], [4.367337, 1.495094, -5.085681], [-2.724649, -3.665004, -1.898283], [-4.050431, -5.240604, -3.880209]]",[-81777.67229358829],"[[-0.21851113333347563, 0.18577588125711567, -0.2953501877584987], [0.1453790974902989, -0.17275930437183443, 0.29711231999268806], [0.19718520924804, 0.4893037242392379, -0.25829712549653083], [0.35320986240305763, -0.16488036007818654, 0.38740277650937455], [-0.21733984093151565, 0.14781527050089055, -0.1886074387298493], [-0.11112859064141477, -0.0521017373622221, -0.03517261807947623], [0.06716758744106334, -0.017495415350665126, 0.07968578141477217], [0.1570599855468458, -0.10889553489255559, 0.08955486349666554], [0.06947587370990091, -0.07989861745181284, -0.08093101878442109], [-0.15232869032286053, 0.11200317757497065, -0.04588555211078939], [0.29145069628787657, 0.08921234094466557, -0.34195608623915624], [-0.31176401654596136, -0.16772281903433467, 0.4271852205481109], [0.08869606314522407, 0.27031061164140324, 0.6583493251573209], [-0.36246979838811993, -0.513443568019996, -0.691048633191668]]"
"['Bi', 'Bi', 'Bi', 'Bi', 'Bi', 'Bi', 'Bi', 'Bi', 'Bi', 'Bi', 'Bi', 'Bi', 'Bi', 'Bi']","[[0.947293, -1.504028, 1.081781], [0.9493, -0.649269, -1.733835], [-0.949353, 0.649399, 1.733967], [-0.94724, 1.503898, -1.081913], [-0.229215, -5.536554, -2.256171], [-0.012513, -4.624576, 0.533031], [-1.778482, -7.876482, -1.370526], [-1.56171, -6.96413, 1.418734], [2.323392, 1.843606, 0.212328], [3.971334, 2.999342, 2.358691], [0.554676, 4.193688, 0.305144], [2.202981, 5.349299, 2.451538], [-5.10231, 2.886148, -3.689973], [-2.386893, 3.648252, -3.227426]]",[-81777.06027658144],"[[0.10694987721352495, -0.03146360946268584, -0.16121113673364992], [-0.16769834211874363, 0.18171266184690965, 0.33423752744913965], [0.32444059056172997, 0.1690313569987159, -0.5418237803164457], [0.4252698504810196, -0.2778238934418411, 0.5705615304156362], [-0.019702456663395086, -0.11280052852697658, 0.18606379354785998], [-0.15712667999962227, -0.03147333852241236, 0.1069743027070244], [-0.0168737428323257, -0.02826871891749067, -0.12818858943164455], [0.19682947121850453, 0.2703308205233933, -0.1319849281865616], [-0.4166470342106067, -0.03271375249987128, 0.1538726386224851], [-0.3128742195031269, -0.2848828096410972, -0.3173660934687258], [0.5234434679028634, -0.05079550310754354, 0.575156094298116], [-0.38611902399313386, 0.0043993784783732314, -0.43418150463982524], [-0.48533111055439204, -0.24070187415506733, -0.11157966522873558], [0.3984687591948337, 0.46906578876740623, -0.11305198255479222]]"
"['Bi', 'Bi', 'Bi', 'Bi', 'Bi', 'Bi', 'Bi', 'Bi', 'Bi', 'Bi', 'Bi', 'Bi', 'Bi', 'Bi']","[[-0.633675, -0.193729, -1.97247], [1.452516, -1.454025, -0.323904], [-1.452665, 1.454105, 0.323996], [0.633824, 0.193648, 1.972378], [-8.475355, 1.353216, 2.140628], [-6.808965, 3.63306, 2.967534], [-6.203309, 0.23704, 0.640023], [-4.537026, 2.517075, 1.467246], [0.217719, 4.616055, 1.051348], [-0.853709, 2.983505, 3.252515], [0.579709, 6.874536, 2.902857], [-0.491703, 5.241603, 5.103983], [-1.929077, 5.216419, -3.655013], [-0.826776, 6.579388, -1.397693]]",[-81777.63194183708],"[[-0.1303943914719675, 0.15168108050152926, 0.1487439534747863], [-0.14310012181366072, 0.17624402525178975, 0.3446705041872756], [0.2035075554075352, 0.07930361243016568, 0.2485818468905468], [0.07559911353080667, 0.031216721716602322, -0.28774270068629026], [0.028498087156973616, -0.06537249364617259, -0.022864987286360317], [0.31432797345412394, -0.09924880193464479, -0.18566218701263706], [-0.035709701257170115, 0.10035144584434838, 0.07637949519259193], [-0.2778310411125704, 0.011872769591269608, 0.009909042189258506], [-0.12060789326914813, 0.055817189167087194, 0.6167601659309973], [0.29774558305046916, -0.08962921984108708, -0.3046682821291356], [0.017722968390315376, -0.5400420048432737, -0.3258813861456494], [-0.1282040674812095, -0.09892756812855803, 0.11598422448283527], [-0.4151854126795983, -0.4669406679887689, -0.8707770707908636], [0.3087132466968314, 0.7582696481858807, 0.4457659762746637]]"
"['Bi', 'Bi', 'Bi', 'Bi', 'Bi', 'Bi', 'Bi', 'Bi', 'Bi', 'Bi', 'Bi', 'Bi', 'Bi', 'Bi']","[[-1.432318, -1.212497, 0.898905], [-0.461096, -0.828458, -1.852013], [0.461213, 0.82851, 1.852157], [1.432201, 1.212444, -0.899048], [-4.251377, -1.297553, -0.842634], [-3.202784, -4.015257, -1.258386], [-6.070251, -1.649779, -3.129005], [-5.02149, -4.367655, -3.544456], [-3.381937, 3.483998, 4.183706], [-0.89643, 3.767516, 2.634452], [-1.835503, 3.596196, 6.684868], [0.649973, 3.879848, 5.135254], [1.298029, -2.617666, -4.037683], [3.197437, -0.793835, -5.1486]]",[-81777.75150230894],"[[-0.10212422245149433, 0.4119836161475042, -0.4182226585186432], [-0.0771130313289498, 0.36234047182780166, 0.6027615299407625], [0.07203592253910356, -0.13938312734604827, -0.07767414919224716], [-0.49060192636321204, -0.3548856569454878, 0.17548256691970512], [0.025025075087270553, -0.05274363933138825, -0.1560979810576076], [-0.08707852983255161, -0.10271958742778253, -0.1750684648162288], [0.29671050776909885, 0.11084906015159766, 0.39915550122785576], [0.041389713501929874, -0.06381353009580729, 0.08461001232635751], [0.11234919682919792, 0.04455176075723428, -0.07322397854291791], [-0.07342447327797991, 0.10012832538899213, 0.17827828319460903], [0.008185029151555811, -0.03219812261878367, 0.04513005874132779], [-0.07981721628084512, -0.02860311163681219, -0.12264477373863787], [-0.15082135455243936, -0.691990685909374, -0.08450881365013233], [0.5017369174955686, 0.4307931487594867, -0.36263764009503]]"
"['Bi', 'Bi', 'Bi', 'Bi', 'Bi', 'Bi', 'Bi', 'Bi', 'Bi', 'Bi', 'Bi', 'Bi', 'Bi', 'Bi']","[[0.058496, 1.572607, -1.361323], [0.381774, -1.346658, -1.539372], [-0.381872, 1.346726, 1.539524], [-0.058399, -1.572675, 1.361172], [-2.817916, -0.120097, -0.397663], [-3.51672, -2.608926, 1.007937], [-4.475051, -0.94667, -2.684701], [-5.17382, -3.435501, -1.278716], [0.442522, 4.207738, 5.721814], [-2.224868, 3.969583, 4.502542], [0.687819, 1.275432, 5.757483], [-1.979705, 1.037582, 4.538017], [-5.763316, -1.742511, 4.99848], [-3.364642, -1.377082, 6.508801]]",[-81777.0784158513],"[[-0.45985820047157017, -0.2873591433052111, 0.6871086725349741], [-0.10978945653254472, -0.04208139719795252, 0.2139192433997579], [-0.09761548203985793, -0.034089504280153914, -0.5677194314141292], [-0.0211794071199029, 0.1018066396139096, -0.34452945339007757], [0.07815581992405676, -0.14934039831499762, 0.1620279252362723], [0.23352041911158125, 0.1931538201125207, -0.9209999991931063], [0.3857844204432369, -0.2083415405484014, 0.33680580381299474], [0.07660307844677237, 0.3444247065895335, 0.2010798156199623], [0.05629433475483795, 0.1554418351690744, 0.07705425587827633], [0.0662383902462518, -0.4533101627521398, -0.1612399331049335], [-0.1652154778489993, -0.06914353273203333, -0.06973524673981951], [0.26851073559199573, 0.7785361229185381, -0.1165001937497273], [-0.6012656612967632, 0.04848466116075457, 0.01896899251796544], [0.28748749284578945, -0.36888640124147726, 0.4850313711825849]]"
"['Bi', 'Bi', 'Bi', 'Bi', 'Bi', 'Bi', 'Bi', 'Bi', 'Bi', 'Bi', 'Bi', 'Bi', 'Bi', 'Bi']","[[-1.813521, -0.102288, 1.015083], [0.27675, 1.94311, 0.69039], [-0.276761, -1.943247, -0.690524], [1.813531, 0.102426, -1.014949], [3.041019, 5.475326, -3.477487], [5.400429, 3.908897, -2.678862], [1.620898, 4.565391, -1.066028], [3.980647, 2.999068, -0.267551], [-3.027586, 1.912189, -1.371065], [-4.219531, 0.403665, -3.598605], [-5.645049, 1.99812, -0.028916], [-6.836756, 0.489385, -2.256674], [-2.029296, -4.339049, 0.821412], [-3.741423, -2.434431, -0.447168]]",[-81777.66019542968],"[[0.548419692003135, 0.8098681175378305, -0.16439087318845708], [-0.6868279079149591, -0.31927858389868874, 0.42234017965755544], [0.5202635257596899, 0.7126284281432234, -0.08933102313202722], [-0.5528332501232609, -0.7413744057770663, -0.16822007065989236], [0.005544566455543732, -0.15976247356971907, 0.40568230162346436], [-0.19219788343008867, -0.030435507016933493, -0.01647467654842673], [0.09169088575871735, -0.0784696489489563, -0.32762773179772436], [0.09825306455333153, 0.11159565749921627, -0.08055877426348913], [-0.19326221788156678, -0.13198431112146267, -0.15216141425895782], [0.09468503988502011, 0.2309283857414172, 0.06667732921996024], [0.11245754317615242, -0.22684043230516227, -0.14538403401109037], [-0.005429478672383373, 0.15392935718949546, 0.040031085278142656], [0.12077378093657824, -0.41675882583769697, 0.08372231275944929], [0.03717779168729907, 0.09165170212493504, 0.12844528851280113]]"
"['Bi', 'Bi', 'Bi', 'Bi', 'Bi', 'Bi', 'Bi', 'Bi', 'Bi', 'Bi', 'Bi', 'Bi', 'Bi', 'Bi']","[[-0.550683, 1.891148, -0.670836], [0.786485, 0.843398, 1.73177], [-0.786481, -0.843507, -1.731928], [0.550678, -1.891039, 0.670994], [0.133059, 4.857903, 1.050614], [2.559458, 6.268227, 1.934859], [-1.16954, 5.493632, 3.611657], [1.257099, 6.904082, 4.495629], [5.996111, -2.665222, 2.207088], [3.858541, -1.252624, 0.760134], [7.913023, -0.578953, 1.411607], [5.775091, 0.833571, -0.035241], [5.632428, -6.935847, 1.545906], [7.900465, -5.220303, 1.261024]]",[-81777.58990789462],"[[-0.03297043615440037, -0.19430865744517575, -0.23524974405134394], [-0.13260045062274833, -0.4540348542887463, 0.1666485086970905], [0.07853706331101486, 0.42294572620797605, 0.10749392294241847], [0.06579482328430138, 0.2299856131144291, 0.27613133529755657], [0.0035405848118036667, 0.041521775717520075, -0.037890486449940426], [-0.07034881513652627, -0.006640777461590921, -0.014007048644416924], [0.02650666895864785, -0.0031290682110918728, -0.03550703650984354], [0.0026605615347261922, -0.02274175938610319, 0.001966555102826967], [-0.8264774531174721, 1.0247769790900039, -0.2807627173976061], [0.6156653896013051, -0.20300850400877224, -0.001275875166031912], [0.009424229567653493, -0.20466491242267756, 0.1877162424607138], [-0.18339092464973555, -0.2565633268348009, 0.025736252898210365], [-0.6798843828892036, -0.2977665632638329, 0.0911304363826105], [1.1164276013510157, -0.06924041195256599, -0.26562204817551915]]"
"['Bi', 'Bi', 'Bi', 'Bi', 'Bi', 'Bi', 'Bi', 'Bi', 'Bi', 'Bi', 'Bi', 'Bi', 'Bi', 'Bi']","[[0.225688, 0.518666, 2.00244], [-0.118097, -2.007599, 0.533389], [0.118166, 2.00775, -0.533488], [-0.225757, -0.518817, -2.002341], [5.259751, 0.106375, 1.260949], [3.219915, 2.017249, 2.180701], [6.874362, 2.333454, 0.215476], [4.83429, 4.244212, 1.13551], [2.697383, 7.510481, -3.291601], [-0.146365, 7.923471, -2.658473], [2.802302, 5.285709, -1.368259], [-0.041661, 5.698881, -0.735394], [4.269798, -3.013029, 0.384952], [5.98062, -4.931683, 1.63399]]",[-81777.42835688902],"[[-0.006172034243603982, 0.02267703439943416, -0.25799707759217416], [-0.1366456208788105, 0.09672587985556133, 0.21643609767203514], [-0.15150398281813518, -0.2513795686270222, 0.030808553722494077], [0.08880425522590385, 0.25544674753827973, 0.02343988112799139], [0.05718290849730299, 0.7885541747997326, -0.4897768589038456], [0.32956079106431846, 0.07995908983150837, 0.04251264856897006], [-0.15225042589947907, -0.34909666071983797, 0.3800754369920821], [-0.3076336913062463, -0.2475338132420989, -0.10056937266845525], [-0.05798015660512578, -0.35356925140109513, 0.25679133238885704], [-0.07396214266751779, -0.09660956308441228, 0.06842773721726983], [0.003568385651394309, 0.4168895407944878, -0.01886751616244573], [0.22090395752086714, 0.14362010200369582, -0.20327481902105388], [-0.2792963136120809, 0.11644260100716013, -0.27305356885034826], [0.4713172536250503, -0.6229231036066011, 0.32020767824931706]]"
"['Bi', 'Bi', 'Bi', 'Bi', 'Bi', 'Bi', 'Bi', 'Bi', 'Bi', 'Bi', 'Bi', 'Bi', 'Bi', 'Bi']","[[1.615131, -0.905131, 0.949634], [1.163299, 1.684166, -0.373129], [-1.163454, -1.68426, 0.373194], [-1.614976, 0.905225, -0.949699], [-5.50183, 0.710532, 3.873309], [-3.644272, 1.152993, 6.112063], [-3.227457, 0.593248, 2.009621], [-1.370024, 1.03562, 4.248729], [-2.858568, 0.29863, -3.972725], [-5.642426, 0.998155, -4.620113], [-3.61735, -2.537781, -3.775543], [-6.401268, -1.837924, -4.423117], [2.052083, 1.953711, -3.647632], [3.4552, -0.495253, -3.198098]]",[-81777.3142301632],"[[-0.38466393306775576, 0.06474642968121241, 0.26513487527991064], [-0.3818206513581424, -0.6835615766579348, 0.10996825114496087], [0.3122664103806769, -0.03231042332458051, -0.006688620575594941], [0.27704978527522833, -0.005181907012481873, 0.12973577732303854], [0.5527262921727789, -0.10858602532334859, -0.5254664129855355], [0.11961488125868852, 0.07051388005049114, 0.1033187576388475], [-0.27399073646935435, 0.1879828145834533, 0.32107491182377734], [-0.2817483246268785, -0.027686574560947124, 0.05970552204383699], [-0.22149757414604174, 0.05094901347753087, 0.09335145936204046], [0.28092598253836576, -0.100850651509386, 0.12173691671183114], [-0.16124245278742083, 0.11526482942166132, -0.11107665432892115], [0.11655079308783987, -0.046629403518717756, 0.017234047143593292], [0.07555864434473492, 0.8597670867631327, -0.8422686632201103], [-0.03349486435535696, -0.3517692725075045, 0.2630089317478081]]"
"['Bi', 'Bi', 'Bi', 'Bi', 'Bi', 'Bi', 'Bi', 'Bi', 'Bi', 'Bi', 'Bi', 'Bi', 'Bi', 'Bi']","[[-0.84285, 0.14803, -1.896683], [0.287744, 2.060347, 0.032855], [-0.28769, -2.060531, -0.032839], [0.842796, -0.147846, 1.896667], [-5.741704, -2.494467, 0.924282], [-4.678448, -5.204603, 0.496539], [-3.674672, -1.40169, -0.862635], [-2.611654, -4.112121, -1.290312], [-10.753955, -5.361837, -1.184031], [-11.475662, -4.151103, 1.398908], [-7.926587, -5.413361, -0.369662], [-8.648659, -4.202666, 2.213395], [1.015493, -6.63271, 0.642914], [-0.101448, -4.579619, 2.287755]]",[-81777.14617452928],"[[0.11253117961129189, -0.6459709992727037, 0.5341675451014215], [0.04703975695171806, 0.0020361250789644554, 0.17451454604575234], [-0.08000989485798729, 0.640193213063018, -0.49934851560805277], [-0.1825058476094978, -0.0013896655698217623, -0.5051506758891465], [0.459541388965359, 0.033813856158250916, -0.3646643904124789], [-0.4455886214808117, 0.044591726006808566, -0.1428757672281066], [-0.2468588468680482, -0.48122356530124594, 0.2947412987721255], [0.06203910798173084, 0.5034942674752413, 0.2607806582534657], [0.4380818188639126, -0.002766021045459517, 0.13488338580043802], [0.10154850071418885, -0.006487009981145712, 0.08861214229176904], [-0.11986232436336107, 0.024940619444063113, 0.015735941638610355], [-0.21446411188211664, 0.02334284249897485, -0.1612137592603204], [0.2488217309477574, -0.37005198579127213, -0.4225786238962019], [-0.18820819761083898, 0.22034093704018143, 0.5881823385366138]]"
"['Bi', 'Bi', 'Bi', 'Bi', 'Bi', 'Bi', 'Bi', 'Bi', 'Bi', 'Bi', 'Bi', 'Bi', 'Bi', 'Bi']","[[-0.6687, 0.486001, 1.909544], [0.09546, 2.021962, -0.481104], [-0.095513, -2.022146, 0.481077], [0.668753, -0.485817, -1.909518], [-0.283479, -0.979927, 4.99735], [0.294893, -1.848059, 7.74874], [-0.009966, -3.757233, 4.063745], [0.568285, -4.625137, 6.815421], [-3.975041, -1.068276, 0.383254], [-3.850604, 1.083271, -1.620161], [-2.707333, -2.916811, -1.523496], [-2.582909, -0.764901, -3.526782], [3.572844, 2.289913, 2.925604], [2.846488, -0.150435, 4.223817]]",[-81776.9795765757],"[[0.42068449115293227, 0.2190850038754843, -0.26579415791603017], [-0.06671029078066162, -0.32844991961996245, 0.2801659126027537], [0.17661812096801854, 0.6125060162947626, -0.12258589544378123], [0.2567218611431354, -0.09399089307081088, 0.6022714774080257], [-0.2013700419048276, -0.31404150098194383, 0.17783852146743537], [-0.031393695986976604, 0.0016593477006599012, -0.5237345169411939], [-0.06752378826942301, -0.002579461697215121, 0.3034945728888714], [-0.019922368380236866, 0.2584741203357418, -0.14443622201912765], [-0.23234264752608247, -0.20629093038046037, -0.4601759375754296], [-0.13261340898982593, -0.33715876504958503, 0.09384176900523514], [-0.2567812536589078, 0.45187327524718035, -0.41952461445530254], [-0.54721075863014, -0.3207135173641683, 0.11317030478751283], [0.21065193512299363, -0.1367238338801004, 0.09918272454696728], [0.4858165350988869, 0.20445403042511684, 0.27789783840953003]]"
"['Bi', 'Bi', 'Bi', 'Bi', 'Bi', 'Bi', 'Bi', 'Bi', 'Bi', 'Bi', 'Bi', 'Bi', 'Bi', 'Bi']","[[-0.695031, 0.478475, 1.902027], [0.330091, 2.017502, -0.386822], [-0.330163, -2.017677, 0.386786], [0.695103, -0.4783, -1.901991], [-1.472893, 5.385934, 4.968297], [1.258394, 6.212027, 5.686598], [-0.392841, 3.670578, 2.835014], [2.338501, 4.496806, 3.553671], [-1.255318, -0.833149, 7.916508], [0.088177, -3.274347, 6.971052], [-0.917065, 0.382413, 5.257965], [0.42636, -2.059111, 4.312702], [-4.784458, -2.367466, 0.088492], [-2.881164, -3.475861, 1.909804]]",[-81777.35904890556],"[[0.3479536504682458, -0.04567025295556214, 0.02766596458664273], [-0.10866238712934169, -0.18183221820982812, 0.036009805725827536], [-0.17448569825237717, 0.5509306327348809, -0.4019220097547434], [0.06759680763946355, 0.0630840048825925, 0.25699722644353473], [0.07991399265719462, -0.04639148892761458, -0.11212715623776481], [0.029633810898189217, -0.0387727095640956, -0.010973412636200698], [-0.19550833484168673, -0.11029077050333708, 0.0122487627826776], [0.020182846985124403, 0.043395061944864075, 0.045284916370114454], [0.07393555744617204, 0.15688057386933074, -0.23098279031430655], [0.03857878657233726, 0.11812487473312909, -0.2517501676410237], [-0.054897556481309145, -0.26997971048209984, 0.006400147784052429], [-0.007108111714268626, 0.07388475241969313, 0.33676800857568506], [-0.3138118499209572, 0.4553219492409396, -0.7238651835948126], [0.2109094055355239, -0.7616408805097237, 0.9900953494253311]]"
"['Bi', 'Bi', 'Bi', 'Bi', 'Bi', 'Bi', 'Bi', 'Bi', 'Bi', 'Bi', 'Bi', 'Bi', 'Bi', 'Bi']","[[1.544483, -1.326343, -0.430234], [-0.747215, -0.2454, -1.926228], [0.747277, 0.245502, 1.926379], [-1.544545, 1.326242, 0.430083], [4.221235, -4.773349, 4.329984], [2.054022, -3.943737, 6.139195], [4.109656, -2.153126, 2.995128], [1.942412, -1.3237, 4.804675], [-1.379516, 2.539186, -3.770272], [-0.72215, 5.366385, -3.287442], [1.008578, 2.274273, -5.469297], [1.665796, 5.101636, -4.986152], [-4.051448, -3.280429, 1.189032], [-1.397045, -2.421695, 1.809486]]",[-81777.5522793416],"[[-0.279005675950483, 0.28926073225175963, -0.4541401153102061], [0.4627671481921284, -0.3791337442290172, -0.07420356938747573], [-0.33799493968073224, 0.21355558636811942, -0.23956194922896987], [0.37483053791741744, 0.02964245495178345, 0.515822199710112], [0.03037096714979415, 0.08142096847297474, -0.01570493411738892], [-0.013805869995536948, 0.10900300706395327, -0.07274354194130618], [0.05437850188892245, -0.18733253081336, 0.06585107905248754], [0.004172653848618302, 0.0061945931151791795, 0.04251222690781912], [0.020287110418007626, 0.07329699791295845, -0.006181927854023558], [0.08728288122448194, -0.13961493813488118, -0.05573748492514155], [0.004159617319961489, 0.10815109727278324, 0.07601264999127565], [-0.13698336117629376, -0.050760484663179034, 0.06290438751671111], [-0.5719859223523424, -0.20586412702036433, -0.23334244725263037], [0.30120855238568706, 0.06019963692180842, 0.3948924041476866]]"
"['Bi', 'Bi', 'Bi', 'Bi', 'Bi', 'Bi', 'Bi', 'Bi', 'Bi', 'Bi', 'Bi', 'Bi', 'Bi', 'Bi']","[[-0.922864, 1.003941, 1.571667], [1.034922, 1.734302, -0.500037], [-1.035035, -1.734454, 0.500002], [0.922977, -1.003789, -1.571632], [3.68455, -2.86285, -1.71197], [6.183329, -2.309097, -3.163788], [2.295661, -3.299471, -4.269354], [4.794771, -2.745764, -5.720978], [-3.32705, -2.443105, 2.980438], [-2.739626, -5.244975, 3.660707], [-5.244114, -3.341471, 0.936504], [-4.656542, -6.143411, 1.617123], [1.366559, 1.530283, -3.895922], [2.528429, 2.887377, -6.126751]]",[-81777.37306326476],"[[0.24197251403795575, 0.23003029891201024, -0.27698735885605286], [-0.2350194245031668, -0.411063880617543, 0.3253564694348228], [0.5287024052085288, 0.27683026436628255, -0.7725212808666785], [-0.3274499142050482, -0.24731208118321524, 0.9078919938289997], [0.12201145925876522, 0.11614460998646654, -0.15711948090680136], [-0.22875467108623881, -0.02707313471946931, 0.19349248600765234], [-0.029057847477053325, 0.05478591912049366, 0.0412406305740274], [0.03231668139312553, 0.01079040655448433, -0.10925332980575418], [-0.09160202838447085, -0.10026541668513865, 0.04440067236776027], [-0.027996603493279065, 0.03462658231563864, -0.09910487150031842], [-0.0016041553413275761, 0.0006822760243684888, 0.07019501166061697], [0.06152437284503669, -0.013877835212700133, 0.06063461639446536], [-0.3472386262848559, -0.15472238868580887, 0.3154287661685307], [0.31771514662635614, 0.23336214191370466, -0.5342086827746838]]"
"['Bi', 'Bi', 'Bi', 'Bi', 'Bi', 'Bi', 'Bi', 'Bi', 'Bi', 'Bi', 'Bi', 'Bi', 'Bi', 'Bi']","[[0.961627, 1.82322, 0.284354], [0.863693, -0.161315, -1.885979], [-0.86384, 0.161316, 1.886104], [-0.96148, -1.823221, -0.284479], [3.599932, 4.985094, -1.587678], [3.490843, 2.089303, -2.098368], [5.617982, 5.282931, -3.708674], [5.508575, 2.386953, -4.219253], [-1.287944, -4.73303, -1.992561], [-1.218802, -6.756928, -4.127361], [-3.696266, -3.54555, -3.196611], [-3.626935, -5.569775, -5.331337], [-5.371226, -0.805734, -4.331111], [-3.544723, 0.439708, -2.519756]]",[-81777.46070387903],"[[0.06689443329060187, -0.06446895607505841, -0.0360976809381249], [0.11507395061772438, -0.05789618432957917, 0.22526696772497198], [0.08431227841612182, -0.09349950356369306, -0.06762694098512816], [0.5225980887173238, -0.16577875544014295, -0.013826809071227445], [0.017710632230545854, -0.10667980838855814, -0.06382808254772382], [-0.0798370137861026, -0.02852348452800391, -0.11233171331806145], [-0.023555231163818795, 0.02080350134605059, 0.044702468623230594], [-0.16100873938119953, -0.022185999704748233, 0.20649224786898762], [-0.21478879096833914, 0.2716900092479787, -0.13984119533782366], [0.030330796211853545, 0.13687156954920351, 0.26347923819737906], [0.22573526871297134, 0.09537527862026943, 0.01683310909556089], [0.021127866757514435, 0.20580139206863937, 0.10856041712174283], [-0.8908368287153782, -0.4216518949617861, -0.7737338137860839], [0.2956185082323519, 0.23833193279842796, 0.352927349431929]]"
"['Bi', 'Bi', 'Bi', 'Bi', 'Bi', 'Bi', 'Bi', 'Bi', 'Bi', 'Bi', 'Bi', 'Bi', 'Bi', 'Bi']","[[-0.943471, -1.852227, 0.093976], [1.72742, -0.83938, 0.80023], [-1.727563, 0.839508, -0.800239], [0.943615, 1.852099, -0.093967], [-7.407933, 1.854816, 3.106533], [-7.230935, 3.30627, 0.553052], [-4.547267, 1.188608, 2.925922], [-4.370538, 2.64033, 0.372371], [-2.552932, -6.481701, 0.697498], [-2.947374, -4.237208, -1.163948], [-4.57097, -8.047811, -0.763557], [-4.965126, -5.803062, -2.625033], [-7.356385, -9.67308, 0.258351], [-5.578457, -11.234614, -1.344406]]",[-81777.45129623824],"[[0.02554742069351823, 0.20587615978979354, -0.018581578480018006], [-0.2589457637596937, -0.1213251800245674, -0.11914622031604809], [0.0418678001139565, -0.060416535304083745, 0.06965507969904966], [-0.0764983830683199, 0.023305036977246823, 0.026752703098011168], [0.0867595071764027, -0.05950579864014866, 0.062306400013752435], [0.3938555290931111, -0.09237809059056357, -0.11666155627309856], [-0.15399548599926458, 0.018624042843242986, 0.10112406277030539], [-0.2052624885489036, 0.061328968897040904, -0.04650551741568843], [-0.805173280576774, -0.5509378318277017, -0.42072290345534086], [0.19297451127918877, 0.12708234597553053, -0.2531815529821844], [0.47560374775688724, 0.5297894682244844, -0.06800391633848529], [0.24566971100031068, -0.2604216806321608, 0.6806572569256185], [-0.7305963353823515, 0.5891295334634776, 0.6690266082525431], [0.7661377424182056, -0.4077327061030391, -0.563830892849013]]"
"['Bi', 'Bi', 'Bi', 'Bi', 'Bi', 'Bi', 'Bi', 'Bi', 'Bi', 'Bi', 'Bi', 'Bi', 'Bi', 'Bi']","[[-0.859722, -1.893462, -0.073435], [-1.550743, 0.749303, -1.167324], [1.550928, -0.749334, 1.16737], [0.859537, 1.893493, 0.073389], [0.431374, -1.074842, -3.792479], [0.109609, -1.19709, -6.714779], [-2.461872, -1.494521, -3.456545], [-2.783326, -1.616859, -6.379053], [-2.411244, 1.254754, 2.458408], [-4.365219, 1.794933, 0.325685], [-3.124489, -1.599416, 2.388708], [-5.078412, -1.058918, 0.255776], [3.936563, 1.748839, 1.437252], [6.132351, 3.574552, 1.32093]]",[-81777.86100716094],"[[0.4379660163136794, 0.23620881748136222, 0.1858572310059918], [0.6620188056123154, 0.28910255789806616, 0.790945302058102], [-0.48669919530082045, 0.11971253181059481, -0.3916121375038448], [-0.9358033909165343, -0.7974424833289618, -0.5555457654539917], [-0.17841146641179564, -0.07805672955358627, -0.4917842230927697], [0.11436211460401238, 0.013557393306823678, 0.2888395338996455], [0.09204652094406966, 0.20317418598783604, -0.41481244824938424], [0.0387993976296245, -0.06260634507392596, 0.45608489881368], [-0.10624354336361178, -0.20127840773763592, -0.3874018509117262], [-0.04185877553688459, -0.03221447998611458, 0.12074169355143366], [-0.1127418559204863, 0.16063001567672877, 0.09427618283488472], [0.17684473812560206, 0.08360044240240981, 0.06820533667119569], [0.10677041411391829, -0.186912052370528, 0.2073365986126957], [0.24296136085899753, 0.2378730934752789, 0.029047665902920912]]"
"['Bi', 'Bi', 'Bi', 'Bi', 'Bi', 'Bi', 'Bi', 'Bi', 'Bi', 'Bi', 'Bi', 'Bi', 'Bi', 'Bi']","[[1.630972, -1.260588, 0.283832], [-1.098, -1.593029, -0.765217], [1.098075, 1.593207, 0.765215], [-1.631047, 1.260411, -0.283829], [0.760755, 4.987388, 6.049485], [0.893216, 3.527714, 3.497991], [0.56094, 2.434421, 7.499413], [0.69356, 0.974929, 4.94762], [-3.192756, 4.142123, -0.801188], [-1.963303, 5.884794, -2.828466], [-4.940986, 2.978021, -2.862357], [-3.711182, 4.720831, -4.889559], [0.389082, 0.143813, -5.193925], [1.194473, 0.870431, -2.549759]]",[-81777.3092292795],"[[-0.14390821998280642, 0.004645040321793531, 0.13785321727742444], [-0.05680685874159427, 0.37207410812047903, 0.10318835121460611], [-0.18048202835126884, -0.2506551856229652, -0.5715514056785096], [-0.02339437771915416, -0.10599373484272662, 0.11205516530955584], [0.03159692637731054, -0.10346963005553687, -0.5055679147402091], [0.02865259511553754, 0.18836698902963134, 0.17357706989419677], [-0.017492916237014444, -0.23299190285434426, -0.1224182080031459], [-0.0170738827549558, 0.005704977670220796, 0.340978860810811], [0.03545024595190497, -0.22737151966697813, 0.047013392845366105], [0.05215382794099045, -0.03272273593926993, 0.030026603686915683], [0.01814851705137693, -0.00186970519288652, 0.012728201795712728], [-0.042969528710429986, -0.0025601300761073486, -0.0463783917208897], [-0.27283312234375406, -0.222973593862692, -0.3961828415358325], [0.5922256575973792, 0.6191240394808305, 0.6910445194243418]]"
"['Bi', 'Bi', 'Bi', 'Bi', 'Bi', 'Bi', 'Bi', 'Bi', 'Bi', 'Bi', 'Bi', 'Bi', 'Bi', 'Bi']","[[-1.455075, 1.117063, 0.982162], [-1.140817, 0.043473, -1.739411], [1.140918, -0.043558, 1.739552], [1.454974, -1.116978, -0.982303], [5.57472, 1.463415, 2.692232], [3.313835, 2.327386, 4.365631], [4.844328, -1.348994, 3.157786], [2.583309, -0.484666, 4.831131], [-1.606017, 6.379964, 1.561702], [1.279189, 6.613079, 2.090436], [-1.876763, 4.547301, 3.848162], [1.008623, 4.780727, 4.376759], [-4.290253, 2.481799, 2.049259], [-7.046465, 2.99301, 1.492301]]",[-81777.25937269413],"[[0.630832849733104, -0.434284708777622, 0.026778912938088394], [0.08471115958049111, 0.05768699926104053, 0.16724906730462805], [-0.4815859882026866, 0.1486954624424284, -0.2795628857348204], [-0.10911947810137708, 0.18586993226261153, 0.21909240865667154], [-0.2588083125089062, 0.10139336026389853, 0.13097931776366542], [-0.010257884516313398, -0.0008452475449852144, -0.18212568408646285], [0.020699839551638826, -0.05774706026400345, 0.2131323825544338], [0.11582831270117126, 0.041841641695970856, -0.25783355534095664], [0.08888344524693371, 0.044956982265495105, 0.08388336675027107], [-0.038183196421828956, -0.03699780408235832, -0.07280982501735], [0.4216955008954441, 0.00831944135673112, 0.021433884766703305], [-0.043255687507851505, -0.016331178059669618, 0.06917418029861372], [0.23989115345925116, -0.13855996250407024, -0.12625265052792212], [-0.654003129977162, 0.10408206716622892, -0.006355621394955179]]"
"['Bi', 'Bi', 'Bi', 'Bi', 'Bi', 'Bi', 'Bi', 'Bi', 'Bi', 'Bi', 'Bi', 'Bi', 'Bi', 'Bi']","[[1.27696, 0.850998, -1.405308], [0.282874, -1.866986, -0.873642], [-0.282978, 1.867133, 0.87371], [-1.276856, -0.851145, 1.40524], [-2.325387, 0.24536, -2.857827], [-3.031166, -2.584717, -2.469429], [0.135731, -0.560416, -4.255498], [-0.57042, -3.390575, -3.867039], [2.491665, 1.495669, 2.79935], [1.760616, 4.26744, 2.135148], [4.795915, 1.666917, 0.976998], [4.064647, 4.438879, 0.31305], [6.113408, -1.429904, 1.536755], [7.285908, -3.527027, 3.084516]]",[-81776.55589707018],"[[-0.5528625607154601, 0.3916929216097136, 0.6588008111213743], [-0.5203103198630257, 0.4538993056553471, -0.4044986679195257], [0.10770475351788761, -0.10767734554307662, -0.7745745649833815], [0.3899763493486622, 0.05769568959451719, -0.5451502754206161], [0.4457225246072804, -0.3562378522656186, 0.26271623720254705], [-0.0513827742466174, -0.18399965936983398, -0.06685915773577947], [-0.044507460625339966, -0.25214858600656875, 0.4256186979502837], [-0.12083435616045693, 0.12454266029459271, 0.06277716926214755], [0.32422338364690517, 0.43523169801611944, 0.1867851426485139], [-0.008712033599300438, -0.4747171794759937, 0.10173233469157962], [-0.21158694301415348, 0.5005791491036936, 0.10099648456110076], [0.13887944795904336, -0.4436272800638498, 0.04457719926593783], [0.1486970565272673, -0.16125222298482061, -0.03757120668333363], [-0.04552014672803727, 0.0037727684108004988, -0.02459659536698906]]"
"['Bi', 'Bi', 'Bi', 'Bi', 'Bi', 'Bi', 'Bi', 'Bi', 'Bi', 'Bi', 'Bi', 'Bi', 'Bi', 'Bi']","[[-1.101443, -1.688059, 0.516714], [-1.19284, 0.262646, -1.684356], [1.193007, -0.262665, 1.68445], [1.101276, 1.688078, -0.516809], [-2.358092, 1.296136, 4.473671], [-3.642766, 2.92226, 2.384737], [-3.175021, -1.156094, 3.066881], [-4.459573, 0.470394, 0.977906], [4.454107, 7.752764, 2.692567], [1.888395, 7.364949, 1.30511], [4.938999, 4.851502, 2.606446], [2.373141, 4.46399, 1.218801], [4.694092, -0.604593, 3.176995], [5.100554, 1.625861, 1.436849]]",[-81777.19272401565],"[[0.3470150944527671, 0.12985301969183602, -0.15763904972010384], [0.2693493784835387, 0.0010627239115698693, 0.21250688423248099], [-0.33032836862530085, -0.014369888064799306, -0.426436103518005], [-0.7267237376656246, -0.1113081565852046, 0.05281023093998155], [-0.027083851083354128, -0.03410043661682336, -0.07111310168364768], [0.07532698782217676, 0.28909026801817905, 0.14546692642271386], [-0.06416443444873444, 0.18602697533029025, -0.12385941496379799], [-0.09870917850562697, -0.2825618221156399, 0.05934145363546589], [0.29859121934646665, -0.39051196185453696, 0.11942991599528302], [-0.016834338083549602, -0.44229740193146383, -0.02322669027851883], [-0.4099610824415647, 0.5703424723055146, -0.23225769823079587], [0.07837184413077526, 0.32050592638046854, 0.020487286336101834], [0.3217422677282745, -0.34793102474795157, 0.5331550441182538], [0.2857921064864681, 0.1236085265789897, -0.10655197306889562]]"
"['Bi', 'Bi', 'Bi', 'Bi', 'Bi', 'Bi', 'Bi', 'Bi', 'Bi', 'Bi', 'Bi', 'Bi', 'Bi', 'Bi']","[[-1.218503, 0.353162, -1.649315], [-1.171436, -1.640867, 0.514004], [1.171525, 1.641034, -0.513971], [1.218414, -0.353329, 1.649283], [4.29141, -0.690595, 0.320291], [6.294523, -2.78213, 0.841187], [2.418249, -2.731903, -0.671772], [4.421637, -4.823359, -0.150618], [-4.728395, -3.494358, -2.473515], [-5.325973, -0.675903, -3.071447], [-4.371994, -2.815839, 0.36769], [-4.969771, 0.00269, -0.230563], [4.278009, 1.981267, -1.892964], [2.590215, 3.019038, -3.952727]]",[-81777.55447027447],"[[0.43337731454963946, -0.11058012261264556, 0.39966082612179116], [0.324484556450029, 0.25764565901833125, 0.08811211387326615], [-0.8072023963104353, -0.41391960647331816, 0.21484715504227994], [-0.5608350417936881, 0.23438338465244052, -0.7313815507207451], [0.05987644907624171, -0.6960016090524453, 0.21251876273563544], [-0.5471547085503201, 0.3348063072040821, -0.2449014649521378], [0.4505300273709841, 0.006054231374008313, 0.04167367143383185], [0.04705772897272451, 0.09499038426480931, 0.029303387964337502], [0.06740952838193706, 0.0450336114663644, 0.07939642930546369], [0.02162993663305297, -0.009859322168911893, 0.06597279514325227], [0.12822211663535332, 0.06980646633665481, -0.0805342459258065], [-0.21263574799397505, 0.043077232281239775, 0.06766699879446729], [0.6838166302321609, 0.05638997984517273, -0.13721023544433517], [-0.1065335125380192, 0.1019739670999039, -0.01913927163201629]]"
"['Bi', 'Bi', 'Bi', 'Bi', 'Bi', 'Bi', 'Bi', 'Bi', 'Bi', 'Bi', 'Bi', 'Bi', 'Bi', 'Bi']","[[0.150739, -1.94667, 0.719353], [1.043228, 0.694429, 1.660828], [-1.043375, -0.694433, -1.660952], [-0.150592, 1.946674, -0.719229], [-2.948471, -5.947352, -0.621006], [-3.891873, -6.226602, 2.152137], [-3.08604, -3.018315, -0.37266], [-4.029361, -3.297895, 2.400665], [-1.294496, 6.222163, -3.778238], [1.619379, 6.168876, -4.184203], [-0.926484, 5.280633, -1.014554], [1.987534, 5.227568, -1.420801], [7.063013, 5.11739, -0.703546], [5.099658, 5.433389, -2.756258]]",[-81777.42934866696],"[[0.15293007168386333, 0.040140871443661345, 0.02416804365577936], [-0.21870982829533242, -0.034050356641835706, -0.33965062818535546], [0.10818251617073729, 0.37033501298331656, 0.3142471893482552], [-0.19347896199756734, -0.5478303948336529, 0.05681385214604885], [-0.0044430291492509105, 0.3106549448748106, 0.10428904108482971], [-0.009918606698291983, -0.010398405665968157, 0.006199236530048658], [0.028308781869038964, -0.021104243448643572, 0.11429248909201598], [0.05362372842874295, -0.050768912743988655, -0.2825076232311169], [0.05971626926097675, -0.030783588297033038, -0.09358141895557656], [-0.11396868418135034, -0.01694441221278112, 0.2745354506854384], [0.44726760419291967, -0.15180053402026455, 0.0618876699220341], [-0.6742469789895252, 0.17217525225569336, -0.09983619648673843], [0.5659212008716521, -0.11669168961876317, 0.7137612568206833], [-0.20876803537594799, 0.08720363978136049, -0.8644156438417694]]"
"['Bi', 'Bi', 'Bi', 'Bi', 'Bi', 'Bi', 'Bi', 'Bi', 'Bi', 'Bi', 'Bi', 'Bi', 'Bi', 'Bi']","[[-1.095514, -0.955763, 1.48865], [-1.516316, -0.394404, -1.368991], [1.516498, 0.394403, 1.369055], [1.095333, 0.955763, -1.488714], [-0.67725, 1.501157, 6.761526], [0.210935, -0.261164, 4.578943], [1.81316, 3.050701, 6.523551], [2.701073, 1.288185, 4.340777], [9.693593, 3.881045, 4.679152], [7.890815, 2.090331, 6.162947], [7.414427, 4.866821, 3.100069], [5.611766, 3.075986, 4.58421], [-0.345008, 3.146903, -3.648772], [0.699351, 5.050239, -1.790045]]",[-81777.46557350663],"[[0.30245517815180856, 0.08611945640253335, -0.2919746874010547], [-0.1184809727173056, -0.04470086939618253, 0.4881877105857241], [0.07550845638335495, -0.13292939774257176, -0.4745034692633962], [0.28574099292743976, -0.21351048919380564, 1.20488902549237], [0.1467373606172359, 0.11991626613742622, 0.09738634519978709], [0.37767006581434565, 0.5002056704525638, -0.43101153838241785], [-0.1834775708740442, -0.2857076714120973, 0.07906815067283075], [-0.555751968041219, -0.04285512484108762, -0.03825153123932674], [-0.011353216204594606, 0.010254804333027888, 0.02858774671584873], [0.002257114088624792, 0.04550428815499467, -0.058163527783692354], [-0.08641019690831445, -0.12566767281413263, 0.06770988481884321], [-0.0007806089474300407, -0.03163061298950318, -0.13896167188347633], [-0.591321143006525, -0.10810209201950956, -1.2355530471420664], [0.355160302336605, 0.2169002334706167, 0.7096166362395094]]"
"['Bi', 'Bi', 'Bi', 'Bi', 'Bi', 'Bi', 'Bi', 'Bi', 'Bi', 'Bi', 'Bi', 'Bi', 'Bi', 'Bi']","[[-0.63539, 1.498359, -1.296501], [1.455785, 1.276499, 0.761672], [-1.45585, -1.276663, -0.76175], [0.635456, -1.498195, 1.296579], [-4.636987, 1.479338, -4.230468], [-3.726543, 2.778192, -1.752085], [-6.232966, -0.420514, -2.648295], [-5.322397, 0.878704, -0.169939], [-6.103256, 2.49707, -10.674696], [-7.90866, 3.495599, -8.576657], [-5.181648, 0.365714, -8.866985], [-6.987353, 1.364455, -6.769059], [-3.467778, -5.868503, 2.347782], [-3.211285, -3.874707, 0.316223]]",[-81777.2851876338],"[[0.03957310470392296, -0.3980275576490958, 0.15979044718753743], [-0.21286313648293223, -0.02018726414279094, -0.1590702807949898], [0.39658743055236695, 0.5419286813832646, -0.0017357742984883782], [-0.19437787158043954, 0.00921053478168347, -0.17466608694963223], [0.03554945973539526, 0.11553073305721032, 0.34107692273944995], [-0.14573231583734705, -0.17739444028456913, -0.34803258337881776], [0.10511678249295818, 0.0024736010941674895, 0.014619213218023609], [-0.03674555815433239, 0.1020987685161633, -0.016666295830482385], [-0.024823022262833755, -0.05939626958508786, 0.09962716568447452], [0.08734201662979645, -0.1216724848310841, 0.04109455583848224], [-0.0269627057778059, 0.08301376775959826, -0.0017894959860015771], [-0.0008237412836246155, 0.14079368674011994, -0.11819845974617696], [-0.2033218702348476, -0.7279254719457986, 0.5682238821325076], [0.170518483887147, 0.5066751352160631, -0.41366290739216166]]"
"['Bi', 'Bi', 'Bi', 'Bi', 'Bi', 'Bi', 'Bi', 'Bi', 'Bi', 'Bi', 'Bi', 'Bi', 'Bi', 'Bi']","[[0.365251, 1.675123, 1.179098], [1.934425, 0.111777, -0.7579], [-1.934617, -0.111789, 0.757887], [-0.365059, -1.675111, -1.179085], [-5.993261, -4.361373, 4.643729], [-4.052768, -2.173263, 4.319729], [-5.380546, -5.307033, 1.925243], [-3.43991, -3.118766, 1.601564], [0.32472, -3.084159, 4.840355], [0.774551, -1.323933, 2.525713], [2.200215, -1.469447, 6.43255], [2.649773, 0.290786, 4.117636], [3.108353, -4.618742, 3.677103], [4.495175, -6.791758, 2.443017]]",[-81777.80790909303],"[[-0.47282957733835446, -0.4330311410291374, 0.12009752901023808], [0.09422707473742789, -0.11065648441863864, -0.1548274440189024], [0.368056808638052, 0.2350369080143033, 0.0888953237500882], [0.21309412451829987, 0.036278018213288375, 0.14996713076714832], [0.02888657077442586, 0.07054632739027675, 0.05285321980854063], [-0.18597776438865027, -0.06071905146883616, 0.0635909752834584], [0.2552977777389787, 0.2381557607126823, -0.058036309529128784], [-0.23593772021456383, -0.1167630634818732, -0.015824912141458328], [0.40285192685883703, 0.5643214596026656, -0.5570992268405582], [-0.26551498738085405, 0.010510546963281105, 0.6417965538784148], [-0.13168482886011335, 0.36392874597036634, -0.09258722423701063], [-0.1465515211782736, -0.10036054755455764, 0.006201745928117656], [-0.28319081713982003, -0.6728889215509545, -0.17264962105049889], [0.3402250643703715, -0.013444768641849899, -0.07671852104236462]]"
"['Bi', 'Bi', 'Bi', 'Bi', 'Bi', 'Bi', 'Bi', 'Bi', 'Bi', 'Bi', 'Bi', 'Bi', 'Bi', 'Bi']","[[0.033731, 2.075642, -0.14244], [-1.537971, -0.070971, -1.399469], [1.538056, 0.070931, 1.399637], [-0.033816, -2.075602, 0.142271], [3.274819, -4.607925, -2.459838], [1.785234, -5.766768, -0.202288], [4.190455, -2.411854, -0.728151], [2.700787, -3.571073, 1.529381], [1.330185, -8.217679, -2.557577], [-1.399696, -9.100533, -3.210747], [1.663114, -7.215577, -5.304358], [-1.067012, -8.098477, -5.957235], [4.495555, -12.663538, -1.931975], [1.936168, -11.394867, -1.841122]]",[-81777.60702651853],"[[0.23652007540168285, -0.10213424975935202, 0.19406142002886953], [0.30007598081868514, -0.5206363359236292, 0.16290667735924597], [-0.08740043212582888, 0.33158147357496115, 0.03490652418218839], [-0.16039969612855162, 0.1197510983792782, -0.17885457057492185], [0.08555792716250336, 0.20392679972016928, 0.11914791724507016], [0.1651238951038992, 0.20894955535921775, 0.18651733639557652], [0.016585619711005917, 0.025227621563786495, -0.22744484756956812], [-0.4743859697841409, -0.2640128452416823, -0.2960865521098934], [-0.3959429060565303, 0.3273839910836454, -0.2895254531792023], [0.2802364637123985, 0.2987614778916809, 0.12783737654616795], [-0.10471209063224059, -0.08755675528422549, 0.3153376976443464], [-0.11217353896436802, -0.09860777414103546, -0.2096320293586388], [0.7946682614883375, -0.4773401689452877, 0.06286047305050363], [-0.5447615244082876, 0.04996840961776897, 0.0008334065799575858]]"
"['Bi', 'Bi', 'Bi', 'Bi', 'Bi', 'Bi', 'Bi', 'Bi', 'Bi', 'Bi', 'Bi', 'Bi', 'Bi', 'Bi']","[[0.849381, -1.056542, -1.578603], [1.820761, -0.039573, 1.006066], [-1.820951, 0.039546, -1.006084], [-0.849191, 1.056569, 1.578621], [2.395058, -1.298, 4.217395], [4.939598, -0.176713, 5.179864], [1.74106, -2.161887, 6.953422], [4.285764, -1.040326, 7.915675], [-0.670301, 3.863467, -4.925395], [2.247685, 3.484578, -4.936183], [-1.03684, 1.020229, -4.260939], [1.881365, 0.641652, -4.271673], [7.03081, 4.821006, -6.69126], [4.948443, 2.875185, -6.905203]]",[-81777.69578553054],"[[-0.08682625305127073, 0.17182028555753154, 0.08462111949813832], [-0.09791732971741984, 0.017263784539152758, -0.040830071452660786], [0.2598302751569241, 0.012056526435523011, 0.20111889640956143], [-0.01829884439389558, -0.11943084159293144, -0.23529988059063234], [0.012418203716635733, -0.034340562357864396, 0.22300691537803444], [-0.10685181528488599, -0.08685540937719537, 0.01576708799947905], [0.06492887526213059, 0.07996778016498504, -0.30893503017780666], [0.05437757629127404, 0.029987497186270737, 0.06550927640976965], [0.39878557070104476, -0.02572478577178851, 0.18306223464037003], [-0.8489345089513454, -0.3716249875726382, 0.0900886248072435], [0.19450236446414948, -0.015530741782168993, -0.1627926745822179], [-0.32679783066174967, 0.35117164495918685, 0.02598270355651547], [0.3970710039015649, 0.35446492139219793, -0.012135428492840045], [0.09703076143652634, -0.3615399841282095, -0.12501893170678663]]"
"['Bi', 'Bi', 'Bi', 'Bi', 'Bi', 'Bi', 'Bi', 'Bi', 'Bi', 'Bi', 'Bi', 'Bi', 'Bi', 'Bi']","[[-1.792317, 0.605293, 0.866564], [-0.563639, -1.990176, 0.224533], [0.563757, 1.990327, -0.224514], [1.7922, -0.605444, -0.866583], [-3.319845, -2.552821, -1.618508], [-4.716668, -0.147542, -2.578629], [-5.848429, -3.582789, -0.520652], [-7.245088, -1.177314, -1.481062], [1.808987, -0.80057, 2.608055], [0.404767, 1.320446, 4.087166], [3.759965, 1.173454, 1.629909], [2.355526, 3.294362, 3.109318], [3.446999, 0.563125, -3.564026], [5.231972, 1.579945, -1.57702]]",[-81777.476014549],"[[-0.22608061948000813, -0.3620896862871765, -0.010705560103380897], [0.521207635361059, 0.46349271390429175, -0.5582515959128176], [0.048815212649835224, -0.4386642768952148, 0.13542640308749995], [-1.4530746651673099, -0.2065282433330921, 0.4648858412093185], [-0.19795684915425704, 0.001819779998394513, 0.08385117652094334], [-0.10052972623584874, -0.20175226231152568, -0.027463603229656464], [0.16052310914833845, 0.1897204699020516, -0.13143671726825026], [0.1014994440388236, -0.02237053816479362, 0.004906477434468079], [0.25709899076276727, 1.0675267349232394, -0.14502238244102345], [0.34019035445855644, 0.04770157983916146, -0.11301341598610884], [-0.20636040162618205, -0.1843444444938634, 0.8886323636494362], [0.28118982929025166, -0.5635722397283766, -0.24625083205723183], [0.4053003897493158, -0.02737457616250775, 0.014913599550097573], [0.07029626175893372, 0.24302409581072254, -0.3845046788501392]]"
"['Bi', 'Bi', 'Bi', 'Bi', 'Bi', 'Bi', 'Bi', 'Bi', 'Bi', 'Bi', 'Bi', 'Bi', 'Bi', 'Bi']","[[1.825299, 0.420928, -0.905989], [-0.711937, 1.871597, -0.564956], [0.711975, -1.871739, 0.56508], [-1.825337, -0.420786, 0.905865], [1.894174, 4.235093, -3.964066], [3.186338, 4.42, -6.601193], [3.576989, 1.913385, -3.302504], [4.869138, 2.098632, -5.939811], [4.59164, 2.918089, 0.346868], [2.326986, 2.011673, 1.992489], [5.633271, 4.457298, 2.628468], [3.368438, 3.550559, 4.27398], [8.382841, 1.968484, -1.967207], [6.496151, 0.360316, -3.389332]]",[-81777.54704850525],"[[0.027521355380707536, 0.032830470363334655, 0.18231306618817247], [0.03478764144866958, -0.026475538024406626, 0.019040716051298204], [0.19140253793965425, 0.2978091921777509, -0.12344567281496269], [-0.07061590148018157, 0.014622812764434058, 0.0036640734220650967], [0.10626205531657977, -0.3152967142373589, -0.009409769675501806], [0.04128006103384929, -0.08575492519533806, -0.09303752749295777], [-0.04511183989428177, 0.3392694876425805, -0.2969473579229064], [-0.33592386352034326, 0.4298720248330529, 0.5020294577745549], [0.03921068180248236, 0.23534214954990934, 0.390972138152067], [0.28317245945312675, 0.10407512518386591, 0.1536717325106905], [-0.07500128029412273, -0.22221126135505054, -0.3240235059769421], [-0.3243657714184842, -0.3069992969624505, -0.4248382134443152], [0.6343177248793341, 0.7337629077817147, 0.36930132609841887], [-0.507656782944284, -1.2403898090758778, -0.3442874610271123]]"
"['Bi', 'Bi', 'Bi', 'Bi', 'Bi', 'Bi', 'Bi', 'Bi', 'Bi', 'Bi', 'Bi', 'Bi', 'Bi', 'Bi']","[[-1.795928, 1.001502, 0.31836], [-1.023895, -1.525588, -0.976282], [1.024016, 1.52566, 0.976413], [1.795806, -1.001575, -0.31849], [4.537668, 7.332129, 0.559504], [4.985596, 5.137004, 2.467147], [3.470979, 5.412181, -1.399025], [3.918929, 3.217149, 0.508992], [5.075005, -6.399211, -0.332554], [3.242898, -4.1549, -0.847111], [4.95452, -7.149153, -3.175604], [3.122417, -4.90455, -3.68991], [-5.637665, -0.104941, 2.182755], [-4.855884, 2.298463, 0.848322]]",[-81777.58631069027],"[[0.6716753601897176, -0.12805484057145058, -0.11236241230673343], [0.26606957463852104, 0.11887579153644023, 0.2139233571670841], [-0.5056732786058521, -0.5336430397673275, -0.1258179281657231], [-0.08415451543916101, -0.002054829864775894, -0.0882082731845167], [-0.04315158348345217, 0.015499019493874626, -0.023981582009508964], [-0.03451236356582595, -0.1028753449431718, -0.16361506809282225], [0.09012785986311739, -0.039604898983145544, 0.08846569217495535], [-0.01027101771850238, 0.21506040245605326, 0.10113100475266838], [-0.12181250718645055, 0.18364988630292153, -0.03513275567408509], [0.052297706953225234, -0.06965420552349284, 0.0010971623147413788], [0.011427454278205532, -0.019829484656219816, -0.01828668821144658], [0.023695047830818935, 0.008405203121064637, 0.09280581954830802], [-0.09970224193817817, -0.9700031955831225, 0.5010454446301215], [-0.2062776634808333, 1.3169830144810672, -0.43508108270988793]]"
"['Bi', 'Bi', 'Bi', 'Bi', 'Bi', 'Bi', 'Bi', 'Bi', 'Bi', 'Bi', 'Bi', 'Bi', 'Bi', 'Bi']","[[-0.359304, -2.04728, -0.096239], [-1.959042, 0.371669, -0.594072], [1.959234, -0.371652, 0.594062], [0.359112, 2.047262, 0.096248], [-0.902009, 3.927616, -4.060152], [1.271041, 4.469351, -2.151568], [-1.279312, 6.819776, -4.451193], [0.893994, 7.36123, -2.54255], [-0.914092, -4.599777, 2.034383], [-3.501101, -3.593229, 1.058394], [-1.240421, -7.02412, 0.398555], [-3.827491, -6.017191, -0.577414], [-3.068457, 0.186812, -3.823541], [-5.55329, -0.087203, -2.438345]]",[-81777.65360883273],"[[-0.17126019613606572, 0.7705343312481108, 0.18590299666749607], [0.9570972790389167, -0.22914712448916086, 0.7960602575073495], [-0.26840809709720637, -0.044385348584470075, -0.13576522324890633], [-0.4017515455211629, -0.401997703073546, -0.13251390724262282], [0.07394800159233388, 0.30301881569759326, -0.07391683980483771], [-0.08839226142818221, 0.3055126842949352, -0.11311003809618361], [-0.012675679271375124, -0.24152041100880337, -0.023119814603383453], [0.10854756159884836, -0.361538338621279, 0.20929948269240495], [-0.14529867333907115, 0.008263766658179796, -0.19298952652992948], [0.10649191206593273, -0.10393098906117323, 0.17751106558826768], [-0.011160630187217288, 0.07142317689586204, 0.05081342884866758], [0.04406391423222617, -0.02772047714592439, -0.05701912913562757], [0.3508269626793406, 0.025818805924029426, -1.1823589502884564], [-0.5443280361762864, -0.08514500776713332, 0.4840846904766369]]"
"['Bi', 'Bi', 'Bi', 'Bi', 'Bi', 'Bi', 'Bi', 'Bi', 'Bi', 'Bi', 'Bi', 'Bi', 'Bi', 'Bi']","[[1.512236, -0.014042, 1.429216], [-0.935066, -1.583037, 0.973936], [0.935142, 1.583128, -0.974088], [-1.512312, 0.013951, -1.429064], [-1.664566, -4.422192, 2.62521], [0.735021, -3.179783, 3.789992], [-0.010566, -5.64124, 0.518539], [2.389005, -4.39873, 1.683692], [6.642408, 5.834971, 0.216675], [3.708123, 5.87591, 0.432564], [6.609207, 2.894411, 0.325596], [3.67474, 2.935665, 0.541357], [-0.92242, 3.712413, -2.969653], [-1.873971, 6.303142, -2.227412]]",[-81777.68676481328],"[[-0.16794090012471627, 0.1428889312835505, -0.49334694045582017], [0.06164716879972455, -0.13067947554767503, -0.0419953680387428], [0.06795064305161065, -0.4501495553153997, 0.5511517477286656], [0.555985938557898, -0.28707195092374893, 0.5632246263893103], [0.10541518489038437, 0.1717419182899669, -0.011670310532309344], [-0.2032577983087416, -0.0652796767708746, -0.057824656200194405], [-0.09179907783939711, 0.10915701622822889, -0.020763124719743672], [0.028776450365311925, 0.01410067798876185, -0.02381683077030273], [-0.04703818343571578, -0.010747674796383147, -0.0226454458085779], [0.09355483373423082, -0.11054201884278639, 0.004161269511763884], [-0.21519631104409348, 0.04198847233626221, 0.026407300908882835], [-0.016137260210120432, 0.05333591898218178, -0.10053430280199917], [0.10040250798128517, -0.32021878542109794, -0.6239921688905044], [-0.2716647095789224, 0.8441070029940181, 0.24751365578220036]]"
"['Bi', 'Bi', 'Bi', 'Bi', 'Bi', 'Bi', 'Bi', 'Bi', 'Bi', 'Bi', 'Bi', 'Bi', 'Bi', 'Bi']","[[1.252454, -1.171523, 1.178392], [1.495908, 1.437085, -0.161088], [-1.496086, -1.437148, 0.161127], [-1.252276, 1.171586, -1.17843], [4.758716, -1.883667, -2.49022], [2.171172, -1.950403, -3.889676], [3.541253, -3.232224, -0.175261], [0.953716, -3.298933, -1.575101], [-1.324097, -2.508846, -7.657012], [-3.044689, -1.937954, -5.339264], [0.552569, -0.419392, -6.778282], [-1.168264, 0.151222, -4.46042], [5.995778, -5.467281, 0.555872], [8.849423, -5.369436, 0.431864]]",[-81777.10390144053],"[[-0.5857176776872881, -0.06927121378542112, -0.04493430512310928], [-0.2025645770921808, 0.11264322834884, 0.005016755709403162], [0.5530800761628345, 0.0027767461510999065, 0.3699654938332382], [0.19474322554110007, 0.16027952270053422, -0.09229735790678636], [-0.5098794514306445, -0.04959409278654642, -0.2107510769155557], [0.4713448672882276, -0.15316285949243622, 0.026821747540372733], [-1.0091755165052878, 0.2286375829837161, -0.38814495155711753], [0.850733767935654, -0.09334384889248694, 0.20301364621793005], [-0.05217521953108683, -0.08092669932872856, 0.008190567310818743], [0.1477979926781204, 0.07467475001260346, -0.0596620703764537], [-0.1468515690826303, 0.03574742450355161, 0.3302232618701157], [0.04796470668176526, -0.0014068996838140745, -0.12107989664774112], [0.2978317664759536, -0.14580554089575393, -0.1528276902995319], [-0.04972668464967987, -0.02209516772218514, 0.13386970210916407]]"
"['Bi', 'Bi', 'Bi', 'Bi', 'Bi', 'Bi', 'Bi', 'Bi', 'Bi', 'Bi', 'Bi', 'Bi', 'Bi', 'Bi']","[[1.348228, -0.564527, -1.480981], [0.039138, -1.931731, 0.771872], [-0.039223, 1.93189, -0.77194], [-1.348143, 0.564368, 1.481049], [1.050658, 6.888324, -1.399693], [-0.571853, 4.76261, -2.627336], [-1.162168, 7.517239, 0.435444], [-2.784492, 5.391244, -0.792385], [3.526572, -2.222165, -3.670357], [3.399001, -3.927655, -6.064797], [3.423881, -4.615133, -1.960674], [3.296443, -6.320474, -4.355443], [-0.611364, 0.759798, 4.732376], [0.327797, -1.6834, 5.879985]]",[-81777.73415359034],"[[-0.13003191714843532, 0.20862379640907217, 0.10594915188932863], [-0.13457732151136673, 0.14116773103425712, -0.11191617139602093], [-0.10282783093055388, -0.6154998104664244, 0.34998353753328093], [0.3022570488329592, 0.1888696399748047, -0.9679689376403032], [-0.030886782150411442, -0.07543600265632176, -0.03851351136928835], [-0.013644430339028327, 0.0535716378499746, 0.03745626288202969], [-0.0532112718321971, -0.03786727966001135, 0.05061344833452137], [0.030249631582507083, 0.06153038922975129, -0.049378500525397176], [0.03452424206898043, -0.05215969005943032, -0.036600141621559425], [-0.07000022477772011, 0.12021220027445667, 0.19448338971235724], [-0.009124315360734912, -0.0926228083243825, -0.1419599911991969], [0.06256782992733416, 0.0645163158214016, 0.06634457686536004], [-0.1813859258770241, 0.8279841204007028, 0.1557095899999202], [0.30338807773721366, -0.7892740840818222, 0.38387825493053795]]"
"['Bi', 'Bi', 'Bi', 'Bi', 'Bi', 'Bi', 'Bi', 'Bi', 'Bi', 'Bi', 'Bi', 'Bi', 'Bi', 'Bi']","[[-0.273842, -1.807131, 0.994487], [1.931788, 0.126669, 0.762269], [-1.931966, -0.126605, -0.762305], [0.27402, 1.807066, -0.994451], [1.940876, 5.774004, -2.2509], [1.050663, 3.429879, -3.790677], [1.706454, 7.446007, -4.661152], [0.81609, 5.101587, -6.20073], [0.602129, 2.334045, -8.282436], [-1.504242, 0.493664, -9.195952], [-1.177253, 4.622271, -8.790059], [-3.283603, 2.781525, -9.703455], [4.06412, 2.155378, -3.068928], [6.130421, 1.823611, -1.122501]]",[-81777.5879184091],"[[0.03393713548059962, -0.0013441940426813118, -0.06037241514950995], [-0.20587446286077146, 0.1353256157880074, -0.04467603766815959], [0.1298851070769806, 0.08117090284163171, 0.05915556277441201], [-0.12294245622678197, -0.12649880808030523, -0.1723311126152658], [-0.18588181076576601, -0.1809955807798567, -0.07804649655736229], [0.09668638768922956, 0.3648565033466137, 0.1574175747716781], [-0.17505560929333436, -0.24803553858962385, -0.34064626272248555], [-0.00906870236869348, -0.09738171721154508, 0.2837029811719353], [-0.21153207564243992, -0.10241331745034493, -0.024732997607108433], [0.2403645966564083, 0.09156814122612104, 0.08666622750228051], [-0.06154581585722464, -0.08245686650781027, 0.08321297694237081], [0.20859361164131598, 0.24476005420029873, 0.09627645077517104], [-0.5039768638046992, 0.11766500696814848, -0.5446417109349112], [0.7661464841737738, -0.20850933083321987, 0.49591315993601215]]"
"['Bi', 'Bi', 'Bi', 'Bi', 'Bi', 'Bi', 'Bi', 'Bi', 'Bi', 'Bi', 'Bi', 'Bi', 'Bi', 'Bi']","[[1.619821, 1.183642, -0.552166], [1.251566, -1.65793, 0.11729], [-1.251721, 1.658027, -0.117349], [-1.619665, -1.18374, 0.552225], [-3.89681, 4.497541, 4.353578], [-2.295367, 4.107083, 1.916113], [-2.820787, 7.223173, 4.623693], [-1.219461, 6.832444, 2.185981], [-1.375974, -6.867966, -2.074246], [-0.57681, -4.195256, -1.138155], [-4.165551, -5.956881, -2.29344], [-3.366016, -3.284072, -1.357391], [0.236655, -0.639586, -3.106288], [-0.018252, 0.306613, -5.791055]]",[-81778.21128664669],"[[-0.22700534295285238, -0.1649934886796578, 0.4079476504458344], [-0.2006691073745301, 0.3307224161130618, -0.4723180303713381], [0.07169046892788364, -0.2561640857157905, 0.49010354345163964], [-0.11736557612889072, 0.2587851725676961, -0.5043834582828052], [0.10101139696765833, 0.019123994128608515, -0.23190576543603716], [0.06992735967395432, 0.0016943707730126506, 0.07718281110722092], [0.016831309322355666, 0.06726796336382328, 0.08029683012899162], [-0.12451941750919951, -0.16610739402741692, -0.0057795705562636085], [0.2622551867294602, 0.4554775010679626, 0.08403423916696044], [-0.06708685475728614, -0.13213816601946354, 0.27691454517437863], [-0.17352904166066307, 0.34095890903927883, 0.034599302896056595], [0.09337094833474846, -0.33153298254260327, 0.17006401544178204], [0.48951563467863024, -0.6106404228123188, -0.17115370098440802], [-0.19747240162950225, 0.19812268539959557, -0.2225065270048905]]"
"['Bi', 'Bi', 'Bi', 'Bi', 'Bi', 'Bi', 'Bi', 'Bi', 'Bi', 'Bi', 'Bi', 'Bi', 'Bi', 'Bi']","[[1.609922, 1.052606, -0.793654], [-1.136487, 0.473814, -1.677141], [1.136523, -0.473825, 1.67733], [-1.609958, -1.052594, 0.793465], [-4.203355, -6.227313, 0.087756], [-2.582738, -7.786252, -1.810039], [-2.963034, -3.745187, -0.892302], [-1.342547, -5.304476, -2.790194], [0.022678, 5.360268, -0.851945], [0.927025, 7.895737, -2.040165], [2.724091, 4.241347, -1.183973], [3.628234, 6.777132, -2.372112], [4.480631, 3.923862, 1.850416], [3.627235, 1.392092, 2.865355]]",[-81777.95580664721],"[[-0.14247956001249937, -0.14155663631286033, 0.08435300471265147], [0.15187992972966075, 0.04914827867919404, 0.014756762170785169], [-0.5684403691380504, -0.0017101064472563848, -0.5520794022607297], [0.48462128000225163, 0.03193902212595042, 0.18285356379274714], [0.1831144280633215, 0.21590459893348665, -0.11072271607259092], [0.019746936772609913, 0.022825042605622656, -0.02997086728185447], [-0.038132273124539415, -0.22027635089315967, 0.026960520338913843], [-0.13134004373608393, -0.04052823405951719, 0.14278223044352653], [0.14619274924533504, 0.13464103348283166, -0.11180206577480972], [-0.15559769552864683, 0.054475843908279295, 0.08244920461616519], [-0.2125075012975799, 0.4824376923054903, -0.3813344040601824], [-0.09515910014727619, -0.6128592860639025, 0.17520169945550698], [0.6048528664052332, 0.5593391731496888, -0.04008944420987434], [-0.22969487260864804, -0.5414869656166109, 0.5271623135657726]]"
"['Bi', 'Bi', 'Bi', 'Bi', 'Bi', 'Bi', 'Bi', 'Bi', 'Bi', 'Bi', 'Bi', 'Bi', 'Bi', 'Bi']","[[-1.126716, -1.334443, -1.131144], [-1.233014, -0.348542, 1.639237], [1.233106, 0.348652, -1.639366], [1.126624, 1.334334, 1.131274], [4.768235, 3.12962, 5.566682], [5.287384, 5.094696, 3.438943], [2.275406, 2.331977, 4.221532], [2.79492, 4.297167, 2.093743], [-7.772816, 0.682853, -0.563976], [-7.158147, -1.239975, 1.576872], [-4.937474, 0.712385, -1.351263], [-4.323095, -1.21066, 0.789716], [1.863316, -1.904335, 0.777791], [2.623943, -1.371326, 3.480677]]",[-81777.59517134492],"[[0.24120776469201013, 0.11369779260291829, 0.3624996232012351], [0.1292546208121447, 0.31148170926319907, -0.20193388513897859], [-0.02106900388928528, -0.09988216783660901, 0.8209644906794121], [0.06130284647451935, -0.4603606971504688, -0.07773050780461647], [-0.17098179693226329, -0.21775219468387835, -0.14884952302879562], [-0.2597574100531583, -0.0676597997016464, -0.2410969500846599], [-0.011235397908371466, 0.3338169461621245, 0.017283633466501806], [0.16925031226465437, 0.03884162545122822, 0.3108734887640164], [0.10241311176197863, 0.06761279990994426, -0.12332621929622738], [0.3493770653852119, -0.056157449147057746, -0.07553853830692799], [-0.21336434760954143, 0.04173831414515435, 0.055554885077948646], [-0.1637279910059272, -0.031184552056111228, 0.22641301187996724], [0.1824989570492264, -0.3132949036343252, -0.6655515033037129], [-0.39415711966021516, 0.3446925128424709, -0.2576904476600955]]"
"['Bi', 'Bi', 'Bi', 'Bi', 'Bi', 'Bi', 'Bi', 'Bi', 'Bi', 'Bi', 'Bi', 'Bi', 'Bi', 'Bi']","[[-1.860791, 0.11505, 0.924086], [-0.787723, 0.906679, -1.69892], [0.787818, -0.906816, 1.699017], [1.860696, -0.114913, -0.924183], [0.678541, -2.920156, -2.360455], [-0.504703, -1.922947, -4.863217], [3.299407, -3.127818, -3.682497], [2.115837, -2.130405, -6.185232], [6.390994, -0.182234, 4.545752], [4.340875, -0.834994, 6.553047], [4.280688, 0.527498, 2.6215], [2.230676, -0.125255, 4.629165], [-3.528956, 0.389158, 5.793937], [-3.230201, 1.89602, 3.383884]]",[-81777.76151521558],"[[0.8031770749817222, -0.1902232751134997, -0.4617162349065521], [0.22183099498783246, -0.28947223131441924, 0.2501492436639309], [-0.42717437048678797, 0.14806513044386727, -0.3786464684892256], [-0.12618991557619716, 0.47445055593116264, 0.20496938262690995], [-0.040319378092364654, -0.35933994136214326, -0.23878038485907827], [0.08389555378597503, -0.0674822906415197, 0.049090855629529064], [-0.20682314902829102, 0.06512721026934631, 0.2275521654746911], [-0.08205644268069365, 0.054744164382132456, -0.06168738087533842], [-0.08407666239251217, 0.08692637186357279, -0.2534551699314701], [-0.36772888996006015, 0.04977712972151774, -0.1373043892940142], [0.2696035064601164, -0.03294290990877876, 0.22875446539787253], [0.2060050235512876, -0.10644604356024528, 0.12518008854179158], [-0.12442593214671102, -0.319454807406526, 0.6089625199641339], [-0.11704321103678927, 0.4862795910335453, -0.15264046246409696]]"
"['Bi', 'Bi', 'Bi', 'Bi', 'Bi', 'Bi', 'Bi', 'Bi', 'Bi', 'Bi', 'Bi', 'Bi', 'Bi', 'Bi']","[[-1.958745, -0.507232, -0.48554], [0.687135, -1.090078, -1.633548], [-0.687141, 1.090129, 1.633734], [1.958751, 0.507181, 0.485354], [8.242993, 1.934068, 1.20972], [6.343011, 1.153083, 3.316481], [6.081014, 3.32206, -0.225266], [4.181178, 2.540987, 1.881841], [0.151509, -3.856474, 2.787878], [-0.794165, -3.625628, 0.011059], [-2.615514, -4.282217, 3.694624], [-3.560931, -4.051438, 0.917525], [0.492216, -0.687051, 7.305876], [-0.634636, 0.307268, 4.874872]]",[-81777.07193895357],"[[0.17858748423126655, 0.09436082359762184, 0.12169552192811098], [-0.047763142367198454, 0.16470835318185867, 0.5274219951282407], [0.16721728845203296, -0.046998398163462005, -0.30552733959103495], [-0.30946981993021616, 0.11162244840892833, -0.17795735792107176], [-0.08317307339930641, 0.013680415518714498, -0.008893676995589994], [-0.02128458586601621, 0.0511978964007676, -0.09268148093087282], [0.02254928649732734, -0.045672813775722715, 0.07625279115894415], [-0.021617209665387455, -0.18889241996137368, -0.06410699597244202], [-0.17486843287999101, -0.166544790338378, 0.02689375389520918], [-0.40702966326698686, -0.012827821813726475, 0.03834225009328836], [0.023937091615875816, -0.18276624908124797, 0.02384441358022508], [0.5664955856345766, 0.09690765694928899, -0.18261789634704592], [0.024712151091182778, -0.04848254771279072, 0.35541849265841735], [0.06878707479321576, 0.1696061017162814, -0.3429046181404011]]"
"['Bi', 'Bi', 'Bi', 'Bi', 'Bi', 'Bi', 'Bi', 'Bi', 'Bi', 'Bi', 'Bi', 'Bi', 'Bi', 'Bi']","[[0.431771, -0.430711, 1.989416], [-1.256629, -1.656031, -0.085725], [1.256774, 1.656143, 0.085666], [-0.431915, 0.430599, -1.989357], [-0.874256, 4.884835, 3.850288], [0.621169, 5.71915, 6.24318], [0.121982, 2.136289, 4.186243], [1.617288, 2.970923, 6.579316], [2.732352, -5.906565, 2.524672], [4.166943, -3.43904, 1.809424], [1.343198, -4.472132, 4.686272], [2.77793, -2.004582, 3.970666], [4.040211, -5.761471, 9.715602], [3.694656, -4.979557, 6.988434]]",[-81777.5960262185],"[[-0.04512653632805471, 0.050453052546471776, -0.1852042732871364], [0.10241953952342585, 0.2670455145145768, 0.21650202079343794], [-0.08585211294842017, -0.18854007578988236, -0.08050699221727024], [0.0631918884307228, 0.03945354319879533, 0.020643609494498463], [0.08018961506805182, -0.17880931913433334, 0.13374772890794145], [-0.00962331533740625, 0.0608465782559492, -0.009394312194773506], [-0.0006075000756796602, 0.05565202140893918, 0.07783057519482695], [-0.1569463427244588, -0.09215275898526948, -0.32151364510911945], [-0.24608489296771016, 0.021833033325948797, -0.11172241295495565], [0.05840408032809349, 0.11149656712874577, -0.12725954650310775], [0.3816227791497509, 0.14444810052228216, -0.3591354871260298], [-0.057444749787617336, -0.20845729167654312, 0.10120901206559198], [0.3570028072999305, -0.18539330089577655, 0.4374536465931978], [-0.44609384353056397, 0.10837041249336271, 0.20671824796147223]]"
"['Bi', 'Bi', 'Bi', 'Bi', 'Bi', 'Bi', 'Bi', 'Bi', 'Bi', 'Bi', 'Bi', 'Bi', 'Bi', 'Bi']","[[1.512527, 0.641157, -1.277065], [-0.64224, -1.355904, -1.441512], [0.642218, 1.356047, 1.441639], [-1.512505, -0.6413, 1.276938], [2.723591, -1.061354, 2.475002], [3.150863, -3.702214, 3.700403], [3.954083, 0.22488, 4.818365], [4.381363, -2.416285, 6.04353], [-6.51488, -3.896929, 3.353612], [-8.294471, -2.771299, 1.298295], [-4.318345, -2.196046, 2.382997], [-6.098316, -1.070439, 0.327744], [3.602577, 2.912678, -3.341692], [0.885047, 2.413004, -4.072171]]",[-81777.43851045411],"[[-0.19991397395970956, -0.39076578129856515, 0.7916389860734869], [0.3954962537690852, 0.5833903138224752, -0.05258052845690335], [0.0783146627649407, -0.4151741512415427, -0.5191846902783869], [0.03464318136679997, -0.01515860010542018, 0.3013596304907427], [0.048861137719823394, -0.28412788191464294, 0.24866617912073447], [-0.10661748481356581, 0.4464734414105916, -0.19150527927862676], [-0.040415974491393614, -0.2102522312051591, 0.009871159534393112], [0.03196062968883143, 0.10033889885400338, -0.011221621930037763], [0.29349045639449467, 0.1878702516249894, -0.05712948094415361], [-0.05300198391947531, 0.028150278413959437, -0.06931965339568742], [-0.03340174408971865, -0.06365329885845074, -0.05380468276900535], [-0.08436030664965553, -0.05847725396440875, 0.066202189093781], [0.46385441689645024, -0.018272264314758997, 0.4881825169544748], [-0.8430425656983568, 0.10968913203187636, -0.9570294018780341]]"
"['Bi', 'Bi', 'Bi', 'Bi', 'Bi', 'Bi', 'Bi', 'Bi', 'Bi', 'Bi', 'Bi', 'Bi', 'Bi', 'Bi']","[[-1.52094, -0.044951, 1.419308], [-0.751394, -1.739086, -0.86017], [0.751531, 1.739197, 0.860247], [1.520803, 0.044839, -1.419385], [-0.60668, 2.96597, -5.914941], [2.283899, 3.385559, -5.55884], [-0.329053, 0.210404, -4.920136], [2.561649, 0.630356, -4.564], [-4.963782, -6.158092, -1.775495], [-3.063425, -4.106919, -0.859174], [-7.16457, -4.699327, -0.476112], [-5.263881, -2.648121, 0.440015], [5.031531, -3.41533, -2.060449], [4.763071, -0.585504, -1.763371]]",[-81777.49297207543],"[[0.10540783153128876, -0.17660053461269892, 0.15551531733793914], [0.13846801980432907, 0.5162253489080822, -0.0702559468391367], [-0.14618899543264985, -0.20090534046323869, -0.5236265305488805], [-0.5496116560859092, -0.30634057996933844, 0.1809222528772667], [-0.06320777785702035, 0.03963935692671185, 0.05508257316680621], [-0.017747717842991787, -0.17111348890879416, -2.1318061647633385e-06], [0.15006087324009473, 0.06268692349142843, -0.07454084688613476], [-0.3486090250254053, 0.0679254462267375, 0.24099451727823684], [0.18455527506933253, 0.2465221864344881, 0.05489159151868611], [0.039487924009224275, 0.008040697624915135, -0.10175727440599487], [0.08082688904897598, 0.047678923265612266, 0.03996617517194395], [-0.0626807528404391, -0.06756749704726418, -0.04525893792944933], [0.007571321915201789, -0.8802135388163127, -0.0782279136964489], [0.48940857388396514, 0.8026227448345132, 0.15792526508182608]]"
"['Bi', 'Bi', 'Bi', 'Bi', 'Bi', 'Bi', 'Bi', 'Bi', 'Bi', 'Bi', 'Bi', 'Bi', 'Bi', 'Bi']","[[-0.622754, 1.778228, 0.883061], [-1.91969, -0.775094, 0.207178], [1.919882, 0.775093, -0.207159], [0.622563, -1.778227, -0.883081], [0.125858, -0.017578, -5.994843], [-2.125567, 0.281034, -4.123953], [0.508216, -2.792066, -5.091584], [-1.743466, -2.493178, -3.220771], [0.606026, -4.492504, -9.013212], [-1.148856, -5.162842, -6.748404], [2.273134, -6.843047, -8.416926], [0.517894, -7.513243, -6.152126], [1.051649, -1.581308, 5.482121], [-0.251065, -0.775951, 3.069118]]",[-81777.5205427468],"[[0.245987345259987, -0.24860472972129893, -0.1814876901962566], [0.6527330043151894, 0.044801132190341, 0.24934628770394296], [-0.04186232880341262, 0.0006021763465386067, 0.03720241772695569], [0.0441720497486052, 0.49214505190937136, 0.15679346484619788], [-0.17911749172915933, 0.006097657330345798, 0.10030552591656935], [0.23432471204595023, -0.01295810996715724, -0.11242082780276583], [-0.21975133133814995, 0.13252120917962687, 0.2997916680743513], [-0.01196733481768125, -0.28888478534023404, -0.4657132226628059], [-0.05571943577099773, -0.06494445615587867, 0.0791726917850085], [0.05181238525291361, -0.1300788655180459, -0.11350768513035502], [-0.09334338609366274, 0.05166521522681784, 0.042551960757981316], [0.018266124517024605, 0.09477060624540563, -0.027777396259091904], [0.17663817558373388, 0.10397372081927442, -0.3343863944042575], [-0.8175639477633697, -0.17462140115205108, 0.2734725046304329]]"
"['Bi', 'Bi', 'Bi', 'Bi', 'Bi', 'Bi', 'Bi', 'Bi', 'Bi', 'Bi', 'Bi', 'Bi', 'Bi', 'Bi']","[[1.595518, -1.320904, -0.198111], [0.303679, 0.659151, -1.949924], [-0.303703, -0.659129, 1.950114], [-1.595495, 1.320882, 0.197921], [-2.312833, 0.293598, -4.159264], [-0.870871, -0.369674, -6.63699], [-3.136811, -2.518236, -3.886306], [-1.694567, -3.18127, -6.364141], [0.488219, -6.84563, -5.198559], [2.129092, -4.594201, -6.145615], [-1.077941, -6.751186, -7.688154], [0.563282, -4.499715, -8.635053], [0.709407, 3.790736, -0.665907], [-1.337701, 5.663435, -1.351903]]",[-81777.51483751427],"[[-0.23119608915017142, 0.1347147213400627, -0.2017111246382634], [0.25662724449463215, -0.26163971571536504, 0.4706670212770485], [-0.016668013328341086, 0.1826949780623211, -0.045034943298536266], [-0.2954893873603999, -0.618510059707391, -0.041780716801869434], [-0.006246925377777945, -0.011541853005338746, -0.27385883880445716], [-0.12294477022090299, -0.030879593342008863, 0.2849285753026015], [0.28521221955974485, -0.1734923262872765, -0.41019757264073115], [-0.11537898646496413, -0.014643978097327497, 0.039308455767408455], [-0.05834355652630637, -0.06061821274725202, 0.04222203661841791], [0.11664772373046411, 0.0737038495015223, -0.005683277547574949], [-0.014532906379519366, 0.130697627546002, 0.045206986190328244], [-0.20321753481103616, 0.06375845703572743, 0.18924296435965982], [0.789975481410944, 0.29354558087666605, -0.11696582078896461], [-0.39333508610425183, 0.2957663467456382, 0.021282945501294878]]"
"['Bi', 'Bi', 'Bi', 'Bi', 'Bi', 'Bi', 'Bi', 'Bi', 'Bi', 'Bi', 'Bi', 'Bi', 'Bi', 'Bi']","[[-0.132997, 1.449368, 1.487064], [0.803479, -1.337922, 1.37597], [-0.803483, 1.33802, -1.376136], [0.133002, -1.449466, -1.486898], [-5.505358, 2.067149, 0.556371], [-5.392207, -0.116458, -1.412732], [-3.769474, 3.707343, -1.163026], [-3.656607, 1.523476, -3.132122], [2.576219, 7.201965, -3.09059], [-0.257425, 6.832227, -3.792067], [2.815552, 4.321143, -2.539734], [-0.018254, 3.951672, -3.241435], [2.480565, -2.871114, -3.497066], [1.653389, -0.38418, -4.636883]]",[-81777.1633288344],"[[0.16325408500994584, -0.15680431490752078, -0.36977626053623175], [-0.14428848635002453, 0.051793461923212956, 0.07808110362499417], [0.2829585949742545, -0.8890442546029746, 0.49103587739403737], [-0.5082145069495373, 1.2022850107748684, 0.3835336240727833], [0.0412094122222305, 0.047155688057180296, -0.0014396211033478], [0.07163313329577435, -0.02886149222036335, -0.02199752745469714], [-0.21504667275760198, -0.12599456305029297, -0.11533903149980815], [-0.13922397597261488, 0.16475345035617242, -0.017823961378174248], [0.09003535152036886, -0.052966759786744484, 0.0718096139140695], [0.0006014497523846119, -0.44618784311396825, 0.031305260273881044], [0.0020995588569139604, 0.22229178835046146, -0.06356130473661799], [-0.018772051049431478, 0.29342869846250963, 0.07765080356267082], [0.19335020108025644, -0.11465969424797331, -0.23849746051121704], [0.18908335018740222, -0.16872292729343205, -0.3227153279672019]]"
"['Bi', 'Bi', 'Bi', 'Bi', 'Bi', 'Bi', 'Bi', 'Bi', 'Bi', 'Bi', 'Bi', 'Bi', 'Bi', 'Bi']","[[-1.796719, -0.988122, 0.353737], [-0.998711, 1.394041, -1.17819], [0.998848, -1.394171, 1.178228], [1.796583, 0.988252, -0.353775], [-5.432643, 3.418221, -3.375144], [-3.995637, 0.978061, -2.575803], [-6.188591, 3.891464, -0.570783], [-4.75131, 1.451175, 0.228321], [-0.842355, 5.0227, -2.736021], [-0.608409, 3.976721, -5.476369], [-3.483927, 6.143017, -3.389355], [-3.249738, 5.096744, -6.12976], [-1.693474, 2.502097, 4.243945], [-1.723487, -0.29964, 3.680376]]",[-81777.75854730014],"[[0.6555432216199183, 0.12535934595303194, -0.46766798205204585], [0.41248647278104383, -0.6507475973593692, 0.04661841975995673], [-0.09396384505064094, -0.02986561654481295, -0.34297825457554054], [-0.6278853354438624, 0.04945507830417489, -0.17642878482682892], [-0.13298601346539896, -0.5162099222806089, 0.23338353350380106], [0.012592550318130391, 0.3865275210886282, 0.21774730958517843], [0.3207887478841467, -0.3243237595696651, -0.22464398908550648], [-0.3823760613692746, 0.18445664749768623, -0.12633209765940986], [-0.10781572239151258, 0.17162483018744418, -0.007882934647954329], [0.017255757550657457, 0.0009322496101675899, -0.13825297261735056], [0.2602984733007403, 0.30705884374449766, -0.18811676913201358], [-0.02181737015685419, 0.03980578966831268, 0.31348603954872], [0.08215234488148632, 0.42993450267432004, 0.2107956598689537], [-0.39440816231129816, -0.18530968857487098, 0.65734453748789]]"
"['Bi', 'Bi', 'Bi', 'Bi', 'Bi', 'Bi', 'Bi', 'Bi', 'Bi', 'Bi', 'Bi', 'Bi', 'Bi', 'Bi']","[[-0.507707, 0.831014, 1.838848], [0.994406, 1.75279, -0.517484], [-0.994532, -1.752934, 0.517457], [0.507833, -0.830871, -1.838822], [0.561261, 5.639269, -3.964864], [-2.090721, 6.228332, -2.83424], [0.066831, 2.758527, -3.623221], [-2.585308, 3.34793, -2.492684], [-1.140794, 4.713843, 4.148383], [0.325365, 2.229699, 4.729519], [-0.712822, 5.613952, 6.917228], [0.753489, 3.129619, 7.498065], [-3.017865, -4.406497, -0.152036], [-4.689892, -3.29079, -2.183726]]",[-81777.33807294803],"[[0.13075943690007857, -0.19833361881924788, -0.16805526285638542], [-0.027694940935246836, -0.07740505738702033, 0.2914571240493238], [0.08166152101737587, 0.8343614881981861, 0.042572822700534446], [0.13743721255655975, -0.01828796347931771, 0.23593844012384593], [-0.043001076163613, -0.26384094118953755, 0.09837246664997529], [-0.014350867033124663, 0.08640253501666935, 0.037833639327701125], [-0.09468241735834963, 0.218206817395518, -0.24754600027780282], [0.030452100925885663, -0.031849804797062876, -0.07116678634725493], [0.05709348548004913, -0.005878516944877683, 0.0630320685700989], [-0.009342015927638845, 0.05458958957484947, 0.09611118017283986], [-0.05692260986973598, 0.04588745472817777, -0.04865932143700785], [-0.02771737639380225, -0.17780694830320656, -0.3528730991253144], [0.3220655069959328, -0.9499208119383139, 0.5190556208285265], [-0.48695635718080116, 0.48476248506572434, -0.4875237999613627]]"
"['Bi', 'Bi', 'Bi', 'Bi', 'Bi', 'Bi', 'Bi', 'Bi', 'Bi', 'Bi', 'Bi', 'Bi', 'Bi', 'Bi']","[[1.174334, 1.296438, 1.1269], [-0.123361, -1.2977, 1.621623], [0.123397, 1.297747, -1.621807], [-1.174369, -1.296485, -1.126717], [2.170086, -1.271208, -2.212212], [4.608815, -1.986615, -0.729272], [3.788003, -0.724252, -4.608677], [6.22669, -1.439884, -3.125427], [-4.401663, 3.221222, 0.674895], [-4.218597, 0.794842, -0.979638], [-3.583524, 1.670928, 3.038599], [-3.400411, -0.755404, 1.383687], [4.145849, -0.930675, 3.176932], [4.589271, 1.223681, 1.352002]]",[-81776.94926049431],"[[-0.6834458769518846, -0.44895969953838005, -0.2716608014999625], [-0.46553437662829816, 0.27571995856493386, -0.5725844754983084], [0.18730363159789323, -0.08144647383039734, 0.3238176633443561], [0.3992111913530345, 0.008780985481897163, 0.6584038325743934], [0.6435346205737458, -0.15169445024533948, -0.253926813355422], [-0.5957681254861765, -0.10203037713436477, -0.7565989444305167], [-0.1837943309581637, -0.1323172177423376, 0.6387256265693865], [-0.1005927182980316, 0.13024717002378014, 0.11686858161379092], [0.06517667832144419, -0.14923822261903247, -0.021670621791909355], [-0.08112811966143896, 0.0901582503192399, 0.12152022401792215], [0.006912584353253055, -0.28605050249664676, -0.22686156678480074], [0.07199555619721495, 0.4040257389432843, 0.03047985857091938], [0.06625062870404733, -0.03875556543876355, 0.08461608013316368], [0.6879885045218709, 0.5049856109751817, 0.14013378703890156]]"
"['Bi', 'Bi', 'Bi', 'Bi', 'Bi', 'Bi', 'Bi', 'Bi', 'Bi', 'Bi', 'Bi', 'Bi', 'Bi', 'Bi']","[[0.92513, 0.237267, 1.848663], [-1.76916, -0.536868, 0.954332], [1.769305, 0.536845, -0.954457], [-0.925274, -0.237245, -1.848537], [-3.842516, 1.514243, -2.269142], [-5.810862, 0.716826, -4.305819], [-5.253172, 4.071382, -1.907276], [-7.221558, 3.273588, -3.944022], [-5.971079, 7.311043, -2.242269], [-4.416829, 9.800365, -2.456504], [-7.367607, 8.386029, 0.114418], [-5.813204, 10.875435, -0.100161], [1.382045, 3.395579, 3.023211], [4.186372, 3.319026, 2.477195]]",[-81777.91543645594],"[[-0.36956388729801526, -0.5070906771381036, -0.4302386643460029], [0.4230516042945348, -0.02485121699564588, 0.18598496348147117], [-0.24094849450627467, -0.29491155731733976, 0.04641744679944307], [0.22295559613063973, 0.16510764572296058, -0.0421112425799043], [-0.3178789259880315, 0.6061445893456684, -0.10474381806274412], [-0.044263653062541965, 0.07973046721235331, 0.177420768395457], [0.12967551063170932, -0.3972602886206629, -0.08063714153105375], [-0.002830041549473925, -0.07216663749589441, -0.09347188990051576], [0.1942076130352253, -0.01802533543100222, 0.08940471098925826], [-0.11683705987165371, -0.12505996653586576, 0.04771770580708028], [0.066411939805327, 0.0063048626483586945, -0.09682394178420027], [-0.01656361619801976, -0.026953562929923364, 0.005742459232771883], [-0.9085142011370915, 0.6251841329732786, 0.48245095920511744], [0.9781546255400414, -0.02200414547788321, -0.1841467779738382]]"
"['Bi', 'Bi', 'Bi', 'Bi', 'Bi', 'Bi', 'Bi', 'Bi', 'Bi', 'Bi', 'Bi', 'Bi', 'Bi', 'Bi']","[[0.431835, 2.020679, -0.245133], [2.001145, -0.375661, 0.428023], [-2.001311, 0.375634, -0.428116], [-0.431669, -2.020652, 0.245226], [-4.607864, 2.294467, 0.46492], [-5.501786, 4.344764, -1.447016], [-2.485903, 4.101145, 1.409935], [-3.380188, 6.151418, -0.502128], [-1.073912, 7.343996, -2.795541], [0.615747, 6.148474, -4.886974], [-1.692667, 9.597598, -4.583914], [-0.002943, 8.401697, -6.675326], [0.349799, -4.227192, 4.931044], [1.637877, -2.314141, 3.243047]]",[-81777.75628977908],"[[0.13882308934667406, -0.38011276943056765, -0.03617205785138308], [-0.06407424010010693, -0.11893898928698941, -0.08067426828117294], [0.26299016268438224, -0.4224189583018527, 0.17424283171385505], [-0.5286941776738764, 0.7710079287115427, -0.624860688017254], [-0.003527024806254591, 0.25428424831397956, -0.0990323149291021], [0.14869854776792307, -0.06074491678089981, 0.1809956322019483], [-0.2543500171691076, -0.032995447859743836, 0.06421364539037444], [0.05137953465484799, -0.1543510697625253, -0.0705069894902197], [-0.05425750570743979, 0.024315856458019855, -0.1751024033966702], [-0.11696962602374138, 0.1250906655245377, 0.1061527319498853], [0.07502781409337689, -0.1668431927358042, 0.08981351661730207], [0.020174146367229435, 0.014552667889312731, -0.011327422883459164], [-0.22319414321346936, -0.47729620305698855, 0.2188741218779236], [0.5420860329834927, 0.6171242343393684, 0.27382294618453584]]"
"['Bi', 'Bi', 'Bi', 'Bi', 'Bi', 'Bi', 'Bi', 'Bi', 'Bi', 'Bi', 'Bi', 'Bi', 'Bi', 'Bi']","[[-1.550082, -0.287898, 1.357967], [0.989188, 1.198634, 1.383362], [-0.989264, -1.198675, -1.383534], [1.550158, 0.287939, -1.357795], [-5.629981, 3.25637, 5.74404], [-2.798138, 3.797781, 5.15595], [-5.278489, 0.468706, 4.86926], [-2.446482, 1.010416, 4.28135], [4.057614, 2.033305, 2.622159], [4.258574, 4.968127, 2.691037], [3.967602, 1.970639, 5.562878], [4.168455, 4.905654, 5.63144], [7.465063, 2.212722, 2.787727], [6.985664, 3.299354, 0.188179]]",[-81777.52532935461],"[[0.2986032521158959, 0.15740893586029303, -0.062181855707950914], [-0.06937781178126196, -0.1557237824971957, -0.19451722544861547], [-0.1373393563162871, 0.07475928793115742, 0.32773381557264947], [-0.034600130791731, 0.05815843699662615, 0.10033565926223398], [0.052972056262177006, -0.06600956193873043, -0.011782169008118615], [-0.04169975271868013, -0.10926150591831506, -0.06579919416208549], [0.05497556379423272, 0.09615530032741365, 0.004543704862804749], [-0.05739399618323002, -0.0770628947896614, -0.1614504037257616], [-0.8123867715833131, 0.2761578690968107, 0.37938118733368975], [-0.02799763707731978, -0.22557436898842428, 0.008015732199454095], [0.05467464171431922, -0.2505417999110361, -0.5415461010219255], [0.045467207684757885, 0.2367474124685485, 0.09768299924609963], [0.847295172671844, -0.11113090463553578, 0.6953937999299953], [-0.16307354204641605, 0.09371059124962008, -0.5710047888450371]]"
"['Bi', 'Bi', 'Bi', 'Bi', 'Bi', 'Bi', 'Bi', 'Bi', 'Bi', 'Bi', 'Bi', 'Bi', 'Bi', 'Bi']","[[1.415461, 1.417419, 0.563123], [0.909221, -1.400852, 1.240902], [-0.909293, 1.400917, -1.241068], [-1.415389, -1.417484, -0.562956], [-3.608694, -7.936705, 1.117449], [-1.069076, -7.53737, -0.314049], [-3.643648, -5.086809, 1.850069], [-1.103939, -4.68773, 0.418298], [-2.805854, 1.688761, 3.848407], [-2.210291, -1.152066, 4.331443], [0.061802, 2.321843, 4.037127], [0.657104, -0.519241, 4.520044], [-0.186181, -2.694812, -3.499501], [1.088786, -2.987192, -6.040607]]",[-81777.1474943507],"[[0.23661587475829235, -0.3583529971584898, 0.03952932393515359], [0.003637915004079451, 0.2862096538700802, -0.36037578797488723], [-0.27133288282197066, -0.33754011128072625, 0.11177362935816718], [0.012922109360843596, 0.07734057408418173, 0.5134467561896738], [-0.006948451262128597, 0.11672141158769514, 0.02043331885099089], [-0.013104230982584826, 0.17042504994675006, 0.06328856196288915], [0.016271883245871213, -0.14223828755881612, -0.0881637416532103], [-0.06135375434518142, -0.08966572952610737, -0.028500180036100834], [-0.217579879255001, 0.09231967509453115, -0.053178567381953604], [0.16420647356805898, 0.03884512215345551, 0.07679004917174939], [0.09670541386311335, -0.12573400731226805, 0.10859199028597162], [-0.21146599825476237, 0.1393228092326275, 0.04278603411884364], [0.32010894783348764, 0.42587688827209597, -0.3238012596971427], [-0.07466389995128053, -0.2962326936941576, -0.11842096313643427]]"
"['Bi', 'Bi', 'Bi', 'Bi', 'Bi', 'Bi', 'Bi', 'Bi', 'Bi', 'Bi', 'Bi', 'Bi', 'Bi', 'Bi']","[[-0.940027, -0.097401, -1.853801], [0.254582, 2.051328, -0.236956], [-0.254523, -2.051508, 0.236992], [0.939969, 0.097582, 1.853765], [1.323003, 5.149501, -3.996175], [3.911573, 4.901118, -5.373102], [2.54702, 4.147496, -1.514718], [5.135643, 3.899327, -2.891961], [-6.851107, -1.208701, -1.619817], [-4.274442, -0.460322, -2.827725], [-6.670426, -3.862337, -2.878955], [-4.093564, -3.113673, -4.086695], [-4.700693, 2.231276, 2.629515], [-4.551689, 1.589855, -0.151604]]",[-81777.53839327516],"[[0.3107055442129232, 0.22284982088826413, -0.02809560644619388], [-0.009599733166208652, -0.20019777248312765, -0.1391321875391484], [0.028078811991084557, 0.062153419291308375, 0.19009302295553304], [-0.04969247867436229, -0.1423924509893665, -0.1364636895188081], [0.16525039344918066, -0.04326651700033779, 0.01403657006719176], [-0.025464178611672023, 0.010900475541506692, 0.05663027527911597], [0.03769882088800235, -0.04452665649212597, -0.14023364874074573], [-0.2522040190212897, 0.028756282620995093, 0.07492286160446653], [0.2559732583339452, -0.15270895669007864, -0.13824675054426963], [-0.17172320064863256, -0.16120074947115118, 0.11214592530119072], [0.009348834496982067, 0.02358491199507752, -0.1045796273243361], [-0.08713314009380728, 0.10247759506481723, 0.10912590586282431], [-0.039598826034130195, 0.3083081948814728, 0.9998110394080478], [-0.16025720551278944, -0.02709848581061718, -0.8602319424709963]]"
"['Bi', 'Bi', 'Bi', 'Bi', 'Bi', 'Bi', 'Bi', 'Bi', 'Bi', 'Bi', 'Bi', 'Bi', 'Bi', 'Bi']","[[-1.60578, -0.676625, 1.137262], [-1.323033, 0.853655, -1.360059], [1.323182, -0.853766, 1.360112], [1.605631, 0.676735, -1.137315], [5.894186, 0.156622, 0.71572], [6.735339, 2.943091, 1.147424], [4.806863, 0.893054, -1.917768], [5.648298, 3.679584, -1.485808], [-4.356332, -0.907278, 5.53816], [-2.439956, 1.189279, 4.769874], [-2.269045, -2.949096, 5.172007], [-0.352744, -0.85218, 4.403838], [-5.079087, -2.8857, -4.247396], [-2.800357, -1.849656, -2.868177]]",[-81777.68361648027],"[[0.2705292069527006, 0.13686149081925428, -0.15426745744161974], [0.8879427934013774, -0.08961991244251151, 0.5200557805097155], [-0.33115724131944396, 0.11560493513535715, -0.15469467217844843], [-0.40017684681077476, -0.0042905554486298, 0.2272382850277], [0.07655787842827547, 0.042746865911688796, -0.1068950098418114], [-0.03525292395989334, 0.038863397564802275, -0.0313345605816621], [-0.05210502837608308, 0.05178924531170358, 0.058389887830818], [-0.0028832521013968395, -0.11672285140625932, 0.06383918971950463], [-0.07706767704417815, -0.00561085981600588, -0.021451383704467242], [0.1687046724509219, -0.06820363974217362, 0.0657444296345551], [0.10828237787258145, 0.0757220123296777, -0.015219103338370666], [-0.14735653402192464, 0.06231431901585542, -0.11561912763263263], [-0.2764927811792572, -0.3773940320267558, -0.3332588622022302], [-0.185988151651149, 0.1327979114544072, 0.0012528894910966188]]"
"['Bi', 'Bi', 'Bi', 'Bi', 'Bi', 'Bi', 'Bi', 'Bi', 'Bi', 'Bi', 'Bi', 'Bi', 'Bi', 'Bi']","[[0.275743, 1.426378, 1.489673], [1.962799, 0.279638, -0.630974], [-1.96299, -0.279649, 0.630951], [-0.275552, -1.426366, -1.48965], [1.023822, -1.808924, 4.617072], [-1.898189, -1.543356, 4.839868], [0.689784, -3.455138, 2.200824], [-2.232363, -3.18927, 2.423821], [-3.937477, 2.42473, 1.146959], [-1.850308, 4.273318, 0.206343], [-5.890725, 3.727728, -0.626985], [-3.803189, 5.576205, -1.56756], [4.008347, -2.84745, 1.829463], [4.227463, -5.377211, 3.141156]]",[-81777.37906772418],"[[-0.28214700010288146, 0.13071212857582695, -0.3154314915393844], [0.07324382747026696, 0.08689860393412074, -0.030814019890828798], [0.33317663827779725, 0.40868802572037216, -0.3665256644392303], [-0.22328269205516638, 0.21038587722116994, 0.45640890941271195], [-0.23604030728726164, 0.07102722679071269, 0.06566395406123578], [0.10246345398963333, -0.016923154320122844, -0.1703245197577154], [-0.9080498596501436, 0.5485302495000274, -0.044793357170094424], [0.5257950001507179, -0.6570164645436234, 0.2765670346794956], [-0.10711591914722979, 0.004481014134078544, -0.07978785426655419], [-0.280426056964046, 0.2508233872845163, -0.11811726426357556], [0.14566541569620428, -0.22151552045600242, 0.13846277475098814], [0.31913470488645396, -0.16372552274553145, 0.1532712572614823], [0.12239059433996863, -0.09277506913754448, -0.24688136974415925], [0.419348185259099, -0.5668869077514839, 0.2711448322330705]]"
"['Bi', 'Bi', 'Bi', 'Bi', 'Bi', 'Bi', 'Bi', 'Bi', 'Bi', 'Bi', 'Bi', 'Bi', 'Bi', 'Bi']","[[1.153423, -1.731748, -0.019442], [-0.557642, -0.393569, 1.965463], [0.55761, 0.39361, -1.965648], [-1.153391, 1.731708, 0.019627], [-4.1236, -2.822982, -5.145317], [-1.714579, -4.416558, -4.58367], [-3.604153, -1.193952, -2.750261], [-1.194973, -2.787718, -2.188909], [1.979643, -7.660409, 2.917062], [3.993885, -5.526658, 2.697406], [-0.159551, -5.639621, 2.928237], [1.855036, -3.505966, 2.708438], [-1.569045, -5.983155, -0.954244], [-0.773861, -7.79807, -3.013858]]",[-81777.40716674512],"[[-0.1870751632450129, 0.05723355925750716, -0.30221020330753173], [-0.20363539072719766, 0.10764505246956574, -0.10453514721512125], [0.25929342852085147, -0.47453751068802075, 0.3067815244046184], [-0.006086632433911509, -0.056353213049694574, 0.12244885556972632], [-0.08003241773409839, -0.16171666731595163, 0.11526760621460652], [0.30419082800883535, 0.7600128570903694, 0.3628640515642472], [0.4087287520169018, -0.24762627016275582, -0.06120221344130153], [-0.5136362465971381, 0.2815817170501663, -0.4881038411543606], [0.0007475064901977234, 0.07087157211950658, -0.00487992100949362], [-0.06444720453032098, 0.020751163941242667, -0.014305600165908691], [0.11354280641890269, 0.08743642758993335, 0.2705994495297959], [0.06189615456714445, 0.002480345101477923, -0.26103452911958547], [-0.11914637458232283, -0.042647096769609476, 0.4701100171810773], [0.033057072094290714, -0.4042208857808222, -0.4158124536642985]]"
"['Bi', 'Bi', 'Bi', 'Bi', 'Bi', 'Bi', 'Bi', 'Bi', 'Bi', 'Bi', 'Bi', 'Bi', 'Bi', 'Bi']","[[-1.422489, -1.344871, -0.70538], [-1.115419, 0.269384, 1.735563], [1.115515, -0.269326, -1.735719], [1.422394, 1.344813, 0.705537], [-2.151621, 0.151743, 6.762647], [0.65084, -0.7394, 6.864574], [-1.460184, 2.084362, 4.653913], [1.342346, 1.192868, 4.755983], [-3.06006, 3.26248, -5.699566], [-2.031407, 2.541135, -3.038767], [-2.600468, 0.506785, -6.624107], [-1.571922, -0.214339, -3.963013], [0.602457, -3.902254, -1.825722], [3.0786, -5.308699, -2.068354]]",[-81777.68225337475],"[[0.17488277964354124, 0.43864057131099743, 0.38352945888336554], [-0.15556673942951696, 0.0012267639832495825, -0.5062619072881437], [0.03387506901606518, 0.3577291443434675, 0.2851325667398908], [-0.0852220894824085, -0.1261127824388304, -0.39912634490193105], [0.1508890260249558, -0.02447019472368158, 0.024094715753189364], [-0.11894207461248409, 0.08745823055676237, -0.019395487345512025], [0.01663536544239832, -0.2011308777568991, -0.0749630736800804], [-0.06277084434488348, -0.11321159672704983, 0.05983741970873414], [0.04447922475485457, 0.08928052663809777, 0.10098748569507465], [-0.11980570864053387, 0.03607922040724845, -0.14116058336352783], [0.2293879341440199, -0.21560151712572687, 0.4960268027583992], [-0.1487608713429154, 0.12179862322172455, -0.17688659570814644], [-0.4805307040393262, -0.13095309249696072, 0.1317508034036077], [0.5229688419976, -0.31874657093922437, -0.16274701176489678]]"
"['Bi', 'Bi', 'Bi', 'Bi', 'Bi', 'Bi', 'Bi', 'Bi', 'Bi', 'Bi', 'Bi', 'Bi', 'Bi', 'Bi']","[[2.070377, -0.158222, -0.134972], [0.193307, 0.964561, 1.833346], [-0.193375, -0.964696, -1.833467], [-2.070309, 0.158357, 0.135092], [-6.158756, -0.76409, -3.825436], [-5.882142, -3.363722, -5.175884], [-3.292726, -0.805491, -3.159091], [-3.016377, -3.405214, -4.509803], [-12.285079, 1.940422, -0.939136], [-9.655186, 1.095756, 0.07502], [-11.835995, 0.386423, -3.397442], [-9.206047, -0.45823, -2.382905], [-3.648608, -1.232824, -7.090413], [-6.267709, -0.093384, -7.191542]]",[-81777.73246766023],"[[-0.14202133775444925, -0.12558580884434073, -0.297965463914056], [-0.3595456811505462, -0.07786040000794209, -0.12003787938400778], [0.10320388068626261, 0.04804720314328358, 0.011405687306840634], [0.14422585424248274, 0.15648349247816667, 0.21596306585161065], [0.5501932399416547, -0.09791527283375673, 0.09591176530170101], [-0.0370435440328168, 0.05235128877264935, 0.20640961256782206], [-0.4222200576516297, -0.16722839562381375, -0.09433536966229081], [-0.0017164853577166152, -0.1325355045210855, 0.18796594813741577], [-0.012057405753288992, -0.004252360147447613, 0.04857625933248217], [-0.0502862598502299, -0.06393565756330466, -0.18892193624193937], [0.26337269162362975, -0.04202561965521805, 0.0998237523405766], [0.044105586695240846, 0.13378814667192163, -0.06742526354195988], [0.20873116573628667, 0.31224244768600157, 0.047675863651163386], [-0.2824169660836651, 0.012193072657498801, -0.1573792653134526]]"
"['Bi', 'Bi', 'Bi', 'Bi', 'Bi', 'Bi', 'Bi', 'Bi', 'Bi', 'Bi', 'Bi', 'Bi', 'Bi', 'Bi']","[[0.528774, 1.636637, -1.171124], [1.33954, 0.617364, 1.467446], [-1.339619, -0.61749, -1.467569], [-0.528696, -1.636511, 1.171247], [7.016673, 4.219086, 2.372302], [5.329883, 1.809569, 2.286991], [4.623087, 5.879782, 2.787869], [2.936466, 3.469927, 2.702636], [0.073855, -6.883867, -1.132552], [1.007916, -4.107132, -0.857624], [-1.472371, -6.127222, -3.519294], [-0.537985, -3.350429, -3.244166], [2.420412, -4.910467, -3.810428], [3.377171, -6.093098, -6.229982]]",[-81777.74664119605],"[[-0.17284091123116846, -0.2622098838667801, -0.13690751359121642], [-0.16431739101959236, -0.26406185049495595, 0.018423126447030057], [0.077423003696981, -0.022874412955746538, -0.0161542192159228], [0.05414859371747794, 0.4087974005091582, 0.07048868322561799], [-0.014951826732976538, -0.13162908731284295, -0.021823880193647942], [0.18849523572602647, 0.10433562949979924, 0.006180966260911052], [-0.24327184744794453, -0.22891037717953655, -0.015850911150960087], [0.10845037384576624, 0.17355480412854357, 0.017611690984140935], [-0.10683787989806841, 0.09901580843770562, 0.19952368028463377], [0.40357121907582777, -0.42159044556235054, -0.6389909645619282], [0.19316014502978474, 0.829117977519994, 0.04819074276971397], [-0.4075820907968076, -0.4892840295781636, 0.2089419963117558], [-0.12751573136334857, 0.4759437506263999, 0.5565387260423598], [0.20985191022222563, -0.26165087430923745, -0.30303275108441086]]"
"['Bi', 'Bi', 'Bi', 'Bi', 'Bi', 'Bi', 'Bi', 'Bi', 'Bi', 'Bi', 'Bi', 'Bi', 'Bi', 'Bi']","[[-0.643745, 1.626051, -1.127503], [-0.796306, -1.298136, -1.417619], [0.796332, 1.298206, 1.417797], [0.643719, -1.626121, 1.127325], [-2.171087, 4.537327, 4.042208], [-2.213869, 4.245636, 6.969903], [0.61233, 3.583641, 3.988052], [0.569204, 3.291915, 6.915916], [-1.721036, 0.098622, -7.511649], [-0.509995, 1.653182, -5.326463], [-4.065681, -0.451585, -5.820562], [-2.854372, 1.103235, -3.635472], [2.98748, -1.846089, -1.349501], [4.775886, -3.444177, -2.903838]]",[-81777.87044792372],"[[-0.08131992406302428, 0.1624849647862161, 0.24203972271164798], [-0.18776036261528758, -0.15805669994789903, 0.4544619661813919], [-0.40912804455800367, 0.0016688484462998223, -0.12608794556859831], [-0.19121705845533302, 0.5036783585630898, -0.47924258064530134], [0.06941612123948745, -0.07071200936934055, 0.017040509817521785], [0.01358488869919035, 0.013827266727842487, -0.014803952224226148], [0.002142266446632102, -0.021203621782826906, 0.09035889932057661], [-0.025441146656854312, 0.01634917579172186, -0.15823462038475836], [0.07202610091961219, 0.051695142884116134, -0.02084078750465368], [0.015755158074232993, -0.04273546049177683, -0.17198391065293223], [0.05760312982967708, 0.12071078887439539, 0.22168336216291243], [0.05352309539552511, -0.07837477518999521, 0.020924348403467668], [0.19785842727097708, -0.41355882907880814, 0.35218486585163655], [0.3980275576490958, -0.07820677921681041, -0.430711387633878]]"
"['Bi', 'Bi', 'Bi', 'Bi', 'Bi', 'Bi', 'Bi', 'Bi', 'Bi', 'Bi', 'Bi', 'Bi', 'Bi', 'Bi']","[[0.010031, 1.642914, 1.27689], [0.947484, 1.133161, -1.465307], [-0.947621, -1.133277, 1.465377], [-0.009894, -1.642798, -1.27696], [4.324274, 1.650434, -3.016395], [6.395973, -0.047576, -1.798553], [2.7315, -0.743166, -3.643781], [4.803435, -2.441009, -2.425683], [-0.831072, -3.911442, 5.65573], [-3.667477, -3.833893, 6.4349], [-0.989406, -1.100222, 4.800261], [-3.82593, -1.022933, 5.579688], [1.929478, 5.526514, 3.628257], [-0.672779, 4.493525, 3.054293]]",[-81777.56649068411],"[[0.10447410919241835, -0.5656352940424794, -0.9947418496203045], [-0.32944550273500095, 0.07699285790093238, 0.7837040431221108], [0.5452078681631832, -0.035577093967409185, -0.43635779039958245], [-0.4096185084674731, -0.00826719136947888, 0.41426120342766976], [-0.03148970103195243, -0.11952725801463986, -0.06362697074756289], [-0.022674941520306944, -0.08429001265046862, -0.02011215189362319], [0.1366391416952717, 0.19671623977285013, 0.2080033888741855], [0.05429370685991059, 0.04484460956877006, -0.008459628262790623], [-0.07568683961903847, 0.07983192299903638, -0.0313577519449637], [0.05294901916515014, 0.07550583385668448, -0.04529886204135036], [-0.017418410768527313, -0.06263097625579175, -0.09799785671283073], [0.013762598305474199, -0.09090340784829434, -0.0021121279587583315], [0.8120844096848353, 0.3089980736620811, 0.1772196565952961], [-0.8396296814803357, 0.17809511770440878, 0.12094475939107455]]"
"['Bi', 'Bi', 'Bi', 'Bi', 'Bi', 'Bi', 'Bi', 'Bi', 'Bi', 'Bi', 'Bi', 'Bi', 'Bi', 'Bi']","[[1.725924, 0.354612, 1.106866], [1.036877, -1.364858, -1.179387], [-1.036989, 1.365012, 1.179418], [-1.725812, -0.354765, -1.106897], [0.399271, -2.714595, 3.281142], [2.301831, -3.624006, 1.228936], [2.378109, -0.764477, 4.251245], [4.280524, -1.674065, 2.198728], [-2.796755, -8.814213, 4.578126], [-0.484258, -8.12648, 6.262673], [-2.410231, -6.337441, 3.036679], [-0.09756, -5.649997, 4.721411], [2.735381, 3.422114, 2.115006], [4.247967, 3.950343, 4.481712]]",[-81777.35643009385],"[[-0.5351677047826103, -0.2955425578030914, -0.830544940561279], [-0.32076257403953357, 0.4570002120437655, 0.4390189350608272], [0.49398632274249904, -0.4097111710764964, -0.07974671659329191], [0.12147543537615782, -0.020001609823358312, -0.07457283142709618], [0.25034444192356037, -0.00426012334061312, 0.08332425434854525], [0.1742102301077947, 0.026155409793288793, 0.24968881025594292], [0.058017591887794456, -0.25088905329546124, -0.09982632344515549], [-0.5062062685850564, 0.13450322227740305, 0.11837442614355634], [-0.1410010206133618, -0.002509388298801086, -0.08432076306123217], [0.16878478806960018, 0.5240065398056407, -0.307922529194639], [0.031570402862474686, -0.16442851415949208, 0.1061866191082351], [-0.08306616687091607, -0.1721623453107073, 0.1298641782857084], [0.00016699144262582308, -0.15362375569924838, -0.010004029076821089], [0.2793719555087919, 0.33613911639568805, 0.37107050315915435]]"
"['Bi', 'Bi', 'Bi', 'Bi', 'Bi', 'Bi', 'Bi', 'Bi', 'Bi', 'Bi', 'Bi', 'Bi', 'Bi', 'Bi']","[[-0.715259, -1.511851, -1.237912], [1.923306, -0.312835, -0.729337], [-1.92344, 0.312854, 0.729475], [0.715393, 1.511832, 1.237774], [-4.249315, 5.858658, 2.692488], [-2.168369, 7.586195, 1.533355], [-2.993437, 3.50841, 1.443904], [-0.912428, 5.236287, 0.284941], [-3.979781, -1.496978, -4.193609], [-2.357994, -0.467077, -6.422381], [-1.917091, -3.517825, -3.62674], [-0.29537, -2.487563, -5.855626], [1.401294, 0.095371, -4.613882], [-0.101422, 2.124748, -5.952433]]",[-81777.80877394666],"[[-0.06311892048277386, 0.05618706827180658, 0.4473010799745369], [-0.5315810138950563, 0.07977438167856078, 0.27831065496071694], [0.3454894009956526, -0.07150108136460247, -0.44662215409943473], [0.2338478749907489, -0.18212830661313334, 0.08932438968221368], [0.1416051273452182, -0.39097105828814394, -0.17951534445169706], [0.09707976668980002, -0.0409851296276046, -0.06703754097146299], [-0.11985836486230957, 0.21600708316200126, 0.17102848819141597], [-0.1439280174880639, 0.23322062831768245, 0.03682004305398289], [0.09184422643580246, 0.43143890738552126, -0.15784638359334568], [-0.049493943120989425, -0.4720083665358564, 0.11432971868631833], [0.39800673170200684, -0.063514407789099, -0.44614979076620065], [-0.48445287265233417, -0.1599696017545946, 0.4227602981457464], [0.2061848980276269, 0.008483102447595904, -0.22805877592091597], [-0.11959914609866569, 0.3656008381222029, -0.030988299643604406]]"
"['Bi', 'Bi', 'Bi', 'Bi', 'Bi', 'Bi', 'Bi', 'Bi', 'Bi', 'Bi', 'Bi', 'Bi', 'Bi', 'Bi']","[[0.784315, 1.674268, 0.954668], [1.024589, -1.235015, 1.324334], [-1.024643, 1.235078, -1.324508], [-0.784261, -1.674331, -0.954494], [-6.34064, 1.916587, -0.500657], [-4.246939, 0.076285, -1.443005], [-8.22443, -0.334433, -0.290637], [-6.130363, -2.174622, -1.232942], [-2.877156, 4.901714, -2.912225], [-4.331543, 4.621621, -0.369664], [-0.519188, 5.889004, -1.454451], [-1.973873, 5.608667, 1.088117], [-3.101981, -3.659617, -3.814086], [-2.487506, -4.58244, -1.179876]]",[-81777.52571147258],"[[-0.061071189951961195, -0.08926247748395395, 0.16656201673905657], [-0.07033174300212243, 0.020023870446802358, -0.3385770377573934], [0.22197585101980719, -0.6513132403667253, -0.08717165524039908], [-0.17423928358953616, 0.8051306002407643, 0.2383844861760205], [-0.15134925374457744, -0.250857171598683, 0.1258300123572439], [-0.2845495944876728, -0.22472292199607843, 0.1782588970660842], [0.3861156301350897, 0.4020942737615291, -0.11317806952334107], [-0.012526292953132349, 0.6001040362480198, 0.10892700521260122], [-0.0732465528411206, 0.14535883718621723, -0.006873858376085786], [0.0441831466359677, -0.11703585767769363, 0.02311986602547503], [0.01594494158761932, 0.08746650951350639, -0.06019346627081908], [-0.19816454298213992, -0.05964546104087406, -0.07305202306868162], [0.041182873280767175, 0.16536563035640658, -0.8817839694930998], [0.3195202677291046, -0.8306426425352771, 0.7207603177053427]]"
"['Bi', 'Bi', 'Bi', 'Bi', 'Bi', 'Bi', 'Bi', 'Bi', 'Bi', 'Bi', 'Bi', 'Bi', 'Bi', 'Bi']","[[-0.357551, 1.552591, 1.338407], [-0.692075, -1.370084, 1.404566], [0.692201, 1.370156, -1.404693], [0.357424, -1.552662, -1.338281], [-2.364575, 2.348026, 8.11087], [-4.349452, 2.368221, 5.938735], [-0.294561, 1.473319, 6.210925], [-2.279751, 1.493733, 4.038839], [-2.196431, 3.929332, -1.16349], [0.591549, 4.718616, -1.675848], [-2.936008, 4.777305, -3.882649], [-0.147755, 5.566427, -4.394789], [4.857431, 6.25072, -1.14282], [3.73985, 4.172546, -2.75541]]",[-81777.61278509491],"[[0.03714233615515615, -0.1454373587200566, -0.13479751090750303], [0.04364494245667742, -0.12495090027962916, 0.03463726782626852], [-0.22033137253114793, -0.1297648822268716, 0.5581826903101034], [-0.04110620294222462, 0.5347691835728822, 0.007149763608446674], [0.058154940294398855, -0.026916060798535642, -0.05621360207106075], [0.16017909535568273, -0.033287571619788375, -0.1574525932160426], [-0.04624109987858603, 0.003105645962599083, 0.046526281656267564], [-0.014669267481965476, 0.11479971660333976, -0.1589011535357903], [0.3312454816285916, 0.3868875785738562, 0.023027614793184388], [-0.7519154203296073, -0.7424696963276742, -0.2983785375757007], [0.02880570439321056, -0.0005444010555463269, -0.03276397645671536], [-0.1066762088421477, -0.07688985945150198, 0.18293738180201902], [0.48131036579182934, 0.697167347868515, 0.5996381520983246], [0.05043016971571964, -0.44971287891372064, -0.6018549584662451]]"
"['Bi', 'Bi', 'Bi', 'Bi', 'Bi', 'Bi', 'Bi', 'Bi', 'Bi', 'Bi', 'Bi', 'Bi', 'Bi', 'Bi']","[[1.926152, 0.43676, 0.654901], [0.768681, -1.416515, -1.315872], [-0.768786, 1.416669, 1.315921], [-1.926046, -0.436914, -0.65495], [-2.572657, -7.131424, -2.212073], [-1.790382, -4.614627, -0.903604], [-1.711973, -6.048388, -4.809401], [-0.929624, -3.531604, -3.500554], [-1.988129, 0.336239, 4.324699], [-4.029293, -1.783173, 4.332417], [-0.024659, -1.559011, 3.223486], [-2.066191, -3.678312, 3.231204], [-5.108941, -2.633006, -0.605011], [-6.402035, -2.303059, 1.922298]]",[-81777.34076156704],"[[-0.2585299647271953, -0.2202800018616617, -0.3023734170261998], [-0.10195123853542648, 0.29388820627284923, 0.12223128870026048], [0.041756923800096366, -0.43609512635580283, -0.26262069495639545], [0.44212796613971483, 0.2556201428310802, 0.17443005954928995], [0.08291308330428886, 0.3344479980699677, 0.2028910045295169], [0.2383568725128432, -0.4131699752222965, -0.19248564145455824], [0.12453047325888875, 0.2438933348467543, -0.010371979853106306], [0.10004049645657719, -0.16075301731978298, 0.04079712531858686], [-0.3039261070813926, -0.4761345265861537, 0.12028470542358141], [0.558445457198066, 0.43414684615010174, 0.2274370314116483], [-0.2528466923218295, -0.002000723025796777, -0.11085533364677015], [0.1666763280486341, 0.1013177697892791, 0.1870670385545436], [-0.2628962145230695, -0.1690818020705538, -0.5100521268141628], [-0.5780501296121167, 0.2179091349073739, 0.310393257850771]]"
"['Bi', 'Bi', 'Bi', 'Bi', 'Bi', 'Bi', 'Bi', 'Bi', 'Bi', 'Bi', 'Bi', 'Bi', 'Bi', 'Bi']","[[0.450065, -1.520777, -1.346994], [2.027457, 0.250627, 0.394348], [-2.027641, -0.250656, -0.394301], [-0.44988, 1.520805, 1.346947], [-3.39062, -1.514025, -3.199332], [-2.215092, -2.689703, -5.627136], [-3.493892, -4.180341, -1.958384], [-2.318164, -5.355784, -4.386418], [1.719658, -2.876369, -8.122137], [2.225235, -0.117182, -7.233546], [1.152041, -3.666578, -5.344865], [1.657585, -0.907112, -4.456538], [-4.64631, -1.910851, 2.376207], [-1.803681, -1.704412, 2.588546]]",[-81777.66652628493],"[[0.022386335031326334, 0.0726991646762745, 0.2925093743092811], [-0.06594703267537178, -0.06104465615270704, -0.14687373200410034], [0.32476737795370714, 0.760364069975846, -0.2734312126908959], [-0.2635605879462552, -0.19154286882757018, -0.588325806172116], [0.2226306085118678, -0.05706864860981704, 0.15441750710484387], [-0.23018132559497434, 0.10178092856812068, 0.1053160430978223], [-0.018592320554948617, -0.06155743724992122, -0.3702013669673057], [0.06440061611535146, 0.06486973985681607, 0.17228179882944264], [-0.14174638383078256, 0.05269370848046617, 0.06717920883375993], [0.03135584932757532, -0.2989909746863928, 0.4916145816126544], [0.25009684455261305, -0.023641270607446835, -0.0770139409584793], [-0.19871578780385435, 0.2006282268117257, -0.5495268096348058], [-0.3319980439388332, 0.038277283422788924, -0.22135873449878155], [0.34062975623108904, -0.6036547316714695, 0.9287940456135592]]"
"['Bi', 'Bi', 'Bi', 'Bi', 'Bi', 'Bi', 'Bi', 'Bi', 'Bi', 'Bi', 'Bi', 'Bi', 'Bi', 'Bi']","[[-0.666584, -1.867033, -0.632114], [-0.579696, 0.823318, -1.820716], [0.579819, -0.823355, 1.820859], [0.666461, 1.86707, 0.63197], [2.720727, 6.781302, -0.820757], [1.244215, 7.193133, -3.332454], [2.645947, 3.871582, -1.254108], [1.169467, 4.283757, -3.765974], [-0.706463, 5.668323, 4.112223], [1.472004, 6.455381, 2.297523], [1.210311, 4.160143, 5.758804], [3.388723, 4.947516, 3.943889], [-0.579567, 8.023101, 6.509216], [0.033974, 10.77836, 6.956831]]",[-81777.57454181217],"[[-0.027628853263151003, 0.14974714705937833, -0.1381013288692875], [-0.04828202726668294, -0.27186515289189284, 0.20767531592991892], [0.038190477789996374, 0.34256929468122194, -0.10020561279263362], [0.006190047402283699, -0.34330601898725766, -0.026191739500988534], [-0.0769501261428312, -0.17823272322147107, -0.039052821123547556], [0.04827951272640479, -0.16953405936598087, 0.0744068923375745], [-0.05367869864463965, 0.21766976507107907, 0.0480944137655612], [0.10450835630540921, 0.28804166872672377, 0.058417347227720566], [0.43671949339174104, -0.157086879300741, -0.3898736080096897], [-0.5159049892775524, -0.2512350725496885, 0.05191990884640286], [0.03407578486612095, -0.12264533938164522, -0.16704456164642298], [0.011237737613538256, -0.0716376584398332, 0.22144229539759558], [0.03066508608699191, -0.16696650291140783, -0.1046183481592942], [0.011981954118316832, 0.7257811707270028, 0.3041484047832836]]"
"['Bi', 'Bi', 'Bi', 'Bi', 'Bi', 'Bi', 'Bi', 'Bi', 'Bi', 'Bi', 'Bi', 'Bi', 'Bi', 'Bi']","[[0.709863, -1.645673, 1.057152], [-1.293342, -1.238503, -1.059378], [1.29348, 1.238637, 1.059396], [-0.71, 1.645539, -1.05717], [5.297045, -1.743555, 2.572347], [2.659336, -1.181588, 3.749206], [4.905574, -4.61776, 3.067881], [2.267695, -4.055462, 4.244641], [-2.792075, -4.381256, -0.665754], [-3.352399, -4.617248, -3.544758], [-2.937102, -7.308205, -0.397798], [-3.497317, -7.543903, -3.277027], [2.678603, -0.159011, -1.679388], [2.150928, 2.35323, -2.935752]]",[-81777.83763877177],"[[-0.3327429443574298, 0.2542249586423903, 0.18113431758293372], [0.6349954680463301, -0.04529172465503936, 0.42390911909368684], [-0.6316010957812771, 0.21831691209358614, 0.04199469955155229], [0.4285226577279589, -0.3670050211769189, 0.38264119367344995], [0.04767253149962915, -0.02429475283163631, 0.06552526868025035], [-0.17223155944597107, -0.19821622218417567, -0.24991429612751173], [0.03846348281639227, 0.025689762185214845, -0.006135755957995818], [0.010386614580369357, 0.08324799538673532, -0.027896674942715853], [-0.018763026472359567, -0.21118811327187575, 0.012378906954251949], [-0.03239707983330749, -0.10191190063536945, -0.006406889220258282], [0.018441283587566193, 0.2657237610726601, 0.022050219671936953], [0.0009728380954918089, 0.03937317561186833, -0.07890180020657646], [-0.31020536152814554, -0.1987938979609611, -0.6772505433585868], [0.32669313528329713, 0.26448387160053527, -0.08077263874236136]]"
"['Bi', 'Bi', 'Bi', 'Bi', 'Bi', 'Bi', 'Bi', 'Bi', 'Bi', 'Bi', 'Bi', 'Bi', 'Bi', 'Bi']","[[-0.698641, 1.867275, 0.595736], [1.859365, 0.431643, 0.827859], [-1.859485, -0.431698, -0.827999], [0.698761, -1.867219, -0.595596], [6.029514, -1.688407, 0.694612], [8.214218, -1.899259, 2.65444], [4.902477, 0.578336, 2.195122], [7.087505, 0.367308, 4.154835], [11.859864, -5.293557, 0.188883], [12.85836, -4.141329, -2.327799], [9.45475, -3.607754, 0.006255], [10.453505, -2.455732, -2.510626], [3.734211, -1.076258, -1.999306], [1.466383, -0.848127, -3.723591]]",[-81777.65653630551],"[[0.3214091039969417, -0.1319246100731408, 0.1906650937243365], [-0.3648841684318826, 0.002905136829351452, 0.014828233735869206], [0.17733057404682948, -0.36627061086500423, 0.06830812943225978], [-0.32476799501880604, 0.5759418238574253, 0.8566431946997792], [0.0015585609153882546, 0.23364630039176382, 0.22557133508502122], [-0.19195316569626975, 0.05879627662055765, -0.16749419641517962], [-0.13055919927547446, -0.15988449819303327, -0.13629646487699698], [-0.09771133281855902, -0.172018774831022, -0.2895406741183093], [-0.09113316175346411, 0.14551613736435384, -0.05757469341303453], [-0.08573728741792686, 0.004430563405810611, 0.010743134225696824], [0.10308077619902527, -0.0167619974851179, 0.09079310746185988], [0.0635935463880373, -0.07701918601182024, 0.08449061022971377], [0.0666996978297966, -0.37310332128340945, -0.44127626203691106], [0.5461962007633093, 0.27197982415611144, -0.4536282598106403]]"
"['Bi', 'Bi', 'Bi', 'Bi', 'Bi', 'Bi', 'Bi', 'Bi', 'Bi', 'Bi', 'Bi', 'Bi', 'Bi', 'Bi']","[[0.144035, 0.036227, -2.075489], [1.337366, -1.592526, 0.06494], [-1.337531, 1.592617, -0.0649], [-0.14387, -0.036318, 2.075449], [-1.970735, -2.749458, 1.332551], [-3.625412, -0.336669, 1.646888], [-4.37963, -4.427596, 1.534883], [-6.034161, -2.014475, 1.849089], [-0.140927, -2.77855, -5.61481], [0.131938, 0.147887, -5.474014], [2.696903, -3.077565, -4.895666], [2.969447, -0.150923, -4.754814], [1.219779, 3.442741, 1.138109], [3.960437, 3.646784, 0.35363]]",[-81777.55696168948],"[[-0.479507558683202, 0.36976767304693825, 0.15541298737569922], [0.0009228913037213392, 0.10175578316533912, 0.16313524855630945], [0.05079678351762383, -0.7274148505764307, -0.15028337663035202], [-0.3851344966277846, -0.5573270267062481, -0.3718628147461857], [-0.41453322629211653, -0.005768103429841751, 0.030429752884885936], [-0.2193455596135092, -0.19054733713462324, -0.08127379844687896], [0.577689660750156, 0.21682011785193844, -0.07087182922996446], [0.4000060740446447, 0.4077981150035261, 0.010348963324916065], [0.01872722126999392, -0.019822018168522717, 0.04215409775102527], [-0.01185194878638974, -0.009078380006328428, 0.36284610525428657], [-0.0020129918226263334, 0.03233827867158823, -0.01208986851970208], [0.06211053326693245, -0.03684397489540322, -0.027223611186053535], [-0.01612999941078964, 0.3092616118814175, -0.046737837283227945], [0.423752950201565, 0.1058513470711476, -0.017423892363489513]]"
"['Bi', 'Bi', 'Bi', 'Bi', 'Bi', 'Bi', 'Bi', 'Bi', 'Bi', 'Bi', 'Bi', 'Bi', 'Bi', 'Bi']","[[-1.788733, 0.726141, -0.776446], [-1.050949, -0.979116, 1.505239], [1.051085, 0.979233, -1.505309], [1.788597, -0.726258, 0.776517], [-2.289579, -3.698768, 5.5e-05], [-3.920551, -6.116848, -0.388704], [-3.73719, -2.370376, -2.190757], [-5.36819, -4.788699, -2.579218], [3.561671, -3.461469, -0.482248], [5.085003, -3.511557, -2.999244], [1.672747, -5.429313, -1.586518], [3.196447, -5.479288, -4.103499], [1.031515, -0.956791, -5.857785], [-1.055472, -1.776925, -4.085749]]",[-81776.66403670916],"[[0.2281649625400242, 0.21628013446827957, 0.24602827724488296], [0.13713428501507471, -0.07378684475732894, -0.16725240974058062], [-0.24471259160977238, 0.10792067488042294, 0.06373629411425738], [-0.2193049875832543, -0.17373683833272913, 0.07745714796578869], [-0.2545688695908629, -0.2758882116485766, 0.12997668982208072], [0.36476749170609246, 0.4680353414742779, 0.11590626859200327], [0.06461602325697102, -0.30054942401584234, -0.22521492856829523], [0.2370078653623902, 0.3478420645295219, -0.02443940317524477], [0.03435523308059155, -0.04985918395304849, -0.10116756585978022], [-0.03308087023827294, -0.03548831372630005, 0.12572315725094513], [0.1267981874974714, -0.047854066909526385, 0.010325987934399088], [-3.546976577786792e-05, 0.04753717827017796, 0.0405113264758064], [0.684236234499436, 0.25724137853434625, -0.45581179608531003], [-1.125538567536777, -0.48058387448201767, 0.16024532700963498]]"
"['Bi', 'Bi', 'Bi', 'Bi', 'Bi', 'Bi', 'Bi', 'Bi', 'Bi', 'Bi', 'Bi', 'Bi', 'Bi', 'Bi']","[[-1.45443, -1.472744, 0.213004], [-1.216075, 1.00462, -1.356763], [1.216239, -1.004702, 1.356823], [1.454267, 1.472827, -0.213064], [0.331112, -2.389781, 4.27024], [3.236569, -2.844076, 4.168978], [0.76152, -0.012982, 5.951143], [3.667111, -0.467486, 5.849587], [-3.925377, 2.121494, 6.204106], [-2.145346, 2.320593, 3.869547], [-4.519693, -0.676326, 5.512113], [-2.739392, -0.476952, 3.177562], [1.524099, -3.261606, -4.062495], [-0.76939, -1.759936, -3.254322]]",[-81777.70810357032],"[[0.3694631514206143, 0.456568832117519, 0.5380375717135696], [-0.1587702843127247, 0.014857662598879202, 0.4226911354325742], [-0.5642618099764353, 0.19269307817198325, -0.26948590413667783], [-0.08210472802468524, -0.308024602046421, 0.017289536722614938], [0.40329071156627067, -0.1413785101876347, 0.08110369416793949], [-0.4449183345170946, 0.09206647271560187, -0.015227222886630807], [0.09565815154603911, -0.1443092094529304, 0.12362955821444503], [0.11773653509753325, 0.09228044003865726, 0.009388007846346065], [0.08329268118431646, 0.00738773990605975, -0.03201124959578065], [-0.16288189191110547, 0.033489439324695496, 0.0567831017352853], [0.23660852139919675, 0.0605711615334583, -0.2823380845951847], [-0.1828896621010348, -0.03794137375176586, -0.05022626055377688], [0.0799451030225992, -0.2692124928757585, -0.11383745500364369], [0.21749693542128595, -0.04445391480137996, -0.47810980338993314]]"
"['Bi', 'Bi', 'Bi', 'Bi', 'Bi', 'Bi', 'Bi', 'Bi', 'Bi', 'Bi', 'Bi', 'Bi', 'Bi', 'Bi']","[[-0.735117, -1.946591, 0.009994], [-0.650066, 0.255477, 1.95986], [0.650081, -0.25543, -1.960046], [0.735102, 1.946545, -0.009808], [-2.808201, 3.233878, 2.25207], [-3.406559, 1.258297, 0.155081], [-3.167149, 5.410114, 0.30399], [-3.765629, 3.434186, -1.792884], [-1.175202, 6.806623, 2.708545], [-0.674906, 9.612571, 1.977333], [1.68102, 6.458313, 3.325423], [2.181016, 9.264503, 2.594223], [-6.409643, 2.393057, 1.357208], [-6.803742, -0.046999, 2.79215]]",[-81777.69948528541],"[[-0.060365627433421686, 0.11640290315246203, 0.12009377519755292], [-0.17655003811876946, -0.019487136939331205, -0.07478201649563483], [-0.0029366806829880447, 0.09778198677238698, -0.0019332484998910858], [0.04186575865692086, -0.047853254440479456, -0.07323452007169137], [0.4454539470229693, -0.1252828298807641, -0.06476252479587628], [0.5919412934309538, -0.02796734432317128, -0.15938745225584192], [-0.0025342832759966643, -0.09587926653982382, 0.11933463085958929], [0.06889166732748508, -0.22402620407729032, 0.2088292276649256], [0.012721244386722246, 0.09415534091967681, -0.029163062218630742], [0.05278112603614849, -0.13100091504212807, 0.0115660008195437], [-0.06158669642002902, 0.08143346404122814, -0.05038776705900456], [-0.0431232601954111, -0.05221800271127959, 0.01628272816498498], [-1.118782218924365, 0.5610726118567778, -0.11194543056612874], [0.25432980828711754, -0.25127836995079705, 0.08169643661755721]]"
"['Bi', 'Bi', 'Bi', 'Bi', 'Bi', 'Bi', 'Bi', 'Bi', 'Bi', 'Bi', 'Bi', 'Bi', 'Bi', 'Bi']","[[-1.006403, -1.816325, -0.133539], [-0.634459, 0.206572, 1.970709], [0.634483, -0.206515, -1.970892], [1.006379, 1.816268, 0.133722], [3.192355, -3.094951, 2.653599], [2.181842, -0.501566, 3.60834], [2.740498, -4.252798, 5.321009], [1.729854, -1.659167, 6.275485], [-2.345046, 4.463547, -2.00472], [-0.989151, 6.564774, -3.555431], [-0.954996, 2.403614, -3.580886], [0.400927, 4.50519, -5.131435], [3.770992, 4.712449, 0.720387], [3.682967, 3.028515, -1.58718]]",[-81776.81551715151],"[[0.0937219041097672, 0.1064729373141405, -0.031104292455576537], [0.2078561674259982, 0.3663210559368421, -0.3735878716523474], [0.11785830261038957, -0.0894526363786088, 0.3609778892451721], [-0.2627828288111404, -0.5824544317557585, 0.4072489270654748], [-0.13760099191823516, -0.002399242178641357, 0.22122061476080349], [0.01766664577341017, -0.17175621363142554, 0.19441525544101662], [0.03840665112078045, 0.19780510256201084, -0.11074235931157363], [0.02657309087433894, -0.040444272068388895, -0.36042499891652724], [-0.08677416247250239, 0.00385762720320591, -0.18050573393548622], [0.018342969690678522, 0.10912112360830757, 0.04203274675711073], [0.05574535250515295, 0.2767495316825053, -0.012064604846109888], [-0.22704848608768619, -0.1385740521571626, 0.011578614658607744], [-0.13261454027584063, 0.19005800451116853, 0.6486711733014561], [0.27370714363430254, -0.2175358619446104, -0.8266096078928272]]"
"['Bi', 'Bi', 'Bi', 'Bi', 'Bi', 'Bi', 'Bi', 'Bi', 'Bi', 'Bi', 'Bi', 'Bi', 'Bi', 'Bi']","[[1.936611, 0.732859, 0.205349], [-0.495417, 0.787967, 1.8608], [0.49543, -0.788106, -1.860932], [-1.936625, -0.73272, -0.205216], [-3.125766, 4.423324, 3.967265], [-3.500589, 1.546901, 3.473288], [-4.522533, 4.162588, 6.544263], [-4.897115, 1.285996, 6.050038], [-1.594655, -3.304494, 5.056622], [0.937128, -2.868053, 3.622082], [-2.927864, -3.937513, 2.510703], [-0.395754, -3.501103, 1.076367], [-2.845133, 2.22392, -1.387739], [-0.791723, 2.286384, -3.374658]]",[-81777.92222754328],"[[-0.27330090911083765, -0.047362749393336775, 0.22896735285700476], [0.20103518124447273, -0.33553572957311373, -0.10728880021911447], [-0.3314584205098154, -0.5071361342670584, 0.6110276311618998], [0.8573322507269221, -0.007650542789486606, -0.1999976377027067], [-0.05316494052768547, 0.04062579205165867, 0.1532563962770163], [-0.11248633954743602, -0.02124465661190602, 0.17902102388535931], [0.0715385680693627, 0.011232168601020378, -0.11871314346077953], [0.1198204667808167, 0.02112188636826393, -0.16062441066874678], [0.04006015932872077, 0.09807930930589003, 0.23899584342278943], [0.06267118833140561, -0.21637583098070595, -0.0020797253561923882], [0.12902337566631916, -0.12569734336097305, -0.24842002156835136], [-0.17745964349668986, 0.05473758235441049, 0.28187636563490737], [-0.031279590365765386, 0.30390132163325206, -0.6754492274906151], [-0.5144199192727844, 0.7302065559281914, -0.17101506702551417]]"
"['Bi', 'Bi', 'Bi', 'Bi', 'Bi', 'Bi', 'Bi', 'Bi', 'Bi', 'Bi', 'Bi', 'Bi', 'Bi', 'Bi']","[[0.731228, 0.491521, -1.885054], [-0.257281, -1.971259, -0.613881], [0.257225, 1.971426, 0.613958], [-0.731172, -0.491688, 1.884977], [-0.187271, 5.240364, 0.150709], [2.723234, 5.41766, -0.244055], [0.146903, 6.027313, 2.966538], [3.057534, 6.204659, 2.571414], [3.752718, 2.629507, 5.979971], [6.08889, 0.896348, 5.536379], [5.247652, 4.921377, 4.897213], [7.58376, 3.187839, 4.453593], [-4.42064, -5.969939, -2.434541], [-2.155795, -4.73155, -1.20771]]",[-81777.45579735412],"[[0.05330902522828658, -0.21181021773578446, 0.3895329880750781], [-0.0014432088226771858, 0.38574832213494925, 0.059759772350451594], [-0.5891855835432975, -0.34129299836826, -0.11176370489449267], [0.45992854589284865, 0.26625824229252015, -0.2941758100310441], [0.2197983311298521, -0.0003242710519257978, 0.15044736168039377], [-0.06565984029390955, 0.18345864754434357, 0.19467025759315112], [0.05227086462142161, 0.03922429837233217, -0.17604985543399185], [-0.02154371206989525, -0.1542640635835756, -0.09281877791538565], [0.0422491154918428, 0.03681443804600091, 0.00496041560898682], [-0.00303813389856654, -0.021123403319965477, -0.0198133226928369], [0.1503716169394996, -0.0705694159093952, 0.0001505614158795134], [-0.16148444515038612, 0.10032059258940167, 0.029462853012529534], [-0.6008655974242876, -0.4381134948723246, -0.2899446974918364], [0.4727554781043908, 0.22197137729783992, 0.14971289994638748]]"
"['Bi', 'Bi', 'Bi', 'Bi', 'Bi', 'Bi', 'Bi', 'Bi', 'Bi', 'Bi', 'Bi', 'Bi', 'Bi', 'Bi']","[[0.273288, -1.115924, -1.734861], [2.047536, -0.064306, 0.363819], [-2.047722, 0.064283, -0.363774], [-0.273102, 1.115946, 1.734816], [-4.042846, -3.731782, 5.688836], [-5.588159, -3.190834, 3.243902], [-1.937391, -1.89552, 4.764142], [-3.483082, -1.35464, 2.319221], [4.881085, 2.414922, 5.058129], [3.65511, 2.225075, 2.389936], [3.089804, 4.653413, 5.721703], [1.863861, 4.463229, 3.053324], [0.335033, 1.97345, -3.163189], [2.220567, 0.743906, -4.924219]]",[-81777.84774050159],"[[0.03116446658714092, -0.5081139767605026, 0.7435881268194922], [-0.18792033674218622, -0.19179869373316993, -0.19107364224192241], [0.39302326254092385, 0.02254596977242057, -0.11860880803696812], [-0.05757232799682196, -0.13805977981929263, -0.2642642478474063], [0.18567679088664518, -0.04536686775746206, 0.18800729149904435], [0.366501341789914, 0.38466511577586204, -0.22176116378746974], [-0.3752857262720644, -0.19523507784704208, 0.07122247647243374], [-0.17533107743791684, -0.26423822826906795, 0.0989798643956927], [-0.12687290379653401, 0.008277223819545716, -0.23637722483127963], [0.03366053090779328, -0.014501214944479946, 0.15625307008580636], [-0.007130752861190347, 0.013256255254125543, -0.020986168041962544], [0.1428747902083666, 0.053998132677521175, 0.07152041607103572], [-0.6328989893727016, 1.3104015009800198, -0.19385043518712564], [0.4129729771894618, -0.4214422985165148, -0.08507857042481476]]"
"['Bi', 'Bi', 'Bi', 'Bi', 'Bi', 'Bi', 'Bi', 'Bi', 'Bi', 'Bi', 'Bi', 'Bi', 'Bi', 'Bi']","[[-2.015691, 0.079201, -0.510327], [0.108654, 2.074984, -0.10743], [-0.108599, -2.075164, 0.107389], [2.015636, -0.079021, 0.510368], [-4.228045, -4.749782, 0.720352], [-5.679784, -2.881816, -1.029354], [-3.528526, -2.524898, 2.514905], [-4.980536, -0.65708, 0.764969], [0.32511, -4.635403, -2.044321], [1.152971, -4.59838, -4.867721], [0.839002, -7.530763, -1.931801], [1.66698, -7.493403, -4.755347], [5.359345, -0.761988, 1.33152], [7.214724, -0.80057, 3.50507]]",[-81777.13853382778],"[[0.18393533033327011, 0.09779484229528143, 0.295395593465362], [-0.041312554653517325, -0.5092965306005182, -0.23647718937730694], [0.16099069022705573, 0.28834320787173623, -0.25470426395798734], [-0.6425776554494822, -0.03218514368286943, 0.12125612015557835], [-0.04991752231594355, -0.168019987301563, -0.0652963889506374], [0.009510490126275315, 0.08269248253141993, 0.06487848161238431], [-0.051570804266680925, 0.21397575627840193, 0.0661567319648262], [0.11506207211456991, -0.17245683962917358, -0.10467614659022768], [0.11981347337636213, -0.06675173698647335, -0.05215290234334205], [-0.07154340174597103, -0.10687459527145499, 0.2462885244503584], [-0.04987859065040997, 0.3983081165807445, -0.021432264970818602], [0.0009493469413963051, -0.010772593941961768, -0.06526594707242331], [-0.21939338215867663, 0.07729270011692276, -0.6029440783658638], [0.5221743706827223, -0.09913721599592089, 0.6161569847967892]]"
"['Bi', 'Bi', 'Bi', 'Bi', 'Bi', 'Bi', 'Bi', 'Bi', 'Bi', 'Bi', 'Bi', 'Bi', 'Bi', 'Bi']","[[0.883048, -1.625116, 0.953382], [1.080595, -0.425655, -1.726278], [-1.080659, 0.425767, 1.726421], [-0.882984, 1.625004, -0.953525], [-1.010674, -2.656795, 3.468329], [-3.914787, -3.130537, 3.465049], [-0.955362, -3.017252, 6.38841], [-3.859634, -3.49111, 6.384798], [6.229522, -2.777253, -2.72984], [3.331582, -2.550429, -3.186793], [6.634786, -3.353235, -5.587088], [3.736642, -3.126209, -6.043784], [3.452707, -5.722864, -2.199792], [2.167465, -7.440202, -0.311103]]",[-81777.81433505646],"[[-0.110069089866545, 0.0968997893692776, -0.09369295347220889], [0.01120462178656213, -0.22668621745252032, 0.3851068315425157], [-0.01119617313691589, 0.1278402561832963, -0.13086711475984256], [0.12453726097497703, -0.27686307166070917, 0.17733067689101262], [0.08830355832021043, 0.08256572707568056, -0.09415652362778308], [0.11092022832634137, -0.043476005459216746, 0.12149523288141531], [-0.019776864429908215, 0.06709405385010703, -0.34815697341834456], [-0.04024498575247899, 0.025959270509383445, -0.03852099328361292], [-0.24750213723368691, 0.23316658369943413, -0.11228599907864875], [0.3334684586475015, -0.05956416271408951, -0.3597967238016292], [0.22557061517573912, -0.037715425081372836, -0.13081214454394585], [-0.09057410077382987, 0.24669414190872438, 0.17750741461976566], [-0.10780091282913817, 0.4912661969422145, 0.01031999726073027], [-0.2574909813668651, -0.7282530306691494, 0.43388603330161896]]"
"['Bi', 'Bi', 'Bi', 'Bi', 'Bi', 'Bi', 'Bi', 'Bi', 'Bi', 'Bi', 'Bi', 'Bi', 'Bi', 'Bi']","[[-1.774554, 0.74619, 0.789856], [0.308457, -1.104123, 1.736281], [-0.308408, 1.104248, -1.736419], [1.774505, -0.746315, -0.789718], [2.250434, -4.385141, -1.515374], [1.677983, -4.339034, 1.370538], [-0.610088, -3.999777, -2.088754], [-1.182248, -3.953581, 0.797394], [7.505133, -0.991267, 2.928284], [5.601131, 1.045036, 3.869857], [5.64992, -1.725472, 0.765187], [3.74606, 0.31112, 1.706972], [-2.845549, 6.1771, -2.46687], [-2.342367, 3.683275, -1.164607]]",[-81777.57233497043],"[[0.6060916245913432, -0.3889609687283662, -0.12959395519446687], [-0.34783352846231996, 0.33145435816458074, -0.09355781621554232], [0.38942690430015303, -0.4837012359397409, 0.4947515348872688], [-0.37237117354352417, 0.35804986392863847, -0.10703060989730213], [0.01194807724438535, -0.13216346568851986, -0.10017866761664684], [-0.3776691916387888, 0.08037545450701414, 0.11870177917854084], [0.134583132207715, 0.13559604456761526, -0.04316965320643262], [0.2115432856584039, -0.05364974800708133, 0.06980775188894427], [0.010071592562945209, -0.11799241142522457, -0.15238782572817505], [-0.5472899486511699, -0.1313515108625058, -0.45959306816739476], [0.20338187981571892, 0.12255833320269553, 0.15370644242250553], [0.2582629298056316, 0.01705890349967918, 0.2264004134675307], [-0.15251674091176068, 0.21875184014415153, -0.1608350869779412], [-0.024774623790240695, 0.04615381602034181, 0.18007157721629455]]"
"['Bi', 'Bi', 'Bi', 'Bi', 'Bi', 'Bi', 'Bi', 'Bi', 'Bi', 'Bi', 'Bi', 'Bi', 'Bi', 'Bi']","[[-1.157501, 0.079169, -1.727321], [-0.842246, 1.789355, 0.646324], [0.842392, -1.789474, -0.646367], [1.157356, -0.07905, 1.727364], [2.201103, -3.304864, 4.181666], [4.086362, -1.346837, 3.054615], [4.314646, -4.314038, 5.96334], [6.199755, -2.355699, 4.83612], [-4.13059, 0.856727, -0.226843], [-5.604229, 3.209235, 0.74907], [-6.665568, -0.38744, -1.054971], [-8.139011, 1.965398, -0.079026], [1.902053, 3.708851, 0.662485], [0.236085, 4.149487, 2.942537]]",[-81777.88488458395],"[[0.03164357649878995, 0.737349598669269, 0.728880380186399], [-0.2991299685999277, -1.1438494601267295, -0.05159368709743306], [0.11112339701016542, -0.04643545481591363, 0.1089758047775086], [-0.4116113716265722, -0.1371616415677941, -0.15238458613640563], [0.10571086191695694, -0.10518501960848198, 0.11169485071386992], [0.04948169437877558, -0.04748434721329089, 0.02856370688803609], [-0.13097129591737924, -0.0023710381898527444, -0.04914209260157723], [-0.1664132526281219, 0.1612204441322255, -0.14114546526860394], [-0.19552982927596627, 0.12811546721742087, -0.06665408643456705], [0.14234313720354336, -0.3214569779642007, -0.12744703144900058], [0.326583040585229, 0.14215333826352955, 0.11260198783139455], [-0.16413499686076577, 0.067929405727789, 0.002011415735519473], [0.9657891551783188, 0.7255261171527767, -0.5403227694632887], [-0.3754234346333099, -0.150964153700751, 0.01870350540135822]]"
"['Bi', 'Bi', 'Bi', 'Bi', 'Bi', 'Bi', 'Bi', 'Bi', 'Bi', 'Bi', 'Bi', 'Bi', 'Bi', 'Bi']","[[1.63913, -1.229866, 0.361107], [-0.234917, -0.864573, -1.877826], [0.234937, 0.86472, 1.87795], [-1.63915, 1.229719, -0.36123], [-0.089091, 1.649916, 5.204498], [-2.167689, 3.561031, 4.376621], [1.978327, 3.685269, 4.711567], [-0.10063, 5.59632, 3.883815], [0.478296, -0.750263, 11.700399], [-0.635869, -2.166999, 9.374499], [2.106414, 0.917868, 9.904172], [0.99191, -0.499046, 7.57832], [0.385712, -0.10557, 15.027514], [0.080568, 2.390326, 16.386057]]",[-81777.40274706915],"[[-0.1916707041472327, 0.2917939387491586, 0.14658083177047299], [-0.0726260938841424, 0.005720594559432986, 0.0003821475930163943], [0.035735664271207765, -0.2445482980271812, -0.08869719443123879], [0.25727038059399615, -0.07741796433200637, 0.07373310867163009], [-0.05398964803241084, 0.31527172310085205, 0.02721894206013827], [0.2186576862944725, -0.2423596195433537, 0.02674135424239994], [-0.18400387598134338, -0.1237011377659214, -0.09680666396143012], [0.021543840625124197, 0.13538325995266617, 0.014551099515519608], [-0.25669085362191396, -0.058127223787038405, -0.5188499324622151], [0.2569423590718211, 0.1491771845963296, 0.14635308332687472], [-0.04164796038804293, -0.2195365412616293, -0.00908459179499103], [-0.07591849614159663, -0.04137135067302743, -0.06205720855796623], [0.24344015195367882, -0.6513631197955558, -0.1406837977304181], [-0.1668839704544254, 0.7581200098993892, 0.48078606614610175]]"
"['Bi', 'Bi', 'Bi', 'Bi', 'Bi', 'Bi', 'Bi', 'Bi', 'Bi', 'Bi', 'Bi', 'Bi', 'Bi', 'Bi']","[[2.07033, 0.121462, -0.169399], [-0.049493, 1.929233, 0.777507], [0.049454, -1.929421, -0.777508], [-2.070291, -0.121273, 0.1694], [2.438939, -4.431281, -0.170925], [4.236464, -5.524132, 1.886474], [0.348726, -4.040209, 1.863267], [2.14663, -5.133049, 3.920593], [-5.442071, 0.823867, -4.615336], [-3.82824, -1.593171, -4.155128], [-6.244863, 0.826678, -1.784192], [-4.630747, -1.590432, -1.324233], [0.628655, -4.346504, -3.194189], [0.185641, -7.160793, -2.966686]]",[-81777.23331607968],"[[-0.2362278950773376, -0.2278021796839425, 0.03906920934413342], [-0.33033340799027544, -0.07977895824471122, -0.08403048535427526], [0.18409772129847293, 0.3936587881707343, 0.11128342255915566], [0.4403995153755089, -0.13689393815903989, -0.08708218080105364], [0.1350546213653922, -0.35031155905545597, 0.16295239159865868], [-0.18669947344394522, 0.239503585155029, -0.4147838061443754], [0.37169116780449885, -0.20171462134049073, 0.3656634702297447], [-0.4686439219281016, 0.21598018940810607, -0.04172802972683878], [0.01357393579368427, -0.02283909112104172, 0.07907211017388226], [-0.008754302558577422, 0.056698666660914485, -0.022212142696106406], [0.06970249086748442, -0.016422431703383648, -0.07269068003116416], [0.11117116813324122, 0.14546636077970648, 0.17023499389627836], [-0.2498578346709593, 0.7447646642747932, -0.41673023515477964], [0.17378563789763649, -0.7502776267128531, 0.18611120471629475]]"
"['Bi', 'Bi', 'Bi', 'Bi', 'Bi', 'Bi', 'Bi', 'Bi', 'Bi', 'Bi', 'Bi', 'Bi', 'Bi', 'Bi']","[[-1.503408, 0.735483, -1.236344], [1.378679, 1.246498, -0.935089], [-1.378746, -1.246667, 0.935154], [1.503475, -0.735314, 1.236279], [-6.211044, 2.841443, -2.923309], [-4.425578, 4.703748, -1.508302], [-5.544205, 0.729818, -0.985211], [-3.758803, 2.5925, 0.429747], [-5.555472, -2.278456, -6.763196], [-5.189937, -3.61114, -4.165379], [-4.15089, 0.09724, -5.741886], [-3.785371, -1.235829, -3.144064], [-0.834778, 0.823232, 4.573131], [-3.209573, -0.497325, 3.687287]]",[-81777.38308794306],"[[0.42666472613716006, -0.39916378018459975, 0.36559425609448093], [-0.18985884675048756, -0.32211939734790634, 0.21353208647226835], [0.5170131353510548, 0.5107105352747254, -0.131349659667209], [0.012182767670346603, 0.11780801180482645, -0.5951016951793278], [-0.05368260672359957, 0.0748616693154889, -0.0027399469597040585], [0.0303687200043922, -0.1689109264602406, 0.10978287450482277], [0.15090707517909963, 0.186387187081793, 0.09762046998274099], [-0.4309867015121857, 0.05240841871639233, -0.2707186459380734], [0.06354197003018473, 0.1502783372653774, 0.018223099653001427], [0.12611566207595876, 0.41307515288542695, 0.1592719068160665], [-0.06719514968214906, -0.2931916940424274, -0.03060512792821215], [-0.0870147664389951, -0.21207421875394505, -0.1598099361602454], [0.5386345821967882, 0.2971809684849445, 0.05473156596969588], [-1.024816059879603, -0.4173198408568111, 0.16179153788128897]]"
"['Bi', 'Bi', 'Bi', 'Bi', 'Bi', 'Bi', 'Bi', 'Bi', 'Bi', 'Bi', 'Bi', 'Bi', 'Bi', 'Bi']","[[-1.161322, 0.713615, 1.572196], [-1.559632, 0.378956, -1.323951], [1.559768, -0.379064, 1.324034], [1.161186, -0.713506, -1.57228], [3.137435, -3.416198, 1.7485], [2.630997, -5.521838, 3.740512], [5.816069, -4.529437, 1.253038], [5.309262, -6.635159, 3.24513], [0.622344, 3.086751, 3.037581], [-1.45024, 4.01717, 1.167546], [2.144249, 5.564072, 2.583107], [0.071313, 6.494336, 0.713108], [-2.919705, 6.473085, 2.928612], [-4.286219, 6.265966, 0.427015]]",[-81777.94269869155],"[[0.4370775968374891, 0.2723680095254325, 0.026114477808392836], [0.0685431283907705, -0.059398686423392015, -0.023219845998129818], [-0.2740263205567262, -0.019179704822623943, -0.17908931242297468], [-0.09786673037930724, 0.029486990542316172, 0.07229236450980223], [0.08751392068194115, -0.01986492990394442, 0.0938574527431664], [0.10934419264157223, 0.08888143978536217, -0.14253062214943615], [-0.2872051855630271, 0.08731306599223812, 0.05153033508060917], [-0.001261900698424719, -0.028045660168644328, 0.04289837082010458], [-0.6196865971626919, 0.24978203850797354, -0.23992617190361568], [1.1848878887522543, -0.3748227731815892, -0.37003727907308087], [-0.2731520935778114, 0.012041428909435757, -0.028248988260952252], [0.26414026918461214, -0.6300450632901317, -0.40391477006965937], [-0.809906169885598, 0.5448288873482546, 1.0861831839685947], [0.20378286928584294, -0.14567019795072103, 0.008346551083410956]]"
"['Bi', 'Bi', 'Bi', 'Bi', 'Bi', 'Bi', 'Bi', 'Bi', 'Bi', 'Bi', 'Bi', 'Bi', 'Bi', 'Bi']","[[-0.929543, 1.299952, -1.332587], [1.687883, -0.039367, -1.215897], [-1.688027, 0.039289, 1.215998], [0.929686, -1.299874, 1.332486], [-7.189747, 4.085652, 1.617124], [-4.644294, 5.557996, 1.511349], [-5.719137, 1.575334, 2.059246], [-3.173697, 3.048056, 1.953545], [-3.673021, -1.775838, 3.748577], [-0.762457, -2.004353, 4.115612], [-4.105036, -3.389079, 6.171525], [-1.194252, -3.617325, 6.538393], [-4.467683, -5.690213, 0.040637], [-3.226903, -3.232245, 0.806863]]",[-81777.92080983239],"[[-0.023791803638331794, -0.09793105941587112, -0.032757296727019394], [-0.10090078804867442, -0.04678932108131567, 0.29308617591050967], [0.2049520533820482, -0.007865286586124814, 0.11152762607205881], [-0.32597070631872016, 0.10510819500366467, 0.15431805677973234], [0.033335255325308503, -0.10519499549424807, 0.06316448045591182], [0.19558325682911562, -0.27138934427852307, 0.01565328576860814], [-0.10783654833860161, 0.19002437446327664, -0.09344597316636054], [-0.1388974456910956, 0.13928527110577565, -0.015439673257984643], [0.3523806297542734, -0.0911682316199202, 0.3270119008289882], [-0.09942692805987043, 0.1270561721309174, -0.10387668733246705], [0.14402289124702503, 0.2705779036734248, -0.21261379076087134], [0.03201269455655399, -0.04144684344567284, -0.03809234901263838], [-0.23666138330933872, -0.5563551491754269, -0.130998858158465], [0.07040589365817768, 0.3874677226110374, -0.33371405055687725]]"
"['Bi', 'Bi', 'Bi', 'Bi', 'Bi', 'Bi', 'Bi', 'Bi', 'Bi', 'Bi', 'Bi', 'Bi', 'Bi', 'Bi']","[[-0.881064, 1.825061, -0.471798], [-1.364655, -0.258237, 1.549173], [1.364831, 0.258245, -1.549251], [0.880888, -1.825069, 0.471876], [8.081983, -1.791337, -1.022033], [6.586985, -3.52891, 0.822997], [5.567812, -1.047113, -2.358047], [4.072981, -2.784771, -0.512681], [1.84015, -2.550609, 3.597298], [2.168107, -4.444461, 5.825321], [-0.113289, -4.361216, 2.346043], [0.214803, -6.254927, 4.574398], [-0.4144, 5.255774, -0.242351], [-1.393016, 6.938152, -2.335234]]",[-81777.58328038942],"[[0.31010380289727935, -0.5209998901110845, 0.39906304430719874], [0.09192321076846602, -0.004974503205195485, -0.48632854486472743], [-0.4115513106236093, -0.1474111442831803, 0.11654678216469683], [0.06580022260391705, -0.1988404863759306, 0.4854068038731946], [-0.06089537782085657, 0.005087515592739762, 0.013125766554537623], [-0.058540194604500016, 0.025210415731944553, -0.07311306109138453], [0.05697552320196957, -0.0395851220467247, 0.07150709774931707], [-0.021629777224569078, 0.05142363424058516, 0.06444129098978953], [0.03480881192377218, -0.13879079627316318, 0.026206230246395172], [0.004266303247578945, 0.2943986219538508, -0.16828563382665412], [0.060602374743046056, 0.11242550721309942, 0.007015978752788614], [-0.028170405020603004, 0.05703681833513035, -0.29875304466866215], [0.3244323630270775, -0.26064588095144015, 0.5613348645238248], [-0.3627881011349867, 0.759073889698158, -0.706174441429289]]"
"['Bi', 'Bi', 'Bi', 'Bi', 'Bi', 'Bi', 'Bi', 'Bi', 'Bi', 'Bi', 'Bi', 'Bi', 'Bi', 'Bi']","[[1.088072, 1.130838, 1.366389], [0.369687, 1.42312, -1.472062], [-0.369798, -1.423234, 1.47217], [-1.087961, -1.130723, -1.366497], [-6.356362, 2.081989, -1.33899], [-5.122533, -0.564535, -0.975817], [-4.765933, 2.488084, -3.781423], [-3.532296, -0.158695, -3.418036], [-8.821734, -0.907848, 0.517348], [-7.223078, -2.601438, 2.315784], [-7.686716, 1.498492, 1.774774], [-6.08799, -0.195459, 3.573096], [-2.293184, 1.839482, 1.502412], [-1.860899, 4.224501, -0.011873]]",[-81777.01651172189],"[[0.3337702549029718, -0.33032024393483156, -0.2790002766308673], [0.02562955720039551, -0.07680948672236582, 0.36938946356338326], [0.19000020608023505, 0.30810209513842884, -0.13733328850948093], [-0.06887140702340341, -0.0602980588050884, 0.14720941541792046], [0.060716428942165696, 0.2638786850047557, -0.1402575600133294], [0.24288407345535604, -0.18916372291653838, -0.38159084603088106], [-0.30963077107685477, -0.20284580451101997, 0.3232233268098994], [-0.06309192388469549, -0.11490394918296803, 0.2709999247790041], [-0.20371200964364863, -0.05303191157677361, 0.11891811191780881], [0.04881455444706303, 0.13762474892454413, -0.15784175560510366], [0.035889658008855914, -0.03137679868768413, -0.09109891464047329], [-0.08986807545646616, -0.016228020201755317, -0.0630877072731861], [-0.2856983640135217, -0.27922689378845084, 0.09864253547494209], [0.09916704080903603, 0.6448494834553912, -0.06804186584206974]]"
"['Bi', 'Bi', 'Bi', 'Bi', 'Bi', 'Bi', 'Bi', 'Bi', 'Bi', 'Bi', 'Bi', 'Bi', 'Bi', 'Bi']","[[-1.760067, 0.642878, 0.904758], [-1.095159, -1.280981, -1.22009], [1.095299, 1.281026, 1.220215], [1.759927, -0.642923, -0.904883], [4.305302, 1.23855, -6.219742], [3.569707, 0.812592, -3.402691], [7.13677, 0.804389, -5.545835], [6.400813, 0.378326, -2.728711], [7.025141, -1.212195, 0.095547], [9.591502, -1.664563, -1.271007], [8.418347, -1.136545, 2.686515], [10.984727, -1.58882, 1.319588], [6.948941, -4.433381, -0.855202], [9.569048, -5.56819, -0.730744]]",[-81777.52021887129],"[[0.11493068867058853, -0.05128294854023734, -0.030222357305134197], [0.06615344095096522, 0.09375306589726337, 0.047590338428451125], [-0.05773667300150473, -0.02185154013670766, -0.06720558836673936], [-0.0564772945566719, 0.07709575350617964, -0.12057395468870676], [-0.18062102226480375, -0.025839580449026872, 0.2959106371346056], [0.3308099365129273, -0.10216222337717036, -0.08746434978566012], [-0.056887694269554624, -0.05672288646604765, 0.3392110207244565], [-0.18582761188124297, 0.010978405721292906, -0.08368338623612485], [0.3151782891604551, 0.46406797284277296, 0.1186297368282403], [-0.24951706047007294, -0.24154488792439444, 0.0504227443656958], [-0.38083257586847424, 0.048283688200240905, -0.5212431166042477], [0.3316015796127681, 0.050285036004450355, 0.22431797302490297], [-0.8754436256015524, 0.044793418876604325, -0.08439918175088837], [0.8878240083698327, -0.27061960698969445, -0.062424465136015156]]"
"['Bi', 'Bi', 'Bi', 'Bi', 'Bi', 'Bi', 'Bi', 'Bi', 'Bi', 'Bi', 'Bi', 'Bi', 'Bi', 'Bi']","[[-0.355906, 2.00623, -0.422002], [-1.526179, -0.545129, -1.304805], [1.526273, 0.545129, 1.304973], [0.355812, -2.006231, 0.421834], [1.725546, 4.600702, -0.298183], [4.529308, 3.784835, 0.064574], [2.279673, 5.252374, -3.113876], [5.083513, 4.436268, -2.750827], [5.720182, -2.648174, 3.482659], [4.631195, -0.113361, 2.45936], [8.375357, -1.929353, 2.437096], [7.286047, 0.605593, 1.413961], [3.19162, -4.613314, -2.196935], [0.614616, -3.46976, -2.665525]]",[-81777.5748117966],"[[0.1740510273122697, -0.29960762840859423, 0.16628109785276685], [0.24928375844058429, 0.29972559068667376, 0.26058983087162035], [-0.17982043172102838, -0.15586231361190636, -0.0017249314362582755], [0.0793098345032466, 0.6454084415908422, 0.2943140840352969], [-0.11774532827519305, -0.16432320171594067, -0.07601974623991338], [-0.09148175211227028, 0.09486275463351311, -0.15141461122297287], [0.07870295097844496, -0.044760323618464826, 0.027430353705242234], [-0.07371140854898425, 0.02740474550363647, 0.04247939904455583], [-0.09212180288613962, 0.1726782117334162, -0.03471881812130181], [-0.03915600469250764, -0.16236211740943668, -0.051779423692212216], [-0.001789036786723787, 0.12139963921317211, -0.07291086942730046], [0.04659866853458169, -0.20820465494062118, 0.13969237980479737], [0.7034012480304962, -0.28434118075050785, 0.29927251063778143], [-0.740704375923807, -0.042224993388683636, -0.8468328880685592]]"
"['Bi', 'Bi', 'Bi', 'Bi', 'Bi', 'Bi', 'Bi', 'Bi', 'Bi', 'Bi', 'Bi', 'Bi', 'Bi', 'Bi']","[[-0.750783, -1.832035, 0.640068], [1.538968, -0.14418, 1.392729], [-1.539116, 0.144266, -1.392817], [0.750931, 1.831949, -0.63998], [-1.171127, -4.83609, -5.041399], [-3.915554, -5.660365, -4.372818], [-1.623328, -2.251084, -3.709814], [-4.367829, -3.075738, -3.041225], [3.341732, -2.719862, 2.416729], [5.120972, -0.514699, 3.210375], [5.646132, -4.548041, 2.330925], [7.425212, -2.342578, 3.124752], [3.109528, 0.564836, -2.6794], [2.017246, -1.770662, -3.912533]]",[-81777.73336459583],"[[-0.07652250002926991, -0.16192364123455244, 0.08478099078085381], [-0.09439424795714743, 0.16117853512758956, -0.12680816338323753], [0.21245268534795797, 0.10886740700846252, -0.07292408490483597], [-0.2266459025327233, -0.2624759417686039, 0.40274188358286045], [-0.1692752519790696, 0.238655326332361, 0.24624558700389088], [-0.012449972284812521, 0.03386171984109156, -0.06695649975513632], [-0.41703897339261303, -0.16253201600000985, 0.01749640779703258], [0.33874410813292977, -0.10297309833926128, -0.043013114075251366], [0.020882305701393628, -0.12356450926859908, -0.008440082725781886], [0.16321952936440554, -0.014845521843057674, 0.0018025906216218735], [-0.20560866206940562, 0.15046407386015653, -0.07522229244372428], [-0.126460344355805, 0.14730500908616365, 0.030580090511822904], [0.7941221588757809, 0.7094335735934924, 0.01905455887835096], [-0.2031142278290563, -0.70893323664244, -0.39701562230893556]]"
"['Bi', 'Bi', 'Bi', 'Bi', 'Bi', 'Bi', 'Bi', 'Bi', 'Bi', 'Bi', 'Bi', 'Bi', 'Bi', 'Bi']","[[1.478145, -1.442406, -0.253507], [0.861394, 1.147445, -1.506743], [-0.861465, -1.147477, 1.506919], [-1.478074, 1.442438, 0.25333], [-2.404452, 4.388899, -3.003506], [-5.107778, 3.70968, -3.946376], [-1.419435, 1.78272, -3.950834], [-4.123002, 1.103794, -4.893774], [-8.312793, 4.553407, -3.267423], [-9.702395, 3.046563, -5.378523], [-7.249129, 6.406748, -5.290689], [-8.639032, 4.89969, -7.401683], [-2.865377, 4.549732, 5.002156], [-1.314301, 3.781851, 2.727784]]",[-81777.28405468746],"[[0.08760041263997508, -0.025117094920149095, -0.038518283339386776], [-0.22062612396007214, -0.13751640257758962, 0.23063029187654047], [-0.11385072190327078, 0.28022124277329147, -0.2913113424197006], [0.6241767741992688, -0.2928560106286073, -0.0717483187809087], [-0.49765482617775353, -0.1834095908689783, -0.4342832689590577], [0.1945693674494754, -0.16194549562347302, 0.31131546164112794], [-0.24905955812130492, -0.07091903471003291, 0.03223416436277058], [0.10764438398237522, 0.6109921499187112, 0.052887261233165145], [0.20964143960139756, -0.1389251107763645, -0.18375746131850237], [0.011139819666755738, 0.06666323956686791, 0.05938701360860385], [0.023009179973353736, -0.15178104504755655, -0.034732347273595934], [0.07785644050689058, 0.05809945585758637, 0.07561130056651061], [-0.24721736169052888, 0.3738976383320123, 0.6409347196235704], [-0.0011491721608259513, -0.2281929875799341, -0.352155092460613]]"
"['Bi', 'Bi', 'Bi', 'Bi', 'Bi', 'Bi', 'Bi', 'Bi', 'Bi', 'Bi', 'Bi', 'Bi', 'Bi', 'Bi']","[[0.79864, -1.313572, -1.40229], [1.615044, 1.281335, -0.28057], [-1.615166, -1.281441, 0.280674], [-0.798518, 1.313679, 1.402186], [-3.306155, -6.767015, -0.535036], [-2.160468, -4.233901, -1.498906], [-4.63215, -7.155698, -3.133213], [-3.486147, -4.622454, -4.096904], [-1.151268, 0.359555, 7.579683], [-1.103106, 3.286933, 7.285662], [-1.099686, 0.064859, 4.652166], [-1.051398, 2.992443, 4.358446], [2.685166, -2.517816, 1.178209], [4.371974, -0.344806, 1.95342]]",[-81777.81584497237],"[[-0.44998346195960315, 0.5279326164976087, 0.01198812476930617], [-0.07357724831205767, -0.3537995195271807, -0.40471849736102095], [0.11970265876901187, 0.35383993729116087, -0.2688531552998126], [-0.26086889856261325, -0.25245943255015685, 0.2057372172983502], [0.016560921680421083, 0.09730391558698781, -0.08700890432055522], [-0.137063476794972, -0.06597788593031848, 0.02142144062054147], [0.061597957858084564, 0.028757912701298113, 0.021583610470750494], [0.023286499313233015, -0.01999241041117504, 0.125638516488208], [0.003289652203996639, -0.18014423663169402, -0.18511839839420144], [-0.011637909472406147, 0.018628639978230044, -0.35759143598222204], [-0.004801444727094851, 0.07927826133901782, 0.3081667327075422], [0.05717339541036109, -0.04430995351379865, 0.0748104014901858], [0.1574906969859018, -0.6159497537677305, 0.21753622189925143], [0.5071074921620495, 0.42955197373507253, 0.32749639977583456]]"
"['Bi', 'Bi', 'Bi', 'Bi', 'Bi', 'Bi', 'Bi', 'Bi', 'Bi', 'Bi', 'Bi', 'Bi', 'Bi', 'Bi']","[[-1.232551, 0.723926, -1.512106], [1.43129, 1.431224, -0.481573], [-1.431353, -1.431402, 0.481608], [1.232614, -0.723748, 1.512071], [-1.381164, 3.846894, -2.783496], [-2.271491, 3.644453, 0.013762], [-4.18453, 4.007575, -3.663941], [-5.074604, 3.805233, -0.86641], [4.331283, 0.473106, 2.077612], [4.659012, -2.441167, 1.836935], [6.075991, 0.473411, 4.447391], [6.403654, -2.441018, 4.206369], [-1.49584, -2.064936, -3.442412], [-1.60013, -2.413771, -6.27714]]",[-81777.61415617881],"[[0.34210083942694786, 0.1526756351747362, 0.599771849536427], [-0.4503624427745319, -0.18450832669972195, -0.08834510737020533], [0.13534474480607436, 0.6632745330886461, -0.1641996858519707], [0.20825108908931597, -0.09087414867818655, -0.25092602577930573], [-0.09220366685593155, -0.26654795435646966, 0.19261255117657236], [-0.05642597530927722, 0.17749203941438388, -0.09874681947666195], [-0.004412403694169897, 0.00435984260326361, -0.047641832510957174], [0.06185861644029263, -0.05923063902811565, 0.056848253525314425], [-0.19264206745713805, -0.11426754937760074, 0.143282670238762], [0.11759239897484057, -0.01658301261096292, 0.20816140896160423], [-0.10720359381336998, 0.01777373227912102, -0.10523171086763465], [-0.10454131786611061, -0.017557877765304725, -0.15945214124704682], [0.30591732473356126, -0.12969520529278364, 0.14148048019523354], [-0.1734927890861007, -0.1396744849169283, -0.4312321391552868]]"
"['Bi', 'Bi', 'Bi', 'Bi', 'Bi', 'Bi', 'Bi', 'Bi', 'Bi', 'Bi', 'Bi', 'Bi', 'Bi', 'Bi']","[[2.080752, -0.003535, -0.01319], [-0.007905, 1.316136, -1.611406], [0.007856, -1.316196, 1.611582], [-2.080703, 0.003595, 0.013014], [1.596562, -3.496753, 4.140913], [-0.974434, -4.249252, 2.923522], [2.98006, -5.444228, 2.422444], [0.408777, -6.19647, 1.205076], [-4.875126, 5.618594, 2.222387], [-4.619624, 4.811388, -0.595671], [-2.383971, 4.18688, 2.858156], [-2.128655, 3.379887, 0.039836], [-6.921607, -2.642764, 0.987814], [-5.011718, -0.565685, 1.442031]]",[-81777.04699318354],"[[-0.35061037282961477, -0.16215709753031582, 0.29405177994615833], [-0.5752291136681565, 0.01781504992970381, 0.3267220859208555], [-0.02983896961695731, 0.4253023492428968, -0.6535675848614978], [1.0212046863880915, -0.04846131553117823, -0.22863542325586983], [-0.1774822692169841, -0.10014436908156442, 0.0563510533218483], [0.15493100811134017, 0.0165314053998554, 0.16334597628759542], [0.048676439851294113, 0.016534141055127342, -0.024296784004253634], [-0.0429366031451927, 0.09320248956273947, -0.030940389680881336], [0.026267545948392586, 0.0810711954060623, 0.05837127303366682], [0.3466795653052217, -0.3034025787670387, 0.17003059108225646], [-0.1152453404489533, -0.05661633989229837, -0.23421168628866215], [-0.003284557303163107, 0.06328465388392922, -0.027503897580616853], [-0.5119241994801457, -0.48341306653853877, -0.06767044407460301], [0.2189583512639281, 0.45021049049391937, 0.2013990439644775]]"
"['Bi', 'Bi', 'Bi', 'Bi', 'Bi', 'Bi', 'Bi', 'Bi', 'Bi', 'Bi', 'Bi', 'Bi', 'Bi', 'Bi']","[[-1.484349, -1.288168, -0.683408], [-1.406696, 1.521546, 0.187106], [1.406862, -1.521624, -0.187166], [1.484184, 1.288246, 0.683468], [0.638812, -3.005741, 2.789708], [2.802014, -4.477174, 4.136466], [1.375851, -0.570005, 4.267485], [3.539185, -2.041756, 5.614069], [-4.493072, -4.494084, 3.695185], [-2.909797, -2.795818, 5.502793], [-3.832113, -2.71565, 1.445704], [-2.248709, -1.017546, 3.253637], [4.656631, -1.25003, 2.391147], [3.828381, 1.38317, 3.131757]]",[-81777.70568774531],"[[0.46360347708955035, -0.2425848483044646, 0.12086634070141834], [0.673247333529252, 0.16541982924092966, 0.054255911622600884], [-0.6315388750504678, 0.3993483340712726, -0.5440220747313983], [-0.5032278496187764, -0.21997681720971876, -0.10212571369215008], [0.4529596697759453, 0.02108815347618887, 0.5557103161470408], [0.0315637385594062, 0.44029826527719224, -0.03632978483287978], [0.44516881152517024, -0.6952966121769132, -0.3859587927557773], [-0.5912023579749803, -0.04370466407383592, 0.2448510713023915], [0.008629192609768542, 0.0574318428426313, -0.11945264455976042], [0.0441945469136705, 0.20714232595071466, -0.2714422061886651], [0.09948997154414485, -0.06384978267036966, 0.3354977800695293], [-0.514434831679342, -0.24015145208681818, 0.19425512704784323], [-0.3725909001408363, -0.015741006714630773, -0.3020885900609502], [0.3879682138283645, 0.25161158510422144, 0.257984067803005]]"
"['Bi', 'Bi', 'Bi', 'Bi', 'Bi', 'Bi', 'Bi', 'Bi', 'Bi', 'Bi', 'Bi', 'Bi', 'Bi', 'Bi']","[[1.529989, -1.409964, 0.029169], [-1.251918, -1.377818, -0.929099], [1.252006, 1.377988, 0.929119], [-1.530077, 1.409794, -0.029188], [-4.117909, 3.939707, 0.504422], [-3.85356, 2.623294, -2.113877], [-7.037265, 3.588737, 0.385927], [-6.772574, 2.272167, -2.232458], [2.801964, -3.39017, 2.446198], [5.418334, -4.545845, 3.137092], [1.628118, -4.608774, 4.853884], [4.244801, -5.764281, 5.544627], [-2.124061, -5.670771, 3.309811], [0.1596, -5.29486, 1.632959]]",[-81777.68456084315],"[[-0.004578322214854949, -0.16295588830088595, 0.012317555256790432], [0.22632801116258908, 0.21291193604783962, 0.24100166494896613], [-0.6111397313215395, -0.007016744941953124, -0.14305523032771325], [0.21167708594068943, -0.08177516383976288, -0.12287571035191394], [-0.09000516675261266, 0.027003365225616496, 0.007175454085398963], [-0.10843823823215389, -0.03920493281264396, 0.1243071471151662], [0.14621280386105037, 0.006613719157002663, 0.06741323077253067], [0.37000971683199513, -0.02703781288476449, -0.017050953644321243], [0.10465557775359655, -0.2672096024088017, 0.2754880449319178], [-0.3672972015012642, 0.2517401917552576, -0.08045053076071777], [0.30046092659623685, 0.42666868563821153, -0.22663592664695717], [-0.020206999941538514, -0.1272302359109084, 0.02099662215318032], [-0.5991141609851465, -0.19543187019151048, 0.4924109041228288], [0.4511947093267192, -0.017620201340297067, -0.6456537249676685]]"
"['Bi', 'Bi', 'Bi', 'Bi', 'Bi', 'Bi', 'Bi', 'Bi', 'Bi', 'Bi', 'Bi', 'Bi', 'Bi', 'Bi']","[[0.702541, 0.952936, 1.711159], [-1.606128, 1.32042, -0.075826], [1.606211, -1.320594, 0.075828], [-0.702624, -0.952762, -1.711161], [6.515409, -2.263306, 3.638042], [3.929089, -2.349122, 2.237365], [5.717323, -4.589708, 5.25383], [3.130984, -4.675357, 3.852807], [2.511003, -8.479694, -1.789219], [2.05199, -8.853937, 1.093065], [1.817709, -5.631569, -1.52963], [1.358867, -6.006113, 1.352822], [-4.397341, -0.518242, -0.101413], [-6.350065, -1.69373, -1.825752]]",[-81777.50190564658],"[[-0.10667759723862029, 0.12713937307509035, -0.17084609403258938], [0.1046034871748282, -0.20634507784289186, 0.2152152343737941], [0.031458055876795434, 0.07923095301476621, 0.033059010707143205], [0.4606499978376857, 0.0673110550765655, 0.22503880790464112], [-0.3249220041830817, -0.015653085222450985, -0.17392710007156711], [0.05974275163813934, -0.07565012424565189, 0.028705750131601555], [-0.2341653549841505, -0.036969804753494186, -0.08753284401164181], [0.22680196858066204, 0.03763862104539218, -0.12584837004393717], [-0.03706161375579726, 0.08585067312985599, 0.05696729566731711], [0.014233238998640358, 0.14286584276443207, -0.059103575039826814], [0.05028692833742042, -0.19132756453013378, 0.06170666415968012], [0.07036064221758917, -0.07929646475943636, 0.09899220569767139], [0.4099520835755386, 0.5216061565707872, 0.3121028881294593], [-0.7176523664903782, -0.45282201283679147, -0.4170612391582662]]"
"['Bi', 'Bi', 'Bi', 'Bi', 'Bi', 'Bi', 'Bi', 'Bi', 'Bi', 'Bi', 'Bi', 'Bi', 'Bi', 'Bi']","[[-1.095137, -1.755039, 0.224111], [0.790979, -0.721467, -1.784024], [-0.79097, 0.721543, 1.784201], [1.095128, 1.754964, -0.224288], [-1.101451, -0.202902, -4.541954], [-1.331831, -1.889218, -6.942283], [-3.786722, 0.888045, -5.050884], [-4.016879, -0.798584, -7.45123], [-5.451455, 6.458576, -2.419256], [-3.599839, 7.046389, -4.629303], [-5.422303, 3.608909, -3.153015], [-3.570479, 4.197044, -5.363037], [2.342608, 3.839629, -3.774003], [-0.273629, 2.941712, -3.05477]]",[-81778.0421373714],"[[-0.11880812006392381, -0.027342344795506766, 0.026408113377929764], [0.03224312723333259, 0.16121931284621077, 0.05774850008256763], [0.2583164602029641, 0.08045449026176928, -0.2833326906904833], [-0.10679499387369248, -0.4768612235843317, 0.34514389596234113], [-0.14391043113274427, -0.20490001422537144, -0.44102866466596374], [-0.11024413066627597, 0.2229511224086725, 0.47637235375970116], [0.3550650686230029, -0.04252521098594252, -0.01813083299408331], [0.051710929466230536, 0.08679905076482607, -0.005123559907831247], [-0.09770248821880763, -0.21448205819207733, 0.10976163718100113], [0.1315253175320389, -0.4200890233324609, -0.25948513007825363], [-0.10496904682385505, 0.16800430356363177, 0.1267437315024905], [-0.12640491134108411, 0.25435346244924334, -0.06837826916517195], [0.5073352920277394, 0.15688052244723916, -0.16859992565037785], [-0.5219254877594857, 0.24643883122404042, 0.0814579409568192]]"
"['Bi', 'Bi', 'Bi', 'Bi', 'Bi', 'Bi', 'Bi', 'Bi', 'Bi', 'Bi', 'Bi', 'Bi', 'Bi', 'Bi']","[[0.160754, -1.997662, 0.559658], [-2.052634, -0.072172, 0.332251], [2.052793, 0.072208, -0.332354], [-0.160913, 1.997627, -0.559556], [4.710472, 4.959259, -4.259786], [1.980301, 5.404655, -5.262832], [3.680461, 2.989316, -2.331507], [0.950254, 3.434857, -3.334908], [0.458408, 1.817616, -6.270513], [-2.437492, 2.310374, -6.099438], [0.274398, 1.756769, -9.206888], [-2.621634, 2.24969, -9.03549], [1.445402, -2.000951, -2.977847], [1.363937, -1.486959, -5.788082]]",[-81777.50442396822],"[[0.10411770267569237, 0.1878434092931858, -0.060069384763841764], [0.03580310948652125, -0.028243239271113853, 0.03867034360639159], [-0.41812840182478106, 0.12431892277413753, 0.22955150781732903], [0.2053871356988883, -0.14652915256843724, -0.34490180075519267], [0.033401373850659284, -0.14618015083289845, 0.07808166926800152], [-0.12051517923803329, -0.337595441451264, 0.327117161850448], [0.09771760631373151, 0.1814264464851874, -0.13710116918809856], [0.06453338795580545, 0.295862711745255, -0.023133163778357058], [-0.29315235614237034, 0.47113336822556795, -0.4131948120925286], [0.2109964117144736, -0.03512378766131391, -0.15598186997482485], [0.06068552426512742, 0.08942204023411998, 0.5935127525495726], [-0.057322982274761014, -0.07694632090805444, 0.01810572872897501], [0.27918812153140116, -0.09990669617429165, -0.03238691368580254], [-0.21047514597214903, -0.4874740233767153, -0.10064820273484407]]"
"['Bi', 'Bi', 'Bi', 'Bi', 'Bi', 'Bi', 'Bi', 'Bi', 'Bi', 'Bi', 'Bi', 'Bi', 'Bi', 'Bi']","[[-0.857893, 1.858589, 0.373337], [-1.332906, -0.882647, 1.331616], [1.33308, 0.882686, -1.331688], [0.857718, -1.858629, -0.373265], [-3.397955, 6.060177, -3.346305], [-3.065202, 4.044065, -1.229023], [-6.125037, 6.614624, -2.389501], [-5.791923, 4.598423, -0.272117], [4.224188, -1.773794, -0.907347], [4.659304, -0.840097, 1.848954], [6.859714, -0.717675, -1.680958], [7.294626, 0.215851, 1.075622], [9.838822, -1.34224, 6.549669], [8.464807, -0.396735, 4.228818]]",[-81777.42187548481],"[[-0.01032410588584734, 0.02726637893961882, -0.023201735137476105], [0.15424467745505077, 0.035668733276810055, -0.15597986451325332], [-0.2301944382283267, 0.018259521920466006, 0.04555941263716611], [-0.01126053816894387, 0.10300929949173207, -0.041519322883751805], [0.03725715140123114, -0.2120811093142165, 0.23203570906145438], [-0.04754829572637709, 0.09386773716148196, -0.07479312366741564], [-0.06390958656287468, 0.016150429407773517, 0.027932001919629825], [0.14374552048505415, 0.009395520613925587, -0.11180936771181377], [0.023912049057277413, -0.1251798314313337, -0.07596960970062498], [0.22901939201368154, 0.10781875629491568, -0.19143267128531888], [-0.20704210429422945, -0.04271575040407505, 0.22716860809361197], [-0.3577780981746496, 0.04073776879827857, -0.10799415704928768], [0.4168307653438143, -0.22991557622570008, 0.9218602907852035], [-0.07565392948042865, 0.15735571399550996, -0.6694544400544707]]"
"['Bi', 'Bi', 'Bi', 'Bi', 'Bi', 'Bi', 'Bi', 'Bi', 'Bi', 'Bi', 'Bi', 'Bi', 'Bi', 'Bi']","[[0.487449, -1.915366, 0.650755], [1.908807, 0.656884, 0.503847], [-1.909, -0.656879, -0.503846], [-0.487256, 1.91536, -0.650756], [-3.807952, -1.025426, 2.249007], [-3.697546, 1.77093, 3.15814], [-3.835714, -1.93407, 5.047838], [-3.725428, 0.862556, 5.956724], [2.587137, 6.895599, -2.470196], [0.445934, 5.069275, -1.611068], [0.781632, 8.068376, -4.476338], [-1.359544, 6.241903, -3.616855], [0.84527, -4.064087, -2.211612], [1.372488, -1.267568, -2.475755]]",[-81777.54344561153],"[[0.046693562862379426, 0.28686523411560605, 0.8982750342621124], [-0.3502400823481628, -0.598957323605834, 0.044995173452909966], [0.11280052852697658, 0.5186226468174411, 0.050727245423183125], [-0.14045502084498832, -0.5932648980681673, -0.1347775591359708], [0.060032669390455186, -0.15170977402862967, 0.3845113122999527], [-0.0948822950283127, -0.06980667202502112, 0.13652395621013733], [-0.06190407356924744, 0.15852530946844787, -0.29471574199261136], [0.0489118450443283, 0.012681520820978369, -0.0973788889965083], [-0.17773248911460185, -0.12417041577366074, 0.04869924040669973], [0.01779361205972501, 0.07570195771396235, -0.10011171605341249], [-0.03879764927851085, -0.041141658474367536, -0.00666815458314696], [0.11257493981122463, 0.022865815182034722, 0.07415893501198616], [-0.19248780118240452, 0.5294860778841751, 0.17870488086633876], [0.6548536513718596, -0.023509815172537248, -1.1917990178603157]]"
"['Bi', 'Bi', 'Bi', 'Bi', 'Bi', 'Bi', 'Bi', 'Bi', 'Bi', 'Bi', 'Bi', 'Bi', 'Bi', 'Bi']","[[1.246306, -1.605608, -0.445484], [-1.382507, -1.306932, 0.842322], [1.382564, 1.307074, -0.84244], [-1.246364, 1.605467, 0.445602], [1.51991, -0.856727, 4.921684], [3.61123, 0.749112, 6.227814], [0.830009, 1.434899, 3.209275], [2.921615, 3.040547, 4.51558], [-4.013353, -3.087304, 2.11242], [-6.680238, -2.015602, 2.742893], [-5.081717, -4.298061, -0.347768], [-7.748618, -3.226057, 0.282943], [3.940612, 1.457403, 9.446458], [1.323935, 0.321072, 9.619647]]",[-81777.10215932132],"[[-0.35626397468814014, -0.02178376067779891, 0.12898239225933164], [0.05093165852162335, -0.0021554824383885223, -0.1268703326919551], [-0.05380421997018116, 0.09150617760576975, -0.03216104214854689], [0.27079824733583585, -0.1945910161500297, 0.07393139225675423], [0.21686773470873955, 0.4363193266750822, -0.3102163658557432], [-0.38677866658389437, -0.2925825479455963, -0.18438985020072662], [-0.10490888297670897, -0.019501252303469323, 0.2155396563495587], [-0.19231723410464086, -0.3599352034942483, -0.03770167481408492], [0.06825567889885038, 0.04484570485932066, -0.03883367559587028], [0.09384547139582874, -0.015420374547015479, -0.08487951550831695], [-0.04484613680488992, 0.07681761141283511, 0.021378030090831456], [0.09004471034103603, -0.019794296518953102, 0.020942685521324323], [0.9266718558941418, 0.46912533554945335, 0.5307896279056733], [-0.5769445546431932, -0.19373890067049332, -0.17054892576536107]]"
"['Bi', 'Bi', 'Bi', 'Bi', 'Bi', 'Bi', 'Bi', 'Bi', 'Bi', 'Bi', 'Bi', 'Bi', 'Bi', 'Bi']","[[-0.678405, -1.437412, 1.34288], [1.923198, -0.187001, 0.771522], [-1.923355, 0.187098, -0.771576], [0.678563, 1.437316, -1.342827], [-0.704946, 6.137857, -4.576871], [-0.313605, 3.253949, -4.143003], [-3.479703, 5.90434, -3.625004], [-3.088, 3.020308, -3.191091], [0.218451, 6.988345, 3.657489], [0.20405, 7.330709, 0.735009], [0.342021, 4.068238, 3.314606], [0.327735, 4.410943, 0.391987], [-2.788395, 3.243394, -7.979313], [-4.881643, 4.307948, -6.350423]]",[-81777.61593528974],"[[-0.20399663092053197, 0.13850566077536405, -0.11585772613755378], [-0.06923290432719562, 0.20637726807221957, -0.24393359834445974], [0.18208979146654153, -0.2457124427584119, 0.23756394386071297], [0.1701566780508053, -0.12324672074264803, 0.04292822648647467], [0.010570613108453177, -0.073358807267035, -0.19079580868112736], [0.2030360148277664, -0.008845335087297668, 0.25452351530609124], [0.08804084285433926, -0.16168637970401228, 0.3820065422191963], [0.05324443908126481, 0.3943219788858137, -0.013807551497931544], [0.03208663952424292, -0.07098454645470309, 0.031658823148942784], [0.013198883626552152, -0.4247653483405494, -0.02280714257554441], [-0.10371301081497478, 0.2080387672731911, -0.06267777035912758], [0.04835766916339394, 0.17943260630634833, 0.14541586428577705], [0.6698940989374613, -0.2898221586476064, -0.3777019475111239], [-1.0974348518267414, 0.2740092998444139, -0.07598174531423736]]"
"['Bi', 'Bi', 'Bi', 'Bi', 'Bi', 'Bi', 'Bi', 'Bi', 'Bi', 'Bi', 'Bi', 'Bi', 'Bi', 'Bi']","[[-0.059102, -1.484491, 1.456883], [-1.908814, 0.617274, 0.551641], [1.90895, -0.617332, -0.551765], [0.058966, 1.484548, -1.456759], [-0.200614, -1.35435, 4.820863], [0.541343, -4.137532, 4.219439], [2.640771, -0.589411, 4.785396], [3.382458, -3.372817, 4.183813], [-3.115586, -6.760284, -1.413307], [-2.073319, -4.015153, -1.22291], [-1.212269, -7.626341, 0.657247], [-0.170232, -4.880926, 0.847523], [-1.334067, 6.65303, 1.722286], [-1.297073, 3.805487, 1.480684]]",[-81777.20741765927],"[[0.02498129431850118, 0.1742139324983883, -0.18581681324201163], [0.8374355008327095, -0.07279239292830512, 0.31016489234207384], [-0.3937038853450481, 0.11190017912554023, 0.0123394353567568], [0.19923515092879052, -0.4410666655916399, -0.16454899612005897], [0.06463412383320642, -0.156568596039728, 0.04951058845203317], [-0.07941314148522648, 0.29015825343815915, -0.12188012723687541], [-0.12107717127688747, -0.06479718328559975, -0.013025467764915052], [0.0029098527493700553, -0.011628735771268663, -0.034969917336685544], [0.005063299901373927, 0.1465171712210996, -0.05008768315918377], [0.0759721293831123, -0.251176297099015, 0.122004054477578], [0.16876555620735006, 0.36454226294498154, 0.05280277473670276], [-0.2634553783468869, -0.3041628029689254, -0.082289539021816], [0.2688555721381167, 0.29849783682816133, 0.21931907723634664], [-0.7962536045716821, -0.07280031193040812, -0.12920942079364778]]"
"['Bi', 'Bi', 'Bi', 'Bi', 'Bi', 'Bi', 'Bi', 'Bi', 'Bi', 'Bi', 'Bi', 'Bi', 'Bi', 'Bi']","[[-1.248152, 1.554789, 0.595368], [1.627795, 1.295496, 0.029674], [-1.627912, -1.295627, -0.029753], [1.24827, -1.554658, -0.595289], [8.971524, 1.713592, 1.104445], [7.157263, 4.014268, 1.375851], [6.654926, -0.081895, 0.84089], [4.840808, 2.219129, 1.112212], [5.41696, 0.380933, 6.392018], [3.991777, 2.00939, 4.398204], [4.435484, 2.144438, 8.533655], [3.010217, 3.772729, 6.539505], [-4.313837, 1.893499, 2.234778], [-6.233738, 0.105183, 3.367979]]",[-81777.31243806047],"[[0.9539003676055228, -0.13129222119091655, -0.23125172785325865], [-0.5191301828613144, 0.14746945693502958, 0.05366646018684413], [-0.019563653011599024, 0.07671898384118883, -0.07398728807029935], [-0.04705797065655493, -0.09285893856890794, 0.09026880781613224], [0.07990016011456018, -0.04053760316460268, -0.07627048035844693], [-0.3085850000004363, -0.21426361714705466, 0.13828233463164152], [0.013324764906734699, 0.08725675880196039, 0.07833142636679508], [0.2099863275696101, 0.16809372658088562, -0.12431547749400182], [-0.13467188673777836, 0.15039470545861805, 0.0561888680450118], [0.0322038561819946, 0.1657466166329068, 0.10988350753804059], [0.033171234279802675, -0.03576960285164914, -0.006235694792977345], [0.13591439873657366, -0.23961249714499083, -0.22662713346929736], [0.3823819749098061, 0.5633295274561291, -0.2523019781057455], [-0.804455942399263, -0.5996186117035249, 0.4604416869447039]]"
"['Bi', 'Bi', 'Bi', 'Bi', 'Bi', 'Bi', 'Bi', 'Bi', 'Bi', 'Bi', 'Bi', 'Bi', 'Bi', 'Bi']","[[1.219626, -0.555859, -1.591618], [-1.597191, 0.247078, -1.310282], [1.597312, -0.247024, 1.310421], [-1.219748, 0.555804, 1.591479], [3.380295, -2.909063, 2.966762], [2.794171, -3.222723, 5.833187], [4.228054, -0.131797, 3.444207], [3.641926, -0.445816, 6.310772], [2.703936, 4.402619, 5.440715], [1.637277, 2.303815, 3.675617], [0.418915, 6.130238, 4.767015], [-0.647628, 4.031072, 3.001983], [-0.069949, -3.203713, -3.127195], [1.014948, -5.371501, -1.61328]]",[-81777.81873116519],"[[-0.0659202931877513, 0.3742776990108641, 1.1057102090243627], [0.20133543483719574, 0.16507612398082336, 0.2354468449283618], [-0.162051836508856, 0.18631349922456197, -0.3287518701417075], [0.2830225126340858, -0.0798439557684656, -0.36923401458054345], [0.11928649978187243, 0.1090247586086907, 0.10921136937902667], [0.07701476371194454, 0.09082452635981393, -0.04165770487439693], [-0.33297295537305743, -0.14462962050555192, -0.27844640928248243], [-0.11146782217955377, -0.10713170572934416, 0.02393322981679832], [-0.13540213186027522, -0.29111079626254704, -0.2676481814278691], [0.058813451599144646, 0.2628391874235097, 0.07774418608097618], [-0.16147071545193484, -0.07874084905993782, -0.18717512779104023], [0.32964496902823137, 0.0329974378946879, 0.3939923118567082], [-0.42066613346623893, -0.1122802912264836, -0.8976754526743148], [0.3179711772203222, -0.41745333260654727, 0.4189206105676293]]"
"['Bi', 'Bi', 'Bi', 'Bi', 'Bi', 'Bi', 'Bi', 'Bi', 'Bi', 'Bi', 'Bi', 'Bi', 'Bi', 'Bi']","[[1.267303, 0.350443, 1.612715], [-1.629943, -0.05142, 1.29211], [1.630057, 0.051352, -1.292249], [-1.267417, -0.350375, -1.612575], [3.234838, -5.367731, -0.636215], [1.599813, -3.044359, 0.129913], [1.375494, -7.146707, 0.791351], [-0.259498, -4.823017, 1.557263], [3.875138, -1.697515, 4.711572], [4.14198, 0.137528, 6.996244], [4.425256, 0.524781, 2.862618], [4.692182, 2.359668, 5.147633], [-1.556851, -5.294778, 4.716638], [-0.49856, -7.424725, 6.301437]]",[-81777.2809118117],"[[-0.10838393650344767, 0.05707805885257578, -0.17948017174105782], [0.3437553452234648, 0.11341178292956236, 0.17762609680712732], [-0.2873803292069412, -0.1088521346472639, 0.322080830779223], [0.11547324315882629, 0.008397582367092803, -0.09136512680857174], [-0.17933819534621143, -0.08408360437487518, 0.24250843507637995], [-0.2914892114344683, -0.5285615086776057, 0.05933610573794179], [-0.003147280887486911, 0.20302706738383186, -0.18543063333426207], [0.9289570536438609, 0.4054127470194134, -0.9399115018126877], [0.04730966122599182, 0.0009302595752235275, 0.12619639475973596], [-0.05445059566131458, -0.013275867639853332, -0.09998228664891108], [-0.1660713985633124, 0.07421925312540696, -0.050510974390425054], [-0.02790297414893414, -0.06420248679650205, -0.01842616035043315], [-0.6247316185673937, 0.5086304088262188, 0.19096683855771523], [0.2930690009319227, -0.5590476098904426, 0.4583960132975543]]"
"['Bi', 'Bi', 'Bi', 'Bi', 'Bi', 'Bi', 'Bi', 'Bi', 'Bi', 'Bi', 'Bi', 'Bi', 'Bi', 'Bi']","[[0.739114, -0.232273, 1.931185], [-1.16829, 1.598462, 0.639469], [1.168322, -1.598632, -0.639555], [-0.739146, 0.232442, -1.931098], [-6.175033, -2.063109, 4.341837], [-3.540418, -1.400279, 5.472225], [-5.23828, -1.239974, 1.676353], [-2.603569, -0.577314, 2.807073], [-9.023703, -2.236924, 6.308123], [-11.613062, -1.574282, 7.538748], [-10.112429, -4.818385, 5.407794], [-12.701864, -4.15537, 6.638479], [-3.391081, -1.763112, -1.92823], [-3.184005, -2.773522, -4.593645]]",[-81777.82009429546],"[[0.08265859537307013, 0.04610392630709299, 0.20079863962321468], [-0.012339718178260479, -0.33641756702158204, -0.1457176091191558], [-0.13341595357308125, 0.21110583792535123, -0.12288126393780435], [0.48569749295688414, 0.24500081243306615, 0.4356384981825917], [-0.1850149885680384, 0.00039022065570574853, -0.24989146471885115], [0.3512293405459372, 0.3013497574491598, -0.7052313602697514], [0.1700495144119571, 0.096021757155586, 0.6080029837352915], [-0.2619251597457136, -0.223191263576341, 0.16070102958519777], [-0.1238844061003048, -0.011172909782686077, 0.018606533621060732], [0.26856524300906826, -0.04090680349771324, -0.12749197435703957], [-0.05161178767366847, 0.07303772772722299, 0.05343824894442169], [-0.01137030890783508, -0.07468734842504003, -0.024765367813756684], [-0.7289359160453032, -0.06475578850187959, 0.4480010374850944], [0.1508370382903706, -0.23035580075169795, -0.5552099791959885]]"
"['Bi', 'Bi', 'Bi', 'Bi', 'Bi', 'Bi', 'Bi', 'Bi', 'Bi', 'Bi', 'Bi', 'Bi', 'Bi', 'Bi']","[[0.269371, 0.570218, 1.982928], [-1.167807, 1.690541, -0.32742], [1.167846, -1.690729, 0.327416], [-0.26941, -0.570029, -1.982925], [-1.858105, -3.558705, -0.789029], [-1.133876, -4.538383, -3.467468], [-3.536516, -1.470678, -2.006789], [-2.812164, -2.45072, -4.685256], [-5.599788, -4.348304, 0.362631], [-5.320779, -7.264943, 0.091185], [-5.661871, -4.081741, -2.567377], [-5.382968, -6.998596, -2.838522], [4.473715, 2.808395, -1.981242], [2.348358, 2.172305, -0.17944]]",[-81777.48186093903],"[[0.27944523198929033, -0.10181209035561686, -0.5919351227799645], [-0.1874223137852549, -0.365643209925663, -0.1955371826350619], [-0.155029327150437, 0.02282464151330835, 0.04896636274581912], [0.4176818523815191, 0.3228195091247386, 0.260804003883042], [-0.169437694366364, 0.04233440931514296, -0.073081333660881], [0.06708850026421662, 0.03127112114728252, -0.11216325454605246], [-0.30014128687498903, -0.4765313508668598, -0.134537212279936], [0.05209289276247071, 0.14249282691212645, 0.39573305250080115], [-0.19339987482072063, -0.06300949427189621, -0.04361820296905694], [0.026023969785006682, 0.22840361246703692, -0.08110467118767946], [0.1555431881115743, -0.08200615187513052, 0.15179981411098245], [-0.035321680438542065, 0.09668206823353702, 0.04327402976791732], [-0.2617717162244454, -0.17899654696976827, 0.055301219900195174], [0.32284542585889386, 0.3849110162177873, 0.2755829186908789]]"
"['Bi', 'Bi', 'Bi', 'Bi', 'Bi', 'Bi', 'Bi', 'Bi', 'Bi', 'Bi', 'Bi', 'Bi', 'Bi', 'Bi']","[[0.444584, -1.683318, 1.139517], [-1.377625, 0.607993, 1.435757], [1.377683, -0.608037, -1.435935], [-0.444643, 1.683362, -1.139339], [4.324977, -4.342776, -4.783657], [2.284081, -3.582685, -2.804941], [5.792559, -5.818139, -2.702944], [3.751315, -5.05795, -0.724362], [-1.68324, 1.737782, 4.735331], [-0.208634, 3.433326, 2.835599], [-1.597526, 3.899121, 6.730607], [-0.122953, 5.59458, 4.830501], [-0.979103, -4.133341, -2.067889], [-3.60357, -3.334876, -1.266098]]",[-81777.35447105626],"[[-0.14755533182796457, 0.25460188257365585, -0.012663821337057277], [0.21741193470390777, 0.414354483101792, 0.16991206316116955], [0.11378762699690476, -0.0029583160137985043, 0.05426773870366378], [0.055032128094968345, -0.27772511160392005, 0.12256738349081321], [-0.2317585439878498, 0.09121512856743919, 0.2779806279769704], [-0.039470378791577915, 0.04217887291474747, 0.09792108353010502], [-0.06373454576314372, -0.049284943171980455, 0.0626496424750345], [0.1428980329937598, 0.0826213143566762, -0.18980228244975195], [-0.04084195509802442, 0.06180811994636319, 0.06614619043605274], [-0.09873355257703487, 0.19665000811889788, 0.2090255057884782], [-0.08227143844558059, -0.26682964457413305, -0.09248324876784025], [0.1357897001644974, -0.2439610063192707, -0.4148535859226465], [0.9620132309937581, -0.5204033938487815, -0.7757840125772922], [-0.9105443453125844, 0.2123678903189461, 0.4264312184193051]]"
"['Bi', 'Bi', 'Bi', 'Bi', 'Bi', 'Bi', 'Bi', 'Bi', 'Bi', 'Bi', 'Bi', 'Bi', 'Bi', 'Bi']","[[-0.978038, -1.211933, 1.379991], [1.37996, -1.51643, -0.35363], [-1.380015, 1.51661, 0.353674], [0.978092, 1.211754, -1.380035], [-2.372621, 5.077156, 6.7443], [-0.270875, 3.769498, 5.153387], [-4.428982, 3.868087, 5.021108], [-2.326893, 2.560377, 3.430363], [-3.352834, -0.492412, -1.547578], [-5.414228, 0.027241, -3.582014], [-3.603934, -3.38414, -2.032052], [-5.665332, -2.864137, -4.066649], [0.903707, -4.72936, 0.545225], [0.954665, -5.56884, 3.276693]]",[-81777.41126987796],"[[0.08807807244864162, 0.1177046019786634, -0.30447735190310704], [-0.1618337554184744, 0.3764393808966132, 0.015769983063234884], [-0.002810091320604471, -0.1267450684768715, -0.03456172363153152], [-0.2116645389503444, -0.09002151897773442, 0.129427553306121], [0.051691800448163586, 0.04898751779429424, 0.06518819686995762], [-0.12376233005489902, -0.0026505301131011876, 0.014036842604277122], [0.2334978448133786, -0.20619286845182144, -0.2189650875579248], [-0.11856581916840904, 0.19825226907037172, 0.030121621427733215], [-0.025064798653014433, -0.0018493800969694638, -0.1740881540623889], [0.3757233796934834, -0.11804912999223492, 0.4093153752376218], [-0.15325655054329104, 0.27817212384600626, -0.14622509374093748], [0.031545380872712914, -0.1085802146270003, 0.02129882978538327], [-0.07323637126698818, 0.08913952726299135, -0.9100064702346803], [0.0904271364361004, -0.4609128675698316, 1.10442671361858]]"
"['Bi', 'Bi', 'Bi', 'Bi', 'Bi', 'Bi', 'Bi', 'Bi', 'Bi', 'Bi', 'Bi', 'Bi', 'Bi', 'Bi']","[[1.521406, 0.127908, -1.413746], [1.249735, -1.103214, 1.244984], [-1.249897, 1.103248, -1.245083], [-1.521244, -0.127943, 1.413844], [0.314424, 4.0833, -1.91931], [2.718077, 4.065863, -0.222118], [-0.371499, 6.764855, -0.919994], [2.03244, 6.747181, 0.777096], [-3.209779, 5.842123, -7.19882], [-1.651346, 6.174813, -4.725175], [-1.887435, 3.25839, -7.684197], [-0.329145, 3.591318, -5.210285], [1.732659, -1.269657, -4.459827], [3.58622, -0.277872, -6.396039]]",[-81777.73792402356],"[[-0.4982716341662297, -0.506169656055853, 0.49304067047838257], [0.0211384802772161, 0.3257055740145448, -0.18081272382220592], [0.22851283298954825, -0.11796968286074717, 0.20220565089296746], [-0.07241526330867326, -0.04115080132225008, -0.03114407772783031], [0.13776317719507164, 0.31856412535830625, -0.06620712561457248], [-0.24084019958141176, 0.28597439780111156, -0.15079302097997999], [0.25033868264930365, -0.2736074361987331, -0.013921965651692233], [-0.05211767821061123, -0.10703086700776003, -0.003727602845104937], [0.10898896883295253, 0.1369555932468417, 0.17448574967446875], [-0.20869054228394016, -0.0656623085543053, -0.25702036638474474], [0.24021408419436, -0.04313417710545307, 0.31620611392691295], [-0.20227975012693114, 0.06762169593178723, -0.08709169388799554], [-0.3183342171868617, -0.17543726405702506, 0.3882847168020261], [0.5998114445469419, 0.21192915703360396, -0.8013135383829414]]"
"['Bi', 'Bi', 'Bi', 'Bi', 'Bi', 'Bi', 'Bi', 'Bi', 'Bi', 'Bi', 'Bi', 'Bi', 'Bi', 'Bi']","[[-0.250953, -0.312919, 2.041769], [-0.440394, -2.001203, -0.360756], [0.4405, 2.001364, 0.360743], [0.250847, 0.312759, -2.041755], [4.231918, 0.418468, -0.217356], [5.683275, -1.802898, -1.48913], [2.91205, -1.483947, 1.598856], [4.363733, -3.705227, 0.326895], [6.463985, 2.648432, 4.306793], [4.171765, 1.400031, 2.948288], [4.733882, 4.856304, 5.196681], [2.441682, 3.607525, 3.838106], [-4.409352, -0.489772, 0.541432], [-3.414949, -0.332771, 3.21627]]",[-81777.25603249736],"[[0.21436918670106397, -0.14993895146096367, -0.4734322956737383], [0.16840555014421363, 0.060474539423383544, 0.1559137871255758], [-0.06700123697480903, -0.23610602472029807, 0.05918291932713141], [0.015675124730901248, -0.007348772245062065, -0.2648621839282734], [0.36584108213405453, -0.267162551195008, 0.3099459884982269], [-0.13606064316502103, 0.30752683619994753, -0.14609741268754972], [0.34480363598237057, -0.1147464947385567, -0.13416810450659028], [-0.3024231936108472, 0.5746480440333269, 0.41185701495803956], [-0.423076184054309, -0.09079984375585658, -0.16373225903952815], [0.02396392880547029, 0.011712168114853703, -0.06907791814318001], [-0.05037204218340006, 0.028878723763251082, -0.044549647309270426], [0.44320669877683466, -0.23302188193373413, 0.03559883008551914], [-0.28003895145864804, 0.1220683320920503, 0.019541772911632657], [-0.32787507205821376, 0.007972733046476707, 0.292609750232041]]"
"['Bi', 'Bi', 'Bi', 'Bi', 'Bi', 'Bi', 'Bi', 'Bi', 'Bi', 'Bi', 'Bi', 'Bi', 'Bi', 'Bi']","[[-1.466747, 0.433688, 1.410774], [1.375169, -0.319996, 1.528208], [-1.375232, 0.320074, -1.528372], [1.466811, -0.433767, -1.41061], [-3.35363, -4.115672, 0.239738], [-0.453553, -4.572294, 0.041341], [-3.295147, -2.639612, -2.305392], [-0.394924, -3.096531, -2.503591], [-2.266177, 3.651028, -2.460453], [-0.386955, 5.899681, -2.195134], [-0.312898, 2.21579, -4.129181], [1.566277, 4.464679, -3.86356], [-3.993199, -7.772485, -0.968523], [-4.905486, -5.615867, -2.607113]]",[-81777.47726827775],"[[0.2414642580848004, 0.048992222915673615, -0.07736340549284229], [-0.1867153114481512, 0.20157069090616433, -0.15154887430408262], [0.32465100976046646, -0.010623654995915718, 0.10214695101597172], [-0.19610267137614337, 0.20234562182624233, 0.23683580704397078], [0.30039644329339826, 0.40117998897327517, 0.45764813039764624], [-0.022388129662322398, -0.0692180947648212, -0.06589519920706131], [0.758255250000239, 0.07324192485287859, 0.04012903922038928], [-0.7560584982480337, -0.2780322557569145, -0.0999383721827036], [0.013246037684529028, 0.038719986493600846, -0.03821980895103237], [-0.006953377498501754, 0.002823539225993907, 0.03213738798642109], [-0.07723485026389769, 0.004615649511131302, 0.1341207961823387], [-0.008697722831214328, -0.060459164218001765, -0.00515683360062852], [-0.3058965502085638, 0.5031620807636484, -0.4961505243107355], [-0.08161333851756743, -1.0638171452368141, -0.08137453432427995]]"
"['Bi', 'Bi', 'Bi', 'Bi', 'Bi', 'Bi', 'Bi', 'Bi', 'Bi', 'Bi', 'Bi', 'Bi', 'Bi', 'Bi']","[[1.488653, -0.76175, -1.238291], [0.485199, -1.410278, 1.450725], [-0.485318, 1.410373, -1.450843], [-1.488534, 0.761655, 1.238408], [0.626414, -4.750398, 2.041493], [-0.519368, -7.048036, 3.478976], [2.231804, -6.583485, 0.391532], [1.085684, -8.881069, 1.829192], [7.092204, -0.597352, -2.295804], [4.68776, -1.632528, -0.952162], [7.363903, 1.468416, -0.217669], [4.959359, 0.432875, 1.125899], [-1.151047, -0.727422, -6.497986], [-2.194173, 0.685191, -4.243067]]",[-81777.63436452618],"[[-0.08849834520310729, 0.5052345967426016, 0.05447167871886149], [-0.2988106374112293, -0.039884876845159394, 0.09659099970935267], [0.2923243062016924, -0.3810539993948084, 0.5716614489544861], [0.37700924051547885, -0.1471244147005423, -0.11987399717814923], [-0.05536128090315808, -0.025719890388670296, -0.007141788042042953], [0.1121682424889355, 0.21677481498925835, -0.13260410159125036], [-0.06869076121569047, 0.0415574369380293, 0.13275266001381872], [0.022434496962298135, -0.028540896048212167, -0.04373260169619016], [-0.12566016518876227, -0.05068422055915995, 0.07245609244938607], [-0.026473044052965095, 0.04954809572563004, -0.12353026215560824], [-0.1087064044397323, -0.010110261975811743, -0.011316716803992658], [0.11245913726099134, -0.0257413282586491, 0.024762760713713687], [0.21237802047098692, -0.4759633424432911, -0.7778228985083536], [-0.35755975997381007, 0.37019833306390265, 0.2586381568078751]]"
"['Bi', 'Bi', 'Bi', 'Bi', 'Bi', 'Bi', 'Bi', 'Bi', 'Bi', 'Bi', 'Bi', 'Bi', 'Bi', 'Bi']","[[-0.343854, -1.962509, 0.60003], [0.811148, -0.688833, -1.787863], [-0.811149, 0.688936, 1.788026], [0.343855, 1.962406, -0.600193], [-3.741973, -3.744193, -0.984694], [-5.419504, -3.114106, -3.318616], [-3.268824, -0.872469, -0.549733], [-4.946611, -0.242648, -2.883765], [2.243068, -0.52485, 2.768572], [0.092877, -0.957583, 4.730136], [3.361884, 1.603721, 4.464831], [1.211517, 1.170645, 6.426391], [2.718407, -3.474888, -1.75284], [3.720647, -6.15122, -1.784614]]",[-81777.14494620672],"[[-0.2905836684017826, 0.7236790356233007, 0.2517812265843367], [-0.43375984348888696, 0.08216859426242491, -0.06101308298847824], [-0.28313055044849084, 0.029243126415217435, -0.3695377648754937], [0.11400303413852435, -0.4266609209023832, 0.18498151278642125], [-0.04856567666603545, 0.013448270486286348, -0.2142465450126508], [0.07699306358929871, -0.048545056407312735, 0.15042668999957948], [-0.08334898837459419, 0.011510701502260893, -0.10836244206916815], [0.3157914461804292, -0.06306559577380763, 0.2684706777826566], [0.2137602977146908, -0.08235942164427026, 0.3895885753560737], [0.21563103340629253, 0.0050404916326545765, -0.1139516120469465], [-0.12036842058867014, -0.19387583770036512, -0.28610161605567513], [-0.07976260601958945, -0.00021440451367797794, 0.001144430529761559], [0.5160901088072326, 0.2400068531653013, -0.01307635506674048], [-0.10141043239830237, -0.2818473121531659, -0.08142101989506631]]"
"['Bi', 'Bi', 'Bi', 'Bi', 'Bi', 'Bi', 'Bi', 'Bi', 'Bi', 'Bi', 'Bi', 'Bi', 'Bi', 'Bi']","[[1.05278, -0.015598, -1.794749], [-1.763216, -0.396447, -1.030923], [1.763329, 0.396544, 1.031046], [-1.052893, 0.015501, 1.794627], [-1.569436, -3.272641, 1.859338], [-3.991267, -2.830412, 0.247667], [-2.827139, -1.885492, 4.129549], [-5.249028, -1.443498, 2.517579], [1.728496, 3.720415, 1.64284], [1.418673, 4.00295, 4.555313], [4.287085, 2.324982, 2.050575], [3.976906, 2.607571, 4.963183], [5.270006, 1.658202, -4.333225], [2.813018, 0.221441, -4.592402]]",[-81777.25522800296],"[[-0.7721911510387488, 0.07855624375117339, 1.0891553808617935], [0.8222135332838378, 0.1329791743272191, 0.3199190974713823], [-0.5211829527571016, -0.24062978038267524, -0.13041326337957657], [0.2629939164970674, 0.45112287266478496, -0.6098480083811042], [-0.1832724481507402, -0.2138584110654213, 0.1858878785725722], [0.022962663549312423, 0.14123072309644, 0.21585353679654984], [0.2978718757073843, -0.1300827735970058, -0.24407238656962832], [0.08617802616484051, -0.04168434151783425, -0.21179329986765533], [0.1091792819938821, 0.05256031957491326, 0.014283982318609369], [0.11949321659001534, -0.14632973769729837, -0.02656430283888829], [-0.4336057829025198, -0.1729587192429733, 0.029469008236891404], [-0.11692530018080129, 0.06828154421091404, -0.19869681305206213], [0.07770438538209493, 0.12827472143503743, -0.014550060789269735], [0.22271416941068178, -0.11440201814707679, -0.4361409948614903]]"
"['Bi', 'Bi', 'Bi', 'Bi', 'Bi', 'Bi', 'Bi', 'Bi', 'Bi', 'Bi', 'Bi', 'Bi', 'Bi', 'Bi']","[[-0.012457, 2.07834, 0.100319], [1.295621, -0.070667, 1.62643], [-1.295679, 0.070626, -1.626609], [0.012514, -2.078298, -0.10014], [4.116735, 1.186346, 2.84652], [4.002763, 3.814575, 1.528288], [4.346162, 2.50978, 5.464868], [4.232029, 5.138024, 4.146285], [4.92853, -4.904813, 5.062734], [3.436077, -2.976429, 6.709619], [3.696124, -3.785859, 2.636013], [2.203811, -1.857396, 4.283248], [0.963001, -2.050123, -3.317562], [2.832967, -1.79918, -5.464303]]",[-81777.82181916754],"[[-0.2358882007403744, -0.2596173362757003, -0.12153421082683132], [0.004410233681905313, -0.5015188364051869, -0.20753231109324097], [-0.09951650534339901, 0.23103503515934962, 0.46959877874661055], [-0.19097542604700873, 0.4941702595640729, 0.4152595119135619], [-0.07882137605534871, 0.26286222452053654, 0.047787953526384756], [0.11550558765442875, -0.17639721166260014, 0.15658196578353822], [0.04259304186694285, -0.0214806223057384, -0.17905923049940164], [-0.05027329119873397, -0.015083822099847691, -0.0009385107640381073], [-0.006778079588312905, -0.01077052163167118, -0.06404055863012345], [-0.09161802065495155, 0.1301193861262092, -0.2015250280888432], [0.11567934290187028, -0.07241181802853755, 0.09525253408767313], [-0.1365240590543205, 0.01818552038847634, -0.12619649760391913], [0.470320899178638, 0.011175794562023594, 0.2647761033469721], [0.1342594301412325, -0.09847176270881208, -0.5348267763154494]]"
"['Bi', 'Bi', 'Bi', 'Bi', 'Bi', 'Bi', 'Bi', 'Bi', 'Bi', 'Bi', 'Bi', 'Bi', 'Bi', 'Bi']","[[1.180879, -0.838616, -1.493975], [-1.064603, -1.780614, 0.157921], [1.064622, 1.780804, -0.157943], [-1.180899, 0.838425, 1.493998], [2.18097, 0.05654, -7.013275], [0.099888, -0.115455, -4.940154], [3.50035, 2.21473, -5.509511], [1.419072, 2.042405, -3.436364], [-1.340457, -2.116332, -13.153264], [-2.02889, -1.409012, -10.381249], [1.403114, -1.144373, -12.719706], [0.714379, -0.437233, -9.947532], [-0.440714, -5.102875, -6.134224], [-1.732095, -2.591754, -6.575638]]",[-81777.50328424027],"[[0.04179450820683061, -0.12023780847606243, 0.3481808332688367], [0.192190170116352, 0.05957969218574601, -0.3346396996273699], [-0.19911574883214678, -0.14581448833968846, 0.008130372610417727], [0.2817135632929719, 0.24373135525828407, -0.2233801369187064], [-0.15979877756637303, -0.03530380097730045, -0.016593497575435642], [0.3761315682564283, 0.907315552182412, 0.06989799765966337], [-0.38855216310032237, -0.16145220349896683, 0.18410373768318755], [-0.1807030405008704, -0.5239288924473582, -0.22086688219283956], [-0.14903268851899587, 0.03716864369720737, 0.0071076232043986365], [0.3483618904532822, 0.022099662012989043, -0.33978967352098194], [-0.03736976063957745, 0.07641235390911018, 0.3446509123703844], [0.04101696504450044, -0.02003928164764824, -0.05442046231564996], [0.4937743094589236, -0.9934496124589536, 0.13567826849204823], [-0.6706844564850127, 0.668354007294705, 0.09088947246147674]]"
"['Bi', 'Bi', 'Bi', 'Bi', 'Bi', 'Bi', 'Bi', 'Bi', 'Bi', 'Bi', 'Bi', 'Bi', 'Bi', 'Bi']","[[-1.809944, -0.045261, 1.025557], [0.621807, -1.702032, 1.022422], [-0.62179, 1.702213, -1.022486], [1.809928, 0.04508, -1.025493], [5.434856, -4.490554, -4.380773], [5.979726, -1.770358, -3.399976], [3.807975, -5.027202, -1.98805], [4.352949, -2.306742, -1.007513], [-1.494223, -7.268867, 0.787213], [-1.362122, -4.346529, 1.104708], [-1.195865, -7.598213, 3.696229], [-1.063917, -4.67566, 4.013442], [0.736082, 2.895913, 3.187122], [-0.439977, 4.391818, 1.054659]]",[-81777.66594221728],"[[0.06633290405057188, 0.02832342688072033, -0.11288465506879794], [-0.21816999917794827, -0.1854442601885302, -0.24089362713456108], [0.5773646731313842, -0.8040620491777768, -0.026353163730869687], [-0.4749863227033121, 0.2686241213039249, 0.16389418720590676], [-0.029333490456747168, 0.052390318140156926, 0.023802802823720295], [-0.04378620922666005, -0.04889714861055536, 0.03862799237176809], [0.047437280572869694, 0.043693644319610786, -0.020681461296108906], [0.009145161876660566, 0.014177075790219046, -0.10687660073302652], [-0.08879962723766184, 0.3181364478226534, -0.00338404362373875], [0.22582500026277466, -0.16119272762486506, 0.08658467206503805], [0.08452028077655417, 0.014304371177919982, 0.09995683271358004], [-0.09444160770349062, -0.07261498671236159, -0.09542572369210728], [0.42128823793014764, -0.4668922798005941, 0.66114977226465], [-0.4719573043989196, 1.0107258925663596, -0.4735664559106648]]"
"['Bi', 'Bi', 'Bi', 'Bi', 'Bi', 'Bi', 'Bi', 'Bi', 'Bi', 'Bi', 'Bi', 'Bi', 'Bi', 'Bi']","[[1.639837, -0.315157, 1.241501], [0.19095, 2.054234, 0.269377], [-0.191045, -2.054402, -0.269378], [-1.639742, 0.315324, -1.2415], [5.517566, 0.211051, 2.752186], [4.807924, 1.719385, 5.176985], [3.621568, -1.906411, 3.514687], [2.911994, -0.397698, 5.939484], [3.559278, -2.711804, -2.91516], [5.406067, -0.428105, -3.095168], [1.268679, -0.874183, -3.105323], [3.115827, 1.409443, -3.28545], [-3.177741, 2.275163, 3.818568], [-2.344292, 0.170867, 2.073418]]",[-81777.1852475782],"[[-0.03509190596453565, 0.20385357466176243, -0.24160356053088472], [0.2809605381839061, -0.20837779312296378, -0.019110392985386176], [-0.09718662179609877, 0.3092084928608176, 0.083440365431328], [0.41541748057888905, -0.039730682561354085, -0.15302011176621613], [0.05802072863538071, 0.08096773415780767, 0.10341131740368761], [-0.001959087586688033, -0.02394391018521904, -0.08649422060595263], [-0.12520919344562464, 0.08084293274154826, -0.09723161612622938], [-0.0013461815065207953, 0.004257089437210028, -0.030444413323194773], [-0.07122700161649259, 0.25006059197805064, 0.12268678558745695], [-0.12837628006590365, -0.0963962642485474, -0.13643494456961608], [0.13288939135532418, 0.06313810092293239, 0.18422807630062277], [0.025486773478711325, -0.14490961379419326, 0.021778073394470403], [0.18649291090207704, 0.28769148428307867, 0.15883553894693697], [-0.6370950320454531, -0.7574510084879615, 0.08277948871036964]]"
"['Bi', 'Bi', 'Bi', 'Bi', 'Bi', 'Bi', 'Bi', 'Bi', 'Bi', 'Bi', 'Bi', 'Bi', 'Bi', 'Bi']","[[1.261745, 1.581947, -0.48493], [-1.539774, 1.345734, 0.383408], [1.539891, -1.345881, -0.383367], [-1.261863, -1.581801, 0.484889], [-3.719162, 0.827592, -2.77575], [-1.899816, 2.653941, -4.194463], [-4.265189, 2.92123, -0.78116], [-2.445774, 4.747506, -2.200244], [-2.311388, 4.160735, 4.264616], [-5.137322, 4.740863, 3.68508], [-1.55898, 5.169423, 1.604486], [-4.38515, 5.749595, 1.025252], [2.843146, -2.105383, 2.559524], [2.070207, -0.167285, 4.512621]]",[-81777.23224828017],"[[0.08317677578990001, -0.34296118244113666, 0.10096439717595619], [-0.07573975295127205, -0.4253262090933889, -0.31335671298840173], [-0.3774875173892443, 0.2610554064887661, -0.2456547985937531], [0.2212551704063438, 0.5537341651677046, -0.03140403182738375], [-0.3575885563450937, 0.4052289130420226, 0.6486747728478665], [0.1365302297053098, 0.333433440203137, 0.02364733327204386], [-0.07491417127098987, -0.29898742656207394, -0.22340620791913632], [0.10100275805627328, -0.041116461649494396, -0.3019416257232207], [-0.060016368587425005, 0.10223400861701301, -0.019199322350560887], [0.08582341942131974, 0.03287419456780329, -0.1337919519066984], [0.010676871718489621, 0.04436748969206509, 0.11151770160838427], [-0.003870002443765033, -0.4250327432167542, -0.005876583474234358], [0.5655226796619238, -0.7006460523637557, -0.13144355640643013], [-0.27285970756509975, 0.5043718368901086, 0.5209685226352221]]"
"['Bi', 'Bi', 'Bi', 'Bi', 'Bi', 'Bi', 'Bi', 'Bi', 'Bi', 'Bi', 'Bi', 'Bi', 'Bi', 'Bi']","[[0.470778, -0.331618, -1.999528], [1.972154, -0.397929, 0.530252], [-1.972345, 0.397908, -0.530242], [-0.470587, 0.331639, 1.999518], [2.052707, -4.980057, 0.891154], [0.882645, -2.814418, 2.503381], [4.751355, -4.09801, 1.665201], [3.580929, -1.932415, 3.277544], [2.86168, 5.132516, -2.712756], [2.071014, 4.250733, -0.01913], [0.206573, 4.383524, -3.7371], [-0.583897, 3.501888, -1.043176], [2.832131, 7.563131, 0.263641], [5.051682, 7.39192, -1.528709]]",[-81777.1923547197],"[[0.0481104317470877, -0.06903981437332082, 0.36723117553567824], [-0.24003410687383755, -0.015396185595137264, 0.10437789845907623], [-0.07317013961303592, -0.15126024210405623, 0.13029123875626233], [0.21765166449484366, -0.2972616497466301, -0.25954873920553545], [0.06123805463913128, 0.34481392040068615, 0.06749170088427844], [0.20445819561453465, 0.08050328982667664, -0.05978286086957004], [-0.20108104975016017, -0.024077036838104904, 0.10477091750500565], [-0.21183978543844173, -0.08869632025568197, -0.37170248066464595], [-0.4834274133020889, 0.06357806833847238, 0.31477632267059114], [-0.44264198136712685, -0.3745872600021627, -0.7347265577778834], [0.2836870917456377, -0.006427710025138149, 0.3168137687830882], [0.5453821890536321, 0.08230254881098518, 0.10040029683134732], [0.1435243026470863, 0.37584190761457037, -0.2943140840352969], [0.14920618665597948, 0.07244282554975899, 0.22249469992382756]]"
"['Bi', 'Bi', 'Bi', 'Bi', 'Bi', 'Bi', 'Bi', 'Bi', 'Bi', 'Bi', 'Bi', 'Bi', 'Bi', 'Bi']","[[0.643996, -1.218691, 1.558774], [1.635415, 1.250264, 0.301928], [-1.635603, -1.250305, -0.301949], [-0.643809, 1.218732, -1.558753], [-1.508523, -0.792413, 7.026668], [-1.611877, -0.946499, 4.090022], [-1.502929, -3.73115, 7.180478], [-1.60616, -3.884927, 4.243635], [3.343691, 0.433223, 9.095991], [0.925359, 1.50128, 7.804001], [3.069275, 2.418735, 11.25059], [0.650754, 3.486559, 9.958358], [3.563533, -4.142301, -0.307926], [3.406618, -2.992174, 2.303746]]",[-81777.34729270662],"[[-0.29789640404506695, 0.014099238170197672, -0.581506722607979], [-0.1924855386103751, -0.1678540482120413, 0.012002708074477645], [0.15900836859673007, 0.26563567502978724, 0.20330711209456476], [0.03662009853530078, -0.009618939317412974, -0.06708186681440308], [0.023309305010847783, -0.06185609675780532, -0.5253250022336965], [0.010506680021994452, -0.09932526658482105, 0.5450078362269455], [-0.019810972703251797, 0.049040492833037734, -0.1970081629867375], [-0.059872900951922846, 0.016744745373393537, 0.2390796614320613], [-0.08515416089943419, 0.10438566319490448, 0.023628245391650166], [0.02924440682529772, 0.08711740493378445, 0.19163871960627127], [-0.007234656339432528, -0.024990894822998766, -0.04624015885431016], [0.05468364058034534, -0.1508219716175383, -0.14255031681051047], [-0.1282402172115887, -0.14760783378346554, -0.795045185419603], [0.4722670196564929, 0.13329706569735328, 1.1501203841946468]]"
"['Bi', 'Bi', 'Bi', 'Bi', 'Bi', 'Bi', 'Bi', 'Bi', 'Bi', 'Bi', 'Bi', 'Bi', 'Bi', 'Bi']","[[1.539308, 1.115363, 0.846294], [-1.375069, 0.968615, 1.224693], [1.375156, -0.968769, -1.224771], [-1.539394, -1.115209, -0.846216], [-3.325004, -1.391279, 2.457636], [-5.875237, -2.289899, 1.296986], [-4.786402, 0.385888, 4.292262], [-7.336636, -0.513073, 3.131433], [-0.230218, 7.313203, -0.93077], [2.397708, 6.724262, 0.254753], [-0.35076, 4.582054, -2.019876], [2.277279, 3.993332, -0.834056], [-1.227117, 11.892542, -4.07951], [-0.197125, 10.565113, -1.76752]]",[-81777.67671987771],"[[-0.41796436535264775, -0.18076952926528053, 0.09395068099519702], [0.3524579171579149, -0.13652853277628776, -0.03568113628529863], [-0.18519028647822725, -0.032601055843969294, 0.12341420249491705], [0.0789845383519252, 0.017504347367972198, -0.1222971089774801], [-0.2068809474592245, 0.16651265153114184, -0.029967288304280647], [0.2646172605060882, 0.14623121296983527, 0.13949625594751952], [0.024410015449908035, -0.12928449704735143, -0.20473592633114657], [0.07352340938217566, -0.029623665319520907, 0.05224875312204314], [0.15907619433552125, -0.5041558641054817, 0.07083249132990742], [-0.25944851754905024, -0.2431440635503736, -0.20569484549489006], [0.08590764880732424, 0.23630898771575584, 0.20807969925808706], [0.09967498822964191, 0.2289319744579992, 0.08007730922004583], [-0.29174416216451127, 0.48579154396238, -0.6598796466026774], [0.21008048141928914, -0.03750444023962897, 0.48918781884482143]]"
"['Bi', 'Bi', 'Bi', 'Bi', 'Bi', 'Bi', 'Bi', 'Bi', 'Bi', 'Bi', 'Bi', 'Bi', 'Bi', 'Bi']","[[-0.02414, -1.073071, -1.782596], [1.904504, -0.728894, 0.412896], [-1.904689, 0.72893, -0.412858], [0.024325, 1.073035, 1.782558], [-0.284023, 6.076962, -1.93478], [-0.457216, 3.912711, 0.051255], [2.555106, 6.464446, -1.264661], [2.38163, 4.299937, 0.72133], [-2.384828, -5.752208, -3.785871], [-0.360078, -4.38666, -2.144536], [-3.853913, -6.502609, -1.348958], [-1.828951, -5.136789, 0.292205], [3.199749, -2.693847, -2.041117], [2.603213, -4.51497, -4.161471]]",[-81777.39848202904],"[[0.009842774539842145, 0.28717057849539523, 0.30720323697764823], [-0.3449620674465219, 0.13270015805831775, -0.020841471418471664], [0.02591518120806461, -0.2818429926974733, 0.012084253227301781], [0.036353732100927585, 0.11520106602810479, -0.3845349664620785], [-0.11428328453762354, -0.5482361151362021, 0.3982819427361314], [0.10083753887603367, 0.20402043934893252, -0.23846017949482312], [0.12681603096324892, -0.19399410851099413, 0.19845754605995045], [0.07116673492516336, 0.3908755160419923, -0.1716591287225266], [0.2751816206882055, 0.09462652154480454, 0.30357967645043277], [-0.2563864862618647, -0.11976313114870742, 0.16568691558458493], [-0.002900867253087744, 0.07185239709426225, -0.033063057625750375], [0.15608836512648255, 0.11641591294163123, -0.36097968901837735], [-0.051676270976507066, 0.09347908899333665, 0.4995756984086437], [-0.03541999947763889, -0.35934858027352834, -0.6745164307493932]]"
"['Bi', 'Bi', 'Bi', 'Bi', 'Bi', 'Bi', 'Bi', 'Bi', 'Bi', 'Bi', 'Bi', 'Bi', 'Bi', 'Bi']","[[-0.381784, -1.60596, 1.266826], [-1.690999, -0.477126, -1.114351], [1.691185, 0.477166, 1.114377], [0.381598, 1.60592, -1.266852], [3.634765, 2.195253, -2.058442], [1.829015, 2.0812, -4.378911], [3.218765, 5.102863, -1.877867], [1.412851, 4.988471, -4.198415], [0.668441, -4.519916, 5.217373], [1.825236, -1.850275, 4.777878], [1.530168, -5.3364, 2.524672], [2.687053, -2.666552, 2.085489], [-2.881521, 1.459469, 1.286898], [-5.348841, 2.66249, 0.491086]]",[-81778.1803304536],"[[-0.15078931858938638, 0.07512212220933065, -0.5950621001688128], [0.8435716990206926, -0.09952221319556416, 0.14288733719871163], [-0.04868688882030273, -0.02351900430030221, -0.2790008936959662], [0.06292485350915909, -0.7149311094040789, 0.13320198625002586], [-0.18451948529359435, -0.06718440246500929, -0.2267061178019609], [0.13373420489785648, 0.009941597515436435, 0.16214624746899292], [0.0012887162907407297, 0.05067195124810948, 0.021392705955767772], [0.007087866836814431, 0.02880620318749886, 0.042852672007319355], [0.15666850916366373, 0.15359310813266797, -0.07333957540478489], [-0.11365284969487925, -0.19509479838121774, 0.13330997264233932], [0.04112699289384954, 0.4211653391312766, -0.08340807235781712], [-0.1827260370056341, -0.030463619474399097, 0.02812422284015694], [-0.566390170346842, 0.2946016877934917, 0.7056149690729221], [0.0022384596964631002, 0.10511380001164668, -0.11527501099579372]]"
"['Bi', 'Bi', 'Bi', 'Bi', 'Bi', 'Bi', 'Bi', 'Bi', 'Bi', 'Bi', 'Bi', 'Bi', 'Bi', 'Bi']","[[1.722779, -0.841484, -0.808489], [-0.930726, -1.86022, -0.047302], [0.930741, 1.860408, 0.047266], [-1.722793, 0.841295, 0.808525], [-3.339675, 3.776503, 1.039652], [-5.696353, 5.283773, 1.952076], [-1.71945, 6.229451, 1.172972], [-4.076414, 7.73652, 2.08556], [-3.056275, 5.341409, -2.696813], [-0.92656, 7.191173, -3.534069], [-1.063098, 3.204702, -2.34812], [1.066548, 5.054844, -3.185341], [4.392919, -5.44917, 1.406609], [2.32753, -4.044903, 0.017205]]",[-81777.30341086416],"[[-0.2459915618714964, 0.3778925177825114, 0.021229960178133073], [-0.22882131411692372, 0.6235653655304083, -0.09397824323628273], [0.04124434324903932, -0.313933925966363, -0.07680660708523745], [-0.02446947481439949, -0.08381847207069984, -0.031688339429508466], [-0.11361243193089907, -0.08699517462210393, 0.18554952120999002], [0.34932471769598566, -0.14842009714202908, -0.1482309152671142], [0.014063690078289911, -0.07403819594096141, 0.09795882734532316], [-0.07211557535895763, 0.11620765347074097, -0.07403788740841194], [0.054983945595159914, -0.2264484417010644, -0.07223400043586138], [0.08890725367533425, -0.0016202026334462718, 0.024139062164966092], [0.036011728912052544, 0.2685920339187803, -0.05810392957955364], [-0.24152354775638962, -0.0748874317833694, 0.043190047207952394], [0.556563922867233, -0.42767748423078555, 0.23253465761603412], [-0.21306481392610052, 0.06405845351799253, -0.06797619983112484]]"
"['Bi', 'Bi', 'Bi', 'Bi', 'Bi', 'Bi', 'Bi', 'Bi', 'Bi', 'Bi', 'Bi', 'Bi', 'Bi', 'Bi']","[[-1.57239, -0.828585, -1.082013], [-0.837308, -0.716037, 1.764968], [0.837382, 0.716172, -1.765084], [1.572315, 0.82845, 1.082129], [-7.90882, -2.491772, -1.789033], [-5.691397, -0.562101, -1.922139], [-6.571488, -3.874634, 0.43787], [-4.354137, -1.944622, 0.3046], [2.650311, -4.350679, -2.297258], [4.362802, -2.655572, -3.986135], [2.414084, -2.163892, -0.34226], [4.126598, -0.468875, -2.031511], [1.234276, -6.561572, -4.519116], [0.057937, -8.259492, -2.543885]]",[-81777.59801881264],"[[0.3334873819772021, 0.17442563724941426, 0.13486867908224676], [0.3174851356107285, 0.1289034079266681, -0.11471625854870893], [-0.5149079149218582, -0.15236802822291756, 0.18007815924401652], [-0.3655674137626773, -0.054040247370523424, -0.12613581953585729], [0.10535208998401836, 0.09783392308488059, -0.04363315651328778], [-0.16243755361778134, -0.04880834780060959, -0.01741545399826159], [0.19729854353787757, 0.16881476714899007, 0.05744706378173835], [0.0678853369953068, -0.16939871642094798, -0.13132173747148224], [0.06413990611105182, 0.9339136290510486, 0.9735960571216661], [-0.08494266183677454, 0.03790184558996997, 0.22205159576070135], [0.16469930289374096, -0.7184329538405297, -0.5956004894676328], [0.08727696768395048, -0.04352986495793538, 0.03371193757274364], [-0.06897270854381177, -0.11944169165425435, -1.0582455616143553], [-0.14026403919686822, -0.23758626104845773, 0.49401337076266894]]"
"['Bi', 'Bi', 'Bi', 'Bi', 'Bi', 'Bi', 'Bi', 'Bi', 'Bi', 'Bi', 'Bi', 'Bi', 'Bi', 'Bi']","[[-0.67391, -1.600222, 1.146669], [-1.772982, 1.019818, 0.38133], [1.77312, -1.019892, -0.381442], [0.673771, 1.600296, -1.146557], [-6.839364, 4.210948, 0.050763], [-4.062941, 4.289978, 1.022124], [-5.895218, 3.262667, -2.570155], [-3.118741, 3.341682, -1.598413], [-1.733542, 6.107827, -3.625864], [0.301299, 4.070941, -4.233177], [-0.315277, 6.78239, -1.13722], [1.719603, 4.745397, -1.744901], [-5.875188, 6.721648, 2.56255], [-6.525796, 8.846328, 0.765138]]",[-81777.31522345437],"[[-0.29935715140051855, 0.3594733816897877, 0.0694795761004945], [0.521727512706911, -0.3659214548631907, -0.2440350541311428], [-0.12269465316746836, 0.43340611092092296, -0.32636470238438947], [-0.010502797654080326, -0.21627000431623875, 0.4802887116763609], [0.28728483838288116, 0.22893341427656339, -0.5714629596809957], [0.08756097189573488, -0.10044935350671258, -0.8888797039099257], [0.14716622086099507, 0.03301796559364577, 0.33687172693439754], [-0.5840289761998719, -0.5119425571668389, 0.7086951523584346], [0.20458412831680875, 0.2450061089084987, -0.30718765608390014], [-0.11251415889897962, 0.08046271779642172, 0.11080895092016693], [0.05068416399485922, -0.08476638690684571, -0.041169066449178525], [-0.031475009740388644, -0.06886595628169616, -0.024650886811276942], [-0.01819863302182869, -2.766052927156295e-05, 1.177846661752501], [-0.11005330328443061, -0.03173760179324003, -0.47516439740644617]]"
"['Bi', 'Bi', 'Bi', 'Bi', 'Bi', 'Bi', 'Bi', 'Bi', 'Bi', 'Bi', 'Bi', 'Bi', 'Bi', 'Bi']","[[-1.779303, -1.078731, 0.011655], [0.696454, -1.165931, -1.576218], [-0.696444, 1.166012, 1.576392], [1.779293, 1.078649, -0.011829], [0.341564, -3.647819, 2.997359], [0.35023, -6.48066, 2.201588], [2.231825, -3.032691, 0.827477], [2.240189, -5.865745, 0.031812], [3.594155, 3.515217, -1.647116], [6.171126, 3.872902, -0.27249], [4.742474, 4.66762, -4.099297], [7.319513, 5.025084, -2.724363], [-2.464334, -7.128099, 5.437534], [-1.312227, -9.011875, 3.62307]]",[-81777.52986511415],"[[0.0986717432229583, -0.12429660558639274, -0.10351729833442953], [-0.12338643456546503, 0.38227583971278944, -0.030350331464443967], [0.13402988192442905, 0.1580488837899792, -0.018582334384764202], [-0.15136853702891914, -0.09446767870392059, -0.1687225159166994], [0.4467387279810416, -0.16885395078277238, -0.4005774763262577], [0.1644212636445796, 0.6220982932576926, -0.23389760015330469], [0.041528702273255606, -0.08334441180844376, 0.23109216510309258], [-0.3224992523383919, 0.09115902706552777, 0.47165113726566515], [0.11385570984615383, 0.017200278256054125, -0.05185506558892322], [-0.08770706205790753, 0.019277329663484468, -0.12687393223836557], [-0.14787867393980603, -0.16130158819273532, 0.27115933326289543], [0.0590277274547495, 0.024679503205240007, 0.00744064295387503], [-0.16407169626603346, 0.4048995545454665, 0.2742446587575657], [-0.055565478028813675, -1.0876296874046791, -0.1172401062254408]]"
"['Bi', 'Bi', 'Bi', 'Bi', 'Bi', 'Bi', 'Bi', 'Bi', 'Bi', 'Bi', 'Bi', 'Bi', 'Bi', 'Bi']","[[-2.034228, 0.243121, 0.364038], [-0.258646, 0.728739, -1.931566], [0.258705, -0.728866, 1.931698], [2.034169, -0.242994, -0.36417], [-2.44987, -5.763594, -2.695051], [-2.297648, -4.047175, -0.309878], [-3.653771, -3.548098, -4.212304], [-3.501292, -1.831775, -1.826861], [-1.906491, -0.21993, -5.096371], [1.003227, -0.513317, -4.771132], [-1.758255, -1.6177, -7.681738], [1.151603, -1.911068, -7.356141], [4.175581, -3.248941, -10.800475], [2.775053, -4.602031, -8.708606]]",[-81777.14344069798],"[[0.0750663292399687, -0.04365990114311741, -0.24849725754990126], [-0.15878941333079166, -0.21302948694918658, -0.046335078893153685], [0.0028315975819650703, 0.0734107950016202, -0.004565451265333016], [0.02337553666480004, -0.007304425833285338, 0.006884255923002824], [0.2190548705298197, 0.07908547991769249, 0.32641453039112844], [-0.07187743965286066, -0.41244266115901956, -0.2370202580864605], [-0.19198309335356806, 0.2956885965431725, 0.3878368303843831], [-0.03464109877209107, -0.1743580171989894, -0.31806039454920976], [-0.2205506877517274, 0.22891315397248171, -0.2207892862566486], [0.3148638944925482, -0.04128102776917095, -0.7406550107158923], [0.07142754777364616, 0.28100532682567037, 0.3204057561460749], [-0.3073710272624667, 0.19392510006409666, 1.0492677786457807], [0.37904324134784023, 0.34598804101768293, -0.6150791777573178], [-0.08804603648558862, -0.5987732325179853, 0.3371754772293478]]"
"['Bi', 'Bi', 'Bi', 'Bi', 'Bi', 'Bi', 'Bi', 'Bi', 'Bi', 'Bi', 'Bi', 'Bi', 'Bi', 'Bi']","[[1.544448, 0.537101, 1.286825], [-1.088545, -0.735281, 1.613486], [1.088626, 0.735272, -1.61366], [-1.54453, -0.537091, -1.28665], [5.745453, 5.795413, 4.351556], [3.80867, 5.588138, 2.146058], [6.063435, 2.869883, 4.347011], [4.126598, 2.662921, 2.141296], [0.4153, -6.054433, 5.285702], [-2.400918, -5.207021, 5.381226], [1.200592, -3.348343, 4.437027], [-1.615864, -2.501137, 4.532773], [-1.561721, -0.715411, -4.703965], [-2.203056, -3.383722, -5.50212]]",[-81777.70437728705],"[[-0.26652394023970283, 0.033673689821028044, -0.17127089193111392], [0.2346717083199175, 0.29770922763172364, -0.41994118481917464], [-0.010573744713830269, -0.11009572650998233, 0.26360213699625007], [0.25364512313775855, -0.09273886798507368, 0.9186494953870833], [0.022843348870224364, 0.04549220910568303, 0.00046795517443350804], [0.02905003131913349, -0.13281076697730168, 0.02551980188813177], [-0.13516502459600982, 0.008108358813013253, -0.1453594028292246], [0.041911339198895455, 0.0032999808453109637, 0.1258712528746893], [0.0009552584250440933, 0.00012981856689047886, -0.043214313292967974], [0.04392902380159918, 0.15536542194098976, 0.025441280354292415], [-0.03851925007470844, 0.01421044872765306, 0.04551658831930008], [-0.06341876269876423, -0.2654439220502935, -0.05083655336325014], [0.10419910384666009, 1.074114933296192, -0.389856278764828], [-0.21867604398116577, -1.0313163264759575, -0.18535293455388796]]"
"['Bi', 'Bi', 'Bi', 'Bi', 'Bi', 'Bi', 'Bi', 'Bi', 'Bi', 'Bi', 'Bi', 'Bi', 'Bi', 'Bi']","[[0.14358, -0.239159, -2.062014], [-1.76633, 1.071361, -0.247325], [1.766508, -1.07139, 0.247391], [-0.143759, 0.239188, 2.061948], [4.02116, -2.28738, -7.101566], [5.440423, -0.396048, -5.350317], [1.586013, -1.959116, -5.482258], [3.005586, -0.067609, -3.731155], [-5.923608, 6.373981, 0.897124], [-3.732375, 5.264645, -0.723428], [-5.006737, 4.804129, 3.211163], [-2.815396, 3.694993, 1.5903], [2.9529, -0.210648, -12.746284], [3.474107, -1.777523, -10.413584]]",[-81777.59045246874],"[[-0.1332689378132602, 0.3297391228779104, 0.16246305897520397], [0.283473535799315, -0.13756047131007182, -0.19168880472346808], [-0.040377762735142125, 0.06064186690937783, 0.17750602622329306], [0.1094906427583859, -0.11799904487503812, -0.07815011207189163], [-0.30193910604073343, -0.10666957539233415, 0.39447459965361675], [-0.3953503178731873, -0.028723809570163693, 0.22808664669455112], [0.33373508219233256, -0.22770329500183834, -0.310216880076659], [0.09707128204468968, 0.08822508820846266, 0.04121641076889424], [0.019958332991086406, 0.00053192039969947, -0.10527655093149052], [-0.036728079785405085, 0.0693960666237721, 0.0857782708249144], [0.2500883599075027, -0.14897771830309914, -0.13275769937879334], [-0.18410723438541482, 0.015206628338953882, 0.005658080722701808], [-0.25150832954433316, 0.4065849650190217, -1.0088541284329264], [0.24736710282120355, -0.19565627619915618, 0.7280046619668284]]"
"['Bi', 'Bi', 'Bi', 'Bi', 'Bi', 'Bi', 'Bi', 'Bi', 'Bi', 'Bi', 'Bi', 'Bi', 'Bi', 'Bi']","[[0.818134, -0.188633, -1.903888], [-1.751682, -0.90603, -0.663041], [1.751786, 0.906169, 0.663126], [-0.818237, 0.188495, 1.903803], [6.228051, -1.520274, -1.296594], [4.675454, -3.648281, 0.014644], [3.98193, -1.01036, -3.128201], [2.429433, -3.138462, -1.816604], [0.709478, -0.65509, -6.836777], [-1.86284, 0.403522, -7.79638], [-0.634466, -1.775362, -4.470627], [-3.206814, -0.716676, -5.430607], [-1.410082, -5.085043, -4.914645], [-3.860642, -4.887148, -3.457305]]",[-81777.38640347842],"[[-0.18241832720963233, 0.012270138946146507, 0.14846288032222185], [0.4820990778324502, 0.134145118831655, 0.1592823455006568], [-0.1607916353105579, -0.19406831058914095, -0.3479653747051255], [-0.11721835468070337, -0.068324790189931, -0.06466816525783095], [-0.0839281039699438, -0.0006172311922898502, -0.14240494655761993], [-0.15480764651364495, 0.07898397270891784, -0.047583812965029906], [-0.049871391557589066, -0.042449486813885, 0.24283789641711914], [0.2519336416637734, -0.02296642764641592, 0.0657590335085632], [-0.21002725955450605, -0.12548152484262087, 0.35258122733351854], [-0.06847232017066782, 0.004101365346180282, -0.23267545130277423], [0.14583258891592385, 0.806606928489964, -0.19081385783527116], [0.2997696079970644, 0.041965203839823245, 0.1754297564316547], [0.6405716796570309, -0.6905956045648672, -0.526435205190862], [-0.7771826934682095, 0.05732992425712403, 0.4072033156702452]]"
"['Bi', 'Bi', 'Bi', 'Bi', 'Bi', 'Bi', 'Bi', 'Bi', 'Bi', 'Bi', 'Bi', 'Bi', 'Bi', 'Bi']","[[-1.872234, 0.776533, 0.470587], [-0.806556, -0.926896, -1.679058], [0.806655, 0.926903, 1.679223], [1.872134, -0.77654, -0.470752], [-7.055472, 3.002435, 0.465729], [-4.209974, 3.07916, -0.279637], [-7.795402, 3.74901, -2.282905], [-4.949659, 3.825534, -3.028052], [-3.814006, -1.691912, -6.442081], [-3.210379, -4.549654, -6.08535], [-3.548057, -1.27383, -3.541333], [-2.944296, -4.131764, -3.184909], [3.471612, -4.014526, -4.469982], [4.289524, -2.396292, -2.260778]]",[-81777.4194876998],"[[0.15645006811864107, 0.12226682136554075, -0.10002244730243336], [0.2950769821859457, 0.1937556642723477, 0.40304943911258756], [-0.24388695850739864, -0.19345273673086263, -0.2941828548575902], [-0.7367885836501548, 0.33716735253887853, 0.1706625685877481], [0.18768436076393555, 0.06642926905018874, -0.09037206337602054], [-0.11118268668175466, -0.18110618969884063, 0.08982359534725132], [-0.07133174841703664, -0.022659072662846027, -0.021339818334579968], [0.006039200696640112, 0.03745741473688103, 0.08289241162347456], [0.034954146181198624, 0.015546451231146022, 0.14305384193124066], [0.03804391454458122, 0.040904525499056335, 0.09983619648673843], [0.22844984092736542, -0.03660573120291394, -0.05197503332857431], [-0.06939411258429214, -0.04739907910103652, -0.06401520753897556], [-0.19655724266569147, -0.6928031549563038, -0.9190649858870322], [0.48993909560277366, 0.3747023426431139, 0.5537228523075575]]"
"['Bi', 'Bi', 'Bi', 'Bi', 'Bi', 'Bi', 'Bi', 'Bi', 'Bi', 'Bi', 'Bi', 'Bi', 'Bi', 'Bi']","[[1.237179, 1.42699, -0.873386], [1.644444, -0.837487, 0.960897], [-1.644602, 0.837484, -0.961008], [-1.237021, -1.426987, 0.873496], [-1.404073, -2.467177, 4.162979], [-2.347431, -5.252279, 4.055302], [-3.933637, -1.564087, 2.96065], [-4.87683, -4.349441, 2.853215], [-0.056005, 5.486225, -6.608373], [2.072315, 3.899618, -5.339025], [-2.081972, 3.969718, -5.106534], [0.0467, 2.383265, -3.837176], [-1.443799, -0.427523, -4.971511], [-3.462206, -1.768708, -6.486602]]",[-81777.43902513542],"[[-0.17824485883508343, -0.14525234203455953, -0.14553362087549032], [-0.28468406325714884, 0.1892752574331707, -0.22969024462040602], [0.21744006258800086, -0.2916200806575339, 0.8139592591437632], [0.006361128700963165, 0.4037886316790189, -0.17343442501215986], [-0.151893659428112, -0.012088932637635363, -0.0985886965450601], [0.13255494207170193, 0.07696812387488344, -0.006704952231880063], [0.1844666748055439, -0.08518131176378728, -0.049238668431769564], [-0.03142954232701552, 0.10256300715892801, -0.048824679456894705], [0.07041108728942704, 0.11578110722110281, -0.11314860466486698], [-0.34127068118051523, -0.24058828275477193, 0.2152724157396287], [0.3975002755220567, -0.22293672422303068, 0.23701136206461754], [-0.012574593723751411, 0.28527598295330137, 0.04133535006671378], [0.5054662532651597, 0.29516409120907855, -0.13314686176785442], [-0.5103229669705033, -0.47688467205809115, -0.30853352648676685]]"
"['Bi', 'Bi', 'Bi', 'Bi', 'Bi', 'Bi', 'Bi', 'Bi', 'Bi', 'Bi', 'Bi', 'Bi', 'Bi', 'Bi']","[[-1.85483, 0.916451, -0.222344], [0.919323, 1.866342, 0.022801], [-0.919349, -1.866522, -0.022862], [1.854857, -0.91627, 0.222405], [-2.226339, 0.134419, 2.983483], [-0.578529, 2.3193, 4.06484], [-4.652307, 1.475025, 3.972074], [-3.004148, 3.659956, 5.053277], [4.696513, -5.891217, -4.160156], [2.78346, -5.484168, -1.961781], [4.735897, -2.991908, -4.662465], [2.822823, -2.585134, -2.463821], [-5.039521, -3.461753, -1.03969], [-3.513456, -1.324555, -2.16741]]",[-81777.61216480564],"[[0.7604206342765817, 0.10739982051483103, -0.506787698174527], [-0.6976008361005162, -0.07473537665857373, 0.1571704916216466], [0.5719545548764798, 0.4029293171066617, 0.29504201516367273], [-0.3376048002719312, -0.34775814367606683, -0.1801268559647407], [-0.0426436103518005, 0.1255464195221921, 0.1698520535802982], [-0.24133200046526218, -0.01691914853918893, 0.06303042306316839], [0.25943756464354417, -0.027698915862925805, -0.12922088792006967], [0.11121935063304965, -0.15304140051212936, -0.08200445494610846], [0.06808022672238681, -0.11312340783999383, 0.04980461997167524], [0.011414465057872969, 0.10616954697383126, -0.16543792981716504], [-0.3362261739967293, 0.03213258002085856, 0.20142701758229584], [0.32282202880722594, -0.01622084681998021, 0.054915142836628766], [-0.14703910545061466, -0.3660954672210901, -0.022157455301713376], [-0.3088110000929209, 0.34213241259117666, 0.10728165254838516]]"
"['Bi', 'Bi', 'Bi', 'Bi', 'Bi', 'Bi', 'Bi', 'Bi', 'Bi', 'Bi', 'Bi', 'Bi', 'Bi', 'Bi']","[[-1.519331, -0.317937, -1.385736], [1.371323, 0.206575, -1.551034], [-1.37139, -0.206649, 1.551199], [1.519398, 0.318011, 1.385571], [6.175248, -1.719826, 4.958243], [3.800297, -0.46611, 3.755696], [5.042705, -1.29206, 7.640448], [2.667676, -0.038431, 6.437534], [-7.04407, -1.996709, 0.691651], [-4.375281, -0.829894, 0.274013], [-8.262791, 0.294928, -0.695064], [-5.593701, 1.461502, -1.11269], [4.089921, 2.346082, 0.693666], [2.971258, 4.925664, 1.206104]]",[-81777.79020887255],"[[0.0798126397146947, 0.0822774548302952, 0.052769504643451905], [-0.48999226604546514, -0.10734680433841426, 0.05861038575950376], [0.5497083296180756, -0.02202189638389588, -0.026875689314437887], [-0.7980878305782637, -0.16366319917053912, 0.2606582736755105], [-0.29733533760386116, 0.2021239411894503, -0.19423584376350156], [-0.06513620913537244, -0.15385752052756121, 0.15068986826427483], [-0.02553331047158927, -0.007721885799341698, 0.09950092444965093], [0.10606793692087345, -0.06133333977482502, -0.14555717219343298], [0.31107357212234577, 0.12190609539312222, -0.11495804522330794], [0.1869162689820374, -0.05315254780361521, 0.04323476900099764], [0.006761912482720833, 0.09445220065435567, -0.007436246365045126], [-0.16087473341054773, -0.12434957034071792, -0.014597076007599349], [1.1382017718087354, -0.48313482160101107, -0.30758951972958093], [-0.5481831503818769, 0.660337817438636, 0.13369610112799732]]"
"['Bi', 'Bi', 'Bi', 'Bi', 'Bi', 'Bi', 'Bi', 'Bi', 'Bi', 'Bi', 'Bi', 'Bi', 'Bi', 'Bi']","[[0.750117, -1.936929, 0.123879], [1.688317, 0.585604, -1.065626], [-1.688447, -0.585592, 1.065768], [-0.749987, 1.936917, -0.124021], [-2.487486, 4.22831, -3.010119], [-2.919344, 4.667665, -0.132832], [-4.948443, 5.726951, -3.608136], [-5.379993, 6.16628, -0.730618], [-7.627367, 2.97601, 3.565897], [-7.303682, 0.05255, 3.649085], [-4.936706, 3.240668, 2.403934], [-4.613342, 0.316994, 2.487133], [2.835149, 2.703167, 1.205426], [1.682235, 2.370054, 3.799279]]",[-81777.72000085928],"[[-0.36490216616393484, 0.22425410678716332, 0.015801371107933997], [-0.5710536398320362, 0.03256543061892417, 0.034395640560153415], [-0.038046254249748016, -0.2840158845991865, 0.06064608352088721], [0.2922508240328277, -0.2748686144167712, -0.11287385642956659], [-0.13283987188113475, 0.13004045321563723, 0.07475106039650498], [-0.06110055196625214, 0.10385596422956118, -0.11360374159742241], [0.023605809933094756, -0.07631053816778606, -0.014765663334837292], [0.2127482081082558, -0.11263577214556121, 0.034453978923048474], [0.16447870212087204, -0.01402092746693378, -0.11452563685522989], [0.36777573548548753, 0.061025989933464274, -0.11832614079956473], [-0.10234919410214738, -0.15537879168479998, 0.03892342257230109], [-0.15608332576150794, -0.0030945434188065124, 0.011849598796804634], [0.8398250854283316, 0.43295292802784746, -0.5426753301529748], [-0.4647638680080958, -0.07167756198289761, 0.7310246814051949]]"
"['Bi', 'Bi', 'Bi', 'Bi', 'Bi', 'Bi', 'Bi', 'Bi', 'Bi', 'Bi', 'Bi', 'Bi', 'Bi', 'Bi']","[[-1.627537, 0.330401, -1.253665], [-0.089109, -2.03563, -0.420924], [0.089116, 2.035784, 0.421039], [1.62753, -0.330555, 1.253549], [-1.93818, 4.092763, 2.640349], [0.293711, 5.44254, 1.278336], [-3.112225, 3.40226, 0.03177], [-0.880008, 4.752082, -1.330043], [3.127869, 1.398056, 4.748637], [4.649062, -0.091407, 2.717434], [5.632169, 2.549226, 5.779726], [7.153172, 1.059649, 3.748208], [2.800852, -6.773439, -0.738984], [2.423002, -4.142901, 0.31256]]",[-81777.55825546796],"[[0.39130458197411777, -0.37040803235335706, 0.3765675247488252], [-0.4819644033746079, 0.9810949407364622, -0.21724188184705986], [-0.037607598097543264, 0.279936158697584, -0.28868789015158247], [-0.3199292790455147, 0.12506238337416992, -0.20874062740113702], [-0.12759759533314047, -0.06014698070003272, -0.10861908972823314], [-0.05424377600898851, -0.48435445076905415, -0.20253542076625614], [0.27218736371771957, -0.059089896763467105, 0.2805585202719505], [0.1729776939947655, -0.16709197281485774, 0.23628286529323428], [0.1820216571952009, 0.12286964254510774, 0.12108035944656531], [0.054760053808430006, 0.20108264383499905, 0.013260826678066814], [-0.12334452556082909, -0.0581891874073897, 0.013577473633584825], [-0.36805865983334884, -0.21694394224845787, -0.20533962168627037], [0.03940019792099248, -0.5062134162557856, -0.2308995893701336], [0.40714176342662656, 0.21579424712496056, 0.42164382169340836]]"
"['Bi', 'Bi', 'Bi', 'Bi', 'Bi', 'Bi', 'Bi', 'Bi', 'Bi', 'Bi', 'Bi', 'Bi', 'Bi', 'Bi']","[[-1.316279, -0.887655, -1.345062], [0.839269, -1.860012, 0.406065], [-0.839351, 1.86018, -0.406019], [1.316361, 0.887487, 1.345016], [3.182188, -3.243066, 4.392257], [4.81646, -4.30011, 2.185421], [3.559993, -0.511943, 3.363621], [5.194216, -1.569357, 1.156691], [0.145775, -7.700093, 9.586487], [2.998732, -7.247201, 9.026276], [-0.573008, -6.056607, 7.253643], [2.2802, -5.60397, 6.693575], [7.64142, 0.892424, 0.979584], [8.705852, 3.434961, 0.224115]]",[-81777.21382807575],"[[0.07717628050159053, -0.1790507458542913, -0.00800042898500053], [-0.21603171434386706, -0.09171428281038527, -0.1154924750210764], [0.4328618595036632, -0.07925573846290672, 0.36238016968249975], [-0.21930025675082915, 0.20900833080989123, -0.13119086824841664], [0.09391406846599358, 0.18296885212206465, -0.0036877712929687433], [-0.2294874873133146, 0.17031588084633031, -0.031188799520875558], [-0.1970365479812885, -0.3992380336848382, -0.006874346885955776], [0.33224749250507735, -0.17978263648371867, 0.20027038047643553], [-0.05243937481552219, -0.03325552537231707, 0.012823348091759203], [-0.06708191823649465, 0.1964047247420716, -0.2390655203568774], [0.1746675267681964, -0.01576924772732532, 0.02004863532610625], [-0.04655784453607804, -0.016996862746190517, 0.10580511861081912], [-0.6940352282705088, -0.6735887762173289, 0.04987431747459985], [0.6178318023194794, 0.9122520729738846, -0.22671300836223238]]"
"['Bi', 'Bi', 'Bi', 'Bi', 'Bi', 'Bi', 'Bi', 'Bi', 'Bi', 'Bi', 'Bi', 'Bi', 'Bi', 'Bi']","[[0.870512, 1.662314, 0.899242], [0.089236, -1.02493, 1.808442], [-0.089205, 1.024953, -1.80863], [-0.870542, -1.662338, -0.899053], [-0.872134, 3.978554, -3.150425], [-1.026032, 6.673216, -1.978493], [0.25524, 5.116716, -5.618921], [0.101331, 7.811403, -4.446605], [-3.995659, -4.125535, 6.684941], [-1.070552, -4.025357, 6.988299], [-3.869283, -1.920679, 4.740077], [-0.944001, -1.820818, 5.043567], [1.533861, 8.589215, -0.762091], [3.731712, 8.539011, 1.064155]]",[-81777.77301559554],"[[-0.10258193048862867, -0.2646230197803449, 0.06653967228080636], [0.02227034736156336, 0.10844569443543267, 0.003246247844937618], [-0.1912189096506298, -0.07009196178909498, -0.023447800130094374], [0.1369249971023529, 0.3260724192158611, 0.014058876970518226], [0.20555199492448686, 0.2385576243583631, 0.1850149885680384], [-0.25245999819316417, -0.34480692699623156, -0.5495062407981747], [-0.015280218494210927, -0.03890982657128791, 0.041085958064770424], [-0.28886143971065764, -0.0962540307432431, -0.10669970873799875], [-0.028371665944829497, 0.05277187005966448, -0.03319168484562318], [0.02596091601631394, 0.15342932877099258, -0.20453538017399298], [-0.0034707777798240044, -0.06681858570552456, 0.06621329626556183], [0.02348103937009029, -0.09736428512250019, 0.06740001529499516], [-0.29399670688607843, -0.09162727663143556, -0.1349504402078555], [0.7651108432493963, 0.18537818280085266, 0.6033739670514545]]"
"['Bi', 'Bi', 'Bi', 'Bi', 'Bi', 'Bi', 'Bi', 'Bi', 'Bi', 'Bi', 'Bi', 'Bi', 'Bi', 'Bi']","[[-1.438082, 1.464042, 0.343827], [-0.95186, -0.517747, -1.776177], [0.951938, 0.517712, 1.77635], [1.438004, -1.464007, -0.343999], [-3.42006, -3.636289, -2.951477], [-0.749446, -3.950893, -1.75684], [-2.625797, -5.379207, -5.185586], [0.04485, -5.693745, -3.990571], [-4.96334, -4.733143, 2.288834], [-4.941654, -2.68188, 0.179293], [-2.298512, -3.851771, 3.172991], [-2.277167, -1.800395, 1.063309], [3.284296, 5.245452, -1.05455], [1.225087, 3.389855, -0.358375]]",[-81777.60819982289],"[[0.40982568807444025, -0.38802842909760216, -0.41303483796562995], [0.041768524623956325, 0.21127239407997186, 0.5375084383912335], [-0.005318705202706395, -0.6089728043824495, -0.1913312154986358], [-0.23579219569539855, 0.09743607036234285, 0.35053267404924066], [0.1366691207746616, -0.3692342716910013, -0.22968206850784514], [-0.026552892276767163, -0.20327255644902445, -0.514979905850067], [-0.11560920316895809, 0.28099159712721905, 0.1797960062275289], [-0.042161934477781736, 0.20111797081191304, 0.35533657726653384], [0.0200632700533693, -0.07678197590337167, -0.01768358421037591], [0.502071829578015, 0.07432626249798045, 0.3177415261593356], [-0.09476093889218899, 0.5679503166053136, -0.5627983372501301], [-0.325587148937641, -0.17144917232261428, 0.2098928422071216], [0.11789887464064447, -0.012472834546728028, -0.18957746506537365], [-0.3806233907999356, 0.4070443185630866, 0.17406372856888944]]"
"['Bi', 'Bi', 'Bi', 'Bi', 'Bi', 'Bi', 'Bi', 'Bi', 'Bi', 'Bi', 'Bi', 'Bi', 'Bi', 'Bi']","[[-0.128099, 1.376396, 1.555262], [-1.520791, 0.998861, -1.009147], [1.520877, -0.999015, 1.009224], [0.128013, -1.376242, -1.555338], [-5.891769, -4.349902, 1.890096], [-3.723822, -4.198014, -0.093651], [-5.778478, -1.429878, 2.237204], [-3.610501, -1.278281, 0.253207], [3.01993, -6.383149, 2.698354], [1.385095, -4.405697, 1.25776], [5.036844, -6.27451, 0.558234], [3.401754, -4.296856, -0.882154], [-1.380644, 6.371901, -2.170806], [0.074293, 3.931742, -1.85932]]",[-81777.86600051742],"[[0.10067982732116446, -0.45778100508228337, -0.1430801700421285], [0.24616752826887572, -0.6624661778090426, 0.2226153361506692], [-0.25785859789955506, 0.07533043310231247, 0.1834931003457007], [-0.3009572526241462, 0.27336539241367624, 0.04427651372764558], [0.003324825943077712, -0.09362584764269981, -0.001812270830361401], [-0.14195911702364006, 0.18913281823950007, 0.11997190484051343], [0.2956594402172479, -0.0260649069121118, -0.22614901086180664], [-0.11183003939262806, 0.09129071904205861, 0.012412228469594389], [-0.1990008204574703, 0.09620050034591057, -0.15652596712580996], [0.33385530704244154, -0.03742711169831422, 0.1633787321599305], [0.006185928492748314, 0.06012286373908271, -0.05870448818709122], [0.07829964751419997, -0.1084381868100623, 0.09007916314239317], [-0.23563145023712623, 0.688203963085582, -0.12736881844771067], [0.18805295431636548, -0.09096007499321312, -0.12557639860158198]]"
"['Bi', 'Bi', 'Bi', 'Bi', 'Bi', 'Bi', 'Bi', 'Bi', 'Bi', 'Bi', 'Bi', 'Bi', 'Bi', 'Bi']","[[-0.626591, 0.492815, 1.922038], [1.525421, -1.16902, 0.797112], [-1.525495, 1.169158, -0.797225], [0.626665, -0.492953, -1.921925], [-3.534677, 1.274208, -5.910366], [-3.610553, 2.289811, -3.149731], [-1.304624, 3.095329, -6.518841], [-1.38066, 4.110705, -3.757939], [0.599091, -0.423976, 8.179544], [-0.383429, 0.807009, 5.694057], [0.99609, -2.971375, 6.76074], [0.013589, -1.740007, 4.275227], [3.075912, -2.930702, 3.841032], [3.664224, -0.236381, 4.591207]]",[-81777.36955787084],"[[-0.0665161209628637, -0.015777871212082923, -0.46059446197878157], [-0.3007135633321588, -0.11963673564760909, -0.3001203066616253], [-0.12294590150691768, -0.24729480336044513, 0.3573506777494546], [0.18506389097712891, -0.002085125704249893, 0.42602616660394643], [0.008503018223664002, 0.03151633253318059, 0.20053078194818572], [0.051762865778724146, -0.04550970290123781, 0.0001394466850512385], [0.06290438751671111, 0.01630368266730295, 0.07081372226648151], [-0.014419746924793177, 0.08213763816329506, -0.09878019241409595], [-0.33061874917644085, 0.40613671864673767, -0.23712238236033406], [0.020077596248082884, 0.14665925046012918, 0.49690966864869907], [-0.0997033218021013, 0.32134791170796406, -0.6600673372369364], [0.7805420987109897, 0.0989854694036747, 0.2672334622592938], [0.20585379117995717, -1.1041742311489329, -0.5760873483765907], [-0.3749364674260678, 0.44086200566716, 0.5055066196070483]]"
"['Bi', 'Bi', 'Bi', 'Bi', 'Bi', 'Bi', 'Bi', 'Bi', 'Bi', 'Bi', 'Bi', 'Bi', 'Bi', 'Bi']","[[0.329452, -2.026083, 0.340828], [2.053398, 0.314019, -0.117699], [-2.053576, -0.313985, 0.117764], [-0.329274, 2.02605, -0.340893], [5.104591, -5.678485, 2.059068], [2.846559, -7.112423, 3.285211], [3.294208, -3.49249, 1.282022], [1.03626, -4.926691, 2.508435], [3.874261, -5.809177, 7.12181], [6.730276, -5.124731, 6.940083], [4.433031, -8.450728, 5.951408], [7.289176, -7.766005, 5.769914], [1.52364, 2.017815, 4.449946], [-0.548707, 0.720725, 2.969682]]",[-81777.26141724247],"[[-0.1052183411238244, 0.10933159422913567, -0.1483446609336844], [-0.14215801767386316, 0.10167016538286203, 0.09692858574056118], [0.49378089148664556, -0.020455224662003054, 0.3054735006611529], [-0.0054779388514863275, -0.02949223559565711, -0.3131276275704225], [-0.11298683076476311, 0.4054963079182274, -0.26142091471570134], [-0.4052020192881273, 0.16700800053931114, 0.030186881204154647], [0.07990643360973268, -0.31064399196930453, 0.03485962209246025], [0.3593515113327483, -0.3031254651155257, 0.1794325034621652], [-0.044041432493788335, -0.003878930347304777, -0.021418201028772062], [0.070656164977887, 0.010784467302907089, 0.04818901498743695], [-0.02062285039612849, 0.01744111362195893, -0.07196922808632711], [-0.048096604346662415, -0.0029356383571917622, 0.038451028385812124], [0.42325019641220846, 0.287037960921216, 0.2312795986268938], [-0.5492275330618228, -0.42341392435179226, -0.16271559286694273]]"
"['Bi', 'Bi', 'Bi', 'Bi', 'Bi', 'Bi', 'Bi', 'Bi', 'Bi', 'Bi', 'Bi', 'Bi', 'Bi', 'Bi']","[[-1.241457, -0.179437, -1.660211], [0.461248, 1.951191, -0.555886], [-0.461207, -1.951372, 0.555938], [1.241416, 0.179619, 1.66016], [0.995094, 0.808595, 5.029822], [-1.312403, 2.591261, 4.635013], [1.668156, 2.230867, 7.516585], [-0.639626, 4.013405, 7.121551], [-2.717776, -1.279336, -6.335932], [-0.264043, 0.101175, -7.191324], [-1.254808, -2.484415, -4.08485], [1.198883, -1.10359, -4.940462], [-2.551331, -4.08385, -1.442421], [-5.339278, -4.653597, -1.708844]]",[-81777.62513057738],"[[0.08528734411662078, 0.1621005332295802, 0.15375308225956663], [-0.25177459313452316, -0.2998775943893779, -0.1660169425683315], [0.13769817967131726, 0.5964494681995828, 0.19503556013172008], [0.09404540048788339, -0.279708255987711, 0.04485791246386125], [0.07692570064933173, 0.05771245319637156, 0.24762436754536746], [-0.053652833332576, 0.11564987804339616, 0.16187232198715776], [0.0068154788755174665, -0.22665562130803152, -0.3937451258624935], [-0.10365932615136751, 0.01801069041932085, -0.13031257892426715], [0.24964145050959974, -0.05816928705794907, 0.182850169934703], [-0.08630673566005984, 0.2742352485148069, -0.2733826188143548], [0.24041385902013987, 0.264621785650147, -0.28990212000001], [-0.24196032700225178, -0.31487484739805427, 0.18215370912637277], [0.5088038041190193, -0.17761210999821814, 0.14853939639448965], [-0.6597932574888267, -0.1136374230674059, -0.05713179493827462]]"
"['Bi', 'Bi', 'Bi', 'Bi', 'Bi', 'Bi', 'Bi', 'Bi', 'Bi', 'Bi', 'Bi', 'Bi', 'Bi', 'Bi']","[[-1.893733, -0.860182, -0.059815], [0.825679, -1.767689, -0.722796], [-0.825696, 1.767837, 0.722918], [1.893749, 0.860035, 0.059692], [-4.277038, 1.771241, 0.955579], [-7.032173, 2.20918, 0.019761], [-3.244372, 3.019196, -1.501262], [-5.999784, 3.457143, -2.436813], [-1.847382, 2.450839, 6.413908], [-0.683024, 4.662189, 4.860681], [-0.15306, 0.535825, 4.957251], [1.011278, 2.747528, 3.404177], [-1.948987, -4.054171, 0.913249], [-1.256113, -4.63385, 3.624732]]",[-81777.74623912151],"[[0.5786507396417458, 0.6319435669111854, 0.17181308646471063], [-0.1376934488388921, 0.525036010079029, 0.28817377207998723], [-0.41826837275805595, -0.4570998166351518, -0.614939309668226], [-0.14185843256833067, 0.025121902885711624, -0.06581045560014104], [0.0223596263969608, -0.1388855671879411, -0.0967106589164543], [0.10581967106273564, -0.04522445941704639, 0.1696077472232119], [-0.23439032663480355, 0.057570425379433576, -0.1339550113590917], [0.377001424357559, -0.0219138637117, 0.03332999484534009], [-0.1124200050493006, 0.0028700715908836086, 0.08996485183281565], [0.11976631931838524, -0.18174001839962906, -0.2025462194054875], [0.09283142774991379, 0.145775201861723, -0.042848501675692395], [0.1283864102179445, 0.06869677760040507, 0.42358042908432136], [-0.6485385043051852, -0.5109607551723433, -0.5356531293271052], [0.26914888374847673, -0.09218978289120552, 0.5023668895394886]]"
"['Bi', 'Bi', 'Bi', 'Bi', 'Bi', 'Bi', 'Bi', 'Bi', 'Bi', 'Bi', 'Bi', 'Bi', 'Bi', 'Bi']","[[-1.919474, -0.604239, 0.529367], [-0.182567, -1.00722, -1.811375], [0.182653, 1.007266, 1.811542], [1.919388, 0.604194, -0.529534], [6.553364, -2.639941, 1.350974], [4.687835, -1.414091, -0.566162], [4.530821, -4.669834, 2.020835], [2.665445, -3.443769, 0.103419], [2.571987, 6.317591, -0.570531], [4.447716, 7.422781, -2.550054], [3.344685, 3.590401, -1.361248], [5.220537, 4.695952, -3.340714], [-2.397595, -0.331036, -4.339861], [0.356817, 0.26923, -4.810114]]",[-81777.21666409701],"[[0.3560093324906467, -0.10359242601022475, -0.34557018510152143], [0.5277300134567919, 0.9987419741241447, 1.042094911091588], [-0.05596785589541026, -0.1724416701121581, -0.24177248210171795], [-0.4921706601109771, -0.45201715425941513, -0.020652232979256065], [-0.10144344538109534, 0.21479778983436526, -0.24456413603138716], [0.15612369210339655, -0.16585372884966343, 0.19550247272324683], [-0.20822985176549436, -0.008572618024614606, -0.02626311850630773], [0.2748198662739554, -0.19126724641671297, 0.13667806821859613], [0.10801868538697029, -0.11042719331229306, -0.14993730595403318], [0.028185240294023205, 0.11131473861292655, 0.00928246914559171], [0.0560777449051121, 0.06761182289020429, -0.07483277010002215], [-0.2045834084075267, -0.061940788942634016, 0.18632944007295107], [-0.33060039148974757, 0.027318531224897063, -0.42849663814962047], [-0.12787918270662071, -0.1405285544359446, -0.02852440498344315]]"
"['Bi', 'Bi', 'Bi', 'Bi', 'Bi', 'Bi', 'Bi', 'Bi', 'Bi', 'Bi', 'Bi', 'Bi', 'Bi', 'Bi']","[[-1.555029, -1.292358, 0.491335], [1.352583, -1.269281, 0.942524], [-1.352668, 1.26945, -0.942559], [1.555114, 1.292189, -0.4913], [-1.957079, 4.515514, -0.755491], [0.218285, 4.127175, -2.698505], [-0.02908, 5.597894, 1.18645], [2.146186, 5.209534, -0.756936], [-5.488268, 7.015496, -2.827658], [-3.466389, 7.50963, -0.747718], [-6.629669, 9.685901, -2.352266], [-4.607467, 10.179827, -0.272342], [6.745901, 1.745937, -2.766177], [5.025055, 3.561217, -1.383538]]",[-81777.57102841375],"[[0.10219168823564445, 0.531581528115972, -0.5143530705537332], [0.22660301650834738, 0.251102609241784, -0.004294511864355799], [-0.06427422061425314, -0.3280856969453166, 0.3838901334336925], [-0.2042940562982182, -0.45855737582092554, 0.3245960395445698], [0.2244434943504445, 0.22914059388353047, 0.08081326219470784], [-0.03372776015032214, 0.1615675946724675, 0.23705877323305227], [-0.02258608414606044, -0.26465556996431366, -0.31355587074908275], [-0.33569344112798294, 0.21531273065942572, -0.07495417765823743], [0.05014206716323649, 0.11025523783805678, 0.07149563062289521], [-0.11540983971991083, 0.18392926252646394, 0.028464863343605172], [-0.09240704122812189, -0.01614911814443828, -0.07652214007462886], [0.19609156420436258, -0.3669451658623223, -0.056844396868446084], [0.6013602779452664, -0.37049483284394047, -0.3501112185866687], [-0.5350365784490869, 0.11584219666589729, 0.25421559982172315]]"
"['Bi', 'Bi', 'Bi', 'Bi', 'Bi', 'Bi', 'Bi', 'Bi', 'Bi', 'Bi', 'Bi', 'Bi', 'Bi', 'Bi']","[[-0.161286, -1.216546, -1.680392], [2.047074, -0.365708, 0.068188], [-2.047253, 0.365716, -0.068115], [0.161464, 1.216537, 1.680319], [1.470303, 4.349649, 1.44807], [3.157648, 4.170139, -0.955875], [2.870049, 6.811994, 2.246461], [4.557258, 6.632278, -0.15778], [4.47508, -2.736635, -0.114102], [2.077497, -4.439941, -0.207153], [4.298134, -2.328969, -3.023115], [1.900352, -4.032317, -3.115839], [-2.813152, 2.297858, 2.867874], [-3.242321, 3.425873, 0.277191]]",[-81777.7170623988],"[[-0.5342189671929993, 0.4750920979456878, 0.5756173504595692], [-0.48595799727281747, 0.311504129295127, 0.3770448760249423], [0.6606926298705229, -0.240291063065452, -0.342403149903334], [0.510156616504249, -0.8001236311838302, -0.4715563149287956], [0.1799326861469428, 0.30488667175206663, 0.15927411796600435], [0.07092402265291597, 0.30522785732968555, -0.02071811496298559], [-0.29136559272631524, -0.4346502170045572, -0.045460024018564464], [0.05903086420233575, -0.1158346890405269, -0.1451605021790015], [0.06929517648009638, -0.22138382847947158, -0.08707544450705694], [0.03811379202482634, 0.2532105036197427, 0.10944282021321852], [-0.07233170240985927, 0.017378568931972805, 0.06801445786725875], [0.08635548380287562, -0.03310612362744682, -0.12045758649546612], [-0.06781997951691136, 0.12080314295086919, 0.12593491342406268], [-0.2203832059994584, 0.05550392578519501, -0.18224405774127503]]"
"['Bi', 'Bi', 'Bi', 'Bi', 'Bi', 'Bi', 'Bi', 'Bi', 'Bi', 'Bi', 'Bi', 'Bi', 'Bi', 'Bi']","[[1.230723, -0.290007, 1.652553], [-1.424841, -1.2624, 0.83969], [1.424958, 1.262462, -0.83983], [-1.230841, 0.289944, -1.652414], [4.753168, 3.102677, 1.084591], [4.501478, 0.180634, 0.846613], [7.244337, 2.763361, 2.613906], [6.992431, -0.158817, 2.375639], [0.657497, -0.388999, 7.46682], [2.885548, 0.035608, 5.592303], [-0.151734, -2.784914, 5.961963], [2.076614, -2.360096, 4.08757], [5.899284, 0.2703, -2.141507], [4.98198, 2.476839, -3.709303]]",[-81777.5582267768],"[[0.058642935943472536, -0.016569755995754155, -0.4385651865247443], [0.35308356974614247, 0.2627464219703033, 0.0007532863332910724], [-0.21149371476212286, -0.4384175022777328, 0.6754374004095522], [0.03322804540657787, -0.027110266611797666, -0.11226116220841666], [-0.15348131650557775, -0.16123628213643149, 0.044261184802146226], [0.07391349736888514, 0.05695495436533844, 0.644443763152842], [0.25028880322047314, 0.14189669060446458, -0.010977978917932809], [-0.5145222492350243, -0.0726237798900214, -0.18742406213636853], [0.06776665480794515, -0.009291689126611616, -0.08997709029061117], [-0.14564371557355846, -0.05650711936978704, 0.10102769777068851], [0.112401441674241, 0.05417954981660779, -0.012640593978291566], [-0.08724014946638076, 0.1486404408044401, -0.060159424846194555], [0.29284428639172755, -0.5328444546851238, 0.005652609412157926], [-0.11270904862605961, 0.6579528608312558, -0.5621247078504603]]"
"['Bi', 'Bi', 'Bi', 'Bi', 'Bi', 'Bi', 'Bi', 'Bi', 'Bi', 'Bi', 'Bi', 'Bi', 'Bi', 'Bi']","[[-1.600879, -0.784893, -1.072774], [1.012553, -1.807793, -0.188487], [-1.012626, 1.807942, 0.188584], [1.600952, 0.784743, 1.072677], [7.465442, 2.61452, 0.751088], [6.318092, 4.684126, -0.997807], [4.879678, 1.210054, 0.78513], [3.732574, 3.279867, -0.963978], [1.714235, -1.867758, -4.791293], [2.019172, 0.178206, -2.698602], [4.43747, -2.837254, -4.239999], [4.742085, -0.791145, -2.147154], [0.974232, 4.568726, 0.679127], [1.775343, 7.271386, 0.207855]]",[-81777.7080904732],"[[0.21843112055898053, 0.14692006330861196, 0.1114944588229911], [-0.16796902800880936, -0.1663526774042432, 0.5179263916974772], [0.24457015241610178, -0.4751901084522351, -0.10167772443032395], [0.048402277827837716, -0.10455808146796497, -0.5418520624668135], [-0.19537463740358435, -0.04345652162871791, 0.05340631582555185], [-0.2747474639690138, -0.3374556247842639, 0.014341971011281696], [-0.05130008238115108, 0.140540690049557, -0.05036132067730608], [0.5591108590630832, 0.2593239732432487, -0.15135141347242373], [-0.14201876664987034, 0.2802330698543544, 0.37258087283297864], [0.17461013971399555, 0.09182257773524818, -0.6228408282600766], [0.14638177685397516, 0.30222064199212206, 0.318908139150962], [-0.28198142096800083, -0.30586759957100546, -0.18090574638587023], [-0.4902685055214213, 0.04756423657476622, 0.29858546007220993], [0.2062750409541628, 0.171189027961322, -0.04441277198590854]]"
"['Bi', 'Bi', 'Bi', 'Bi', 'Bi', 'Bi', 'Bi', 'Bi', 'Bi', 'Bi', 'Bi', 'Bi', 'Bi', 'Bi']","[[-0.60276, -1.103209, 1.658109], [-1.139836, -1.229364, -1.232211], [1.139997, 1.229454, 1.232267], [0.602599, 1.103119, -1.658165], [-1.519707, -4.498277, -0.486025], [-4.304053, -4.063185, -1.332444], [-0.702241, -4.744299, -3.302243], [-3.486821, -4.309027, -4.148414], [7.333453, 2.148688, 2.217096], [7.087508, 3.94721, 4.532942], [4.415638, 2.230856, 1.843646], [4.170006, 4.029579, 4.159594], [4.571875, 1.788357, -3.980985], [2.131621, 0.450109, -4.63098]]",[-81777.47923987368],"[[0.31975794063637736, 0.20825494574618433, 0.06233864166517174], [0.37780155210251015, 0.5366502036827995, -0.008611827369442706], [-0.4749189083412536, -0.22462645415227844, -0.0708575853105974], [-0.08981655052070515, -0.4309328625823038, 0.7020761007305354], [0.07895749033175527, 0.10217991257667312, -0.13856824146081428], [-0.059391281642204814, -0.0019782315171615467, -0.027569383614241234], [0.0022214297281743516, 0.06338266439047659, 0.10249728972589153], [-0.02237976843023184, -0.01611385801624336, -0.002814349584008032], [-0.3120549627401088, -0.004292843217484099, -0.03809749122179617], [-0.015346861524895804, 0.035458468344348265, 0.0075515295521534805], [0.15881887818926574, -0.0222044088135331, 0.08278360247769585], [0.09826653714132494, -0.04743539338210879, -0.06030767473621346], [0.6929121697904488, 0.4934504017040747, 0.4764295351255357], [-0.75410394454716, -0.6868191661593909, -1.091368073462388]]"
"['Bi', 'Bi', 'Bi', 'Bi', 'Bi', 'Bi', 'Bi', 'Bi', 'Bi', 'Bi', 'Bi', 'Bi', 'Bi', 'Bi']","[[0.331824, 1.304092, 1.587121], [-2.041889, 0.383507, 0.111883], [2.042045, -0.38362, -0.111889], [-0.33198, -1.303979, -1.587115], [-2.271805, 2.611607, -5.644257], [-2.414506, 2.065885, -2.756327], [0.384431, 3.825709, -5.283389], [0.24149, 3.279708, -2.395344], [-2.289447, -4.233271, 4.730428], [-2.57148, -2.850536, 2.14841], [0.61046, -3.735409, 4.680076], [0.328079, -2.352533, 2.097971], [2.133238, 0.887834, 4.334015], [4.442008, 0.043873, 5.791944]]",[-81776.90316155524],"[[-0.2009584594838386, -0.5583930066646566, 0.03248626116673093], [0.32696474677101134, 0.10043886340003069, 0.1451464125259092], [-0.24057172484128386, -0.016703818530706734, 0.3857541328312975], [-0.09276663591452572, -0.010698978075658935, -0.1066021610302756], [-0.20533016002142007, -0.1053415484552449, 0.5500898815375832], [-0.10293879980417886, -0.07259421218736414, -0.49739761287568124], [0.2196298209357515, -0.02666961014023054, 0.20811183806532318], [0.10903185485732844, 0.22555369730761, -0.34656242578060736], [-0.047079814761057194, 0.3114932278117125, -0.3604545151970929], [0.1558341343057217, -0.2565946428885718, 0.3896038991393639], [-0.005913406834013247, 0.0839763378918438, -0.5278811944060308], [-0.04670948828414108, 0.0919661996370251, 0.1877918843574248], [-0.20437905701559636, 0.39773146924579067, -0.4643273972947832], [0.3334863535353706, -0.1520157354735178, 0.4196175341747837]]"
"['Bi', 'Bi', 'Bi', 'Bi', 'Bi', 'Bi', 'Bi', 'Bi', 'Bi', 'Bi', 'Bi', 'Bi', 'Bi', 'Bi']","[[-0.741039, 0.671066, -1.824896], [1.799509, -0.502409, -0.915564], [-1.799665, 0.502376, 0.915672], [0.741195, -0.671033, 1.824788], [1.185862, 2.580576, 3.227514], [2.583396, 0.502344, 4.772236], [3.01434, 2.129212, 0.966364], [4.41168, 0.050815, 2.511375], [-5.536987, -2.41769, 4.425178], [-5.062575, -2.698472, 1.534779], [-2.632784, -2.395082, 4.89947], [-2.158655, -2.675755, 2.008834], [1.457711, 3.012437, -3.566361], [3.561663, 3.959751, -1.879878]]",[-81777.30156470109],"[[0.12062038883740155, -0.40574123134041257, 0.26887583244219837], [-0.36675284723982116, -0.0604175637459153, -0.06885042681003965], [0.5084909521138596, -0.07352999140989763, -0.037314075656607805], [-0.07167756198289761, 0.4652336088146594, -0.4684559741833846], [0.3118552393364205, -0.3648015845528086, 0.23190252584426777], [0.0386145557792388, 0.26709395412484316, -0.2284793057858395], [0.014383458354766697, -0.31971083800049205, 0.624315613846529], [-0.5819504952582957, 0.2943318760789828, -0.04122306992975357], [0.08701219533441619, 0.04899470146048767, 0.016831551006186083], [0.3938337775483737, -0.027333032254722014, 0.10464282507488523], [-0.14882622882131083, -0.05479286110285667, -0.13038153594907304], [-0.37800739473509626, -0.04831027342158665, 0.07946512921981168], [-0.14636377912192292, 0.23739507371197135, -0.3403610758025949], [0.22194036977661846, 0.031332359716142566, -0.00795100721278507]]"
"['Bi', 'Bi', 'Bi', 'Bi', 'Bi', 'Bi', 'Bi', 'Bi', 'Bi', 'Bi', 'Bi', 'Bi', 'Bi', 'Bi']","[[0.245204, 1.980859, -0.588037], [-1.923413, 0.435101, 0.66338], [1.923592, -0.43517, -0.663363], [-0.245382, -1.98079, 0.58802], [-2.997255, 1.197933, 6.212745], [-5.300791, 2.704078, 5.171801], [-1.477456, 1.838279, 3.775528], [-3.781249, 3.344553, 2.734841], [2.224938, 6.887483, -3.817609], [1.658538, 4.936359, -1.689084], [-0.238848, 6.082382, -5.210963], [-0.805082, 4.131318, -3.082094], [2.173223, 2.082922, 2.20022], [3.765473, -0.27826, 2.440641]]",[-81777.67505460976],"[[-0.19602677236897448, -0.5181336227265358, -0.40929778888230217], [0.48556276707695023, 0.1570662076199267, -0.6023984899742229], [-0.36968652898642845, 0.5899543438123862, -0.14239054837197812], [-0.20122467165193708, 0.10758545426542701, 0.1082637116533387], [0.0697229568599324, 0.27166563517657083, -0.21538847540031988], [0.10255899623578496, -0.1628827146645707, -0.0998427785144604], [-0.42808834674249246, 0.050061061942373926, 0.4817786667798288], [0.16244228445020653, -0.03807760115677386, 0.2868668796225365], [0.04156179238918594, -0.16722952690982848, 0.27482377435291533], [-0.012354121506111431, 0.06820225134570101, -0.09669055287864736], [-0.16070318931304406, -0.18119571556027766, 0.055213390967780225], [0.03906202053573083, 0.08450608827927869, -0.07176559660367886], [0.04457244786467603, -0.21641450039357246, 0.13078540505632538], [0.41070253758002556, -0.039144938658400096, 0.3029941330936359]]"
"['Bi', 'Bi', 'Bi', 'Bi', 'Bi', 'Bi', 'Bi', 'Bi', 'Bi', 'Bi', 'Bi', 'Bi', 'Bi', 'Bi']","[[-0.767041, -1.455116, 1.274363], [1.933787, -0.554228, 0.53123], [-1.933931, 0.554352, -0.531257], [0.767186, 1.454992, -1.274336], [1.648534, -3.883233, 1.456443], [0.88877, -5.318173, -0.997537], [4.342278, -5.058841, 1.309648], [3.582218, -6.493641, -1.144534], [-4.280027, -2.707968, 5.855578], [-1.710387, -2.059427, 4.57704], [-3.635578, -0.885827, 8.074664], [-1.06591, -0.237345, 6.795747], [2.606223, 6.087549, -4.610466], [2.551678, 3.430397, -3.559366]]",[-81777.54120855208],"[[0.051378197680466975, 0.0017965536680706353, 0.04174306554641614], [-0.36665601944138015, 0.5561623163320101, -0.37201091036992984], [0.33436885947102946, -0.29613807704565437, 0.1064636299155649], [0.01406072816581503, -0.4407953626364752, 0.5668138883814433], [0.06505115699590269, -0.13855924259478816, -0.02271034563035829], [0.04863786299819242, -0.04891443157553466, 0.08743581052483443], [-0.28287657673818783, 0.16919467356156714, 0.06708006704119786], [-0.0003804332319052808, -0.035990481303812584, -0.15369230134732165], [0.20661067294589136, 0.04580728768740792, -0.0759229698635639], [-0.18551604542837286, 0.04989291684512355, 0.08603013622946265], [-0.00863532212308462, 0.03354870842744811, 0.045010816053167944], [-0.04910136116283842, -0.12355556182466454, -0.06104198220394498], [0.12322841447804632, 0.8948081568479345, -0.3448623085888609], [0.061644854805603555, -0.6708515782826406, 0.025766026289233933]]"
"['Bi', 'Bi', 'Bi', 'Bi', 'Bi', 'Bi', 'Bi', 'Bi', 'Bi', 'Bi', 'Bi', 'Bi', 'Bi', 'Bi']","[[2.05975, 0.118229, -0.27049], [-0.188545, 1.993535, -0.564955], [0.188519, -1.993687, 0.565071], [-2.059724, -0.118077, 0.270375], [-3.13658, 2.900037, 1.418965], [-4.791214, 4.196333, 3.478119], [-0.711082, 3.97839, 2.689388], [-2.366069, 5.274541, 4.748602], [-1.644422, 1.047499, -3.529471], [-2.566552, -1.089978, -5.329244], [-2.44047, 3.065196, -5.518206], [-3.362687, 0.927379, -7.317819], [-4.863501, 6.935566, 1.043533], [-2.032446, 6.732966, 1.378681]]",[-81777.79951481998],"[[-0.024945252574514274, 0.05120482809871229, -0.09629028331780548], [0.004689322970176701, -0.1915562385713804, -0.04577112253040122], [-0.2272370508975021, 0.1548949098030525, -0.12190835796515166], [0.20103708386186112, -0.13218202906357945, 0.1615810158383693], [-0.4195737225527593, 0.32481679458371343, 0.0495774320288752], [0.25692096748172477, -0.22218549888717004, -0.1279770903689849], [0.056287598460841255, 0.07709878740958273, 0.6295899777796679], [0.25294490851674317, -0.2950608870712818, -0.34864954563356865], [-0.009923131842350833, -0.05180991699251787, -0.2172502122258955], [0.13236180069573558, 0.3565011847965887, 0.2660369216103691], [0.021666415464818286, -0.2879121364780392, 0.16766327225228755], [-0.013294374450612195, 0.03837600355420005, -0.030266467175289666], [-0.33943300989379804, 0.17184815633116673, -0.07784739021877289], [0.10266775395947209, 0.011044745361637475, -0.21049196099609502]]"
"['Bi', 'Bi', 'Bi', 'Bi', 'Bi', 'Bi', 'Bi', 'Bi', 'Bi', 'Bi', 'Bi', 'Bi', 'Bi', 'Bi']","[[-0.854879, -1.22401, 1.449378], [-0.959605, 1.650157, 0.827675], [0.959655, -1.650276, -0.827818], [0.854829, 1.224129, -1.449235], [2.913877, 4.784881, 1.168939], [3.347904, 4.382045, 4.05124], [3.298651, 1.903936, 0.708544], [3.732535, 1.501367, 3.591083], [0.690214, 6.774984, -2.173877], [-1.015459, 4.431568, -2.681218], [-0.425716, 6.999481, 0.539821], [-2.131277, 4.655822, 0.032203], [-2.121481, 5.324545, 4.268966], [-1.702994, 8.065924, 3.577625]]",[-81776.96238923188],"[[-0.17850073516277476, 0.47675200306182036, 0.007277100133820874], [0.07791902119234083, -0.2168144614218649, 0.09900063892069015], [0.11340895471452558, 0.3267668231405282, -0.20839054580167507], [0.1800823244334343, -0.5840654858848922, 0.13201398166830305], [0.2945196695574251, -0.24382098396390425, 0.15436798763065443], [0.06002958406496051, 0.050164446057491166, -0.14871942513710368], [-0.2088396663495159, 0.08619391559113807, 0.2998932781273091], [-0.01497062150744824, 0.06847088035210364, -0.3199917568867817], [-0.03960913616349155, -0.09945721567180976, 0.4996230067328953], [-0.22333874213498622, 0.1389793610829791, -0.029715428041941556], [-0.10488301766464533, -0.040839296575889854, -0.6786841912717768], [0.22849298406219923, -0.12565810830509916, -0.42678217419432385], [-0.24834201425542776, -0.8204502697636338, 0.46198162432118534], [0.06453184529305811, 0.9767631437419452, 0.157321723992977]]"
"['Bi', 'Bi', 'Bi', 'Bi', 'Bi', 'Bi', 'Bi', 'Bi', 'Bi', 'Bi', 'Bi', 'Bi', 'Bi', 'Bi']","[[2.000087, 0.554517, -0.147911], [-0.570338, 1.862119, -0.73221], [0.570336, -1.862266, 0.732335], [-2.000085, -0.554371, 0.147786], [1.642398, 2.29759, -4.174163], [0.301013, -0.146961, -3.234391], [4.166917, 0.809266, -4.441655], [2.82515, -1.635301, -3.50192], [-3.610801, 3.275591, 1.802577], [-6.478122, 3.849972, 1.475662], [-4.242134, 0.463624, 2.39766], [-7.10955, 1.038315, 2.070535], [0.213298, -2.134537, 6.169638], [-0.164796, -0.641639, 3.762037]]",[-81777.69624712104],"[[-0.18790984663550436, 0.11316002036919726, -0.3297968698867523], [0.18060549279314722, -0.2730405590611791, -0.15445195990620103], [-0.31598911270045443, 0.29288737810446974, -0.48378145440260234], [0.3820660890012434, -0.09560960909158964, -0.07005612059126522], [0.14317884903586636, -0.19043425995524357, 0.14961442664101593], [0.2358284996920525, 0.0749563373860837, 0.1862890737310625], [-0.23753854134747351, -0.051407986498118015, -0.031873155568848364], [-0.09736690764917066, 0.15731601614081187, 0.009351909538058423], [-0.33486297434900086, 0.09795512495472955, 0.1150304989503411], [0.22332933189222748, 0.05885011555043965, 0.0010863523626498857], [-0.33672944200700167, 0.10700988679439627, -0.09560878633812439], [0.4006459705522393, -0.20911498022782363, -0.00020968951925702284], [-0.0005858637164273692, -0.07749823421695937, 0.2728845958574235], [-0.04522005768600732, 0.0034999109658074286, 0.4367348171750312]]"
"['Bi', 'Bi', 'Bi', 'Bi', 'Bi', 'Bi', 'Bi', 'Bi', 'Bi', 'Bi', 'Bi', 'Bi', 'Bi', 'Bi']","[[-2.027062, 0.024424, 0.469189], [0.411185, 1.096554, 1.719709], [-0.411178, -1.096592, -1.719898], [2.027055, -0.024387, -0.469], [0.077179, 7.226769, 0.931284], [-1.065014, 4.691892, 1.894668], [2.627042, 6.578639, 2.24961], [1.484547, 4.04362, 3.212801], [-0.284719, 3.124786, 5.875292], [0.389763, 3.030378, 8.737892], [-2.717766, 1.553793, 6.396945], [-2.043048, 1.459658, 9.259679], [-3.278393, 6.799946, 3.426731], [-2.604989, 8.951556, 5.183246]]",[-81777.54351428793],"[[0.16222430620400807, 0.05280390602271748, 0.057747574484919226], [0.005485631596386372, -0.02011122629597479, -0.14094934141132606], [0.02641234027385746, 0.018631442482221035, 0.033297094991148586], [-0.13603184679373742, -0.0035243302886559125, 0.045445702966060035], [-0.10222696379046685, -0.28802444232604524, 0.051147770145897525], [0.5750676483006021, 0.08515400663315945, -0.22222637944997445], [0.05714634739019114, -0.21010608962089491, 0.12096291138940153], [-0.31062419446404704, 0.032680806365797364, -0.005236846375123634], [0.14266498807472905, -0.05536272072172226, -0.039482447556471234], [-0.15773366636860706, 0.013579787627705828, -0.23794755266388362], [0.20975544237842564, 0.14445648232320932, 0.05308173958351253], [0.013443812190946551, -0.02388070215025156, 0.02763136266122], [-0.7046168662753963, -0.4689392904221247, -0.19970309196214883], [0.21346724321478872, 0.7249465901806944, 0.44894355300162453]]"
"['Bi', 'Bi', 'Bi', 'Bi', 'Bi', 'Bi', 'Bi', 'Bi', 'Bi', 'Bi', 'Bi', 'Bi', 'Bi', 'Bi']","[[0.393038, 2.028167, -0.248549], [-0.844932, -0.069035, -1.90006], [0.844936, 0.069007, 1.900251], [-0.393041, -2.028138, 0.248358], [0.41748, 3.61104, -4.382039], [-2.067521, 2.03532, -4.368377], [-1.029059, 5.881665, -5.570165], [-3.514081, 4.30565, -5.556257], [2.80804, 2.76574, 2.453932], [0.74383, 2.468257, 4.529711], [4.795466, 1.558721, 4.257567], [2.73089, 1.261232, 6.333229], [-6.082849, -0.501018, 1.838654], [-3.523258, -1.627913, 1.249716]]",[-81777.54213730406],"[[-0.009184170675331515, -0.24766406540006555, 0.14832321792149641], [0.2333296431518275, -0.05965523123827386, -0.0024834612802275397], [-0.12306082988159416, -0.3412336572745792, -0.532460845881953], [0.27959960110820703, 0.6197380192542699, 0.3085040616282928], [-0.07944044661585431, 0.11732464414399477, -0.08406025874529884], [-0.03492912419143685, 0.12712379218134226, 0.06366188634774424], [0.0049444896730042485, -0.07947145413707574, -0.005453539069032643], [0.13306427788878042, -0.17840375309805895, 0.07285841889389107], [-0.01510938916378019, -0.22041179668237568, 0.19606631595739785], [0.06571373064588312, -0.01728240447851309, -0.03381715231432105], [-0.2061533762854897, 0.13359551951687107, -0.1332759312177148], [0.009671004185135536, -0.003927309279503038, -0.05220381021400411], [-0.6630811860243135, 0.041512776851493946, 0.252255389690776], [0.3868327112021427, 0.11454291467800005, -0.20374677097755528]]"
"['Bi', 'Bi', 'Bi', 'Bi', 'Bi', 'Bi', 'Bi', 'Bi', 'Bi', 'Bi', 'Bi', 'Bi', 'Bi', 'Bi']","[[1.511083, 0.127602, 1.424802], [-1.069028, 1.477491, 1.001551], [1.069052, -1.477664, -1.001634], [-1.511107, -0.127429, -1.424719], [1.032563, -5.083246, -1.447503], [1.594733, -3.989755, 1.225801], [3.855009, -4.7116, -2.192848], [4.416935, -3.618203, 0.48074], [8.750024, -4.857668, -4.389069], [5.868785, -4.947926, -4.979515], [9.169283, -3.092174, -6.705772], [6.287807, -3.182524, -7.295927], [-1.148202, 4.73581, 2.182226], [-2.662951, 2.837403, 3.688821]]",[-81777.72078999801],"[[-0.45968346820438866, 0.1184116043157671, -0.4996329826186614], [0.28285431097253466, -0.8971468335728946, -0.415959520846211], [-0.22946331893027302, 0.4104409019780775, 0.06386119837469995], [0.3207338805124331, 0.5125071717323636, 0.7328100564247775], [0.27355056336544803, 0.1481625238853157, 0.19254688516562746], [-0.10309481443002601, -0.356492134508471, 0.009108641907221986], [0.03681178980828465, 0.09507008850675495, 0.1274067679512951], [0.0011083882715537366, -0.12822982994909, -0.2799760108185568], [-0.08691757868591297, 0.05787540980458173, -0.03763160707210096], [0.007234224393863273, 0.0479100964205096, 0.02570447918782442], [-0.016050644839066725, -0.05918543900961873, 0.002392978453666261], [-0.001987724549487731, -0.05414360577459488, 0.1726463814587295], [0.40383568289281263, 0.6419595619087166, -0.4080152704962593], [-0.42845889433440243, -0.5264593735739036, 0.31771674071119504]]"
"['Bi', 'Bi', 'Bi', 'Bi', 'Bi', 'Bi', 'Bi', 'Bi', 'Bi', 'Bi', 'Bi', 'Bi', 'Bi', 'Bi']","[[-1.539305, -1.348778, -0.375569], [0.846851, -0.452632, -1.845772], [-0.84685, 0.452655, 1.845963], [1.539305, 1.348755, 0.375378], [-4.269536, -0.838636, 1.567444], [-2.743795, -3.265108, 2.232772], [-5.342231, -2.170084, -0.827641], [-3.816382, -4.596602, -0.161946], [4.740706, 5.039702, -2.617906], [7.332219, 3.756418, -3.161553], [3.540337, 2.400927, -2.112104], [6.132167, 1.11786, -2.655712], [0.625073, 2.146352, 6.160687], [-1.323334, 0.298126, 5.182927]]",[-81777.68747223563],"[[0.24498831686481276, 0.5540108160203934, 0.058761618130834185], [-0.235030120298215, -0.1713876200789956, 0.14408794019287097], [0.32476187578990834, -0.041438153112196195, -0.961770004500595], [-0.6202517259491325, -0.4372741320714995, -0.02227320128764593], [0.21206048905549377, -0.07591463948472828, -0.33788556489194616], [-0.04711212840340471, -0.21321316666030257, -0.06932824088498092], [0.09554522863293419, 0.22392942770094085, 0.1464354615175824], [0.2403897420591899, 0.16762809954164828, 0.20587091473645258], [-0.08668011146700652, -0.30970487031081845, 0.021714561969162615], [-0.015224116992299506, -0.02277240695268358, 0.03253729759262193], [0.12655722357633767, 0.13967314794254726, 0.10693979848357568], [-0.1491820182729379, 0.17139157958004708, 0.022095810498329864], [0.4675477572019368, 0.47259714948442266, 0.24323785744541157], [-0.5682228536906762, -0.4689546656275065, 0.41499221988154034]]"
"['Bi', 'Bi', 'Bi', 'Bi', 'Bi', 'Bi', 'Bi', 'Bi', 'Bi', 'Bi', 'Bi', 'Bi', 'Bi', 'Bi']","[[-1.882985, 0.200972, 0.862376], [-0.462558, -1.951099, -0.555119], [0.462665, 1.951237, 0.555201], [1.882878, -0.201109, -0.862458], [-3.525825, 7.431458, 2.103148], [-2.319804, 5.905402, -0.104787], [-4.209094, 4.915731, 3.468475], [-3.002813, 3.389856, 1.260321], [-2.896684, -5.801335, 2.29512], [-1.033724, -3.52483, 2.367361], [-0.775274, -7.569392, 3.311711], [1.087532, -5.292533, 3.383968], [-5.012507, -1.431295, -2.718371], [-2.752441, 0.290606, -2.409497]]",[-81778.1867059086],"[[0.38092966077737317, -0.18567067165774742, 0.29631100953963063], [-0.01739928175046036, 0.24076728305555434, 0.5113314570305278], [0.0652270205490989, -0.21711738896334992, -0.08896638908064876], [-0.061724353359182894, 0.05689982988316699, 0.0933734165951442], [0.02632456790574325, 0.0355760809522051, 0.006321204589062132], [-0.0983916985122254, -0.04969401105269132, 0.0535544628713876], [0.0525460756555462, -0.11737246668916215, -0.1922648864154146], [0.047977809030699294, -0.04297281972429097, 0.12009475221729289], [0.1787901901162664, 0.1274084134582256, 0.038087556473703335], [-0.023746433926932667, -0.17525800664578473, -0.0490896214993312], [-0.012357803327868405, -0.020766873390219695, -0.0061134233436235625], [-0.18051169889810925, 0.1119835343359879, -0.07764792392554246], [-0.40302311100169963, -0.4200229973668749, 0.0008697974799463058], [0.03579943280697344, 0.6471346812051103, -0.6894416928298606]]"
"['Bi', 'Bi', 'Bi', 'Bi', 'Bi', 'Bi', 'Bi', 'Bi', 'Bi', 'Bi', 'Bi', 'Bi', 'Bi', 'Bi']","[[-0.784451, -0.803445, -1.751807], [-0.543107, 1.906656, -0.631351], [0.543229, -1.90679, 0.631417], [0.78433, 0.803579, 1.751741], [1.533827, 3.025311, -3.041124], [3.751488, 4.713219, -2.097058], [3.440179, 0.874414, -3.673045], [5.657753, 2.562606, -2.728735], [-0.52109, -1.076409, -8.025328], [-1.05174, -3.610709, -6.627456], [-1.733066, 0.408715, -5.792532], [-2.263502, -2.125889, -4.394759], [-4.49105, -0.965333, -7.35039], [-5.575486, 1.087012, -5.68302]]",[-81777.12736292234],"[[0.14644564309171484, 0.04278861036563168, 0.14136426626826762], [-0.08704448840792708, -0.2876901473086977, 0.03336704446232192], [-0.2174476216354628, 0.3047867586281309, -0.20242918272505633], [0.07005077269374113, -0.08789331287360246, 0.020444888821595907], [0.08605872691237992, 0.17809727743225504, -0.020677162409253], [-0.10350202597323092, -0.19980470201510664, -0.011818442151517622], [0.2120096326069233, 0.08800952680056837, 0.02792986790282935], [-0.12001751623574299, -0.061812233713689414, -0.03848836082429763], [-0.18575325553682143, 0.2960634635907749, 0.14960434791106667], [-0.22955089075223004, 0.1429929581748125, 0.34286466317524505], [0.6490486114536373, 0.1937623491442528, 0.2433972145072113], [0.3753329831742245, -0.06508751241464822, 0.182890124899859], [-0.9360363329913818, -0.5928771754976705, -1.1641334183705232], [0.3537388414591188, 0.04282074403065868, 0.2990833287628666]]"
"['Bi', 'Bi', 'Bi', 'Bi', 'Bi', 'Bi', 'Bi', 'Bi', 'Bi', 'Bi', 'Bi', 'Bi', 'Bi', 'Bi']","[[1.554238, 1.370867, 0.186498], [0.590576, -0.910928, 1.774918], [-0.590624, 0.910932, -1.775105], [-1.55419, -1.370871, -0.186311], [0.526196, 7.063056, -1.447487], [-0.455168, 4.306973, -1.762521], [2.773588, 6.468881, -3.251937], [1.791852, 3.712734, -3.566897], [4.181715, 7.334323, 3.501951], [2.412667, 5.587223, 5.075617], [2.041549, 7.714247, 1.518214], [0.272584, 5.967103, 3.092254], [-4.343251, 4.87322, -1.76072], [-2.711324, 7.133659, -2.389588]]",[-81777.55943146898],"[[0.06956766214336733, -0.286760847269703, 0.23139108172143458], [0.047336405855821446, 0.19052234599811643, -0.12123657976077878], [-0.2290683972669552, 0.036876129129266834, 0.07721793239576859], [0.05033591816406663, 0.0840021003597243, -0.09712188138280227], [0.21583384213547555, -0.605625740441648, -0.3173155455527048], [0.36995006720576484, 0.3962881539793839, 0.23114168457728207], [-0.10687937752597172, -0.10035052024669996, 0.16554848731405739], [0.0550807219715094, 0.2818677267235223, -0.05682670766894331], [-0.28636098908559376, 0.05606920883791018, -0.21941353961857513], [0.012222295832142486, -0.04732113863683199, -0.000958147832369852], [0.2895169685340919, -0.05601742679169129, 0.0477155717902798], [-0.06023362692434137, 0.01101997534012443, 0.14450553899857457], [-0.3676292853686739, -0.5161878107812305, 0.06595310048217795], [-0.051890495410020346, 0.5463772065256634, -0.14297429195556974]]"
"['Bi', 'Bi', 'Bi', 'Bi', 'Bi', 'Bi', 'Bi', 'Bi', 'Bi', 'Bi', 'Bi', 'Bi', 'Bi', 'Bi']","[[-1.317082, 1.545557, 0.454165], [1.58103, 1.352391, -0.01695], [-1.581141, -1.352531, 0.016877], [1.317192, -1.545417, -0.454092], [-6.503573, -5.606781, 2.983496], [-7.188061, -2.772903, 2.584845], [-3.865023, -5.140441, 1.766763], [-4.549788, -2.306414, 1.368335], [-2.301572, -8.528734, -1.665505], [-1.14618, -6.585343, -3.548751], [-1.27496, -6.94849, 0.594751], [-0.119719, -5.005086, -1.288849], [1.296929, 5.699552, 1.482352], [3.462632, 4.200974, 0.372289]]",[-81777.67197418415],"[[0.034077178404802705, -0.542721095814479, -0.17306629425855413], [-0.21610694486384543, -0.5361539804990734, -0.08298810813590092], [-0.2647875190513024, 0.19173868415229858, 0.14714580629063867], [-0.07427283494483108, 0.6218643227410134, 0.18115144113942913], [0.36194611580749125, 0.045103828332413935, -0.16450194490626524], [0.1929059656311155, 0.19657817145696363, -0.11587793501954388], [-0.23165544269423624, 0.04783143090481382, -0.022662579649491636], [-0.12121164004636352, -0.42490439367617594, 0.15849070240081597], [0.006838027462674348, 0.08855269835390506, 0.0042790394712209434], [0.024171144407901503, 0.02223085519523158, 0.1939218090502357], [-0.05597042699998915, 0.12058753012088332, -0.011027349268056692], [-0.11118638907234825, -0.25991676711495804, -0.14868481806947179], [-0.8464060847084632, 0.5248066675505919, 0.4643908521557902], [1.306846177568328, -0.0843018911536231, -0.43193266230885163]]"
"['Bi', 'Bi', 'Bi', 'Bi', 'Bi', 'Bi', 'Bi', 'Bi', 'Bi', 'Bi', 'Bi', 'Bi', 'Bi', 'Bi']","[[-2.003021, 0.273047, -0.493017], [-0.145925, -2.009225, -0.520218], [0.145968, 2.009372, 0.520334], [2.002978, -0.273195, 0.4929], [1.860799, -1.46374, -6.269166], [2.730951, -4.22979, -5.76905], [0.13867, -1.574715, -3.88551], [1.009158, -4.340875, -3.385549], [-1.887694, -1.294018, 2.457388], [-4.760841, -0.75277, 2.789636], [-1.449826, -0.719838, 5.310184], [-4.323213, -0.178744, 5.642173], [-6.744939, 1.892626, 4.763656], [-5.383213, 4.137865, 3.635452]]",[-81777.32356190977],"[[0.10923970295148606, -0.1864616462703977, -0.058090302725285516], [-0.09313713208434404, 0.21199811405840985, 0.04307243974230472], [-0.03126695595786472, -0.024789057971346593, 0.08641251090243544], [-0.05839621274808207, -0.039072330665092185, -0.10687001870530456], [-0.25030865214782216, 0.08955455496411607, 0.3474515137439882], [-0.109354939858712, -0.0921594438571746, 0.18204289451902253], [0.20913554906445478, -0.01053485418596995, -0.2522251020788366], [0.12316115438226252, -0.014319463561798076, -0.16056419539950914], [0.08668535652034746, 0.16136231768288878, 0.2776835625539252], [0.5235247148075564, -0.07250859440488705, 0.1205309143980561], [-0.36607412705308534, -0.3151225990352763, -0.43237016146399593], [0.48433095087320316, 0.2525428906047877, -0.2443543853198412], [-1.16235421400193, -0.22966648761409705, 0.4676706045787163], [0.5309428657385753, 0.26358197953635154, -0.2710109805286934]]"
"['Bi', 'Bi', 'Bi', 'Bi', 'Bi', 'Bi', 'Bi', 'Bi', 'Bi', 'Bi', 'Bi', 'Bi', 'Bi', 'Bi']","[[0.642554, 1.962489, -0.255879], [1.9456, -0.675468, -0.295445], [-1.94579, 0.675473, 0.295412], [-0.642364, -1.962495, 0.255912], [0.612982, -3.034425, 5.615585], [-0.113172, -1.172657, 3.455763], [0.158178, -0.909488, 7.599938], [-0.568094, 0.952127, 5.439782], [1.700549, -0.745295, -3.667441], [4.285819, 0.166536, -2.59821], [1.977337, 1.119852, -5.926749], [4.562793, 2.031445, -4.857279], [-0.796032, 2.638661, -3.212383], [-2.811208, 4.265592, -2.003912]]",[-81777.65284482345],"[[0.18458196313486142, -0.6257734301427607, 0.6001132922245038], [-0.063704669527937, 0.35795936104746146, -0.11371234505483482], [0.14829478150485387, -0.04071379067697582, 0.36633802522706277], [0.07172471604087448, 0.20640045943552118, -0.11335892101942034], [-0.0899640290793504, 0.37054862035173086, -0.3028218690868501], [-0.12323957307191873, 0.0321756100270909, 0.3287731074655291], [-0.05940938221844021, -0.0028946220400656157, 0.0790395599899135], [0.24553380241227044, -0.408317992349378, -0.2448469061129737], [0.14487829774042232, 0.09660472940780394, -0.14217272439205442], [-0.18239966099038957, 0.09370976849615484, -0.05195682990815575], [-0.13134667718589746, -0.25122221702679404, 0.21181942229017686], [0.10979480443006881, -0.08865127450345978, 0.18983616960810173], [-0.009770197399789186, 0.21092308381188357, -0.9327268071774322], [-0.2498106806129824, 0.05920693344389827, 0.1260881512569646]]"
"['Bi', 'Bi', 'Bi', 'Bi', 'Bi', 'Bi', 'Bi', 'Bi', 'Bi', 'Bi', 'Bi', 'Bi', 'Bi', 'Bi']","[[1.028562, 1.730754, 0.525608], [-1.721545, 1.122094, -0.325719], [1.721647, -1.122238, 0.325796], [-1.028665, -1.73061, -0.525684], [4.711396, 4.051616, -3.746012], [2.597211, 2.549149, -2.356361], [6.666515, 1.977873, -3.013236], [4.551966, 0.475476, -1.62369], [-6.266594, -5.419208, -4.253252], [-3.592634, -5.93099, -3.13686], [-6.322688, -2.798028, -2.916791], [-3.648508, -3.310069, -1.80058], [2.005616, 2.494323, 3.686048], [2.944118, 4.572328, 1.962867]]",[-81777.49367460546],"[[-0.37356848552382255, -0.3623153264250201, -0.6444674173149678], [0.7970074524342132, 0.09712182996071068, 0.21471777705987014], [-0.6212647411532158, 0.32800979793814766, 0.07155492029448446], [-0.03422782456428914, -0.11380511050804124, -0.13018736613127513], [-0.20568224708245353, -0.02719888744442291, 0.11496791826489088], [0.019303349241822854, 0.12945233875426151, -0.12525722167915834], [-0.19037563877084485, -0.22101189249108905, 0.1981059217977412], [0.31804111126486806, 0.1036579891769865, -0.20324833664389128], [-0.023587663076976937, -0.07794478366022133, -0.04943081736136847], [-0.04264213967998137, 0.203648143405909, 0.07583174707310482], [0.28489983035340943, -0.03789820490588626, 0.12659825840541677], [0.06396527668805349, -0.015208217281583638, -0.03667197828349367], [-0.1486833782509076, -0.523284059418972, 1.0059472375960312], [0.15387613532471242, 0.5007332096900609, -0.6178641982371734]]"
"['Bi', 'Bi', 'Bi', 'Bi', 'Bi', 'Bi', 'Bi', 'Bi', 'Bi', 'Bi', 'Bi', 'Bi', 'Bi', 'Bi']","[[0.261014, 0.155251, 2.058515], [0.018334, 2.074459, -0.158704], [-0.018406, -2.074636, 0.158676], [-0.260942, -0.155075, -2.058487], [5.382945, -4.751198, 0.092525], [5.287557, -5.036657, 3.019594], [2.460535, -4.411272, 0.030629], [2.365471, -4.696656, 2.957892], [-3.059408, -1.516226, -3.335856], [-2.101466, -4.221279, -2.6852], [-5.363747, -2.673528, -4.753789], [-4.405568, -5.378615, -4.102831], [-2.190658, -1.495175, 3.843327], [-3.610056, -1.71956, 1.37286]]",[-81777.55498371628],"[[-0.07485806976907845, 0.03791648545944218, -0.7752497370457985], [0.20723899948288096, -0.12278582453583588, 0.06255420307306604], [0.6114518634174171, 0.4192910038932644, 0.0424406319297153], [-0.2845327794637269, -0.06583380122971738, 0.1581243199983239], [-0.31199305054184906, 0.06238579572314862, -0.04644153290713813], [-0.09684466488710615, 0.035244465025828786, 0.07567850924020285], [0.20240712264776944, -0.05919212388152384, 0.07447420385544988], [0.15674831624979252, -0.0886180558323005, -0.060039868483276075], [-0.04521789795816106, 0.06824441746079483, -0.32002410138238424], [-0.0811259085115011, -0.21288637926832543, -0.1762023733576117], [0.26858174950046476, 0.21703099984949917, 0.2657174875774876], [0.08568344848804486, -0.11283626688062319, 0.09461263758007851], [-0.15843305823615725, -0.34377267446832654, 0.5959835840498876], [-0.48780291907444717, 0.1643609455311588, 0.016752520393640103]]"
"['Bi', 'Bi', 'Bi', 'Bi', 'Bi', 'Bi', 'Bi', 'Bi', 'Bi', 'Bi', 'Bi', 'Bi', 'Bi', 'Bi']","[[-1.107884, 1.342413, -1.140279], [0.602086, -0.977097, -1.735419], [-0.602161, 0.977107, 1.735596], [1.107959, -1.342424, 1.140102], [0.761147, -4.951159, 3.201775], [-1.221615, -3.815818, 1.347599], [-1.380371, -6.406197, 4.600568], [-3.363005, -5.270732, 2.74605], [-2.312133, -3.149139, -4.863507], [-4.879081, -1.803449, -4.355365], [-1.975722, -3.597857, -1.974677], [-4.542922, -2.252151, -1.466826], [3.674363, 0.860439, 0.581533], [5.132285, 3.306531, 0.825135]]",[-81777.3297309059],"[[0.08170785232188749, -0.008131174795046341, -0.24946579264476984], [-0.003603335704377018, 0.13060933581476286, 0.14334854193807323], [0.11547113485307162, -0.1772383742366304, 0.2030293299558613], [-0.17016156314950523, -0.02566410770372666, -0.20133384075235683], [-0.22622033330282512, -0.09029888973970528, -0.034107928815566256], [-0.11211728319618186, -0.24092283488257732, 0.05680608741022059], [0.08830458676204199, 0.14883162814092651, -0.0618614446553294], [0.2859293006267978, 0.16566783798860954, -0.2183135696576336], [0.024310467422822498, -0.05675507669537538, 0.4321986687885838], [-0.010677751036255604, 0.0017221145340816414, 0.036732671778182985], [-0.15206314664195256, -0.18742118249924017, -0.08338683503399548], [-0.07002233627709857, 0.010461860526975208, -0.14341004275960034], [-0.3254376134953327, 0.04635107630584356, 0.09561629396349475], [0.4722685108971487, 0.29433105332551757, 0.023182564981735886]]"
"['Bi', 'Bi', 'Bi', 'Bi', 'Bi', 'Bi', 'Bi', 'Bi', 'Bi', 'Bi', 'Bi', 'Bi', 'Bi', 'Bi']","[[-1.8123, -0.501734, -0.890811], [-0.245812, 1.973434, -0.611587], [0.245907, -1.973601, 0.611604], [1.812206, 0.501901, 0.890794], [4.14606, -2.287835, 5.394026], [5.327216, -0.44435, 7.359922], [2.709057, -0.040868, 4.150635], [3.890539, 1.802506, 6.116703], [0.684829, -1.471254, -6.490258], [-0.077634, -0.638997, -3.772849], [-0.01416, -4.253465, -5.834078], [-0.776714, -3.420837, -3.116617], [-1.292448, -1.706441, 3.63984], [-3.078208, -3.729727, 4.580914]]",[-81777.89995379768],"[[0.41606632453041825, -0.05561247782051582, -0.18472723054356882], [-0.03266575511959253, 0.0022248868353911297, 0.03444661013732536], [0.14720962110628677, 0.4628806367482407, -0.4134219434710279], [-0.17273678149572333, -0.25100177052019984, 0.03195315291671601], [-0.12000306662800961, 0.2454966242400597, -0.07864510112541989], [0.007268857172540947, 0.029492621261343943, 0.05470153546821443], [0.30544182465274095, 0.06532359123708206, -0.018001290460980424], [-0.1005283892614677, -0.2201463558456509, -0.1552385636410672], [-0.08138625856115969, 0.33850077879558343, 0.510518628028957], [0.02286979010971369, -0.20259625310059273, -0.31353561044500106], [-0.1099684054112356, -0.06623900731135074, 0.2576677705177097], [0.05079264918146098, -0.1345759331148941, -0.3129292925632068], [0.18393085661130285, 0.22034273681338665, 0.2985694163796377], [-0.5223584617705711, -0.41204758522942697, 0.2924770298136786]]"
"['Bi', 'Bi', 'Bi', 'Bi', 'Bi', 'Bi', 'Bi', 'Bi', 'Bi', 'Bi', 'Bi', 'Bi', 'Bi', 'Bi']","[[1.424034, -1.234729, 0.881637], [0.692193, 1.604531, 1.129272], [-0.692327, -1.604651, -1.129341], [-1.4239, 1.234849, -0.881568], [3.624915, 2.713529, -0.070352], [5.221463, 5.161085, -0.415048], [4.647902, 2.433034, 2.674585], [6.244336, 4.880838, 2.329617], [0.518167, -1.915677, 6.780731], [2.185342, 0.250839, 5.692131], [-1.837544, -0.781137, 5.430434], [-0.16999, 1.385314, 4.341809], [8.47727, 4.568065, -0.300459], [11.120056, 4.828848, -1.35683]]",[-81777.45579858571],"[[-0.09921542899721078, 0.08810656028737573, 0.025089753794057156], [-0.23339860017663333, -0.1816833512547103, -0.38335616643474824], [-0.046476494787201894, -0.18711624949618358, -0.12528252134821466], [0.30011336467926225, 0.11052664363740461, 0.434590927332968], [0.1413393265538524, 0.7454177248378316, -0.12258851797045171], [-0.282954635473203, -0.8617797474274893, 0.033777269340093286], [0.33799756220740274, 0.43154324280933265, 0.063509779800857], [-0.14186028376362744, -0.49588559769492646, 0.08507486803422115], [-0.004913023980946853, 0.08171505141470839, -0.050336103283596306], [-0.1702821993763468, -0.0970301443714274, 0.11310499873120898], [0.11360312453232349, 0.04519841926987137, 0.001997336366845461], [0.04238779573061907, -0.07036671002439536, -0.05807508178617847], [0.002868481105591106, 0.6551503568402636, 0.011240612108457459], [0.04361929311739839, -0.2684861558322215, -0.023982574455876416]]"
"['Bi', 'Bi', 'Bi', 'Bi', 'Bi', 'Bi', 'Bi', 'Bi', 'Bi', 'Bi', 'Bi', 'Bi', 'Bi', 'Bi']","[[0.105625, -0.893171, -1.87638], [1.667735, 1.157043, -0.456963], [-1.667839, -1.157165, 0.45707], [-0.105521, 0.893293, 1.876273], [4.703667, 1.131716, -1.981199], [5.132909, -1.498283, -3.229067], [7.591599, 1.356722, -1.46247], [8.020572, -1.273401, -2.710584], [-1.178406, -5.535353, -0.413707], [-3.483778, -3.947095, -1.319803], [0.412282, -4.512319, -2.668252], [-1.89336, -2.923976, -3.574087], [4.13568, -2.599296, -0.126539], [2.350526, -1.528337, 1.831653]]",[-81777.08289115473],"[[0.24043787313690673, 0.2400574010813223, 0.3133100217292491], [-0.5678850105490097, -0.8101005453917624, -0.20488124516194553], [0.15806991542543455, 0.26714069680608743, 0.360065455652215], [-0.1431676390199024, -0.07339480273113949, -0.45830576752683516], [0.3340512252113531, -0.1262770760214216, -0.00036460314670140967], [0.04200949368729923, 0.17037614753765953, -0.08459936795340088], [-0.28732988413510335, -0.2496407306003176, -0.13686457614474895], [-0.07968403306365852, 0.17385737171538757, 0.101440925698608], [-0.04099731152109939, 0.1709268267163666, -0.001447424405744737], [0.0805258641248793, 0.006285759341337528, -0.09293797432366308], [-0.12049677012924842, 0.05657880176544655, -0.04299937409238177], [0.1861122331581263, 0.14453757496162759, 0.19228982612982987], [0.6251687063458052, 0.04444311616214862, -0.2503185251894051], [-0.4338193902709341, -0.005706623177151288, 0.3030674609962259]]"
"['Bi', 'Bi', 'Bi', 'Bi', 'Bi', 'Bi', 'Bi', 'Bi', 'Bi', 'Bi', 'Bi', 'Bi', 'Bi', 'Bi']","[[-0.798709, 1.921105, 0.033657], [-1.20868, -0.530611, 1.608244], [1.208847, 0.530628, -1.608339], [0.798542, -1.921122, -0.033563], [-4.088327, 4.599917, -1.323444], [-5.373644, 4.622211, 1.323399], [-1.50729, 5.263739, -0.075466], [-2.792936, 5.285836, 2.571415], [1.343596, 3.754158, 3.035742], [-0.566738, 1.724708, 3.979284], [2.095482, 4.34049, 5.819758], [0.185045, 2.310765, 6.76305], [-3.704136, 6.200412, -4.343907], [-6.386064, 7.187918, -4.362194]]",[-81777.18010049635],"[[0.015654154801955804, -0.32868337591572583, -0.13103814463643043], [0.12607971803394585, 0.4520451278772335, -0.18222426023601757], [-0.23983860008165864, 0.001891766298615244, 0.23392058582823996], [0.019704230725554522, 0.06626636386407014, 0.03626172255246736], [-0.30652199710842504, 0.24428002897541962, 0.6166773763635569], [0.3581713229089453, -0.23886286589396916, -0.05454598364119147], [-0.20940608068824582, -0.15820119602523275, -0.22210502331385074], [-0.2978281155074516, 0.18067182729128264, 0.15312280168309708], [0.1773971656554228, 0.05789628717376233, 0.43533454219927503], [0.13003623660412783, -0.23896637856431532, 0.349901673563489], [0.023583765282435335, 0.03725539276569918, -0.24784229436947436], [-0.17649059418090549, -0.07246791953044897, -0.47724760918044756], [1.1354434908165, -0.14682097293814148, -0.8094659967816918], [-0.759377794259383, 0.14774245681921633, 0.29624148687181734]]"
"['Bi', 'Bi', 'Bi', 'Bi', 'Bi', 'Bi', 'Bi', 'Bi', 'Bi', 'Bi', 'Bi', 'Bi', 'Bi', 'Bi']","[[0.371681, 2.040306, -0.169468], [-2.03638, 0.386122, 0.181575], [2.036549, -0.386199, -0.181522], [-0.371849, -2.040229, 0.169415], [0.202899, -4.710677, -1.923474], [-2.66742, -4.358375, -2.46704], [-0.154977, -7.631595, -1.927847], [-3.025406, -7.27896, -2.471572], [1.569749, -3.322064, -4.645512], [-0.885428, -3.880797, -6.168086], [1.869588, -0.763588, -6.068241], [-0.58584, -1.322572, -7.590662], [-4.206107, -2.641526, 1.603943], [-4.839636, -1.145302, -0.747269]]",[-81777.44697057793],"[[-0.3923687621593211, -0.3195084920701332, 0.31784390754366704], [0.7462286512220142, -0.008527047767058326, -0.3892499094609421], [0.051367450463327205, -0.044130572689538516, -0.12169449348627943], [0.16063999156249487, 0.5732406213868415, 0.04397237776700846], [-0.19221649822723985, -0.30558755486027256, 0.036023160043010295], [0.08648347338881286, -0.14373461900163967, 0.32526144140958696], [0.04065728808275009, 0.49529573488243706, -0.10797585078468595], [0.02890674366095185, -0.024125784980920693, -0.08353729607395223], [-0.028910183798878407, 0.18714067498968306, -0.08304379826107973], [0.1288456094957346, 0.0934882935477291, -0.23370954956440454], [-0.022088590836672337, -0.325340374320159, 0.22232798950293223], [-0.10557757585558718, -0.12785100340043604, 0.11187539367739972], [0.05042711010127076, -0.6081875890440559, 0.5540797216231077], [-0.5438205001324132, 0.5532189158100946, -0.585620489934206]]"
"['Bi', 'Bi', 'Bi', 'Bi', 'Bi', 'Bi', 'Bi', 'Bi', 'Bi', 'Bi', 'Bi', 'Bi', 'Bi', 'Bi']","[[1.985598, -0.621993, 0.015505], [-0.321256, -1.069557, -1.755491], [0.321252, 1.069714, 1.755603], [-1.985594, 0.621836, -0.015618], [0.943627, -6.760644, 1.425591], [2.53733, -5.447297, 3.521669], [1.565744, -4.559775, -0.426165], [3.159581, -3.24665, 1.670197], [0.126424, -9.162453, 3.714465], [-2.451913, -9.867523, 2.484273], [-1.253056, -8.507934, 6.230115], [-3.831384, -9.213239, 4.999619], [-1.701975, -6.04396, -3.731386], [-0.487686, -7.338371, -1.491242]]",[-81777.57508407794],"[[-0.06332100930267476, -0.1655254502170305, 0.22315953614583744], [-0.046514470001832134, 0.13358862895659962, 0.11753146379632085], [0.03981017083051511, -0.048116149883671154, -0.08448418246826653], [0.09010739387066942, -0.10332729370604943, -0.08466786217938257], [0.13606012894410524, 0.829069640753911, -0.5144759693526043], [0.1430899402395283, 0.26215203401375503, -0.36660516299280965], [0.11011356997575983, -0.786429928196652, 0.847545598257828], [-0.20062349597930057, 0.04616663040556301, 0.07584167153677933], [-0.07258264221675913, 0.029820719916656337, -0.001786235825395542], [0.02037963418738363, 0.000156925002556454, 0.0954888185984733], [0.07342627305118514, -0.020753724761403244, -0.1070975100384449], [-0.049037561773817795, 0.009435521858963986, -0.06139077825111745], [-0.4223424936516765, 0.41898010592758483, -0.7736355975911702], [0.23496013483157757, -0.606816161861675, 0.6333448189066815]]"
"['Bi', 'Bi', 'Bi', 'Bi', 'Bi', 'Bi', 'Bi', 'Bi', 'Bi', 'Bi', 'Bi', 'Bi', 'Bi', 'Bi']","[[1.108295, -0.885185, -1.522447], [0.982218, -1.182241, 1.402305], [-0.982372, 1.182315, -1.402393], [-1.10814, 0.88511, 1.522535], [-2.249783, -2.484393, -6.523103], [-0.379441, -1.946317, -4.316158], [-1.953818, 0.292611, -7.45074], [-0.083297, 0.830385, -5.243638], [3.300452, 0.272179, -3.917491], [3.293374, 3.012569, -4.989184], [4.665965, -0.674004, -6.346477], [4.658854, 2.066674, -7.417916], [-4.404699, 1.150855, 1.026166], [-6.339144, 2.178621, -0.809554]]",[-81777.29053563725],"[[0.04023053614474562, -0.169551337188751, 0.07503249350371048], [-0.005279187325328827, 0.07565439227925284, -0.42170048883832717], [-0.04212273027516279, 0.014905192038124598, 0.6225832035812716], [0.29598283375118084, -0.06176780502656617, -0.44842907497538836], [0.27474874952130324, 0.08856627378608162, 0.24802366008646937], [-0.17586535296941055, 0.16706549043769517, 0.041032844186379674], [0.3066900445037014, 0.026559129776475558, 0.20835964112463679], [-0.38344137284049273, -0.1663486664811001, -0.2020199142981883], [0.1233272991601505, 0.014527933863263788, -0.005905698662485729], [-0.03469728769155817, -0.1796315069565714, -0.00827336202046822], [-0.2039436661662068, 0.06480906178875423, 0.14460673767479978], [0.07311810045635915, 0.06847062324164575, -0.06341598590581903], [0.44019207865808396, -0.27111912118728154, 0.22006346343402744], [-0.6969066378642153, 0.32921718864839533, -0.4051907064279802]]"
"['Bi', 'Bi', 'Bi', 'Bi', 'Bi', 'Bi', 'Bi', 'Bi', 'Bi', 'Bi', 'Bi', 'Bi', 'Bi', 'Bi']","[[1.640258, 0.705971, 1.068117], [0.904343, -1.867417, -0.154346], [-0.90443, 1.867575, 0.154278], [-1.640171, -0.706129, -1.068049], [5.498479, -5.016685, -4.096932], [6.562127, -3.184897, -2.054503], [2.807492, -3.892585, -3.703429], [3.871517, -2.06072, -1.661011], [4.945668, 0.870746, 2.01916], [5.91486, 3.638705, 2.258704], [5.770586, 0.826534, -0.805272], [6.739864, 3.59462, -0.565374], [-3.050725, -0.026606, 4.423448], [-2.958359, 2.334773, 2.816091]]",[-81777.65795110124],"[[-0.44076450938152845, 0.20804149264404473, -0.30420702596768234], [0.007414397118333701, 0.12891430941008258, -0.17095639441902385], [0.8959379001998997, -0.5793706489238356, -0.17937681333698638], [0.15180253948183609, -0.014463193449967292, 0.045518228684021424], [-0.03932485941462179, 0.01694669535364718, 0.0715506522608835], [-0.3262675146313074, 0.0860156351996377, 0.004693300468960247], [0.12980257461999814, 0.1433073014206278, 0.055448235660016214], [0.11150289204600987, -0.25974188058150177, 0.02154095584578668], [0.024027882460765648, 0.06791978979666394, -0.04935702151774511], [0.008426810683945647, -0.08095930093478891, -0.060780295179905366], [0.0009455360501894716, 0.23280086978413256, 0.1109283015947191], [-0.11195401805542222, -0.20449465387746338, 0.000446758782596757], [0.05633932908496856, -0.726017198127345, 0.4296162513495448], [-0.47125575280352316, 0.9696077596988889, 0.03485274181660713]]"
"['Bi', 'Bi', 'Bi', 'Bi', 'Bi', 'Bi', 'Bi', 'Bi', 'Bi', 'Bi', 'Bi', 'Bi', 'Bi', 'Bi']","[[-0.400665, -1.731349, 1.08241], [1.801462, -0.81883, -0.642774], [-1.801573, 0.818965, 0.642853], [0.400776, 1.731214, -1.08249], [-3.318554, -5.369987, -0.465458], [-2.361803, -2.8059, -1.546384], [-5.03876, -5.723354, -2.826789], [-4.08167, -3.159137, -3.907586], [-3.57918, -0.793776, 3.667747], [-4.96519, -2.14319, 1.450457], [-4.371776, 1.819951, 2.572264], [-5.757892, 0.470171, 0.355029], [-5.515437, -0.962221, -6.137437], [-7.451304, -0.48759, -8.185702]]",[-81777.09532434333],"[[0.11605009618214648, 0.5639779600309257, -0.11813608474909304], [-0.23352185893014543, -0.008968125899776387, 0.2300844977965333], [0.3828984069755223, 0.016662176920947, 0.16624649078513495], [-0.2858874430442534, -0.18831150459281884, 0.15567580568575357], [-0.07998552078657939, -0.2377540513332762, -0.058055489969287326], [-0.7267067683754038, -0.2682263714255703, -0.9145953776870865], [0.12694047242486728, 0.16893010690039914, 0.06864160169614206], [0.6846573814294585, -0.20379449067853952, 0.9621932083142806], [-0.05000456449035735, 0.1909311516261602, -0.037798070666956736], [-0.03089639293932734, 0.16360509220705616, 0.009143711773678072], [0.226735222705794, -0.3574746564122488, -0.21435139465737804], [0.11646034162875446, -0.10692735433741385, 0.06425190342650836], [0.16202350293639659, 0.03502575658592992, 0.17333245500456101], [-0.4074032961843914, 0.21775101197577207, -0.48777484261244564]]"
"['Bi', 'Bi', 'Bi', 'Bi', 'Bi', 'Bi', 'Bi', 'Bi', 'Bi', 'Bi', 'Bi', 'Bi', 'Bi', 'Bi']","[[1.405491, -1.213504, -0.938998], [-1.258174, -0.182963, -1.646945], [1.258273, 0.18306, 1.647079], [-1.40559, 1.213407, 0.938865], [4.193923, 1.43987, 2.505114], [2.222964, 3.619022, 2.663002], [6.218703, 3.341806, 1.534154], [4.247444, 5.520909, 1.692278], [6.085379, 3.710642, 5.252702], [6.136494, 4.117671, 8.166468], [4.619633, 6.241279, 4.925096], [4.671021, 6.648122, 7.83906], [1.521607, -4.054014, 0.909791], [-0.623694, -5.706731, -0.003694]]",[-81777.65940741994],"[[-0.2616553994532963, 0.5418561762341398, -0.054233388746489794], [0.19614329482848988, 0.07679940799241657, 0.0920965546391749], [-0.11884668663260718, 0.05845205713953561, -0.31861251354648096], [0.1372045790142616, -0.10816966064784284, 0.03360231595791801], [0.058634862675094816, 0.3010039953053904, -0.12260924107335758], [0.3455628317424258, 0.09868932957827792, 0.05186025922017258], [-0.11543138557628192, -0.30277420080795747, 0.018464202413782434], [-0.12309615685850814, 0.06352268674584303, 0.19853503915195825], [-0.14223566503214566, -0.05358156231364912, 0.5035645100523365], [0.14250881918260716, -0.24236157358283364, -0.416952121479938], [-0.17943743998295664, 0.0836747473247398, 0.36326997755516266], [-0.061310096989431837, 0.08914744626509433, -0.6342575610321881], [0.5159985774842241, -0.3038489225219343, 0.4845986028598658], [-0.40193841340195674, -0.30205660551998875, -0.20144506673643967]]"
"['Bi', 'Bi', 'Bi', 'Bi', 'Bi', 'Bi', 'Bi', 'Bi', 'Bi', 'Bi', 'Bi', 'Bi', 'Bi', 'Bi']","[[-1.627984, 0.17426, 1.284141], [0.921026, 1.605734, 0.94986], [-0.921093, -1.605832, -0.950012], [1.62805, -0.174162, -1.283989], [0.949263, -4.476623, 1.082255], [1.936469, -5.078029, -1.623673], [-1.822565, -4.647721, 0.108831], [-0.835002, -5.249271, -2.597127], [-4.71678, 2.261317, 5.337437], [-2.386842, 4.019452, 5.709812], [-2.949663, 0.131862, 4.33615], [-0.619761, 1.890287, 4.708776], [-5.589792, -5.727868, -1.066016], [-4.430053, -3.132397, -1.360597]]",[-81777.33675695551],"[[0.27782404770811586, -0.19235734333607155, -0.24291333262546383], [-0.0891403500164566, -0.2704435377481319, -0.316068097033118], [-0.01116911997453679, 0.21094776641584095, 0.47679509477456256], [-0.08600236830001061, 0.0663451425083674, 0.18025489697276953], [-0.8025312135115046, -0.03258262102413864, 0.11309404582570289], [0.12727888120954103, 0.06773698426110474, -0.3527194499156798], [0.9496369619928041, 0.25502930299885085, -0.05797187764838176], [0.07524301554663014, -0.013487238147284033, 0.2237167459301749], [0.12117693013454849, -0.1472724074801033, -0.10341728236631065], [0.09965457365928551, -0.16946613078300654, -0.12082761986646022], [-0.08851063508299438, 0.14727662409161268, -0.0310983891994634], [-0.13962054314286315, 0.10991842313822194, 0.20295975586595646], [-0.5019308816250002, -0.693099860424708, 0.05749138962467844], [0.07509049762301027, 0.6626492404550598, -0.027937997735507807]]"
"['Bi', 'Bi', 'Bi', 'Bi', 'Bi', 'Bi', 'Bi', 'Bi', 'Bi', 'Bi', 'Bi', 'Bi', 'Bi', 'Bi']","[[-1.137278, 1.738914, 0.111761], [-1.046329, -0.788119, 1.616468], [1.046488, 0.78817, -1.616565], [1.13712, -1.738965, -0.111663], [-3.951459, 5.035307, 2.729022], [-1.527127, 3.382295, 2.949199], [-3.538562, 6.006436, 5.476072], [-1.114058, 4.353318, 5.695921], [5.31792, 0.145168, -1.065293], [4.456464, 2.803051, -0.142325], [3.969156, 0.602472, -3.640476], [3.107902, 3.260517, -2.717223], [-4.51086, -1.457601, 2.868916], [-3.50176, 0.89815, 4.133983]]",[-81777.36458770528],"[[0.578562293644232, -0.17417269198094287, 0.15885209686042503], [0.47713345213714475, -0.0036091320025396717, -0.6114940295325109], [-0.029914976610518514, 0.19772735235954514, 0.20543177007437788], [-0.5048931026324331, 0.4048636105034536, 0.2744293669105133], [0.34286101220674303, -0.06312267429545904, 0.008046621449864903], [0.008829013715430862, 0.3904058266575203, 0.19420596752829483], [-0.031010627115767506, 0.11469784943992407, 0.1037918408813636], [-0.12823918876975718, -0.22417018593370827, -0.6495304364517217], [0.06992663976467223, -0.0767911804577641, -0.06468194637837381], [-0.14053122838470666, 0.134002113994977, -0.022258638551311088], [-0.1582929330366076, 0.06842902276955928, 0.12908940163190513], [-0.10373594506781851, -0.27180200656343523, 0.09626606351267232], [-0.38971646209782784, -0.6573805329519945, 0.08481050706141949], [0.0003994246958772657, 0.16922737801181062, 0.10948292944464923]]"
"['Bi', 'Bi', 'Bi', 'Bi', 'Bi', 'Bi', 'Bi', 'Bi', 'Bi', 'Bi', 'Bi', 'Bi', 'Bi', 'Bi']","[[0.213466, 0.927276, -1.850488], [-1.184881, 1.57989, 0.654913], [1.185028, -1.580014, -0.654902], [-0.213613, -0.927152, 1.850477], [2.064762, 6.723081, -1.353433], [0.53365, 4.210923, -1.297976], [3.850424, 5.589369, -3.399397], [2.31895, 3.077228, -3.343809], [1.935141, -4.827223, 0.401241], [3.307187, -7.295787, -0.424589], [4.473539, -3.765828, 1.445194], [5.845419, -6.234602, 0.619086], [-2.858375, 1.968532, -2.516363], [-5.147152, 0.454356, -1.718231]]",[-81777.85551499529],"[[0.48803555261674525, -0.06187532862005543, 0.5161271327131687], [0.1596621490690507, -0.1701550839659664, -0.06342303073236519], [-0.15203748701825523, 0.5546052553990332, -0.13003968188426357], [-0.0054436660274496985, -0.054486076904503286, 0.02872884893513832], [-0.31319545330921367, -0.3922523425439889, 0.1545267276273552], [0.1663312858141468, 0.054359835669679696, -0.07213876672225923], [-0.09482387953228028, -0.37690588211140735, -0.08851886261764684], [0.0011458276679897287, 0.09590508042979588, 0.05556866619849151], [0.08642140692427841, -0.07680254474000281, -0.12882658332185082], [-0.07049495672079048, 0.14798918001460679, 0.05477126382439397], [0.05897522549924853, -0.07096408046225511, 0.0020437139512395125], [-0.05833579179047811, 0.06822713963802468, 0.017900405459513862], [0.1214005648108205, 0.6362347404533559, -0.6539265110607111], [-0.37472368281111873, -0.36378944352428194, 0.3042596307673665]]"
"['Bi', 'Bi', 'Bi', 'Bi', 'Bi', 'Bi', 'Bi', 'Bi', 'Bi', 'Bi', 'Bi', 'Bi', 'Bi', 'Bi']","[[-0.71484, 0.268015, -1.935688], [1.774003, 0.952891, -0.523273], [-1.77411, -0.953035, 0.523346], [0.714946, -0.267871, 1.935615], [7.227798, 0.529818, 2.496041], [4.556821, -0.4852, 3.198844], [6.777984, -0.230635, -0.310957], [4.106845, -1.245516, 0.392167], [-1.456493, -5.816203, 0.513891], [-2.284098, -3.803959, 2.494865], [-2.985976, -7.871017, 1.962436], [-3.81357, -5.858403, 3.943301], [-2.325911, 3.148757, -2.64214], [-1.152414, 5.558758, -1.650655]]",[-81777.89867941439],"[[0.4042552871600878, -0.36909985434361686, 0.7359360053717942], [-0.3708004343341875, -0.10933072005357884, -0.37767181416545925], [0.3874934850789179, 0.07071092950541741, -0.34408326390145666], [-0.16362015887988848, 0.057933311079698374, 0.005608988051872447], [-0.08294460504642606, -0.054603062162842865, 0.029590672905564566], [0.2912739585591235, -0.028994809134988055, -0.12781531646888103], [-0.30766181919033936, -0.0436947396101614, 0.08933308001569033], [0.21737383093404858, 0.06928262948975138, 0.18331358582400248], [-0.022413912699039525, -0.09816523562091659, 0.028299788145222], [-0.22593854024097854, -0.14110921269404156, 0.14090208450916605], [0.05775775605905164, -0.02926439459229403, -0.08146385449735065], [0.12436967637852486, 0.1849816156306044, -0.0803442412974264], [-0.6454048420444318, -0.17337405547664747, -0.4642283583464043], [0.34463671987310895, 0.65727511766426, 0.25555324268993745]]"
"['Bi', 'Bi', 'Bi', 'Bi', 'Bi', 'Bi', 'Bi', 'Bi', 'Bi', 'Bi', 'Bi', 'Bi', 'Bi', 'Bi']","[[1.984887, -0.314597, 0.539415], [-0.371482, 0.849427, 1.862627], [0.37145, -0.849549, -1.862773], [-1.984855, 0.314719, -0.539269], [4.897885, -0.322063, -3.132189], [2.650771, 1.504905, -2.611631], [4.947973, 0.5413, -5.945008], [2.700802, 2.368379, -5.424086], [6.430678, -5.293423, -9.180906], [6.56506, -2.357226, -9.318751], [3.909276, -5.107141, -7.675021], [4.043872, -2.17079, -7.813148], [4.752805, -0.996836, 5.649606], [4.357332, -0.048775, 2.98258]]",[-81777.54254141376],"[[-0.6633634933070759, -0.3531521153942157, -0.574961204571036], [-0.050888782781665746, 0.024153578621418516, -0.2457634020511655], [0.2281190426122452, 0.128565770473368, 0.8558595220241327], [-0.011960994473789704, -0.048911788480027564, 0.0930938346832355], [-0.07701980307691918, 0.19795839181700436, -0.17324642584535127], [0.2661204310870915, 0.1308293709446244, -0.5812717236494682], [0.019216240218689996, 0.11039058078308964, 0.020480133523163357], [0.11058768166010749, -0.09922571341552634, 0.4919333471583454], [0.047652949967156306, 0.015988604085578062, 0.004719834268214412], [-0.08162269733823459, -0.06512170810554747, 0.0004438335340731685], [-0.011377091481714197, 0.24669661016912012, -0.0631515220888342], [0.0448461882269815, -0.3393217324876236, 0.030567738925425903], [0.11088341010877163, -0.24755201666251744, 0.6807765561780792], [0.06737852086071563, 0.3050804816152235, -0.5484181493403877]]"
"['Bi', 'Bi', 'Bi', 'Bi', 'Bi', 'Bi', 'Bi', 'Bi', 'Bi', 'Bi', 'Bi', 'Bi', 'Bi', 'Bi']","[[-1.321595, 1.577406, -0.308043], [1.217546, 1.242978, 1.14083], [-1.217584, -1.243103, -1.140971], [1.321633, -1.577281, 0.308185], [3.642967, -3.976025, 0.287548], [4.186977, -3.672041, -2.588205], [1.987939, -6.343136, -0.275944], [2.532265, -6.038955, -3.151798], [-0.12283, 5.971076, 1.287701], [0.624653, 7.522166, -1.098448], [-2.444656, 4.876517, -0.151369], [-1.696806, 6.427718, -2.537547], [-2.999427, -4.164353, -1.073692], [-2.218177, -6.707474, -0.029456]]",[-81777.34038934068],"[[0.09417498415865953, -0.7456424393780269, -0.18174510918669526], [0.002511329482758149, -0.47610038231734597, -0.14771967683264733], [0.40146065074910703, 1.1322944019282732, 0.32722792503570663], [0.016247910266777625, 0.19898374832306648, -0.03595199701047573], [-0.20974587786939217, 0.16757744878144412, -0.013570130558907509], [-0.03987800685372459, -0.012001962454149766, -0.0035206767490493064], [0.12992233667128295, 0.08049475375947471, -0.017854974041604844], [0.034544666923755143, 0.044057152227183684, 0.016078510470492753], [-0.020015694334241482, 0.10729846757233112, -0.018043960512571712], [-0.04838113306378091, -0.029632329941951772, -0.01990887522340684], [-0.028071386641060715, 0.12040133072727996, -0.07792930561065639], [0.03467441000301519, -0.04563907059922934, 0.12391767619355568], [-0.4092485779406621, 0.5185275159480222, -0.31735071826334404], [0.041437479482796524, -1.0559012284593219, 0.36436999893819577]]"
"['Bi', 'Bi', 'Bi', 'Bi', 'Bi', 'Bi', 'Bi', 'Bi', 'Bi', 'Bi', 'Bi', 'Bi', 'Bi', 'Bi']","[[-0.956731, -0.330281, 1.818047], [-0.283975, 2.049044, 0.22289], [0.283965, -2.049213, -0.222983], [0.956741, 0.330449, -1.817954], [-6.956768, -3.529885, 0.859202], [-6.12672, -1.258521, 2.535579], [-4.297523, -4.745862, 1.190378], [-3.467754, -2.474294, 2.866926], [-9.920295, -5.940741, -1.249281], [-12.137249, -4.964901, -2.919959], [-10.267383, -3.641316, 0.554058], [-12.484516, -2.665734, -1.116842], [3.040555, 1.864877, 3.071259], [0.60841, 1.240578, 4.436236]]",[-81777.41890549829],"[[0.3240391897148734, -0.0723850271188255, -0.6208929594311081], [-0.3637224405389561, -0.3460885712067176, 0.3429388652533919], [-0.2670471600215073, 0.20883359854270975, 0.1361569567425463], [0.20692702165327825, -0.10047609299433305, -0.2984487287307045], [0.10324234441076284, 0.02247933702615401, 0.1978940627804405], [0.07962258366422302, -0.21731742089958772, -0.20575063846425204], [-0.4129651096094504, 0.2575752621749612, -0.07118118453289674], [0.006334198951603851, 0.13641473568762602, 0.03435959881616651], [-0.1298430952281615, 0.02773347665067527, -0.09703353822947154], [0.08926941946631696, -0.10365855481999385, -0.013421638985058186], [0.07439028300199486, 0.044767126761180574, -0.0785859142980138], [0.2579849934006534, -0.04344174806180759, 0.20363950449452392], [0.8480654756036798, 0.11708224040429685, -0.5267483657285711], [-0.8192675616573434, 0.052864738357054054, 0.9911824124412867]]"
"['Bi', 'Bi', 'Bi', 'Bi', 'Bi', 'Bi', 'Bi', 'Bi', 'Bi', 'Bi', 'Bi', 'Bi', 'Bi', 'Bi']","[[-0.368596, -1.82296, 0.933097], [-1.123549, -0.612611, -1.640503], [1.123705, 0.612682, 1.640591], [0.36844, 1.822889, -0.933185], [-2.075186, -2.333756, -4.992369], [-0.66377, -2.129329, -7.566165], [-1.90276, 0.585783, -4.66614], [-0.491391, 0.789921, -7.240187], [6.615855, 0.878218, -2.52728], [4.805141, 0.94367, -0.208801], [4.556398, -0.520972, -4.095963], [2.74575, -0.455251, -1.777215], [0.79205, 4.238258, -3.252569], [2.724061, 4.252159, -5.358604]]",[-81776.81462255635],"[[0.03808160179549862, 0.07807626994838586, -0.41890410407623274], [0.3044416135494605, 0.2778560836711688, 0.4317643578031174], [-0.25255183804872217, 0.20692218797666992, -0.23222802768395545], [-0.11126218523533399, -0.2911108476846386, 0.40312667509413735], [-0.014064826506513781, 0.06289996521683543, -0.06247804695543926], [0.019302979002763496, -0.06434688002965262, -0.022624295902311933], [-0.01993637575798267, -0.2529696939648837, 0.063222073198479], [-0.05898895519769981, 0.0067174837955975815, 0.007714599288965119], [-0.2005586527218209, 0.1411346666293726, 0.14206273253816942], [0.16718067592282954, -0.10190886673196635, -0.22011941066966412], [-0.1954290933985653, -0.09259714870068517, 0.2000442775397678], [0.17420704193811687, -0.22760235343607105, -0.19362772610850204], [-0.5642566677672775, 0.10645427109489773, 0.5748773865617641], [0.7107618062189479, 0.1520473086377466, -0.6823480152966979]]"
"['Bi', 'Bi', 'Bi', 'Bi', 'Bi', 'Bi', 'Bi', 'Bi', 'Bi', 'Bi', 'Bi', 'Bi', 'Bi', 'Bi']","[[-0.533403, 2.003494, -0.176657], [-1.248658, -0.473054, -1.595612], [1.248727, 0.473036, 1.595791], [0.533334, -2.003476, 0.176478], [2.712162, 1.690028, -1.208525], [1.952694, 3.49412, -3.405517], [3.873909, -0.188576, -3.153018], [3.114384, 1.615888, -5.349922], [2.875838, 9.602065, -4.211347], [4.061923, 9.573054, -1.518639], [2.503238, 6.686012, -4.078436], [3.689317, 6.657332, -1.385529], [3.859683, -2.843405, 0.045079], [3.560338, -3.501522, 2.810132]]",[-81777.61564637652],"[[0.04554538983279283, 0.1239310459373659, 0.4813502693348938], [0.26576021933558874, -0.25760220735094796, 0.20415187421500547], [-0.48656416088833704, 0.25678048232753414, -0.22008531782294796], [-0.5367993277483752, 0.5754497144410254, -0.3421831147734724], [-0.20023258523912582, 0.03406664716044756, -0.5760225565412025], [0.31383128747157363, -0.38668754663761845, 0.3715845183865664], [-0.0391537575471057, 0.4965091419773993, -0.17083185011322233], [0.06368152958672699, -0.12481365471720791, 0.05192551385438485], [-0.12431681446838283, -0.4790596208434674, -0.10472036958898463], [0.04919656402318563, -0.21218837579724784, 0.11929822401875219], [-0.05352798049422501, 0.2065932408568465, -0.053412383632358035], [0.06574057297768676, 0.26572088143553174, 0.13659425020932425], [0.5520660325169194, -0.3192074671460366, -0.428225438038639], [0.08104615284746387, -0.17890501564675973, 0.5360120555263186]]"
"['Bi', 'Bi', 'Bi', 'Bi', 'Bi', 'Bi', 'Bi', 'Bi', 'Bi', 'Bi', 'Bi', 'Bi', 'Bi', 'Bi']","[[1.99149, 0.505735, -0.328501], [0.219483, 0.448047, 2.019897], [-0.219531, -0.448158, -2.020047], [-1.991442, -0.505624, 0.328651], [-0.502232, -5.994627, 0.053653], [-3.240004, -5.043987, -0.455461], [-0.344954, -4.267768, 2.431273], [-3.082954, -3.317354, 1.921945], [6.289086, -2.410012, -0.560845], [5.35932, -3.962196, -2.881314], [5.12566, 0.028845, -1.726296], [4.195853, -1.523719, -4.046717], [-4.482956, 1.693299, -0.080459], [-5.044011, 1.269229, 2.689672]]",[-81777.23333315947],"[[0.17560078630824258, 0.008172744413877863, 0.23115515716527546], [0.011394842387726867, -0.2403532323741696, -0.4708628880238685], [-0.5223137245508983, 0.09670567097357124, 0.49359736604180426], [0.7077998937440645, -0.2469306835299824, -0.040818902574370076], [0.02950463346193653, -0.016538434799774092, -0.04041218982545349], [0.0720422988784592, 0.08171998793549987, 0.08905072131083641], [-0.02882451459430973, -0.07047587912481511, 0.0611630812296108], [-0.021618999154174364, -0.060561905556974285, -0.03277999958045101], [-0.09691521599675093, 0.018236145437634722, -0.047332034978037334], [0.03314045815799334, 0.06482952778120221, 0.009989049821544463], [0.0256308376104758, 0.06066958341673828, 0.06524337277422065], [0.020111591392824993, -0.10497280063654024, -0.014056485843259855], [-0.5038014630503271, 0.5335129418756356, -0.7222181340015744], [0.11157215760336521, -0.12942616490964837, 0.4182286234812662]]"
"['Bi', 'Bi', 'Bi', 'Bi', 'Bi', 'Bi', 'Bi', 'Bi', 'Bi', 'Bi', 'Bi', 'Bi', 'Bi', 'Bi']","[[-0.924921, 1.863127, -0.054711], [0.083113, -0.019703, -2.078848], [-0.083156, 0.019631, 2.079022], [0.924964, -1.863055, 0.054537], [4.135324, 3.554403, 2.309032], [1.339029, 3.924501, 1.471132], [3.439667, 4.448658, 5.024954], [0.643253, 4.818559, 4.186744], [-0.626846, 8.683511, -2.634747], [-2.522475, 7.295565, -0.863163], [0.367822, 6.088716, -3.603012], [-1.528117, 4.700968, -1.831311], [3.667707, -5.547593, 1.222503], [0.864921, -4.990926, 1.169986]]",[-81777.23526914412],"[[-0.14801473679412097, 0.030634351102855836, -0.018944515602374385], [0.3795252720342909, -0.13465167785578827, 0.46468066706392286], [0.0511805517292784, 0.20062030780962276, -0.46300708367143056], [-0.5782295927117234, 0.36677896966234275, -0.33538619413080534], [-0.15868384377678235, 0.12525238800255, 0.01186925746241484], [0.13466669310652898, -0.06788220024772056, 0.16916932247041924], [0.02096571233393288, -0.05204090502788552, 0.010849680799446104], [0.10554111759265851, 0.013952957746286196, -0.10814621217408332], [-0.013484883015489769, -0.03283382822591469, -0.027449539287609924], [0.061513162829072716, -0.052594875220453564, -0.007935868549024554], [0.005135193641829817, 0.024220329638495706, 0.06067673108746761], [-0.061302023721054116, -0.11007083821765866, 0.11852740686600038], [0.9095493278405534, -0.23755191109128376, 0.025286859813284168], [-0.7013639047621822, -0.07864690089862511, 0.10758267747248182]]"
"['Bi', 'Bi', 'Bi', 'Bi', 'Bi', 'Bi', 'Bi', 'Bi', 'Bi', 'Bi', 'Bi', 'Bi', 'Bi', 'Bi']","[[1.125058, -1.73173, 0.255091], [0.38793, -0.049081, -2.043528], [-0.387936, 0.049163, 2.043702], [-1.125052, 1.731648, -0.255266], [3.790404, 4.338861, -5.216611], [3.620171, 2.079852, -3.33879], [1.723564, 3.093947, -6.901313], [1.553451, 0.834999, -5.023131], [-0.701138, -1.527542, -9.456048], [0.888071, -2.686574, -11.644513], [1.775602, -0.774037, -8.056817], [3.364638, -1.933105, -10.245624], [3.380871, -1.344528, -2.97325], [5.349179, -3.399426, -3.240462]]",[-81777.85266807806],"[[-0.33072699267921224, 0.410267146730636, -0.13142694707085048], [0.23562769642444106, -0.2828704575092901, -0.06582876186474275], [0.017493939536636843, -0.06684753634308287, 0.07660678083736598], [0.21373067858994196, -0.15616482977665883, -0.14512183276613497], [-0.07916466993872237, -0.07459036636032422, 0.2446970107160243], [0.03827225948444177, 0.09106111940316357, -0.45959013710817487], [-0.1269719941670045, -0.197593140700527, 0.12434705065823061], [0.06847458274269723, 0.2250401963011137, 0.04494255836880752], [0.20078131037835295, 0.10237876180480464, 0.03542716257499568], [-0.0012460205281036511, -0.03932314191676309, 0.014002472078266496], [0.0390602464735714, -0.1067998275503008, 0.011058829872520643], [-0.18682514903576145, 0.1291825270397526, 0.18261367973553655], [-0.5183691359059623, 0.49684317988428894, 0.11101278809118148], [0.42501711090091454, -0.5153074645734179, -0.06978034391413328]]"
"['Bi', 'Bi', 'Bi', 'Bi', 'Bi', 'Bi', 'Bi', 'Bi', 'Bi', 'Bi', 'Bi', 'Bi', 'Bi', 'Bi']","[[-1.1255, 1.70299, 0.403472], [-1.515988, -0.708953, -1.236151], [1.516115, 0.708941, 1.236296], [1.125373, -1.702979, -0.403616], [-1.021258, -2.785552, -7.045681], [-0.857763, -3.285404, -4.150559], [-3.588316, -1.399114, -6.66115], [-3.424471, -1.899033, -3.76588], [4.245494, -1.763927, 2.774926], [4.500636, -2.083972, -0.13897], [7.176016, -1.653304, 3.019185], [7.430854, -1.973252, 0.105074], [-1.965011, -5.843711, 0.181206], [-2.770204, -5.583254, -2.548642]]",[-81777.95878028903],"[[0.24478617662282026, -0.33061396692192413, -0.09338683776104602], [0.198118005989262, 0.03490824168004709, -0.07095904109728048], [-0.14478753774878744, 0.07222248188734795, 0.0437900401724826], [-0.1279116814684979, 0.18719914190780707, 0.029495151228249576], [0.1805672347570133, 0.011272786911157712, 0.2768933592726486], [-0.07796884919907975, 0.21575228669823307, -0.5935338356071195], [-0.10852349605998993, 0.02910345373007371, 0.20670297560027362], [0.14218722542187934, 0.14080484533399232, -0.22547872389808954], [0.1771929171076756, 0.03613942024985863, 0.053081585317237806], [0.0582905917719812, 0.13274885477904194, -0.022302326760315617], [-0.14080926763386803, -0.03739699892148623, -0.058643912963212516], [-0.291823249341358, -0.037303271875167306, -0.0029655017368755915], [0.15385674919618755, -0.2765510424090149, 0.9354362371826683], [-0.263845877710329, -0.17373771250828596, -0.472812093827218]]"
"['Bi', 'Bi', 'Bi', 'Bi', 'Bi', 'Bi', 'Bi', 'Bi', 'Bi', 'Bi', 'Bi', 'Bi', 'Bi', 'Bi']","[[-0.079798, 1.529661, 1.408362], [1.896629, 0.630888, -0.577653], [-1.896813, -0.630939, 0.577624], [0.079982, -1.529611, -1.408333], [-4.521511, 1.390697, -3.051138], [-2.230854, 2.580358, -4.463905], [-3.383141, 2.254295, -0.478558], [-1.092533, 3.444047, -1.891696], [6.582469, 0.61309, -1.404862], [8.34568, -1.654904, -2.041733], [4.247998, -0.962529, -2.257817], [6.011552, -3.230533, -2.894513], [-4.943668, -2.288508, -4.575602], [-2.383871, -1.410748, -3.656245]]",[-81777.47732835318],"[[0.08660215557617451, -0.12217981518659106, -0.46418485525692943], [0.10190377594490015, -0.41771039164234486, 0.025014538700706253], [0.1954063134119963, -0.20322951615837379, 0.008058859907660428], [-0.16155257942172677, 0.15261541990549854, 0.03313590216067955], [-0.3054343170273706, 0.9129437001056063, 0.41145736246229664], [0.07599326386275079, 0.12196955025412928, 0.48153384620182665], [-0.5337237724511047, -0.15096847315644354, -0.6262742813147288], [-0.24018245960803963, 0.26862370992719226, -0.29600278552271303], [0.036993644035149674, -0.0974865668562723, -0.058735238597854754], [0.017788654970096903, 0.05534004357933643, 0.011815485381251897], [0.04768821009535123, -0.007834474468851374, 0.05804217164756866], [-0.20398372397554596, 0.20673398312149505, 0.08075644078351434], [0.054893237025616604, 0.3033703885377109, 0.17924157323613665], [0.8221256015072398, -1.022927326455949, 0.1500126393181947]]"
"['Bi', 'Bi', 'Bi', 'Bi', 'Bi', 'Bi', 'Bi', 'Bi', 'Bi', 'Bi', 'Bi', 'Bi', 'Bi', 'Bi']","[[1.741754, 1.026066, -0.49315], [0.242249, 0.546722, 1.992816], [-0.242276, -0.546846, -1.992961], [-1.741726, -1.025942, 0.493295], [-0.247676, -4.305654, -5.175699], [-1.425842, -5.657351, -2.842643], [-1.883085, -1.922918, -4.620846], [-3.061051, -3.274905, -2.287634], [-0.921676, -12.709184, -1.462288], [-2.471287, -10.208471, -1.521054], [1.205418, -11.427983, -3.041482], [-0.344457, -8.92722, -3.099972], [-3.294456, -1.80984, -7.669607], [-2.168239, -0.033455, -9.604636]]",[-81777.91687937493],"[[-0.2534839148806621, -0.28454285819367614, -0.377301677950282], [-0.2589092540746734, -0.16720659265698476, 0.1323793870510552], [0.10311486904574138, 0.19155083925176475, 0.0219611977469974], [0.33571694102383404, 0.2753013313173987, 0.1476891835323417], [-0.06284998294382176, 0.26001272073784226, 0.25900402498945135], [-0.09098902563077144, -0.0012863544740745597, 0.009613971943366557], [0.009263422402871278, -0.46181763927114367, 0.40128519857264344], [0.3602175621991022, -0.13375971025527908, -0.22355898295321408], [-0.06411198391532505, -0.01889116518236238, 0.02774705208285182], [0.05345604098810762, -0.1010915640084282, -0.020903188212783388], [-0.09022329926508586, 0.27636319750848104, -0.005759089137188156], [0.021754048993285237, -0.10103659379253148, 0.027847973079782484], [-0.32235650461217175, -0.3010582970340966, 0.32323006310389607], [0.2594763369005938, 0.5776444093095675, -0.7281645846716355]]"
"['Bi', 'Bi', 'Bi', 'Bi', 'Bi', 'Bi', 'Bi', 'Bi', 'Bi', 'Bi', 'Bi', 'Bi', 'Bi', 'Bi']","[[-1.53699, 1.33358, -0.434675], [1.206124, 0.927692, -1.418998], [-1.206211, -0.927842, 1.419082], [1.537076, -1.33343, 0.434591], [2.333549, 1.031066, 2.644828], [3.210216, 3.431114, 4.104121], [2.560348, -0.553115, 5.114401], [3.43692, 1.847275, 6.573545], [-4.2039, 2.582125, -6.37704], [-3.758965, 0.451267, -4.397194], [-1.570588, 3.728174, -5.735088], [-1.125857, 1.596991, -3.755284], [-0.300036, 3.854957, 2.094602], [-1.210907, 4.767865, -0.455918]]",[-81777.10208098187],"[[-0.021051391822919874, -0.44882672200955975, 0.37338130911047923], [0.1140133699789315, -0.1321900509098656, 0.22946229048844147], [-0.18570661569976032, 0.4222696799700022, -0.34558838852194], [-0.03877621655074121, 0.5569578160887192, -0.363584320800978], [0.591527859814668, 0.2783243332370766, 0.41677620650465025], [-0.2763348639360217, -0.8739446716320584, -0.2858458939942585], [0.004244936340086522, 0.25379728110673744, -0.08847556521653831], [0.062371963180514176, -0.07716193373804031, 0.16798455748046587], [-0.14257726198649726, -0.04468501082313992, 0.0011446398176742807], [0.212484104245912, 0.23480437731618828, -0.11389576765549297], [0.17074571810982944, -0.47356115943523236, 0.3960645707252035], [-0.21940052982940592, 0.04718153794261648, 0.06650840764912704], [-0.08317127362610117, -0.03712135079958323, 0.03657999444607923], [-0.20380343812247403, 0.28043783262301736, -0.4718118313018459]]"
"['Bi', 'Bi', 'Bi', 'Bi', 'Bi', 'Bi', 'Bi', 'Bi', 'Bi', 'Bi', 'Bi', 'Bi', 'Bi', 'Bi']","[[1.727358, -0.327872, 1.112856], [1.0966, 1.11266, -1.374176], [-1.096746, -1.112692, 1.374299], [-1.727213, 0.327903, -1.112978], [-1.170435, 3.689782, -1.215572], [-0.227966, 4.544612, 1.437602], [1.307913, 4.715469, -2.426199], [2.250227, 5.570124, 0.227282], [7.492212, -2.51865, 5.414759], [7.342163, -1.566263, 2.634695], [4.5553, -2.463647, 5.591919], [4.405554, -1.511331, 2.811627], [1.526254, 7.855984, 2.757028], [1.457037, 8.870392, 0.085992]]",[-81777.44254317666],"[[-0.12722082566814966, -0.035243580565853645, -0.054440568353456904], [-0.22647950064437739, -0.31463450054201947, 0.29497681195155206], [0.29053317190785316, 0.010409137456480451, -0.20171323294401808], [0.2982056050817245, 0.06526311885738653, 0.1894487555701543], [0.20104880809874084, 0.23452638948911853, 0.06744125581244059], [-0.09620255722957369, -0.08582830452001965, -0.5422881218033936], [0.09042050298628686, 0.2653939397772798, 0.7766396761811475], [-0.12726839110285915, -1.017105831468422, -0.26030603234820227], [0.001801120464023663, -0.04630849367180794, 0.022221198126433264], [-0.30369316500654503, 0.04261390380949598, 0.03964251938534388], [0.042719586492106755, 0.0975039475232256, -0.18656531320701863], [0.029457556537097015, 0.016493275918950435, 0.004695706508625174], [0.3129586545774977, -0.014856191927060076, 0.03839275172942695], [-0.38827952317077674, 0.7800011383075908, -0.1958541484075477]]"
"['Bi', 'Bi', 'Bi', 'Bi', 'Bi', 'Bi', 'Bi', 'Bi', 'Bi', 'Bi', 'Bi', 'Bi', 'Bi', 'Bi']","[[0.02536, 1.783914, 1.070851], [0.16759, -1.069038, 1.777069], [-0.16754, 1.069087, -1.777249], [-0.02541, -1.783963, -1.070671], [3.028259, 4.639008, 4.836178], [1.578054, 2.236672, 3.950738], [1.446393, 4.679218, 7.317295], [-0.003639, 2.276659, 6.431592], [-0.006129, -3.010659, -4.759041], [2.063405, -4.198319, -6.480903], [0.789259, -4.804531, -2.566042], [2.858916, -5.99198, -4.288202], [7.342719, 5.938458, 7.266813], [5.777826, 3.670579, 6.507814]]",[-81777.97199149562],"[[0.13182881071653127, -0.051812745207554654, -0.15537467791747375], [-0.07674783163456399, -0.1104651428158775, -0.4205617466203359], [0.019981771180427585, 0.059171092246068514, 0.5035174588385428], [0.06984708978900131, -0.02174655679454235, 0.2501007012094814], [-0.6690667174839738, -0.35145518637214707, -0.044377018205634465], [-0.05225152991498835, 0.5676479547068359, -0.037209616819776595], [-0.04481897051390935, 0.1272168147450066, -0.2937329115562841], [0.009983660786347106, -0.14928146859804944, -0.01992982972572481], [0.11342124459441268, -0.08580099938939181, -0.1090414707884535], [-0.08950056176795934, 0.07790991948213155, -0.013704928429769652], [0.04396781148527635, -0.03883878180956397, -0.03162405153061785], [-0.10783834811180683, 0.0822969438030032, 0.1584050331962473], [0.46730067405190534, 0.6447990898056448, 0.27732144818503407], [0.1784198996348144, -0.7502488303415695, -0.07818271367795197]]"
"['Bi', 'Bi', 'Bi', 'Bi', 'Bi', 'Bi', 'Bi', 'Bi', 'Bi', 'Bi', 'Bi', 'Bi', 'Bi', 'Bi']","[[-0.319587, -1.150915, -1.703812], [-0.674735, 1.687279, -1.013275], [0.674859, -1.687381, 1.013382], [0.319462, 1.151016, 1.703706], [-5.853294, 3.295106, 3.117859], [-5.991117, 0.766683, 1.61906], [-2.915783, 3.232011, 2.95381], [-3.053936, 0.70351, 1.454828], [-0.213489, 4.525999, 7.16757], [1.315716, 2.473094, 5.716561], [-0.369516, 6.143563, 4.714206], [1.159687, 4.090302, 3.263342], [2.893691, 2.790013, 0.157791], [5.315213, 2.235602, -1.255397]]",[-81777.66884585777],"[[-0.1285676730907564, 0.05500415447715001, -0.2353612271458847], [-0.14089570816981037, -0.14852016453223954, 0.09287117702670346], [-0.033457922724767435, 0.5350057251941402, 0.38455280992785607], [-0.4381457365237439, -0.27117157172069095, -0.24424387924504043], [0.3693409725310254, 0.0014493131391683908, 0.008753428383020598], [0.49411246113313945, -0.004584144224063392, -0.08724662864991956], [-0.45514932527951274, -0.1365171170719575, -0.06298218914126838], [-0.18608497944959004, 0.08398374267303102, 0.21500435237623344], [-0.027548382832040842, -0.05125515489973952, 0.09590513185188747], [-0.02569183963771459, 0.08232969967533828, -0.023512237153050564], [0.0869288915460601, -0.1641256380400986, -0.18708642468306844], [-0.01435600410007329, 0.017672405047666886, 0.1586753077095804], [0.02155175962722718, -0.05607532806680794, 0.17586026218234438], [0.4716567422736471, 0.045126855145022494, -0.28822149178097145]]"
"['Bi', 'Bi', 'Bi', 'Bi', 'Bi', 'Bi', 'Bi', 'Bi', 'Bi', 'Bi', 'Bi', 'Bi', 'Bi', 'Bi']","[[-0.700501, 1.958463, -0.058611], [1.534067, 0.587001, 1.277096], [-1.534141, -0.587085, -1.277252], [0.700575, -1.958379, 0.058768], [-6.595707, -4.011129, -1.41415], [-5.991808, -4.006596, -4.294011], [-3.961772, -2.821457, -0.86014], [-3.358172, -2.816934, -3.740244], [2.028905, -5.945593, -6.99723], [1.540626, -3.048217, -6.838778], [-0.842197, -6.451198, -6.595986], [-1.330215, -3.55359, -6.437696], [1.819252, 3.787475, -1.811683], [2.473266, 1.013997, -2.031514]]",[-81777.54042618272],"[[0.3372851091285918, -0.4023728272316063, -0.08465387537047339], [-0.5970552204383698, -0.10640747699156192, 0.41692435355048596], [-0.008023769472367711, 0.06527561442563995, 0.16740307646890368], [0.07590661763844214, 0.03874020566000925, 0.21736719748423505], [0.270797013205638, 0.19040767473389783, 0.1524876360079276], [0.19643871474460453, 0.09133468493035767, 0.056581681402574906], [-0.06653812961805902, -0.05674011286672623, -0.4411257495748627], [-0.12914174932113137, -0.2063218864795902, 0.07501038200433201], [-0.11377091481714198, 0.03066663903415756, -0.00016185926077589698], [-0.05929913325409733, -0.07808120646917732, 0.03856961801340893], [0.09939036695275859, 0.044617349635041804, 0.04064353781546218], [0.010469167606188419, 0.07534262013801642, 0.02202347504210732], [0.15453387529808452, 0.5299025968259556, 0.08344067396387747], [-0.18133028717393684, -0.21469438000820218, -0.7399109330507609]]"
"['Bi', 'Bi', 'Bi', 'Bi', 'Bi', 'Bi', 'Bi', 'Bi', 'Bi', 'Bi', 'Bi', 'Bi', 'Bi', 'Bi']","[[-1.50502, 1.326804, 0.551563], [-1.23097, -0.778558, -1.485754], [1.231086, 0.778548, 1.485908], [1.504903, -1.326794, -0.551717], [-0.789106, 6.066404, 2.812261], [0.640948, 3.536688, 3.274641], [1.779133, 7.442693, 2.400155], [3.208991, 4.912651, 2.86248], [2.698971, 5.519287, -0.872933], [0.392914, 3.693078, -0.799635], [1.897261, 6.423658, -3.556072], [-0.40892, 4.597335, -3.482427], [3.905253, -3.494306, 0.531022], [4.894004, -0.902595, -0.157202]]",[-81777.2787751098],"[[-0.033041846012974524, 0.021893197173094868, 0.11618379362024886], [0.8891111033220258, -0.22425446674180435, 0.16980952751056336], [-0.33263927742080884, -0.09509060592129452, -0.5604766298153906], [-0.7980384653703488, 0.6757366769825353, 0.4032529677510525], [0.071081271408961, -0.1963675465698608, -0.059341145102916416], [0.07956977317617257, 0.019642241394157437, -0.03521393573005902], [0.06810038418228531, 0.049842281511546856, 0.011261808294605843], [-0.015954871193503, 0.0074262396260240775, 0.09249322465360635], [-0.27666190843845667, -0.23149037778027137, -0.5079084940825576], [-0.19253670359149505, 0.3959594125479268, -0.2070137192996785], [-0.04033116403575429, -0.060269262433804816, 0.33656936503591983], [0.37757853449133705, -0.06928633188034498, 0.34208536137738293], [-0.07581585764680725, -0.8245177572074407, 0.04334984649973968], [0.2919816293834177, 0.5309984015974794, -0.143598761835691]]"
"['Bi', 'Bi', 'Bi', 'Bi', 'Bi', 'Bi', 'Bi', 'Bi', 'Bi', 'Bi', 'Bi', 'Bi', 'Bi', 'Bi']","[[0.104472, 0.640886, -1.976883], [-0.959792, -1.740519, -0.615058], [0.959812, 1.740679, 0.615164], [-0.104493, -0.641046, 1.976777], [4.839611, -1.418057, -2.320865], [5.205817, -2.93685, -4.814351], [3.017872, 0.427062, -3.712504], [3.384195, -1.092096, -6.205959], [2.195865, 4.200449, 2.659988], [-0.69103, 3.983734, 3.186471], [2.414529, 6.290256, 4.720267], [-0.472539, 6.073212, 5.24665], [8.047979, -1.209757, -1.488787], [8.855798, 0.928219, 0.227234]]",[-81777.77368211128],"[[-0.026359673767663443, 0.09932840333240729, 0.28418850856061323], [0.0684092252643018, 0.13506922523940032, 0.011412449311883118], [-0.03642556362065266, 0.05489879061150701, -0.15170026094168776], [-0.004535456245094748, -0.053227521213135696, -0.04039048456059848], [-0.41372317408349085, 0.21696317411070798, -0.5402528354187428], [-0.1856266029252652, 0.2427402972873044, 0.23755160255873428], [0.21099553753891676, -0.5195652137560629, 0.12887908527735178], [-0.017167414397326733, 0.031103125174097718, -0.05890580567561845], [0.007417456732782583, 0.0032010375420223826, 0.1212033610896195], [-0.06156643611594735, 0.195256160904589, 0.2241550164166928], [0.07548721905953329, -0.1963919720633603, -0.2699177468617485], [-0.10061534401832585, -0.1715024456094889, -0.15224420382639814], [0.22732832511005274, -0.7684399094581454, -0.40957171436413725], [0.2592669975657805, 0.7267540766996555, 0.6045417627511872]]"
"['Bi', 'Bi', 'Bi', 'Bi', 'Bi', 'Bi', 'Bi', 'Bi', 'Bi', 'Bi', 'Bi', 'Bi', 'Bi', 'Bi']","[[1.590629, -0.864577, -1.02573], [1.270742, 0.461379, 1.581534], [-1.270899, -0.461454, -1.581615], [-1.590471, 0.864652, 1.025811], [-1.796169, 3.307622, -1.306263], [-2.710529, 5.116647, -3.439263], [0.742711, 2.902921, -2.738103], [-0.171926, 4.712199, -4.871013], [-2.713985, 9.825855, -9.797249], [-4.039699, 7.381331, -8.835428], [-0.494249, 9.359509, -7.922376], [-1.82022, 6.91482, -6.960789], [-0.681433, -2.287372, -4.455329], [1.339301, -4.052889, -3.471546]]",[-81777.60059237288],"[[-0.1192327636961736, 0.4284051068266119, 0.4632919620587718], [0.3145878092828668, -0.13794094336565624, -0.17847708100064893], [-0.10748142737416505, 0.32474701480544227, 0.9172492718334188], [-0.1682726240374849, -0.19017185302192186, -0.6973714935720788], [-0.27935092387333654, 0.21246944894981232, -0.20682227485273416], [0.1799378283561006, -0.43796771324270145, 0.5520495774476145], [-0.06321831938579382, 0.30907407551343313, -0.3053336839941528], [0.05513466374557455, -0.0888083175711385, -0.027366214930417198], [0.025151897391728975, 0.011510182139135957, 0.02673421171387978], [0.20510817085207853, -0.044696555082699145, 0.13658052051087294], [-0.11177645757320397, -0.10300724260806897, -0.006286468966201302], [0.0338339313428029, 0.08216674306712812, -0.14299609492239876], [-0.4155278838095066, 0.34540928537697435, -0.6148452072406385], [0.4435108604485176, -0.7192711339332485, 0.07652728228378664]]"
"['Bi', 'Bi', 'Bi', 'Bi', 'Bi', 'Bi', 'Bi', 'Bi', 'Bi', 'Bi', 'Bi', 'Bi', 'Bi', 'Bi']","[[-1.192674, -0.971055, -1.401533], [-0.458353, -1.464724, 1.404777], [0.458369, 1.464905, -1.404842], [1.192658, 0.970875, 1.401598], [-1.460958, 5.754026, 4.711984], [-0.184525, 3.416153, 3.461632], [0.749947, 7.458629, 3.781348], [2.026155, 5.120456, 2.530912], [-2.277571, -8.198478, 2.149019], [-3.885444, -5.73943, 2.310692], [0.103111, -6.698236, 3.010114], [-1.505143, -4.239228, 3.171828], [4.269077, -2.075487, 3.263414], [4.500544, 0.429395, 1.906864]]",[-81777.72189130483],"[[0.022309150471868, -0.19869280212891904, 0.004200093705126068], [0.15372942809744083, 0.5261282153041423, -0.14780395764074344], [-0.015033598143003616, 0.041786928590532034, 0.3313506912279598], [-0.7886457061227411, -0.42453472025982286, -0.2102172641828862], [0.08682105942002137, -0.3866780849727681, -0.14507961522894958], [-0.11877155895681196, 0.21704673500952196, 0.09732535859917578], [0.12396303047832731, 0.0019728424819641893, -0.06963718481118057], [-0.04621698291763602, 0.1976806096783009, 0.0785921877931863], [0.023741481979513722, 0.018373293298081975, 0.055097639839638515], [0.12185323348298022, 0.02308257986687194, 0.011901128874774784], [-0.09350531426004136, 0.08267664452721396, -0.0318434181732889], [-0.030578820386160926, -0.04946376863765155, -0.030092660505756576], [-0.18544534005245333, -0.883433075970001, 0.4039354417504736], [0.7547456922500515, 0.841457222615012, -0.33394066771446074]]"
"['Bi', 'Bi', 'Bi', 'Bi', 'Bi', 'Bi', 'Bi', 'Bi', 'Bi', 'Bi', 'Bi', 'Bi', 'Bi', 'Bi']","[[-0.255732, -0.647987, -1.960722], [1.376194, -1.526262, 0.324834], [-1.376352, 1.526367, -0.324795], [0.255889, 0.647882, 1.960683], [1.941159, 2.88072, -3.640151], [-0.608086, 1.688394, -4.499235], [3.324626, 0.35322, -4.238166], [0.775101, -0.838864, -5.097358], [-3.042637, 5.455912, -0.00879], [-2.680742, 4.595116, 2.781618], [-4.500436, 2.966006, -0.587623], [-4.138473, 2.105484, 2.203047], [-2.388174, -1.366674, 1.502816], [-3.138465, -3.973742, 0.603648]]",[-81777.01714576434],"[[0.12651032662881867, 0.7593973346541827, 0.04940496233372313], [-0.4632810091532658, 0.4453243119301017, 0.1668445811322768], [0.3466780226424744, -0.2514376241684136, -0.2125475076848275], [-0.04245867594164996, -0.05299396207318916, -0.38248502478132806], [-0.028214016096470163, -0.15356271767654547, 0.0716901089732426], [0.026408781865120277, -0.2437856055648987, -0.12129818342648903], [-0.040899506702918344, 0.0029656020099541685, 0.13328960949407448], [-0.2683606859287716, 0.1176480376779278, 0.1874007165067922], [0.07071082666123425, 0.059377603365845105, 0.01793262139988738], [-0.05408241348561726, -0.08296558525978982, -0.013648127587412774], [0.19795175836719084, -0.1711783321662738, 0.04179806661556779], [0.03531379228969402, 0.14561610191038116, -0.09819922562344954], [0.2267630934794292, -0.5671111080707633, 0.2548360073566097], [-0.13454081182634645, 0.009131848697151066, -0.0883876334399402]]"
"['Bi', 'Bi', 'Bi', 'Bi', 'Bi', 'Bi', 'Bi', 'Bi', 'Bi', 'Bi', 'Bi', 'Bi', 'Bi', 'Bi']","[[-0.811505, 0.216193, -1.903795], [0.792883, 1.919852, -0.120035], [-0.792876, -1.920043, 0.120065], [0.811498, -0.216003, 1.903765], [4.329609, -3.252254, 6.003978], [5.359155, -5.295189, 4.153366], [2.951439, -1.922865, 3.769424], [3.981091, -3.966138, 1.918963], [-3.404931, -5.127717, -0.516932], [-1.623849, -4.219095, -2.675743], [-1.068183, -5.62606, 1.200951], [0.712747, -4.717208, -0.95813], [7.547952, -6.193538, 6.480702], [10.238431, -6.039992, 5.528867]]",[-81777.43709114021],"[[0.10252459485651938, 0.006899708261521966, 0.34984454361974604], [-0.1886842633346666, -0.35522524843826786, -0.021775008637812364], [0.1853468153249902, 0.4483430458161786, 0.3100478556616426], [-0.01907052543778588, -0.27741066551392163, -0.45424131398643136], [-0.3996827319328033, 0.3596605066810395, -0.4689216526447135], [-0.0234683946777713, 0.24682778792473517, -0.5146497760221374], [-0.038591590673140136, -0.06882481860843388, 0.3498015033290954], [0.2025798494533794, -0.19625405801374854, 0.3477175202237204], [-0.05106993766808532, 0.019918362599302953, 0.05823330756196348], [0.2555497974098017, 0.00200932954126416, 0.09232713129780994], [-0.06869353800863567, 0.16040021034946741, -0.041157460483109407], [-0.10560009873169829, -0.1137411414261184, -0.2741320443770103], [-0.5579934570130969, -0.2968683735902428, 0.6217213693264271], [0.6991959493812606, 0.06220885230602929, -0.37124271574384854]]"
"['Bi', 'Bi', 'Bi', 'Bi', 'Bi', 'Bi', 'Bi', 'Bi', 'Bi', 'Bi', 'Bi', 'Bi', 'Bi', 'Bi']","[[-1.88981, 0.042808, 0.86977], [0.396982, -1.807107, 0.951669], [-0.396946, 1.80729, -0.951719], [1.889774, -0.042991, -0.86972], [-0.051275, 5.627219, -4.371294], [2.596837, 6.690039, -3.652802], [-0.634777, 5.157712, -1.525429], [2.013506, 6.220764, -0.807191], [-3.861253, -3.113784, -0.069089], [-5.441203, -5.279365, 1.144306], [-4.880848, -1.236283, 1.95459], [-6.460684, -3.402226, 3.167917], [2.761343, 12.249631, 0.015281], [2.469091, 9.408577, 0.121323]]",[-81777.46080602273],"[[0.22614551415957934, 0.17983179600326707, -0.3080837374517355], [0.10254629497916522, 0.024026689468241044, 0.11089539145610927], [-0.04402787763044842, -0.2871854909019528, 0.3672238735986742], [-0.2120762242155166, -0.03843735525166157, -0.02229916944389274], [0.06031651933596485, -0.03539605220959109, 0.03676243488478824], [-0.09947716744334197, -0.04764844024972493, 0.040312209852798694], [0.043053907220500065, 0.27775884449599514, 0.008795105988244437], [0.030860325484294644, -0.3741341285311788, -0.1379651631707894], [-0.20075919887897448, -0.16851240525051236, 0.013846904824616061], [0.1388888582018021, 0.10298297138084422, -0.059952450927593756], [-0.05013482179053317, -0.14753013500309145, 0.05981170866294521], [0.1477420454424837, 0.23726415306681417, -0.10992402814620393], [0.2565791648390069, 0.6677513403814127, 0.14989894507371612], [-0.3867472991080319, -0.37698435222315513, -0.1404053471045241]]"
"['Bi', 'Bi', 'Bi', 'Bi', 'Bi', 'Bi', 'Bi', 'Bi', 'Bi', 'Bi', 'Bi', 'Bi', 'Bi', 'Bi']","[[1.093365, -0.435373, 1.716018], [0.697825, 1.959383, 0.052586], [-0.69796, -1.959519, -0.052595], [-1.09323, 0.43551, -1.716009], [2.268444, 5.013417, 1.355496], [1.720072, 6.969032, -0.773629], [3.717794, 3.324236, -0.569578], [3.169343, 5.280212, -2.698594], [5.195609, 7.992478, -2.021027], [7.349014, 9.47659, -3.369571], [3.223704, 9.200113, -3.84121], [5.377466, 10.684085, -5.189721], [-1.736521, -0.817143, 5.515167], [-2.314103, -1.788731, 2.89016]]",[-81777.59445849253],"[[-0.13893657790278632, -0.12251256754119123, -0.43220823329761726], [-0.3868303457859301, -0.39697484459031435, -0.15910987580550473], [0.1196288166455061, 0.2039724111153988, -0.016527913839837264], [0.5334640908886367, 0.3453090122983976, 0.42529144775948236], [-0.21419764260356028, 0.003196088165708016, -0.3207162427350219], [0.11086541237671942, -0.16217057011830924, 0.3011145013801912], [-0.08026746811470067, 0.33513170619958665, -0.23265272273829682], [0.044224613410616065, -0.3582901593625817, 0.2490735963523057], [0.39090030149013283, 0.33547263466674776, -0.22532800574767486], [-0.4084932902595669, -0.3100466215314448, 0.2896892839629693], [0.22283233737712768, 0.12974318210422575, -0.17097979147069178], [-0.1521728299632881, -0.02598521295458447, 8.03871273218023e-05], [0.0017480271544695453, 0.26778748387395346, 0.6913679643803664], [-0.05156694760981259, -0.2619466027579016, -0.3899265213419233]]"
"['Bi', 'Bi', 'Bi', 'Bi', 'Bi', 'Bi', 'Bi', 'Bi', 'Bi', 'Bi', 'Bi', 'Bi', 'Bi', 'Bi']","[[-0.724942, 1.219454, 1.522204], [-1.32973, 0.878889, -1.337264], [1.329815, -0.879037, 1.337355], [0.724858, -1.219306, -1.522295], [2.545883, 6.965047, 1.556335], [3.809859, 5.087475, 3.436601], [0.826192, 4.799398, 0.550112], [2.09034, 2.921975, 2.430688], [-5.182437, 1.791028, -2.645449], [-3.959573, -0.87971, -2.472024], [-7.777167, 0.560969, -3.289024], [-6.553979, -2.109801, -3.115393], [4.175257, 7.072752, 6.172625], [1.838685, 8.436649, 5.251506]]",[-81777.57821562614],"[[0.00483384527277713, -0.05150164155350873, -0.2922962811617825], [-0.1292486558495217, -0.15569514039218685, 0.18928271363644947], [-0.05917680009823365, 0.019665638445825355, -0.05015227444841469], [0.04275727374302415, 0.02115897198070987, 0.03490083689885988], [-0.1891471650030503, -0.38778175732430326, -0.22705352545266078], [-0.3236995982220934, -0.6310061421817215, -0.6056000293958591], [-0.014913877229392093, 0.2503668105333967, -0.14380846112514542], [0.4190254602123564, 0.6332589440137465, 0.4468633751310263], [-0.18184826190240042, -0.03541013157826511, -0.05546746752226633], [-0.251948554070331, -0.10195884900498, -0.09151481651715483], [0.04007546254317433, 0.17066333991912175, -0.008863934457821371], [0.516003205472466, 0.10108647322136198, 0.20003790120041215], [0.7242194818057839, -0.15754458733787535, 0.8404082119468241], [-0.5918991273158599, 0.32615603153676664, -0.2412303389902128]]"
"['Bi', 'Bi', 'Bi', 'Bi', 'Bi', 'Bi', 'Bi', 'Bi', 'Bi', 'Bi', 'Bi', 'Bi', 'Bi', 'Bi']","[[1.383804, -1.10399, -1.093621], [-0.877414, -1.763585, 0.669939], [0.877415, 1.76376, -0.67002], [-1.383804, 1.103816, 1.093702], [0.020185, -1.421398, 6.723271], [2.434654, -0.024104, 5.787203], [-1.506987, -0.285757, 4.478738], [0.907823, 1.111396, 3.542784], [2.209718, -5.110236, -5.164454], [3.457095, -2.458117, -4.902486], [2.843132, -5.686051, -2.348947], [4.090401, -3.033661, -2.08723], [1.43993, -8.613655, -1.144454], [0.769231, -8.436128, -3.916978]]",[-81777.37850578538],"[[-0.08506082980322041, 0.19919725284729767, 0.33768476162433475], [0.17914443690514614, 0.0663922451442527, -0.35467878587107016], [-0.20144254705395237, -0.28099205992604326, 0.012245101529757257], [0.3466017636806644, 0.01317025694817077, 0.39483784530852256], [-0.27686780249313436, 0.004740628333606657, -0.21570616108208776], [-0.11001838768424926, 0.20947719744089793, -0.5855443852386708], [-0.08888503933177262, -0.04003797069620493, 0.29644928354388345], [0.12689167285995992, -0.020939373938626712, 0.21032334795781127], [0.5914265582942597, 0.9908306853348943, 0.1589890338902968], [-0.23483255662237296, -0.12373620763237748, -0.48102497318357235], [0.12207722811389327, 0.30178185728468837, -0.3466103511699579], [-0.20017545529538286, -0.7755114754919298, 0.010674897110173033], [0.058457713569609174, -0.46316366394028513, 1.096616726349738], [-0.2260397903392953, -0.08764119035859631, -0.5235617387134924]]"
"['Bi', 'Bi', 'Bi', 'Bi', 'Bi', 'Bi', 'Bi', 'Bi', 'Bi', 'Bi', 'Bi', 'Bi', 'Bi', 'Bi']","[[0.712595, 1.394613, 1.370029], [-1.950592, 0.602496, 0.401367], [1.950734, -0.602624, -0.401387], [-0.712737, -1.394484, -1.37001], [-3.882794, 6.432999, -0.02371], [-3.081171, 3.787568, 0.984958], [-1.607177, 7.658735, 1.383057], [-0.805677, 5.012996, 2.391529], [-2.172215, 9.69873, -4.70415], [-2.391221, 8.927307, -1.873027], [-0.685212, 7.221752, -5.263852], [-0.904503, 6.45049, -2.432524], [1.332029, -3.329951, 1.373875], [-0.954689, -4.863117, 0.606694]]",[-81777.61908175278],"[[0.14876801901364473, -0.28531727489283837, -0.49527166934357864], [0.12227566596529214, -0.11589161329590358, 0.07192145696325129], [-0.327597084231144, 0.651824375957009, 0.09027302442764162], [0.3531758209784331, 0.18609423542607406, 0.10228285960401196], [0.03757059476044385, -0.35670039397936126, 0.16521043848402467], [-0.036109492592560334, 0.39941482283568275, -0.20473978298801487], [0.1329763975342739, -0.20707624856303714, 0.12016561185948714], [-0.20816362011154207, 0.4609012975992266, -0.09692766014291276], [-0.06488578354938837, -0.08195467836146111, 0.42102603668519223], [-0.11645067427553783, 0.17339822385968906, -0.16998487684284375], [0.0024824513503489513, -0.15437210139798066, 0.1649358959370906], [0.20634322664759502, -0.07439084864500221, -0.33859081887793624], [0.04082322717227178, -0.23893984476506117, 0.103803976494976], [-0.2936406603239935, -0.3443207825424547, 0.06417903832274256]]"
"['Bi', 'Bi', 'Bi', 'Bi', 'Bi', 'Bi', 'Bi', 'Bi', 'Bi', 'Bi', 'Bi', 'Bi', 'Bi', 'Bi']","[[-0.121882, -2.059624, -0.269834], [1.554364, 0.088766, -1.380209], [-1.554449, -0.088733, 1.380379], [0.121967, 2.059591, 0.269664], [7.075434, -2.614903, -0.319066], [4.195742, -2.948009, -0.823776], [6.48829, -0.483485, 1.623143], [3.608483, -0.816928, 1.118288], [3.696857, 2.506237, -2.471158], [5.411766, 2.668702, -0.085575], [1.874892, 4.496464, -1.296723], [3.590167, 4.658819, 1.088821], [10.51963, -2.902699, 3.326056], [7.777484, -3.527199, 2.81725]]",[-81778.20449141205],"[[0.34734249890984314, 0.44209119934423663, -0.33589609559089123], [-0.3301483913047784, -0.31810621163280556, 0.09205171457531904], [0.08135694796896031, 0.5744824648984463, -0.10564092787241107], [-0.07204610411323598, -0.5319939332904262, 0.17046279376196818], [-0.5495062407981747, 0.22028951494860358, -0.3103597820691538], [0.41711620937416294, 0.02890388459266012, -0.12071114882903643], [-0.7135072316882887, 0.05743477390185124, -0.327909267749113], [0.6981489955967358, 0.07566565371730839, 0.41227497371838423], [-0.06341521457444535, -0.03064856931117711, 0.11061827780459632], [-0.20688053608249185, 0.1860104174168022, -0.0959788197091185], [-0.02928482973148706, -0.006662097060759091, 0.10071967944213726], [0.031010262018917302, -0.19896842453977628, -0.17711249295644788], [0.09300646854964476, 0.019709275232738306, 0.04752959351167023], [0.27033164327685855, -0.5239124373780533, 0.550897722596271]]"
"['Bi', 'Bi', 'Bi', 'Bi', 'Bi', 'Bi', 'Bi', 'Bi', 'Bi', 'Bi', 'Bi', 'Bi', 'Bi', 'Bi']","[[0.424284, 1.802173, -0.949669], [-0.313214, -0.900641, -1.849229], [0.313168, 0.90069, 1.849409], [-0.424237, -1.802221, 0.949489], [-2.815288, -4.101286, 4.715607], [-3.211293, -5.531218, 2.174586], [0.033683, -3.74456, 4.07065], [-0.36268, -5.174505, 1.529488], [-4.758663, 3.439283, -4.205987], [-6.000698, 0.803155, -3.797949], [-2.353325, 2.526959, -2.777045], [-3.595643, -0.109269, -2.369249], [-0.094423, -3.98573, 8.821989], [1.921561, -3.290595, 6.919138]]",[-81777.60725159354],"[[-0.01013585989299919, 0.03583970144688804, 0.02605078640576453], [-0.22011941066966412, -0.10987584564639549, 0.54128487679671], [-0.31131355902373953, -0.3305871245901205, -0.38873717978581945], [0.491074906761545, 0.5064789599366937, -0.31339713075238196], [0.00021593077277809973, 0.008822179719460168, -0.41647965530252085], [-0.4029249976509691, -0.083189322780245, 0.1420792904516575], [-0.27845396832994435, -0.48401948726451616, -0.6738705692791755], [0.17343329372614516, 0.3352817558628108, 0.5428172551257296], [0.572787078539125, -0.0051685218420441615, 0.24054205429444342], [0.29269094571464244, -0.41842546724782625, 0.26626801248991994], [-0.3090627112311944, 0.24512664229115713, -0.1416906422835122], [-0.39064941310532453, 0.16991571412967157, -0.27772387747372224], [-0.5990303429758745, -0.29575009736469954, 0.6305335731601212], [0.9920473320216258, 0.4188371525129984, -0.18432968635358055]]"
"['Bi', 'Bi', 'Bi', 'Bi', 'Bi', 'Bi', 'Bi', 'Bi', 'Bi', 'Bi', 'Bi', 'Bi', 'Bi', 'Bi']","[[-0.002239, 1.658421, 1.256722], [1.922082, 0.482796, -0.633571], [-1.922268, -0.48284, 0.633547], [0.002425, -1.658377, -1.256697], [-2.106801, 6.880714, -1.504341], [-0.931106, 4.803617, 0.216624], [0.52365, 8.180103, -1.73276], [1.699158, 6.10267, -0.011771], [0.926493, 4.361564, 3.160025], [-0.808314, 6.329117, 4.493251], [0.286725, 2.385311, 5.244486], [-1.448218, 4.353154, 6.577498], [1.775196, -4.381663, -2.332465], [-0.923482, -5.285245, -2.069935]]",[-81777.13507592291],"[[-0.05424454734036217, -0.23004932508589407, 0.09391818223331982], [-0.48614239689321564, -0.2442566833458433, -0.039005749340917203], [0.44393925789345257, 0.39150137431858617, -0.38846361425862536], [-0.4134945514643358, 0.24684948804738102, 0.7268193827559594], [0.13541113072630134, -0.22935373845312065, 0.391422338563831], [-0.07031168838640707, 0.03615676492134783, -0.3304715277282535], [0.15244670402303165, -0.14310603535419214, 0.03301990934870741], [-0.11729528212970382, 0.23936880785300352, -0.1287975812622009], [-0.09322681221205578, -0.3538086726594815, 0.06848820959696537], [-0.038174583221489665, -0.08127035316674325, 0.07629927672973051], [0.029572238085733914, 0.2895085353110732, -0.20439900878712858], [-0.004018499674044429, 0.027011176241327175, -0.061383167781563934], [1.2333799495519868, -0.049044056383984076, -0.5308235664861146], [-0.7162850530753235, 0.09479174072504412, 0.2947819736465636]]"
"['Bi', 'Bi', 'Bi', 'Bi', 'Bi', 'Bi', 'Bi', 'Bi', 'Bi', 'Bi', 'Bi', 'Bi', 'Bi', 'Bi']","[[-2.0589163101709067, 0.14431650731298407, -0.264104284250939], [0.1145626604405704, -1.3120787598142405, -1.610661245534456], [-0.11453167530303521, 1.3121353232319626, 1.6108427875434446], [2.058885325033373, -0.14437307073070638, 0.26392274224195067], [-6.5622107141642685, -2.4470373298532295, 3.2299764510477953], [-7.753777541915505, 0.009411525685141475, 2.132551658677455], [-4.074081021998117, -1.8975519056652574, 1.7578571214005234], [-5.2659424224202755, 0.559052016897304, 0.6606263629435949], [-7.089375150637761, -7.407136648384472, 8.128657082507132], [-6.953650797349307, -8.396208885751903, 5.36069236651536], [-6.897999095550693, -4.638943164747369, 7.148688225939032], [-6.762416257536203, -5.6283671332402, 4.3806547593642815], [1.9483770306116917, 2.906271889728096, -2.982946188939208], [4.101437135599276, 1.2846219466977624, -2.032773746286525]]",[-81777.60834580251],"[[-0.2704324305763511, 0.1397812371790439, -0.11059287529135686], [-0.034933402509456125, 0.02989320963915362, 0.24378673685091343], [0.05716470507688444, -0.33599251201259966, 0.009290537271760272], [-0.5247850702721292, 0.2916023914580312, 0.04334897746639202], [0.23021942936483353, -0.14205887588130106, -0.08517061596873908], [0.3449857216086477, -0.0470179128472158, -0.179018504202872], [-0.4295944998048073, -0.049387977616874974, 0.21947056671813495], [0.08169504822108462, -0.007732334768350315, 0.059599901067736105], [-0.0016991674257150313, 0.06634087447476643, 0.08894360909407978], [0.03382318412566313, 0.31405533352457826, -0.19414559799278244], [-0.010847690764502042, -0.11304560621543658, 0.06432050049667319], [-0.01597002528389099, -0.11617623457278692, 0.0400539064023849], [-0.8151285975062433, 0.4722333381865094, -0.14111147526607098], [1.3563569100022177, -0.49944431496466224, -0.06279331579890297]]"
"['Bi', 'Bi', 'Bi', 'Bi', 'Bi', 'Bi', 'Bi', 'Bi', 'Bi', 'Bi', 'Bi', 'Bi', 'Bi', 'Bi']","[[-1.771217767869004, -0.09731534990861734, -1.0876727637427555], [-0.0064237664119549676, -2.0713728341134745, 0.1956482566017283], [0.006432706598634597, 2.0715541727953863, -0.19558381006958953], [1.7712088276823263, 0.09713401122670562, 1.0876083172106177], [4.2887560915983025, -6.945627860450219, 2.9194801642165675], [3.7810062610825996, -6.912791313694793, 0.02130392206177789], [2.0087222544557073, -5.1331507513893335, 3.3392793397399503], [1.5011090130020275, -5.100609555609908, 0.44089675023453134], [0.4551368003138041, 5.464749231315329, 0.24579704911050312], [2.3192178814827953, 7.382028692119302, 1.4736223020634918], [2.48881521212903, 4.776649890281282, -1.766795888206979], [4.352833890203339, 6.694025048024035, -0.538602646192084], [-3.9293245909519507, 1.2992503784762965, 1.1198569524851913], [-5.085246633466737, 3.803182833141596, 1.8697972956447295]]",[-81777.79182847054],"[[0.7047947867122556, 0.02131321254439759, 0.2740988771279425], [-9.920416755915522e-05, 0.1280595199817842, -0.10762093550861573], [-0.2061266367978692, -0.29217775324069556, -0.16796347442291895], [-0.11012657976492903, -0.12422507745700798, -0.01657895026572827], [0.019907939341340126, -0.018307467878653186, 0.03779762843696917], [-0.22206830794046414, 0.1320565591601295, 0.015935212527892793], [0.024884538510988322, -0.044576993577571514, -0.04755581877837493], [0.15024835818598753, 0.008659248822295788, -0.002455745801308917], [0.0789754880638075, -0.003542931716063279, -0.0279079003853073], [-0.14086485491486367, -0.17030045421885695, -0.0570160438101329], [0.12292471560518761, 0.21238470534289203, 0.030717032683903838], [-0.01866176094741533, -0.07106471349547293, -0.0944326088374645], [0.04200373441304251, -0.5120531146637313, -0.266837203621595], [-0.4418518809300334, 0.7278761067378838, 0.41933826079542447]]"
"['Bi', 'Bi', 'Bi', 'Bi', 'Bi', 'Bi', 'Bi', 'Bi', 'Bi', 'Bi', 'Bi', 'Bi', 'Bi', 'Bi']","[[1.1360624115181024, 1.3608884665591743, 1.0895225918962825], [-1.7195746353154868, 0.6619834579419298, 0.9663052819789186], [1.7197005584171678, -0.6621159504307752, -0.9663661598309075], [-1.1361883346197843, -1.3607559740703303, -1.0894617140442946], [4.503525038142036, -1.3144118109918101, 2.6254417516213846], [1.6017988444070919, -1.3189294641239147, 3.1135793830171714], [4.534463454042371, -4.25277638380504, 2.78328778043649], [1.632538546505333, -4.256984668757965, 3.271310206994842], [-4.1686914255608425, -7.290844467640753, -3.900193516355391], [-3.482926763875738, -6.539393081970986, -1.139149999215377], [-3.980031003708468, -4.469362619325036, -4.714752502559829], [-3.294119969113631, -3.71818643592533, -1.9534824756366937], [1.9910804762577523, 4.543931204218598, -3.806661770088078], [1.4240095930351762, 3.8655052964633305, -1.0888661697377477]]",[-81777.3507014568],"[[-0.175896360490632, -0.07301417640928035, 0.2841526673627835], [0.2850960570548705, -0.18261229133906393, -0.09848317841314237], [-0.12152253801204313, 0.054713156860911015, -0.004180016977911333], [-0.3147142562060567, -0.21238779066838673, 0.10972703011336923], [-0.03658265811042296, -0.054903778554390055, 0.05489210573960189], [-0.0034296267368179242, -0.10036712958227961, -0.08232933972069724], [0.002429566300265724, 0.04624872063255787, -0.02995762609327317], [0.010580157048650025, 0.1635648287093507, -0.0009637219870968896], [-0.0330561002167599, 0.017568902661739015, 0.011393042614521643], [0.05965363715343494, 0.18424149746652455, -0.10589371887460773], [0.07885294921957751, 0.01592280437719506, 0.19786464934405798], [0.15383247796896282, 0.08541821333968638, -0.0350261011139435], [0.15893771464290213, 0.34699951355901903, -0.6036434188113223], [-0.057216024324279115, -0.2966047839488148, 0.30612033915111053]]"
"['Bi', 'Bi', 'Bi', 'Bi', 'Bi', 'Bi', 'Bi', 'Bi', 'Bi', 'Bi', 'Bi', 'Bi', 'Bi', 'Bi']","[[1.585080067422445, -0.3244359120353963, 1.3084254729912275], [1.1784423329190206, 1.3139461787469198, -1.101691440617673], [-1.1785994415901109, -1.3139994619268736, 1.1017893935053409], [-1.5849229587513562, 0.3244891952153503, -1.3085234258788965], [2.6076369766182292, -0.13979139273782504, -5.363959435579961], [5.109486894972888, 1.3213602686529922, -5.877862605667133], [3.4989724907417616, -0.6990252720202839, -2.615753223033342], [6.000820586211659, 0.7623838814449142, -3.1299430331538702], [1.2118463290276225, -4.969309305571942, -2.3837178743685863], [2.078408288649829, -7.776693616460172, -2.5448928131659705], [3.8436166889124244, -4.100358030701712, -3.3729435169235193], [4.709903324944545, -6.908010768588756, -3.5341431916674257], [6.6185887366752265, 4.182098412495638, -5.0017911533804575], [8.230295443825971, 3.4339609648619698, -2.7632791758003767]]",[-81777.70517096928],"[[0.07243881462661592, 0.0822271126026405, -0.08197380737952806], [-0.267389836839782, 0.00224510908712503, 0.1335787044929251], [-0.10822787045550895, -0.08307876528335265, 0.0423881454008418], [0.07796843782234712, 0.0685811807385381, 0.005155830869842751], [0.3102228964613736, 0.25759413408257026, -0.3672310726914951], [-0.6767332371173137, -0.7377141812985558, 0.0012848683756279602], [0.941159001754366, 0.6421688498214384, -0.0626471227925472], [-0.506660171387414, -0.2639818377204608, -0.13897581295866024], [-0.014824197101680345, -0.19458623389551294, -0.10274648118167774], [-0.08165966982207906, 0.05902592768154427, 0.11337517040035892], [0.17956800067347278, -0.3907509717361907, 0.07741549607161063], [-0.10057214946140045, 0.41074732622178983, -0.06943123933441134], [-0.4052675824548891, 0.180814420751228, -0.17479289382746319], [0.5803168154088678, -0.03469937542847623, 0.6295848355705099]]"
"['Bi', 'Bi', 'Bi', 'Bi', 'Bi', 'Bi', 'Bi', 'Bi', 'Bi', 'Bi', 'Bi', 'Bi', 'Bi', 'Bi']","[[1.0903070107957566, -1.3275251171876699, -1.17414751414632], [-0.823434069483273, -1.6000764234296831, 1.0443259526547195], [0.8234282389695371, 1.6002398074857582, -1.0444278774079951], [-1.0903011802820217, 1.327361733131596, 1.1742494388995963], [-0.24734738189760153, 7.328024430916731, 0.06600948201176182], [-1.7341793480374295, 7.506610877940265, -2.466923846204022], [-1.2039414578068874, 4.569357483951053, 0.43281101800817345], [-2.690655978164446, 4.748207608213837, -2.1003775528406656], [-3.85307147666927, 1.9330912019138733, 3.1001692116987503], [-4.0476402659494735, -0.9735983965804866, 3.5144302695170455], [-6.680868878349138, 2.230270695646614, 3.8585260674812623], [-6.875109747303792, -0.6766098761178589, 4.272853949473282], [1.7283847221492874, -2.8391568661135986, 5.413946299410976], [0.5686563530626019, -4.000867054730167, 3.0743515542048767]]",[-81777.69475654836],"[[-0.266976917444412, 0.18051380720386395, 0.15224857470418227], [0.01653851193291146, 0.9207958534895423, -0.23812896980297024], [0.0657075085728022, -0.001098231380025282, 0.039641115562243805], [-0.1500745515164544, -0.3456926211015683, -0.2074434022969029], [-0.09171155743953163, -0.17093690544631587, 0.05399540730666756], [0.020029758276288022, -0.03434421846857558, -0.03816173798301352], [0.20237045869647444, -0.01766817815173919, 0.057596702068229845], [-0.08594199876449823, 0.07127029901760112, -0.03606219455272704], [-0.04607823068793154, -0.09741704418845906, -0.022552855190482845], [-0.16062173671998473, 0.05686321735396357, -0.026554810320783016], [0.23841199699501467, -0.033456482906203254, -0.08622296907287955], [0.09008872765142666, -0.01612996341532554, 0.009081074523927108], [0.45460605088199296, 0.5030421644460888, 0.8858529995996541], [-0.28574495242849124, -1.0153924473770484, -0.5413080167379201]]"
"['Bi', 'Bi', 'Bi', 'Bi', 'Bi', 'Bi', 'Bi', 'Bi', 'Bi', 'Bi', 'Bi', 'Bi', 'Bi', 'Bi']","[[0.7937989672040601, -1.9185120279697485, 0.13751180942619856], [0.6697080386102933, 0.13616165982688044, -1.965160570641351], [-0.6697271115838902, -0.13610249194715596, 1.965342923002694], [-0.7937798942304638, 1.9184528600900257, -0.13769416178754157], [2.5959131255411316, -4.738841980530381, 0.44022867265688714], [1.1413160210335553, -4.372618892853487, -2.091241566826995], [5.117351974475467, -5.023885086840622, -1.0500583721048617], [3.662414842823011, -4.657481505719024, -3.581512129563251], [0.07755822097943077, 5.420533264945636, 4.353809752153396], [-2.829926153369396, 4.981765103049413, 4.464853765074514], [0.07320841004537915, 4.7244786591059995, 1.4945532085761555], [-2.8344696984966973, 4.285883492272458, 1.6058818401380088], [-3.7359656148291984, -2.2036175704148953, -2.381160623183961], [-2.4458264198787747, -3.0353887011546385, 0.029636271603446618]]",[-81777.81850125064],"[[0.13243841961218655, 0.36231568637966116, 0.29717711182807616], [-0.2074519897861964, 0.18896929598828255, 0.437565798174929], [0.8926900808958433, -0.48631517512091715, -0.4565881154018607], [0.03544722747512936, 0.053025638081601115, -0.20054703132912433], [-0.13492868866311808, 0.14582919505787972, -0.07583760919154468], [0.23924493203439248, -0.02279336145500155, 0.1420432435654614], [-0.10889599769137978, 0.04638625930090111, 0.04924699881060517], [-0.200249863061896, 0.1268051294798344, 0.1527078768261555], [0.0930766597046485, -0.03514885078874895, -0.29234178971282887], [-0.09322994895964203, -0.12972261326759463, -0.10587160737522926], [0.020049586634800436, 0.06606957151960176, 0.25676197037456605], [-0.01929804762418118, 0.10161462952395794, 0.028079742730942114], [-0.35577196811592343, 0.20159707043914374, -0.6554594036106465], [-0.29736927618430253, -0.6150580946997708, 0.4252405398888202]]"
"['Bi', 'Bi', 'Bi', 'Bi', 'Bi', 'Bi', 'Bi', 'Bi', 'Bi', 'Bi', 'Bi', 'Bi', 'Bi', 'Bi']","[[0.890933674409299, -0.35209348968556403, 1.847155126635304], [1.798447346317662, 0.7558869547429453, -0.7232751738874326], [-1.7986365591194107, -0.7558826327157533, 0.7233111854929996], [-0.8907444616075513, 0.3520891676583724, -1.8471911382408726], [5.951984147094637, -2.257402127720692, 4.8288296536018205], [7.3061969247667395, -2.8626031863955532, 2.2875400024305037], [3.9361569029119012, -0.6785985919011095, 3.378423216064667], [5.290595041612059, -1.2841120376185449, 0.8371238313089373], [1.2631839610522346, 5.409466159338912, 5.1074652980028885], [0.3661799165353974, 3.576654094938928, 2.987442340463911], [1.7703921865242735, 3.1137555034244415, 6.877298995695772], [0.873400939326727, 1.281073353397859, 4.756913510248623], [3.8023534856623797, 2.4489375381393708, -2.8033362977980913], [5.32992978053514, 4.741951112041928, -2.0438341994221676]]",[-81777.46291429552],"[[0.14898764276677368, 0.016711634688626565, -0.3035845615491326], [-0.4845854902265134, -0.2747064805620263, 0.4904086821430625], [0.051842621442761375, 0.002745454265712045, 0.04837204163798995], [0.15845835790521354, -0.0011115748985688152, 0.24024570878068036], [-0.18905537656958385, 0.12431105519412611, -0.1305147705883512], [-0.0848346240223695, 0.0747229325124119, -0.07731990240336743], [0.013515355746958797, -0.0998968231327087, -0.0914988756687657], [0.04139769935275191, -0.026677488004660268, 0.2454410883811556], [-0.057731119415614325, -0.049310731350906745, -0.18897803774385077], [0.018983519258836175, 0.27792231532512107, 0.10495685978815111], [-0.07503732718031879, -0.292215342789639, -0.24472061345605856], [0.13890356491999337, 0.04222773418616473, 0.1898005340986383], [-0.2734513187287028, -0.74601113577464, -0.5449558999144518], [0.6130557184537299, 0.9635774910195559, 0.2593220706258603]]"
"['Bi', 'Bi', 'Bi', 'Bi', 'Bi', 'Bi', 'Bi', 'Bi', 'Bi', 'Bi', 'Bi', 'Bi', 'Bi', 'Bi']","[[0.9278816242058292, -1.861044690184695, 0.07254689605354825], [-0.7632440056664264, -0.45396791233840417, -1.8815622884642642], [0.7633386651451857, 0.45407577470991667, 1.8816908275318387], [-0.9279762836845892, 1.8609368278131844, -0.07267543512112273], [-3.7191108381902085, -2.577729076397814, 2.8536891147113366], [-3.2896669093411854, -0.11597249728397041, 1.3000977537201583], [-5.9900634408886795, -3.2769299228319473, 1.1176731672621694], [-5.56026887366664, -0.8150142884129751, -0.435903289324326], [2.432839415918875, 5.223448164850731, 3.7805486625766394], [2.6080031085097133, 7.652604018463275, 2.129236099964746], [1.5537314917849332, 3.6883887472673687, 1.4288214761520441], [1.7291237242825472, 6.117827820026263, -0.2223644988374207], [-8.878716439942645, -3.3795682087294594, -0.5715026378459108], [-9.6847999900489, -6.05080347764229, 0.047347483395326906]]",[-81777.2041175887],"[[0.08042790504042353, 0.12485839193688063, 0.26279681562004953], [-0.07126181437249078, 0.3093688783644489, 0.003435776304749718], [0.08430065702342524, 0.09881479948172785, -0.1323130011308282], [-0.11339316813241117, -0.3170262448654878, 0.08354135841918688], [-0.20031624898212297, 0.04363000948128321, -0.5324325637315852], [0.024680737335437877, -0.012870003355447775, 0.03294279678017729], [0.3931410705527286, 0.3918145348562952, 0.35886608678825344], [0.2640895155802248, -0.21931275231908254, 0.3033801587351107], [-0.1533766211271253, -0.29384316052062703, -0.42172589135156663], [-0.043833173022898096, 0.1090368428002115, -0.03315327254321453], [-0.017273318194931286, 0.08866284447406478, 0.038759766623645456], [0.04082648219066866, -0.268381100499128, 0.279926285656001], [-0.11566484187204533, 0.8877489321161289, -0.5480185996888278], [-0.1918495501817404, -0.9517596659331373, 0.3051635282931217]]"
"['Bi', 'Bi', 'Bi', 'Bi', 'Bi', 'Bi', 'Bi', 'Bi', 'Bi', 'Bi', 'Bi', 'Bi', 'Bi', 'Bi']","[[0.7416459193606437, 0.034405044231924975, -1.9438344381036168], [1.8745676068221642, 0.538292796557605, 0.7246668721672843], [-1.8747265514063702, -0.5384012748794613, -0.7246761497121651], [-0.7414869747764385, -0.03429656591006891, 1.9438437156484991], [-3.229835163873697, 6.514111311806699, 1.1713233676703037], [-1.6847891885846502, 5.633258368100083, 3.5155171919067953], [-3.897257514187042, 3.71413343819048, 0.5593346171880742], [-2.3521531523303367, 2.8335387384881443, 2.903808386138697], [-3.23766935860516, 1.6925421661406794, 7.457997478340938], [-2.5265616239028246, 4.064680892267985, 9.047210275116637], [-0.8667297766318951, 2.1150169042926796, 5.766838257152455], [-0.15576496218893543, 4.487177996905672, 7.356408183512168], [3.8515650745931875, -5.1750566394255895, 1.6703303323889196], [3.294438816348129, -2.5013510992570787, 0.8282180827202217]]",[-81777.36983735776],"[[-0.23652418916900905, 0.07647251775625624, -0.0036661555025530837], [-0.1454053227570036, 0.08315137327666056, -0.08144667951876365], [0.15129407784031443, 0.08062896541849288, -0.17407488716276182], [0.38165291249541544, -0.165707124466575, -0.09515010128125007], [0.17584987491984563, 0.046562575368503195, 0.0796147160842116], [-0.27268358690144573, -0.11363876004178694, -0.3028126645324577], [0.1292474731414154, -0.2132436085385167, 0.5668992490534626], [-0.055416971028336884, 0.4397894951031211, -0.13799226261305092], [0.056178017983688884, 0.11998002953098273, 0.037439992932254466], [-0.05005398626257281, -0.10738660503729552, -0.06844635201442101], [-0.1618319042231776, 0.10593310819675635, -0.13996342564950418], [0.0329785094227781, -0.09753793752575855, 0.046895101465900445], [0.3647457915834466, -0.6171926257211668, 0.0374967989168205], [-0.3779697537640613, 0.33946175484299007, 0.23496147180595858]]"
"['Bi', 'Bi', 'Bi', 'Bi', 'Bi', 'Bi', 'Bi', 'Bi', 'Bi', 'Bi', 'Bi', 'Bi', 'Bi', 'Bi']","[[1.8030965149297382, -0.7499024813815651, -0.7184733299131609], [-0.30426482537146304, 0.9946376009569597, -1.8019500220022082], [0.30427809884376356, -0.9946512428707676, 1.8021417371897157], [-1.8031097884020402, 0.7499161232953734, 0.7182816147256545], [-0.9104764237536407, 6.519223171455647, -1.5176273985601803], [1.244442440494066, 6.202577906676662, -3.4961051276702206], [-1.9732889265441795, 3.875273022735949, -2.252349190908957], [0.18194838890212978, 3.5588386553390006, -4.23077613489953], [-0.5317000627303183, -3.2290529341602556, 4.318113014686181], [-0.6509702703502045, -5.916322066390879, 3.1253544941478504], [-0.9500654311104233, -4.39541169416287, 6.987277037120984], [-1.0691696811802482, -7.08272842185964, 5.7941740448665735], [3.1735555880477233, -0.8230400313653294, -3.7816739891202635], [1.8548270325783673, -2.6600002469348256, -5.5294657923967785]]",[-81777.63419298388],"[[-0.9132054385517375, 0.11486666816657413, 0.6726148418028447], [0.05122696016692739, -0.1662191856545071, 0.1960977348553519], [0.24732390826427816, 0.24476848742331753, -0.3362091532844171], [0.21089037936164007, -0.06138501897686074, -0.20709661171130195], [0.020098432479590225, 0.029586374018708658, 0.01644297997117815], [-0.032042755911290396, -0.03132361796057433, 0.0067581689544539665], [0.2519679401988559, -0.11844477156483481, -0.07879448230145351], [-0.1490249237831676, 0.025597922329656825, 0.12898131239540853], [-0.03090221392009395, -0.11588960783433205, 0.22278271505875505], [-0.030902717856591412, -0.034918788351029705, 0.1310294028808622], [0.08511245758316456, 0.18533144011960842, -0.30983620233270825], [-0.017537905424935895, -0.1223268309464121, -0.06221533148956808], [0.8624749741056217, 0.7010923961186513, 0.17497827046760128], [-0.5501680431167815, -0.6521370222738023, -0.5589257395334031]]"
"['Bi', 'Bi', 'Bi', 'Bi', 'Bi', 'Bi', 'Bi', 'Bi', 'Bi', 'Bi', 'Bi', 'Bi', 'Bi', 'Bi']","[[-0.8042374755500525, 0.3735293902904565, -1.882390123497416], [0.10216813808052672, 2.0462634426365716, 0.3623154949485127], [-0.10209786255081255, -2.0464425163339497, -0.36232602874321307], [0.8041672000203391, -0.3733503165930786, 1.8824006572921184], [-5.938226949763642, -1.2671979553438033, 0.6640553183833144], [-4.2973076107573815, -0.4681178647025914, 2.972121260118535], [-3.860832939708885, -3.1867761810197868, -0.1480484186197002], [-2.2200956714560105, -2.3875328783023244, 2.160315315088092], [-1.4617030721793038, 3.221405649584651, -4.467070402314014], [-1.8412778614696874, 0.3702007214389875, -5.087446978947142], [-4.361335073812718, 3.5193247327659223, -4.063043927767082], [-4.740605624069613, 0.6678875907570552, -4.683375969781787], [-1.5072985854659997, -6.966289038267993, 0.7526800048305152], [-4.197184093378396, -6.227949957978485, 1.375267654110611]]",[-81777.26221022208],"[[0.12562334697119254, -0.07208019695995208, 0.235035725306197], [-0.0949017840010207, -0.32755316976493654, -0.34441725038625476], [0.1783922859716371, 0.5426285360496389, -0.11102291824322232], [-0.08067591378810345, -0.14778045774489235, -0.1706818004499982], [0.32873109561671005, -0.15779717265170567, 0.09927497577925791], [-0.1195443815711353, -0.15321608135721929, 0.025613544361078173], [0.17532562669620957, 0.8874748523680192, 0.04060982035001459], [-0.388245018947328, 0.2317880088463239, -0.2862058486353034], [-0.10269516193428307, -0.0519128640198567, -0.03285426336510772], [0.16490324290893868, 0.0245503771910789, 0.24776516123210757], [0.10279800611743874, 0.06430209138788832, 0.03222073805465961], [-0.07893810420323041, -0.057339540188249084, -0.006102845819386001], [0.38031809784223797, -0.028605189089311936, -0.060880311148024266], [-0.5977992981035011, -0.7462749311044342, 0.33646312699472003]]"
"['Bi', 'Bi', 'Bi', 'Bi', 'Bi', 'Bi', 'Bi', 'Bi', 'Bi', 'Bi', 'Bi', 'Bi', 'Bi', 'Bi']","[[1.6779876535906917, 1.1877101582508427, 0.3215846916684013], [-0.07980931380619705, 0.6477903886442284, -1.9755766269116068], [0.07973767798306675, -0.6478239543755773, 1.9757522932160698], [-1.6779160177675632, -1.187676592519495, -0.3217603579728642], [-3.969804761804866, 0.7022145745796579, -4.040150495654189], [-2.7108163791410513, 0.20358619337131667, -6.652550091725415], [-3.23827980849115, -2.0120320462256314, -3.169750908521113], [-1.9791823214055402, -2.5103528173078336, -5.782355297745157], [-4.992168230857003, -3.690325120895732, 4.5022442874547615], [-5.249191140160698, -0.7862599362607314, 4.103924959194201], [-4.3578175707399645, -4.025441293738317, 1.6482724396848125], [-4.614798374970775, -1.1211511571017145, 1.2502630981333427], [-3.087659147225546, -5.897482678011115, -1.0319856094316493], [-5.361948882166832, -4.333559061784839, -1.7736008387429285]]",[-81777.90500347794],"[[0.012780631760285491, 0.09106687867742028, -0.09076076296625742], [0.061013442943119285, -0.25763671157439666, 0.3897969376711471], [-0.29789126183590914, -0.08636386560380283, -0.4155868135264549], [0.21405381501341708, 0.29600689929003926, -0.031176823315747074], [0.0975772754258156, -0.3007984097832622, 0.1392192451401897], [-0.058244209045377984, 0.0398206352261512, -0.22742618135032538], [0.2168993078729683, 0.3888103534221347, -0.42772294135974037], [0.011199356164384559, 0.24886749660926166, 0.42831362692569497], [-0.009041469228993857, 0.004054273508934215, -0.6899096338632189], [0.1062193235584786, 0.03525229146816693, -0.005322664703757887], [0.19744910742201746, 0.5240924146985757, 0.5540864064950127], [-0.10075408082140284, -0.4296625826540564, 0.31224784700561725], [0.30828238099150074, -0.4445045409461677, 0.12245466626607461], [-0.7656646591756896, -0.09332703386854099, -0.05225451239629985]]"
"['Bi', 'Bi', 'Bi', 'Bi', 'Bi', 'Bi', 'Bi', 'Bi', 'Bi', 'Bi', 'Bi', 'Bi', 'Bi', 'Bi']","[[-0.2450876649046939, 1.888155203532411, -0.8393549090912277], [-1.5808561351993615, -0.7154515320416777, -1.148010412884506], [1.580953201299019, 0.7154820029615271, 1.1481740181880296], [0.24499059880503682, -1.888185674452262, 0.839191303787705], [5.920397612302612, 0.07273161316084331, 1.481850222236637], [3.6875806324165117, -1.801051403768558, 1.884068073134964], [6.117901137334192, 0.46178955358409457, 4.392088218303062], [3.885012872095955, -1.4122460454310648, 4.794023954528737], [-3.777663728933003, 1.622398877493168, 0.6272851097907501], [-1.9469621877701289, 3.768037271265991, 1.4657846089759636], [-4.841868020875109, 3.3602992262858216, -1.4956916964493396], [-3.010852156754435, 5.5058341676194615, -0.6569947974894875], [3.794778082958293, 4.9848694417271115, -1.370497329324549], [3.9651152528196074, 2.976728505661003, 0.6559772581438372]]",[-81777.39380530195],"[[0.4944557035944215, -0.6245850656063968, -0.13208592117442047], [0.4022990365301921, 0.08313568953872931, 0.09555407323268557], [-0.4278798815832359, -0.3258819003665652, -0.4045848513450101], [-0.07462805875345077, 0.2882548647184055, -0.07367968111848072], [-0.19515881888523215, -0.2717918249893028, 0.23788846868066071], [-0.04191547867726747, 0.4428166107901252, 0.03993885461468865], [-0.1084214746302995, -0.2110611521277701, -0.05245356731279767], [0.13840410214449783, 0.1114380487885302, -0.14498654124319368], [0.0830503288667101, 0.28183481658491244, 0.4383462826808975], [-0.48564524811184107, 0.008809324196565708, 0.13442099835297008], [0.1378284832513755, 0.10948375219811449, -0.11339465937306692], [0.025181151419627606, -0.25992201216829897, 0.10370108088972872], [-0.10264785361003145, 0.17204206903850675, -0.10620477110656207], [0.14714246385468613, 0.20367004921692114, -0.017955339679946468]]"
"['Bi', 'Bi', 'Bi', 'Bi', 'Bi', 'Bi', 'Bi', 'Bi', 'Bi', 'Bi', 'Bi', 'Bi', 'Bi', 'Bi']","[[-1.5585359542776647, 0.8837289683956907, -1.0581604269545326], [0.599339349223654, 1.8724528253594785, 0.6808947673943271], [-0.5993137197867342, -1.8726246229561558, -0.680978108367079], [1.5585103248407461, -0.8835571707990143, 1.0582437679272851], [3.4549368697038303, -3.5607028216515877, -0.07142447673640762], [5.932354365581044, -4.6181891210706745, -1.2556706240573106], [4.197833755922959, -0.8487738499517585, -0.9394131783080497], [6.675257964720961, -1.9066348402704443, -2.1237489340351012], [-0.2039468488496864, -6.141716974864108, -2.8278771405150773], [-0.2638659584689951, -5.137260725528862, -0.06277479100687144], [-1.4352508020396444, -8.662269296094934, -1.9387396438635849], [-1.4951583191469577, -7.657431058426953, 0.8264118841696162], [4.233327093321816, -6.9612854685533, 4.538803356726903], [3.977953081233232, -6.479074084519405, 1.7333621580464005]]",[-81777.56349732056],"[[0.10767518581523035, -0.3791426916729518, 0.09394399612329189], [0.10038574437943079, -0.13202004947510926, 0.04460954890374945], [0.032943228725746544, 0.09885418880387646, 0.0271911535618496], [0.23988513707453657, 0.05283686758341887, -0.39234737056922475], [0.4095103678088849, 0.34143163232715384, -0.18177349418124625], [-0.46499804421314134, 0.15422678256718167, 0.12837216629857745], [0.03685879474219595, -0.3598031001409848, -0.10653937465645906], [-0.306087274746226, 0.4526776710257324, 0.15506455128316782], [-0.05850373634157133, -0.17812386265360078, -0.05622100685224795], [-0.32133397632114646, 0.11475595640340702, 0.054878478885333766], [0.08717525478680953, 0.09668489644857381, -0.06258155962578545], [0.08824190323240862, 0.22228628618666263, -0.059004998890272095], [0.08430703336278088, -0.22792831807458297, 1.1230301979096102], [-0.037546482941703006, -0.2604930544952708, -0.7490440107359009]]"
"['Bi', 'Bi', 'Bi', 'Bi', 'Bi', 'Bi', 'Bi', 'Bi', 'Bi', 'Bi', 'Bi', 'Bi', 'Bi', 'Bi']","[[-1.4973008904818514, -1.2690797836933212, 0.6908264945076068], [1.2333635821000908, -1.6406559246506038, -0.3405397689662782], [-1.233407804218052, 1.6408289975016785, 0.34061192984559696], [1.497345112599814, 1.2689067108422476, -0.6908986553869262], [0.48027721610307594, -5.358781667554594, -0.5966884298308203], [-2.253097919332676, -4.279620170760456, -0.7463029097471073], [-0.35131286935578576, -7.686061058769976, -2.1942138544002336], [-3.084731254254196, -6.6065206113139014, -2.3437736179588384], [3.3470836004849884, 0.5220205107902345, -4.323147796480318], [2.3072400935622546, 2.3071508236028615, -6.418463740955071], [3.8965343289277623, 2.8517119083963087, -2.611277238847832], [2.8564506165245023, 4.636688729283037, -4.706852431381033], [-0.6054224633503141, -2.4705141079843607, 3.694229591111964], [0.4299201188784191, 0.18229900096212392, 3.936907094440201]]",[-81777.25375043189],"[[-0.11600124519514753, 0.35276830090267874, -0.13848205803532984], [-0.021552998899634208, 0.3863623533304802, 0.00628638154864562], [0.4155561145377829, -0.4956961587095537, -0.2674725235630392], [-0.2879346593541503, 0.040986276340246784, -0.12103392529787052], [-0.047027919586236845, -0.19085000756565038, -0.11753449769972392], [-0.0777587385328927, 0.013602202517424607, 0.02344127466667315], [0.12240560959070934, 0.1383737631104669, 0.12721383226369506], [0.08420938281087456, 0.26435742467734535, 0.13059308643382428], [0.011210679308949999, 0.05107044674679193, -0.0232673651529569], [-0.007513703461588822, 0.05358994411457631, 0.06001657427579132], [-0.0034419726667848476, -0.07449215016541055, -0.0074022666469304894], [-0.007257672867622767, -0.09156670140755688, 0.011109105251456294], [-0.20403195789744596, -0.8843879842106016, 0.3056029814877459], [0.15393984729617732, 0.434512611487495, 0.02018616885224033]]"
"['Bi', 'Bi', 'Bi', 'Bi', 'Bi', 'Bi', 'Bi', 'Bi', 'Bi', 'Bi', 'Bi', 'Bi', 'Bi', 'Bi']","[[1.2950181652861743, -1.1977806885976805, -1.1036140961095946], [-1.6276778474592373, -0.9071940396806109, -0.9255099795507005], [1.6277849891685374, 0.9073435489964763, 0.9255672911428772], [-1.2951253069954753, 1.1976311792818162, 1.1035567845174188], [8.520565516743961, 0.10307507173353336, 0.2402693584145682], [5.96378014030758, -0.9340253186067484, 1.2628078559681342], [7.390431585392449, 2.819267037029366, 0.1698603957369672], [4.833655174254551, 1.781831676233163, 1.1925891100539463], [2.329040967682494, 5.884779013650008, -2.1938805340939105], [3.8310832865754247, 5.401749801817715, -4.677600589283992], [1.9959383814085363, 2.983495637436145, -1.831311430228608], [3.498216979351529, 2.500745957645896, -4.315151909867921], [-2.2293832327407532, -0.1730315061832305, -4.2340327864342315], [0.23238100683287188, -1.3174509528882097, -5.127489546974975]]",[-81777.26305477193],"[[-0.14257906175970247, 0.01071720206491412, 0.4732703675073597], [0.16060589871577877, 0.2206059665001736, 0.6352530927251351], [0.1313565502274804, 0.05459843417460086, -0.07828293533443718], [0.11124567874393751, -0.44710238501268007, -0.21573650011611867], [-0.057274954041227316, -0.04288070733164759, 0.025926992862500043], [0.14982068065033463, 0.07860607175791232, -0.07544515578862263], [-0.12919276003597657, -0.07084658098299974, 0.05720064911889735], [-0.15453361818762665, -0.08322500971180002, 0.011429865974300532], [-0.13986310114883582, -0.29309363211378847, -0.022000000857302037], [0.14827344133684908, -0.011454821115343258, -0.06716990143518434], [0.20745342960476057, 0.2946486361631023, -0.025485626766069143], [-0.07400862823830415, 0.2335574430175173, -0.059479624795535535], [-0.9627269696248586, 0.47933971697629185, -0.2569829825241677], [0.7450994220909649, -0.4245872222153238, -0.40235467523327934]]"
"['Bi', 'Bi', 'Bi', 'Bi', 'Bi', 'Bi', 'Bi', 'Bi', 'Bi', 'Bi', 'Bi', 'Bi', 'Bi', 'Bi']","[[1.7897220423977866, 0.7085134107967235, -0.7903280693529651], [-1.0601174240975273, 1.121550763471521, -1.3954138651564163], [1.0601619972598764, -1.1216119147311367, 1.3955910395243305], [-1.789766615560137, -0.7084522595371083, 0.7901508949850519], [-7.592589214560608, -3.467455195804787, 4.27501168905848], [-7.145115155537263, -0.5804255812106658, 3.924097695693018], [-5.335922477383805, -4.035961883956884, 2.473869190531187], [-4.888584117262687, -1.1486981347968572, 2.123229486817339], [-4.078290705397807, -2.9815975063757163, 5.348197101375997], [-1.3121756976621497, -3.9619184413899324, 5.133972247228729], [-3.089438489299802, -0.21137217065182012, 5.436976610196952], [-0.32327181487564105, -1.1920436239187189, 5.222600311314434], [4.112953382301345, 3.35791197522113, -1.9770956256225531], [4.25614014783023, 0.7655342279860153, -3.1718002711369033]]",[-81777.02857610896],"[[-0.7603743543941616, -0.6385065684592648, 0.4369562407013653], [0.5045231206835307, -0.1010381878773704, 0.3824024923243456], [0.20681461296108908, 0.6991260153367147, -0.8846841754580897], [-0.2745314911843869, 0.022893649960205806, -0.004794215809460839], [0.3023764509296029, 0.06772855103808598, 0.014702301033595079], [0.19033712362425304, -0.12250716822157558, -0.07348468854721756], [-0.13070801480850072, 0.30434915662880346, -0.09361319780817166], [0.06390290169096957, -0.43092622913249023, -0.01347003745765125], [0.23105056463100615, 0.30267727016533325, -0.06881422565756885], [-0.37875337501761597, 0.1525781388891046, 0.05539928182883411], [-0.040316529308491236, -0.3405386362848131, 0.20165764566302244], [-0.13946740815414435, 0.021128710079816312, 0.18071147372388915], [-0.023834273143765933, 0.12033453343032034, 0.019932488247859384], [0.2541080248061423, -0.0480574207128801, -0.1516709503494884]]"
"['Bi', 'Bi', 'Bi', 'Bi', 'Bi', 'Bi', 'Bi', 'Bi', 'Bi', 'Bi', 'Bi', 'Bi', 'Bi', 'Bi']","[[-1.1614324115948285, 0.7600630611360765, -1.550191470729979], [-0.6227875227727713, -1.9267531975954642, -0.4781869300009214], [0.6228174516150486, 1.9269027438926694, 0.47830464647976956], [1.1614024827525522, -0.7602126074332821, 1.5500737542511323], [1.8268356890493518, -2.8935542198363615, 4.083825876567809], [-0.8750695292189058, -1.7688635361710214, 4.388936868426759], [0.7652721279928814, -5.586760026754974, 4.6125831030640265], [-1.9367018131405682, -4.461728148399208, 4.917528772961263], [-1.7006113104913743, 1.0936187332527472, 6.08601431216351], [-3.8184987647270843, 2.7317316403451013, 7.306445586177095], [-1.6533464507126285, 2.8907897530047113, 3.7562501017875363], [-3.7712761264761863, 4.52888004586322, 4.977063702806464], [-4.555012184003126, -3.507841123867215, 2.8440914335149587], [-5.446816148636986, -3.8956553857094045, 5.5315679099089605]]",[-81777.35471320723],"[[-0.10842836519057093, -0.10357951906523873, -0.0316604532292458], [-0.00419905086510887, 0.17112063657952345, -0.07400785690693049], [0.14817126564088393, -0.32744024685183154, 0.12078406535489379], [0.042117212684736484, 0.1012358543973956, 0.0009006723321714711], [-0.09715638560625099, 0.17848248032026462, -0.05996088415061252], [0.14110237355586172, -0.5870855053232586, 0.34840169115216346], [-0.676377396243595, 0.3326685880130082, -0.0604045539567461], [0.9703857759444617, 0.33694752309738324, 0.15819502537424343], [-0.18077811675457403, 0.14321196486284252, -0.06742361803502939], [0.21227589619711335, -0.18734955152567223, -0.10850436704192298], [-0.19302526488357608, 0.1384563984116325, 0.2300524104113887], [0.1587702328906331, -0.13513196019112528, -0.1444068600048367], [-0.217534319281863, 0.16879070161013165, -1.0475009155791661], [-0.21202413363674824, -0.23244220069537716, 0.7298923669486509]]"
"['Bi', 'Bi', 'Bi', 'Bi', 'Bi', 'Bi', 'Bi', 'Bi', 'Bi', 'Bi', 'Bi', 'Bi', 'Bi', 'Bi']","[[1.6262493151898116, -1.2179297688247215, -0.4490823338606502], [1.2810919219676353, 1.389862710967069, 0.8694768859044156], [-1.281244766711521, -1.389979885310609, -0.8694819512259855], [-1.6260964704459273, 1.2180469431682628, 0.44908739918222035], [0.41428908925435426, -2.3158723764301983, -3.722483786240552], [2.406071648558492, -4.457469258144151, -4.046024653005373], [1.5312946331710766, -0.9237917684473449, -6.062199391371312], [3.522994564388414, -3.0657313361086893, -6.385584672337512], [-1.5293016875375116, 2.5833685514905738, -2.6024131524901097], [-2.0536670999984343, 0.43478165005902136, -4.54327092703039], [-0.5591985702311911, 4.31145737637234, -4.777836760035619], [-1.0838199827718422, 2.162600608018016, -6.718594016899976], [-2.8288778232421086, -1.6056875327036424, 4.675475976331379], [-0.6254870970214415, -0.4449549224385507, 3.273330071203119]]",[-81777.8430080559],"[[0.09887306071148554, -0.0003911297982848447, 0.06992057195786605], [-0.24730513920085223, -0.23612993599288182, 0.03628789125487132], [-0.035350014011001456, 0.11874461378082518, -0.01583809676573889], [0.07697763696182534, -0.08286685484396038, -0.68897889400566], [0.1893369639430641, -0.22700765694697336, -0.016639525489606965], [-0.3128418235854329, 0.2622772468067471, 0.13655804905685345], [0.3501920026925375, -0.33247652650096504, 0.043246431531367494], [-0.20148918689101344, 0.3215981830276734, -0.07604802839028119], [0.07399428147475394, 0.15452600771807312, -0.06844028420761482], [-0.05437135421819313, 0.27053193232355427, -0.2192163358973741], [-0.0600683563220102, -0.2795167601186751, 0.3793259085852436], [-0.14113482089564733, -0.08670402273959021, -0.02712125037055869], [-0.1612223467496139, -0.23832468228351553, -0.0360488608043809], [0.43008815188395455, 0.354714369958442, 0.47600021208295235]]"
"['Bi', 'Bi', 'Bi', 'Bi', 'Bi', 'Bi', 'Bi', 'Bi', 'Bi', 'Bi', 'Bi', 'Bi', 'Bi', 'Bi']","[[-0.4112582868209804, -0.6606633598633073, -1.9297940941939107], [0.8510835319164072, -1.8444682415509968, 0.44999850066413283], [-0.8512027318337977, 1.8446169530741083, -0.44997033574645007], [0.4113774867383711, 0.6605146483401961, 1.9297659292762297], [-4.166450101581, 3.5879940960801355, 6.111180318493423], [-1.5591924734715177, 4.278166204873444, 4.934666918361187], [-4.968632626836098, 2.3112817553647598, 3.5840539440524024], [-2.361083714046184, 3.0015202500337934, 2.4077838834986363], [6.027848905497214, -6.38450805211427, 0.7221061745850099], [3.4568945699611957, -7.35963750606799, 1.7697845662694391], [4.936153420302614, -3.6552276142396884, 0.5839462086185278], [2.3652033609600447, -4.630687293075454, 1.631823097762509], [0.9830252600092083, -5.353345229931226, -3.9669199850456236], [2.7456884191330717, -4.708494982781109, -1.8115938448956201]]",[-81777.70497831257],"[[-0.10286706598642778, 0.15530962897162778, 0.2846191171554861], [-0.08907854066238002, 0.1283864616400361, 0.30164625722919763], [0.004293294189227236, 0.07273757697868316, 0.04632111265308114], [0.12050582041736613, -0.33614564700131844, -0.17162328752469683], [-0.00965449769373905, 0.0008517529537907267, -0.11519607808522174], [-0.06773019654501647, -0.17991448272652424, -0.19150965015641092], [0.16079384646049577, 0.05948589829070803, 0.08393175493844582], [-0.058099353013403215, -0.04059282534874811, -0.03764958937752573], [0.25191852356884953, 0.06440637538960818, -0.00912244359660148], [-0.4336831217282528, 0.4123365773840945, 0.14027581485583954], [-0.19546606588240972, -0.3074991196925871, -0.31685104979948214], [0.1461063087093927, -0.22365205693897, 0.18625138133793595], [-0.19149026402788605, -0.2309109022302807, -0.4252647596939534], [0.4682525483891027, 0.43227729316660635, 0.2277356394974408]]"
"['Bi', 'Bi', 'Bi', 'Bi', 'Bi', 'Bi', 'Bi', 'Bi', 'Bi', 'Bi', 'Bi', 'Bi', 'Bi', 'Bi']","[[0.49289450946759145, -2.0088316232640353, 0.22663894511221938], [-0.6931588954395748, -0.38712631919383056, -1.9231663686873073], [0.6932643074629714, 0.38721866080453105, 1.9232985743311235], [-0.4929999214909883, 2.0087392816533365, -0.2267711507560355], [0.017296262455429146, -0.00788172065490822, 6.935657293654022], [2.1174850875178537, -0.12078534385519113, 4.87780080431052], [-0.2923836726278979, -2.9301453574703866, 6.779668537944645], [1.808054059112395, -3.04275519608234, 4.721797762895958], [-1.308625365306745, -4.457326667528445, 1.9047937401217365], [-3.3123979660181777, -6.568826118057254, 2.334653129732665], [0.8365036272915125, -6.356482276439771, 2.576722676401487], [-1.1676113010541584, -8.467937513999825, 3.0064108205621674], [0.7685620226050606, -10.059376368897402, 0.8136943573609514], [0.4088557911927436, -12.669814199851432, -0.29286326969837634]]",[-81777.51344650757],"[[-0.20820866586376427, 0.33732280152171834, -0.05347815248748609], [0.07785983436493474, -0.21472513041896574, 0.0007023548084668872], [-0.0015111276354541098, 0.18777460653465464, -0.16918022395383378], [0.19655492867157046, -0.33426236431937173, 0.5458768695746109], [-0.06046960290259207, -0.14404320297319825, -0.0654523007323014], [-0.19088677436112855, -0.13078031426925918, -0.29376525605188664], [0.0786119338763522, 0.22941482789791512, 0.04097052575359649], [0.11173742820569636, 0.13133675272222295, 0.26069164661294447], [-0.15265943721588918, -0.11444181884595803, -0.4885970818567753], [0.3690106370147293, 0.10465341802575029, 0.24994370956389425], [-0.229103261445045, -0.22505428595420604, 0.18337534375598746], [-0.19580596590773924, 0.45473650872832594, 0.12716045613263727], [0.18211056599153896, 0.4769665874499746, -0.05627962803664669], [0.018956090715188556, -0.7416155753865664, -0.28645879390377477]]"
"['Bi', 'Bi', 'Bi', 'Bi', 'Bi', 'Bi', 'Bi', 'Bi', 'Bi', 'Bi', 'Bi', 'Bi', 'Bi', 'Bi']","[[1.534522589812327, -0.2946576852865639, -1.3740931443638493], [-0.6809669350550507, 1.623545582967712, -1.1087329238266812], [0.6810255773550264, -1.6236352779968204, 1.1088930265512267], [-1.5345812321123042, 0.2947473803156726, 1.373933041639305], [-5.053080215621813, 3.9260941705643746, -2.1227630371192596], [-6.934790967672036, 1.9564817973242516, -3.235464886034771], [-3.9959122671586305, 1.8805762431118143, -0.29024802916780246], [-5.8777617936861, -0.08896768745189032, -1.4033027594295335], [0.0920835659556101, -1.0277437086744592, 4.304709113683678], [1.923474031257889, -1.5922321443907785, 6.537571722382307], [-1.621960055982556, -3.267505319646912, 5.144578928156241], [0.2096572740957844, -3.831705980852279, 7.377560642707912], [-3.122844056870222, 3.7407075706959443, -4.861541072404973], [-1.3293841190200109, 1.9047855682211647, -6.11897332757871]]",[-81777.58420046396],"[[-0.22395344181770768, -0.043538298180954144, 0.22415007989590136], [0.20580185486746355, -0.1874925563623502, 0.2393342007853716], [-0.19702127562008986, 0.39597273086964546, 0.05297344465864961], [0.09332939928475358, -0.03224647995370347, -0.23874649770072848], [-0.1697921982657016, -0.31430370222689924, 0.38225830477956135], [0.019389054441855635, -0.026573080589920625, 0.22648032339784266], [-0.06678721822966206, 0.2571644510853458, -0.010060377404772081], [-0.07653684679282012, 0.0203952047967134, -0.08006476222970084], [0.12819635416747283, -0.20396279518427377, -0.06160315148933392], [-0.2567905096353918, 0.059497159728763585, -0.2873413512615252], [0.16714704587493762, 0.10893250737640006, -0.0241254918749987], [-0.034622622814587146, 0.030039664898176457, -0.03724993688178277], [-0.10621572401206815, 0.33072899814078377, 0.19256426583258077], [0.5236800095241215, -0.39538219956996556, -0.5734108285099643]]"
"['Bi', 'Bi', 'Bi', 'Bi', 'Bi', 'Bi', 'Bi', 'Bi', 'Bi', 'Bi', 'Bi', 'Bi', 'Bi', 'Bi']","[[1.3499543102389993, 1.485515042904966, -0.5482546097395848], [0.07663670745534801, -0.7807456887956883, -1.9270360420829835], [-0.07672462017078874, 0.7808138986130808, 1.9271933181945684], [-1.3498663975235596, -1.4855832527223596, 0.5480973336280006], [-2.1360963507771578, -4.680830143795222, 5.655065576305554], [-1.0625362044558435, -1.9459184854964608, 5.493694905754559], [-4.1877178011203124, -3.9929633051803446, 3.660686586749952], [-3.113792290479121, -1.257998792939793, 3.499426294523815], [1.9093796711608417, 3.738966704592252, 7.308233719771422], [1.7087528450034408, 0.8925728863458791, 6.5898293991713555], [-0.6442523600958243, 4.263337299784964, 5.943001928099328], [-0.8446796890855892, 1.4166930014333086, 5.224811917081322], [-3.7904045823493613, 0.3984116012823101, -4.455793149822302], [-1.4149342591487015, 1.7490181303414971, -3.618388366308586]]",[-81777.77750622686],"[[-0.0632777633236578, -0.23168912416421972, 0.26706397504545326], [-0.03854443661516326, -0.7266172939360583, 0.8491432826431514], [-0.04535990520626241, 0.20443284452338678, -0.06465099027924395], [0.3915353643211191, 0.2487806961186783, -0.5819762063040846], [0.09295977729049207, 0.12948031237207985, 0.06631166672675023], [-0.09345286372663196, 0.023835517558382115, -0.04153064088610809], [0.09345888011134657, 0.22706308996169428, -0.02823514029169034], [-0.02258630011884507, -0.1281247231939049, 0.057926677629884835], [-0.07790930241703262, -0.23751689264691925, -0.05964309562466149], [0.11287473060512342, 0.16405107600731073, 0.019934154323626507], [-0.0043653463097251865, -0.20155027633580794, -0.08769729186050773], [-0.03361115541546024, -0.04255742692631604, -0.06762066748995567], [-0.4717642658671364, -0.44303104091200485, -0.18098617053709795], [0.15761750386373274, 1.0076271973278792, -0.14097901195816648]]"
"['Bi', 'Bi', 'Bi', 'Bi', 'Bi', 'Bi', 'Bi', 'Bi', 'Bi', 'Bi', 'Bi', 'Bi', 'Bi', 'Bi']","[[-0.4708623888013491, -1.6777579313134403, 1.1371594585886495], [-1.814628830695175, 0.8687102760045453, 0.5304428208237596], [1.8147642137720361, -0.868770117994435, -0.530566138943863], [0.47072700572448867, 1.6778177733033313, -1.1370361404685474], [0.08948864529332745, -4.419357288484352, -4.837680685976611], [0.49621833662787185, -1.7932964830806162, -3.574078982791943], [-2.7628839449157008, -3.798433532905384, -5.209545195626225], [-2.355796103191836, -1.1722306138463008, -3.9459434052997944], [5.238725165260904, -2.1861375854070957, 1.0450779330199669], [4.715623694798064, -5.081580864287892, 1.0121123423891483], [2.7854063951151398, -1.760960338926292, 2.6136155443893836], [2.2626056756038206, -4.656636492123548, 2.5805884198825844], [-7.325768614923898, -0.374846427695913, 1.728866663529744], [-5.14925055686684, 0.2723785509863533, -0.006677341708175022]]",[-81777.52072964504],"[[-0.01671032856750049, 0.44776007356396064, -0.39788229024038846], [0.5317933871332727, -0.036791226113862666, -0.4278460972690693], [-0.15141018892309718, 0.3192269561187446, 0.22146013886337307], [0.012287756154721073, -0.2918897381057681, 0.451259655428382], [0.09109845184164908, 0.39374707990197344, 0.11898053833698428], [-0.12770650732310235, -0.3782364287309839, -0.08599506636300656], [-0.12060233968325772, 0.018248527877286667, 0.05962329811940401], [0.020501741086044363, -0.1913124464352099, -0.2700250133447799], [-0.30986720985392974, 0.0524490935908304, 0.11464627308207151], [-0.11460338705769559, -0.018935881833198467, 0.10835550008680514], [0.2747293633927784, -0.2112033342109828, -0.14884962587297876], [0.22818846243587526, -0.0008363350680729437, -0.020033681781875413], [-0.5829727664388631, -0.08762149569752199, 0.1750243960837466], [0.27126716538893414, -0.017654916394321266, 0.09703127565744211]]"
"['Bi', 'Bi', 'Bi', 'Bi', 'Bi', 'Bi', 'Bi', 'Bi', 'Bi', 'Bi', 'Bi', 'Bi', 'Bi', 'Bi']","[[0.892107659514992, -1.6099005078384523, -0.9706075304811268], [-0.6413658500705187, 0.7490520758028285, -1.8320687097072235], [0.6414532643731455, -0.749042650172036, 1.8322401357763631], [-0.8921950738176196, 1.6098910822076617, 0.9704361044119884], [0.0870236453635278, 0.4162794559892222, -5.071878655123556], [-0.38978240190471036, 3.2715468306865727, -4.544225481097912], [2.0582584959695995, 1.127447656365453, -7.137872815735994], [1.581305183362561, 3.9828087193677533, -6.609876125449447], [6.98763050400047, -3.7124437654270963, -2.9175174557994454], [4.539332899814777, -3.589765119065248, -1.289911099567255], [5.908805672955852, -1.63156460321435, -4.696825695915624], [3.4605314715807234, -1.5090115250930127, -3.068855811245161], [-2.0305355754599845, -2.5322136223327654, 0.4885372941327635], [-2.711612849560295, -3.9720517315739716, 2.861561522849528]]",[-81778.07269747047],"[[-0.07998660065050253, 0.39833706721830286, 0.31381868905913707], [0.10390070144923388, -0.12589531841354773, 0.1740232079607261], [0.5609121749310549, 0.02115391204689861, -0.2174546150399174], [0.03294845835246001, 0.08946718883052533, -0.18820341535632223], [-0.04898013358194367, 0.05751581511817791, 0.05155913145189276], [0.05203427157807198, 0.05585251614400117, -0.09780661795425276], [-0.1173781231192357, -0.07915402556576576, 0.0922225901856322], [-0.06835127256709359, 0.045729676324589484, 0.12770763860911705], [-0.010377389457140293, -0.06637177915180471, 0.11605148457861908], [0.12491752734219515, 0.032425511107740876, -0.129331445416962], [-0.36712385763055533, 0.053022398489831715, 0.21509192419819048], [0.2153836931458031, -0.0988095544283869, 0.020088574864634754], [-0.33817687104073463, -0.4532670196173061, -0.9381677786872832], [-0.054962965381796146, 0.07437850734302354, 0.4558429064507147]]"
"['Bi', 'Bi', 'Bi', 'Bi', 'Bi', 'Bi', 'Bi', 'Bi', 'Bi', 'Bi', 'Bi', 'Bi', 'Bi', 'Bi']","[[-0.9668327379046897, -1.6442757860500434, -0.8314483121972974], [1.131250659526678, -1.270831446555498, 1.1975659909815486], [-1.1313676449373453, 1.27098060996108, -1.1976003667306505], [0.9669497233153576, 1.6441266226444629, 0.8314826879464001], [1.7076783780316946, -0.5794250117589702, 5.666825395997066], [0.47274514216469476, 1.1198565114541486, 7.7273340389295715], [-0.5243353976232448, 0.011247100987057279, 3.8422487662920473], [-1.759037547667658, 1.7106692537591934, 5.9030318006780105], [-5.825880170770612, 1.2899752870902512, 0.8534360686351877], [-7.637478017851188, 2.564681584141301, -1.0834559666867154], [-3.6451036868885787, 3.0622085124026697, -0.02021273929673162], [-5.457079852502187, 4.336887001696578, -1.957037174202902], [5.968591968463425, 1.4341504248267325, -2.082326836003438], [4.202639638362516, 1.580200668855077, 0.1600660194584299]]",[-81777.76376961224],"[[0.018528572588019574, 0.011250731976079977, 0.005929532801932057], [-0.39447706791401244, 0.16851775314803646, 0.05563350945597116], [0.2862232293022567, -0.002868724332084269, 0.4672063659359516], [-0.43610607926130895, -0.25460352808058634, -0.22436348157594935], [-0.07773606139050687, 0.1409566433483301, 0.1192916419910302], [0.09022499619410793, -0.10403589012799203, -0.048574331004048], [-0.05707096260393804, 0.0856142343527811, 0.2572993312315545], [0.19096930681811097, -0.231196140572263, -0.39187680700919597], [0.015419011861588668, 0.1373797740802673, -0.02759682244230717], [-0.036491193636133464, -0.07377542905299865, -0.03621375602544355], [-0.148774806729733, 0.03689720704460459, -0.23055454713564633], [0.10321941015791912, -0.07859115935135474, 0.21768298054861457], [0.3923474219913163, -1.911502097362818e-05, -0.28148864306441046], [0.05039807718836592, 0.17226683500079346, 0.11842003753878587]]"
"['Bi', 'Bi', 'Bi', 'Bi', 'Bi', 'Bi', 'Bi', 'Bi', 'Bi', 'Bi', 'Bi', 'Bi', 'Bi', 'Bi']","[[0.6812410011701837, 1.8554800227307167, -0.6502455560035465], [1.7697398294088336, -0.8782865368718322, -0.6523332111299979], [-1.7699311851637038, 0.8783052560116162, 0.6523454409658084], [-0.6810496454153142, -1.8554987418705025, 0.6502333261677367], [4.325206281419019, 2.8794359191737784, -2.3272869883531815], [5.974215287521174, 2.7715786366780226, -4.761922436256751], [2.047370653956828, 1.7657963420541882, -3.820983966890604], [3.6967621497089924, 1.6579329114670815, -6.255573242631467], [2.791420425264005, -6.035237931719721, 2.667308060308303], [0.5196896198112574, -4.932735664276052, 1.1566652972367084], [1.0419950265914715, -8.129115540464724, 3.7695994243453983], [-1.2296542843391645, -7.026398428470007, 2.2586473580863786], [-0.24913685039156774, -2.8313548772313695, -4.763262851756547], [1.6091719835802194, -0.964936256468543, -5.8729537248595935]]",[-81777.50764154662],"[[-0.10320285224443104, 0.03541291865562862, -0.24664997033205902], [0.042550736912201764, -0.027352161272788972, 0.12999838994472657], [0.1997026805854162, -0.34516395057805654, 0.017656047680335976], [0.001740617745294095, 0.08790262027217803, 0.023564322589609756], [0.035278115642557326, -0.050551752109046284, -0.05271268323225839], [-0.03504309097300081, 0.015380949229402752, 0.028198378638421347], [0.5797300893439646, 0.28917501162509934, -0.3022290752151408], [-0.6140214253335616, 0.08367017075858936, 0.5526671567674644], [-0.15065068463049253, 0.03538035304503238, -0.041410493169136475], [-0.09526446401291919, 0.05073356005602889, 0.0697816808885143], [-0.03181412300771701, 0.04691765005305733, -0.07057327256626353], [0.11545848501854346, 0.05113464722812687, 0.02363116616645179], [-0.7579924831122761, -0.6104810143284275, 0.23898303932198656], [0.8075335545801966, 0.3488271575378785, -0.3660466162340912]]"
"['Bi', 'Bi', 'Bi', 'Bi', 'Bi', 'Bi', 'Bi', 'Bi', 'Bi', 'Bi', 'Bi', 'Bi', 'Bi', 'Bi']","[[-0.8601286794092889, 0.9245714866120041, -1.6538019592841826], [1.0658691755365337, 1.7375249084682562, 0.4169352660581115], [-1.0658892748451378, -1.7377137411719854, -0.41696775032809164], [0.8601487787178939, -0.9243826539082758, 1.653834443554164], [5.419996806488388, -1.3542193423051743, 2.6837883938100076], [3.5926936694564566, 0.9521067067856619, 2.67208111144753], [4.652809893401887, -1.9477200905629066, 5.46210443403317], [2.825384227861581, 0.35873216330504637, 5.4500543293860195], [-7.487405676391152, 0.8935511315928493, -2.651265651552616], [-6.1870007150462945, -0.9383099322244078, -4.55167235517213], [-4.871874414777362, 1.5006045774864587, -1.4469645054497517], [-3.5716576807334546, -0.3313340219401889, -3.347698358442571], [-2.727325499735426, -2.4938217714207274, -5.937604991312057], [-0.01433062983890232, -2.901198600830116, -6.738820929103797]]",[-81777.53715757669],"[[0.2832644021528679, 0.21756697231001498, 0.19657657737212472], [-0.194492799955116, -0.05812958920325098, -0.26305850264408914], [0.2917279642056642, -0.08767749435525027, 0.4644065358937215], [-0.1962039214744601, -0.13647639077542784, -0.24538113022237587], [-0.13897020795067824, 0.09047968981369296, 0.03467648745551493], [-0.15202303741052187, -0.14826490526964717, -0.11656159172707123], [-0.00990534494087406, 0.03234499953895745, -0.05063835205347252], [0.04574202276877733, -0.023454176469450028, -0.06415764673264618], [0.01982856934298973, 0.17090276117750816, 0.2061026741031939], [0.4301479557764596, 0.07987336920484812, 0.15563816471471859], [-0.1491676715093877, -0.12249652384861896, -0.13044689342746846], [-0.46985820319862065, 0.3880895185423966, 0.20206778826544727], [-0.995585686143097, -0.21509917471310297, -0.030066707776137243], [1.2357222258233576, -0.1825660114566439, -0.36335580102600606]]"
"['Bi', 'Bi', 'Bi', 'Bi', 'Bi', 'Bi', 'Bi', 'Bi', 'Bi', 'Bi', 'Bi', 'Bi', 'Bi', 'Bi']","[[1.9936723935901475, -0.45921020731635553, 0.37961964130363696], [-0.5889911826082677, -1.7173133366627393, 1.0162820541166235], [0.5889956622361886, 1.7174347192743817, -1.0164315974030818], [-1.99367687321807, 0.4590888247047137, -0.37947009801717924], [2.744088873273099, -6.712152889125381, 0.6060858717574453], [2.4102353572328115, -3.812267049094859, 0.9769195331206182], [1.685163459043478, -6.483979134116343, -2.1300560510562647], [1.3515239354862991, -3.5839245242209756, -1.7589500077004898], [-2.7040844882277426, -4.263182423750967, 1.6337378523521775], [-3.609941630262362, -6.625789438177253, 3.1356781285917443], [-3.5554040628089294, -2.5268764513405957, 3.8519252811466838], [-4.461106428811087, -4.8898231672115395, 5.353770083262673], [-1.1392535050517425, -3.1351679104476773, 7.664945659830292], [-3.6423463307631643, -4.22097451885753, 8.51570669514015]]",[-81777.22487690458],"[[-0.3228027969449758, -0.16826953871199024, -0.09277280656551505], [-0.14961854040834216, 0.11263201833287602, -0.1469313247466675], [0.13114052602076193, -0.18721199743070152, 0.09158145954783971], [0.27540001031113653, -0.2375871352240146, 0.20469458296951798], [0.0539758154897764, 0.20875559122978615, 0.15861694363563958], [0.03567391148143194, -0.002462527346746202, 0.19573376929116396], [-0.13163695489285437, 0.3584798040363208, -0.020633062823515846], [0.046695727732434855, -0.2361202172175736, -0.4211993291338096], [0.2419027342596846, 0.09299710972897758, -0.021507742316836553], [-0.08375023495517606, 0.2687711370637459, 0.019420380780044856], [-0.37737829686673297, -0.17780417151026137, -0.05870438534290806], [0.3089654720560207, -0.01604378513205024, -0.36429944782855095], [0.8327195808141058, 0.1930713904997214, -0.34981235339041833], [-0.850937913639218, -0.21737316244685811, 0.8061914379900151]]"
"['Bi', 'Bi', 'Bi', 'Bi', 'Bi', 'Bi', 'Bi', 'Bi', 'Bi', 'Bi', 'Bi', 'Bi', 'Bi', 'Bi']","[[0.7266406150265257, -1.9497516486915987, 0.013290016883418021], [-0.8889112242673304, -0.3187241104022981, 1.8539570382857626], [0.8889144201727631, 0.31877716331417705, -1.8541422197500883], [-0.7266438109319592, 1.9496985957797213, -0.013104835419092575], [1.4265002557969821, 6.011071492853529, 2.060293630269963], [-0.801093596588695, 4.153130444540866, 2.554453877143771], [3.331803904380683, 3.978464254183899, 3.0080197178904626], [1.1038824581859146, 2.1205852810529757, 3.5019868405346735], [-1.7635369043511422, -4.572571496247391, -4.57547747919455], [0.7209090418895017, -5.988030599248345, -3.880986638562246], [-0.5001560506754628, -2.009843293738011, -3.871096974223157], [1.9843441648124123, -3.4256504290295866, -3.1767623269757634], [-1.838277451312762, -4.018532735575772, -0.9437996371609323], [-3.447903738028903, -4.663382065018255, 1.328097495991444]]",[-81777.55902989239],"[[0.3111431462122506, 0.6165812170523064, 0.2180970826520909], [0.33703499207515714, -0.19339159586397658, -0.38552160213318254], [-0.15363763966397437, -0.09009222435365395, 0.27186417587215284], [0.04117230089873877, 0.05236363007462803, -0.06790780844932631], [-0.16683676497435695, -0.20162391277094738, 0.0490424211614719], [0.1753105086012857, 0.008449626665978732, -0.2320416226019858], [-0.24506987230205518, -0.143657228753815, -0.03912154674894134], [0.12476192409308061, 0.07033724516592127, 0.004534903457610286], [0.1668498776077093, 0.46537239703982797, 0.08623875565499393], [0.28488646060959927, 0.0798901328067025, -0.08377481471495025], [-0.1773508857730027, -0.2133326716011295, 0.02508011729409547], [-0.18509068188684097, -0.2887718110050375, 0.08836773309049958], [-0.3937247627142287, -0.004881454416264471, -0.21949658629647334], [-0.12366298257397063, -0.1599345833102301, 0.2764915984711509]]"
"['Bi', 'Bi', 'Bi', 'Bi', 'Bi', 'Bi', 'Bi', 'Bi', 'Bi', 'Bi', 'Bi', 'Bi', 'Bi', 'Bi']","[[1.3790668839578848, -0.9440007981720492, -1.2396579052915049], [0.6180664159837708, -1.188152570610084, 1.5922287201828529], [-0.618195729783427, 1.1882305207084076, -1.5923483810511012], [-1.3789375701582298, 0.9439228480737264, 1.2397775661597543], [4.219016858288561, 2.674950989228449, 2.7414588073981956], [6.904258718649983, 2.764274710191412, 1.5415375249725276], [3.5857185966080154, 0.2848001963180051, 1.14584876228787], [6.2712346901024585, 0.37431148877525655, -0.05387737628500289], [8.249876641420256, 5.488782107893846, -2.3747181414960488], [6.964387470305968, 5.821739610016828, 0.25110945233221527], [10.503593714977459, 7.157645002586796, -1.4828017170319487], [9.217845631382833, 7.490336987215796, 1.1431304367691284], [-1.0592463167749129, -2.020865853584768, -3.380210185269683], [-2.3222532503105455, -2.459491595683054, -0.854212368879961]]",[-81777.48976853186],"[[-0.33947471321006767, -0.1674772271249589, 0.5036905970208854], [0.5737923804294718, 0.5363730386091949, -0.06234584075799264], [-0.2246880063958971, -0.4973645484707966, 0.334674409539185], [0.41322648810094054, 0.009565455199962866, 0.27974281163325126], [0.22635922437217684, -0.27490851795983556, -0.07889701795205972], [-0.10492893759242433, 0.08305192295154902, -0.08818842425716765], [0.20719431368529984, 0.4758743308027698, -0.04255560658427419], [-0.4127653862057621, -0.010573518456627327, 0.35983950698182193], [-0.0137354474411211, 0.04613908359110476, 0.12716174168492672], [0.16234931330863378, 0.049052566740140205, 0.02484507205570233], [-0.030243856881622892, -0.03569561160407778, -0.026033997092864365], [-0.1148268160456013, -0.12294502733136087, -0.08518074612077992], [-0.22809888515234666, -0.4670686575747061, -0.5103905355988366], [-0.11744013816167859, 0.36319911791296844, -0.7376082517899054]]"
"['Bi', 'Bi', 'Bi', 'Bi', 'Bi', 'Bi', 'Bi', 'Bi', 'Bi', 'Bi', 'Bi', 'Bi', 'Bi', 'Bi']","[[0.9404443221855916, -0.909317468390505, -1.6181535520707748], [-1.8057479459242236, -0.02927826048861837, -1.033112802283811], [1.8058902344422922, 0.029360674043329316, 1.0332131964252032], [-0.9405866107036608, 0.9092350548357949, 1.618053157929384], [4.150262457808525, 5.5467498669140145, -2.6113203182967486], [1.2440627304626142, 5.246273045200747, -2.2619916991290037], [4.548335464245418, 2.786348186369842, -1.6723957415866706], [1.6419084160561361, 2.4861080143029586, -1.3232690882057208], [-1.1370993581777955, -2.6419867495457625, -3.7935861725334163], [1.2840052742315557, -1.3915373191791796, -4.903965495469444], [-0.10379817414860737, -5.296901289260353, -4.530862489154902], [2.3173980688168396, -4.046100270507143, -5.641113511224209], [-7.476998727678369, -0.18316665793544146, 0.6248633236028664], [-5.1025647444631925, -0.31115467453638435, -0.9606732893945942]]",[-81777.37459592993],"[[-0.4689168189681052, 0.4173141844267376, 0.2947000068325885], [1.0644434663122322, -0.13377585679203452, 0.10830320381967048], [-0.4470700405170776, -0.2577404813552008, -0.7311835756681704], [-0.07579642009619084, -0.0015676199452615224, -0.16109497422877558], [0.11809530703047183, 0.008231890103610693, -0.04844728244238664], [0.04749067727276412, -0.8020154499329789, 0.26213943560131847], [-0.25679220656441387, 0.1826959036599695, 0.039151618388096054], [0.2301524778015992, 0.4925715981590095, -0.22758348152846197], [0.3057279885923716, -0.011705802059916368, 0.09747736230187985], [-0.05535007088719412, -0.1403663691591081, 0.19656392753759658], [-0.05091018465618044, 0.11607734989068273, 0.018951596424384654], [-0.10003458291604574, 0.12677628168645924, 0.03150982763859599], [-0.673059642894993, -1.7311401395953836e-05, 0.28081511650892393], [0.3628015737229801, -0.010706871366716133, -0.1729289972740413]]"
"['Bi', 'Bi', 'Bi', 'Bi', 'Bi', 'Bi', 'Bi', 'Bi', 'Bi', 'Bi', 'Bi', 'Bi', 'Bi', 'Bi']","[[0.05973028951551562, -1.6769581346042841, 1.2304301714560693], [-1.6261603572558658, -0.8050023998065733, -1.0180759066909657], [1.6263356451076423, 0.8050810245577911, 1.0180903745006076], [-0.05990557736729174, 1.6768795098530682, -1.2304446392657122], [0.17442277656503324, -7.534883158193975, 2.2557787028741574], [0.7200329110032478, -4.674991395753177, 2.681973902405522], [2.387626468666534, -7.668582191603912, 0.320911032233983], [2.933112624029932, -4.808534457006087, 0.7474360345476886], [7.903022860614143, 0.6643868443254974, 2.3237919770617217], [7.529472470648278, 1.8385832495437813, 4.995876662828775], [5.009892795348126, 0.8732392423940547, 1.8277697815604848], [4.636648896114093, 2.047601854011284, 4.5000185004469095], [2.695332840435544, 3.557629151886341, -1.9175215243630497], [1.7091573358056606, 4.4187218692376105, 0.6229944134709573]]",[-81777.94983448065],"[[0.402365679560877, 0.05409285217020757, -0.11810379167558216], [0.1478988828217961, 0.5921238418560552, 0.15519233518073874], [-0.474033934145199, -0.5103973747370165, 0.06706618307647184], [-0.04597325763018455, -0.7571872131581673, -0.048072507954549044], [-0.0027616820493721788, 0.2084236616286512, -0.012819445155008442], [-0.01831112398936437, 0.029530941003987753, -0.0862527424639031], [0.025139232130573355, 0.08428492186340242, 0.027638140092889958], [-0.009410237616535163, -0.1417929208236605, -0.007701368384802141], [-0.32202498638776944, 0.04960173925156404, -0.09678552948179163], [-0.04995750299214531, 0.017086311474490166, 0.03131466537443063], [0.12301820096767613, -0.05503413355653988, 0.07927183357757057], [0.15232102843121542, -0.030275450614688316, 0.027417529035602718], [0.3588616130662862, -0.19871141692607025, -0.8355292838979189], [-0.28866264190461777, 0.6548382247443861, 0.796838787973838]]"
"['Bi', 'Bi', 'Bi', 'Bi', 'Bi', 'Bi', 'Bi', 'Bi', 'Bi', 'Bi', 'Bi', 'Bi', 'Bi', 'Bi']","[[-0.8865430582422299, 1.0394236346056602, 1.5695077614450246], [0.4311473429948492, 1.8007173963681953, -0.948911876854184], [-0.4312192936970126, -1.8008957453637497, 0.9489233543209346], [0.8866150089443939, -1.0392452856101067, -1.569519238911777], [2.2173007924892305, -0.42130528354127095, 2.426897914141991], [4.001841832850462, -1.3204667253248878, 4.586813569129023], [2.4928635646684034, 2.3572488638135116, 3.3561777029900335], [4.277584080971615, 1.457749925841665, 5.516044853243473], [2.790542784394602, 1.3574435896418906, -7.636483373924682], [4.1992142194175255, 3.189188329933281, -5.814761755688986], [0.728229830799485, 0.9050524707237959, -5.586589114673044], [2.1371395503307182, 2.737055102697706, -3.7650261796853215], [6.453273005718641, -1.42787564342076, 1.0839749236397676], [7.107527072658016, -0.582804193682164, 3.7346446286249053]]",[-81777.49854298162],"[[0.19469087785187383, -0.06462713042875184, -0.17022136704201024], [-0.09737081572813058, 0.009566200820290745, 0.050842862853886735], [0.36788341334525154, 0.2927041611921779, 0.0902786294356236], [0.02652109799754459, -0.04544864945190744, 0.22019515541055826], [-0.14170905139229703, -0.33596155591346977, 0.5262392870219504], [-0.6257220080511828, 0.40107375093207537, -0.7035359739104301], [0.13692715683019915, -0.09154608114883415, -0.09775699563588014], [-0.394873480817986, -0.0023946239605967513, 0.1245716623542426], [-0.077435550687326, -0.02620504753828888, 0.07111464434639501], [-0.19885020515123883, -0.017118779383112414, 0.20128478407699155], [0.0662196211828259, 0.04950485488882224, -0.16944869869396165], [0.15503128118991694, -0.03441372570976134, -0.024801203869377276], [-0.15361054022171286, -0.20538358757456943, -0.3534136481519806], [0.7340503572736349, 0.062048518224489584, 0.24687324505369002]]"
"['Bi', 'Bi', 'Bi', 'Bi', 'Bi', 'Bi', 'Bi', 'Bi', 'Bi', 'Bi', 'Bi', 'Bi', 'Bi', 'Bi']","[[-1.4448218293383388, 1.3625766569698659, 0.6209584808010411], [-1.100991019926953, -1.5513468411539977, 0.842642673659017], [1.101149485764417, 1.5514523400124582, -0.8426722636779527], [1.4446633635008765, -1.3626821558283273, -0.6209288907821059], [-1.8774253269299939, -2.8098477713061962, 3.9850071055650207], [-3.6018037405401544, -3.018348469583373, 6.360161880579743], [-0.8367411061479173, -0.23818655450918502, 4.966533394460187], [-2.561240697974837, -0.4470391861243017, 7.34178780262918], [0.9373378159509339, -1.0089561026827307, -3.9969211218960417], [0.08123888664218382, -2.917244397203006, -6.066666050145731], [-0.456980819857797, 1.157927659895162, -5.418311011570142], [-1.313088368727692, -0.750733536635811, -7.487959307560293], [3.689070139235914, -2.565558246701728, -5.262308456683905], [6.099228947049305, -3.1966656097108506, -6.662694846817428]]",[-81777.68701056458],"[[-0.029506932029430055, 0.0039109611681486115, -0.05696086790586989], [0.14618318473630154, 0.01682096319753021, -0.16167023316725684], [-0.010702037690107816, -0.053382096020418685, 0.1048858973017737], [-0.11492806614391807, 0.02258690689952569, 0.2616475318732849], [-0.15675124730901246, -0.04927200023153032, 0.2207665062700796], [0.1643960153976149, -0.01207833968677033, -0.3437544196258164], [0.020500882337115015, -0.030708558323211815, 0.2444980072216181], [0.07701774619325606, 0.0956693101399115, -0.09665517447964181], [-0.512252426690687, -0.44640489576251835, -0.357786325709302], [-0.33457449641524917, 0.5862133866500985, 0.5144919102009934], [0.1811074238290385, -0.31222450137604096, -0.09105428026498372], [-0.0031690637997001995, 0.012785583707704438, -0.09601820903126713], [-0.058738375345441005, 0.49384146671052426, 0.05390732126379472], [0.629062901340995, -0.3271978431121336, -0.19205040487144345]]"
"['Bi', 'Bi', 'Bi', 'Bi', 'Bi', 'Bi', 'Bi', 'Bi', 'Bi', 'Bi', 'Bi', 'Bi', 'Bi', 'Bi']","[[0.6984597518375059, 1.907446306512513, -0.45112887556147463], [-0.6567870905465821, -0.22334395840806054, -1.961543554684288], [0.6567680273358086, 0.22334197586657945, 1.9617352567018165], [-0.698440688626733, -1.9074443239710335, 0.4509371735439468], [3.047364433191965, 3.3741776616568466, 6.795499557492112], [2.3659150676139884, 2.1119582555323557, 4.226308518908544], [5.909133690133321, 3.0056896270344167, 6.217267592342815], [5.227338259918358, 1.7435500665139503, 3.6479271149873522], [2.2342104184286953, -3.671867341428202, 0.30427600206645233], [4.278674910624434, -5.7867772367696295, 0.22921113332125276], [0.5336509383225274, -5.251844389474274, -1.5044884655809139], [2.5783658755397214, -7.366767954622619, -1.5792608306037315], [1.8416593276295465, -1.8141747540301578, -3.592908330353649], [3.675942058004643, -3.8571405039254127, -2.799219579016831]]",[-81777.41928822608],"[[0.026914019341500003, -0.13588498530019114, 0.0875460594891773], [-0.11335357312189626, 0.014990655554326963, 0.2081621288708863], [-0.059350606767766746, -0.033889287224386444, -0.277561897885252], [0.27258814749947724, 0.4195690431424258, 0.20578005190063456], [-0.10239603962757479, -0.15361917913309794, -0.2306378509240024], [-0.012876873346882572, 0.03990911207692002, 0.09312777326367687], [0.02379593797449465, -0.005592563835822486, -0.045219867424268485], [-0.02442679962059904, 0.017514359249202402, 0.0645107622355112], [0.37812977931305153, -0.32720175119109357, -0.03563835824731502], [-0.45070907909385804, 0.8831687664192911, -0.11944703955177845], [0.06351826444596735, -0.2544621687508389, -0.2916139614286362], [-0.44763126122455815, 0.03751240037940522, -0.1206792157101666], [-0.47610578163696166, -0.16925771704584158, 0.33036842643463993], [0.9330600223308566, -0.342730194405769, 0.1359355846383037]]"
"['Bi', 'Bi', 'Bi', 'Bi', 'Bi', 'Bi', 'Bi', 'Bi', 'Bi', 'Bi', 'Bi', 'Bi', 'Bi', 'Bi']","[[1.3013272490773358, 0.9029624097231553, -1.3494150499258066], [1.2037809150386924, -1.6968129051510117, 0.025345541838648455], [-1.2039468916421268, 1.6969088407861557, -0.02536464997885335], [-1.3011612724739028, -0.9030583453582999, 1.3494341580660125], [-4.186551778179194, 5.233010061908114, -0.9974206272046262], [-3.6733458461715136, 3.469313682380316, 1.30134173806384], [-7.078564654125792, 4.775812178160274, -0.7023095674142763], [-6.565024171675615, 3.0121609885996206, 1.5966385446396123], [5.930850520212271, 0.8752749203517574, -1.0000642927762573], [3.991798688734736, -0.10963331143714372, -2.982070203357777], [5.116018391541611, 3.6431626257022813, -1.578601387360911], [3.176847624748561, 2.657889643053197, -3.5605715320268274], [-0.6442748034520875, -4.452983658474937, -0.3055320463878376], [-3.007165759947239, -5.529104511381033, -1.5000839547828155]]",[-81777.6055508223],"[[-0.39591889193976343, 0.08875504428426385, 0.7821593234911126], [-0.06938567936127338, 0.6807637006551847, 0.044033955721672915], [0.7751710612456845, -0.20557210096229378, -0.6950960660197596], [0.3025524173269823, -0.08359961964894456, 0.02967051598715748], [-0.06689289062785453, -0.12533615458973033, 0.13082134909833829], [-0.1936526658229173, 0.019655091774842738, -0.09513493176423461], [0.023082009081655426, -0.002151722455052351, 0.04744871684603661], [0.25169370618447123, 0.0942994256202779, -0.07891578701548563], [-0.06680624440354586, -0.06452855427919713, 0.0262827823141271], [-0.15605710049480323, 0.24726816671700777, -0.05285887623861419], [-0.10488759423079576, 0.013700660396168692, -0.016052778855867204], [-0.02614163381495509, -0.30828304947869123, 0.06507661093123372], [0.10240555271451668, -0.011497496309143705, -0.0575527361799308], [-0.3864427260596163, -0.3462502936847299, -0.12225627983676729]]"
"['Bi', 'Bi', 'Bi', 'Bi', 'Bi', 'Bi', 'Bi', 'Bi', 'Bi', 'Bi', 'Bi', 'Bi', 'Bi', 'Bi']","[[-0.2060316669990644, -1.4319152625060307, 1.4956217211335128], [-1.6914374002284742, -0.750338311188653, -0.9512816947993905], [1.691621329694612, 0.7503947443004921, 0.9512918069393494], [0.20584773753292684, 1.431858829394193, -1.495631833273473], [5.04878206394727, 3.144542151967443, -4.567642334347225], [4.515577665414941, 2.6857771977398506, -7.424833515549548], [2.7339083502360224, 1.4682725493066746, -3.8666866824553203], [2.20099789541635, 1.0095563165486752, -6.724122181713037], [1.471469375264333, 3.9699481231856932, 1.9056210501878716], [3.3857209560206503, 6.143969099434934, 1.3883326004983028], [-0.3579556647734323, 5.103477170530269, -0.1014102995582945], [1.5566643119275634, 7.277434719642602, -0.6186053178492422], [-0.6396009172247816, 0.05063100791600206, 4.414077419498507], [1.6228472907614653, -1.467316752876982, 5.277446822407474]]",[-81777.81289243436],"[[0.13484471638757148, 0.4564162627718075, -0.7673245642918222], [0.3574822154597107, 0.023928519553209793, 0.3240778077056483], [-0.16451855424184486, -0.3063914364179089, -0.3335032714034997], [0.019365580257050354, -0.3747693456284398, -0.02480738480478493], [-0.1434129223967287, -0.15762120625432632, -0.0006910671451446361], [-0.01162586127634946, -0.002743898747441815, -0.04500421859881851], [0.009101247410453093, 0.15780205775040557, -0.08157040107109993], [0.09962593155427665, 0.06554043819726582, 0.14522025464941496], [0.05124543612443131, 0.1857043531277309, -0.07537753573819776], [-0.10982833163377757, -0.3530013458217095, 0.04776704016174005], [0.14793333562315325, 0.22879066655034333, 0.12816544949043454], [-0.14742055452593905, 0.004208000365927076, -0.04500221827945613], [-0.7871560081297311, 0.3872377630175013, 0.504260816594392], [0.5463417252824746, -0.32767827971374536, 0.2218693558681495]]"
"['Bi', 'Bi', 'Bi', 'Bi', 'Bi', 'Bi', 'Bi', 'Bi', 'Bi', 'Bi', 'Bi', 'Bi', 'Bi', 'Bi']","[[0.6821684207713987, 1.9604172741733785, 0.14534461240574625], [-1.221546721583677, 0.3022983581948696, 1.656908033842059], [1.2216807582552, -0.3023901563956273, -1.6570115918500778], [-0.6823024574429224, -1.9603254759726223, -0.1452410543977276], [-2.8037926339299046, 3.279854816344052, 1.1337557368625346], [-4.915405108332374, 3.774087290940374, -0.8549978121686876], [-4.657068384794702, 4.0389839916895784, 3.289898311821516], [-6.768646185104412, 4.533041119953408, 1.300803413451679], [-0.4186019961213235, -1.9941976726932902, 5.40178175859361], [-1.3563462487345224, 0.7724769539875377, 5.048991613389098], [2.129723664736842, -1.2954218099958292, 4.106556860331453], [1.1916984069413536, 1.4713749470448612, 3.754000356439054], [-1.946200063296741, -1.294636376139896, 9.071842954806826], [-3.500606694197374, -1.6794821791289156, 6.704574960276025]]",[-81777.3780580474],"[[-0.21683492741431287, -0.423599712368663, -0.06666519360634786], [0.5023585591606531, 0.07659983885500296, -0.08251939577116893], [-0.16534315890238707, -0.003139008615614785, 0.011094691639187028], [0.05617518976865211, 0.4028020474300065, 0.08826427184224497], [-0.22313382510004853, 0.007494584727940182, -0.009002352443930595], [0.0742068604013367, -0.002595964589065197, 0.2097727202011958], [0.09818313050878569, -0.01700840700574974, -0.24034526194997505], [0.04419059769703733, -0.04079046101551838, -0.008690811702106265], [0.12353864395653544, 0.11049100812794117, -0.9966156706374009], [0.5079380103631232, 0.037368495656124635, -0.8756709112463263], [-0.4653242659621111, -0.14727816675436, 0.5452675177894135], [-0.6418603172719715, -0.0001489393060006905, 0.6007426986254165], [0.1024472560307863, -0.03305886672528679, 0.9993518401302577], [0.21724558423765347, 0.030525207713481873, -0.17077852540425612]]"
"['Bi', 'Bi', 'Bi', 'Bi', 'Bi', 'Bi', 'Bi', 'Bi', 'Bi', 'Bi', 'Bi', 'Bi', 'Bi', 'Bi']","[[1.2456347668029744, -1.3790981241088291, 0.9360540002273943], [-0.39136032864275017, -1.377858595262685, -1.5090552367673222], [0.3914137501147217, 1.3780297686463172, 1.509125684045967], [-1.245688188274947, 1.3789269507251984, -0.9361244475060401], [3.6257317381281995, 0.8763102313656513, 0.1097084447247858], [4.19015655840891, 3.5594067851870106, -0.9583417249325366], [3.5944531119406364, -0.20612457657772332, -2.6265692186806318], [4.159042164173686, 2.4772259052236687, -3.694380607168705], [1.123329809512399, 3.4559299631438933, 4.140986915825501], [-0.1350807380847845, 4.795292083502673, 6.438991629490421], [0.9228503916933302, 5.94349353054441, 2.5815977987903884], [-0.33549731552945306, 7.2827040395469185, 4.879951128410187], [-1.882935605127225, 9.986246264745708, 3.684581375443492], [-0.41854041407568354, 11.06455187024885, 1.4798029807376618]]",[-81777.32512260132],"[[0.021817354730226713, 0.7545117217333723, 0.06229642412798633], [-0.18771876214320113, -0.10946251487429284, -0.09829775035091269], [-0.2860290080623672, -0.45984303095455464, 0.192083469276328], [0.1277144777472969, 0.0367167257875847, 0.07643096870626136], [0.24171926023693488, 0.32514656445700213, -0.21775903382205816], [-0.132022517735505, -0.4983405911910356, 0.3174637954427237], [0.31658812864524466, 0.16886207547324167, -0.20196715523222947], [-0.15030625946110415, -0.22920404874453754, -0.0730730032820454], [0.0024161631320959603, -0.027920339389259977, -0.06673975563913573], [0.12822720742241953, 0.19103975508357263, -0.3164194127627778], [-0.020954713148544378, -0.04402660236257729, 0.3115561170297122], [0.040710509947533155, -0.4848574616688687, 0.24417980731893443], [-0.4177519921144313, -0.008918246470945884, 0.2906636297541862], [0.3065736763104608, 0.4050913075249603, -0.5202568408877848]]"
"['Bi', 'Bi', 'Bi', 'Bi', 'Bi', 'Bi', 'Bi', 'Bi', 'Bi', 'Bi', 'Bi', 'Bi', 'Bi', 'Bi']","[[-1.315193488413569, -0.5617745745747849, 1.511419900268078], [1.3843812448597719, 0.606123891926594, 1.4300375238103953], [-1.3844915990045519, -0.6061018927511439, -1.4301939047523593], [1.3153038425583503, 0.5617525753993352, -1.5112635193261155], [-3.0668640894338384, -7.515427532469096, -1.996689586325862], [-3.2810023676013396, -5.896408611980614, 0.45101059807290733], [-3.1119646702904893, -5.063002585992206, -3.622554505886897], [-3.325981846550072, -3.444144090285905, -1.174525587222861], [3.1382006171544403, -2.233589724924369, -1.7657289257223587], [3.2259673050532975, -2.023148904277914, -4.699382846907152], [2.3852239062683287, -5.0693872492803616, -1.9918647054533867], [2.473202082585111, -4.858661473646476, -4.925668764255793], [-1.1472392963352176, 0.7800876316065251, -4.595310772022385], [-2.3128098188959525, 2.536634487916981, -6.525137842699795]]",[-81777.08277834687],"[[0.18442234896260382, -0.014618159065146264, -0.1252941941630028], [-0.008557978155142395, -0.12724216583615444, -0.06792621755811118], [0.34706343121885025, 0.19610647661092015, 0.37151736113496575], [-0.39600769789191836, 0.04446155612418843, 0.3570000819290769], [0.01744580331671083, -0.038628393464082394, 0.06304533546972597], [0.014182850491103235, 0.07395849169901575, -0.10928109773520622], [-0.05635820099257763, -0.020398953467189423, -0.07471583626377415], [0.000643499653551473, -0.027428235115069224, 0.09682923825963279], [-0.09188598117416366, -0.2682094021353496, -0.04839741844018361], [-0.0056836889243075716, -0.0988819567333285, 0.094038869882253], [0.16564248689746167, 0.14887852508844548, 0.20157094801662223], [0.0034010715351438354, 0.007100043588100064, -0.2167246270278784], [0.08158006842431656, -0.2924328068149217, -0.00031501569250688596], [-0.24748377954699366, 0.4305007627467752, -0.5329766094604788]]"
"['Bi', 'Bi', 'Bi', 'Bi', 'Bi', 'Bi', 'Bi', 'Bi', 'Bi', 'Bi', 'Bi', 'Bi', 'Bi', 'Bi']","[[0.16918205291747124, -1.092631025074649, 1.7627392250544176], [1.5170913669578991, -1.1404752857300309, -0.8524405140127465], [-1.5171786738517974, 1.140639207659447, 0.8524917400543119], [-0.169094746023573, 1.0924671031452338, -1.7627904510959846], [-5.51694269396729, 0.2946417568675592, 3.5176297468810853], [-4.192176713054568, -1.039375933463933, 1.2540693749269847], [-7.9937920533373905, -1.1858168475772333, 2.940292333691626], [-6.668641110124382, -2.51985017581513, 0.6767372041835786], [2.1864266214491077, -1.3758558166990176, -4.184164919518619], [3.926060280239926, -3.0034226658087078, -5.911305488396333], [3.2107054311905143, 1.070926408324825, -5.458515177641206], [4.950238800942609, -0.5570084286700772, -7.185710473340946], [-0.38690324018036815, 3.819253792218629, 2.5657995658858215], [-0.8615471621528245, 4.191170735289345, -0.22787811040175265]]",[-81777.8058002575],"[[-0.2553772248704665, 0.3360522644830131, -0.3955551834860334], [-0.12072035338342887, 0.07024129154303702, -0.24220525042443702], [0.6826534625206702, -0.5529746608750998, -0.7706114643854776], [-0.12329325773552599, -0.5567439001877554, 0.583594973746955], [-0.013417777185980693, -0.08033570523022447, -0.04217206977203172], [-0.24669208502506126, -0.0015639412088300439, -0.028773807269804826], [-0.05314133778765125, 0.048773396204964126, 0.009483904904929574], [0.26431705833545677, 0.09004861841999594, 0.07296331996070986], [0.10059168985620003, -0.13189478526002565, 0.04129720001697218], [-0.07990324544005485, 0.10828026956682678, 0.1083588425227577], [0.04023764782001084, -0.047112688904202914, 0.031036142757608427], [-0.05354135023803525, 0.009420270066602, 0.013270915692434387], [0.04258160559377594, 0.5400594883544101, 0.125306226932432], [-0.19090199530023558, 0.167993556346492, 0.4875969735976779]]"
"['Bi', 'Bi', 'Bi', 'Bi', 'Bi', 'Bi', 'Bi', 'Bi', 'Bi', 'Bi', 'Bi', 'Bi', 'Bi', 'Bi']","[[-1.162782416675229, 0.03163935849437018, -1.7252972793102863], [-1.7053888238264185, 0.2953618059235842, 1.1546927236970892], [1.7055678324959644, -0.29532327618726817, -1.1547526265822194], [1.162603408005684, -0.031677888230686166, 1.7253571821954183], [1.0468660481976522, -5.844633556922736, 2.4659018894769624], [1.7019798185470263, -3.030776635210504, 3.0238882977458235], [3.911371887096557, -6.454287356219997, 2.1781737867975526], [4.566223196309248, -3.640222750933567, 2.7363511130716915], [-2.41582117202676, -7.026202653963368, -4.085730001137774], [-3.550583476583718, -5.336107465522248, -1.961063809486305], [-0.9065404941111095, -4.718997347157756, -5.114678213961671], [-2.041434231138584, -3.029080005240494, -2.9896964844841882], [4.981538453228824, -0.36797138107141425, -0.6533136598870946], [6.8057776795495, -2.551290296564016, -0.38217940789898686]]",[-81777.30651326271],"[[0.29791815558980433, 0.042547672155543725, -0.002526529853028558], [0.14529723352050697, 0.00046171381806824795, 0.12420327449017898], [-0.4059537074228122, -0.11306021008944467, -0.015418939870660458], [-0.24063790507314456, 0.05794102439343505, -0.08896176109240676], [0.3684125466675875, 0.21839486798441815, 0.06329190439884169], [0.16982711386588295, -0.2649344319669403, -0.0069075861259516895], [-0.11772275397699039, 0.03509492444131127, -0.02223932955592361], [-0.7537707293937357, -0.06834304503244112, 0.24997363722119256], [-0.02309123934709365, -0.058729325057323305, -0.021199903965605827], [0.15107121449541608, 0.11087615959385916, -0.13852468694924785], [-0.13171902455101261, 0.10432354530827846, 0.2544924049406866], [0.06054920430035457, -0.10290573539929432, -0.06255944812640699], [-0.4106956470197541, 0.43340739647321247, -0.06388022454858375], [0.8943751828368491, -0.3934018319791199, -0.26633496405315427]]"
"['Bi', 'Bi', 'Bi', 'Bi', 'Bi', 'Bi', 'Bi', 'Bi', 'Bi', 'Bi', 'Bi', 'Bi', 'Bi', 'Bi']","[[0.8866557070815484, 0.6179953939266338, -1.7780995612495052], [-1.314439308544894, 1.6099508206125077, -0.09598219809232078], [1.3145702506519878, -1.6100644168286267, 0.09606626392529372], [-0.8867866491886429, -0.6178817977105153, 1.778015495416534], [0.35928267447772066, -0.7604273599786613, -4.739462709179815], [2.4067635884651484, -2.8621276748994973, -4.518122805635815], [0.10588341964218828, -1.3108266394818422, -7.619169008080135], [2.1534220957583248, -3.4126809172792445, -7.397480640809002], [-5.302273784788567, -2.2484781053639695, 5.666268864998662], [-2.8494869424913194, -0.9699107638045499, 4.662567754541377], [-5.531977968317954, -0.17671629559872115, 7.74350209909211], [-3.079090113946571, 1.1017771013933095, 6.739436575734624], [-5.102950920983129, -3.531362631640464, -7.7719217991560425], [-2.9017945558024048, -2.2310784779859976, -6.494261515678674]]",[-81777.68239353086],"[[-0.20999995442387823, -0.10069602528001147, -0.24821032227889694], [0.1429157221932626, -0.22375608383023193, 0.05822405158547947], [-0.30970188782950697, 0.1283687724405333, 0.2008124721658491], [0.1200584996427305, 0.06543132051893764, -0.12605914919731473], [0.12375199421449187, 0.20384107909350904, -0.45124479444391596], [0.07335798451356976, -0.12827718969543317, 0.07035498578751562], [0.44087547825515344, 0.12593666177517632, 0.7516541961043919], [-0.09275249483934181, 0.15335584660212784, -0.09750980964166547], [0.2053101568277963, 0.12101335646123938, -0.09342710125875146], [-0.08222325594577216, 0.00844410907555243, 0.06628199617990982], [-0.022373011567398512, 0.004032353813957329, 0.03263767865759103], [-0.022973729583419974, -0.12410937775095783, -0.12896058929250262], [-0.8066496088259736, -0.3231232079975973, -0.2612157405703058], [0.4405697224986316, 0.09091621194909721, 0.23440184518331697]]"
"['Bi', 'Bi', 'Bi', 'Bi', 'Bi', 'Bi', 'Bi', 'Bi', 'Bi', 'Bi', 'Bi', 'Bi', 'Bi', 'Bi']","[[-1.4218744284424212, -0.7073878537493191, 1.3444665238078521], [1.3724408398423324, -1.3872668083170048, 0.7216660354099557], [-1.3725016840902544, 1.3874430040030332, -0.72171471864855], [1.4219352726903443, 0.7072116580632914, -1.344417840569259], [1.2783698527880833, 4.081042761657718, -1.1249305110719683], [-1.1548396070287883, 5.637984200565275, -1.6850543725991831], [1.4883962946020994, 3.3838615002057146, -3.9761909515744027], [-0.9449094710145884, 4.941076882025645, -4.5360615376119195], [0.09463378898122721, 6.969404251575245, 2.641989155762613], [1.3066309413395485, 8.5248899885999, 0.45799266209093403], [-2.5558280135672176, 7.30111631617773, 1.4071295456919741], [-1.343454642973895, 8.85655064624815, -0.7769324091491822], [-1.413768728111366, -1.7929506225349303, -2.046464646551014], [-0.24812582055578025, -2.2517657384561307, -4.615318345316978]]",[-81777.27038998331],"[[0.04645103570966171, 0.1490924409894093, -0.5017176342112268], [0.06461628036742892, 0.3067739653571564, -0.18716000969611632], [-0.013723882612725245, -0.08358126196225128, 0.4368514424787297], [0.02794174126377467, -0.33106010498845345, 0.2662826677860196], [-0.3958583681379763, 0.18843779724973403, -0.3805558221716023], [0.4029812019970637, 0.05216431804767233, -0.08563948259974581], [-0.2100743107682998, 0.21615435603228017, 0.10869791979462196], [0.21198978367957427, -0.04278368412925853, 0.37168144902919065], [-0.09299613270923761, 0.04558888263784937, 0.020220873621846214], [-0.05744567538526574, -0.12035494800067675, -0.08133920734736597], [0.08976924219645355, -0.06738746830465017, -0.06871102151977214], [0.03951689521561923, -0.24085644896235037, -0.018301497773820997], [-0.28930485240633336, -0.10821475782215659, 0.26750373677262695], [0.1704511723692716, 0.034044587083160674, -0.15432885541896368]]"
"['Bi', 'Bi', 'Bi', 'Bi', 'Bi', 'Bi', 'Bi', 'Bi', 'Bi', 'Bi', 'Bi', 'Bi', 'Bi', 'Bi']","[[-1.3561827826857722, 0.5003700356271982, -1.4967006337018813], [-0.4861296567437033, -2.009724626549146, -0.23149471973599134], [0.48615616857414773, 2.009887397031439, 0.23159431839532452], [1.3561562708553292, -0.5005328061094908, 1.4966010350425498], [-6.003088595266598, -1.5419071531138762, 2.332732433883078], [-5.486361319834943, -2.886623034207823, 4.898477117545252], [-3.40959164488641, -2.4887814891652704, 1.3143702796123597], [-2.8931697182489993, -3.83358325672011, 3.880333717999487], [0.4482256350362981, 3.9142555877917715, -2.6056144463680404], [1.1994467212570976, 6.148764794880125, -0.844663242377247], [-2.3969336273521673, 4.5140063763584815, -2.1525949319829114], [-1.6453601870160806, 6.748664870628806, -0.3916887603664696], [2.9369956412898146, -2.9370399251395467, 3.2020702090111732], [3.631389339724593, -4.017987002835056, 0.6491082369106085]]",[-81777.55477768654],"[[-0.07092793073187588, -0.20986533138812744, 0.09199067655261614], [-0.25918595634945374, 0.3865816685510597, -0.23955480155824055], [0.23959367665947337, -0.8392465868980808, 0.29801117815346867], [-0.2919844575984545, 0.6546222519597592, -0.345023208313408], [0.4365768485097041, -0.11498103089824323, -0.16583310859094072], [0.07540741197340449, -0.05724034697359544, 0.045613493250878524], [-0.1918823060540755, 0.11327613145198002, 0.08131221074928761], [-0.17606605339283887, 0.10358137026053552, -0.007914939757752376], [-0.011916262396326142, 0.21706067039633958, -0.04184154913620601], [-0.007818497624998139, -0.17729025912703245, -0.11177609761856291], [0.03713366639051612, 0.0630353081618683, 0.006437120267896893], [-0.04409863957066868, -0.003482352892638176, 0.01489235708406677], [0.045726704127696284, 0.03831156138903471, 1.1778785434492793], [0.22372147676260007, -0.16864522851305794, -0.8176133129712845]]"
"['Bi', 'Bi', 'Bi', 'Bi', 'Bi', 'Bi', 'Bi', 'Bi', 'Bi', 'Bi', 'Bi', 'Bi', 'Bi', 'Bi']","[[-1.2301407592497937, 1.0364858228751375, 1.319911190550973], [-0.09579722096105947, -1.6770143621631064, 1.2277420920308575], [0.09588679529052568, 1.6771509087486625, -1.2278443097860368], [1.2300511849203288, -1.0366223694606944, -1.3198089727957951], [4.247784328456593, -0.08032611627708564, 2.188302565008805], [6.71054961960737, 1.5296617668556274, 2.220548443053527], [2.8387577229214687, 2.10303617115078, 0.8072044280587461], [5.3018568110378785, 3.712835070753367, 0.839486813788625], [2.9971049474973928, 8.908176623937859, 3.565524943250599], [4.269210756991114, 6.630883550121471, 2.203909459649509], [1.4522002212273124, 9.500064991756087, 1.1318453291795842], [2.72445391504304, 7.222493883045923, -0.22954813004188113], [-2.214818028413114, 2.8127831032588873, 3.9501606607779345], [-0.844758269860818, 0.45855810643145745, 4.815495825037722]]",[-81776.88641903289],"[[0.19898246277077702, -0.53330776773024, 0.03203126307382275], [0.10994099743642462, 0.4183253998576158, -0.5045410669934913], [-0.05226726507501116, -0.059874957835585954, 0.7510654131558256], [-0.023661242947815665, -0.27226624520619996, -0.07396815905223239], [0.20746124576268038, 0.28529048398312634, -0.09676578339862574], [-0.2715369256813515, 0.03282857288815543, -0.0413029592912289], [0.16400747007365274, -0.023108203495105176, 0.030037140073479986], [-0.14620966711346414, -0.17191089128289166, 0.14843588372414349], [0.21444014918744136, -0.38898405724748464, -0.1825207085939638], [-0.1181132019183409, 0.11084216959132621, 0.0985195338318879], [-0.009446243365057965, -0.03809481727303412, -0.09543575099996497], [-0.08889254695714299, 0.15472290290672464, 0.07440576105155979], [-0.4599102910503385, 0.9261756327104157, -0.06246668267320056], [0.258989215427077, -0.4427466767455794, -0.08538766861728914]]"
"['Bi', 'Bi', 'Bi', 'Bi', 'Bi', 'Bi', 'Bi', 'Bi', 'Bi', 'Bi', 'Bi', 'Bi', 'Bi', 'Bi']","[[-0.004852349105651466, 1.9606212895557027, 0.6968897424841247], [1.6823119399059068, -0.406244904436563, 1.154857799670095], [-1.6824148373485175, 0.4062496889744054, -1.1550206069933393], [0.004955246548262182, -1.960626074093547, -0.696726935160881], [7.015987391213893, 0.6756302071130392, 2.23740696548739], [5.113153245849817, -0.7659272741843981, 0.517102369453898], [9.169304359264618, -1.1334857173411235, 1.3712750331894341], [7.266151907756784, -2.574854611419613, -0.34913719211375505], [-2.386686334088798, -5.284594813039056, 1.08560735707258], [-0.6419544058225684, -5.900486240512363, -1.2023834444463635], [-0.08728264339328023, -4.157266378337749, 2.5353425689939613], [1.6572808262384089, -4.773199784376689, 0.24700777984664035], [-5.015304366112371, -4.443471924041352, 6.092014327821574], [-2.3205580760621696, -4.209468511922862, 5.169068576667381]]",[-81777.3021346452],"[[0.11339743616601214, -0.10459577386109152, -0.018797181025585565], [-0.14848581457506554, 0.0882665344142744, -0.22560388526898997], [0.2435717410860265, -0.5170085073628128, 0.17519316338830507], [0.1329816940097064, 0.34973131217409165, -0.08500462545712584], [-0.05718573671233977, -0.1382559036765705, -0.11489736715524608], [0.1667285214715856, -0.06828334398411927, 0.02616642440530477], [0.05430388843404301, 0.04481924305099471, 0.028736474831319313], [-0.24125394173024703, 0.20045385449918526, 0.10805648062428003], [0.15692978481097072, 0.022328006952849592, 0.09409764533292647], [0.024280524338896724, 0.07461931699788256, -0.12252418893388785], [0.040608956458876085, -0.2214737142955496, -0.3071336114656519], [-0.33313760891028965, 0.26056411982583144, 0.15948181179388723], [-0.9143053570905875, 0.002553384526134168, 0.382036418454403], [0.7612490441719006, 0.006933538855571025, -0.10435650686897986]]"
"['Bi', 'Bi', 'Bi', 'Bi', 'Bi', 'Bi', 'Bi', 'Bi', 'Bi', 'Bi', 'Bi', 'Bi', 'Bi', 'Bi']","[[0.24248323475991118, 2.009711518619847, -0.48163906851248883], [1.8451149554180617, -0.4287901547789217, -0.8605781355848943], [-1.8453044482311294, 0.42876787965823426, 0.8606048431267916], [-0.24229374194684372, -2.009689243499161, 0.48161236097059196], [1.2554270687420057, 4.230775614511758, 3.540058638589463], [0.3491846546572974, 5.155337083287324, 0.8976687284604727], [2.992013047268645, 6.595205904953692, 3.771569886653884], [2.0854325380844556, 7.519633404752485, 1.1290526501059184], [-4.41163440623124, -4.25545857926023, 6.1688077177173515], [-3.018962629891562, -1.896464778985942, 5.094597666825833], [-3.1868454712356673, -5.929020698938042, 4.081000060521191], [-1.794121728594557, -3.569728896103933, 3.007028676715497], [7.763672580496596, 7.620590213706393, 4.965371852008281], [5.506772678935054, 8.758331103377593, 3.6311332951910673]]",[-81777.6315800727],"[[-0.0744602684686323, -0.03065749104406586, 0.10251117369061756], [-0.3381072969508298, -0.12633662280346875, 0.19896420792826688], [0.19900380293878184, 0.09552702521251562, -0.176945114048362], [0.06537023107414316, 0.05179603302779186, 0.08524708061891534], [0.14295937954901217, 0.2941463965946616, 0.10079670973532086], [0.024091213908752913, 0.02618347597087198, -0.12056870963536581], [-0.3401996104350405, -0.6102527002418219, -0.07236564099030064], [-0.0047654456634439535, -0.19838262407252152, 0.08974723354125823], [-0.028115506795634498, 0.03782716014416232, 0.052492288147755785], [-0.0009667574331627294, -0.13330498469945626, -0.02646100099911757], [0.1695406413937028, 0.24343752942700833, -0.12560822887626866], [-0.024345521862651112, -0.10120063026466479, -0.06236265578193859], [0.8047007115551735, -0.6146487748508113, 0.48978344093156756], [-0.5925850980175084, 1.0559742478293623, -0.5342333653786411]]"
"['Bi', 'Bi', 'Bi', 'Bi', 'Bi', 'Bi', 'Bi', 'Bi', 'Bi', 'Bi', 'Bi', 'Bi', 'Bi', 'Bi']","[[1.6618555116576064, -0.20373773012105933, -1.235492571903552], [-0.618906641125195, -1.9181479991514736, -0.5163019910012241], [0.6188849415875226, 1.9183380058118336, 0.5163253062126516], [-1.6618338121199352, 0.20354772346069994, 1.2354692566921257], [-6.51715942063623, 1.4142023242466075, 4.737496176421795], [-4.633887237643284, -0.08514393227104561, 3.045290412451739], [-5.032727164218619, 0.5725154170709872, 7.134970460653236], [-3.149427060966028, -0.9267249588591515, 5.442395267718032], [-2.3428643015535626, 3.6489318975536973, -0.018490435580994946], [-1.52240415668535, 3.718203180782532, -2.8434435855968796], [-0.0019707986364733143, 5.280534423089717, 0.7011968046977564], [0.818216573703171, 5.349741673141095, -2.124020850327237], [1.1894516382832294, -3.183806650505444, 2.0323648268467185], [1.7491495841858424, -4.920002553330027, 4.23250255448186]]",[-81777.27897681048],"[[-0.20090189518310295, 0.3669948396027865, 0.1750267614999592], [0.06720723387366985, 0.478029430660797, 0.40928899570464233], [-0.27926931701400254, -0.11021060346256721, -0.2398608658473118], [0.23148343579790837, 0.09587715823406912, -0.4923059516339184], [0.16370845061112763, -0.043115089225059376, -0.13552225386620106], [-0.03891240796028511, -0.0027477862575650998, 0.01763492862732496], [0.10528626970679872, -0.05072140901578904, -0.06151465406972847], [-0.07712382996818114, 0.043934191721802754, 0.11258440147607494], [0.18929531204888603, 0.24925233954263024, 0.025702144624866783], [0.07500328575569426, 0.015084279756462734, 0.09692010109545084], [-0.16084238891494523, -0.30159442376088713, -0.027810938889428125], [-0.06095178785531746, -0.11103495101265153, 0.004292278602918574], [-0.29104096506218435, -0.6158854761532582, -0.28915557407448295], [0.2837584141866562, -0.015997762360088076, 0.4095230176434131]]"
"['Bi', 'Bi', 'Bi', 'Bi', 'Bi', 'Bi', 'Bi', 'Bi', 'Bi', 'Bi', 'Bi', 'Bi', 'Bi', 'Bi']","[[-1.199973478484162, 0.1251010630921333, 1.6953253594747935], [-0.7892003649970307, 1.7967867719799444, -0.6911041910710314], [0.7892484271884249, -1.7969728604368624, 0.6910908452117275], [1.199925416292769, -0.12491497463521584, -1.6953120136154913], [3.7752462293856643, 3.5364440049657775, -6.097516340230795], [3.4924559187194846, 5.632145287597327, -4.051451963445011], [2.05724391219074, 1.752846531886162, -4.50782863212839], [1.7745174737756848, 3.848911514695356, -2.46187430313367], [-6.963912478283041, 1.5017345104938755, 0.12072887018517875], [-4.025613019058737, 1.5906890014114774, 0.25033228931349116], [-6.806628473274323, -0.068935269807473, -2.362840557105214], [-3.868169565489511, 0.020084460759902, -2.232892481706612], [1.053086240002815, -2.134795249172627, -6.173898608364971], [2.8805330354167054, -1.9170691547020624, -3.987285340794755]]",[-81777.66866986967],"[[0.040869039113658474, -0.18718289252686846, -0.07096089229257728], [0.42904628888649604, -0.3103220382539357, 0.12044149138080226], [-0.11193874569422362, 0.34286512597406926, -0.06038604200377809], [-0.6927023676568113, 0.40704293016661397, -0.007413594933705086], [-0.2714307390622433, -0.3009863575279792, 0.17606199104760423], [-0.074813178283131, -0.034949775303414504, 0.2322634575050526], [0.10557402773126831, 0.5645780558396389, 0.09140415617607933], [0.0258086140654787, -0.09815705950835571, -0.36745666140724703], [0.5691973023260761, -0.059186981672366065, 0.17062343637605734], [-0.28014981748808987, 0.276902923781682, -0.046383256250752965], [0.22639167171196248, -0.05053417089593582, -0.14825256396766848], [-0.33008442222285556, -0.11740758797770982, -0.09047439333826043], [-0.6806680555648499, -0.008640932273275762, -0.6018421029433507], [1.0334770827640583, -0.4401785032259074, 0.607477449959366]]"
"['Bi', 'Bi', 'Bi', 'Bi', 'Bi', 'Bi', 'Bi', 'Bi', 'Bi', 'Bi', 'Bi', 'Bi', 'Bi', 'Bi']","[[1.5868512127004062, -0.8962211662053359, -1.0041939800294044], [-1.1605232699967627, -0.12516585599093555, -1.7223310283681172], [1.1606038428647663, 0.12525607178835474, 1.7224809821037756], [-1.5869317855684113, 0.8961309504079177, 1.0040440262937471], [-3.75912638773785, 4.143424155234143, -2.2480576383155824], [-3.0336195465620124, 6.441836559929067, -3.9360309500517476], [-0.9941400200830066, 3.1497018809463126, -2.413058685045886], [-0.2688569684699389, 5.448427152838606, -4.101009628313058], [-1.3222427964026449, -3.1886576045237884, -5.7138487928560115], [-1.9750903843160368, -0.42205785181034194, -4.953566282848339], [1.2438597909846936, -2.2765387541453403, -6.828754901433459], [0.5907529528786649, 0.490110252066843, -6.068191622071191], [2.3583197138954457, -3.9356742269560003, -2.35283449758848], [5.145432477513133, -3.38718685008146, -2.668124942233828]]",[-81777.32144188219],"[[-0.7643801353280752, 0.38063244108805333, 0.7085048906195967], [0.4994223577315586, 0.29437357939525244, 0.17591548950869895], [0.15585783988993912, 0.025745724847479005, -0.44203031558780853], [0.06799928835024328, -0.24037781213394382, -0.35076448483807354], [0.19943867956725558, 0.14940920107352879, -0.11295242938549754], [-0.14832599471444163, 0.00414083334412902, -0.00820222469897944], [-0.1251239356177886, 0.23892920039210458, -0.29942142901499086], [-0.08719613215599012, -0.4293435599979075, 0.45723695935338987], [-0.018201939462317143, 0.09415055866516006, 0.00410174689809979], [-0.01171013180002722, -0.08208945566348663, 0.07283239931555269], [-0.0920297573422153, 0.019168535944333237, -0.010715212029970058], [0.020061398289235866, 0.020253382668141723, -0.05060692287110015], [-0.7383461588040474, -0.6604077514831818, 0.0035859812626904135], [1.049800511514527, 0.1908687766290763, -0.1362156807711282]]"
"['Bi', 'Bi', 'Bi', 'Bi', 'Bi', 'Bi', 'Bi', 'Bi', 'Bi', 'Bi', 'Bi', 'Bi', 'Bi', 'Bi']","[[-0.009733736933996151, -0.2331944675909845, 2.067665421237381], [-1.0559198299938368, -1.7809001595765745, -0.20574950117902502], [1.0560643890955204, 1.781022432227238, 0.20571387724015844], [0.009589177832312834, 0.23307219494032105, -2.0676297972985163], [-0.8024178229955976, -1.0074772930442324, 7.137306794278227], [0.8615112854496711, 0.5109427051395944, 5.244146924915378], [1.3840072739736633, -0.9484519075084564, 9.106042484095504], [3.047754110723793, 0.5701635940019371, 7.212605083692133], [-2.640046031576773, -3.0664740786455384, 9.043763069066818], [-3.478806010644014, -2.24498608811719, 11.741901842131469], [-5.127829996755532, -4.608751637768305, 8.740168289169706], [-5.966430586144774, -3.7869440241380796, 11.438451644402328], [0.962162008370901, 4.871883778798214, -3.4997173912881325], [-0.8652182745547812, 2.7617251725300194, -4.1130329561996435]]",[-81777.75273976935],"[[0.0068925245953285405, 0.08862520350302981, 0.1408807957632528], [0.32548286493592116, 0.2920506892524068, -0.010728653764708504], [-0.022483214251858976, -0.3476907293140083, -0.003087645659442261], [-0.12024397912705177, -0.42275417891684863, 0.3550717020728164], [0.1714096287341909, 0.07977381603555343, -0.009432385111377738], [-0.32048592318684477, -0.31733210346619284, 0.280936061268315], [0.025587365374255894, 0.062187666404299215, -0.05085724047069189], [-0.08535023333462048, -0.023145330245224374, -0.08486948820045928], [-0.04287639301816421, 0.09485894939873636, -0.18733633604813674], [0.01894074636306173, -0.03121865004503649, -0.10869755983998092], [0.0940203065071934, 0.08610963478304198, 0.06816198784799556], [0.036989108606672504, 0.0010619592650681067, -0.01654648749931518], [0.7392259907909442, 0.9566946440618624, 0.17313576550427576], [-0.8241007240447444, -0.5101288999968886, -0.541166605986081]]"
"['Bi', 'Bi', 'Bi', 'Bi', 'Bi', 'Bi', 'Bi', 'Bi', 'Bi', 'Bi', 'Bi', 'Bi', 'Bi', 'Bi']","[[1.3694034244807065, 0.08952320932712088, -1.5641082301243687], [-0.9776894681334083, -1.5740960265545, -0.9461764772365923], [0.9777006378870892, 1.5742681358216082, 0.9462623296493624], [-1.3694145942343887, -0.08969531859422886, 1.5640223777115998], [-1.8479534513834854, 3.7470156102078027, -4.269382270135784], [-0.437229512421617, 1.164769637581875, -4.282700103258596], [-3.6146336327176973, 2.7927309137203955, -6.420670435883427], [-2.203717552352958, 0.21038728394759465, -6.433668874637208], [-7.533016569825378, 7.188637638132963, -6.493300719156378], [-8.991052250565119, 6.710723505287771, -3.982515245425372], [-6.575761886270474, 4.406044863047002, -6.4668463054110745], [-8.034092394493253, 3.928365498685817, -3.9559806536646125], [-0.8510482166731438, -3.1721303878784433, 2.8975601877407504], [1.8526381045942388, -3.9363517747708077, 2.3738331861416837]]",[-81777.55148637884],"[[0.14023375158492887, 0.07883577424099052, -0.1273640876152855], [0.05841606167543111, 0.13720951553505306, 0.11484054574405257], [-0.1846305570114025, -0.012904898386792495, -0.024689926463202838], [0.21503700540438536, 0.2753068849032891, -0.3299955134265175], [-0.04122848981820588, -0.17034262033395078, -0.13331105250626246], [-0.038247453467464616, -0.032812452062445784, -0.07242529061653094], [0.012204637485894657, -0.13025544898052416, 0.03168538265924274], [-0.1074738683267031, 0.4356587584866734, 0.17826254803458622], [0.13040447020191676, -0.2676064266895079, 0.0025385101719243627], [0.007322171597088849, -0.05528178234957874, 0.027267345674940487], [0.027790370052796987, 0.14499312327091565, -0.0030549298963386093], [-0.012643365629027611, 0.07054067096020318, -0.03196610614158447], [-0.9664602134734095, -0.35180706774481424, 0.6955192698334453], [0.7611744821391128, -0.11539004221465336, -0.3315789024703823]]"
"['Bi', 'Bi', 'Bi', 'Bi', 'Bi', 'Bi', 'Bi', 'Bi', 'Bi', 'Bi', 'Bi', 'Bi', 'Bi', 'Bi']","[[-0.18828192861342719, -1.9692136012376247, 0.6453389865712836], [-0.43855126216850626, 0.6710529388911092, 1.9199650170369027], [0.4385295512199263, -0.6710609435789525, -1.920156280100991], [0.1883036395620073, 1.96922160592547, -0.6451477235071958], [-3.504128564466863, -2.710718194743849, 3.858591146532678], [-0.564819421913838, -2.8311906401483906, 3.9238737183604506], [-3.63959152255574, -5.070195683977087, 5.611980630344652], [-0.700090721656724, -5.190343864736441, 5.677182038644328], [4.552766190938027, -0.1485005603450107, -4.584377060472243], [2.2817076714888658, -0.35318504727065025, -6.444138099377879], [2.9256405421900094, 1.5123129657662595, -2.780486966307083], [0.6545806084962316, 1.3073307262684997, -4.640492564828576], [-3.9690726686271747, 4.051856760650518, 1.5364157910254082], [-3.143949265655925, 1.89514352176107, -0.14762797303303532]]",[-81778.07738355393],"[[-0.07577009198530298, 0.2184618709697441, -0.45519575942820756], [0.6042609981311722, 0.2881706867544926, -0.07745529677049187], [-0.07587854117644063, -0.07667974878531493, 0.5119885285167095], [0.587437232429651, -0.4498458050204493, 0.28618790232534275], [-0.024981191474318026, -0.20059408254291805, 0.0958686221668672], [-0.0006858729996743586, -0.19134057431930296, 0.023917263257363406], [0.10734526167566694, 0.20199199210246155, -0.08201545927370613], [-0.0246916850987348, 0.19438342516632995, -0.24056591414493556], [-0.24173026456453253, 0.20850269738340635, 0.28236405275143156], [-0.038012953303242204, 0.02534518274955175, 0.03262793931344619], [-0.020244378659906442, -0.0722861938588129, -0.19536882670723604], [0.09457329968002147, -0.2519425376856164, 0.1812737742952928], [-0.03833671193402543, 0.16314856687802812, 0.31088526442298775], [-0.8388372670491212, -0.06202512117282167, -0.6713848253723028]]"
"['Bi', 'Bi', 'Bi', 'Bi', 'Bi', 'Bi', 'Bi', 'Bi', 'Bi', 'Bi', 'Bi', 'Bi', 'Bi', 'Bi']","[[1.6800334291818069, -0.10875145528390806, -1.2228554687025572], [-1.1554640469993316, -0.8395997967589013, -1.5129044716583528], [1.1555078803558705, 0.8397319364494291, 1.5130376434986264], [-1.6800772625383478, 0.10861931559338028, 1.2227222968622848], [-1.282579206663085, 1.0997564411154133, -5.3384655970086765], [-3.4920001724243153, 0.49622330724535146, -3.4911647519491344], [-2.623319189521542, 3.59835502314641, -6.125409268050256], [-4.83266619618797, 2.994579410594354, -4.2778182469388515], [-1.510439725110958, -2.4071313349254813, 3.4900605450943645], [1.375430188658156, -2.4030139509142536, 2.915559415649736], [-0.9418370700824135, -2.8569201884203137, 6.34211943738977], [1.9441482429102401, -2.852626162025788, 5.767295897511642], [-6.2414728987642505, -0.672610745151032, -7.767937981873498], [-3.672236354235613, 0.5789855825134923, -7.740112902696298]]",[-81777.68221063027],"[[-0.17980911886088127, -0.16622263093464285, 0.24785504704818564], [0.1697219556886063, -0.03901259876351537, 0.4061003632279922], [0.054191274053487545, 0.2839240447436284, -0.0955182834569474], [0.12121714221016236, -0.10250099211648515, -0.12802249607584815], [0.03606808752442185, 0.3696027109771565, 0.16719337717944927], [0.01501639745337083, 0.2450339796821339, -0.2165420786027771], [0.2068955513332326, 0.05746953523575785, 0.36113400671520246], [0.13907829718717485, -0.1773650268481866, -0.31847773624445547], [0.05884173374951246, -0.15016047783148098, 0.26605774755745815], [0.12080298868459445, -0.30487535889191947, 0.23153228678490728], [-0.34949163380524734, 0.21031542895570826, -0.5125011039255574], [0.15403472105513846, 0.14123550535095672, -0.40272897663787444], [-0.36393522515390514, -0.2203783723228501, -0.23925758186892063], [-0.1829154245689153, -0.15050418309158728, 0.22397483340780408]]"
"['Bi', 'Bi', 'Bi', 'Bi', 'Bi', 'Bi', 'Bi', 'Bi', 'Bi', 'Bi', 'Bi', 'Bi', 'Bi', 'Bi']","[[-1.5938051369704214, -0.2204531468463954, 1.3194318076136855], [-0.07131934504127213, 2.0632247159951156, 0.2586933422399147], [0.07132190041523623, -2.063387728247023, -0.2587959944478403], [1.5938025815964585, 0.22061615909830345, -1.319329155405761], [3.5894753017080188, -0.15987724262961622, -3.9669184520228735], [3.5161995650256763, 0.21154651268888547, -6.884963811536801], [5.3888171441898525, 2.1553051243472785, -3.7176024704084893], [5.315240702891573, 2.5265798160283564, -6.635837104236448], [0.8287084255576477, -0.16494106909431028, 6.857266831304393], [-2.089121195447355, 0.17227081152387752, 7.032971441766802], [0.7788805068693369, 0.8454264380121074, 4.093838960659359], [-2.1391020751043905, 1.1826702909148683, 4.269895776622953], [0.38093098793023633, -7.438612808360967, 0.22738396820083995], [0.9769143029988911, -5.098654966436078, -1.3015520050727298]]",[-81777.699633458],"[[0.32852149917143875, -0.26629413491244147, -0.23845298040200222], [0.343569197251953, -0.19050630230554413, -0.43280822626214754], [-0.27133473401726743, 0.9877890686180651, 0.35242181884962726], [-0.4060515636630848, 0.0698046665634496, 0.2948646089477292], [-0.06411913158605438, 0.04870769419855512, -0.0006273382043894743], [-0.013986042720007377, 0.027416562300281055, 0.22686820023461426], [-0.03868376991450257, -0.003409291870703468, -0.13007192353568287], [0.013339949850377633, -0.049032378426986746, 0.05778876358027308], [0.026321004354796906, -0.028435141374673182, -0.2670138385061649], [-0.08969709700196984, 0.1292518954412911, -0.09480793868389115], [0.03888507711861149, 0.08797538253176068, 0.2697775188180158], [0.01948380478779696, -0.28449246454392985, 0.11785943389640428], [-0.19827911140217536, -0.8109114717759448, 0.4938101506567533], [0.3125564309771759, 0.29050787223879687, -0.6525571407619933]]"
"['Bi', 'Bi', 'Bi', 'Bi', 'Bi', 'Bi', 'Bi', 'Bi', 'Bi', 'Bi', 'Bi', 'Bi', 'Bi', 'Bi']","[[0.2749780630734503, 0.7936031007752085, -1.9037583572499022], [-1.573821886165836, 1.3218392553864065, 0.3236210384607583], [1.5739887646921669, -1.3219256394261696, -0.3235785372240235], [-0.2751449415997813, -0.793516716735446, 1.9037158560131688], [0.873638731381017, 2.009320187649881, 3.356250808007492], [3.6181812652667835, 2.8236598378166824, 2.676066367109212], [1.1768268161187916, 3.215742551462131, 6.023174313195014], [3.9214564676838126, 4.0301134790155215, 5.342615839898338], [-2.0443907120463156, 2.8833456377927726, -5.961723840877462], [0.5088823702028124, 2.8789721824361734, -4.499160645616388], [-0.7170706922961823, 1.6531104285736884, -8.28219832087572], [1.8361853380600772, 1.6487517293571203, -6.819250470588314], [4.60738951473036, 9.202259972898446, 6.941832667023284], [4.8423965582214565, 6.403479208270553, 7.470833560457757]]",[-81777.44784020743],"[[0.11680954905265957, 0.16465065759510833, 0.13208525268722995], [0.20370666174612456, -0.2188314929640056, -0.16878900468110958], [-0.2894596843240742, 0.24536189836012576, -0.17307945831399804], [-0.05761356851426739, 0.08096943108682975, 0.00045858756058868175], [0.07916071043767088, 0.056795648725630296, 0.28268538940170146], [-0.11529218597438073, 0.014475868995541227, 0.4620957299423966], [0.033094167991154964, -0.2587908289977697, -0.6130546900118983], [-0.18941224588513403, -0.04737522439275356, -0.42459519263951834], [0.0729785408998169, -0.07794432086139712, -0.05395606940661051], [-0.0326255379017695, -0.20021623301400407, 0.15047492392147946], [0.05972064013876086, 0.06646192207834066, 0.10089482308605138], [-0.12775170734159927, -0.03006759737832154, 0.019996575600592842], [-0.14521701505764556, 0.8495510598293636, -0.15022593815405957], [0.39898889365114354, -0.6490043884548804, 0.4270760514476912]]"
"['Bi', 'Bi', 'Bi', 'Bi', 'Bi', 'Bi', 'Bi', 'Bi', 'Bi', 'Bi', 'Bi', 'Bi', 'Bi', 'Bi']","[[-0.4968666113069927, -0.6696704410412555, 1.9064049335055802], [-1.6305676368355122, -1.026299132565513, -0.7854070251719354], [1.6307533898987219, 1.026348921381174, 0.7854185955368191], [0.49668085824378394, 0.6696206522255952, -1.906416503870466], [3.18446302101889, 2.8463799096672195, -1.5497029775007496], [1.1044901945027408, 3.985999751524254, -3.2913382196746594], [4.875445853851007, 5.207522080122308, -2.0245120202965925], [2.7951126954988554, 6.347014528691535, -3.7660982735106776], [-5.295155708547334, 0.13571278485370608, -1.8456320112600888], [-4.811139565560142, 2.8687338696624334, -2.8226876816805264], [-4.064459869964705, 0.8398288958565223, 0.7330240674515855], [-3.5806629922076993, 3.572974554818292, -0.24432293103002223], [-3.1101732837075025, -2.285680674307381, -3.532205138281545], [-0.4521587286666333, -1.8329218321862573, -4.47994565143271]]",[-81777.51604216782],"[[-0.0031043681236233743, -0.08654600265217152, -0.9400842800403892], [0.2902214511887083, 0.16184146873221106, 0.20590932703886125], [0.10501275560169622, 0.3514619226661438, -0.47745160061773684], [0.23792873217836616, 0.21126036131054263, 0.8143382399586919], [-0.12550013963977205, -0.19097419191681086, 0.24650022920138437], [0.09763502243465752, 0.07442663842074039, -0.043158042098154346], [-0.12948211214528507, -0.16821312867752938, 0.06955264689262662], [-0.1765924613443212, -0.2827189680275018, 0.06059790102107877], [0.07983593392217947, 0.18761833479834958, 0.7638720850632862], [0.0471481598629733, 0.10915110268769744, 0.10686225396947631], [-0.6549133009980899, -0.0012169418495372995, -0.2028317662800192], [-0.04517345898661949, 0.07633815183096335, -0.19732636288942118], [-0.018219135009740775, -0.16075975361377967, 0.008510947510185305], [0.29682703022861423, -0.2845113364515389, -0.4467169250142127]]"
"['Bi', 'Bi', 'Bi', 'Bi', 'Bi', 'Bi', 'Bi', 'Bi', 'Bi', 'Bi', 'Bi', 'Bi', 'Bi', 'Bi']","[[0.0756225849479592, 1.4211057386705375, 1.5180429518607015], [-1.1569333646982884, 1.29085795339743, -1.1506936415866709], [1.1569748463115492, -1.2910251648886168, 1.1507798772694047], [-0.07566406656122016, -1.4209385271793522, -1.5181291875434364], [2.25685129595884, 5.10983861445208, 5.240069298609787], [-0.284017798123051, 6.593301930880774, 5.280498190900488], [0.7955540600596049, 2.6232262212801403, 4.655921961346345], [-1.745298394807676, 4.107069555544002, 4.696289391604124], [5.5691185587421534, -1.8188819493629569, -1.3836974819482548], [3.3515262253913676, 0.09657148244110964, -1.6513466056827464], [5.980969708893872, -0.9530211007818972, 1.3984819763484593], [3.7631169223368977, 0.9623632521726826, 1.1305574252370776], [-1.6004568526129848, 4.624301994311595, -0.8424315244113071], [-4.228022350664394, 3.6313867420013493, -0.3149252406804627]]",[-81777.20798061577],"[[0.14824546771903074, -0.4570891208401035, -0.40931779207592595], [1.0423257962827726, -0.5357174069415775, 0.3496204461446498], [-0.5359431499236043, -0.14582076183486095, 0.04642280498138548], [-0.2787032112078221, 0.5672874858448753, 0.2772923947032926], [-0.07441913079537003, -0.11258861808758433, -0.08182164941054924], [-0.005206517625511026, -0.045554604671603584, -0.05299396207318916], [0.06524712658690583, -0.002230489786489451, -0.03796420001821726], [-0.0761039242038263, 0.11523089084121994, 0.07483184450237375], [-0.03772508215017115, -0.12236123232567768, 0.12829955830526954], [0.1380380282745552, 0.2741233540435336, 0.14727472147422432], [-0.4502356358967009, 0.2708557372342199, -0.16159556829028585], [0.5025505178285131, 0.021857710787697, -0.27699070129200537], [0.5397273016428173, 0.2585293990841879, -0.17746447717329816], [-0.9703204698881578, -0.10215785249938625, 0.1784128548082682]]"
"['Bi', 'Bi', 'Bi', 'Bi', 'Bi', 'Bi', 'Bi', 'Bi', 'Bi', 'Bi', 'Bi', 'Bi', 'Bi', 'Bi']","[[1.506170415847414, 0.8403434380585479, -1.1640396402479023], [-1.4272680941658331, 0.6962325180008613, -1.3442734064333455], [1.42734699966781, -0.6962559060061303, 1.344447601504939], [-1.5062493213493926, -0.8403200500532797, 1.16386544517631], [-2.901022123284725, -1.0912492402474427, -3.8451867734704024], [-3.6631735067259683, -3.1444264036980867, -5.810359148603273], [-2.567890171816394, 0.864833864810697, -6.018345972924507], [-3.3302473074482655, -1.1886426725039398, -7.983389859436831], [-0.2757404906829075, -3.1271415180432935, -4.895489024456016], [1.4324800233699002, -0.8884413640864719, -4.041956391321894], [1.9969727194207993, -4.308784124411163, -6.344058778589815], [3.7050840707899977, -2.069888389302722, -5.490212617910429], [7.534220230049187, -4.062851424285428, -6.2124814014440695], [5.7589131294801446, -2.7925392801421993, -8.05715909126074]]",[-81777.45037340256],"[[-0.14671643182596372, -0.04065877418119669, 0.04510440425983961], [0.04363430836813912, -0.07662303021830458, 0.01954531075153321], [-0.06734674200812053, 0.03635550616308702, -0.12060295674835667], [0.0833793788307167, -0.02522478820654056, -0.03972078895093451], [0.04230894509539361, -0.42909693964670026, -0.34897232210240275], [-0.018021566191689563, 0.3477191143085593, 0.40095013222392223], [0.03408072138691242, -0.053335661871723894, -0.1472612488862309], [-0.039610596550892364, 0.007992520267315858, 0.029535728400713647], [0.47624302719938294, 0.24179104547677754, -0.2587052626373842], [0.6526810680026959, -0.6088344789561051, -0.04203470079659069], [-0.4760783222400591, 0.32108154527359084, 0.443352223296], [-1.038663514920599, 0.3351429162155506, 0.3369599158214535], [0.44332759211413425, -0.266543532056594, 0.545955545374725], [0.008840635108127454, 0.20057762747361313, -0.855792159084166]]"
"['Bi', 'Bi', 'Bi', 'Bi', 'Bi', 'Bi', 'Bi', 'Bi', 'Bi', 'Bi', 'Bi', 'Bi', 'Bi', 'Bi']","[[1.039931664349521, 1.0238117966168456, -1.4832620261174094], [-1.3226737034900224, 1.5965485042654748, 0.17456251204988094], [1.3227978350456222, -1.5966802806689357, -0.17449660805610578], [-1.0400557959051215, -1.0236800202133856, 1.4831961221236356], [7.056053471395476, -4.628214985174084, -2.1542108032543847], [6.913592548674167, -2.72791353706286, 0.08785809657580934], [4.771952856457235, -3.286743063020748, -3.43608302000143], [4.629810956426618, -1.3863930079971871, -1.1938035735234416], [2.4795903740091028, 1.0067253236213762, 5.345249267487309], [2.1852290694161236, -1.3253465899880459, 7.115307365938999], [2.0070583724656874, -0.7114023619164543, 3.0033249132732798], [1.7126032548697392, -3.0434060803639897, 4.773750457694289], [-3.418044704963119, -2.095026803706202, -4.131081686657635], [-1.071891619829132, -1.7350925726227429, -2.5391466771152755]]",[-81777.59372136866],"[[-0.2867512827606695, 0.26851212398846835, 0.24140095749006807], [0.2659722326191642, 0.13566628714471057, -0.06919253798530701], [-0.6423791661759918, 0.34175723701102473, 0.2764557572733211], [0.2950731769511689, -0.10951038884155181, -0.2860781675819156], [-0.05292896454943478, 0.07673425620238744, 0.023435834209384214], [-0.07127646966859047, -0.012592704584405125, -0.06869235530052938], [0.02356293933534631, 0.0009445528597985033, 0.06587591592271963], [0.028533511835861586, -0.09978837394157104, 0.0839433763311424], [-0.14640949336133563, -0.40127280584857317, -0.6638725720136964], [0.02466179857910976, -0.09885470302479225, 0.1448786576950634], [0.21391559243125588, -0.03604281356641135, 0.2887817868908036], [0.047619093662061455, 0.34562345838839603, -0.0765914056319842], [-0.22041483058577876, 0.12078740779084636, -0.15112392213928336], [0.5267133987062982, -0.5357148358369986, 0.2001751467628334]]"
"['Bi', 'Bi', 'Bi', 'Bi', 'Bi', 'Bi', 'Bi', 'Bi', 'Bi', 'Bi', 'Bi', 'Bi', 'Bi', 'Bi']","[[-1.1130694042515208, 0.17113558184941413, -1.749715352128662], [0.7865598421153075, 1.9003328257150687, -0.3145849476227772], [-0.7865502831461709, -1.9005221092074402, 0.314619550883099], [1.1130598452823852, -0.170946298357043, 1.7496807488683417], [-3.256621281681955, -4.137931457418292, -0.1354429846661258], [-4.423676998514946, -1.6257607677871388, -1.1280622670435991], [-5.865151023711189, -5.4671502803662415, -0.433115326049671], [-7.031964641082192, -2.9547192358128433, -1.425883172100255], [1.940178983155844, -5.100037309466433, -1.1590705725759836], [-0.3817949502532803, -6.85031429617554, -1.6099377172506115], [1.1311524749993518, -4.7503211242134515, 1.6486034854348843], [-1.1908023519869457, -6.500843632435321, 1.1974399927699177], [-1.8407845393440279, -0.6512489294529418, 3.9440648042531747], [-0.0222887821875567, 1.4733308300917305, 4.533537492961491]]",[-81777.26976097387],"[[0.058123007175529026, 0.0003271803081789056, 0.36189803615186594], [-0.033812673450144624, -0.17466577841708278, -0.11438119219998776], [0.6241968288149842, 0.5674520365379243, -0.33848144408915015], [-0.43743426046467293, -0.5977684448485544, -0.8165031100141188], [-0.4987001344553478, 0.35173219717947685, -0.12629857045570114], [0.06916806106971596, -0.7476993230411404, 0.0662936175726064], [0.24997538557230622, 0.17427023968866603, 0.034680503520867156], [0.18235302115332847, 0.10084982875592077, 0.08509440842902073], [0.010819413756343389, -0.021099605175983253, 0.17231033809026833], [-0.0174509712369144, -0.04201614770594941, -0.006200696917449469], [0.15424385470158553, -0.198617777297307, -0.08716820996026335], [-0.042638015628236825, 0.12767930503665767, -0.14628926851122664], [0.04022335762076135, 0.5072844355791689, 0.42838402376906504], [-0.3572145120509565, -0.037654366489833314, 0.49399079646446625]]"
"['Bi', 'Bi', 'Bi', 'Bi', 'Bi', 'Bi', 'Bi', 'Bi', 'Bi', 'Bi', 'Bi', 'Bi', 'Bi', 'Bi']","[[-1.487105698317542, -1.3624629522430765, 0.5117871093795503], [-0.9752364930163266, 0.38966591407456297, -1.7961011054746199], [0.9753874595112175, -0.3897133973482105, 1.7962109756532136], [1.4869547318226521, 1.362510435516725, -0.5118969795581443], [3.792684889999877, 4.595218084073643, 4.469298555233335], [2.2698602166291315, 2.337633723849735, 3.3545647168541053], [2.335471768761542, 6.4478674259682105, 2.70745882006346], [0.8126225458312972, 4.189963866467409, 1.592939404492623], [9.885890215893511, 3.2639192132076325, 1.5758420257719457], [9.676516262784382, 5.576708402142364, 3.3829065999053904], [6.951901494900619, 3.15366192371451, 1.3773163791790637], [6.7428351152242065, 5.466681515516411, 3.184408901519733], [-2.3396974995645294, -4.095649352083475, 5.16731067111527], [-0.5104064327206668, -2.102677742451043, 4.245354934563694]]",[-81777.5440820097],"[[0.5485708729523738, 0.3374627210329016, 0.09151337669859065], [0.15275698492361234, 0.06647534324424248, 0.010668947574177478], [-0.5879401404852823, -0.11877685543224448, -0.3803222630316558], [-0.12262168521951942, -0.33090815270784096, -0.10174061364832367], [-0.14549669981373742, -0.4472660101080808, -0.12073444303652119], [0.27041587266286304, 0.3347541652032222, 0.26017542023559453], [-0.27106435665975115, -0.1936164646704465, -0.2096752753376558], [0.0764849104803265, 0.44185023542310287, 0.1925611290849945], [-0.07595721697655473, -0.12532149929363065, -0.029598442783601978], [-0.4659836000203222, 0.08387323659823023, -0.04503598202478614], [0.15013039590790794, 0.05159492122763093, -0.05296753111811816], [0.36637237518423676, -0.06946615493459268, 0.14010231671885592], [-0.5899564006960493, -0.6333525322204182, 0.35645058545847613], [0.6898782663873564, 0.6118848374285024, -0.10917192863478647]]"
"['Bi', 'Bi', 'Bi', 'Bi', 'Bi', 'Bi', 'Bi', 'Bi', 'Bi', 'Bi', 'Bi', 'Bi', 'Bi', 'Bi']","[[-0.33961023107690447, -1.261893374979028, -1.6192605413158279], [2.0259437170016854, -0.4701273970073463, -0.05862771626108665], [-2.026115783867959, 0.4701476704617561, 0.058711971709440536], [0.33978229794317805, 1.2618731015246192, 1.6191762858674754], [4.893936397584948, 1.3836747149867212, 7.234083050366342], [4.515406559232424, 2.349615288610835, 4.480542124669843], [2.786964555715067, -0.628099813656168, 6.8177997086072475], [2.4087279406457416, 0.3380311365758718, 4.06409678027699], [-3.751343805626049, -4.999446602442804, -6.39984404590274], [-4.737325286851377, -4.621343570932594, -3.6533567846860597], [-1.0272226767995332, -4.32465295269375, -5.5145889849771885], [-2.013534183690801, -3.9467248724312873, -2.768007155685913], [4.038108510163094, 4.39987467484062, 1.8403646568964214], [5.0341446681665145, 1.8947881978800305, 0.8913136893003886]]",[-81777.94373495522],"[[0.399824914016016, -0.06756173777300746, 0.32181760109243607], [-0.7684291108189141, -0.3194487910218114, -0.5580505355347483], [0.26125620975637753, 0.20793417473892176, 0.13683398000026012], [-0.1609930556432683, -0.19649857005920116, 0.08730442708085305], [0.06330409143454566, 0.12468031723374658, -0.8452922822048873], [-0.47854493712886487, -0.31449411823201195, 0.7457823074671185], [-0.14355973246818343, -0.03360575609584456, -0.05495993147839306], [0.19915601232985222, 0.22895675990613973, 0.33006503609433074], [0.00896343106281533, -0.0006361077278871588, -0.06371032595801057], [0.2511049746579965, 0.04032335302004361, 0.10135057708370576], [-0.07468894250987894, -0.0223514657110274, 0.09236024712478606], [-0.09700397052681428, 0.07438390666263921, -0.12736892129189384], [-0.20826924108764297, 0.6586907678453977, 0.15185550423616126], [0.7535696690156664, -0.38409530757908805, -0.3202899535958416]]"
"['Bi', 'Bi', 'Bi', 'Bi', 'Bi', 'Bi', 'Bi', 'Bi', 'Bi', 'Bi', 'Bi', 'Bi', 'Bi', 'Bi']","[[1.7652924509844559, 0.2823408854556254, 1.0647726923751966], [0.9919811090042929, 0.4669500073966044, -1.7682862022196586], [-0.9921214284775668, -0.46693346782008566, 1.7684171750711544], [-1.7651521315111838, -0.28235742503214445, -1.064903665226693], [-4.300585904982351, -6.687080402887492, 1.3584484118390687], [-2.8889703997447493, -5.992688985723376, -1.1282111718039372], [-4.943015748824438, -3.847379041493194, 1.7865126488309095], [-3.5313563740502056, -3.153266921641236, -0.7004087295316337], [-2.0424355215437213, 3.5383900597835067, 1.2234985675344991], [0.4213760711400476, 2.942870700960814, 2.7179224661678414], [-3.565200227367069, 3.5563944788594415, 3.741577678433811], [-1.101053988113516, 2.960964234970711, 5.235832644530687], [-1.62363515273015, -0.9167637387940575, 6.7305069811025415], [-2.3610014895027627, -2.182575460988434, 4.276478539224605]]",[-81777.38291503504],"[[-0.4868707393983241, -0.04524414379370238, 0.003986130495838011], [-0.0789437092112124, -0.1400923408330898, -0.05237741119517089], [0.4073071368731409, -0.061696945384371905, -0.6537331639963784], [0.15229799133418856, -0.12397907417089961, 0.20331405407692776], [0.013391042840569373, 0.06783808009314676, -0.08808054070903736], [-0.07827661041717311, 0.16441740698771126, 0.18915395271913857], [0.048429649807184595, -0.0705295123663308, -0.2708048807856494], [0.07894242365892294, 0.009367850386447552, 0.01400921351447235], [-0.02043286119437585, 0.07660996900704381, 0.3149049293216273], [-0.26271289476659454, 0.02930919351847664, 0.3999085777590132], [0.04178298451610801, 0.027562981563839795, -0.06753993480617845], [0.23837389322515548, 0.3712610734305418, -0.5065720339224495], [-0.038642488259383885, -0.07903585759931989, 0.46687402495808406], [-0.02343915607650014, -0.23080003620083892, 0.0406921728296765]]"
"['Bi', 'Bi', 'Bi', 'Bi', 'Bi', 'Bi', 'Bi', 'Bi', 'Bi', 'Bi', 'Bi', 'Bi', 'Bi', 'Bi']","[[0.8611257248538974, -0.404024008596931, 1.8506598244957435], [-1.6946548803752233, -1.0721577545079364, 0.5545516286680954], [1.6948027265233296, 1.072203316008882, -0.5546664444602225], [-0.8612735710020045, 0.4039784470959858, -1.8505450087036177], [0.10691988280346143, 6.218200103682734, -1.7487654557171108], [1.6487168409857005, 7.482734839079659, -3.9125879305279776], [1.0274649822277815, 3.569379049897366, -2.6410673452725675], [2.569357687707469, 4.834284303299894, -4.804844910590504], [2.632694290865353, 3.1607023949522697, 5.8442990862320325], [5.240639767429431, 4.383123715288393, 5.242119572599547], [3.1900254718405012, 1.017458097506901, 3.90632469183572], [5.798121919046679, 2.240113175100312, 3.3044116991402914], [6.390346469637853, 6.923887109986847, 3.237538287431092], [6.9293399817165895, 9.730546306878502, 3.2176845563833414]]",[-81777.67346941079],"[[-0.0395244748319178, 0.26500380036847876, -0.34632701544536404], [0.24590568697856138, 0.06587493890297966, -0.0644573861044534], [-0.1313927513799512, -0.08862998575754655, 0.0965997414649209], [-0.12017018842563758, -0.09593027725466903, 0.06555236812251188], [0.11551283816934123, -0.07620435154867782, -0.12093421786230109], [-0.05113414843383856, -0.0025032963236118594, 0.03416612319660489], [0.14798943712506468, 0.0453891283809061, 0.09669086141119683], [-0.1783516625192906, -0.10902254745875285, 0.2473894200089483], [0.3313918289012221, -0.01318733422478377, -0.030309697727679157], [-0.24940984540913316, -0.3317463842226513, 0.05306764993042021], [0.007370631776191804, 0.06796704669882397, -0.22470230173735575], [-0.14763087088049243, -0.1598266997620998, 0.29320958893029647], [-0.2787577186248946, -0.6547472076422934, 0.03269135303677998], [0.34734075055872954, 1.0879623883371878, -0.13849244529782856]]"
"['Bi', 'Bi', 'Bi', 'Bi', 'Bi', 'Bi', 'Bi', 'Bi', 'Bi', 'Bi', 'Bi', 'Bi', 'Bi', 'Bi']","[[0.2891438263004794, 0.006607506954636189, 2.0605986722539305], [1.528693714668392, 1.3943033072238702, -0.2189034882943386], [-1.5288718157381296, -1.394372367489805, 0.21887843457949463], [-0.28896572523074215, -0.006538446688701294, -2.060573618539088], [1.392243769806663, 2.824160911935002, 3.4288170531032423], [3.830955019709502, 3.6504033667209046, 4.853009633230208], [2.202578697556781, 4.438051363789621, 1.105333928259056], [4.6414118531950095, 5.264067445147955, 2.529813496300348], [-2.3155242852849987, 2.173854339270335, 2.5540313219468787], [-4.317254585640278, 1.99473662098948, 4.703288474411288], [-4.472366384723833, 2.3785588543025846, 0.5625526911881424], [-6.473982963094402, 2.1995372163328635, 2.712165236229861], [0.24735480332817383, -3.264403323514314, -2.6800142456567997], [1.2744076054495141, -5.129390395593329, -0.7733863882003831]]",[-81777.71345794533],"[[-0.20188775952283328, 0.1051749923006243, -0.1466777109910056], [-0.4337346466640138, -0.11462848103838558, -0.41095419729620747], [0.1682007359534591, 0.12282963615786019, 0.6518737411649238], [0.4154772844713941, 0.7144235733602058, 0.4857735462303278], [0.2264597031391199, -0.1668076600705239, -0.08215203634893686], [-0.29902568459820783, -0.04959650448264142, -0.2107706173103553], [0.18082172268823204, -0.08180267465875703, 0.18841506868525662], [-0.1645296099915341, -0.06544818696497517, -0.07241999414109843], [-0.2575062023059721, 0.008360332203953817, 0.04247044131620297], [0.1604007245703832, -0.03287564467078579, -0.27032840368508915], [0.10448043410968244, 0.043398671775692836, 0.24458840725861195], [-0.026688626029696023, -0.024930268177028495, -0.05060215090100172], [0.13516080798450045, -0.25826899761243777, -0.6686028902179417], [-0.011892608234200337, -0.2077510092487215, 0.2982787787180397]]"
"['Bi', 'Bi', 'Bi', 'Bi', 'Bi', 'Bi', 'Bi', 'Bi', 'Bi', 'Bi', 'Bi', 'Bi', 'Bi', 'Bi']","[[-0.521971017127186, 1.7452150702078817, 1.0057262627221222], [-1.697757849312097, -0.9400344863142057, 0.7502388770442703], [1.6979464331798635, 0.9400519098622944, -0.750274225945108], [0.5217824332594202, -1.7452324937559716, -1.0056909138212855], [3.9297587880012443, -3.2440170716676846, 3.656080695933409], [2.7025830303551777, -3.3296090056066836, 0.9830623008466142], [3.0508599170337423, -6.009066052925922, 4.147913821098669], [1.8238164364594014, -6.094409226973486, 1.4746325775903304], [-8.61310593796733, -3.023466901566307, 1.3674934621156165], [-6.614828520404363, -1.7067181814819306, -0.34463206786051304], [-6.8015344340350925, -2.7743095831565387, 3.673136156458898], [-4.803384244109608, -1.457393549998748, 1.9606876907868074], [2.641339558024216, 3.9715526352086568, 0.16834194370255479], [3.2198696621922562, 6.711436454537459, -0.40313298956008486]]",[-81777.52226602784],"[[-0.1580050721679549, -0.6663593443624007, -0.23730935308531106], [-0.01520603184269158, 0.05109106186330549, 0.07641621056597851], [-0.2034722284306212, -0.002768588550491998, 0.14078304236716335], [-0.014809022442455725, 0.26014636675385305, 0.14774785613883198], [-0.1431613655247299, -0.053633755736600626, -0.27297540727114994], [-0.014660973098593972, 0.03568491066682044, 0.2306885016842066], [0.022171061587144873, -0.006599228411596028, -0.03136208168507455], [0.045581806958048254, 0.1573903724852334, 0.0810869305660851], [-0.09744491496209425, -0.022510853626082065, -0.05985104656300226], [0.008628102461427093, 0.009124937568043003, 0.09036872094006798], [0.23704308949512104, 0.1460445507774077, -0.1330926114612398], [-0.05340986394987072, -0.11386131485413582, 0.0375477993472474], [0.19835552463026002, -0.8453617020285172, 0.12164908777941619], [0.1854129441347593, 1.0485206156551548, -0.1815668287951949]]"
"['Bi', 'Bi', 'Bi', 'Bi', 'Bi', 'Bi', 'Bi', 'Bi', 'Bi', 'Bi', 'Bi', 'Bi', 'Bi', 'Bi']","[[1.71820214215905, -0.7973901698838496, 0.8611997533575801], [-0.4474177654505529, -1.8564367671135789, -0.826053748770393], [0.4474479392968993, 1.8566269978289072, 0.826049411266226], [-1.718232316005398, 0.7971999391685218, -0.8611954158534141], [2.2436070625176714, 2.9678672056901343, -4.269678490237519], [0.15272209290949013, 4.169031240573329, -2.583345585692357], [4.197258084360847, 3.3190664961649814, -2.097176324444333], [2.106007044130432, 4.520147536179112, -0.4109304380079013], [-0.4834493343063604, -5.199469995171488, -0.9505216275948032], [-0.2391590205144467, -7.57221917410715, 0.7724691548035211], [-2.5353588104687104, -4.10258919426134, 0.851249425393023], [-2.2907405319078404, -6.475539412344704, 2.574218063459901], [-2.213540177347574, -4.099539755725682, -3.6377837164663736], [-5.007567607604702, -4.35648453928881, -4.181506183692482]]",[-81777.43430426791],"[[-0.36805326051373316, -0.006718167709415566, -0.06527962534878302], [0.43623293756123155, 0.22204480804461307, -0.05490861223099838], [-0.0005279603844270607, -0.03238996815804227, -0.01589895481112126], [0.20911271765579426, -0.38328690087739287, 0.17415418002797486], [0.14523814953728406, -0.09146041194426548, -0.13298781323860415], [-0.008796936614704607, 0.08967298004101984, 0.1789347376156917], [-0.09443600269550864, -0.003863446641309774, 0.012895174469275125], [-0.03355756845382697, 0.013212803586742271, -0.09776470894961681], [0.04597848211468886, -0.050415658401476375, 0.4106756438261303], [-0.0273212308847049, 0.5044793604835979, -0.26775915030149405], [0.06940563113280558, -0.3581342475809177, 0.1901509242306497], [-0.10944893944211628, 0.11632736409993419, -0.05347758684447873], [0.18414806352612764, 0.02935167330832909, -0.16183565803586275], [-0.4615962671669011, -0.05556558087299684, -0.11884380699547882]]"
"['Bi', 'Bi', 'Bi', 'Bi', 'Bi', 'Bi', 'Bi', 'Bi', 'Bi', 'Bi', 'Bi', 'Bi', 'Bi', 'Bi']","[[0.64732466135541, 0.2620757081138261, -1.960102498735267], [-0.4498173377680404, -1.988652713276271, -0.4145234270963424], [0.4497796828820758, 1.98883042498539, 0.4145875960764266], [-0.647287006469446, -0.2622534198229456, 1.9600383297551847], [-2.229658338575761, 3.5289313591325673, -3.6098770115348997], [-4.648229936484979, 5.195557250836619, -3.7864647310131327], [-2.4154148650433624, 3.5708433689896646, -0.6732808844756428], [-4.834184696325892, 5.237457995641693, -0.8501988230149684], [-2.48217958945003, -5.428063721442884, 4.359211333568832], [-2.245712557390699, -3.9161479621153252, 1.8459449849244987], [0.4482788600829568, -5.659962952335267, 4.495207434348396], [0.6844498469788756, -4.147820989994198, 1.9818428133381631], [3.2325192051194724, -4.8788785534899075, -1.908071337396769], [3.1263826293175523, -2.0525410936457567, -2.318918772042233]]",[-81777.64868345276],"[[-0.24240656791296425, -0.27096500917882277, 0.32242592443580187], [0.043843724836089865, 0.05702524836452534, -0.23877046039540376], [-0.1976112412767624, -0.2600735016500873, 0.2096503870453321], [0.09077968629595806, 0.3674460170342905, 0.07419673024929588], [-0.2865503766488749, 0.17130956134398043, 0.003215580737962427], [0.11465876865032493, -0.029658827745741828, -0.16297537727359396], [-0.22919551267733565, 0.27785531233979516, -0.07120051923933], [0.42645281569776783, -0.37976104232417524, 0.15068405756792652], [-0.06995096241398854, 0.06058170306223176, -0.21453939382418657], [0.08700072820799434, 0.07416294593512925, 0.19252204829539538], [0.08024473955022328, 0.226150913479195, -0.3423708054077315], [-0.10987584564639549, -0.09420213502301264, 0.27327370682439295], [0.14899324777475567, -0.8991985750268504, 0.03532162387424133], [0.15188167808077438, 0.7033724516592126, -0.2264054528325053]]"
"['Bi', 'Bi', 'Bi', 'Bi', 'Bi', 'Bi', 'Bi', 'Bi', 'Bi', 'Bi', 'Bi', 'Bi', 'Bi', 'Bi']","[[0.9811097854081445, -1.805681796330789, 0.32657547199153947], [0.5010698614360451, -0.09266786750245803, -2.017237364140003], [-0.5010804478401905, 0.09275086469625571, 2.0174109048956463], [-0.9810991990040002, 1.8055987991369933, -0.3267490127471828], [-4.630608969753824, 2.315883275746744, 1.7059570665735515], [-7.068707992258759, 1.3084731420516662, 3.0094568321166637], [-3.0296205197177586, 1.4156080939930882, 4.0051307218515815], [-5.4680211799102345, 0.4081196176820958, 5.308403892734591], [4.374822381343578, -1.9659755383033697, 0.5626191138729851], [3.352335679496372, -4.559605865346729, 1.503850398397983], [7.106024018920587, -2.774644007635007, 1.3018429221749694], [6.083198921726066, -5.368392377624586, 2.242932705987024], [3.1952006682779097, -0.7315419389295217, 3.4959041373536373], [4.640408749365472, -2.4233821693431037, 5.289585898789964]]",[-81777.8392141847],"[[-0.12314305380602712, 0.4150251814422417, 0.2480426348382616], [-0.10923692615854086, 0.11371126519091168, 0.08041787773256585], [0.129272978498838, -0.15812755959009328, -0.3153017536023335], [0.08054962113118828, -0.1434936550805059, -0.11685197227821129], [-0.11619083844679501, -0.05025901128390281, 0.031816323873236546], [0.13838846982865816, 0.017020789445401686, -0.05570704304692747], [-0.008140204514327409, -0.11970733817934547, 0.027125019609871345], [0.11838208803520144, 0.060199174122984214, -0.08674181797689992], [0.3107408197677456, -0.2830181931783933, -0.11824695077853487], [0.11143979713964386, 0.07905452381856264, 0.09405753610149575], [-0.49323586873801206, 0.3356226329078803, -0.11201757576061244], [0.06571028536574741, -0.461804320949425, -0.07921398372454552], [-0.6659186570375786, 0.5639003126726431, -0.07539517351560897], [0.5548834489144692, -0.36420616815442874, 0.4709895920575162]]"
"['Bi', 'Bi', 'Bi', 'Bi', 'Bi', 'Bi', 'Bi', 'Bi', 'Bi', 'Bi', 'Bi', 'Bi', 'Bi', 'Bi']","[[0.10415457348678037, 0.7190812574398481, 1.9498175990463857], [1.0109344939531388, -1.7230089349411193, 0.5815123232041433], [-1.0109652970114822, 1.7231648055944118, -0.5816212842569973], [-0.10412377042843707, -0.719237128093141, -1.9497086379935336], [4.181914504021563, 0.9694219818546748, -0.2508155226724055], [4.240039956348099, -1.5191616242495645, 1.318224542782605], [3.8082339948455615, -0.5937575275954656, -2.7159101690201246], [3.8662748458967338, -3.0823152068984045, -1.1464950856653], [5.209570872807225, 0.866738267544187, 4.0328789183411935], [5.8473725907059215, 2.8922425440249215, 1.9960050748286098], [5.359735030458376, 2.9271762216564747, 6.128566175582954], [5.997432610899635, 4.9526043887964555, 4.091329247013931], [11.372888740077107, 0.08498917529604655, 2.739613005793589], [9.061059481504978, 1.741909784804087, 2.4597852066146233]]",[-81777.02694927275],"[[0.11723609530229773, -0.5033777450157259, -0.1567671881574016], [-0.05060200177693614, 0.5455503392930917, -0.18417094635687978], [0.13677654152396768, -0.11934419536862277, -0.1774103297108667], [-0.490772699129342, 0.12845233333934727, 0.2090496227494282], [0.10332960770017043, -0.059283912314990285, 0.02362924812243593], [0.3673546913996482, -0.32811639593398856, -0.23139396135856294], [0.22936304585169626, 0.09553442999370283, 0.1012328719160841], [-0.17154507452340695, 0.3443303470514882, 0.5665290099941022], [-0.32599256070764066, 0.20737362251863176, 0.17097403219643506], [-0.1397269354503377, 0.01999050779378666, 0.11528544968038404], [0.06271402293368995, -0.14308011862003694, -0.14796285190371894], [0.010939201518673962, -0.17809285513237935, -0.14885301973102288], [0.4275708348128532, -0.12241352859281233, 0.0406015362510614], [-0.24679564911749904, 0.10831389961471866, -0.18931130431936674]]"
"['Bi', 'Bi', 'Bi', 'Bi', 'Bi', 'Bi', 'Bi', 'Bi', 'Bi', 'Bi', 'Bi', 'Bi', 'Bi', 'Bi']","[[-0.08728180167612062, -1.2988113692148806, 1.6233254799407408], [-0.21793231657518497, 1.621321355356193, 1.2855844939355916], [0.21788837405767586, -1.6214298794699145, -1.285737492536553], [0.08732574419362979, 1.298919893328603, -1.623172481339781], [-0.2629146084236915, -1.227442741368177, -7.455141069941128], [-1.499680331823526, -3.124754628277869, -5.576595938996313], [-0.8489903673738276, 0.985333043602383, -5.605817559201608], [-2.0856524762991175, -0.9123488165344099, -3.727301614758703], [-3.9491609653779998, 5.369479793207809, 0.26495685896641685], [-2.152110062946291, 3.9370894333359754, -1.5727535564139878], [-6.2241317601288575, 3.788803517983642, -0.7279325171118584], [-4.426705760382418, 2.35640849876825, -2.5655549080922384], [-7.006975603819225, -1.895789828911576, -0.6575052787704724], [-4.574970480442474, -2.420825564733247, -2.063895189206205]]",[-81777.28238517154],"[[-0.05998741794986668, 0.02018544894295824, -0.024599762967830258], [0.05979360808670982, -0.14721579175727612, -0.12322496919791061], [-0.030789100745250177, 0.30747145460731823, 0.0839608084201873], [0.08648825564332961, -0.14509725300636075, 0.23277068501637638], [0.016253828949518233, 0.08214730551651168, -0.10335300475183834], [0.09448423661740865, 0.4149839923468879, 0.262640235351195], [-0.09007972878540053, -0.384110168563554, 0.02806188383853713], [0.23590275319229093, -0.13402571673501124, -0.6054791874806512], [0.051055652611044985, -0.09353858435329222, -0.11367192729085464], [-0.012760417736086244, 0.06793269674164999, 0.06485266772241223], [0.11844214903816433, -0.033575010827290176, -0.04924039107183742], [-0.2289677642337374, 0.12088973775308627, 0.1082690595508628], [-0.83516007328039, 0.0826308274436181, 0.5575537981301063], [0.5863501694136956, -0.15250131428428731, -0.3263832657594491]]"
"['Bi', 'Bi', 'Bi', 'Bi', 'Bi', 'Bi', 'Bi', 'Bi', 'Bi', 'Bi', 'Bi', 'Bi', 'Bi', 'Bi']","[[1.4657473339135398, -1.2605733133310555, -0.7695806483880763], [-1.4543594959159203, -1.420009216390311, -0.44420401280860056], [1.454438446485649, 1.4201849310155479, 0.4442011530852602], [-1.4658262844832701, 1.2603975987058198, 0.7695835081114174], [2.9624233536515114, 1.021730857812794, 3.4156930743605702], [4.545191308516264, -1.1627009019101209, 4.591030110256698], [5.120679881251766, 2.921857167636237, 4.041238983900898], [6.703363899782995, 0.7370665347522027, 5.216463624307155], [-1.4525062035674858, -1.414367056220667, 6.660531084688899], [0.540767908231043, 0.47104877378418447, 5.597338193919352], [-2.092366503876655, 0.47995089465838875, 8.819696945437128], [-0.09899489213807389, 2.365329734933298, 7.756133118660204], [7.6791457269457934, -2.1745437806817844, 6.67618425382531], [7.24308888039747, -4.511187872059956, 8.263065736798064]]",[-81777.4462582812],"[[-0.03355553728120965, 0.11755912888158972, -0.019199733727293514], [-0.02146758680552342, -0.16128832129310824, 0.01117742464232661], [-0.11488178626149799, -0.12478670954122112, 0.055618237094772545], [0.06378133986647956, 0.11659409048894842, -0.08679298295801986], [0.08418608860338982, -0.10102389253591175, 0.2971514522043788], [-0.24646814181623977, 0.7229179886679488, -0.3131823406758613], [-0.03152461148992462, -0.47788118077077807, -0.001651345394768558], [-0.25855187053820744, 0.04153059460622567, -0.06169396290306039], [0.2874745344787118, 0.20825412299271906, -0.0689503399339754], [-0.017442280903437746, -0.02427733102700974, -0.04918748802402214], [-0.015522740504719482, 0.06733558341424814, 0.007111017062442774], [-0.04452757694756522, -0.19063434331357293, -0.03520954942564743], [0.541210828984838, 0.5382694853465856, -0.1676711912543905], [-0.18310481213219645, -0.7437475353033836, 0.4334324904539024]]"
"['Bi', 'Bi', 'Bi', 'Bi', 'Bi', 'Bi', 'Bi', 'Bi', 'Bi', 'Bi', 'Bi', 'Bi', 'Bi', 'Bi']","[[-0.307859483457253, 1.952903596311281, 0.6489258674844122], [-2.040239059174908, -0.204250206830781, -0.35300333910059134], [2.040409213295, 0.20419920677785008, 0.3530779284431086], [0.307689329337162, -1.952852596258352, -0.64900045682693], [2.475421638664754, -1.3393404041237964, -5.396721036915202], [0.6814493382357666, -3.671502672222575, -5.428283678311166], [0.5849049381384887, 0.09107269649368854, -3.6532406430569404], [-1.2089110312650968, -2.241431200059406, -3.684888833326064], [-1.134629260103557, -9.595020081915315, -4.895297538495863], [-3.9573933237198, -9.28263148618135, -4.125407893030958], [-0.9317301912722677, -6.691443536941654, -5.3288112435862764], [-3.754649900639481, -6.379333219227528, -4.5587052563919706], [-1.1647940938687988, -2.8659192285317943, 2.8383895095887235], [1.2028579611724128, -4.137911832045813, 1.8665342801122584]]",[-81777.55785542828],"[[-0.23266624674838182, 0.11711391641270878, -0.24399453352297945], [0.38755395745861343, 0.1861022572723602, -0.15591692387316203], [-0.2875747047131054, -0.42965204112528294, 0.012324327546251233], [-0.011132589720679894, 0.6123342665088928, 0.321062776210165], [-0.1341044953793085, -0.28182622909561894, 0.0782707997208248], [-0.07696524423775508, 0.19623863138627518, 0.028890535417686516], [-0.19345551352380785, -0.07312221422368538, -0.4036079344492144], [0.23984317664780905, 0.1329702783053761, -0.15095417781498494], [0.005688923693230196, 0.22866972179095227, -0.034728346634871184], [0.01048863086785063, 0.03754435406711168, -0.03727266030405102], [0.06512602756124002, -0.05583734662698571, 0.07921717189422334], [0.05868448499346743, -0.06602298310463224, 0.016466592995630695], [0.061478504339349246, -0.21962735267535577, 0.4283867491399187], [0.1031888140134303, -0.3889459534776255, 0.05945890169262967]]"
"['Bi', 'Bi', 'Bi', 'Bi', 'Bi', 'Bi', 'Bi', 'Bi', 'Bi', 'Bi', 'Bi', 'Bi', 'Bi', 'Bi']","[[1.2061517366475463, -1.579052805701317, 0.6176608491068578], [1.6276258034298654, 0.8659705857993045, -0.9642790630980186], [-1.6277763964003362, -0.8659730274683806, 0.9643991996682091], [-1.206001143677077, 1.5790552473703943, -0.6177809856770489], [2.3361765759229014, -5.547487672922479, 2.879016220737511], [1.9063536025438528, -2.752512729122519, 3.69245394722185], [4.711501175307913, -5.685967421894212, 4.610638386175502], [4.2813223814637755, -2.8908500099261523, 5.424036582700291], [-4.920401722515976, -0.7766832932745983, 1.3550357555914707], [-4.728331227928491, -2.1099453576301577, 3.9711081652623634], [-7.846295209703838, -1.0860645386016359, 1.4123896031219105], [-7.653908789297788, -2.419258599279766, 4.028671856489445], [3.684764009693798, -9.732187189977855, 2.2821430077340703], [1.2668256804599898, -8.654076600856799, 3.358941883032086]]",[-81777.84216269216],"[[-0.3062410782221353, 0.23049381764549287, 0.06583534389246472], [-0.08521617594187705, -0.11734531582480906, 0.10444485002231058], [0.09250705719624079, 0.0103254017225551, -0.08199915847067595], [0.07393571171244677, -0.061476498877777716, 0.009926376576329395], [-0.006955753199132651, 0.6453405644299595, 0.5105431563666397], [0.32341245726272266, -0.4642474873644712, -0.40153151039130125], [-0.06147711594287665, 0.258323659295785, -0.28322023057620255], [-0.0931972959314901, 0.09977001625487776, 0.15843465232099613], [-0.023898694740094647, -0.013564988349749724, -0.03540055164260415], [-0.14038210431913095, -0.035365018977323866, 0.03539681325654644], [0.3166399106914635, 0.024285481428524828, -0.07733383779018503], [0.09077485261934974, -0.012820895257990938, 0.0965064617907987], [0.8907926057166211, -0.5005419709314828, -0.37492335479271544], [-1.0633528037498663, -0.043510170296861064, 0.26775647635273203]]"
"['Bi', 'Bi', 'Bi', 'Bi', 'Bi', 'Bi', 'Bi', 'Bi', 'Bi', 'Bi', 'Bi', 'Bi', 'Bi', 'Bi']","[[1.5866798770823813, 1.2991120342441922, 0.35280247968835615], [1.320031169798515, -1.608170386202779, -0.01451353472680822], [-1.3201716337566314, 1.608281495276486, 0.014442530148008892], [-1.5865394131242663, -1.2992231433179, -0.35273147510955716], [-3.8814526755804404, 5.832110385142551, -4.022551233488796], [-2.0131383920824018, 3.7778053134934426, -3.049131452276206], [-4.065193796670996, 6.951402396487381, -1.3071721603362039], [-2.1966480393211585, 4.896932040405791, -0.3340123193327251], [6.745189590675356, -5.829383096688554, -2.2086200566511516], [4.876846896740703, -6.2574505796992765, 0.0239496438939113], [4.8136074282742145, -4.006049350908295, -3.4752310145019285], [2.9454136728253566, -4.434239187475636, -1.2423276750283332], [0.49783823903978425, -4.44895915050929, 2.3055677935057197], [1.243688038953786, -6.657735506551453, 0.6523106721984061]]",[-81777.956872552],"[[-0.13840564480724515, -0.37683923908072253, -0.1333573323886825], [-0.08709822449362592, 0.39913369826102674, -0.10550969869470445], [-0.09695306265615224, -0.022837152508189237, 0.0034115102197341362], [0.3005093662065032, 0.2989469573760022, 0.043014219650220294], [0.16327079718970863, -0.2237169516185412, -0.009345034404414466], [-0.10639847812553578, 0.18833397604683835, -0.18803495658431324], [0.09328533055227137, -0.1885886696664234, 0.16861293543954706], [-0.02436672833321781, 0.03532171643400617, 0.012627296225409538], [0.053211837475204464, -0.04611587680117568, 0.17061340906819966], [0.09455324506430611, 0.13678317497378123, -0.5080243480548824], [-0.28499727521694945, 0.014617377449354282, 0.35064955646339707], [0.25772124949295067, -0.11361366606109694, -0.09476500123742365], [-0.40572832439542655, 0.5060429006001136, 0.65751628727376], [0.18094436437664518, -0.6117125734217167, -0.37258056430042913]]"
"['Bi', 'Bi', 'Bi', 'Bi', 'Bi', 'Bi', 'Bi', 'Bi', 'Bi', 'Bi', 'Bi', 'Bi', 'Bi', 'Bi']","[[-0.43738658063348956, 1.2835847160751217, 1.578232541570028], [-1.351299998127764, 1.0232345999467976, -1.206600261694452], [1.3513764980083711, -1.0233908938810463, 1.2066829476931722], [0.43731008075288286, -1.2834284221408743, -1.5783152275687498], [2.8101635090152293, -4.054513240400911, 1.8735124207389209], [3.3604388951706374, -2.6891418644609972, 4.42130983516132], [0.1916349580890091, -4.917900757755927, 2.9019720164522216], [0.7421716972519377, -3.5522462869494627, 5.449764969709641], [3.1697052845451035, -6.201333680864671, -0.6372679926337699], [3.274234226967104, -7.890774227038034, -3.0441701512026613], [3.4941044674861637, -3.8008768257564274, -2.3083248360792625], [3.5984761456745993, -5.490668321283739, -4.715203109259214], [1.3032641369400115, 3.1886438107751784, -1.022737446586925], [1.1536585184739347, 5.369570130699411, 0.8183010022731548]]",[-81777.74247487371],"[[-0.15351412380000443, -0.4532172430326587, 0.06355256298104976], [0.11146802786792008, -0.5053547187485274, 0.20051648660672708], [-0.2434315644643853, 0.18559904068417948, -0.029555808727474795], [-0.281847055042708, 0.28479981438529056, 0.32711731611672273], [0.07781185755349261, -0.017884994258667984, 0.024638560935925737], [-0.08797527968757753, -0.06761624519007997, -0.2537402540071776], [0.023702077230737625, -0.07115115403141527, -0.014153884426917441], [-0.02503694330600672, 0.01983504852652854, 0.025439362310276558], [-0.0658975646232739, -0.02488484190132863, -0.08382942497620592], [0.014218727684397092, 0.19700188949156502, 0.3784583664782339], [0.13501266093866468, -0.13584621304314143, -0.21206974503197779], [-0.04209568225499285, 0.1330954396762766, 0.03708058850758948], [0.5516963076784749, 0.24449672166932865, -0.98185650191273], [-0.024951418083294458, 0.21042398099102907, 0.5172419636585761]]"
"['Bi', 'Bi', 'Bi', 'Bi', 'Bi', 'Bi', 'Bi', 'Bi', 'Bi', 'Bi', 'Bi', 'Bi', 'Bi', 'Bi']","[[-2.0720460797883185, 0.008012845761897813, 0.1904613794635439], [0.18307662710203165, 0.6596290545919665, 1.964758861014896], [-0.18304406159459918, -0.6596231870501776, -1.9649486557979623], [2.072013514280888, -0.008018713303686698, -0.19027158468047778], [3.91246667570417, 2.557188490967508, -6.9272621635548335], [3.4128067817045684, -0.2406046866188134, -6.165024021264813], [2.9632095003169105, 3.4457497192105144, -4.287332491045719], [2.463742498730508, 0.6476841475171816, -3.5252868636055044], [2.209579988878823, -4.24777195202422, 1.3268840675524727], [3.8963593101518827, -1.9349512550783978, 2.008022529898154], [3.686314499504374, -5.8958364892089765, 3.2667287478185267], [5.37295192378234, -3.582665633785542, 3.947791564388783], [4.666475389946786, 6.252862614018898, 0.10276258417807616], [4.310028908782771, 6.107323492383497, -2.7291993319386254]]",[-81777.65969972506],"[[0.1115791510078198, -0.08386598608331777, -0.22504667548465251], [0.17000919949216006, 0.04012382502030329, -0.13528843761579662], [0.08359668858972463, 0.030555119944152703, 0.20877184061072473], [-0.12761672435120744, -0.023387214621797367, 0.014083518436802327], [-0.18811224398795473, 0.0487119725165744, 0.3320479747897553], [-0.08911150222308142, -0.12349406100313744, 0.2709381154249276], [0.0604607068807491, -0.6757665017956503, -0.31438109247472384], [-0.09771081859764325, 0.3906065270809486, -0.2735408960122314], [0.04408343405818912, -0.23590403874458035, 0.10608644887384147], [0.2104276319595311, -0.09785382343432121, 0.13624499136332757], [-0.11997622429620597, -0.020786341794091064, -0.10689007332101991], [-0.188094914743093, 0.3265419029119667, -0.243273133000234], [0.16748211222365883, 0.09930125246805419, 1.1589248747146041], [-0.02872638581695174, 0.3174828216166075, -0.9107808869338425]]"
"['Bi', 'Bi', 'Bi', 'Bi', 'Bi', 'Bi', 'Bi', 'Bi', 'Bi', 'Bi', 'Bi', 'Bi', 'Bi', 'Bi']","[[-0.15391022700313972, 2.018626398724982, -0.48080537010827207], [-1.3121704610657055, 0.27883716883599174, 1.5903972577226244], [1.3123341929842134, -0.27889574901313585, -1.5904801867387022], [0.1537464950846319, -2.0185678185478397, 0.4808882991243505], [1.7723461801106908, -4.326027005859145, -1.2698949269718998], [1.162848844081346, -4.72370459863597, -4.1209787891826135], [4.6265861789774805, -4.028857166391949, -1.9217101097767726], [4.016728122016311, -4.4264630484937255, -4.77290888929875], [1.212248145494485, 1.479737434606617, 5.236316782317902], [-1.3915221212511508, 0.6205602045601013, 6.304262729060039], [-0.1586398717900982, 3.0914805256388203, 3.19112506276433], [-2.7624190024724062, 2.232179554715932, 4.2594358075686065], [-1.5972942430786436, -1.3075856724064445, -4.460347333356255], [0.6077512015147972, 0.4737362866480828, -4.824916517001633]]",[-81776.84516565864],"[[0.08372164427225877, -0.3018573449151246, 0.04008833863490542], [0.32308911515088123, -0.5715400928183625, -0.27288305319467615], [-0.6537079671715053, -0.1377587034731044, 0.13329295193002705], [-0.28116545521884373, 0.5194279167715501, 0.3002708705457652], [0.08381034738023055, 0.1735661169886907, -0.14503348961280424], [0.2869948177863822, -0.04522046906273995, 0.2233988545600407], [-0.1430120357707879, -0.1636541488824214, -0.2517770099728273], [0.1073980207416258, -0.05103127853963709, 0.2846719276435365], [-0.15831730710801553, -0.005671229351518261, -0.051289905949227825], [0.13797477910191447, 0.030240113353356024, -0.01636827395653387], [-0.11711890435559183, 0.06482880787192012, 0.21837388777105438], [0.20435098055359488, -0.03729776456915932, -0.16588139393493231], [-0.5653571005270432, -0.12429963948979585, 0.4904557333568562], [0.6908295750815464, 0.6493381178292206, -0.7761054006496537]]"
"['Bi', 'Bi', 'Bi', 'Bi', 'Bi', 'Bi', 'Bi', 'Bi', 'Bi', 'Bi', 'Bi', 'Bi', 'Bi', 'Bi']","[[-0.34908644981291514, -0.3224345963443952, -2.025805835011772], [1.9636080800235174, 0.5411833395547148, -0.42458076268745726], [-1.9637459812567122, -0.5412826996814719, 0.42467146999198313], [0.34922435104611027, 0.32253395647115246, 2.025715127707248], [-2.7958132546636167, 5.426353978546324, 3.96456082216781], [-1.6175042294516264, 2.7610846514521117, 3.5568343023818976], [-5.468425474500988, 4.212586682957012, 4.173777914415946], [-4.289742013246066, 1.547275803304203, 3.766132258927645], [4.761868261228176, -0.07728115275676806, -4.5367512107741], [6.2042955536893825, 2.129351637534822, -5.8438429805267], [2.7508649584649327, 1.826872094103949, -3.5418014402328346], [4.193525453394305, 4.033414086891559, -4.849186195347036], [-1.667278362817631, 2.1286623668995075, 7.813607771221277], [-3.817685098946535, 0.44141713860636056, 6.978623679750403]]",[-81777.51304088873],"[[-0.11498910416662095, -0.058329055496481416, 0.15406973949950295], [-0.17066549964696803, -0.07083238848572426, 0.1794131687557319], [0.07067277431346665, 0.026564971326078803, -0.16576327739057803], [0.2627866854680087, 0.0921311617068068, -0.3131314842272908], [0.2182769571284302, 0.033607740988579465, -0.04613395166636529], [-0.11464920414129144, 0.06275258950237333, -0.03735716222714088], [0.02293389803128378, -0.47726329291837877, -0.12392250987016398], [-0.1255183944822822, 0.7148981992654692, -0.2203051986865348], [-0.0008945916698423918, 0.09548958992984696, 0.0006215748163654302], [-0.12230302251801156, -0.04833962000925012, 0.042740067911182206], [0.14951703319956752, 0.14940441881901206, 0.04297699005591794], [-0.058427734490219284, -0.1757165374363843, 0.07420413503048309], [0.7478875278963153, 0.6194027472171822, 0.07804299985513499], [-0.7747864240006822, -0.9740259458072568, 0.3291481287794063]]"
"['Bi', 'Bi', 'Bi', 'Bi', 'Bi', 'Bi', 'Bi', 'Bi', 'Bi', 'Bi', 'Bi', 'Bi', 'Bi', 'Bi']","[[0.5464396811673847, 1.676433712549139, -1.1048476735753652], [-0.30455165009605956, -1.0624037743984782, -1.7627964816044803], [0.30450239501219445, 1.062472208843505, 1.762969708806292], [-0.5463904260835202, -1.6765021469941672, 1.1046744463735547], [0.5258226296649933, 2.9473333603108474, -6.011765431702165], [2.3558482467583337, 2.683580201064907, -3.722714499208105], [1.7614834139452245, 0.5919464490257043, -7.270794359683409], [3.591399992271446, 0.32835463239036367, -4.981410940935091], [1.5710245035596717, -4.763530726313832, -10.041962254300905], [-0.5938611987451199, -2.838987326841143, -9.524549209157671], [3.319892281373083, -2.562257318812604, -10.911281412210656], [1.1547303333380023, -0.6378212074425136, -10.393622103875819], [-3.262953912964704, -3.619944535836438, 0.5238908311139576], [-3.289444935166974, -2.632516762596149, -2.1579981752717288]]",[-81777.55672727879],"[[0.23064165615877916, -0.5460882143709958, -0.32053641968077423], [0.2677278342477232, 0.7155126932598244, 0.2764061863770401], [-0.5473655391257893, -0.5893732741775566, -0.06848666693421804], [0.48999797389763033, 0.4172823541520509, 0.09128110311093356], [0.2907543897458211, -0.27788914807605336, -0.11413765717427511], [-0.18699946992621033, 0.01220746055872228, -0.019074459227791583], [-0.06770901064328638, 0.05576016206752737, 0.09383287298339217], [-0.22176208938511816, 0.16979672340976046, -0.2130864112045632], [-0.01322413187351687, 0.15220707707627892, -0.023767774094937473], [0.07306642125432343, -0.06321615965794755, 0.019663453006933295], [-0.03007355719873541, -0.08513431197208514, 0.06704453437591758], [0.020165908548158664, 0.10075906876428589, 0.14262179351780366], [-0.19136402279306244, -0.2602759504246292, 0.7790554860434743], [-0.1156716295881336, 0.20262057574990905, -0.711905433535639]]"
"['Bi', 'Bi', 'Bi', 'Bi', 'Bi', 'Bi', 'Bi', 'Bi', 'Bi', 'Bi', 'Bi', 'Bi', 'Bi', 'Bi']","[[-0.10276578839127537, 0.169549167593398, -2.071329759365998], [-1.856923796402161, -0.9383530864300301, 0.015245410198493792], [1.8570529765829304, 0.9384852546240733, -0.015190994673320635], [0.10263660821050602, -0.16968133578744116, 2.0712753438408265], [-2.3281818385914645, -1.7630612227596503, -3.583756521330001], [-0.8129359936425056, -3.3641892083977316, -5.532790349346707], [-3.5535993091885274, -0.2429731845563523, -5.785470239328266], [-2.0382275300982413, -1.8444465655092195, -7.73438869547417], [2.930312645545989, 5.586282569065661, 0.9727662214113643], [0.08758079594802592, 5.358078408191905, 0.24811999598598056], [3.630195469807636, 3.708526645242263, -1.1822408876267194], [0.7872307592277326, 3.480610352228796, -1.9067804553842929], [1.5224539436122069, -2.880321189109519, -0.7264140028710784], [3.9779656465986166, -1.480403784770592, -1.1494241229884818]]",[-81777.17639204908],"[[0.29656477756156724, 0.545275745324066, 0.6979865017873499], [-0.1835813406548483, 0.07313645814305243, -0.0466880606985806], [-0.8389575947434132, -0.13558791987714597, -0.5972825060831438], [0.02686818168906752, -0.037896657100929765, -0.624491991620641], [0.09823511824337088, 0.17031788630790184, 0.010494225591414299], [-0.07413996026019394, 0.03250006799831957, -0.05487961017134848], [0.09504699998763652, -0.08626035293345663, 0.1136933703030426], [0.02785081672144674, 0.002484262950635238, 0.05200424107659052], [-0.0026014734377359304, -0.06959162483804261, -0.007835975993925447], [0.09587510135040601, -0.05387369121590281, -0.030628504411043433], [-0.4081060304878942, -0.07446011420235756, 0.009303001986758739], [0.31294934717892214, -0.20914747898970085, 0.22946578719066874], [0.19008212147211853, -0.08477589999378761, 0.5926411480973283], [0.3594472592672662, -0.07840202889853146, -0.34068714328529]]"
"['Bi', 'Bi', 'Bi', 'Bi', 'Bi', 'Bi', 'Bi', 'Bi', 'Bi', 'Bi', 'Bi', 'Bi', 'Bi', 'Bi']","[[1.92567366304867, 0.1304080064206911, -0.7774891605884916], [0.7468762838472366, -0.9585155041995501, 1.6888838822799879], [-0.7469928344817628, 0.9585354746750719, -1.6890359813585487], [-1.9255571124141453, -0.13042797689621316, 0.7776412596670532], [-2.3680849336691088, 4.826023729173366, -4.017134548307348], [-0.36755879836195354, 4.227129014765025, -1.9440851126235854], [-0.3740872771935467, 4.257518387620987, -6.105347645611207], [1.6263075494885817, 3.658524812017755, -4.031949709555653], [1.3660850005673777, -3.187156903898872, -1.1079866770989435], [-1.4334140469650327, -3.327828436740498, -2.0031571985612606], [0.7526904831879005, -5.033535565027905, 1.0998384796857055], [-2.046880921971896, -5.17411711752672, 0.20430034985614576], [6.61658350629044, -0.7485752498823277, 3.1498623038002003], [4.669440998960966, -0.3908354499995819, 1.0885757356766548]]",[-81777.38026119598],"[[-0.5820883064637243, -0.27693933062251913, 0.3029409626509444], [-0.023325734369106902, 0.3793567618401903, -0.220483016279211], [0.2929191055349733, -0.2595335182664284, 0.4672948119334655], [-0.019871671340150276, 0.19829047568441407, -0.2624266279827807], [0.1533208795798549, -0.1328733476627519, 0.025308822188597063], [-0.00978803058114838, 0.14787044640515357, -0.1914328255515936], [0.029594575842315323, 0.004884658012569771, 0.13746107240705185], [-0.17414749515606973, 0.15367965151279347, -0.04826003918032425], [0.08512382186540325, -0.2534755845018265, 0.3913051476171251], [-0.11193499188153842, -0.26813268037471544, 0.10638094319230776], [0.20698589994813482, 0.20635289400081167, -0.4298924394034094], [-0.10178380820524903, 0.08700659032643421, -0.1509198792799025], [0.15927704902522427, -0.1093282003710915, 0.21669901882627265], [0.09934969207832052, 0.1174097477055561, -0.3485389881366763]]"
"['Bi', 'Bi', 'Bi', 'Bi', 'Bi', 'Bi', 'Bi', 'Bi', 'Bi', 'Bi', 'Bi', 'Bi', 'Bi', 'Bi']","[[1.8993147030089879, 0.8246481014818078, -0.20560609715383005], [-0.1546886638685081, 0.830522437188834, 1.901370248422436], [0.1546821995781491, -0.8306653305759225, -1.901499309233206], [-1.8993082387186306, -0.82450520809472, 0.2057351579646005], [-1.0605741666323882, 2.1267904313375112, -5.027271903124007], [-0.6861527923741836, 3.5389458133155416, -2.4730715446103915], [1.8446965568615905, 1.6982634289503453, -5.216019217247535], [2.2188148552068854, 3.110437673734988, -2.66158167276144], [2.642854990548128, 2.4352146646561796, 2.752334462474841], [1.018903118839463, 3.3563544709828372, 5.0266685266255795], [1.5015011819398647, 4.566385491169223, 1.0744544581389759], [-0.12232946392044153, 5.487430341554457, 3.349141729966412], [-3.3875746783842344, -5.649199845583039, 0.8386232086846751], [-4.398494026535803, -2.9833686166512523, 0.6395504717746489]]",[-81777.36176642144],"[[0.08762771777060291, 0.11640855958253558, 0.3685154422728347], [-0.3249338826862362, -0.6106100837782878, -0.7007401547913431], [0.005952431059311668, 0.46784348565060097, 0.5469063398479992], [0.8214442587938333, 0.5184349561831819, 0.4350499723444833], [-0.16040386131796944, 0.0725314258135476, -0.08103699971516301], [-0.0385358079881965, -0.1551660070698509, -0.14215817194013786], [0.12112972465448003, 0.20742561025321696, 0.15573956907931008], [0.11288074698983804, -0.12937535988316948, -0.347484063927957], [-0.26225544383991806, 0.03487347520393131, -0.0787046993295586], [0.21906968009219413, -0.20874566676611161, -0.2282848788575837], [0.08626086715437241, -0.002221270833911376, 0.1234201160354485], [-0.10019301438019705, -0.04715657765936459, -0.09087671978276544], [0.28477688013244684, -0.4043276380429378, 0.11207475712644699], [-0.8508690080365038, 0.14201203035587365, -0.061916363449134544]]"
"['Bi', 'Bi', 'Bi', 'Bi', 'Bi', 'Bi', 'Bi', 'Bi', 'Bi', 'Bi', 'Bi', 'Bi', 'Bi', 'Bi']","[[-0.7998313100027998, 0.8836628504377427, -1.7056155902857915], [-1.7667114141642615, -1.0633103062856042, 0.27750116143546033], [1.7668552732306315, 1.0634267152747516, -0.2774475842363081], [0.7996874509364306, -0.8837792594268905, 1.7055620130866407], [3.7375861661071728, -5.815307022568814, 3.092341010298469], [1.4961829780453213, -4.089502152551377, 2.2823885678968994], [5.354402536207319, -4.756667563413854, 0.8730964906361389], [3.1127351481124665, -3.030779412317335, 0.0634118739324212], [-0.4961340383874815, -2.9606565010814943, -2.262444142026662], [0.5695626341856661, -4.498242815459912, -4.533662446744357], [-2.5891234311486286, -4.991682333886986, -1.8697758527275594], [-1.5230593019811498, -6.529206710036724, -4.141092174316815], [4.490143332292798, -4.5758033202541855, 6.193557363584068], [3.0439473324801005, -2.3771768920079186, 7.308368102381831]]",[-81777.45791070566],"[[-0.015383679742465534, -0.015076802984347314, 0.038067069912418726], [0.3599763925896022, -0.017458756541579287, -0.1619396849271247], [-0.13408161254855636, -0.19230612693286, 0.19603834233957948], [0.058122595798796396, -0.0658504619873886, -0.26610618716772444], [-0.1950187965298657, 0.08832644115096258, -0.5863126312868436], [0.2178868691417207, -0.13131649241814128, 0.10162378265625881], [-0.3973285257361867, 0.05129777352923924, -0.057638971027506834], [0.3897072575434354, 0.009140508177372773, 0.1587570174130976], [-0.1223843722668877, -0.293845114560107, -0.4122161468456192], [-0.22070500544855254, 0.43232223607464537, 0.5321044907873187], [0.14826356829526616, -0.10758494004451125, -0.22173792100207654], [-0.09896058111135102, 0.024681210418680394, 0.16327090003389177], [0.4116737980457477, -0.46334204717596866, 0.081172085549738], [-0.38001043946832774, 0.6810398372869576, 0.4360297174553158]]"
"['Bi', 'Bi', 'Bi', 'Bi', 'Bi', 'Bi', 'Bi', 'Bi', 'Bi', 'Bi', 'Bi', 'Bi', 'Bi', 'Bi']","[[-0.06615651672410483, 1.4288800250007598, 1.5111716940769047], [-1.0535454410102467, -1.3263971633949667, 1.208146303911], [1.0536911569426772, 1.3264516234469175, -1.2082599611579212], [0.06601080079167465, -1.4289344850527115, -1.5110580368299849], [2.2118697658054414, -1.2583681606116492, -6.041437549619136], [1.5963747530981107, 0.5629688325957493, -8.269039647456324], [-0.33003415852291496, -0.5344119806248749, -4.747424100655774], [-0.9453514258240823, 1.286859618168971, -6.975361754958051], [-1.78050077424427, -6.3469677746817394, -0.6734573631054026], [-2.0999664329392025, -3.8828260450589003, -2.2496111909496195], [-1.7916797832453337, -7.933493827063089, -3.1518982100953017], [-2.111034717922559, -5.469021804169866, -4.727887372984405], [1.5370627171327085, 3.9270041679203525, -3.232900734993853], [-0.042419163034913, 5.870300565166279, -1.855555416321316]]",[-81777.58182227395],"[[0.10467331837519091, -0.3084782991604123, -0.19097496324818455], [-0.11977017597525358, 0.024383342811006608, -0.008838243980869085], [-0.35661045674119163, -0.5592903221626899, 0.3242972257704109], [0.08912420347970115, 0.5959218775399943, 0.15664320949460744], [0.047854534850559745, 0.08950261865162246, -0.051836039415039406], [-0.010664052191059268, -0.06130829721622661, 0.0013432262789178167], [-0.10404720298813915, 0.11713926750385667, 0.05472354412340973], [0.02450840133772391, -0.22380035825108047, 0.14732434379259693], [-0.05636550292958167, 0.15029520371141492, -0.11510254130064167], [0.17167028731639897, -0.12902903209639274, -0.05393647758971935], [0.04844113236023393, -0.02812793037295971, -0.03290263098444584], [-0.10430590753086724, -0.021929552591840398, 0.15383607751537326], [0.8543780515657754, -0.17514405529084823, -0.9267124793464884], [-0.5834669327389261, 0.5345156726614034, 0.5448427713129806]]"
"['Bi', 'Bi', 'Bi', 'Bi', 'Bi', 'Bi', 'Bi', 'Bi', 'Bi', 'Bi', 'Bi', 'Bi', 'Bi', 'Bi']","[[0.9018352760896036, -0.8354512785301698, 1.6788177374370312], [-0.13495615586028675, -1.8868193893515053, -0.866374255707155], [0.13500407843823486, 1.8870059140460251, 0.8663796376080577], [-0.9018831986675526, 0.835264753835651, -1.678823119337936], [-0.2925547046711219, -2.0917180572890284, -4.26970628966575], [-2.785337653932822, -3.521111045545085, -3.6363165891049007], [1.2703630564631805, -4.4006001775245664, -3.328318832800838], [-1.222739532368217, -5.829879866503972, -2.6951120579609626], [2.6442469172228513, 2.6815473978807205, 7.337468919986266], [3.2308850620442824, 1.3321059682170564, 4.789297580627441], [1.1939454994367154, 4.791118147375104, 5.886195008004029], [1.7806655039134065, 3.441300474596485, 3.3380380948467208], [7.815293173332298, 4.933738820415395, 3.107748784737376], [5.038188927281098, 4.263662138488965, 3.024482518465494]]",[-81777.31907753761],"[[-0.20812752180325442, -0.18334449050104076, -0.532180081261938], [0.25634180046428356, 0.1578532741536171, 0.17688860116971797], [-0.28610547271254344, -0.19928467040297998, -0.29468869397244146], [0.2898210273615917, 0.2318102231898855, 0.5346771380289579], [0.15436346248659558, -0.14697955866856754, 0.20235112399004118], [-0.08185137137948124, -0.09198486585626785, 0.0019338326548514098], [-0.062130227928006765, 0.23212626336472292, -0.026876110975588823], [-0.07765872256477381, 0.02259479504837373, 0.014195505467840541], [0.09387740451469859, -0.09542217556778841, -0.24659181194648447], [-0.34673890639890254, -0.039634723796260686, 0.30573446777591046], [0.031364704211745024, -0.055630115597927014, -0.2186187083490565], [0.1662934905768371, -0.10682034496484037, 0.020358484281117667], [0.49561110657008395, 0.15593934390508998, -0.2056970566448279], [-0.4120214113848139, 0.12009233537898874, 0.25802865075640297]]"
"['Bi', 'Bi', 'Bi', 'Bi', 'Bi', 'Bi', 'Bi', 'Bi', 'Bi', 'Bi', 'Bi', 'Bi', 'Bi', 'Bi']","[[0.02107734983763987, 0.43759557251037184, 2.0341535241406046], [0.7338600201809578, -1.9048739734344275, 0.40225556441352117], [-0.7338615147374419, 1.905045457675898, -0.40234335918118036], [-0.021075855281155798, -0.4377670567518429, -2.034065729372947], [2.405783345813334, -1.331387433978565, -4.091349079825275], [0.9576977697925619, -0.49540388314905426, -6.512607704393307], [2.992306701993507, 1.4846163603172986, -3.470082711572939], [1.5439614162484832, 2.3203542831849724, -5.891485161602879], [1.4966369718257155, -3.1575202140555296, 5.442148508096919], [0.19122006213095188, -0.5217390337215073, 5.3593359422511435], [-0.5015158892174226, -4.085638544236797, 7.393004839619477], [-1.806871398108746, -1.4496398611870351, 7.309880199247374], [1.3940854198811756, -0.7924818807232586, -9.88415326171527], [3.698066887072673, -2.448932288143954, -9.543440082061291]]",[-81777.23248040021],"[[-0.09388074695065114, -0.061087490754991376, -0.17087751293054346], [-0.02725596596607431, 0.3656748345119834, -0.11097776964681699], [0.2109782597161466, -0.4840560997937196, 0.017249874863380952], [-0.12131011335173508, -0.04349068132415306, 0.20093130861948547], [-0.3476496944849292, 0.4163210181500032, 0.04890326783945311], [0.2780224341374231, -0.08923321831384616, 0.5306872979434334], [0.4492427267304245, -0.1152957340986996, 0.05752414549701352], [-0.1687754806710246, -0.10782194446459349, -0.05236836090705319], [-0.0966832509416433, 0.005374405612303509, 0.05395421821131371], [-0.08973360668699011, -0.03763819424203208, 0.005618691400553185], [0.05682958730607167, 0.05717555513820736, -0.00788126342997805], [0.12137223123836112, 0.003356866019898031, -0.15556118584362658], [-0.7791377613899988, 0.4660379531711199, -0.7112899110994523], [0.6095070799139433, -0.393362596923246, 0.28648805307388253]]"
"['Bi', 'Bi', 'Bi', 'Bi', 'Bi', 'Bi', 'Bi', 'Bi', 'Bi', 'Bi', 'Bi', 'Bi', 'Bi', 'Bi']","[[-1.386893514695465, 1.549698972341305, -0.06836792779119799], [-1.5130599285798385, -1.3715617242219673, -0.3979610686546331], [1.5132093814702954, 1.3716329838161017, 0.398059571973248], [1.3867440618050095, -1.5497702319354403, 0.06826942447258316], [-3.5828332034308117, -1.878106289381368, 4.476430772167706], [-3.6754169439518396, 0.8475740747991605, 3.371709783368345], [-0.6429942618687938, -1.827010907962782, 4.355620272507257], [-0.7358963442493824, 0.8988760588256726, 3.2509659307097007], [-2.5683472247097177, -2.3587242572925433, -3.4888994129087214], [-1.1550757908172695, -0.09400836498716447, -4.726655221242915], [-5.056898855958767, -0.7883787008318253, -3.457522206742947], [-3.6433045892912896, 1.4762583143132026, -4.695473016084682], [0.5267057529390143, -3.0061380125159367, -4.992631670163112], [0.17987936759776113, -3.8932305279207666, -2.298003244620946]]",[-81777.34915309228],"[[0.23026786897509988, -0.06943807847259119, 0.12963997796642904], [0.3925809811312629, 0.11425104288620425, -0.05715447208066045], [-0.4063202955136706, -0.14345411149208254, 0.20850238885085687], [-0.10132023804967484, 0.39602847241691586, -0.08450336290842507], [0.1618293331185987, 0.26245861252374214, 0.0007805467266992315], [0.262220373973462, -0.25764797301245224, -0.16266473641837223], [-0.17978052817796397, 0.09183743871971418, -0.07835256084643358], [-0.04397530368401924, -0.09393170624340479, 0.15463404553247814], [-0.27747288624473077, 0.18850171490956527, -0.0642975148217379], [-0.5872737101784334, 0.10565764005217389, 0.018764944516375417], [0.6563346076093012, -0.5615631786104304, -0.05510273062670472], [0.29126840497323314, 0.24744454449111977, -0.16493759286611265], [-0.12009660341258971, 0.18298510150300326, -0.09470185490896606], [-0.2552677472374973, -0.4725788432198209, 0.24393694078041228]]"
"['Bi', 'Bi', 'Bi', 'Bi', 'Bi', 'Bi', 'Bi', 'Bi', 'Bi', 'Bi', 'Bi', 'Bi', 'Bi', 'Bi']","[[-1.3609851614456696, -0.2517758863364056, -1.553719084298935], [0.13770568346568957, 2.0268665694233317, -0.4491703212422229], [-0.13763590859724206, -2.0270428776174128, 0.4492044370513626], [1.3609153865772234, 0.25195219453048645, 1.5536849684897969], [-6.454056407410118, 3.248715747768949, 0.2148991930054508], [-4.443488953354989, 1.2033574289179618, 0.8725020518673511], [-6.658510386618107, 2.1696969384458784, -2.5152612229166693], [-4.647894446881993, 0.12425226622706864, -1.8572859929567964], [1.8177523906805146, 0.357425167054245, 5.377468847790417], [4.09768702870868, 0.23394486066714948, 3.521407340179227], [1.6116139846248738, 3.2587995082899255, 4.930934631046546], [3.891626195063524, 3.1349781380134116, 3.0747114882149775], [4.535521806603636, 3.5330006125911195, -2.370478074833532], [1.9738187442034374, 4.5693741411380655, -1.641196679477392]]",[-81777.30186720857],"[[0.036277848520386166, 0.2727519782832442, 0.3141415169500627], [-0.055080567705234666, -1.1399691490962656, 0.25199812496661206], [0.07545153212797827, 0.2663188175163988, -0.07510001070995218], [-0.3845026219664761, 0.02533541769436112, -0.4291941273997823], [0.137688100941368, -0.03068670907650039, 0.09687418116767182], [-0.18178717245760595, 0.08634967310652733, 0.08161081883508012], [0.33593466215957457, -0.3121911798606985, 0.041812891604569684], [-0.14987858192545128, 0.16505504092327647, -0.11893826937770732], [0.05365206200120233, 0.04494661042962386, -0.04281393574573377], [-0.16793935746196895, 0.06610896084175039, -0.041560959351302385], [-0.0491502687141381, -0.0076188770654929735, -0.06702993050190946], [0.12263901446438115, 0.002360289944271145, 0.09326707570976123], [0.7259086975141158, -0.4228484356107108, -0.19398438973568594], [-0.5069022151724708, 0.9894679999080817, 0.08871308385753633]]"
"['Bi', 'Bi', 'Bi', 'Bi', 'Bi', 'Bi', 'Bi', 'Bi', 'Bi', 'Bi', 'Bi', 'Bi', 'Bi', 'Bi']","[[-0.5432902327858505, 0.6664513168706765, -1.8948332551259852], [0.17317297040326557, 1.9709938933258213, 0.6435053362510136], [-0.17311225521519608, -1.971174820767302, -0.6435317166766558], [0.5432295175977815, -0.6662703894291965, 1.8948596355516287], [-3.527771133731854, -2.422482335561256, 3.57243297059498], [-3.0160418973913132, -3.407199908933699, 0.8472213918092495], [-0.8535273754511441, -3.3283410565839913, 4.4017092912497535], [-0.34200659753094076, -4.312904740100082, 1.676212526561316], [-0.3008691873140719, -1.3989647978447106, -4.542237340070047], [2.0714183192943554, -3.1084063085012135, -4.213033197605242], [-2.021515699240185, -3.7862676110667435, -4.537790303565786], [0.3510878441624736, -5.495545657320431, -4.2084382823205395], [-4.261607416383059, 2.4120914176444317, 6.201416585326253], [-5.197967918034596, 0.32906645150659974, 4.483138369905548]]",[-81777.30084010997],"[[0.19601042014385273, -0.619491707435612, 0.3293562854061134], [-0.16329835943079435, -0.3242328453117555, -0.13757198985858526], [0.31972199659436445, 0.7219990758914528, 0.04453865840830024], [-0.02145962666574717, 0.0021208604583500797, -0.3972212592531554], [0.45171792910852365, -0.19334624157920496, -0.3945120349362854], [-0.24166670685934233, -0.2140367943011048, 0.5694729247369333], [-0.275422121810515, -0.2677137960167224, 0.039519106365557076], [-0.030497527201585526, 0.41796837627579086, -0.19319223241492933], [-0.00971784456835379, -0.05856498005264053, 0.07326146524767817], [-0.05752116301570201, 0.07167416812485346, -0.06698035960562843], [-0.00584650669287048, 0.14792130285372404, -0.06674901161561975], [0.04989723115860693, -0.024477064715116376, 0.051060203466149624], [0.10195828336197264, 0.408008482780171, 0.35986064146146046], [-0.31522729441372876, -0.07553164774665655, -0.20321090136122263]]"
"['Bi', 'Bi', 'Bi', 'Bi', 'Bi', 'Bi', 'Bi', 'Bi', 'Bi', 'Bi', 'Bi', 'Bi', 'Bi', 'Bi']","[[-1.5813827600019055, 1.3414655829161575, 0.17150322373257615], [-1.2805736942507517, -1.5700094138102596, 0.4733987506633753], [1.2807324413403334, 1.570116911161214, -0.4733797590576683], [1.5812240129123254, -1.341573080267113, -0.17152221533828327], [0.9300693618500417, 1.6901587934898767, -3.9217340794567805], [1.7493365236410807, -0.35708801435508053, -5.870039878134569], [2.128966342144576, 3.778942445569829, -5.612736090868709], [2.948040812704858, 1.7313619794474133, -7.561038689003894], [-4.349069380356953, 2.1179672981567785, 1.957774911391466], [-2.2557309513640886, 3.7823966168680836, 3.184935424322804], [-5.377662299814603, 1.4413135554164476, 4.6306002396970944], [-3.2841664268396076, 3.106018088668262, 5.857541808916069], [-4.092827492153104, -1.729077518471905, -1.3664442358160813], [-6.7020131315209, -2.253279167700895, -2.4083688753454844]]",[-81777.25741638338],"[[0.49687089639164944, 0.2322576468087043, 0.0410851198846777], [0.30664381604337293, 0.06908162053377362, 0.052110427695698756], [-0.5884322499016822, 0.19427502739728386, 0.3898432175535672], [-0.4528344055608617, -0.18864636525317374, -0.0012755152113908673], [0.21698646831819274, -0.02715290066792485, -0.29625151417967505], [-0.12303167355566952, 0.23813591178533325, 0.03926247413311956], [-0.17256498028776177, -0.20536034478917625, 0.10265294439709766], [0.0944008299848694, -0.05136593865383482, -0.04089427193399572], [0.11859826650819466, -0.00654497296277225, 0.027130454924951124], [-0.05483507864004206, 0.0034909018153629913, 0.12001221976031047], [0.059616099026583116, -0.013964954520251304, -0.17322400581342334], [0.08544639264587103, 0.032603683512848924, -0.06758271798637122], [0.7079891270410709, -0.2600962816366562, -0.02417336070004851], [-0.6905524100079418, -0.01273068034052678, -0.17348008782948096]]"
"['Bi', 'Bi', 'Bi', 'Bi', 'Bi', 'Bi', 'Bi', 'Bi', 'Bi', 'Bi', 'Bi', 'Bi', 'Bi', 'Bi']","[[-1.7567349283765035, 0.9752089040899109, 0.5408924887038615], [-0.13708322137309814, -1.1902384300157092, 1.7010131078628452], [0.13717116281136632, 1.190358492832674, -1.7011354525538536], [1.7566469869382368, -0.9753289669068765, -0.5407701440128536], [1.425498157263805, -4.548844405285097, 1.1872709128153458], [-1.3280558978810222, -4.075037195915025, 0.2643622209468494], [0.9125324219694279, -7.4462446887709115, 1.22965804323505], [-1.8410917388909656, -6.972105601499671, 0.30656656666434234], [-0.3724108007692214, 2.7273064153530484, 3.0265459440522786], [2.4903440824233463, 2.629169945766116, 3.6998344200238504], [-0.8203630467558237, 4.646676577660259, 5.2117726788592975], [2.042634254926399, 4.548425365610334, 5.884784504432244], [3.3727885265557025, 7.234007977184602, 3.2614474049558693], [1.6156209071221848, 5.347688281700108, 2.0275900437355254]]",[-81777.66946240222],"[[0.2954718524271719, 0.0018479793591948837, 0.2827592829472988], [-0.1390939295030145, -0.0567260232136339, -0.2860101875768497], [0.08524800621656374, -0.1266689123592447, 0.07538298647990502], [-0.11976349110334845, 0.14805772566268005, -0.09834464729843168], [0.05879745932866394, -0.2478948477470669, 0.16598783766449843], [-0.20249803690567905, -0.3244120513009043, 0.0715752320206577], [0.17329090595456612, 0.17667597082104358, 0.0056313669461271225], [-0.01783200893550618, 0.5207551209551741, -0.07816821264812703], [0.10861271338887749, -0.0385195226117938, 0.35845069913248767], [-0.465534273784115, 0.027153353182330732, 0.4004386881010891], [-0.013120732331772153, -0.3735083216766765, -0.7221152898184188], [0.22905554174406076, -0.2412015940410208, -0.3174370045330116], [0.35300494536811994, 0.3162294081343977, -0.10804881873263492], [-0.3366281919086849, 0.22588675819475965, 0.23046147314989043]]"
"['Bi', 'Bi', 'Bi', 'Bi', 'Bi', 'Bi', 'Bi', 'Bi', 'Bi', 'Bi', 'Bi', 'Bi', 'Bi', 'Bi']","[[-0.7583122059030756, -1.7937962360260613, -0.7327839801248707], [1.23797687140227, 0.15668384075994513, -1.6648628660965623], [-1.2380161993795646, -0.15668651008119738, 1.6650514481342173], [0.7583515338803707, 1.7937989053473151, 0.7325953980872162], [-1.418941740728834, -2.550134898692653, -3.925032056280533], [-2.806335712864646, -4.303133243205591, -5.83826189871926], [-2.746428425551927, -0.2063875722501911, -5.11014238387295], [-4.133860567836683, -1.9597570111381324, -7.023275789780369], [-0.8726939523050663, -5.650582114539266, 2.9637017327834423], [-1.8209194966343039, -6.819321676081346, 0.43521803417078375], [-2.415249816127107, -3.205993198472554, 2.412008561186206], [-3.3634679728545356, -4.375116794461297, -0.11650564918018791], [3.4572285046519644, 2.7723262106618134, -1.2593944164733952], [4.192511720121068, 5.519171895430022, -1.5465205234641881]]",[-81777.85055930565],"[[0.5176579683794409, 0.43187836058014545, -0.15371502991179903], [-0.39719806788985373, -0.31890783061841255, 0.2630433331270737], [0.3455999070704534, 0.40963419220540437, -0.290689597910433], [-0.7136980076480424, -0.5197601034831429, 0.3781331731710956], [-0.004909041339954149, -0.16243446829228667, 0.05617092173505114], [0.06034480148633266, 0.11889085820927256, 0.13289340227846724], [-0.12845773265896296, -0.04656051848484009, -0.10076194840141425], [0.04878164430845321, 0.05289682574219863, 0.04348542598639381], [-0.1850746381942687, 0.040645111331464465, -0.09096341742916567], [0.15485356644142392, -0.027197925851310405, 0.03637184810379046], [0.16759734913088475, -0.1132508832050153, -0.28681504615422604], [-0.2222900399993478, -0.010915763329332783, 0.2543261573186155], [0.1109697992226224, -0.5913838779582501, -0.2515581061289805], [0.23988678258146703, 0.7328234261685876, 0.005650413688847554]]"
"['Bi', 'Bi', 'Bi', 'Bi', 'Bi', 'Bi', 'Bi', 'Bi', 'Bi', 'Bi', 'Bi', 'Bi', 'Bi', 'Bi']","[[1.0460236275233181, -1.0030270099647713, 1.493146371751473], [0.48661662116544435, -1.5049497241630831, -1.3517527565115173], [-0.48662859154443405, 1.5051319368932103, 1.351814175002272], [-1.0460116571443292, 1.002844797234645, -1.4932077902422287], [1.2440634330244555, -1.8283431430865333, -7.754306245726287], [-0.1896955888053733, -0.9951987393134132, -5.323561682929714], [1.9389390097373667, -4.382613556588332, -6.468728747186331], [0.504910322147876, -3.5491966970894033, -4.038023123515849], [3.8483639438598702, 5.425602386500113, -1.8600379698781713], [3.1303419205810825, 6.668692822355017, 0.7085188626942951], [2.013245137575362, 3.195917832936317, -1.2937300363517779], [1.2952817379016683, 4.439387495370831, 1.2748617028710956], [3.1858109437522053, 0.8335608714629223, -8.143237077658489], [0.9611610653712681, 2.603493478173399, -7.8491018867704625]]",[-81777.73463010004],"[[-0.07127019617341797, 0.09874995622424819, -0.42335350339418837], [0.010958258545812708, 0.005748305924584283, 0.12134760005649532], [0.05203550570826984, 0.09463454339109066, -0.07789793813479391], [-0.17037727882367423, -0.14422441442391856, 0.2028222531930773], [-0.14757538644367993, -0.5051071213775802, 0.3506601494142621], [0.09514835293013643, -0.3142235866082209, -0.25755145374656063], [-0.38539484667744317, 0.36513058309472357, -0.07272508141042974], [0.2144648832134903, 0.018335472349726475, 0.2468294334316657], [-0.22963342320921248, -0.3705032146448677, -0.06842701730798774], [-0.3621093809482509, -0.2886202701011576, 0.2662079000648654], [0.3722042574342625, 0.23808089014734493, -0.10967098003354939], [0.29112653142256983, 0.3051034158680672, -0.028448228296979745], [1.1109228664476083, -0.20052959924007943, -0.21059182269793916], [-0.7709775896775117, 0.7040980173713759, 0.05896828351688552]]"
"['Bi', 'Bi', 'Bi', 'Bi', 'Bi', 'Bi', 'Bi', 'Bi', 'Bi', 'Bi', 'Bi', 'Bi', 'Bi', 'Bi']","[[1.081216178299989, 1.734551617846474, 0.389893524361514], [1.750640579883605, -0.959359602742925, -0.5863374759293747], [-1.75082288084362, 0.9594182555042374, 0.5863164232913411], [-1.0810338773399748, -1.734610270607788, -0.3898724717234807], [-3.8732597961388477, -3.243640520894055, 3.6466985523433193], [-6.509065691440593, -4.477811392791562, 3.2134974431176966], [-4.114083876126511, -1.828133531819292, 1.0780018704570375], [-6.750078377028049, -3.062431311357903, 0.6451118727521863], [3.7212545189640798, 2.1705580101089, 2.622403973952344], [6.273042495456891, 2.945112369903982, 3.866090962921498], [4.80995933235513, 2.8405321464042252, -0.028202636457713925], [7.361826078747467, 3.614939380356835, 1.2158316525105848], [-3.1018594272418576, 2.6063907696447255, 3.7564865178231672], [-4.432829518193445, 3.0160584499537317, 1.2607030671010184]]",[-81777.52649190722],"[[-0.7139057528980168, -0.17334495057281443, 0.4374451619480874], [-0.17252862486901624, -0.39088204664762266, -0.3023421009724289], [0.7370621491773488, -0.026060638878510838, -0.634805206307492], [0.23023675860969528, 0.580021652603211, 0.575093359346391], [-0.15509175356961247, -0.07200877167475045, -0.00907392171098863], [0.14276284431500166, 0.058662064961539494, -0.016100498556851438], [-0.009185029424260863, -0.1332174128774992, -0.18531668197932558], [0.1697131110888549, 0.08915541668928889, 0.0937950263239909], [0.1875554455803499, 0.041876989241721466, 0.14428966905813082], [-0.3923573978770824, -0.13089282580563147, -0.06596698444690398], [0.25574119043465443, 0.051474387844972484, -0.011714610664203652], [-0.0827276038199676, 0.013637776320378154, -0.1839662350103084], [0.5654902837442298, -0.12297474930029285, 1.158546922341507], [-0.7541183427328018, 0.2185397754384845, -0.990081465460605]]"
"['Bi', 'Bi', 'Bi', 'Bi', 'Bi', 'Bi', 'Bi', 'Bi', 'Bi', 'Bi', 'Bi', 'Bi', 'Bi', 'Bi']","[[-0.1317384928124843, 0.1458854859040437, -2.0714915143549426], [1.0301291827263857, -1.797445096099133, -0.19217158060999973], [-1.0302685108438925, 1.7975600786083703, 0.19223854103295013], [0.13187782092999112, -0.14600046841328085, 2.071424553931994], [2.6447783962238702, 6.543379359377857, -0.5203552253976279], [4.5446654085644775, 5.132611615224562, 1.228495074707589], [0.4743620675746554, 4.79804703376925, 0.4298905063336521], [2.3745713230811094, 3.387466564143244, 2.1788385591549146], [5.230781818925971, -7.037599915034431, -1.6815877380193516], [2.579823474601203, -6.261847988333867, -2.695955750457267], [5.9066295694080315, -4.201832220826167, -1.279704272561905], [3.255391803860154, -3.426345120667201, -2.2940562013764247], [3.0538184963192956, -1.5960503432387974, 2.9440834818899013], [5.239278323611823, 0.056338079770860916, 2.130682063775713]]",[-81777.56248806583],"[[0.021395647299406025, -0.13292055314282036, 0.10068985462902212], [-0.25477625488619626, 0.5647863153105291, -0.1086755511847856], [0.054997418183153304, -0.16430088452819588, 0.2253940317132608], [0.07740845124506447, -0.03488306542401058, -0.8054139359653583], [-0.24228922269998363, -0.2098418314922764, 0.13122794357644424], [-0.07875797261643325, -0.16201316709598945, 0.038124153576279275], [0.209013473019049, 0.1569811040583654, -0.1418124097963685], [-0.06533125312872717, 0.39615939306207304, -0.00846668851596426], [-0.053558216684072776, 0.10982889727678492, -0.023935471819991117], [0.0800165797298924, 0.06016945215405223, 0.0593542063141772], [-0.028621690438499263, -0.11558261794761236, -0.01010228640940802], [-0.03623846948265586, -0.013422831977582792, 0.08630601575077775], [-0.4786618195430212, -0.9300580006245424, 0.9769863156193931], [0.7978662013635631, 0.4728434098809889, -0.5135779853673804]]"
"['Bi', 'Bi', 'Bi', 'Bi', 'Bi', 'Bi', 'Bi', 'Bi', 'Bi', 'Bi', 'Bi', 'Bi', 'Bi', 'Bi']","[[0.9200373245771776, -1.8223668241938769, -0.40277186966432005], [-1.818172048772842, -0.9763969773800767, 0.26420497083460714], [1.818289454523317, 0.9765297722000491, -0.26428045875115064], [-0.9201547303276532, 1.8222340293739063, 0.4028473575808638], [-5.51306696849272, 5.802538483324983, -0.46888741224283126], [-2.8520816172498815, 6.550964638876856, -1.4775146525743967], [-4.960746296436613, 2.9828391052882295, -1.1045730341296498], [-2.2996113349957614, 3.7315970896767974, -2.1130738845415684], [1.1205123646914874, -1.6656065690690183, -4.400646225764171], [0.6476283136664642, -4.40936122939606, -3.4485408229847287], [3.4505050663307224, -1.448212264016472, -2.6163445013930886], [2.977417804097496, -4.192200609003787, -1.6644683685079062], [-0.9622821994327936, 0.7538289121802102, -2.9973062337691503], [1.1699812922045987, 2.1049258470881504, -4.3375425931135325]]",[-81777.30067752594],"[[-0.17277385682375096, 0.0026459777153338016, -0.5422438988046367], [0.721699285097554, 0.04817056474097882, -0.01674755816180284], [-0.8942260587712734, 0.10864634343676939, 0.15295691401566697], [0.49785151567803876, -0.2240483669987604, 0.12394600976601504], [0.04792438661975908, -0.15330241904897846, -0.08138065355317771], [0.0668820405665316, -0.4933490487615748, 0.06958823097999847], [0.09312201398942015, 0.22107272482542564, -0.027070897858485675], [-0.1498425864613468, 0.30381051021952565, -0.1261067660541158], [0.3665991980301866, -0.6663506026068324, 0.3664363956882512], [0.03874997071519988, 0.7243778618478436, -0.17867701009270356], [-0.35736682428621, -0.48370658383726506, 0.05131318473008512], [-0.0004895159946332712, 0.2862209153081357, 0.1679849688571985], [-0.387628673757676, 0.07408591564194564, 0.3773241494043015], [0.11639770952121266, 0.23643281211227526, -0.339832662389541]]"
"['Bi', 'Bi', 'Bi', 'Bi', 'Bi', 'Bi', 'Bi', 'Bi', 'Bi', 'Bi', 'Bi', 'Bi', 'Bi', 'Bi']","[[-0.2631650026654101, 2.0281758675767723, -0.38335561960381115], [2.0511579042972907, 0.21419058594887141, -0.27527907206892027], [-2.0513307589605025, -0.21426990192078088, 0.2752482947719922], [0.263337857328622, -2.028096551604864, 0.3833863969007396], [2.915414670956868, -3.7521973721497215, -6.298913686705554], [3.447975354478284, -5.2518703678703815, -3.823903851562384], [1.2749615988753813, -1.835309667384652, -4.784214322879876], [1.807835897107276, -3.3352064262938086, -2.309197865890615], [-3.1218937782183067, 3.370679053747046, 0.595056186216859], [-4.494151804876924, 5.167751971891567, 2.478072515122303], [-5.6663593352650485, 2.8945313282804763, -0.8045284984988706], [-7.038401175279678, 4.691863625854626, 1.0786734473412734], [-0.86093046496619, 1.3578403182750927, 3.8478140253060067], [-3.355602829801507, 0.06686064361207289, 3.320343366472808]]",[-81777.11598268262],"[[0.0041012846134965055, -0.3551060520299904, -0.25903642090714546], [-0.07690122373374067, 0.5814491298654119, 0.02690438284153832], [0.6375794281481165, 0.12259484288771577, 0.141463253794555], [-0.2736616350832562, 0.01641934123567982, -0.14904754950346183], [-0.026199031153574272, 0.04405933766607573, -0.15827174713487754], [-0.2493711759962666, 0.39888856915047516, 0.3367936167772908], [0.09911921826386864, -0.16752654091078206, 0.013889667435972192], [0.016685512266105026, -0.2855376185552494, -0.19200952430863907], [0.3256119858078731, -0.004057029733042786, -0.036401204975872244], [-0.027823305902452595, -0.06388629235538992, -0.10488872551681046], [0.09531794298816014, -0.002169921761703579, 0.0851796662568568], [0.06508967214249449, -0.008372256986990718, 0.05413692090268977], [0.4845614761097466, 0.32569097014053666, -0.09188464419978264], [-1.0766315304580112, -0.5819926613733896, 0.3307062181542148]]"
"['Bi', 'Bi', 'Bi', 'Bi', 'Bi', 'Bi', 'Bi', 'Bi', 'Bi', 'Bi', 'Bi', 'Bi', 'Bi', 'Bi']","[[-0.7033540571480155, 1.88526219519384, 0.5299002030541479], [1.9568512576634602, 0.6968635731235828, 0.11840286662013189], [-1.9570007378958192, -0.6969503673472126, -0.11848795141829627], [0.7035035373803745, -1.8851754009702115, -0.529815118255984], [-0.42801007617864806, 0.6489712355672835, 6.299574940965063], [0.3430700827368486, 0.6468239503303268, 3.4599016432994736], [2.2033663854998835, -0.45749135673232966, 7.014737416155695], [2.9742561351148193, -0.45939957242962515, 4.174829473964351], [0.5701622408239129, -4.323718402915922, -2.9888298105982263], [0.9118251634480712, -3.825102269280535, -5.868580157132525], [1.2546181294991645, -7.156338621213783, -3.398270590813082], [1.5963527459291855, -6.657359911048227, -6.278129869702408], [-2.369097544465568, -1.2077158064689035, -3.5134258119365978], [-0.4170943628166972, 0.7964094665247687, -2.929123242049454]]",[-81777.32497115193],"[[0.05997106572474494, -0.5270676969172694, 0.5426974416523532], [-0.3064503661348571, -0.2799325077290819, 0.09835580589230405], [0.14136493475545814, 0.7118108168871358, 0.215997004432052], [0.11966002985509384, 0.6882615558281492, -0.3745137264112064], [0.09388331805523005, -0.05385780178960526, -0.513586212902033], [-0.0381079504752231, 0.09286917156513193, 0.22344266618206504], [0.14472444284242145, -0.002611605132439512, -0.09528415867399351], [-0.2647708582936312, -0.0017027628583581535, 0.1980193784176157], [0.20602029591248622, -0.34628886025341327, 0.01213316592081062], [0.14758459099807236, -0.2065514346963937, -0.00032908631942532975], [-0.11285791558117747, 0.3718174090393225, 0.11943824637411865], [-0.067183219756903, 0.11506829418765081, -0.10964670880632464], [-0.25934217666366727, -0.1791092127724153, -0.07799574295297496], [0.13010334243363691, -0.38668476984467326, -0.242172854506743]]"
"['Bi', 'Bi', 'Bi', 'Bi', 'Bi', 'Bi', 'Bi', 'Bi', 'Bi', 'Bi', 'Bi', 'Bi', 'Bi', 'Bi']","[[-1.0013530295502904, 0.32335643046697504, 1.7951176642818185], [-1.7608762612340334, -0.7048826079940236, -0.8551960152850905], [1.7610626803695626, 0.7048739342105632, 0.8552438657959474], [1.0011666104147623, -0.32334775668351506, -1.7951655147926768], [-2.4150588954770167, -1.7022382319325282, -5.4929321254137795], [-4.802289413111676, -1.93665156942279, -7.197189882521676], [-4.135470770293545, -1.3328717251019957, -3.1342014748779694], [-6.522660105227636, -1.5674669247775652, -4.838796423520056], [3.046557355660095, 7.350228855546733, 1.1928807670042325], [1.5433995791874606, 4.856748783065535, 1.6187768657783381], [4.8654083132233445, 5.940280276653071, -0.6411544333673396], [3.361887047110869, 3.4468323289612193, -0.21513459583763245], [0.7254583878617904, 10.431205803820422, 2.6480556486415225], [3.4329904342801685, 9.937742071003754, 3.418774654640566]]",[-81777.5650184277],"[[0.11031159645042608, -0.022120498244496384, -0.26645128082430336], [-0.13200076619076756, 0.0017754644398727325, -0.07532811910819147], [0.02110752417808624, -0.03568364568336762, -0.06267365659180135], [-0.15895715219351855, 0.017222235489157862, 0.11046447432868699], [-0.1003873384642697, -0.014661446181836488, -0.020966313972404338], [0.06500749964015311, 0.00624129980095933, -0.034442717484992925], [0.05642453549071304, 0.019531802168075714, -0.0028976898820491496], [0.2694022918157723, 0.05433972963187275, 0.25730478197326173], [-0.02984647724232768, -0.7995585023973898, 0.0770157921537761], [0.15172581772120197, 0.6946481796021167, -0.2571252674515635], [-0.5727850216554619, -0.1337174412960021, 0.0981587564373778], [0.2232069987363638, -0.1513626234883877, -0.02050344829948475], [-1.1685258934331022, 0.151269035281716, -0.3731117030843366], [1.2682528693973294, 0.22106835394764154, 0.5702735667028004]]"
"['Bi', 'Bi', 'Bi', 'Bi', 'Bi', 'Bi', 'Bi', 'Bi', 'Bi', 'Bi', 'Bi', 'Bi', 'Bi', 'Bi']","[[-2.0655664935186175, -0.24612497735486066, -0.05071741225427262], [-0.02823251692906137, 0.6439584882319143, -1.978237931445916], [0.02829205988134964, -0.6440676751880933, 1.9783850703103718], [2.0655069505663315, 0.24623416431103984, 0.05057027338981701], [0.8687078028449227, 1.1070007620545623, -6.092108776684404], [3.4981271206291593, 2.1337524011216633, -5.261296654289635], [-0.4482549385114267, 3.005699825952433, -4.269909577972168], [2.1814595664614718, 4.032396340629013, -3.4393388967197493], [-2.884173898485444, -4.038463724057032, -3.6216560002620874], [-5.320782463905027, -2.5996477000935383, -4.428539392018174], [-1.2841003399342195, -1.6266822296043861, -4.153570981622812], [-3.7210450853033583, -0.18800123410817648, -4.960323154651046], [1.696037096422826, -3.6691341249179477, -4.184875829153643], [2.5811222787402395, -1.2238972433001163, -2.999260024175465]]",[-81777.90459540764],"[[0.42950050022140307, 0.12359520825727105, -0.0804267737544088], [0.12272488935731614, 0.11427027474845436, 0.6107232123797591], [-0.09318207499238305, -0.08601512097872192, -0.1059028720069086], [-0.6792488058373015, 0.22094447812903054, -0.4679375880781884], [0.26245115632046334, 0.0864518488024925, 0.025572761500247787], [-0.050618420850776946, 0.10663753942928116, -0.18217582062575124], [0.19384400742567842, -0.03490533118966378, 0.2191629597663163], [-0.19603191457813227, -0.008966675796793892, -0.02480100846542928], [-0.09222829803779732, 0.2826089247515252, -0.01400921865668151], [0.1961274568242839, -0.06397478977499539, 0.011234539159442116], [-0.4445206360608316, 0.1274241486182484, 0.11202379783369334], [0.24956529439197295, -0.2753198946924583, 0.089572347007802], [0.0951247501901022, -0.4469045128042886, -0.24457755719728896], [-0.0023751637842600345, -0.15256872864634585, 0.06494039381064402]]"
"['Bi', 'Bi', 'Bi', 'Bi', 'Bi', 'Bi', 'Bi', 'Bi', 'Bi', 'Bi', 'Bi', 'Bi', 'Bi', 'Bi']","[[-0.5054114823162134, 1.0210899776659528, -1.7411631717284772], [-0.5436590629151281, 1.659589978669875, 1.1309734077325904], [0.5437772117942153, -1.6597308960335737, -1.1310308545686982], [0.5052933334371267, -1.020949060302255, 1.7412206185645867], [-3.120858441620596, -1.6604114649113055, 2.7338445578825086], [-4.768897257394027, -2.5850142949478703, 4.9893691815952455], [-1.076133875616187, -0.7022543819944518, 4.620878042161299], [-2.7244334911238264, -1.6271313399614966, 6.876329827859454], [-4.456363721143834, -3.7207539381239, -3.1624576836609], [-2.9752150533488946, -5.192107950438074, -1.0889028485725543], [-1.924531682946927, -3.090647548127224, -4.523579054002301], [-0.44357752393746086, -4.562266290463698, -2.4498228427791533], [-3.8012853684993604, 1.2779601164401178, 0.18228273512320667], [-3.307126584073363, 4.085460605105398, -0.02263706898277898]]",[-81777.61373731212],"[[0.63055928420591, -0.05897625394108008, 0.2583301899014154], [1.0669909167289982, -0.017169867231094996, -0.04141792366136947], [-0.2900806060798766, 0.1046234389463604, 0.16425779281545363], [-0.5955192425629398, 0.44140111487526207, -0.1296147811415559], [-0.22291060180050912, -0.3260025365934068, 0.359696502145144], [0.1878798161340229, 0.13158594417800917, -0.37243498835917227], [0.024041653296890193, -0.12291587100543622, 0.018994446453296464], [0.28026052925125694, 0.1449748684284055, -0.2007888694258149], [-0.026117568276096664, 0.0007719880337770163, -0.0656613829566569], [0.07478731297106735, 0.01340086446006074, 0.02183406690998951], [0.014643047357469938, -0.04572813880405131, 0.0879880837883804], [0.05624517523528953, -0.011870928680391121, -0.08132511769427364], [-1.4629554200639912, -0.26076317474232924, -0.004743806733087084], [0.2612407831289042, 0.01880712605809672, -0.017051251892452397]]"
"['Bi', 'Bi', 'Bi', 'Bi', 'Bi', 'Bi', 'Bi', 'Bi', 'Bi', 'Bi', 'Bi', 'Bi', 'Bi', 'Bi']","[[-1.081995825282555, -0.5619815062834592, -1.6861721502257694], [-1.139605718687198, -1.2953272892008054, 1.162897649312538], [1.1396847563529104, 1.2954969078304273, -1.1629434703544743], [1.0819167876168436, 0.561811887653838, 1.686217971267707], [-0.05120294041834972, 3.5465765882755202, 2.5517241207693298], [1.2052021126751264, 4.540017245030633, 0.08335711729331652], [-1.834970882907139, 5.88685298513422, 2.5854469737087444], [-0.5783850993734065, 6.880035766452587, 0.11685792346493495], [-2.4980148068441133, 5.483632865612237, 7.999759572019245], [-4.241247490561485, 7.575744507228897, 9.114444437446947], [-1.925733428028345, 7.198071405487963, 5.677464708397377], [-3.669031104967722, 9.290174650595095, 6.792529275523417], [-3.5090729745241505, 8.436944348485175, -0.6787165738883035], [-1.9788100250265983, 10.64528119728176, 0.29585394271797705]]",[-81777.55687143389],"[[0.22597751818639453, 0.20088621144517171, -0.022748727079511984], [0.17978988699863116, 0.104390959670337, 0.11296734179205511], [-0.26539486537492823, -0.0022855227373378847, -0.07008620251483826], [-0.3514741611239393, 0.22901800361720895, 0.14671848870962684], [-0.17897551533431294, 0.0923016773624789, -0.09653674940273804], [-0.2517751587775305, 0.5405685670610307, 0.02371153889558795], [0.6541491687172432, -0.44684110936537313, -0.15257988724021826], [0.3351002873016326, -1.1420352887358631, 0.2424437975072666], [0.013989827385947506, 0.190248574782556, -0.12961678660312742], [-0.05085042704355784, 0.010137885923407357, 0.017797175610671352], [-0.21491935165885523, -0.04025712136609136, 0.03579215143880602], [0.1560167855750062, -0.20737202843379282, -0.003381603131272466], [-0.7064305234453465, -0.33831936165649684, -0.294929555049392], [0.44864494491583207, 0.8118386120870933, 0.18638060505407106]]"
"['Bi', 'Bi', 'Bi', 'Bi', 'Bi', 'Bi', 'Bi', 'Bi', 'Bi', 'Bi', 'Bi', 'Bi', 'Bi', 'Bi']","[[1.7999927771553552, -0.5346662909111635, 0.8965894596092181], [-0.3439257703592975, -1.9909702393183357, -0.4966462459547556], [0.3439422159363017, 1.9911587654533363, 0.49661012893080625], [-1.8000092227323612, 0.5344777647761636, -0.8965533425852696], [-0.5766117676278673, 1.0541876309962683, 3.6614318852870613], [-1.6549677843028694, 0.6500906896696456, 6.36922944476105], [1.6667608438293458, -0.7447964472139261, 4.286567494307107], [0.5880293414693364, -1.1488245894795597, 6.994417448337702], [-4.447968363707957, -3.4185816187097835, 1.2369865901898738], [-2.729896570560881, -4.244379572655703, -1.0045755241922212], [-6.759269928762258, -4.691547126834885, -0.06581915421576878], [-5.040819447925516, -5.517368281211514, -2.3073139976999175], [-8.97630595444831, -6.0188758008776775, 3.64104362668043], [-6.1831565019402746, -5.75764779617023, 3.0948567633208084]]",[-81777.7206996091],"[[-0.3826436619338457, -0.2538140961306834, -0.06214688868567799], [0.1785760685269363, 0.1914437784570997, 0.11969314568206998], [-0.12216968503455024, -0.019906504664985104, 0.0516193467211304], [0.18305935500324166, -0.043334563854122744, 0.05418438349321611], [-0.17668203862784979, 0.12449545481452426, 0.3391208777979206], [0.060273479045314195, 0.13123303436351044, -0.6740268924375721], [-0.18550313848338681, -0.12683639411151373, 0.4877993709501283], [0.4063640042915118, -0.08697604560403698, -0.3945227821534251], [-0.14983646723244903, -0.40566584655415944, -0.29790051781239313], [-0.210244569313514, 0.14777958356933552, -0.12867915618529713], [0.30530864143555436, 0.3073292725241055, -0.16135280459594686], [0.23746552197743295, 0.13626792561617126, 0.22479727834050003], [-0.6147356781855778, -0.2323854821283668, 0.08585936346333266], [0.47315286802810436, 0.13751995070190848, 0.35466063387274316]]"
"['Bi', 'Bi', 'Bi', 'Bi', 'Bi', 'Bi', 'Bi', 'Bi', 'Bi', 'Bi', 'Bi', 'Bi', 'Bi', 'Bi']","[[-1.4823840265744832, -1.1381354472858383, -0.9148223876353188], [-0.9436997824931697, 1.7412988064892656, -0.6373492841691311], [0.9438490476103519, -1.74141884318224, 0.6373699751607069], [1.4822347614573024, 1.1382554839788137, 0.9148016966437438], [-6.825320073010898, -0.6506847866515542, 2.0350547328962394], [-5.956983976533524, -0.9866938518780741, 4.826363385020192], [-4.2471757520353, -1.7215553537008246, 1.1043200736061451], [-3.379114842855423, -2.0575887905992296, 3.895897325754123], [1.6687994401211186, -0.32340815949505775, 3.950081881489621], [0.0460103646972263, -2.4677045737509276, 5.144595240258075], [3.948392647166336, -2.171364297242593, 3.7301458896430897], [2.3252205389127756, -4.315625442033833, 4.924636667086037], [2.4230672133367768, 1.0812818334554644, 6.889729870968359], [3.177648902620706, -1.671760293764514, 7.029763953053769]]",[-81777.49785642876],"[[0.11256923195905948, -0.09035833367756925, 0.11868501557668645], [0.20349012331849028, -0.045922447461496485, 0.12618312786010888], [-0.1317823765678365, 0.13257093434218264, -0.15954557518744375], [-0.29166913733289923, -0.06880121586839967, -0.05951392333061795], [0.31051631091591675, -0.12555068755579307, -0.08602000607742182], [0.41273288744388487, -0.21214497555195616, -0.21003754397282165], [-0.27478628764815505, 0.19128771240916095, 0.2286987752726937], [-0.5043753850144275, 0.20719919878399976, 0.06026669132922593], [0.4614860696246497, -0.6001261477473983, 0.04824084845574741], [1.0619227553830866, -0.10679021161917575, -0.11663641087031698], [-0.6493103498997687, 0.10298662234934625, -0.24940341764768592], [-0.38440065195887724, 0.39281027223760845, -0.208933203134096], [0.01892588023638658, -0.04495594868145439, 0.006693598234059675], [-0.33629929621095306, 0.25761079484024146, 0.5232614336986778]]"
"['Bi', 'Bi', 'Bi', 'Bi', 'Bi', 'Bi', 'Bi', 'Bi', 'Bi', 'Bi', 'Bi', 'Bi', 'Bi', 'Bi']","[[1.5132086800187832, -1.4241502143801, 0.10821440351185696], [0.026699306253499033, -0.12951390703055365, -2.0763954868764194], [-0.026693324154529185, 0.1296058499561491, 2.076564684136814], [-1.5132146621177545, 1.4240582714545058, -0.10838360077225162], [0.5181057289769194, -7.072602639826164, -1.740765206049166], [0.7721691798620891, -4.668190021068503, -0.0636947300508434], [2.2547221751353916, -8.552277699336749, 0.11788590546941764], [2.5085097794085334, -6.147597933238102, 1.7949246175756883], [-7.494652266347902, 1.5356749329630555, -1.16501934771527], [-4.560621398305006, 1.5243901606887231, -1.3878403051411101], [-7.568294841728301, -1.2868819081767875, -1.9942410109519544], [-4.634070888823116, -1.2978997411632864, -2.216862144323773], [4.750958921220975, -2.7082151020864638, -0.3075707936612368], [7.520459753826082, -3.0670455147551268, 0.30017084333564886]]",[-81777.32186201285],"[[-0.34796717447833075, 0.13238710036479187, -0.1405285544359446], [0.0972579956592088, -0.09033323969687927, 0.3021170264775927], [0.01581567673381095, -0.16728105184558947, -0.41098345646631523], [-0.1651217867981445, -0.0845136987488322, 0.031013100518372402], [0.11083548471942109, 0.37548442123392123, 0.1593430749908102], [-0.09792823120083435, -0.08069972221650398, 0.03300683271081917], [0.065116771584756, -0.0769139249903604, 0.08791845827638402], [-0.14886371552607108, -0.13543853870111233, -0.1116828179444407], [0.34120599218931036, 0.057633623129982735, -0.009822575942270371], [-0.15284681931759883, 0.02789909178102001, 0.07890087460892806], [0.10256136165199754, -0.07164958836507926, 0.0003904696414731684], [-0.1662391888481309, 0.03022885705750964, -0.016352806191387254], [-0.6315208773184156, 0.32476994905828604, -0.1333190743525486], [0.986183670919005, -0.25611142949401483, 0.12522935090552317]]"
"['Bi', 'Bi', 'Bi', 'Bi', 'Bi', 'Bi', 'Bi', 'Bi', 'Bi', 'Bi', 'Bi', 'Bi', 'Bi', 'Bi']","[[-1.4316660993110926, 1.4630339551037888, -0.3736020955873032], [0.028363007477797852, 0.5408484711189421, 2.008876152002561], [-0.028284182599495167, -0.5408859902433065, -2.009047895863784], [1.431587274432791, -1.4629964359794259, 0.37377383944852616], [-6.1017767287011075, -3.702481976392171, -1.3759091845903355], [-3.8501269102576554, -1.965961576054327, -0.6190184037665307], [-4.925626785768019, -4.061948415250162, -4.049355295554282], [-2.673903430098827, -2.3253884598521393, -3.2920883556236555], [3.0489518020809547, 0.06743382523824804, 3.8127109137342745], [4.818077977142256, -1.9096053596509024, 5.085433309980927], [0.7079211707878739, -1.5630710072745035, 4.534436964015883], [2.477396036410866, -3.539989342392198, 5.807270167414499], [-2.6046109286784116, 5.142621737397244, -3.0508379709001083], [-0.424126982107248, 3.2987601949765843, -2.932904110946536]]",[-81777.86877648557],"[[0.39751534219488904, -0.31531964849020255, 0.6917639144855157], [-0.4270136250285157, 0.2658435231239449, -0.07707554462418954], [0.090964960091913, -0.05402646624998057, 0.38135831533276604], [0.029022232536426516, -0.2691251781642593, -0.4080328054294874], [0.1032967489836522, 0.12055986503561444, 0.14324600628746703], [-0.24173052167499043, -0.17302932177470964, 0.037257043414838834], [0.3710931803015402, 0.2911287425725077, 0.020816639690448727], [-0.1898260394560609, -0.24490619578456296, -0.1464313991723478], [0.07359108085469211, -0.0748662973037309, 0.1076182101377621], [-0.15707191547209187, 0.15034626584835173, -0.17533133454837474], [0.1433753328477853, -0.17339817243759748, -0.11690195455122494], [-0.1787201018054458, 0.2201698043194104, -0.04214585478974534], [-0.5131171920047515, 0.4945563366276393, 0.051043280455811364], [0.4965985649946532, -0.23317743376075706, -0.476277120046099]]"
"['Bi', 'Bi', 'Bi', 'Bi', 'Bi', 'Bi', 'Bi', 'Bi', 'Bi', 'Bi', 'Bi', 'Bi', 'Bi', 'Bi']","[[-1.4761001935699825, 1.4173703324232256, 0.3767018168785936], [0.9945611970048764, 1.360243896994807, -1.2204464302418634], [-0.9946428232437783, -1.3604132146232548, 1.2204886877597712], [1.4761818198088854, -1.4172010147947793, -0.37674407439650176], [1.756962215647646, -7.571263971275892, -2.0846396312306177], [4.450860698698936, -6.542753072336797, -1.4986447903322915], [0.5771283916245047, -5.355069788094363, -0.5496039940943689], [3.2713113464879378, -4.326663957227273, 0.036153140076367496], [4.4405511580183, -0.783770986323609, 1.4522600156770786], [6.29180944152521, -2.884966954740168, 0.5488598109842513], [4.563460803430557, 0.4680763260710692, -1.208121619102009], [6.414716352182854, -1.6334524927042926, -2.111327733198046], [-3.2115661401658704, 1.0015786312156743, 3.723724749897028], [-0.7930419818189174, 2.4942415463006733, 3.422158270297399]]",[-81777.68021685134],"[[0.2768633801932587, -0.2553396353215231, -0.8256053344443121], [-0.6321718809977911, -0.22301308602902378, 0.47936254838495246], [0.5086186331672475, -0.03816563063534596, -0.43057871863760716], [-0.5816918421376592, -0.033066616034487566, 0.12635390062623889], [0.10861142783658805, 0.05418782877335183, 0.031156475594109726], [-0.21594650793812256, 0.038264828992208774, 0.022962874379887893], [0.6066824644235727, 0.2002930061967298, 0.09396919294816504], [-0.3376985427448776, 0.05582999326789008, -0.0869599504893731], [0.29017491419583036, -0.18213267749091744, -0.10832546958532367], [-0.24187388646630945, 0.055741084471552, 0.08635352976339568], [0.1385255097027131, -0.056715944483684645, 0.1570572087539006], [-0.13102863154948854, 0.06166136129700004, -0.028396091438328976], [-0.5187074932685446, -0.2140184880365031, -0.025766026289233933], [0.7353461939813964, 0.5314822834792268, 0.519435115864371]]"
"['Bi', 'Bi', 'Bi', 'Bi', 'Bi', 'Bi', 'Bi', 'Bi', 'Bi', 'Bi', 'Bi', 'Bi', 'Bi', 'Bi']","[[1.3985661597147412, 0.5428911217057067, -1.4418726110181783], [0.2990061012802122, -2.0057454355977273, -0.46528004681652696], [-0.29911164330555495, 2.005903954346997, 0.4653091962078887], [-1.3984606176893997, -0.5430496404549767, 1.4418434616268176], [0.16800198209066278, 0.9494596203798751, -6.420747899205107], [-1.8734958488349276, 2.627168241010262, -5.1261846329370595], [2.1803271202118726, 1.9208992177052848, -4.505881960193006], [0.13846078627889039, 3.598506329744951, -3.211367371841442], [-5.544234265979951, 0.3732716291923197, -7.429896092841414], [-5.530650060377246, 3.2705445667249684, -6.916146489842948], [-5.061529918592015, -0.13557991246463108, -4.571937811354238], [-5.0481246084276945, 2.7619184274464708, -4.05844444689681], [5.519934879651155, -0.9310368764014431, -2.899405717483421], [3.5596349844283584, -1.102740833627877, -4.972081788667308]]",[-81776.9811836714],"[[-0.3549506544692422, -0.019518416997638004, 0.10796618343146933], [-0.007094592846392812, 0.3225516000276181, -0.015948618267167137], [0.04757936495410842, -0.2601804596005692, 0.02157207135340043], [0.10249965514210412, 0.05139325921109013, -0.06415708108963881], [-0.26275788909672515, 0.360141097548926, 0.3248526357815432], [0.041842078783749265, -0.2596022181807764, 0.016488879330120533], [-0.6789901527166651, 0.3093015154244819, 0.5740181234114985], [0.38855807664085384, -0.10975767767994962, -0.5066347174520829], [-0.02622056158331791, 0.06573625352199422, -0.029339938787031027], [0.06810233822176527, -0.06931096306221077, -0.0365251116477382], [0.007364296574509414, -0.034120388388355564, 0.03593058999375187], [0.27119471166190096, 0.00017752160711704114, -0.08508880342103875], [0.5189949427604647, 0.14601102357369897, 0.4460871586586589], [-0.11180468830148019, -0.4755549481919799, -0.7795069720075277]]"
"['Bi', 'Bi', 'Bi', 'Bi', 'Bi', 'Bi', 'Bi', 'Bi', 'Bi', 'Bi', 'Bi', 'Bi', 'Bi', 'Bi']","[[1.7009466559755488, 0.8401944828879138, -0.8547329430768467], [-0.9341106302485058, -3.480260343541319e-05, -1.8591240550955759], [0.9341249355752675, 7.391898456249324e-05, 1.8593121568402622], [-1.700960961302312, -0.8402335992690417, 0.8545448413321616], [0.03782795090885205, 2.925559041941617, -6.838679394597828], [-0.6018143040800014, 5.779138493156963, -6.51271043746188], [-1.1261899191391458, 2.362856748648913, -4.195142475149368], [-1.7658605579103113, 5.216648309789056, -3.869493942326956], [1.8131533589195121, 2.6956284467986693, 4.2211579562252854], [-0.4074490041230121, 3.1114426664882444, 2.3358629289852764], [3.5848995618579678, 4.276212392697723, 2.482615837237557], [1.3639393761323861, 4.691988814830107, 0.5974586587268149], [0.3539828361583093, 7.899122947292081, 1.0688428370998373], [1.2139987841816464, 6.587127788531809, 3.4578353646585]]",[-81777.3773304641],"[[-0.2618154764243781, -0.3482725702802115, 0.24654152114092137], [0.015553022974449672, -0.01584426227451907, -0.041414663500763435], [-0.0356835994034852, -0.27002141379836947, -0.4000453605226102], [0.4276187087801121, 0.2894065138813828, -0.13904533562647345], [-0.13386332576980844, -0.10653628933096439, 0.3498276771737085], [0.000512410652466472, 0.04707050222027245, 0.052668460233501455], [0.05960977410931905, -0.016392648027941763, -0.05951598021428107], [0.01661315624104585, -0.09974826471014032, -0.15189473929203517], [-0.37688155946209106, 0.3242087797728971, -0.5499957791099958], [0.3664604612271096, 0.20698677412369168, -0.026604720602868465], [-0.35939372886993365, -0.3108817677207604, -0.4783540069028363], [0.4907084729369613, -0.4694315026827077, 0.25691412834354493], [0.12752041077368215, -0.4571689279262323, 0.6816054802943139], [-0.330608259069759, 1.2263829455509907, 0.26079341093217695]]"
"['Bi', 'Bi', 'Bi', 'Bi', 'Bi', 'Bi', 'Bi', 'Bi', 'Bi', 'Bi', 'Bi', 'Bi', 'Bi', 'Bi']","[[1.5518269293478089, 1.0800252984879575, 0.8689610091986008], [-1.354596866939024, 0.9054718650778149, 1.293867440127073], [1.3546824855570891, -0.9056212547389775, -1.2939538645528943], [-1.551912547965875, -1.0798759088267957, -0.8688745847727807], [5.958382793936185, 0.04551980832997948, 2.4031968704624345], [6.940312506159117, -1.9881856940098226, 4.28950798737518], [3.360158165011339, -1.330027586860647, 2.272977600046604], [4.342384045831566, -3.3636353905230685, 4.159515006884919], [2.343678390224823, -5.360941513615251, -1.6344579479387737], [3.0777257663901985, -7.986522173859934, -0.5272929620961826], [4.16062492550647, -4.048958589397696, 0.2727035585007214], [4.894617030095052, -6.674847200852976, 1.3796436463560153], [-2.983487111134771, -7.567340970873547, -2.159452879845178], [-0.14365738633921632, -7.589795378150413, -1.83835015802948]]",[-81777.8434172707],"[[0.06599902040995698, -0.2854475784728966, 0.1293127277756277], [0.08159801473427723, -0.034486750222011024, -0.027753634110573782], [-0.07399042481788559, 0.07743904738955328, 0.04564382200049113], [0.0491359939415161, 0.03186721631727113, 0.038481007465202], [-0.13213158399174157, -0.24782326819559053, 0.044881422644130635], [0.22393302724735126, 0.15324513483896074, -0.02970357010762371], [0.1973660093220277, -0.011064748555261253, 0.450466932464618], [-0.5372513279333444, 0.5493144363965894, -0.39492639415021963], [0.713097911839329, 0.07654348024263366, 0.5226757360756062], [0.1659000087320835, 0.24310914795019223, 0.107695446119312], [-0.19360628309631406, -0.40903563905943835, -0.508449145953407], [-0.05792719185080061, 0.003725106816779749, -0.2596252038557117], [-0.567812505399885, -0.06574180710788462, -0.12536716211095175], [0.07579400325788668, -0.08219008869670445, 0.006006038589781564]]"
"['Bi', 'Bi', 'Bi', 'Bi', 'Bi', 'Bi', 'Bi', 'Bi', 'Bi', 'Bi', 'Bi', 'Bi', 'Bi', 'Bi']","[[-0.6706389878007093, -1.9620664424015906, -0.1739348244995965], [-1.9213635232855937, 0.6919400291372102, -0.39810316559236997], [1.9215541859077718, -0.6919501250941015, 0.39807741998771873], [0.670448325178532, 1.9620765383584833, 0.1739605701042478], [2.4382140978705817, -3.2771316703183055, 2.9147970569116595], [4.576910525362789, -1.3214911379805074, 2.405129165935967], [2.60692913150434, -2.7100894945155956, 5.79747937125743], [4.745646992963553, -0.7542994036363866, 5.287457021782405], [4.207902416408959, 2.283335641764843, 1.433838422793942], [2.1861333670229346, 4.324429422242941, 2.069998583461333], [6.2754361001766386, 4.373157240515808, 1.3003877988350938], [4.253346947548776, 6.414132499210371, 1.9367267177229732], [-2.9311104397677203, -1.7996094152062974, 2.3259937749290023], [-5.211718359471932, -2.7960876750801535, 3.731021396855775]]",[-81777.65453489106],"[[0.5325996855292131, 0.40316040798621244, 0.2683687077750578], [0.8958607670625329, 0.5709698218227642, -0.12453412422739077], [-0.5280544868546482, 0.026893116261273615, -0.048909705885318656], [-0.4732856912906499, -0.28883979101010343, -0.009846682618802062], [0.25483554455778556, 0.15462031583402686, -0.04974129880810629], [-0.14353787807926283, -0.2035755354126011, -0.031224193346508583], [0.026988396254758188, 0.07341948533509686, 0.051137223474914915], [-0.08910558868254997, -0.07840974221226812, 0.0017659097010366543], [0.047032892102492424, 0.2902447968182847, -0.1158486244273445], [0.16131866032713918, -0.07229426712719061, -0.17431939920821443], [-0.16825334075314324, -0.17045693164352832, 0.1152477058651659], [-0.1758597479614286, -0.23444899924129384, -0.04688779952889639], [-0.10994012326086779, -0.4599796080297854, -0.29621443885164744], [-0.23689761639804732, -0.012541781287115594, 0.44605208879220276]]"
"['Bi', 'Bi', 'Bi', 'Bi', 'Bi', 'Bi', 'Bi', 'Bi', 'Bi', 'Bi', 'Bi', 'Bi', 'Bi', 'Bi']","[[0.00656439037218548, -1.929366212056789, 0.7792417006829004], [2.079253112889657, -0.021933709432058413, -0.07162630744858989], [-2.079425335262075, 0.022005928102703076, 0.07167364578452662], [-0.006392167999767606, 1.9292939933861462, -0.7792890390188378], [2.9135720590455323, 1.9295355757018953, 4.215467646016467], [0.5380273366349531, 0.8182635283892647, 2.8812355191094436], [1.9293568248665611, 4.654147538760047, 3.6981003289916714], [-0.4462871546322127, 3.5425139443699374, 2.363957082572999], [2.2507555232150587, -7.873211279971747, -1.0835221518853473], [4.1087263434633785, -5.591619238708937, -1.0591121511890291], [0.6483023613687271, -6.590604087060509, 1.0252503749501223], [2.5064858291879535, -4.30895436557489, 1.0493442712293812], [6.360584831070919, 3.973245206182013, 5.228211458748023], [5.495637199006889, 3.384804458366781, 2.5685409708316196]]",[-81777.61862047276],"[[0.06087707155625486, 0.374890033277373, -0.09678331833185379], [-0.25658384424934044, -0.14664474943030423, -0.05039930617635462], [0.28354398406477666, -0.2668684682532743, 0.20468794951970445], [0.14629723893542118, -0.0402692364108671, 0.36959618037152614], [-1.1067407077395828, -0.23200881530755912, -0.012627723028769635], [0.4488678082607304, 0.28674778605844226, -0.1876647175249528], [-0.7069879389180505, -0.1599904791237752, 0.015043579170978875], [0.3169562593988504, 0.17084429425938416, 0.18928343354573157], [-0.0264713625505705, -0.00030647227194586927, 0.011629383689622543], [-0.09527284581384637, 0.05541455419003273, 0.05760194712157079], [0.06855120165914821, 0.007525659097880669, -0.034541561029423844], [0.004458952514128904, -0.07581143534693156, 0.015827077011513757], [0.0031035242871005815, -0.05785684642952214, 0.21238516814171626], [0.8471496481526788, 0.08752477074326409, -0.6905040732418587]]"
"['Bi', 'Bi', 'Bi', 'Bi', 'Bi', 'Bi', 'Bi', 'Bi', 'Bi', 'Bi', 'Bi', 'Bi', 'Bi', 'Bi']","[[0.017335673536298807, -2.055585574286993, 0.32246258811954154], [-0.6288047741606463, 0.3021159583043389, 1.9601620919505935], [0.6287954046715034, -0.30209566680118416, -1.9603534488620786], [-0.017326304047156016, 2.0555652827838404, -0.322271231208057], [-1.5604698953594598, -5.594834969805552, 6.111340113435807], [-3.2437630017016126, -5.555904412215138, 3.6981840079157577], [0.8065992820422665, -4.993368518744544, 4.4696700690000215], [-0.8770706074664637, -4.954373764238498, 2.0565627610353143], [6.820636230715158, -2.4948849486580893, 0.1417017720615965], [6.835706840446291, 0.3275497118460178, -0.690133021445742], [3.975772947127526, -2.6934869786813858, -0.5843623081135765], [3.9911841955486436, 0.12910274690759982, -1.4162886882047467], [4.1946910730438045, 0.630711015272797, -4.733838144721368], [1.5108185059327395, 1.5133213490844084, -5.165197700490818]]",[-81777.86858583271],"[[0.00149189680164583, 0.4177354342009432, -0.483059796769399], [0.009848220139340239, 0.17181714880994528, -0.10084957164546289], [-0.13269568433635046, -0.4602250456728864, 0.6656409777430583], [-0.05026921342687186, -0.07721284160870237, 0.2072055237012638], [0.027900675581440614, -0.002919290245837336, -0.08708943131596611], [0.18369925151083627, 0.04713863649161309, -0.05348617433377222], [-0.10026258847010186, -0.0039759504643683465, 0.01279112186696737], [-0.06914260713438493, -0.04697446632204168, 0.10249847243399783], [-0.11948951419942175, -0.2799973509865616, -0.0466673530223022], [-0.7629017501952123, 0.15294416133695568, -0.1050039624240364], [0.36431744556060325, 0.07567403551823558, 0.1241512353335022], [0.5832802705464987, -0.23859269422481916, 0.4472100114503525], [0.8159534078551519, -0.10149615302496262, -0.2945947458111287], [-0.7561963094534623, 0.3352053940568177, -0.40711728651103546]]"
"['Bi', 'Bi', 'Bi', 'Bi', 'Bi', 'Bi', 'Bi', 'Bi', 'Bi', 'Bi', 'Bi', 'Bi', 'Bi', 'Bi']","[[1.3342722225554817, 1.5739856584609975, 0.26833091995976477], [-1.126142389420041, 1.1756083493020109, -1.295628515737524], [1.1261697206959818, -1.1757232706614094, 1.2957807099637932], [-1.3342995538314235, -1.5738707371016003, -0.2684831141860341], [3.314344100709636, -3.7722172224072557, -5.363057165337046], [0.7638106107630525, -5.149045887353752, -4.855676239577566], [2.792696742582719, -1.970635229269131, -3.0954493348437153], [0.24212691490450822, -3.3478231112421266, -2.5882029850744184], [-3.818418203715045, 0.8899411443873506, -3.407954549627556], [-4.314137915845007, 2.5092240117463716, -5.814300040671047], [-6.654213995831706, 0.10574990418515995, -3.3516940718603796], [-7.149630923224791, 1.7251119457934287, -5.758264331321071], [-4.114957759527954, 5.656839264862006, -4.581021493420117], [-6.727673817529739, 5.3852677436541665, -3.454874196959983]]",[-81777.30353463249],"[[-0.27191554654163913, -0.14495733349517748, -0.2517937735746817], [0.1415211550696716, -0.11118433218868515, 0.22373062989490092], [0.023084929856457048, -0.017936478056755717, 0.1645027162376389], [0.14124640683437123, -0.028351076539361735, -0.07709914736422377], [0.12348053699305246, 0.08754199714394266, 0.03998099501873669], [-0.10168142682091758, 0.3416071873478006, 0.5118323596245876], [0.030769822603117652, -0.13449067528705805, -0.26437459965593235], [-0.12554749938611523, -0.04589514747307781, -0.2590216627668626], [0.035685625433893364, 0.25602144083375367, -0.4036357023786664], [-0.23160859716880883, -0.3462141439543507, 0.23887808683307615], [-0.10086340418809732, -0.08916729519244337, -0.012892253694473506], [0.0915527145986477, -0.16284029143901899, 0.07360090247418347], [1.1182592562530183, 0.5811524243970076, -0.2663323415264838], [-0.863121349796755, -0.1842063761779769, 0.28434925401888556]]"
"['Bi', 'Bi', 'Bi', 'Bi', 'Bi', 'Bi', 'Bi', 'Bi', 'Bi', 'Bi', 'Bi', 'Bi', 'Bi', 'Bi']","[[-1.9792816387816967, -0.5636332051003369, 0.3073703043894472], [-0.4018615660901834, 1.8643927543039576, 0.8315358455219756], [0.40192704061361273, -1.8645128806295959, -0.8316714912099665], [1.9792161642582693, 0.5637533314259755, -0.3072346587014566], [-1.6658439484148926, -5.305447415000321, -3.936100212000612], [0.9023252507357302, -4.002819796722795, -3.3311358226216425], [-1.5569672867389588, -6.7176374666865835, -1.3566188595548037], [1.0112811335742713, -5.414681507996412, -0.7518399009737582], [-6.217064473890532, -5.410468167671567, 2.4824569164958277], [-4.16038283443072, -3.7516902197691078, 3.777381629845375], [-4.158870841346173, -6.617341898653975, 0.7599141200540509], [-2.1022684021402185, -4.958427225592375, 2.0551902612776303], [-2.146928415327077, -0.41797173232887963, -3.060157767688718], [-4.732660495605584, 0.7759213500848237, -3.2985963152838815]]",[-81777.39527524404],"[[0.7530755027156033, -0.1267629633647406, 0.2260613361956664], [-0.04495315131967256, -0.09385426457348856, -0.05766869299643883], [-0.3352828871488255, 0.4045097236692149, 0.06581071271059893], [-0.33751805120343936, -0.3661901352916849, -0.004287084457448296], [0.16959556018750796, 0.03149844278752067, 0.010658184930410236], [-0.1598478342417383, 0.011576907445167359, 0.2039870664114985], [0.06403711334998773, 0.18141431087157506, 0.18785503068588238], [-0.24360387989326265, -0.01674268848973042, -0.09529351749466065], [0.2831099816118597, -0.23584120094867222, -0.27876882579667545], [0.15749141689518387, 0.02737038526204416, -0.12302555432677174], [-0.23434738918833603, 0.11440741746669245, 0.06858107789435494], [-0.03917089653022859, -0.07063307645876855, 0.28322490998653616], [0.446652081756733, -0.09966007582308435, -0.48800439082924907], [-0.4760352305273169, 0.2307265026098826, 0.009558364093534282]]"
"['Bi', 'Bi', 'Bi', 'Bi', 'Bi', 'Bi', 'Bi', 'Bi', 'Bi', 'Bi', 'Bi', 'Bi', 'Bi', 'Bi']","[[0.5957247915538839, 1.6285859431110976, -1.1500149991019755], [-0.03928181395488867, 1.2095616475182838, 1.6924309388967005], [0.03933285920808641, -1.2097164460436223, -1.692533646241517], [-0.595775836807082, -1.628431144585761, 1.1501177064467931], [-3.928216650672202, -2.118635637590609, 1.5595473555018549], [-4.209020095794096, -4.414098776153487, -0.25987894542070084], [-3.220601960808164, -0.39815086948930434, -0.7206001245035547], [-3.5016235388867156, -2.693908240519074, -2.5399067873525416], [1.580072011912899, -3.610447510055299, 2.9830783641205127], [3.8241780140843655, -5.153417784702383, 4.0973245857230385], [3.400867200427048, -2.372638562257377, 1.0305433945514326], [5.644887058270273, -3.9159305746375175, 2.1449833478907485], [2.271008330963569, -5.2030523492947935, -2.5191148257620637], [4.677007615938331, -4.667492164933803, -1.0725372254155934]]",[-81777.40924811564],"[[-0.17880541105537345, -0.18277853896113508, 0.34169702174178707], [0.000668226480507592, -0.17817842149276486, -0.3024150689203779], [0.189467061834756, 0.1449122363208637, 0.6161564705758734], [0.3318645007670056, 0.26664195393987394, -0.5519940415887106], [0.04562161794134782, 0.3320917349896881, -0.2487282455852689], [0.01413177292753897, -0.046275753226100336, -0.04718468497462104], [-0.5838166029616554, -0.19092318120196564, 0.18714206338615566], [0.09592487793505336, 0.08302034978732023, 0.15487881468838866], [0.29841499583862946, -0.14324204678641556, 0.02384848106766889], [-0.33660736596159585, 0.2985994983032107, -0.2933794875208697], [0.15450960407085979, -0.12405091083283383, 0.5223260658528769], [-0.1268633907095921, 0.3513262197664698, -0.011049337354415375], [0.30891219876914605, -0.12634269061027492, -0.009370205518241815], [-0.20901573559107842, -0.4840278690654433, -0.37554725902982933]]"
"['Bi', 'Bi', 'Bi', 'Bi', 'Bi', 'Bi', 'Bi', 'Bi', 'Bi', 'Bi', 'Bi', 'Bi', 'Bi', 'Bi']","[[1.157919978894651, -1.063210233551354, 1.363275475198899], [0.8310327231138223, -1.0964118236485345, -1.5608237085165058], [-0.8310829649727339, 1.0965731668244996, 1.5609162349191315], [-1.1578697370357405, 1.0630488903753903, -1.363368001601526], [-1.2442852555411101, 1.2177086300132416, -6.232032712798294], [-3.5866146620124058, 1.2093700161712633, -8.012969847814864], [-2.956325809799248, 2.0406804214302805, -3.9844799351616222], [-5.298632728072585, 2.0321283328201973, -5.765737055809643], [-5.665143009038514, 3.7310283389587955, -0.525828694009761], [-4.050474000711665, 1.4823169804171454, 0.4713948913995262], [-7.063399142420744, 3.873327014397989, 2.0596093326275478], [-5.448393601354222, 1.6245487604486477, 3.0566575934248768], [-0.4697873320184669, 2.936620368183643, -8.960122782869194], [1.625450624453136, 3.690791290404719, -10.751616056658664]]",[-81777.45274561613],"[[-0.220642219074736, 0.17273991824330956, 0.17138746581272088], [-0.26618805113751637, 0.2836463140270165, -0.07608556651713301], [0.05981237715013573, -0.12938579856775978, -0.32673756397042036], [-0.11901900206148451, -0.10714898355211433, 0.0683173854087438], [-0.452977616085906, 0.24257106718392174, 0.31158805014858204], [-0.09723927801787446, 0.08372308409082295, 0.21383671094277545], [0.5010118660043211, -0.34616930389049483, -0.22077385962917523], [0.13114119450795242, -0.01125938117188337, -0.12679988442649348], [0.18817698440125122, -0.2626483086195728, 0.2229042254611535], [0.05641594800141954, 0.1310825733235537, 0.12546532688377385], [-0.040442564854948515, 0.03231135406443807, 0.024351934197470868], [0.12285077063749869, -0.0003807138936811126, -0.3192823377113739], [-0.3373236242751836, -0.40723524878911505, 0.48871093036752866], [0.47793049455660125, 0.32827899258755766, -0.5416684855998807]]"
"['Bi', 'Bi', 'Bi', 'Bi', 'Bi', 'Bi', 'Bi', 'Bi', 'Bi', 'Bi', 'Bi', 'Bi', 'Bi', 'Bi']","[[1.2347528317557865, 1.4616215360413336, 0.8177790834826583], [0.4042567866968184, 0.7258532264032124, -1.9075163084805091], [-0.4043707811945889, -0.725908912125568, 1.907661295910323], [-1.234638837258017, -1.4615658503189792, -0.8179240709124727], [0.9387052579724142, -3.1397202728854587, -2.913187945668343], [0.27866955188754217, -4.144851919846161, -5.5987748272927504], [2.374669473295083, -0.8700051575373964, -4.115793028240457], [1.7143302402161618, -1.8753721892449569, -6.801410461212299], [-1.9125053002729324, 1.426685177550852, 4.066750149473245], [0.6122947466645632, 2.2921878198842416, 5.305541317862955], [-1.7831079876668976, 3.7065559066695064, 2.210596946972623], [0.7418956975723305, 4.571792248857528, 3.4495780723960148], [4.337450675643637, 0.16227883282904476, 1.5829966197120633], [3.5654428371471996, 1.2347219987518854, 4.117185558477571]]",[-81777.59056616259],"[[-0.6495957425080257, -0.36876170266940106, -0.4974059432545168], [0.1263222760399185, -0.1163047898017315, 0.2593355946359453], [-0.052871834605691795, -0.08302677754876746, -0.5584207745941088], [0.29614095668278273, 0.31164502582605025, 0.3050505539579252], [0.0464370540429617, -0.07409188060456867, -0.2462683155683683], [0.08889727778956816, 0.21473104395949721, 0.36980551970633957], [-0.23056992234102808, -0.1572683478619192, -0.2623639958752389], [0.07256186769176168, 0.12072981504827919, 0.21640668423565265], [0.34656828789904726, 0.33261058389370846, 0.4268932459121319], [-0.5973858644872153, 0.24723520515630637, -0.019944299902294814], [0.17036298348221562, -0.0768571035791669, 0.1367598293442049], [-0.1872092206377563, 0.010280844480202904, 0.0053909326725366255], [0.5118274231037961, 0.10200065516543277, 0.2815179536566098], [0.05513512654439875, -0.4693886166583318, -0.41249999679112886]]"
"['Bi', 'Bi', 'Bi', 'Bi', 'Bi', 'Bi', 'Bi', 'Bi', 'Bi', 'Bi', 'Bi', 'Bi', 'Bi', 'Bi']","[[-1.5296258190385545, 1.2869368613359033, 0.577713655885012], [-1.0113213678193587, -0.4063214714971081, -1.7722970619458547], [1.011412187255262, 0.4062755042859222, 1.7724606340876092], [1.5295349996026526, -1.2868908941247188, -0.577877228026767], [4.582328490607366, 2.8893678451917424, -3.595277552164325], [2.983332773723022, 3.2429782824293767, -6.039962811220006], [3.257292355497478, 0.30848422949098775, -3.1021468189753927], [1.6584353098047178, 0.662333837098507, -5.547100472954263], [-4.345784835271783, 4.611456367413358, -3.09470776977703], [-1.8808842251357714, 6.068252803586021, -3.773178686978162], [-3.278644020796931, 4.057104342661754, -0.4088627943752954], [-0.8137635346104675, 5.514157643659229, -1.0876202137377262], [0.00011229786115918294, -4.017220583651212, -6.2819744798329165], [2.4138907508091467, -2.528411092685467, -5.927906825435711]]",[-81777.14560329997],"[[0.18681707576738374, 0.07210405681044418, 0.18118203728391793], [0.11880153803620186, -0.14877264700188672, 0.04179915162170009], [-0.3202791035345187, 0.05991779243787029, -0.21103127589256335], [-0.10180977636149585, -0.0027306842983481423, 0.07480217395553333], [0.004340182394990656, -0.3861939459805627, 0.2206087947152104], [-0.4966952385268195, -0.14302509698204863, -0.08886889279501718], [0.04792189779052671, 0.45841915323876437, -0.20735187097389432], [0.6597634326757115, 0.6484017215415881, -0.004066801987326239], [0.09310298781553634, -0.06905215567529951, 0.11881017694758693], [-0.07472025856364985, 0.003553874851371959, -0.09154027045248586], [-0.03579853292037082, -0.030188310738300514, -0.05142625676725563], [0.0603219700776721, 0.06215994989693875, 0.08949932763776149], [-0.49008652273932735, -0.41372080866727823, -0.1431249586838928], [0.33117055964116265, -0.11404478887688553, 0.06620316611352099]]"
"['Bi', 'Bi', 'Bi', 'Bi', 'Bi', 'Bi', 'Bi', 'Bi', 'Bi', 'Bi', 'Bi', 'Bi', 'Bi', 'Bi']","[[1.8529288086431517, 0.9218840994401369, -0.2156368169636601], [-0.19046473614924964, -0.10106275866038472, -2.0693995327352934], [0.1904075428203531, 0.10110712106767678, 2.069578076567305], [-1.852871615314257, -0.9219284618474297, 0.21545827313164934], [-0.9505711362209658, 4.571461924606358, 2.25843166130363], [-2.4833990155904253, 6.716745759206141, 0.9520972397198688], [0.18587696935412157, 3.7991127037653176, -0.3438406729373566], [-1.3470667595184267, 5.944690205718457, -1.6499541728648535], [-3.2909793818045396, 9.58614553392813, 2.445322743200337], [-5.875584887228533, 10.969879696629787, 2.6971318138993987], [-2.225815781062447, 11.168294318854652, 4.686324894730913], [-4.810731431853664, 12.551850310572778, 4.937990672192808], [4.358355812622167, 3.038196767795123, -1.2788346904282453], [6.785480607549148, 2.72802294130109, 0.19802056700381465]]",[-81777.39170368914],"[[-0.4611554769978959, 0.23086462234786065, 0.1611273701464696], [0.07535701832365821, -0.09655351300459243, 0.20323692093956103], [0.14191206580984636, -0.14625671832725787, -0.2125094039149683], [-0.13628170673671416, 0.06006660797089656, -0.07306235890908877], [-0.15054393236837693, 0.28001092641873815, -0.3862223823972053], [0.13325114576957428, 0.1687116658553765, 0.18110428708145226], [-0.3164291829601776, 0.07615066688507055, -0.038591426122447085], [0.23208378871707963, -0.48014575826177447, 0.470879137404807], [-0.08123044962367884, -0.050390502714276496, -0.01800725542360345], [0.24908722320657378, -0.14253823261898968, 0.0020292412035649303], [-0.12119040272254188, -0.13022073906870912, -0.17555928868033926], [-0.025311660688052157, 0.07627392563858264, 0.05468631452910738], [-0.5241340665927537, 0.3290858566265055, -0.7247907812432136], [0.9983804768203524, -0.16518704143235677, 0.5521513931889387]]"
